{"type":"FeatureCollection","name":"zctas_23","features":[{"type":"Feature","id":"04758","properties":{"zip":"04758","pop":null,"city":"Mars Hill","county":"Aroostook","state":"Maine","area":24.1,"lat":46.55427,"lon":-67.84731},"geometry":{"type":"Polygon","coordinates":[[[-67.90895,46.59713],[-67.78836,46.59991],[-67.78625,46.511],[-67.90595,46.50881],[-67.90895,46.59713]]]}},{"type":"Feature","id":"04260","properties":{"zip":"04260","pop":null,"city":"","county":"Cumberland","state":"Maine","area":34.29,"lat":43.96396,"lon":-70.29617},"geometry":{"type":"Polygon","coordinates":[[[-70.40195,43.99011],[-70.3983,43.99209],[-70.39931,43.99475],[-70.39675,43.99713],[-70.39532,44.00309],[-70.36387,43.98645],[-70.31537,44.03781],[-70.20028,43.95199],[-70.25317,43.89339],[-70.38719,43.96145],[-70.37775,43.97161],[-70.40512,43.98688],[-70.40195,43.99011]]]}},{"type":"Feature","id":"04294","properties":{"zip":"04294","pop":null,"city":"Wilton","county":"Franklin","state":"Maine","area":39.18,"lat":44.62344,"lon":-70.27075},"geometry":{"type":"Polygon","coordinates":[[[-70.39803,44.67388],[-70.34519,44.69581],[-70.31694,44.63764],[-70.25148,44.658],[-70.24358,44.65409],[-70.24149,44.66142],[-70.20739,44.67218],[-70.19717,44.65461],[-70.15742,44.61259],[-70.13446,44.59522],[-70.15248,44.58931],[-70.27781,44.57307],[-70.28075,44.56962],[-70.32864,44.57732],[-70.34438,44.58616],[-70.33224,44.60892],[-70.34546,44.63584],[-70.37293,44.62434],[-70.39803,44.67388]],[[-70.19521,44.61603],[-70.19272,44.61586],[-70.1927,44.61664],[-70.1936,44.61663],[-70.19521,44.61603]]]}},{"type":"Feature","id":"04740","properties":{"zip":"04740","pop":null,"city":"","county":"Aroostook","state":"Maine","area":26.76,"lat":46.64322,"lon":-67.85486},"geometry":{"type":"Polygon","coordinates":[[[-67.9216,46.68652],[-67.7889,46.68945],[-67.78836,46.59991],[-67.92053,46.59689],[-67.9216,46.68652]]]}},{"type":"Feature","id":"04088","properties":{"zip":"04088","pop":null,"city":"","county":"Oxford","state":"Maine","area":37.58,"lat":44.19354,"lon":-70.71893},"geometry":{"type":"Polygon","coordinates":[[[-70.81186,44.2076],[-70.80045,44.21452],[-70.80389,44.21855],[-70.78146,44.22951],[-70.78543,44.23358],[-70.74916,44.25297],[-70.745,44.24866],[-70.70895,44.26805],[-70.6189,44.17385],[-70.69592,44.13422],[-70.6995,44.1392],[-70.73488,44.12191],[-70.81541,44.20591],[-70.81186,44.2076]],[[-70.77839,44.2214],[-70.77372,44.21855],[-70.77044,44.22126],[-70.76217,44.22066],[-70.76489,44.22782],[-70.76888,44.23179],[-70.77976,44.22447],[-70.77839,44.2214]]]}},{"type":"Feature","id":"04781","properties":{"zip":"04781","pop":null,"city":"","county":"Aroostook","state":"Maine","area":31.72,"lat":47.14647,"lon":-68.61905},"geometry":{"type":"Polygon","coordinates":[[[-68.69791,47.19643],[-68.56474,47.19827],[-68.56452,47.14727],[-68.55493,47.14279],[-68.54521,47.14272],[-68.53363,47.13034],[-68.49406,47.11304],[-68.4894,47.11355],[-68.48735,47.11034],[-68.48851,47.10872],[-68.48399,47.10554],[-68.69751,47.10256],[-68.69791,47.19643]]]}},{"type":"Feature","id":"04267","properties":{"zip":"04267","pop":null,"city":"","county":"Oxford","state":"Maine","area":0.31,"lat":44.22467,"lon":-70.77087},"geometry":{"type":"Polygon","coordinates":[[[-70.77976,44.22447],[-70.76888,44.23179],[-70.76489,44.22782],[-70.76217,44.22066],[-70.77044,44.22126],[-70.77372,44.21855],[-70.77839,44.2214],[-70.77976,44.22447]]]}},{"type":"Feature","id":"04353","properties":{"zip":"04353","pop":null,"city":"","county":"Lincoln","state":"Maine","area":34.03,"lat":44.20511,"lon":-69.61255},"geometry":{"type":"Polygon","coordinates":[[[-69.66544,44.22758],[-69.65017,44.27963],[-69.55956,44.26309],[-69.55368,44.25818],[-69.55078,44.25846],[-69.55882,44.26296],[-69.54028,44.25975],[-69.59175,44.12258],[-69.62333,44.1376],[-69.63144,44.12172],[-69.65694,44.12546],[-69.66544,44.22758]]]}},{"type":"Feature","id":"04236","properties":{"zip":"04236","pop":null,"city":"Greene","county":"Androscoggin","state":"Maine","area":25.23,"lat":44.19056,"lon":-70.14464},"geometry":{"type":"Polygon","coordinates":[[[-70.21258,44.17974],[-70.20257,44.20012],[-70.18857,44.21892],[-70.19021,44.23134],[-70.18823,44.24333],[-70.17835,44.25876],[-70.0884,44.21256],[-70.08089,44.19548],[-70.08484,44.19007],[-70.09017,44.16676],[-70.10182,44.1456],[-70.10056,44.13124],[-70.11525,44.12624],[-70.19975,44.16751],[-70.21258,44.17974]]]}},{"type":"Feature","id":"04864","properties":{"zip":"04864","pop":null,"city":"","county":"Knox","state":"Maine","area":34.99,"lat":44.12946,"lon":-69.24485},"geometry":{"type":"Polygon","coordinates":[[[-69.31032,44.1744],[-69.18536,44.19096],[-69.17435,44.18298],[-69.17621,44.18155],[-69.1663,44.17437],[-69.16471,44.17552],[-69.16055,44.17259],[-69.1934,44.11355],[-69.19536,44.10688],[-69.19979,44.10356],[-69.20008,44.09935],[-69.20467,44.09762],[-69.21023,44.09087],[-69.20772,44.08464],[-69.21452,44.08411],[-69.21417,44.0809],[-69.21907,44.07858],[-69.21398,44.0748],[-69.21101,44.06889],[-69.20588,44.06586],[-69.28222,44.05477],[-69.28203,44.06452],[-69.30384,44.09649],[-69.30638,44.09408],[-69.3115,44.09549],[-69.30366,44.13268],[-69.32153,44.1729],[-69.31032,44.1744]]]}},{"type":"Feature","id":"04259","properties":{"zip":"04259","pop":null,"city":"","county":"Kennebec","state":"Maine","area":24.23,"lat":44.22768,"lon":-70.0087},"geometry":{"type":"Polygon","coordinates":[[[-70.07516,44.23028],[-70.07455,44.27133],[-70.07104,44.27175],[-70.0623,44.26586],[-70.06172,44.26452],[-70.06758,44.25787],[-70.05789,44.25404],[-70.02966,44.26828],[-70.02048,44.26881],[-70.01885,44.26385],[-70.01023,44.26355],[-70.01159,44.26213],[-70.00905,44.25955],[-70.00393,44.26026],[-69.99369,44.25673],[-69.99516,44.25973],[-69.98973,44.2714],[-69.98289,44.27512],[-69.93742,44.26768],[-69.96837,44.17618],[-70.0605,44.19177],[-70.05546,44.19909],[-70.06574,44.20072],[-70.07575,44.20617],[-70.07516,44.23028]]]}},{"type":"Feature","id":"04234","properties":{"zip":"04234","pop":null,"city":"","county":"Franklin","state":"Maine","area":0.0,"lat":44.61617,"lon":-70.19384},"geometry":{"type":"Polygon","coordinates":[[[-70.1936,44.61663],[-70.19272,44.61586],[-70.19521,44.61603],[-70.1936,44.61663]]]}},{"type":"Feature","id":"04341","properties":{"zip":"04341","pop":null,"city":"","county":"Lincoln","state":"Maine","area":0.02,"lat":44.2597,"lon":-69.55428},"geometry":{"type":"Polygon","coordinates":[[[-69.55882,44.26296],[-69.55656,44.26145],[-69.55078,44.25846],[-69.55368,44.25818],[-69.55882,44.26296]]]}},{"type":"Feature","id":"04474","properties":{"zip":"04474","pop":null,"city":"","county":"Penobscot","state":"Maine","area":19.42,"lat":44.71499,"lon":-68.77883},"geometry":{"type":"Polygon","coordinates":[[[-68.84086,44.7093],[-68.83233,44.72104],[-68.8318,44.73509],[-68.82802,44.74356],[-68.81572,44.75009],[-68.81108,44.7564],[-68.78755,44.76723],[-68.76382,44.75599],[-68.7676,44.75388],[-68.72027,44.73386],[-68.72478,44.72857],[-68.72189,44.72737],[-68.73236,44.72183],[-68.72078,44.69967],[-68.72689,44.69613],[-68.74395,44.66058],[-68.7719,44.66445],[-68.76634,44.67571],[-68.78512,44.67844],[-68.78598,44.68665],[-68.79289,44.68549],[-68.7978,44.68883],[-68.81579,44.68375],[-68.81925,44.68751],[-68.83561,44.69132],[-68.83783,44.69401],[-68.83624,44.69762],[-68.84086,44.7093]]]}},{"type":"Feature","id":"04910","properties":{"zip":"04910","pop":null,"city":"","county":"Kennebec","state":"Maine","area":28.12,"lat":44.51702,"lon":-69.44133},"geometry":{"type":"Polygon","coordinates":[[[-69.51399,44.49451],[-69.49354,44.56092],[-69.48179,44.55933],[-69.47966,44.56632],[-69.44318,44.56134],[-69.44696,44.57635],[-69.44474,44.58422],[-69.40954,44.57885],[-69.41684,44.55108],[-69.37242,44.54458],[-69.39599,44.45708],[-69.4697,44.46715],[-69.46969,44.48223],[-69.51533,44.49044],[-69.51399,44.49451]]]}},{"type":"Feature","id":"04851","properties":{"zip":"04851","pop":null,"city":"","county":"Knox","state":"Maine","area":1.54,"lat":43.85215,"lon":-68.89163},"geometry":{"type":"MultiPolygon","coordinates":[[[[-68.89911,43.82193],[-68.89476,43.82624],[-68.89368,43.83305],[-68.89109,43.83552],[-68.88689,43.83583],[-68.88431,43.8383],[-68.87764,43.83842],[-68.87622,43.8366],[-68.87814,43.83397],[-68.88362,43.83225],[-68.88672,43.8222],[-68.89143,43.82024],[-68.89911,43.82193]]],[[[-68.90593,43.85384],[-68.90159,43.85788],[-68.9007,43.86584],[-68.90238,43.86917],[-68.89618,43.87304],[-68.89007,43.8755],[-68.88168,43.86858],[-68.87883,43.8583],[-68.88192,43.85984],[-68.88644,43.85453],[-68.89218,43.85422],[-68.89143,43.85093],[-68.8959,43.85103],[-68.89618,43.84853],[-68.9077,43.84935],[-68.90593,43.85384]]]]}},{"type":"Feature","id":"04489","properties":{"zip":"04489","pop":null,"city":"Old Town","county":"Penobscot","state":"Maine","area":0.18,"lat":44.91069,"lon":-68.6912},"geometry":{"type":"Polygon","coordinates":[[[-68.69822,44.91508],[-68.69248,44.91394],[-68.69127,44.91604],[-68.68871,44.91455],[-68.68465,44.90554],[-68.69416,44.90745],[-68.69822,44.91508]]]}},{"type":"Feature","id":"04969","properties":{"zip":"04969","pop":null,"city":"","county":"Penobscot","state":"Maine","area":22.03,"lat":44.77026,"lon":-69.22462},"geometry":{"type":"Polygon","coordinates":[[[-69.28127,44.80866],[-69.19059,44.82096],[-69.16676,44.74923],[-69.15237,44.75102],[-69.14807,44.73694],[-69.26678,44.72193],[-69.28634,44.80799],[-69.28127,44.80866]]]}},{"type":"Feature","id":"04097","properties":{"zip":"04097","pop":null,"city":"","county":"Cumberland","state":"Maine","area":15.47,"lat":43.8512,"lon":-70.23637},"geometry":{"type":"Polygon","coordinates":[[[-70.29414,43.85107],[-70.24862,43.89828],[-70.21116,43.89036],[-70.21596,43.88176],[-70.17391,43.84293],[-70.18191,43.83858],[-70.1866,43.84282],[-70.18798,43.84209],[-70.18323,43.83787],[-70.18599,43.83516],[-70.19103,43.83998],[-70.19451,43.83848],[-70.1891,43.83291],[-70.22045,43.81514],[-70.2183,43.81289],[-70.2218,43.80634],[-70.21897,43.80552],[-70.22291,43.80218],[-70.22792,43.80694],[-70.23196,43.80465],[-70.22992,43.80318],[-70.23236,43.80115],[-70.23712,43.80337],[-70.23689,43.80747],[-70.2423,43.81213],[-70.24587,43.80761],[-70.25258,43.81081],[-70.25003,43.81398],[-70.25629,43.81689],[-70.25351,43.81978],[-70.26752,43.82649],[-70.26532,43.82851],[-70.27229,43.83359],[-70.26903,43.83638],[-70.27129,43.83861],[-70.27626,43.83368],[-70.28525,43.83575],[-70.28828,43.83846],[-70.2839,43.84169],[-70.29638,43.84878],[-70.29414,43.85107]]]}},{"type":"Feature","id":"04766","properties":{"zip":"04766","pop":null,"city":"","county":"Aroostook","state":"Maine","area":25.08,"lat":46.88163,"lon":-68.23905},"geometry":{"type":"Polygon","coordinates":[[[-68.29999,46.87268],[-68.30016,46.92645],[-68.1787,46.92886],[-68.1773,46.83704],[-68.30019,46.83451],[-68.29999,46.87268]]]}},{"type":"Feature","id":"04468","properties":{"zip":"04468","pop":null,"city":"Old Town","county":"Penobscot","state":"Maine","area":94.96,"lat":45.02645,"lon":-68.72346},"geometry":{"type":"Polygon","coordinates":[[[-68.84231,45.09506],[-68.69506,45.12056],[-68.70452,45.14933],[-68.70407,45.15706],[-68.69816,45.1677],[-68.69885,45.16467],[-68.68985,45.16345],[-68.68536,45.15987],[-68.66147,45.15383],[-68.65989,45.15862],[-68.66242,45.16512],[-68.66116,45.17319],[-68.66287,45.18208],[-68.65555,45.17218],[-68.6524,45.17106],[-68.65258,45.16938],[-68.64609,45.17364],[-68.63477,45.17471],[-68.63665,45.17134],[-68.64156,45.16873],[-68.64215,45.16752],[-68.63792,45.15777],[-68.62631,45.14732],[-68.6253,45.14106],[-68.63556,45.13148],[-68.63014,45.13242],[-68.62641,45.13701],[-68.62404,45.14415],[-68.62589,45.14926],[-68.63575,45.15709],[-68.64173,45.1681],[-68.63609,45.16941],[-68.63018,45.17589],[-68.62527,45.18295],[-68.62349,45.19076],[-68.62847,45.20293],[-68.64051,45.21086],[-68.64809,45.22172],[-68.65132,45.22368],[-68.65323,45.22752],[-68.65314,45.23628],[-68.65028,45.23689],[-68.64978,45.22585],[-68.63849,45.2116],[-68.62698,45.20726],[-68.61632,45.20141],[-68.61434,45.19837],[-68.61696,45.18603],[-68.62537,45.17791],[-68.62573,45.17321],[-68.63284,45.16326],[-68.61599,45.14571],[-68.62076,45.1355],[-68.61707,45.13445],[-68.61514,45.13146],[-68.61343,45.12211],[-68.61863,45.11332],[-68.62462,45.11014],[-68.63265,45.11586],[-68.63915,45.11466],[-68.64445,45.10244],[-68.64272,45.09858],[-68.64773,45.09571],[-68.6559,45.09456],[-68.65496,45.09023],[-68.64868,45.083],[-68.66004,45.07652],[-68.65511,45.06625],[-68.66062,45.04286],[-68.64207,45.01719],[-68.64077,45.01329],[-68.64167,44.99451],[-68.63552,44.98166],[-68.63495,44.97454],[-68.64648,44.96212],[-68.64448,44.95272],[-68.64562,44.94844],[-68.64898,44.94651],[-68.64799,44.94344],[-68.63629,44.9347],[-68.64095,44.92835],[-68.63067,44.91802],[-68.63814,44.91137],[-68.63762,44.90402],[-68.65677,44.90126],[-68.66001,44.91236],[-68.67842,44.90975],[-68.6812,44.90478],[-68.68465,44.90554],[-68.68871,44.91455],[-68.69127,44.91604],[-68.69248,44.91394],[-68.69822,44.91508],[-68.6943,44.90768],[-68.7129,44.9129],[-68.78733,44.90122],[-68.78622,44.89829],[-68.79116,44.89822],[-68.80411,44.94744],[-68.80633,44.95067],[-68.81392,44.95424],[-68.81089,44.95866],[-68.82412,44.96607],[-68.82084,44.96949],[-68.8104,44.97119],[-68.84231,45.09506]]]}},{"type":"Feature","id":"04289","properties":{"zip":"04289","pop":null,"city":"","county":"Oxford","state":"Maine","area":17.91,"lat":44.32085,"lon":-70.53285},"geometry":{"type":"Polygon","coordinates":[[[-70.59477,44.32966],[-70.59096,44.32471],[-70.58727,44.32622],[-70.59097,44.33145],[-70.58535,44.33402],[-70.57498,44.33117],[-70.56961,44.3334],[-70.57298,44.33933],[-70.52188,44.36337],[-70.52522,44.37115],[-70.51301,44.37677],[-70.51005,44.37191],[-70.5062,44.37112],[-70.47638,44.32463],[-70.46077,44.32454],[-70.45397,44.32149],[-70.4597,44.31668],[-70.45684,44.31199],[-70.46861,44.3124],[-70.56621,44.27094],[-70.6029,44.32588],[-70.59477,44.32966]]]}},{"type":"Feature","id":"04952","properties":{"zip":"04952","pop":null,"city":"","county":"Waldo","state":"Maine","area":22.36,"lat":44.40927,"lon":-69.14279},"geometry":{"type":"Polygon","coordinates":[[[-69.22222,44.44125],[-69.20344,44.47136],[-69.20176,44.46479],[-69.16001,44.46984],[-69.11828,44.42983],[-69.06565,44.37295],[-69.08234,44.36086],[-69.07805,44.35874],[-69.10852,44.3373],[-69.20847,44.43148],[-69.22222,44.44125]]]}},{"type":"Feature","id":"04929","properties":{"zip":"04929","pop":null,"city":"","county":"Somerset","state":"Maine","area":14.48,"lat":44.76237,"lon":-69.31127},"geometry":{"type":"Polygon","coordinates":[[[-69.36615,44.79719],[-69.28634,44.80799],[-69.26678,44.72193],[-69.32741,44.71444],[-69.34355,44.74982],[-69.33931,44.75791],[-69.33996,44.75973],[-69.33639,44.76094],[-69.33528,44.76459],[-69.34964,44.77153],[-69.35419,44.77135],[-69.36615,44.79719]]]}},{"type":"Feature","id":"04417","properties":{"zip":"04417","pop":null,"city":"","county":"Penobscot","state":"Maine","area":67.53,"lat":45.19925,"lon":-68.36725},"geometry":{"type":"Polygon","coordinates":[[[-68.45351,45.29864],[-68.44587,45.29624],[-68.44431,45.3002],[-68.34107,45.31798],[-68.31229,45.22041],[-68.30371,45.22153],[-68.2705,45.10012],[-68.3969,45.0833],[-68.42223,45.17717],[-68.42911,45.17832],[-68.43449,45.19363],[-68.4417,45.19252],[-68.44398,45.20143],[-68.43485,45.20292],[-68.46529,45.29666],[-68.45351,45.29864]]]}},{"type":"Feature","id":"04271","properties":{"zip":"04271","pop":null,"city":"","county":"Oxford","state":"Maine","area":0.03,"lat":44.261,"lon":-70.49851},"geometry":{"type":"Polygon","coordinates":[[[-70.50218,44.26125],[-70.49593,44.26237],[-70.4942,44.26171],[-70.50032,44.25922],[-70.50218,44.26125]]]}},{"type":"Feature","id":"04414","properties":{"zip":"04414","pop":null,"city":"","county":"Piscataquis","state":"Maine","area":170.92,"lat":45.40657,"lon":-69.08573},"geometry":{"type":"Polygon","coordinates":[[[-69.36033,45.36681],[-69.35789,45.36561],[-69.35801,45.36713],[-69.21368,45.38772],[-69.22038,45.41365],[-69.21666,45.4091],[-69.19983,45.41525],[-69.19311,45.41107],[-69.18683,45.41185],[-69.18574,45.41532],[-69.18752,45.41855],[-69.18543,45.42268],[-69.17965,45.42447],[-69.17029,45.42311],[-69.15823,45.42526],[-69.15409,45.42361],[-69.15165,45.42002],[-69.13998,45.41617],[-69.13884,45.414],[-69.12939,45.412],[-69.1295,45.41393],[-69.13792,45.4191],[-69.14024,45.42517],[-69.15451,45.43451],[-69.15524,45.43744],[-69.15326,45.44068],[-69.16783,45.43956],[-69.18158,45.44778],[-69.18273,45.45108],[-69.17837,45.44818],[-69.17635,45.44977],[-69.18444,45.45309],[-69.1875,45.45889],[-69.18489,45.46049],[-69.18662,45.46281],[-69.18924,45.46279],[-69.18811,45.46531],[-69.19506,45.46562],[-69.1987,45.47607],[-69.19318,45.4802],[-69.0694,45.49761],[-69.06751,45.5122],[-69.07435,45.58255],[-68.95172,45.58178],[-68.96465,45.51237],[-68.92108,45.51835],[-68.9248,45.51561],[-68.92182,45.50978],[-68.92146,45.50359],[-68.9178,45.49818],[-68.93824,45.48221],[-68.94006,45.47981],[-68.93586,45.4773],[-68.93704,45.47428],[-68.94049,45.47398],[-68.93469,45.46904],[-68.93257,45.46459],[-68.93161,45.4656],[-68.92949,45.46313],[-68.93051,45.46665],[-68.92597,45.46553],[-68.92107,45.45864],[-68.9228,45.45616],[-68.92165,45.4537],[-68.91859,45.45083],[-68.92154,45.45012],[-68.92061,45.44832],[-68.92105,45.4499],[-68.91796,45.45088],[-68.91685,45.44788],[-68.91671,45.44975],[-68.91288,45.45012],[-68.91324,45.4483],[-68.91022,45.44902],[-68.90778,45.44494],[-68.90514,45.44507],[-68.90005,45.44043],[-68.90097,45.44228],[-68.89803,45.4435],[-68.89289,45.4348],[-68.94301,45.42664],[-68.9392,45.42632],[-68.93269,45.42045],[-68.93259,45.41632],[-68.92694,45.40707],[-68.92695,45.40176],[-68.92468,45.39825],[-68.92777,45.38759],[-68.93294,45.38967],[-68.93487,45.38766],[-68.93443,45.38381],[-68.93837,45.37974],[-68.94482,45.37928],[-68.94388,45.37617],[-68.9464,45.37143],[-68.94489,45.36739],[-68.94788,45.36532],[-68.95251,45.36689],[-68.94445,45.34675],[-68.94589,45.34165],[-68.93809,45.31226],[-69.05212,45.29544],[-69.18443,45.27705],[-69.18835,45.2922],[-69.20054,45.29279],[-69.20375,45.30173],[-69.20885,45.30593],[-69.21419,45.30718],[-69.21778,45.30226],[-69.22871,45.29772],[-69.23621,45.29845],[-69.23915,45.30111],[-69.25449,45.30122],[-69.25388,45.29828],[-69.2631,45.29755],[-69.25581,45.29131],[-69.26781,45.28483],[-69.27691,45.29259],[-69.30622,45.29872],[-69.30853,45.3023],[-69.30604,45.30351],[-69.31276,45.30741],[-69.32751,45.3577],[-69.3347,45.35315],[-69.33445,45.35457],[-69.34051,45.3532],[-69.35125,45.35793],[-69.35207,45.36302],[-69.35447,45.36451],[-69.36388,45.36635],[-69.36033,45.36681]],[[-69.06246,45.35665],[-69.06049,45.34977],[-69.05178,45.35068],[-69.05365,45.35068],[-69.05297,45.35219],[-69.05951,45.35787],[-69.06246,45.35665]]]}},{"type":"Feature","id":"04415","properties":{"zip":"04415","pop":null,"city":"Brownville Junction","county":"Piscataquis","state":"Maine","area":0.11,"lat":45.35343,"lon":-69.05821},"geometry":{"type":"Polygon","coordinates":[[[-69.06247,45.35759],[-69.05951,45.35787],[-69.05297,45.35219],[-69.05365,45.35068],[-69.05178,45.35068],[-69.06049,45.34977],[-69.06247,45.35759]]]}},{"type":"Feature","id":"04430","properties":{"zip":"04430","pop":null,"city":"East Millinocket","county":"Penobscot","state":"Maine","area":5.56,"lat":45.64667,"lon":-68.58641},"geometry":{"type":"Polygon","coordinates":[[[-68.61466,45.67034],[-68.56574,45.66936],[-68.56308,45.66681],[-68.56163,45.66389],[-68.56248,45.61462],[-68.57381,45.62015],[-68.5872,45.62107],[-68.61161,45.63544],[-68.6145,45.64023],[-68.61466,45.67034]]]}},{"type":"Feature","id":"04050","properties":{"zip":"04050","pop":null,"city":"","county":"Cumberland","state":"Maine","area":1.27,"lat":43.69142,"lon":-70.15742},"geometry":{"type":"MultiPolygon","coordinates":[[[[-70.15318,43.71264],[-70.14926,43.71442],[-70.14502,43.71237],[-70.1467,43.70889],[-70.14875,43.7088],[-70.15318,43.71264]]],[[[-70.17357,43.68373],[-70.17134,43.68755],[-70.14611,43.70164],[-70.14055,43.70764],[-70.13366,43.70231],[-70.13913,43.69922],[-70.1455,43.69031],[-70.15386,43.68616],[-70.15172,43.68169],[-70.16337,43.6786],[-70.16823,43.67514],[-70.17028,43.67544],[-70.16908,43.67877],[-70.17335,43.68031],[-70.17357,43.68373]]],[[[-70.19118,43.69047],[-70.18215,43.69492],[-70.18238,43.69183],[-70.18702,43.68545],[-70.19118,43.69047]]]]}},{"type":"Feature","id":"04449","properties":{"zip":"04449","pop":null,"city":"","county":"Penobscot","state":"Maine","area":28.03,"lat":44.99764,"lon":-68.88366},"geometry":{"type":"Polygon","coordinates":[[[-68.95823,45.03384],[-68.83024,45.05044],[-68.8104,44.97119],[-68.82084,44.96949],[-68.82412,44.96607],[-68.81298,44.96053],[-68.93537,44.9439],[-68.95823,45.03384]]]}},{"type":"Feature","id":"04461","properties":{"zip":"04461","pop":null,"city":"Milford","county":"Penobscot","state":"Maine","area":32.33,"lat":44.98055,"lon":-68.57255},"geometry":{"type":"Polygon","coordinates":[[[-68.64898,44.94651],[-68.64562,44.94844],[-68.64448,44.95272],[-68.64648,44.96212],[-68.63495,44.97454],[-68.63552,44.98166],[-68.64167,44.99451],[-68.64077,45.01329],[-68.64514,45.02108],[-68.51669,45.03935],[-68.49184,44.94403],[-68.6363,44.92395],[-68.64095,44.92835],[-68.63629,44.9347],[-68.64799,44.94344],[-68.64898,44.94651]]]}},{"type":"Feature","id":"04478","properties":{"zip":"04478","pop":null,"city":"","county":"Somerset","state":"Maine","area":256.12,"lat":45.72991,"lon":-69.76839},"geometry":{"type":"Polygon","coordinates":[[[-70.05543,45.89084],[-70.03547,45.90344],[-70.03422,45.90813],[-70.02142,45.90905],[-70.01422,45.91534],[-70.01835,45.92015],[-70.02464,45.92116],[-70.03443,45.92753],[-69.99257,45.93345],[-69.99139,45.92812],[-69.99521,45.92252],[-69.99325,45.91936],[-69.99701,45.9163],[-69.98403,45.91018],[-69.9769,45.91331],[-69.97162,45.90865],[-69.97621,45.91174],[-69.97608,45.91027],[-69.9689,45.90445],[-69.96989,45.90685],[-69.9616,45.90228],[-69.9648,45.89899],[-69.96589,45.90104],[-69.97401,45.90465],[-69.97257,45.90161],[-69.96818,45.90127],[-69.96841,45.89919],[-69.96566,45.89876],[-69.97004,45.89816],[-69.96281,45.89579],[-69.96303,45.89325],[-69.95753,45.8938],[-69.94907,45.88785],[-69.94297,45.89071],[-69.93891,45.88852],[-69.94166,45.88795],[-69.9394,45.88731],[-69.94038,45.88553],[-69.93157,45.88475],[-69.92994,45.88578],[-69.93367,45.88829],[-69.9302,45.88939],[-69.92994,45.89161],[-69.92712,45.89154],[-69.92575,45.89433],[-69.91966,45.88971],[-69.9158,45.88893],[-69.91079,45.89117],[-69.90326,45.88922],[-69.90344,45.88763],[-69.89939,45.8908],[-69.90027,45.89507],[-69.89419,45.89171],[-69.87807,45.90471],[-69.87616,45.91081],[-69.86696,45.91477],[-69.86866,45.91637],[-69.86621,45.91596],[-69.86929,45.91873],[-69.86834,45.92247],[-69.85082,45.92751],[-69.82868,45.92297],[-69.8124,45.92231],[-69.79219,45.91638],[-69.79314,45.91284],[-69.7881,45.91526],[-69.77742,45.91565],[-69.76157,45.90725],[-69.76161,45.90342],[-69.75795,45.9011],[-69.75857,45.89578],[-69.75311,45.89408],[-69.74875,45.89561],[-69.74774,45.89934],[-69.74123,45.90526],[-69.72529,45.91526],[-69.71923,45.9157],[-69.7143,45.91366],[-69.70774,45.9205],[-69.70318,45.92039],[-69.6983,45.91755],[-69.69539,45.91906],[-69.68412,45.91726],[-69.66424,45.9204],[-69.64657,45.86399],[-69.6427,45.8655],[-69.6422,45.86943],[-69.63978,45.87016],[-69.63994,45.87343],[-69.6369,45.8745],[-69.61749,45.85687],[-69.61847,45.85157],[-69.62581,45.84157],[-69.62372,45.83952],[-69.62685,45.8408],[-69.6423,45.83246],[-69.63754,45.81264],[-69.63837,45.80219],[-69.63621,45.7994],[-69.63442,45.78758],[-69.64455,45.79239],[-69.65197,45.78949],[-69.65067,45.78039],[-69.64525,45.77627],[-69.64581,45.77339],[-69.63914,45.77291],[-69.6134,45.68928],[-69.61818,45.68836],[-69.6317,45.67938],[-69.63825,45.67844],[-69.6301,45.67488],[-69.63032,45.67253],[-69.62491,45.67182],[-69.6245,45.61993],[-69.609,45.61056],[-69.60151,45.60334],[-69.58841,45.60446],[-69.5818,45.60243],[-69.57053,45.59427],[-69.57154,45.58508],[-69.56965,45.58259],[-69.57147,45.57591],[-69.568,45.57338],[-69.56636,45.5682],[-69.56424,45.56823],[-69.56726,45.56636],[-69.5683,45.56777],[-69.56982,45.56456],[-69.5733,45.56283],[-69.57455,45.56503],[-69.5765,45.56115],[-69.57355,45.5595],[-69.57076,45.56146],[-69.5668,45.56096],[-69.55674,45.54642],[-69.54886,45.54147],[-69.54838,45.53887],[-69.55118,45.53594],[-69.54758,45.53251],[-69.55411,45.53438],[-69.55224,45.53278],[-69.56063,45.53312],[-69.57521,45.54051],[-69.5783,45.54544],[-69.57558,45.54529],[-69.57588,45.54733],[-69.58067,45.55067],[-69.59152,45.54578],[-69.59717,45.5473],[-69.59518,45.5451],[-69.60591,45.54346],[-69.60526,45.54192],[-69.61137,45.54298],[-69.613,45.54007],[-69.61016,45.54144],[-69.61144,45.53925],[-69.60983,45.53821],[-69.61355,45.53883],[-69.61114,45.53694],[-69.61193,45.53484],[-69.61659,45.53382],[-69.61276,45.5262],[-69.6056,45.52017],[-69.60013,45.51986],[-69.60172,45.52311],[-69.59279,45.5221],[-69.59314,45.51962],[-69.58909,45.51652],[-69.58387,45.51458],[-69.57864,45.51677],[-69.57792,45.51503],[-69.57018,45.51274],[-69.57428,45.51221],[-69.57741,45.50559],[-69.58163,45.50277],[-69.58679,45.50268],[-69.58749,45.49928],[-69.58972,45.49815],[-69.58936,45.49312],[-69.59688,45.48907],[-69.59483,45.48755],[-69.59874,45.48368],[-69.59664,45.48218],[-69.59783,45.47961],[-69.59355,45.47804],[-69.59519,45.47428],[-69.60574,45.47246],[-69.60629,45.47494],[-69.60957,45.47256],[-69.60712,45.47221],[-69.62029,45.4699],[-69.62085,45.47587],[-69.62613,45.47689],[-69.62737,45.47934],[-69.62667,45.48885],[-69.62233,45.49607],[-69.61775,45.49212],[-69.61352,45.49242],[-69.61232,45.4951],[-69.61063,45.49274],[-69.60933,45.49395],[-69.61021,45.49702],[-69.61915,45.49857],[-69.61915,45.50253],[-69.62718,45.50313],[-69.62927,45.49681],[-69.64253,45.50275],[-69.65173,45.50065],[-69.65019,45.50849],[-69.65881,45.5038],[-69.65731,45.50655],[-69.6597,45.50834],[-69.65676,45.50924],[-69.65962,45.51201],[-69.65468,45.51137],[-69.65344,45.51224],[-69.6549,45.51434],[-69.65315,45.5145],[-69.65965,45.51729],[-69.66358,45.5234],[-69.67806,45.5322],[-69.68397,45.5534],[-69.69702,45.55922],[-69.69429,45.56496],[-69.68951,45.56643],[-69.68762,45.57049],[-69.68508,45.57159],[-69.68687,45.57754],[-69.68238,45.57628],[-69.6803,45.58074],[-69.68469,45.58215],[-69.68397,45.587],[-69.69159,45.59013],[-69.69902,45.58933],[-69.70409,45.58419],[-69.70478,45.58561],[-69.71096,45.58307],[-69.71276,45.58585],[-69.72325,45.58192],[-69.7281,45.57032],[-69.73135,45.56702],[-69.75907,45.55461],[-69.77437,45.55385],[-69.77533,45.54939],[-69.77326,45.54558],[-69.77993,45.54277],[-69.78733,45.54017],[-69.84599,45.5316],[-69.86916,45.59514],[-69.90123,45.59063],[-69.88822,45.59811],[-69.9384,45.59983],[-69.93791,45.60641],[-69.93224,45.60867],[-69.92461,45.61899],[-69.94437,45.61954],[-69.93039,45.62843],[-69.9209,45.62817],[-69.91723,45.62587],[-69.91195,45.63278],[-69.91032,45.62947],[-69.9082,45.62919],[-69.90862,45.63379],[-69.89924,45.63328],[-69.89171,45.63762],[-69.88757,45.63774],[-69.8745,45.632],[-69.87065,45.62587],[-69.86987,45.62838],[-69.87333,45.63528],[-69.86913,45.63952],[-69.87593,45.64034],[-69.8685,45.64198],[-69.8773,45.67179],[-69.88098,45.67121],[-69.90865,45.76139],[-69.88349,45.76513],[-69.91089,45.85489],[-70.00043,45.84165],[-70.00509,45.84989],[-70.00525,45.8547],[-70.00174,45.8672],[-69.99771,45.86791],[-69.9967,45.87081],[-69.99951,45.87243],[-70.00426,45.87049],[-70.0075,45.86697],[-70.00744,45.86427],[-70.01954,45.86666],[-70.02618,45.86362],[-70.04052,45.86099],[-70.04292,45.86748],[-70.05423,45.88376],[-70.05543,45.89084]]]}},{"type":"Feature","id":"04286","properties":{"zip":"04286","pop":null,"city":"","county":"Oxford","state":"Maine","area":0.01,"lat":44.4032,"lon":-70.86022},"geometry":{"type":"Polygon","coordinates":[[[-70.86193,44.40276],[-70.85837,44.40449],[-70.85814,44.40433],[-70.86115,44.40202],[-70.86193,44.40276]]]}},{"type":"Feature","id":"04354","properties":{"zip":"04354","pop":null,"city":"","county":"Waldo","state":"Maine","area":31.13,"lat":44.39603,"lon":-69.42709},"geometry":{"type":"Polygon","coordinates":[[[-69.47704,44.40135],[-69.4455,44.46384],[-69.33964,44.44938],[-69.3822,44.40146],[-69.38587,44.36549],[-69.39412,44.3434],[-69.39677,44.34057],[-69.40227,44.34306],[-69.40908,44.3364],[-69.40457,44.33294],[-69.40963,44.328],[-69.50638,44.34287],[-69.47704,44.40135]]]}},{"type":"Feature","id":"04257","properties":{"zip":"04257","pop":null,"city":"Mexico","county":"Oxford","state":"Maine","area":16.69,"lat":44.57324,"lon":-70.51339},"geometry":{"type":"Polygon","coordinates":[[[-70.59233,44.61601],[-70.47164,44.59861],[-70.47337,44.59385],[-70.46443,44.58656],[-70.46872,44.58497],[-70.46261,44.58196],[-70.46232,44.57628],[-70.45763,44.57147],[-70.45862,44.56375],[-70.46331,44.55686],[-70.45747,44.55205],[-70.45693,44.54509],[-70.46165,44.54165],[-70.46016,44.52947],[-70.47124,44.53184],[-70.47998,44.53001],[-70.50373,44.52975],[-70.5268,44.54235],[-70.54091,44.55494],[-70.54688,44.55584],[-70.59233,44.61601]]]}},{"type":"Feature","id":"04742","properties":{"zip":"04742","pop":null,"city":"Fort Fairfield","county":"Aroostook","state":"Maine","area":53.82,"lat":46.77782,"lon":-67.85515},"geometry":{"type":"Polygon","coordinates":[[[-67.92608,46.77876],[-67.91922,46.77893],[-67.91913,46.86598],[-67.78929,46.87218],[-67.7889,46.68945],[-67.9216,46.68652],[-67.92608,46.77876]]]}},{"type":"Feature","id":"04605","properties":{"zip":"04605","pop":null,"city":"Ellsworth","county":"Hancock","state":"Maine","area":212.95,"lat":44.66039,"lon":-68.41618},"geometry":{"type":"MultiPolygon","coordinates":[[[[-68.3942,44.40971],[-68.38921,44.41328],[-68.38422,44.40632],[-68.39064,44.40326],[-68.3942,44.40971]]],[[[-68.62447,44.63871],[-68.56774,44.6463],[-68.5684,44.64952],[-68.55512,44.65136],[-68.55427,44.64847],[-68.50292,44.65504],[-68.52854,44.75217],[-68.44522,44.76301],[-68.47795,44.88909],[-68.35157,44.90507],[-68.3502,44.89974],[-68.34762,44.89909],[-68.32908,44.82837],[-68.32024,44.82662],[-68.31564,44.81827],[-68.2974,44.8207],[-68.29131,44.81533],[-68.288,44.80717],[-68.29083,44.8039],[-68.2882,44.80159],[-68.28844,44.79386],[-68.28471,44.79127],[-68.28617,44.78717],[-68.29086,44.78295],[-68.28391,44.77801],[-68.26462,44.7577],[-68.26319,44.75241],[-68.25258,44.74877],[-68.24743,44.73927],[-68.24691,44.7338],[-68.24179,44.72871],[-68.26828,44.72846],[-68.28868,44.73205],[-68.30343,44.73058],[-68.29136,44.67802],[-68.30078,44.6846],[-68.30488,44.68306],[-68.30248,44.68041],[-68.3045,44.68039],[-68.30853,44.68425],[-68.31703,44.68704],[-68.32735,44.68238],[-68.33229,44.69017],[-68.33815,44.68917],[-68.34337,44.68397],[-68.34309,44.68082],[-68.33401,44.67435],[-68.33638,44.67181],[-68.33414,44.66837],[-68.32263,44.6575],[-68.32192,44.65528],[-68.33572,44.65012],[-68.33387,44.64435],[-68.32942,44.6417],[-68.33001,44.63348],[-68.32757,44.62949],[-68.32818,44.62566],[-68.32246,44.62018],[-68.32368,44.6128],[-68.32003,44.60752],[-68.3176,44.59679],[-68.31289,44.59066],[-68.396,44.57904],[-68.38426,44.53179],[-68.38235,44.52958],[-68.3656,44.53081],[-68.36486,44.52614],[-68.36008,44.51976],[-68.30322,44.52785],[-68.29941,44.51393],[-68.2742,44.50419],[-68.26641,44.49633],[-68.2628,44.48764],[-68.26443,44.48725],[-68.26277,44.47979],[-68.2649,44.47386],[-68.268,44.47147],[-68.27465,44.47267],[-68.28154,44.4708],[-68.28487,44.47369],[-68.29247,44.47454],[-68.29414,44.47165],[-68.28392,44.45893],[-68.28154,44.45927],[-68.2813,44.46215],[-68.27227,44.4591],[-68.27154,44.46157],[-68.27346,44.46436],[-68.27061,44.4647],[-68.26799,44.46131],[-68.2699,44.45757],[-68.27655,44.45588],[-68.28057,44.45157],[-68.29818,44.44977],[-68.30959,44.4574],[-68.32313,44.46232],[-68.32575,44.46114],[-68.32931,44.44977],[-68.34405,44.45248],[-68.35071,44.45757],[-68.35498,44.45808],[-68.35451,44.444],[-68.36188,44.43976],[-68.36734,44.4311],[-68.36378,44.42737],[-68.35664,44.42691],[-68.35431,44.42404],[-68.36068,44.42062],[-68.3706,44.42226],[-68.37566,44.42414],[-68.38303,44.43297],[-68.39278,44.43534],[-68.39093,44.42739],[-68.39256,44.41807],[-68.40378,44.40862],[-68.40918,44.40649],[-68.41322,44.39952],[-68.42178,44.39641],[-68.4308,44.39698],[-68.4339,44.40153],[-68.42946,44.40939],[-68.43046,44.41226],[-68.43389,44.41396],[-68.4314,44.4316],[-68.427,44.44145],[-68.43033,44.45672],[-68.42941,44.46438],[-68.42795,44.4703],[-68.42177,44.4708],[-68.42557,44.47861],[-68.42534,44.49827],[-68.42945,44.49788],[-68.43044,44.50162],[-68.4557,44.50358],[-68.47254,44.51335],[-68.5174,44.52786],[-68.51824,44.52997],[-68.53563,44.5366],[-68.54899,44.54457],[-68.56655,44.5445],[-68.57425,44.55143],[-68.58822,44.55265],[-68.59594,44.55694],[-68.57896,44.58159],[-68.63976,44.63668],[-68.62447,44.63871]]]]}},{"type":"Feature","id":"04346","properties":{"zip":"04346","pop":null,"city":"Randolph","county":"Kennebec","state":"Maine","area":1.6,"lat":44.23464,"lon":-69.75001},"geometry":{"type":"Polygon","coordinates":[[[-69.77002,44.23855],[-69.76758,44.24334],[-69.7686,44.24657],[-69.72361,44.23679],[-69.7254,44.23101],[-69.7357,44.22732],[-69.7438,44.22542],[-69.75386,44.22795],[-69.76256,44.2238],[-69.76924,44.23114],[-69.77002,44.23855]]]}},{"type":"Feature","id":"04760","properties":{"zip":"04760","pop":null,"city":"","county":"Aroostook","state":"Maine","area":53.06,"lat":46.32356,"lon":-67.90925},"geometry":{"type":"Polygon","coordinates":[[[-68.04044,46.36448],[-67.90844,46.36604],[-67.90891,46.37173],[-67.78353,46.37294],[-67.78211,46.27941],[-67.90698,46.27945],[-67.90706,46.27647],[-68.03175,46.27669],[-68.03032,46.28808],[-68.03183,46.29001],[-68.04007,46.28731],[-68.04044,46.36448]]]}},{"type":"Feature","id":"04226","properties":{"zip":"04226","pop":null,"city":"","county":"Oxford","state":"Maine","area":3.5,"lat":44.62564,"lon":-70.70821},"geometry":{"type":"Polygon","coordinates":[[[-70.74051,44.63677],[-70.73628,44.63424],[-70.72028,44.63632],[-70.71339,44.63968],[-70.70947,44.6441],[-70.70396,44.64624],[-70.7,44.64556],[-70.67256,44.61198],[-70.67306,44.60908],[-70.69409,44.61326],[-70.69985,44.60831],[-70.71596,44.61837],[-70.72093,44.61319],[-70.73585,44.61756],[-70.74052,44.62291],[-70.73995,44.62747],[-70.74187,44.62876],[-70.7399,44.63399],[-70.74218,44.6372],[-70.74051,44.63677]]]}},{"type":"Feature","id":"04280","properties":{"zip":"04280","pop":null,"city":"Sabattus","county":"Androscoggin","state":"Maine","area":31.34,"lat":44.12153,"lon":-70.06144},"geometry":{"type":"Polygon","coordinates":[[[-70.12483,44.07336],[-70.11622,44.10776],[-70.11875,44.11539],[-70.11688,44.12186],[-70.11525,44.12624],[-70.10056,44.13124],[-70.10182,44.1456],[-70.09017,44.16676],[-70.08484,44.19007],[-70.08089,44.19548],[-70.0884,44.21256],[-70.06574,44.20072],[-70.05546,44.19909],[-70.0605,44.19177],[-69.99379,44.18059],[-69.9988,44.16683],[-70.01033,44.16865],[-70.01395,44.15758],[-70.0185,44.15785],[-70.02739,44.13058],[-70.01173,44.12801],[-70.01243,44.12543],[-70.00547,44.12452],[-70.02523,44.05092],[-70.02698,44.04956],[-70.02882,44.05145],[-70.12679,44.06559],[-70.12483,44.07336]]]}},{"type":"Feature","id":"04654","properties":{"zip":"04654","pop":null,"city":"Machias","county":"Washington","state":"Maine","area":89.61,"lat":44.78104,"lon":-67.5769},"geometry":{"type":"MultiPolygon","coordinates":[[[[-67.42948,44.59743],[-67.42686,44.59879],[-67.42615,44.59743],[-67.4278,44.59526],[-67.42948,44.59743]]],[[[-67.49128,44.60369],[-67.49032,44.60437],[-67.48652,44.60015],[-67.49151,44.60166],[-67.49128,44.60369]]],[[[-67.50744,44.62281],[-67.50435,44.62281],[-67.49769,44.62146],[-67.50387,44.61706],[-67.50839,44.62112],[-67.50744,44.62281]]],[[[-67.80449,44.94997],[-67.77875,44.96082],[-67.78294,44.96455],[-67.77769,44.96605],[-67.78173,44.96938],[-67.79528,44.97065],[-67.79584,44.97311],[-67.78584,44.97249],[-67.77915,44.97856],[-67.77723,44.97286],[-67.77383,44.97107],[-67.77536,44.96363],[-67.76802,44.954],[-67.76228,44.95009],[-67.76156,44.94645],[-67.75001,44.94727],[-67.73555,44.94017],[-67.73495,44.93804],[-67.73847,44.93452],[-67.73847,44.93155],[-67.73625,44.92724],[-67.72922,44.92253],[-67.73186,44.91314],[-67.72192,44.91282],[-67.71574,44.90983],[-67.71176,44.91002],[-67.70587,44.88925],[-67.70351,44.88899],[-67.70391,44.88606],[-67.69894,44.88429],[-67.69948,44.88216],[-67.69108,44.88058],[-67.69107,44.87709],[-67.68698,44.87333],[-67.68818,44.87149],[-67.68389,44.86898],[-67.68422,44.86662],[-67.68753,44.86535],[-67.68129,44.86293],[-67.68198,44.8602],[-67.68401,44.85971],[-67.68383,44.85652],[-67.67988,44.85735],[-67.67905,44.85507],[-67.68052,44.85398],[-67.67862,44.85371],[-67.6807,44.85137],[-67.65676,44.85621],[-67.56104,44.8851],[-67.5181,44.80935],[-67.48649,44.78843],[-67.48651,44.78662],[-67.48145,44.78654],[-67.48133,44.78455],[-67.47682,44.78457],[-67.47672,44.78219],[-67.47327,44.78215],[-67.47322,44.77983],[-67.46916,44.77769],[-67.46888,44.76685],[-67.46558,44.76692],[-67.46391,44.76001],[-67.45391,44.76022],[-67.45245,44.74906],[-67.44896,44.74916],[-67.44878,44.74655],[-67.44553,44.74668],[-67.44526,44.74247],[-67.43444,44.74281],[-67.4298,44.71446],[-67.42143,44.71475],[-67.41543,44.69578],[-67.42042,44.69504],[-67.41874,44.69056],[-67.43975,44.68733],[-67.43184,44.66644],[-67.43393,44.66644],[-67.44083,44.65868],[-67.44086,44.65553],[-67.43794,44.6516],[-67.44174,44.64247],[-67.44374,44.64294],[-67.44469,44.63888],[-67.44897,44.6355],[-67.44921,44.63144],[-67.44635,44.62738],[-67.4378,44.62603],[-67.43756,44.6196],[-67.42972,44.61334],[-67.43257,44.60691],[-67.43685,44.60488],[-67.4454,44.60589],[-67.44944,44.60386],[-67.44851,44.60032],[-67.4599,44.60099],[-67.45845,44.59669],[-67.4618,44.5976],[-67.467,44.60334],[-67.46561,44.60674],[-67.46965,44.60826],[-67.47488,44.60742],[-67.48092,44.61106],[-67.49104,44.60725],[-67.49698,44.61486],[-67.49237,44.61795],[-67.49363,44.62886],[-67.49769,44.63296],[-67.5058,44.63684],[-67.5228,44.63306],[-67.52406,44.62655],[-67.53078,44.62194],[-67.52978,44.6174],[-67.53263,44.61435],[-67.53501,44.61486],[-67.53453,44.62264],[-67.54168,44.62644],[-67.5431,44.63609],[-67.52885,44.64648],[-67.53055,44.65214],[-67.52701,44.65284],[-67.52536,44.64732],[-67.5188,44.6491],[-67.52289,44.65603],[-67.49975,44.66293],[-67.50944,44.67818],[-67.547,44.67572],[-67.53749,44.69004],[-67.52855,44.69664],[-67.52344,44.70376],[-67.58361,44.80152],[-67.69571,44.76756],[-67.69393,44.7708],[-67.69903,44.77378],[-67.70534,44.78202],[-67.715,44.84458],[-67.7256,44.85183],[-67.73613,44.85404],[-67.74139,44.86206],[-67.73907,44.86282],[-67.74254,44.86493],[-67.74844,44.86156],[-67.75234,44.87009],[-67.75223,44.87429],[-67.7474,44.87816],[-67.75034,44.8863],[-67.75718,44.89578],[-67.76051,44.89528],[-67.76555,44.90116],[-67.76527,44.90355],[-67.77134,44.90745],[-67.77305,44.91498],[-67.77609,44.91931],[-67.77053,44.92158],[-67.78216,44.93346],[-67.80168,44.94288],[-67.80449,44.94997]]]]}},{"type":"Feature","id":"04462","properties":{"zip":"04462","pop":null,"city":"","county":"Piscataquis","state":"Maine","area":532.68,"lat":45.86545,"lon":-68.93075},"geometry":{"type":"Polygon","coordinates":[[[-69.22045,46.14632],[-69.21627,46.14806],[-69.20983,46.15719],[-69.21086,46.16974],[-69.19171,46.18283],[-69.1733,46.20551],[-69.14833,46.2154],[-69.14929,46.21784],[-69.15579,46.21938],[-69.15499,46.22178],[-69.14317,46.22496],[-69.13909,46.23436],[-69.12278,46.24475],[-69.11008,46.24558],[-69.11376,46.25334],[-69.11202,46.254],[-69.10318,46.2527],[-69.09946,46.25419],[-69.09369,46.2509],[-69.08664,46.25037],[-69.08008,46.25269],[-69.06641,46.25362],[-69.04595,46.24966],[-69.03711,46.25207],[-69.0353,46.2497],[-69.02344,46.24956],[-69.02417,46.24635],[-69.02153,46.2437],[-69.01402,46.24093],[-69.0133,46.23976],[-69.01554,46.23871],[-69.00704,46.23784],[-69.00523,46.23482],[-68.99899,46.23182],[-68.99049,46.23094],[-68.98426,46.22792],[-68.96456,46.22644],[-68.94354,46.21364],[-68.92162,46.20658],[-68.9174,46.20274],[-68.91994,46.20189],[-68.91921,46.20045],[-68.91661,46.1986],[-68.91388,46.19926],[-68.90937,46.19362],[-68.9095,46.19485],[-68.89891,46.19316],[-68.90312,46.19142],[-68.89101,46.18856],[-68.88673,46.18471],[-68.87996,46.18325],[-68.8821,46.18165],[-68.86257,46.17905],[-68.86573,46.18076],[-68.85303,46.18376],[-68.84944,46.18653],[-68.84612,46.18605],[-68.85155,46.18355],[-68.84115,46.18244],[-68.8345,46.17727],[-68.8448,46.17466],[-68.83808,46.17448],[-68.83858,46.17309],[-68.83479,46.17192],[-68.83272,46.17298],[-68.82795,46.16957],[-68.8291,46.16872],[-68.82203,46.16797],[-68.82632,45.72737],[-68.82058,45.72565],[-68.82077,45.72745],[-68.81337,45.72886],[-68.81515,45.72753],[-68.81467,45.72448],[-68.81216,45.72335],[-68.80721,45.72757],[-68.79534,45.7291],[-68.79207,45.73199],[-68.78689,45.73013],[-68.78745,45.73291],[-68.79036,45.73398],[-68.7858,45.73993],[-68.78379,45.73842],[-68.77968,45.74565],[-68.77822,45.74529],[-68.78016,45.73427],[-68.77507,45.73166],[-68.77085,45.73158],[-68.76205,45.72635],[-68.75645,45.72794],[-68.73672,45.72662],[-68.73562,45.72396],[-68.73813,45.71475],[-68.72489,45.71072],[-68.72213,45.70814],[-68.71986,45.70209],[-68.71825,45.70227],[-68.71799,45.69864],[-68.71056,45.68858],[-68.70193,45.68334],[-68.70306,45.67497],[-68.68631,45.67729],[-68.68226,45.67713],[-68.6816,45.67515],[-68.66294,45.67545],[-68.6544,45.66945],[-68.64933,45.67063],[-68.64554,45.66883],[-68.63923,45.66947],[-68.63761,45.67097],[-68.63927,45.67348],[-68.62993,45.67664],[-68.62726,45.67207],[-68.62662,45.66451],[-68.61487,45.65862],[-68.6143,45.63953],[-68.60636,45.63175],[-68.61598,45.63157],[-68.61487,45.62896],[-68.61666,45.62442],[-68.62639,45.61933],[-68.62765,45.61429],[-68.63075,45.61301],[-68.63105,45.57068],[-68.61483,45.57101],[-68.61487,45.56417],[-68.69927,45.54992],[-68.67482,45.47393],[-68.67649,45.47428],[-68.6761,45.4716],[-68.6795,45.46975],[-68.69386,45.46511],[-68.69666,45.46169],[-68.69558,45.45358],[-68.69783,45.45224],[-68.69615,45.45004],[-68.69591,45.44269],[-68.7001,45.43636],[-68.70162,45.44089],[-68.82542,45.42055],[-68.83121,45.44243],[-68.89358,45.43361],[-68.89803,45.4435],[-68.90097,45.44228],[-68.90005,45.44043],[-68.90514,45.44507],[-68.90778,45.44494],[-68.91022,45.44902],[-68.91324,45.4483],[-68.91288,45.45012],[-68.91671,45.44975],[-68.91685,45.44788],[-68.91796,45.45088],[-68.92105,45.4499],[-68.92061,45.44832],[-68.92154,45.45012],[-68.91859,45.45083],[-68.92165,45.4537],[-68.9228,45.45616],[-68.92107,45.45864],[-68.92597,45.46553],[-68.93051,45.46665],[-68.92949,45.46313],[-68.93161,45.4656],[-68.93257,45.46459],[-68.93469,45.46904],[-68.94049,45.47398],[-68.93704,45.47428],[-68.93586,45.4773],[-68.94006,45.47981],[-68.93824,45.48221],[-68.9178,45.49818],[-68.92146,45.50359],[-68.92182,45.50978],[-68.9248,45.51561],[-68.92108,45.51835],[-68.96465,45.51237],[-68.95172,45.58178],[-68.9507,45.63843],[-68.95891,45.66219],[-68.95089,45.66362],[-68.94946,45.72613],[-68.93934,45.72181],[-68.94143,45.72204],[-68.94188,45.71946],[-68.93516,45.72078],[-68.92628,45.71381],[-68.90638,45.70894],[-68.90654,45.70752],[-68.90445,45.70887],[-68.89447,45.70713],[-68.88044,45.70785],[-68.8774,45.71171],[-68.87981,45.71185],[-68.88324,45.71604],[-68.87886,45.71812],[-68.88568,45.71771],[-68.89168,45.72736],[-68.9047,45.73913],[-68.91535,45.73948],[-68.92392,45.75109],[-68.92395,45.74965],[-68.92701,45.74988],[-68.92772,45.75368],[-68.93116,45.75514],[-68.92864,45.75917],[-68.9411,45.76204],[-68.94329,45.76725],[-68.94163,45.77043],[-68.94904,45.77387],[-68.949,45.78101],[-68.94611,45.7828],[-68.93852,45.78293],[-68.93392,45.78764],[-68.93774,45.79389],[-68.94418,45.79731],[-68.94477,45.79896],[-68.94153,45.80132],[-68.94523,45.80259],[-68.94879,45.80683],[-68.94876,45.81086],[-68.95975,45.81554],[-68.95915,45.81821],[-68.96709,45.82665],[-68.96327,45.83263],[-68.96657,45.83696],[-68.96371,45.83828],[-68.96819,45.83693],[-68.97725,45.83784],[-68.99813,45.84366],[-69.01132,45.84431],[-69.021,45.84884],[-69.03896,45.84658],[-69.05133,45.84921],[-69.06474,45.8557],[-69.0684,45.85314],[-69.07603,45.86167],[-69.08395,45.86194],[-69.0922,45.86578],[-69.09471,45.86365],[-69.09818,45.86454],[-69.12594,45.87575],[-69.14059,45.87668],[-69.13604,45.87991],[-69.13597,45.8887],[-69.13986,45.89881],[-69.15147,45.90628],[-69.15462,45.91152],[-69.15558,45.91978],[-69.1682,45.93149],[-69.17714,45.9375],[-69.21511,45.93779],[-69.21583,46.03752],[-69.17491,46.03717],[-69.18238,46.06889],[-69.219,46.13422],[-69.22202,46.14432],[-69.22045,46.14632]]]}},{"type":"Feature","id":"03910","properties":{"zip":"03910","pop":null,"city":"Cape Neddick","county":"York","state":"Maine","area":0.02,"lat":43.17366,"lon":-70.60688},"geometry":{"type":"MultiPolygon","coordinates":[[[[-70.60687,43.17318],[-70.60312,43.17386],[-70.60263,43.17248],[-70.60543,43.17229],[-70.60687,43.17318]]],[[[-70.61196,43.17478],[-70.6088,43.17713],[-70.61085,43.17479],[-70.60775,43.17195],[-70.61196,43.17478]]]]}},{"type":"Feature","id":"04928","properties":{"zip":"04928","pop":null,"city":"Corinna","county":"Penobscot","state":"Maine","area":28.0,"lat":44.94962,"lon":-69.25686},"geometry":{"type":"Polygon","coordinates":[[[-69.32715,44.98741],[-69.20852,45.00443],[-69.18353,44.91077],[-69.30552,44.89599],[-69.33095,44.9869],[-69.32715,44.98741]]]}},{"type":"Feature","id":"04541","properties":{"zip":"04541","pop":null,"city":"","county":"Lincoln","state":"Maine","area":0.25,"lat":43.88678,"lon":-69.48395},"geometry":{"type":"Polygon","coordinates":[[[-69.49133,43.88679],[-69.48411,43.8919],[-69.47699,43.89179],[-69.47953,43.88418],[-69.48361,43.87993],[-69.48711,43.88388],[-69.49131,43.88319],[-69.49133,43.88679]]]}},{"type":"Feature","id":"04975","properties":{"zip":"04975","pop":null,"city":"","county":"Somerset","state":"Maine","area":0.03,"lat":44.6256,"lon":-69.5882},"geometry":{"type":"Polygon","coordinates":[[[-69.59035,44.62775],[-69.58668,44.62756],[-69.58608,44.62578],[-69.58864,44.62199],[-69.59035,44.62775]]]}},{"type":"Feature","id":"04762","properties":{"zip":"04762","pop":null,"city":"","county":"Aroostook","state":"Maine","area":23.64,"lat":46.97578,"lon":-68.12075},"geometry":{"type":"Polygon","coordinates":[[[-68.17896,46.94102],[-68.17886,47.01279],[-68.17372,47.02066],[-68.06323,47.02283],[-68.06229,46.93144],[-68.1787,46.92886],[-68.17896,46.94102]]]}},{"type":"Feature","id":"04650","properties":{"zip":"04650","pop":null,"city":"","county":"Hancock","state":"Maine","area":2.37,"lat":44.28931,"lon":-68.71425},"geometry":{"type":"MultiPolygon","coordinates":[[[[-68.68625,44.28862],[-68.68341,44.28774],[-68.68341,44.28581],[-68.686,44.28588],[-68.68625,44.28862]]],[[[-68.74374,44.30057],[-68.74159,44.30324],[-68.74198,44.30634],[-68.73382,44.30862],[-68.71114,44.29732],[-68.70959,44.29863],[-68.70549,44.29571],[-68.70471,44.2928],[-68.69478,44.29161],[-68.6918,44.28613],[-68.68913,44.2865],[-68.68644,44.28395],[-68.69026,44.28176],[-68.6899,44.27626],[-68.70204,44.27102],[-68.71102,44.27412],[-68.7197,44.281],[-68.72427,44.28157],[-68.72773,44.28536],[-68.72753,44.29124],[-68.73786,44.29688],[-68.74264,44.29686],[-68.74374,44.30057]]]]}},{"type":"Feature","id":"04953","properties":{"zip":"04953","pop":null,"city":"Newport","county":"Penobscot","state":"Maine","area":26.12,"lat":44.86012,"lon":-69.23296},"geometry":{"type":"Polygon","coordinates":[[[-69.30552,44.89599],[-69.18353,44.91077],[-69.16072,44.82491],[-69.28127,44.80866],[-69.30552,44.89599]]]}},{"type":"Feature","id":"04940","properties":{"zip":"04940","pop":null,"city":"","county":"Franklin","state":"Maine","area":0.07,"lat":44.62093,"lon":-70.07447},"geometry":{"type":"Polygon","coordinates":[[[-70.08108,44.61749],[-70.07507,44.62025],[-70.07928,44.6249],[-70.06578,44.6201],[-70.0748,44.62006],[-70.08219,44.61552],[-70.08108,44.61749]]]}},{"type":"Feature","id":"04006","properties":{"zip":"04006","pop":null,"city":"Biddeford","county":"York","state":"Maine","area":0.05,"lat":43.44386,"lon":-70.34282},"geometry":{"type":"Polygon","coordinates":[[[-70.34705,43.44562],[-70.34005,43.44588],[-70.34035,43.44346],[-70.34367,43.44027],[-70.3451,43.44484],[-70.34705,43.44562]]]}},{"type":"Feature","id":"04769","properties":{"zip":"04769","pop":null,"city":"Presque Isle","county":"Aroostook","state":"Maine","area":53.16,"lat":46.68675,"lon":-67.98741},"geometry":{"type":"Polygon","coordinates":[[[-68.05653,46.77568],[-67.92608,46.77876],[-67.9216,46.68652],[-67.92053,46.59689],[-68.04825,46.59438],[-68.05653,46.77568]]]}},{"type":"Feature","id":"04786","properties":{"zip":"04786","pop":null,"city":"Washburn","county":"Aroostook","state":"Maine","area":48.76,"lat":46.79206,"lon":-68.17876},"geometry":{"type":"Polygon","coordinates":[[[-68.30019,46.83451],[-68.0594,46.83932],[-68.0553,46.74972],[-68.30053,46.74524],[-68.30019,46.83451]]]}},{"type":"Feature","id":"04847","properties":{"zip":"04847","pop":null,"city":"","county":"Knox","state":"Maine","area":17.17,"lat":44.25103,"lon":-69.18967},"geometry":{"type":"Polygon","coordinates":[[[-69.2495,44.24783],[-69.18758,44.30457],[-69.12162,44.25564],[-69.19663,44.19923],[-69.25495,44.24164],[-69.2495,44.24783]]]}},{"type":"Feature","id":"04922","properties":{"zip":"04922","pop":null,"city":"","county":"Waldo","state":"Maine","area":29.35,"lat":44.68733,"lon":-69.38258},"geometry":{"type":"Polygon","coordinates":[[[-69.47732,44.69206],[-69.41684,44.70098],[-69.41743,44.70813],[-69.41455,44.7187],[-69.40466,44.72781],[-69.39495,44.73219],[-69.39764,44.74679],[-69.38815,44.74755],[-69.38867,44.75162],[-69.38677,44.75337],[-69.37163,44.75459],[-69.3621,44.75137],[-69.34355,44.74982],[-69.30876,44.67322],[-69.34288,44.63495],[-69.46061,44.64705],[-69.46056,44.65561],[-69.45463,44.66282],[-69.44795,44.66217],[-69.44294,44.67238],[-69.4756,44.67668],[-69.47732,44.69206]]]}},{"type":"Feature","id":"04936","properties":{"zip":"04936","pop":null,"city":"","county":"Franklin","state":"Maine","area":325.81,"lat":45.32934,"lon":-70.62712},"geometry":{"type":"Polygon","coordinates":[[[-70.83554,45.2938],[-70.82283,45.29855],[-70.81622,45.29812],[-70.81234,45.30201],[-70.81185,45.30555],[-70.81401,45.30885],[-70.80861,45.31161],[-70.80642,45.3206],[-70.80835,45.32826],[-70.81302,45.32802],[-70.81814,45.33259],[-70.81983,45.34011],[-70.81608,45.34581],[-70.81011,45.3485],[-70.80977,45.35168],[-70.81445,45.35654],[-70.81026,45.35784],[-70.80871,45.36265],[-70.80265,45.36493],[-70.80275,45.36656],[-70.80624,45.37656],[-70.81241,45.38335],[-70.81338,45.38703],[-70.81767,45.3904],[-70.82405,45.39109],[-70.82561,45.40031],[-70.8128,45.41137],[-70.81136,45.41617],[-70.80222,45.41797],[-70.79803,45.42671],[-70.79501,45.42815],[-70.78813,45.4266],[-70.78147,45.43116],[-70.76792,45.42864],[-70.76529,45.42632],[-70.75398,45.42779],[-70.74952,45.42296],[-70.74408,45.42109],[-70.74377,45.41192],[-70.73084,45.4046],[-70.72997,45.39936],[-70.71229,45.39061],[-70.69878,45.39451],[-70.69661,45.39217],[-70.68354,45.39521],[-70.67799,45.39436],[-70.66116,45.38604],[-70.66003,45.3779],[-70.65117,45.37712],[-70.63466,45.38361],[-70.63893,45.38892],[-70.636,45.3956],[-70.62885,45.39987],[-70.62342,45.40036],[-70.62146,45.40267],[-70.62385,45.40597],[-70.6307,45.4073],[-70.63527,45.41215],[-70.63495,45.41562],[-70.63135,45.41634],[-70.62746,45.42163],[-70.63133,45.42683],[-70.6415,45.43186],[-70.64366,45.43472],[-70.64262,45.43586],[-70.64595,45.43775],[-70.65068,45.44492],[-70.66295,45.44655],[-70.6749,45.4524],[-70.68116,45.45218],[-70.68195,45.46185],[-70.69042,45.46361],[-70.69273,45.46678],[-70.69209,45.47466],[-70.69951,45.47897],[-70.70794,45.48088],[-70.71705,45.48773],[-70.7178,45.49019],[-70.71144,45.49812],[-70.71184,45.50211],[-70.72317,45.50761],[-70.72285,45.51277],[-70.71661,45.51849],[-70.71085,45.52005],[-70.70581,45.52828],[-70.69908,45.53021],[-70.70013,45.53334],[-70.69617,45.5404],[-70.68761,45.5491],[-70.67717,45.55217],[-70.68871,45.56164],[-70.68536,45.56719],[-70.68772,45.56936],[-70.67846,45.57068],[-70.67178,45.57632],[-70.67212,45.57842],[-70.65929,45.58688],[-70.65916,45.58964],[-70.64958,45.59815],[-70.65042,45.59927],[-70.64469,45.60708],[-70.63531,45.61021],[-70.61982,45.61198],[-70.6172,45.61638],[-70.60812,45.6226],[-70.60619,45.62639],[-70.59127,45.63055],[-70.58394,45.63891],[-70.5834,45.64243],[-70.57984,45.64341],[-70.57563,45.64829],[-70.56479,45.65515],[-70.56202,45.66059],[-70.56378,45.66269],[-70.5584,45.66667],[-70.55283,45.66783],[-70.50577,45.51377],[-70.5187,45.51213],[-70.46008,45.30153],[-70.42417,45.16506],[-70.42997,45.16065],[-70.42915,45.15874],[-70.43079,45.15874],[-70.43298,45.15285],[-70.43178,45.1517],[-70.4336,45.14881],[-70.43182,45.14874],[-70.43565,45.14731],[-70.4346,45.14355],[-70.43721,45.14185],[-70.44506,45.14255],[-70.4458,45.14565],[-70.43753,45.14487],[-70.43906,45.14848],[-70.44323,45.1482],[-70.44666,45.15137],[-70.44449,45.15513],[-70.44954,45.16329],[-70.45644,45.16344],[-70.46755,45.16059],[-70.47065,45.15799],[-70.46815,45.15646],[-70.46831,45.15149],[-70.46541,45.15006],[-70.47289,45.1423],[-70.46969,45.14164],[-70.46978,45.13842],[-70.47714,45.13659],[-70.48081,45.14001],[-70.48279,45.13966],[-70.49159,45.13092],[-70.66827,45.11027],[-70.6754,45.14079],[-70.68236,45.14537],[-70.68572,45.14354],[-70.68782,45.13865],[-70.69525,45.13659],[-70.70006,45.13277],[-70.70778,45.12411],[-70.71943,45.12514],[-70.72586,45.12785],[-70.72898,45.127],[-70.73708,45.13502],[-70.74576,45.13705],[-70.75386,45.13048],[-70.76757,45.12645],[-70.76916,45.12427],[-70.77618,45.12548],[-70.78033,45.12394],[-70.78458,45.12683],[-70.79251,45.1209],[-70.79218,45.11728],[-70.78874,45.11373],[-70.79425,45.1072],[-70.79361,45.10124],[-70.79785,45.09851],[-70.83507,45.27674],[-70.83154,45.27956],[-70.82966,45.29037],[-70.83554,45.2938]]]}},{"type":"Feature","id":"04944","properties":{"zip":"04944","pop":null,"city":"","county":"Somerset","state":"Maine","area":1.32,"lat":44.68725,"lon":-69.64226},"geometry":{"type":"Polygon","coordinates":[[[-69.66324,44.69658],[-69.64055,44.69986],[-69.63297,44.69876],[-69.6327,44.69066],[-69.63043,44.68572],[-69.63108,44.67177],[-69.64066,44.67113],[-69.64082,44.67319],[-69.64978,44.68104],[-69.65462,44.69076],[-69.66324,44.69658]]]}},{"type":"Feature","id":"04971","properties":{"zip":"04971","pop":null,"city":"","county":"Somerset","state":"Maine","area":33.32,"lat":44.93198,"lon":-69.39228},"geometry":{"type":"Polygon","coordinates":[[[-69.47544,44.96823],[-69.33095,44.9869],[-69.30552,44.89599],[-69.44016,44.87885],[-69.44459,44.89305],[-69.463,44.89079],[-69.46539,44.89624],[-69.46918,44.89789],[-69.4713,44.90146],[-69.4708,44.90916],[-69.47272,44.917],[-69.46766,44.93904],[-69.47544,44.96823]]]}},{"type":"Feature","id":"04984","properties":{"zip":"04984","pop":null,"city":"","county":"Franklin","state":"Maine","area":25.43,"lat":44.69647,"lon":-70.28054},"geometry":{"type":"Polygon","coordinates":[[[-70.35593,44.71797],[-70.23686,44.75716],[-70.22111,44.69583],[-70.20739,44.67218],[-70.24149,44.66142],[-70.24358,44.65409],[-70.25148,44.658],[-70.31694,44.63764],[-70.35593,44.71797]]]}},{"type":"Feature","id":"04285","properties":{"zip":"04285","pop":null,"city":"","county":"Franklin","state":"Maine","area":44.75,"lat":44.7063,"lon":-70.45233},"geometry":{"type":"Polygon","coordinates":[[[-70.5638,44.71319],[-70.38961,44.787],[-70.34519,44.69581],[-70.5106,44.62722],[-70.5638,44.71319]]]}},{"type":"Feature","id":"04455","properties":{"zip":"04455","pop":null,"city":"","county":"Penobscot","state":"Maine","area":59.85,"lat":45.32218,"lon":-68.27518},"geometry":{"type":"Polygon","coordinates":[[[-68.36792,45.4062],[-68.24132,45.4266],[-68.18069,45.23717],[-68.31229,45.22041],[-68.36792,45.4062]]]}},{"type":"Feature","id":"04464","properties":{"zip":"04464","pop":null,"city":"","county":"Piscataquis","state":"Maine","area":33.61,"lat":45.29101,"lon":-69.50202},"geometry":{"type":"Polygon","coordinates":[[[-69.58256,45.33547],[-69.45446,45.35359],[-69.42448,45.24323],[-69.51703,45.23009],[-69.52218,45.23074],[-69.53044,45.23605],[-69.54123,45.23726],[-69.54573,45.24365],[-69.55857,45.25224],[-69.58256,45.33547]]]}},{"type":"Feature","id":"04627","properties":{"zip":"04627","pop":null,"city":"","county":"Hancock","state":"Maine","area":23.25,"lat":44.22268,"lon":-68.66586},"geometry":{"type":"MultiPolygon","coordinates":[[[[-68.57246,44.21686],[-68.56795,44.21771],[-68.55963,44.21311],[-68.56462,44.21192],[-68.57246,44.21686]]],[[[-68.58934,44.23134],[-68.58149,44.23236],[-68.57603,44.22929],[-68.57817,44.22674],[-68.5872,44.2264],[-68.59171,44.22997],[-68.58934,44.23134]]],[[[-68.68697,44.27519],[-68.68567,44.27705],[-68.6845,44.27242],[-68.68633,44.27213],[-68.68697,44.27519]]],[[[-68.73162,44.22269],[-68.72372,44.22711],[-68.7192,44.22754],[-68.71672,44.23051],[-68.70417,44.23447],[-68.69843,44.23304],[-68.6951,44.23559],[-68.69788,44.23685],[-68.69891,44.24172],[-68.69731,44.24708],[-68.69177,44.25467],[-68.6787,44.2647],[-68.67721,44.2761],[-68.67965,44.27781],[-68.67585,44.2807],[-68.67062,44.27985],[-68.66254,44.26998],[-68.6566,44.26964],[-68.6547,44.263],[-68.64899,44.26573],[-68.64281,44.26556],[-68.62927,44.25653],[-68.62475,44.25875],[-68.6181,44.2487],[-68.60922,44.2445],[-68.60265,44.22299],[-68.58244,44.21992],[-68.58363,44.21464],[-68.57674,44.20936],[-68.56486,44.20561],[-68.56343,44.1942],[-68.56795,44.18857],[-68.57945,44.18526],[-68.60098,44.19198],[-68.60075,44.19437],[-68.591,44.19573],[-68.58862,44.19778],[-68.5891,44.20186],[-68.59671,44.20493],[-68.59552,44.20732],[-68.60241,44.21038],[-68.60526,44.2051],[-68.62047,44.20016],[-68.61943,44.19676],[-68.64223,44.20009],[-68.65105,44.19197],[-68.65995,44.1886],[-68.6697,44.18151],[-68.67302,44.18127],[-68.6769,44.18576],[-68.68176,44.18432],[-68.68429,44.18829],[-68.69738,44.184],[-68.70441,44.17746],[-68.70918,44.16737],[-68.71697,44.16931],[-68.71853,44.16563],[-68.72065,44.1668],[-68.72125,44.17102],[-68.7184,44.17664],[-68.71989,44.18119],[-68.71783,44.18709],[-68.71222,44.19028],[-68.71287,44.19653],[-68.71388,44.19965],[-68.72432,44.19772],[-68.73167,44.20225],[-68.71935,44.20663],[-68.71973,44.21125],[-68.71719,44.2128],[-68.72557,44.21503],[-68.72671,44.21867],[-68.73298,44.22102],[-68.73162,44.22269]]],[[[-68.74974,44.30113],[-68.74754,44.30067],[-68.74771,44.29907],[-68.74848,44.29897],[-68.74974,44.30113]]],[[[-68.75746,44.2706],[-68.74579,44.26686],[-68.73931,44.26896],[-68.73503,44.26573],[-68.73598,44.26368],[-68.73052,44.26266],[-68.73432,44.25994],[-68.74027,44.26244],[-68.75396,44.26259],[-68.7524,44.26495],[-68.75765,44.26879],[-68.75746,44.2706]]],[[[-68.76474,44.24564],[-68.76241,44.24803],[-68.75999,44.24768],[-68.75302,44.24619],[-68.74977,44.24291],[-68.7607,44.23985],[-68.76467,44.24146],[-68.76474,44.24564]]],[[[-68.78732,44.21141],[-68.7839,44.21193],[-68.77442,44.2194],[-68.76762,44.21727],[-68.7691,44.21398],[-68.77751,44.20723],[-68.77639,44.20323],[-68.77996,44.20101],[-68.78336,44.20125],[-68.78114,44.20391],[-68.78732,44.21141]]],[[[-68.79809,44.28534],[-68.79374,44.287],[-68.78518,44.28411],[-68.79523,44.28049],[-68.79396,44.28273],[-68.79809,44.28534]]],[[[-68.79945,44.23593],[-68.79212,44.23665],[-68.78796,44.23482],[-68.78119,44.22626],[-68.78553,44.22483],[-68.79366,44.22588],[-68.79706,44.22382],[-68.79642,44.22821],[-68.79982,44.23134],[-68.79945,44.23593]]],[[[-68.81085,44.29516],[-68.8044,44.29355],[-68.8004,44.2887],[-68.81347,44.29465],[-68.81085,44.29516]]],[[[-68.82559,44.29244],[-68.82283,44.29311],[-68.81751,44.29329],[-68.81917,44.2904],[-68.8244,44.29006],[-68.82559,44.29244]]],[[[-68.82466,44.22938],[-68.82377,44.23502],[-68.82171,44.23015],[-68.82024,44.22935],[-68.81908,44.231],[-68.8187,44.2264],[-68.82131,44.22895],[-68.82622,44.22894],[-68.82466,44.22938]]],[[[-68.82941,44.26098],[-68.82438,44.26217],[-68.81632,44.25841],[-68.8239,44.25713],[-68.82941,44.26098]]],[[[-68.83037,44.21684],[-68.82602,44.22019],[-68.82488,44.22606],[-68.82226,44.21822],[-68.83037,44.21684]]],[[[-68.85129,44.2331],[-68.85164,44.23593],[-68.84919,44.23613],[-68.84688,44.23112],[-68.84817,44.22929],[-68.85233,44.22866],[-68.85129,44.2331]]],[[[-68.86304,44.259],[-68.86021,44.26093],[-68.85887,44.26062],[-68.86005,44.25585],[-68.86209,44.25521],[-68.86304,44.259]]]]}},{"type":"Feature","id":"04750","properties":{"zip":"04750","pop":null,"city":"Limestone","county":"Aroostook","state":"Maine","area":53.56,"lat":46.95834,"lon":-67.85707},"geometry":{"type":"Polygon","coordinates":[[[-67.93115,47.04837],[-67.79024,47.05008],[-67.78929,46.87218],[-67.9267,46.86578],[-67.92928,46.95789],[-67.90782,46.95817],[-67.90698,46.96221],[-67.89919,46.96403],[-67.89964,46.9672],[-67.90508,46.96957],[-67.90192,46.97581],[-67.91856,46.9759],[-67.91846,46.99081],[-67.90833,46.99106],[-67.90599,47.01253],[-67.93032,47.00961],[-67.93115,47.04837]]]}},{"type":"Feature","id":"04412","properties":{"zip":"04412","pop":null,"city":"Brewer","county":"Penobscot","state":"Maine","area":11.21,"lat":44.78344,"lon":-68.735},"geometry":{"type":"Polygon","coordinates":[[[-68.78687,44.76846],[-68.786,44.77401],[-68.77627,44.78246],[-68.76814,44.79621],[-68.74626,44.80911],[-68.72397,44.81916],[-68.69874,44.82147],[-68.68679,44.8047],[-68.69028,44.80334],[-68.68462,44.80083],[-68.73514,44.74008],[-68.7676,44.75388],[-68.76382,44.75599],[-68.78755,44.76723],[-68.78687,44.76846]]]}},{"type":"Feature","id":"04989","properties":{"zip":"04989","pop":null,"city":"","county":"Kennebec","state":"Maine","area":34.18,"lat":44.42979,"lon":-69.64777},"geometry":{"type":"Polygon","coordinates":[[[-69.72897,44.39433],[-69.72384,44.40444],[-69.7146,44.41072],[-69.70159,44.42689],[-69.69599,44.44257],[-69.68684,44.45846],[-69.68311,44.47693],[-69.68386,44.48031],[-69.67657,44.50047],[-69.56562,44.4826],[-69.61356,44.38251],[-69.61525,44.38238],[-69.61508,44.37415],[-69.6174,44.37448],[-69.61699,44.37194],[-69.61184,44.36846],[-69.61324,44.36257],[-69.61037,44.35921],[-69.72904,44.37775],[-69.72706,44.38094],[-69.72978,44.38791],[-69.72897,44.39433]]]}},{"type":"Feature","id":"04281","properties":{"zip":"04281","pop":null,"city":"South Paris","county":"Oxford","state":"Maine","area":29.34,"lat":44.24449,"lon":-70.48833},"geometry":{"type":"Polygon","coordinates":[[[-70.56621,44.27094],[-70.46861,44.3124],[-70.45684,44.31199],[-70.44739,44.29641],[-70.45706,44.29317],[-70.41497,44.22364],[-70.42455,44.21956],[-70.42254,44.21539],[-70.43459,44.2104],[-70.43123,44.20482],[-70.5035,44.17541],[-70.50743,44.1815],[-70.51263,44.17944],[-70.52646,44.20457],[-70.5202,44.20626],[-70.52759,44.20873],[-70.52635,44.21077],[-70.52861,44.21279],[-70.52783,44.2202],[-70.53097,44.22196],[-70.53702,44.22005],[-70.56621,44.27094]],[[-70.50233,44.26071],[-70.50032,44.25922],[-70.4942,44.26171],[-70.49593,44.26237],[-70.50233,44.26071]]]}},{"type":"Feature","id":"04275","properties":{"zip":"04275","pop":null,"city":"","county":"Oxford","state":"Maine","area":68.63,"lat":44.6897,"lon":-70.63724},"geometry":{"type":"Polygon","coordinates":[[[-70.76923,44.73223],[-70.61503,44.79563],[-70.5106,44.62722],[-70.54999,44.61073],[-70.59233,44.61601],[-70.65533,44.5908],[-70.76923,44.73223]]]}},{"type":"Feature","id":"04646","properties":{"zip":"04646","pop":null,"city":"","county":"Hancock","state":"Maine","area":0.55,"lat":44.25983,"lon":-68.22912},"geometry":{"type":"Polygon","coordinates":[[[-68.24096,44.2528],[-68.2383,44.25878],[-68.24089,44.26181],[-68.23972,44.26476],[-68.23526,44.2663],[-68.23056,44.26627],[-68.22831,44.26364],[-68.22204,44.26396],[-68.21851,44.26125],[-68.21587,44.26197],[-68.21137,44.25685],[-68.23138,44.2561],[-68.23909,44.25175],[-68.24096,44.2528]]]}},{"type":"Feature","id":"04427","properties":{"zip":"04427","pop":null,"city":"","county":"Penobscot","state":"Maine","area":28.46,"lat":44.98056,"lon":-69.01064},"geometry":{"type":"Polygon","coordinates":[[[-69.08623,45.01739],[-68.95823,45.03384],[-68.93537,44.9439],[-69.06239,44.92695],[-69.08623,45.01739]]]}},{"type":"Feature","id":"04237","properties":{"zip":"04237","pop":null,"city":"","county":"Oxford","state":"Maine","area":5.29,"lat":44.49671,"lon":-70.72572},"geometry":{"type":"Polygon","coordinates":[[[-70.78802,44.48663],[-70.70428,44.52246],[-70.68644,44.4981],[-70.69131,44.49699],[-70.70219,44.4782],[-70.70627,44.48049],[-70.72082,44.47818],[-70.747,44.48423],[-70.76547,44.48484],[-70.77219,44.48723],[-70.78802,44.48663]]]}},{"type":"Feature","id":"04622","properties":{"zip":"04622","pop":null,"city":"","county":"Washington","state":"Maine","area":234.58,"lat":44.75557,"lon":-67.95136},"geometry":{"type":"Polygon","coordinates":[[[-68.17639,44.72277],[-68.12763,44.71825],[-68.09831,44.70974],[-68.09767,44.71253],[-68.0945,44.71354],[-68.09402,44.7166],[-68.09126,44.71713],[-68.0895,44.72058],[-68.09191,44.72463],[-68.0905,44.72586],[-68.09704,44.73272],[-68.09362,44.74052],[-68.08733,44.74029],[-68.07806,44.73563],[-68.07212,44.73666],[-68.0658,44.74423],[-68.06686,44.74921],[-68.06484,44.75413],[-68.06864,44.75504],[-68.0709,44.75758],[-68.07052,44.76121],[-68.07891,44.76805],[-68.08688,44.77175],[-68.08207,44.77306],[-68.07997,44.77864],[-68.07667,44.7813],[-68.0859,44.7927],[-68.09459,44.7992],[-68.10183,44.79907],[-68.11727,44.82655],[-68.13007,44.82973],[-68.14869,44.83992],[-68.15317,44.84022],[-68.14618,44.8416],[-68.14688,44.84497],[-68.14953,44.84643],[-68.14771,44.84963],[-68.16858,44.86854],[-68.16232,44.86926],[-68.1601,44.87523],[-68.15974,44.88719],[-68.16333,44.89179],[-68.16003,44.88962],[-68.14771,44.86865],[-68.13913,44.88506],[-68.13376,44.89123],[-68.13314,44.90301],[-68.12586,44.90981],[-68.12523,44.90851],[-68.11754,44.90958],[-68.10929,44.90819],[-68.10738,44.90649],[-68.10572,44.90922],[-68.10416,44.90862],[-68.10565,44.90687],[-68.09892,44.905],[-68.0992,44.90115],[-68.0951,44.89885],[-68.08234,44.8499],[-68.05907,44.85294],[-68.05301,44.85602],[-68.02601,44.8608],[-68.02158,44.8631],[-68.01713,44.86983],[-68.01038,44.87262],[-67.98289,44.87447],[-67.97601,44.87335],[-67.99062,44.88473],[-67.98839,44.88798],[-67.9884,44.89213],[-67.99805,44.89822],[-68.00011,44.89426],[-68.00375,44.89939],[-68.0052,44.89905],[-68.0035,44.90509],[-67.99791,44.90449],[-67.99554,44.90808],[-68.00136,44.90892],[-68.00042,44.9113],[-68.00428,44.91134],[-68.003,44.91567],[-67.99401,44.90839],[-67.97754,44.91071],[-67.97865,44.90584],[-67.9749,44.90333],[-67.96997,44.90093],[-67.96245,44.90288],[-67.96163,44.90033],[-67.94886,44.89663],[-67.94801,44.88982],[-67.94002,44.89435],[-67.93497,44.90189],[-67.91871,44.90827],[-67.90377,44.89455],[-67.89578,44.89055],[-67.8831,44.87699],[-67.86245,44.88025],[-67.85695,44.88544],[-67.85144,44.88159],[-67.81452,44.88706],[-67.81542,44.88847],[-67.79667,44.89886],[-67.79676,44.91064],[-67.78897,44.9161],[-67.77609,44.91931],[-67.77305,44.91498],[-67.77134,44.90745],[-67.76527,44.90355],[-67.76555,44.90116],[-67.76051,44.89528],[-67.75718,44.89578],[-67.75181,44.88946],[-67.7474,44.87816],[-67.75223,44.87429],[-67.75188,44.86773],[-67.74844,44.86156],[-67.74254,44.86493],[-67.73907,44.86282],[-67.74139,44.86206],[-67.73613,44.85404],[-67.7256,44.85183],[-67.715,44.84458],[-67.70968,44.80676],[-67.71391,44.80761],[-67.7226,44.80544],[-67.72535,44.80225],[-67.72396,44.78729],[-67.72843,44.78563],[-67.73013,44.7826],[-67.73346,44.78244],[-67.73532,44.77752],[-67.73775,44.77992],[-67.75395,44.77752],[-67.75464,44.77515],[-67.76139,44.77374],[-67.76317,44.77045],[-67.75534,44.77151],[-67.75564,44.77003],[-67.76049,44.76914],[-67.75707,44.76008],[-67.75683,44.75309],[-67.75969,44.7429],[-67.75688,44.73923],[-67.76009,44.73689],[-67.78151,44.73297],[-67.77717,44.71741],[-67.87926,44.70132],[-67.88333,44.70566],[-67.89756,44.70611],[-67.90352,44.70059],[-67.90224,44.70031],[-67.90433,44.69708],[-67.89206,44.69916],[-67.86988,44.62867],[-67.8607,44.62949],[-67.85619,44.61479],[-67.87643,44.61158],[-67.91823,44.59866],[-67.90828,44.55258],[-67.91899,44.55104],[-67.91843,44.54888],[-67.92464,44.54794],[-67.9269,44.55511],[-67.93483,44.55396],[-67.93678,44.56004],[-67.9407,44.55949],[-67.94464,44.5722],[-67.94782,44.5717],[-67.95354,44.5849],[-67.95677,44.58444],[-67.95825,44.59771],[-68.01722,44.58909],[-68.01645,44.58671],[-68.03082,44.59618],[-68.0349,44.59414],[-68.03247,44.59119],[-68.03417,44.58995],[-68.04112,44.59192],[-68.04418,44.58529],[-68.0784,44.58057],[-68.07718,44.58571],[-68.08582,44.59664],[-68.08272,44.59815],[-68.07946,44.60718],[-68.076,44.6102],[-68.06306,44.61096],[-68.08409,44.62427],[-68.09864,44.62473],[-68.10736,44.62874],[-68.11551,44.62785],[-68.13269,44.63087],[-68.13946,44.63031],[-68.14625,44.65883],[-68.1599,44.65696],[-68.17639,44.72277]]]}},{"type":"Feature","id":"04268","properties":{"zip":"04268","pop":null,"city":"Norway","county":"Oxford","state":"Maine","area":33.8,"lat":44.22846,"lon":-70.60677},"geometry":{"type":"Polygon","coordinates":[[[-70.68563,44.28051],[-70.67208,44.2667],[-70.64519,44.28002],[-70.6397,44.27671],[-70.58076,44.29483],[-70.53702,44.22005],[-70.53097,44.22196],[-70.52783,44.2202],[-70.52861,44.21279],[-70.52635,44.21077],[-70.52759,44.20873],[-70.5202,44.20626],[-70.52646,44.20457],[-70.52415,44.20021],[-70.57768,44.1624],[-70.58821,44.15637],[-70.59318,44.16134],[-70.60797,44.15411],[-70.62433,44.17104],[-70.6189,44.17385],[-70.70895,44.26805],[-70.68563,44.28051]]]}},{"type":"Feature","id":"04988","properties":{"zip":"04988","pop":null,"city":"Unity","county":"Waldo","state":"Maine","area":36.84,"lat":44.59592,"lon":-69.35955},"geometry":{"type":"Polygon","coordinates":[[[-69.46052,44.64381],[-69.45893,44.64599],[-69.46061,44.64705],[-69.34288,44.63495],[-69.32599,44.65389],[-69.29907,44.64997],[-69.28593,44.62712],[-69.28269,44.57194],[-69.2834,44.55481],[-69.29165,44.53391],[-69.41684,44.55108],[-69.40954,44.57885],[-69.44474,44.58422],[-69.43648,44.61358],[-69.45737,44.61643],[-69.46419,44.64313],[-69.46052,44.64381]]]}},{"type":"Feature","id":"04363","properties":{"zip":"04363","pop":null,"city":"","county":"Kennebec","state":"Maine","area":25.47,"lat":44.31107,"lon":-69.57812},"geometry":{"type":"Polygon","coordinates":[[[-69.64058,44.31183],[-69.6257,44.3618],[-69.50638,44.34287],[-69.52142,44.28056],[-69.53441,44.27221],[-69.53484,44.26736],[-69.5474,44.26099],[-69.65017,44.27963],[-69.64058,44.31183]]]}},{"type":"Feature","id":"04918","properties":{"zip":"04918","pop":null,"city":"","county":"Kennebec","state":"Maine","area":0.42,"lat":44.55008,"lon":-69.86651},"geometry":{"type":"Polygon","coordinates":[[[-69.87301,44.55589],[-69.87231,44.56231],[-69.86835,44.56266],[-69.85922,44.5432],[-69.86091,44.54256],[-69.86027,44.53829],[-69.86327,44.53746],[-69.86641,44.54025],[-69.87301,44.55589]]]}},{"type":"Feature","id":"04763","properties":{"zip":"04763","pop":null,"city":"Oakfield","county":"Aroostook","state":"Maine","area":24.94,"lat":46.08067,"lon":-68.10376},"geometry":{"type":"Polygon","coordinates":[[[-68.16731,46.1235],[-68.03969,46.12282],[-68.03996,46.03869],[-68.1672,46.03758],[-68.16731,46.1235]]]}},{"type":"Feature","id":"04469","properties":{"zip":"04469","pop":null,"city":"Orono","county":"Penobscot","state":"Maine","area":0.59,"lat":44.90254,"lon":-68.66629},"geometry":{"type":"Polygon","coordinates":[[[-68.67475,44.90484],[-68.67229,44.906],[-68.67173,44.91071],[-68.66001,44.91236],[-68.65761,44.89918],[-68.66187,44.89759],[-68.66324,44.89371],[-68.67191,44.89194],[-68.67475,44.90484]]]}},{"type":"Feature","id":"04108","properties":{"zip":"04108","pop":null,"city":"Portland","county":"Cumberland","state":"Maine","area":0.97,"lat":43.66025,"lon":-70.18907},"geometry":{"type":"Polygon","coordinates":[[[-70.20116,43.65194],[-70.1995,43.65452],[-70.20069,43.66295],[-70.19783,43.66312],[-70.18714,43.67395],[-70.1831,43.67516],[-70.18215,43.6657],[-70.17718,43.66345],[-70.17666,43.65977],[-70.17959,43.65538],[-70.18405,43.65109],[-70.19974,43.64937],[-70.20116,43.65194]]]}},{"type":"Feature","id":"04254","properties":{"zip":"04254","pop":null,"city":"Livermore Falls","county":"Androscoggin","state":"Maine","area":14.58,"lat":44.43246,"lon":-70.14261},"geometry":{"type":"Polygon","coordinates":[[[-70.19976,44.47826],[-70.12939,44.48722],[-70.10049,44.38385],[-70.12217,44.38113],[-70.12005,44.37271],[-70.1532,44.36936],[-70.15199,44.37137],[-70.15328,44.38263],[-70.1504,44.38963],[-70.15343,44.40014],[-70.15292,44.41489],[-70.17356,44.42492],[-70.17357,44.45077],[-70.17876,44.45809],[-70.18384,44.46079],[-70.18557,44.46724],[-70.19976,44.47826]]]}},{"type":"Feature","id":"04978","properties":{"zip":"04978","pop":null,"city":"","county":"Somerset","state":"Maine","area":17.64,"lat":44.63469,"lon":-69.8079},"geometry":{"type":"Polygon","coordinates":[[[-69.86773,44.65879],[-69.86438,44.65853],[-69.8628,44.6697],[-69.83254,44.67404],[-69.82886,44.67155],[-69.79092,44.67873],[-69.78027,44.67712],[-69.74428,44.60261],[-69.77629,44.60824],[-69.78732,44.59411],[-69.79281,44.57733],[-69.81847,44.58131],[-69.81657,44.58422],[-69.81848,44.58755],[-69.81715,44.59777],[-69.82213,44.60073],[-69.82036,44.60318],[-69.82265,44.60464],[-69.82244,44.60759],[-69.82753,44.60793],[-69.85327,44.62151],[-69.84987,44.62202],[-69.86466,44.64438],[-69.86866,44.65386],[-69.86773,44.65879]]]}},{"type":"Feature","id":"04222","properties":{"zip":"04222","pop":null,"city":"","county":"Androscoggin","state":"Maine","area":28.2,"lat":43.96426,"lon":-70.12998},"geometry":{"type":"Polygon","coordinates":[[[-70.22462,43.97858],[-70.21983,43.97577],[-70.21244,43.97972],[-70.1709,44.02097],[-70.16715,44.01918],[-70.16506,44.00835],[-70.14498,43.99856],[-70.13126,43.98491],[-70.12783,43.98386],[-70.11568,43.99229],[-70.10459,43.99582],[-70.10015,43.99969],[-70.09504,44.00851],[-70.08881,44.00989],[-70.08413,44.00593],[-70.08216,44.0003],[-70.07767,43.99719],[-70.06845,43.99644],[-70.04825,43.98937],[-70.04659,43.98564],[-70.03424,43.97566],[-70.08084,43.92646],[-70.09233,43.93195],[-70.11586,43.90671],[-70.20365,43.94793],[-70.20028,43.95199],[-70.22924,43.97406],[-70.22462,43.97858]]]}},{"type":"Feature","id":"04431","properties":{"zip":"04431","pop":null,"city":"","county":"Hancock","state":"Maine","area":0.06,"lat":44.56511,"lon":-68.66854},"geometry":{"type":"Polygon","coordinates":[[[-68.6743,44.56743],[-68.66549,44.56579],[-68.66222,44.56155],[-68.67714,44.56762],[-68.6743,44.56743]]]}},{"type":"Feature","id":"04943","properties":{"zip":"04943","pop":null,"city":"Hartland","county":"Somerset","state":"Maine","area":30.42,"lat":44.87986,"lon":-69.5205},"geometry":{"type":"Polygon","coordinates":[[[-69.61127,44.88026],[-69.60385,44.88862],[-69.60789,44.89202],[-69.60312,44.89734],[-69.60299,44.89982],[-69.60059,44.90042],[-69.59921,44.9046],[-69.59713,44.90458],[-69.59549,44.9077],[-69.58506,44.9101],[-69.58139,44.90843],[-69.57344,44.91136],[-69.56994,44.91422],[-69.57147,44.91902],[-69.56075,44.9147],[-69.56743,44.91895],[-69.55339,44.91686],[-69.55416,44.91928],[-69.55011,44.92311],[-69.55192,44.92502],[-69.55058,44.92704],[-69.46808,44.93895],[-69.46939,44.93464],[-69.46797,44.93239],[-69.47097,44.92994],[-69.47272,44.917],[-69.4708,44.90916],[-69.4713,44.90146],[-69.46918,44.89789],[-69.46539,44.89624],[-69.463,44.89079],[-69.44459,44.89305],[-69.44016,44.87885],[-69.44915,44.87777],[-69.43921,44.8459],[-69.47022,44.84148],[-69.47109,44.84366],[-69.47459,44.84221],[-69.47424,44.84091],[-69.48462,44.83939],[-69.47902,44.81829],[-69.52165,44.81209],[-69.525,44.82425],[-69.52217,44.82392],[-69.52239,44.82582],[-69.53244,44.85919],[-69.60747,44.85286],[-69.61497,44.87981],[-69.61127,44.88026]]]}},{"type":"Feature","id":"04239","properties":{"zip":"04239","pop":null,"city":"Chisholm","county":"Franklin","state":"Maine","area":35.12,"lat":44.53056,"lon":-70.20935},"geometry":{"type":"Polygon","coordinates":[[[-70.30766,44.53788],[-70.27781,44.57307],[-70.15248,44.58931],[-70.13957,44.53823],[-70.12939,44.48722],[-70.20128,44.47798],[-70.2389,44.45894],[-70.25089,44.5034],[-70.26939,44.50118],[-70.27062,44.50622],[-70.28091,44.50509],[-70.28989,44.54025],[-70.30766,44.53788]]]}},{"type":"Feature","id":"04451","properties":{"zip":"04451","pop":null,"city":"","county":"Aroostook","state":"Maine","area":40.18,"lat":45.6035,"lon":-68.21913},"geometry":{"type":"Polygon","coordinates":[[[-68.29986,45.62508],[-68.29939,45.67307],[-68.16619,45.67331],[-68.16682,45.62038],[-68.18035,45.61801],[-68.16112,45.56643],[-68.15828,45.56424],[-68.13987,45.56785],[-68.13263,45.566],[-68.12931,45.5628],[-68.13128,45.56081],[-68.12771,45.55849],[-68.12693,45.55607],[-68.13054,45.55406],[-68.1283,45.55268],[-68.13114,45.55207],[-68.13103,45.54952],[-68.13821,45.5426],[-68.13123,45.54026],[-68.12969,45.53626],[-68.16307,45.53008],[-68.16172,45.52562],[-68.22803,45.51543],[-68.2575,45.59795],[-68.30081,45.59053],[-68.29986,45.62508]]]}},{"type":"Feature","id":"04683","properties":{"zip":"04683","pop":null,"city":"","county":"Hancock","state":"Maine","area":0.29,"lat":44.23623,"lon":-68.82377},"geometry":{"type":"Polygon","coordinates":[[[-68.83144,44.23374],[-68.82749,44.23576],[-68.82762,44.24035],[-68.82342,44.24233],[-68.81822,44.24325],[-68.81842,44.2404],[-68.81561,44.23781],[-68.81996,44.23544],[-68.82024,44.22935],[-68.82377,44.23502],[-68.82466,44.22938],[-68.82622,44.22894],[-68.83106,44.23114],[-68.83144,44.23374]]]}},{"type":"Feature","id":"04083","properties":{"zip":"04083","pop":null,"city":"Sanford","county":"York","state":"Maine","area":7.43,"lat":43.46726,"lon":-70.81361},"geometry":{"type":"Polygon","coordinates":[[[-70.86279,43.47022],[-70.82888,43.47425],[-70.83149,43.48694],[-70.78296,43.49171],[-70.77444,43.48776],[-70.77962,43.48265],[-70.77377,43.47905],[-70.77673,43.47622],[-70.76738,43.47112],[-70.7784,43.45943],[-70.782,43.46094],[-70.77885,43.45202],[-70.78923,43.45396],[-70.78843,43.45231],[-70.79562,43.44276],[-70.81047,43.44653],[-70.81521,43.4508],[-70.83291,43.45513],[-70.83783,43.45001],[-70.83698,43.4488],[-70.84065,43.44345],[-70.84448,43.44299],[-70.85992,43.45424],[-70.8568,43.45631],[-70.87207,43.46911],[-70.86279,43.47022]]]}},{"type":"Feature","id":"04992","properties":{"zip":"04992","pop":null,"city":"Farmington","county":"Franklin","state":"Maine","area":0.06,"lat":44.66019,"lon":-70.15601},"geometry":{"type":"Polygon","coordinates":[[[-70.15967,44.66206],[-70.15372,44.6625],[-70.15307,44.65707],[-70.15802,44.65866],[-70.15914,44.66174],[-70.16328,44.66105],[-70.15967,44.66206]]]}},{"type":"Feature","id":"04675","properties":{"zip":"04675","pop":null,"city":"","county":"Hancock","state":"Maine","area":2.32,"lat":44.30078,"lon":-68.24229},"geometry":{"type":"Polygon","coordinates":[[[-68.26783,44.30459],[-68.26089,44.30551],[-68.25878,44.30712],[-68.25902,44.31049],[-68.24756,44.31073],[-68.24285,44.2959],[-68.24127,44.29629],[-68.24315,44.30665],[-68.24726,44.31349],[-68.23735,44.31174],[-68.23372,44.31593],[-68.22892,44.31741],[-68.22348,44.31161],[-68.22186,44.30873],[-68.22271,44.30518],[-68.21978,44.30432],[-68.21808,44.29874],[-68.22426,44.29023],[-68.23092,44.28785],[-68.23591,44.28904],[-68.23923,44.29584],[-68.24256,44.2955],[-68.24494,44.29125],[-68.24232,44.28819],[-68.24826,44.28832],[-68.2535,44.29261],[-68.25944,44.28802],[-68.2668,44.28843],[-68.26771,44.29306],[-68.26583,44.29768],[-68.26783,44.30459]]]}},{"type":"Feature","id":"04619","properties":{"zip":"04619","pop":null,"city":"Calais","county":"Washington","state":"Maine","area":28.35,"lat":45.13399,"lon":-67.22396},"geometry":{"type":"Polygon","coordinates":[[[-67.30547,45.14483],[-67.29821,45.14667],[-67.29488,45.14967],[-67.29436,45.15351],[-67.30173,45.15712],[-67.30257,45.16135],[-67.29924,45.16894],[-67.29142,45.17145],[-67.29374,45.17797],[-67.29078,45.1817],[-67.2906,45.18759],[-67.28362,45.19202],[-67.27108,45.19108],[-67.2467,45.18077],[-67.24401,45.17827],[-67.24229,45.17224],[-67.23305,45.16859],[-67.22732,45.16365],[-67.22316,45.1637],[-67.20393,45.17141],[-67.19117,45.16588],[-67.16787,45.16459],[-67.15941,45.16219],[-67.12277,45.12477],[-67.24267,45.07198],[-67.30547,45.14483]]]}},{"type":"Feature","id":"04364","properties":{"zip":"04364","pop":null,"city":"Winthrop","county":"Kennebec","state":"Maine","area":27.06,"lat":44.31167,"lon":-69.96151},"geometry":{"type":"Polygon","coordinates":[[[-70.04579,44.29557],[-70.04367,44.30989],[-70.02977,44.30851],[-70.01703,44.35927],[-69.95661,44.34878],[-69.93518,44.34941],[-69.88342,44.34163],[-69.88056,44.33952],[-69.87986,44.33476],[-69.87652,44.33285],[-69.88022,44.32149],[-69.91072,44.26883],[-69.92324,44.27093],[-69.93742,44.26768],[-69.98289,44.27512],[-69.98973,44.2714],[-69.99187,44.26724],[-70.00604,44.26947],[-70.00434,44.27839],[-70.04129,44.2841],[-70.03905,44.28623],[-70.04482,44.28802],[-70.04579,44.29557]]]}},{"type":"Feature","id":"04330","properties":{"zip":"04330","pop":null,"city":"Augusta","county":"Kennebec","state":"Maine","area":88.32,"lat":44.36388,"lon":-69.73722},"geometry":{"type":"Polygon","coordinates":[[[-69.83327,44.35069],[-69.81852,44.39175],[-69.83213,44.39389],[-69.79223,44.48405],[-69.78321,44.49034],[-69.77616,44.50044],[-69.76619,44.50608],[-69.76048,44.51414],[-69.67657,44.50047],[-69.68386,44.48031],[-69.68311,44.47693],[-69.68684,44.45846],[-69.69599,44.44257],[-69.70159,44.42689],[-69.7146,44.41072],[-69.72384,44.40444],[-69.72788,44.39768],[-69.72978,44.38791],[-69.72706,44.38094],[-69.72904,44.37775],[-69.6257,44.3618],[-69.66544,44.22758],[-69.67459,44.22904],[-69.67381,44.23135],[-69.68147,44.23396],[-69.68819,44.2349],[-69.68942,44.23126],[-69.74656,44.24057],[-69.74608,44.24287],[-69.7686,44.24657],[-69.76786,44.25349],[-69.77302,44.26213],[-69.78628,44.27192],[-69.78951,44.28011],[-69.78754,44.28829],[-69.77962,44.29565],[-69.80166,44.29926],[-69.80054,44.30268],[-69.8106,44.30429],[-69.80892,44.30974],[-69.8271,44.31403],[-69.82702,44.3178],[-69.83237,44.31874],[-69.82974,44.32526],[-69.82631,44.32476],[-69.82455,44.3286],[-69.83377,44.33209],[-69.82854,44.3465],[-69.83389,44.34672],[-69.83327,44.35069]]]}},{"type":"Feature","id":"04543","properties":{"zip":"04543","pop":null,"city":"Damariscotta","county":"Lincoln","state":"Maine","area":10.53,"lat":44.03442,"lon":-69.49226},"geometry":{"type":"Polygon","coordinates":[[[-69.54481,44.01522],[-69.54218,44.02214],[-69.53388,44.03356],[-69.51583,44.04056],[-69.51422,44.04487],[-69.52438,44.04809],[-69.51949,44.05842],[-69.51161,44.05638],[-69.50142,44.06611],[-69.47224,44.06187],[-69.45863,44.06392],[-69.4459,44.05516],[-69.44391,44.05148],[-69.44399,44.04368],[-69.45121,44.03044],[-69.45213,44.02488],[-69.46133,44.0188],[-69.46784,44.01774],[-69.47573,44.00695],[-69.4995,44.00873],[-69.54089,44.00432],[-69.54102,44.00881],[-69.54474,44.0117],[-69.54481,44.01522]]]}},{"type":"Feature","id":"04102","properties":{"zip":"04102","pop":null,"city":"Portland","county":"Cumberland","state":"Maine","area":4.79,"lat":43.6586,"lon":-70.30588},"geometry":{"type":"Polygon","coordinates":[[[-70.3408,43.65226],[-70.34533,43.65474],[-70.33743,43.66204],[-70.3351,43.66188],[-70.32981,43.67715],[-70.32723,43.67637],[-70.32367,43.68426],[-70.31435,43.68614],[-70.31277,43.68573],[-70.31473,43.68292],[-70.30177,43.67449],[-70.3047,43.66987],[-70.2789,43.66175],[-70.27389,43.65743],[-70.27337,43.65599],[-70.27607,43.65539],[-70.2677,43.65391],[-70.26654,43.65161],[-70.25991,43.64922],[-70.258,43.64506],[-70.26223,43.64192],[-70.2809,43.63905],[-70.28696,43.64572],[-70.31721,43.64597],[-70.31366,43.64958],[-70.3474,43.64534],[-70.3408,43.65226]]]}},{"type":"Feature","id":"04471","properties":{"zip":"04471","pop":null,"city":"","county":"Aroostook","state":"Maine","area":68.32,"lat":45.89119,"lon":-67.84689},"geometry":{"type":"Polygon","coordinates":[[[-67.91405,45.86487],[-67.91181,46.00201],[-67.78112,46.00078],[-67.77998,45.93816],[-67.77763,45.93421],[-67.77356,45.93482],[-67.77159,45.93196],[-67.76585,45.93059],[-67.7659,45.92795],[-67.75752,45.92593],[-67.75865,45.92385],[-67.75042,45.9179],[-67.7557,45.91168],[-67.765,45.90979],[-67.76874,45.89795],[-67.77527,45.89618],[-67.77808,45.89753],[-67.77916,45.89512],[-67.78534,45.89565],[-67.79693,45.88796],[-67.79896,45.88426],[-67.80332,45.88372],[-67.80472,45.87404],[-67.80235,45.86763],[-67.79649,45.86579],[-67.7978,45.86438],[-67.79651,45.85996],[-67.78968,45.85175],[-67.76918,45.83933],[-67.76281,45.82852],[-67.75507,45.82367],[-67.76553,45.81881],[-67.78008,45.81819],[-67.78044,45.81621],[-67.80199,45.80355],[-67.8066,45.79472],[-67.80363,45.78162],[-67.80485,45.77369],[-67.88295,45.77372],[-67.88729,45.78546],[-67.91398,45.78064],[-67.91397,45.8049],[-67.91534,45.80491],[-67.91405,45.86487]]]}},{"type":"Feature","id":"04772","properties":{"zip":"04772","pop":null,"city":"","county":"Aroostook","state":"Maine","area":23.89,"lat":47.23361,"lon":-68.32743},"geometry":{"type":"Polygon","coordinates":[[[-68.41998,47.20221],[-68.40997,47.21775],[-68.40553,47.24844],[-68.37397,47.24795],[-68.38604,47.25991],[-68.36601,47.26858],[-68.36678,47.2709],[-68.35093,47.27794],[-68.34627,47.2732],[-68.32533,47.28189],[-68.3024,47.28178],[-68.30291,47.28876],[-68.29029,47.28892],[-68.28989,47.27232],[-68.28692,47.26768],[-68.28025,47.26324],[-68.27795,47.25834],[-68.26466,47.25097],[-68.26253,47.24141],[-68.25859,47.23584],[-68.25972,47.22942],[-68.25545,47.22025],[-68.25368,47.21889],[-68.24969,47.21999],[-68.24023,47.21578],[-68.23148,47.21544],[-68.21955,47.20302],[-68.21519,47.20076],[-68.41696,47.19952],[-68.41998,47.20221]]]}},{"type":"Feature","id":"04426","properties":{"zip":"04426","pop":null,"city":"Dover-Foxcroft","county":"Piscataquis","state":"Maine","area":89.38,"lat":45.18504,"lon":-69.15844},"geometry":{"type":"Polygon","coordinates":[[[-69.31276,45.30741],[-69.30604,45.30351],[-69.30853,45.3023],[-69.30622,45.29872],[-69.27691,45.29259],[-69.26781,45.28483],[-69.25581,45.29131],[-69.2631,45.29755],[-69.25388,45.29828],[-69.25449,45.30122],[-69.23915,45.30111],[-69.23621,45.29845],[-69.22871,45.29772],[-69.21778,45.30226],[-69.21419,45.30718],[-69.20885,45.30593],[-69.20375,45.30173],[-69.20054,45.29279],[-69.18835,45.2922],[-69.18443,45.27705],[-69.15593,45.28089],[-69.14832,45.27106],[-69.14158,45.26937],[-69.14532,45.26869],[-69.14491,45.26705],[-69.16006,45.26986],[-69.17078,45.26729],[-69.17994,45.26854],[-69.17829,45.26625],[-69.18085,45.26471],[-69.16158,45.19317],[-69.1322,45.19678],[-69.12839,45.1964],[-69.12328,45.19083],[-69.12002,45.1921],[-69.11952,45.19703],[-69.11434,45.19823],[-69.11599,45.20237],[-69.11134,45.20634],[-69.10686,45.20724],[-69.09363,45.20387],[-69.08588,45.2056],[-69.07006,45.20199],[-69.0645,45.20325],[-69.06245,45.20595],[-69.04928,45.20254],[-69.04552,45.20356],[-69.04531,45.20728],[-69.03674,45.20666],[-69.02953,45.21316],[-69.02875,45.21027],[-68.99535,45.21527],[-69.00747,45.21033],[-69.00731,45.2079],[-68.99793,45.20213],[-69.00392,45.19976],[-68.99762,45.17705],[-68.9869,45.16342],[-68.97549,45.16463],[-68.9746,45.16145],[-68.96604,45.1547],[-68.96257,45.1287],[-69.23202,45.09017],[-69.25621,45.17948],[-69.27654,45.17758],[-69.30967,45.29668],[-69.30656,45.29602],[-69.30649,45.29745],[-69.31069,45.30033],[-69.31276,45.30741]]]}},{"type":"Feature","id":"04544","properties":{"zip":"04544","pop":null,"city":"","county":"Lincoln","state":"Maine","area":3.82,"lat":43.83231,"lon":-69.59012},"geometry":{"type":"MultiPolygon","coordinates":[[[[-69.5889,43.77478],[-69.58624,43.77987],[-69.58292,43.7791],[-69.58153,43.77186],[-69.58819,43.77049],[-69.5889,43.77478]]],[[[-69.60221,43.79468],[-69.5996,43.80326],[-69.59389,43.80412],[-69.59959,43.79074],[-69.60303,43.7903],[-69.60221,43.79468]]],[[[-69.60631,43.82343],[-69.60462,43.82579],[-69.59849,43.8255],[-69.59237,43.83089],[-69.59436,43.83584],[-69.58917,43.8513],[-69.59128,43.85196],[-69.59471,43.85888],[-69.60057,43.85836],[-69.60197,43.87021],[-69.59316,43.87226],[-69.58373,43.87716],[-69.57937,43.86892],[-69.56885,43.8591],[-69.57148,43.84413],[-69.57547,43.84197],[-69.57892,43.82882],[-69.57853,43.82332],[-69.5796,43.82157],[-69.5851,43.82213],[-69.58598,43.81845],[-69.59292,43.81138],[-69.60593,43.81486],[-69.60631,43.82343]]],[[[-69.61885,43.75744],[-69.61077,43.7789],[-69.6053,43.78027],[-69.60411,43.77821],[-69.60958,43.77118],[-69.60934,43.76208],[-69.61198,43.7589],[-69.61161,43.75447],[-69.61396,43.75108],[-69.61742,43.75298],[-69.61885,43.75744]]]]}},{"type":"Feature","id":"04350","properties":{"zip":"04350","pop":null,"city":"","county":"Kennebec","state":"Maine","area":28.59,"lat":44.16264,"lon":-69.93937},"geometry":{"type":"Polygon","coordinates":[[[-70.0185,44.15785],[-70.01395,44.15758],[-70.01033,44.16865],[-69.9988,44.16683],[-69.99379,44.18059],[-69.96837,44.17618],[-69.94719,44.2383],[-69.913,44.23265],[-69.91505,44.22789],[-69.92206,44.22515],[-69.92137,44.22264],[-69.91481,44.21773],[-69.9125,44.21121],[-69.90074,44.20705],[-69.89996,44.20384],[-69.89668,44.20167],[-69.89539,44.19421],[-69.89753,44.18854],[-69.8942,44.18277],[-69.87898,44.18007],[-69.86778,44.18159],[-69.85555,44.17916],[-69.84809,44.17052],[-69.86622,44.16208],[-69.8796,44.15169],[-69.8946,44.12314],[-69.89396,44.11846],[-69.8984,44.11087],[-69.89778,44.10766],[-70.01243,44.12543],[-70.01173,44.12801],[-70.02739,44.13058],[-70.0185,44.15785]]]}},{"type":"Feature","id":"04435","properties":{"zip":"04435","pop":null,"city":"","county":"Penobscot","state":"Maine","area":27.4,"lat":44.96438,"lon":-69.13537},"geometry":{"type":"Polygon","coordinates":[[[-69.20852,45.00443],[-69.15618,45.00799],[-69.08623,45.01739],[-69.06239,44.92695],[-69.18353,44.91077],[-69.20852,45.00443]]]}},{"type":"Feature","id":"04979","properties":{"zip":"04979","pop":null,"city":"","county":"Somerset","state":"Maine","area":28.69,"lat":44.9411,"lon":-69.79729},"geometry":{"type":"Polygon","coordinates":[[[-69.87442,44.97756],[-69.74541,44.99454],[-69.72011,44.90496],[-69.85955,44.88717],[-69.8524,44.89061],[-69.85296,44.89493],[-69.85841,44.90303],[-69.85367,44.91961],[-69.86122,44.93458],[-69.86981,44.9379],[-69.86602,44.94737],[-69.86684,44.95196],[-69.87103,44.95689],[-69.86705,44.9665],[-69.8684,44.9725],[-69.87442,44.97756]]]}},{"type":"Feature","id":"04049","properties":{"zip":"04049","pop":null,"city":"","county":"York","state":"Maine","area":31.24,"lat":43.73554,"lon":-70.70278},"geometry":{"type":"Polygon","coordinates":[[[-70.77293,43.75216],[-70.76322,43.77345],[-70.76607,43.79242],[-70.74532,43.78802],[-70.73323,43.78955],[-70.72891,43.79316],[-70.71723,43.79583],[-70.71264,43.79961],[-70.70148,43.79793],[-70.69895,43.80401],[-70.69515,43.8052],[-70.69265,43.80186],[-70.69354,43.79771],[-70.68959,43.79585],[-70.68178,43.79658],[-70.67375,43.7884],[-70.67167,43.78907],[-70.66993,43.79416],[-70.6674,43.7911],[-70.66281,43.79125],[-70.65299,43.78754],[-70.6557,43.78026],[-70.64984,43.76837],[-70.65588,43.76605],[-70.65635,43.76428],[-70.65108,43.75845],[-70.64522,43.75702],[-70.64301,43.75225],[-70.64551,43.74769],[-70.64604,43.74027],[-70.65097,43.73683],[-70.65342,43.73143],[-70.65962,43.7109],[-70.65928,43.70435],[-70.65737,43.70154],[-70.64974,43.69914],[-70.64257,43.70299],[-70.63353,43.70391],[-70.68357,43.65595],[-70.69249,43.67444],[-70.69656,43.67338],[-70.69664,43.67099],[-70.71183,43.66555],[-70.71961,43.66564],[-70.74389,43.69595],[-70.75533,43.7516],[-70.77628,43.7456],[-70.77293,43.75216]]]}},{"type":"Feature","id":"04924","properties":{"zip":"04924","pop":null,"city":"","county":"Somerset","state":"Maine","area":29.91,"lat":44.77924,"lon":-69.54963},"geometry":{"type":"Polygon","coordinates":[[[-69.60747,44.85286],[-69.53244,44.85919],[-69.52239,44.82582],[-69.52217,44.82392],[-69.525,44.82425],[-69.5153,44.78824],[-69.49812,44.7675],[-69.49313,44.74823],[-69.47665,44.74377],[-69.4834,44.72027],[-69.60362,44.70462],[-69.60368,44.7071],[-69.60631,44.70713],[-69.59938,44.71062],[-69.59721,44.71407],[-69.59136,44.71274],[-69.5816,44.71505],[-69.5841,44.71959],[-69.58073,44.72198],[-69.5831,44.72584],[-69.58244,44.73098],[-69.58726,44.73364],[-69.58163,44.73839],[-69.58162,44.74047],[-69.58745,44.74323],[-69.59033,44.74274],[-69.58881,44.75007],[-69.59167,44.75007],[-69.58956,44.75823],[-69.58705,44.75822],[-69.59661,44.80219],[-69.59286,44.80263],[-69.60747,44.85286]]]}},{"type":"Feature","id":"04030","properties":{"zip":"04030","pop":null,"city":"","county":"York","state":"Maine","area":11.84,"lat":43.59306,"lon":-70.69564},"geometry":{"type":"Polygon","coordinates":[[[-70.74522,43.59841],[-70.7335,43.61543],[-70.7159,43.6062],[-70.7134,43.61024],[-70.71602,43.61525],[-70.713,43.61473],[-70.71778,43.62001],[-70.7191,43.61854],[-70.72399,43.62515],[-70.72152,43.62702],[-70.69762,43.61754],[-70.69128,43.62771],[-70.68857,43.62675],[-70.68533,43.62993],[-70.68212,43.63025],[-70.67585,43.63558],[-70.67571,43.63893],[-70.6478,43.58251],[-70.67526,43.55472],[-70.68408,43.56211],[-70.67753,43.56795],[-70.68409,43.56949],[-70.70391,43.56064],[-70.70505,43.56781],[-70.70739,43.57015],[-70.72361,43.56231],[-70.72786,43.56427],[-70.7287,43.56919],[-70.73971,43.56885],[-70.74086,43.59],[-70.73817,43.59297],[-70.74522,43.59841]]]}},{"type":"Feature","id":"04951","properties":{"zip":"04951","pop":null,"city":"","county":"Waldo","state":"Maine","area":27.81,"lat":44.60722,"lon":-69.04586},"geometry":{"type":"Polygon","coordinates":[[[-69.10749,44.58293],[-69.08863,44.65931],[-69.01417,44.67179],[-68.99941,44.62045],[-68.9915,44.62541],[-68.96652,44.61645],[-68.98489,44.59931],[-68.98699,44.59941],[-68.98474,44.59809],[-68.98502,44.59538],[-68.99242,44.59569],[-68.98778,44.57969],[-69.0342,44.54872],[-69.04759,44.54941],[-69.05075,44.54513],[-69.05138,44.5467],[-69.05998,44.54161],[-69.05922,44.54876],[-69.06778,44.54937],[-69.06732,44.55252],[-69.09848,44.55568],[-69.09703,44.57495],[-69.1017,44.58275],[-69.10749,44.58293]]]}},{"type":"Feature","id":"04926","properties":{"zip":"04926","pop":null,"city":"","county":"Kennebec","state":"Maine","area":0.04,"lat":44.48036,"lon":-69.51518},"geometry":{"type":"Polygon","coordinates":[[[-69.51823,44.47833],[-69.51573,44.48291],[-69.51277,44.48188],[-69.5136,44.48006],[-69.51199,44.47904],[-69.51823,44.47833]]]}},{"type":"Feature","id":"04048","properties":{"zip":"04048","pop":null,"city":"Lake Arrowhead","county":"York","state":"Maine","area":20.53,"lat":43.68845,"lon":-70.78658},"geometry":{"type":"Polygon","coordinates":[[[-70.83941,43.70917],[-70.78136,43.73564],[-70.77628,43.7456],[-70.75533,43.7516],[-70.74389,43.69595],[-70.71961,43.66564],[-70.72687,43.66444],[-70.74164,43.66897],[-70.74519,43.6673],[-70.74853,43.66332],[-70.74775,43.65923],[-70.73775,43.65591],[-70.73291,43.64735],[-70.73761,43.64758],[-70.74016,43.64462],[-70.74405,43.64393],[-70.74446,43.6408],[-70.74893,43.64567],[-70.75628,43.64754],[-70.7596,43.65215],[-70.76549,43.65203],[-70.78131,43.65765],[-70.78486,43.65658],[-70.78768,43.65265],[-70.79067,43.65395],[-70.7952,43.65267],[-70.79238,43.64513],[-70.79659,43.63818],[-70.83038,43.64467],[-70.8385,43.65109],[-70.83941,43.70917]]]}},{"type":"Feature","id":"04949","properties":{"zip":"04949","pop":null,"city":"","county":"Waldo","state":"Maine","area":20.27,"lat":44.36719,"lon":-69.34019},"geometry":{"type":"Polygon","coordinates":[[[-69.39412,44.3434],[-69.38587,44.36549],[-69.3822,44.40146],[-69.35744,44.42938],[-69.32496,44.40555],[-69.29071,44.39089],[-69.29525,44.38419],[-69.26888,44.36465],[-69.34662,44.30834],[-69.39412,44.3434]]]}},{"type":"Feature","id":"03907","properties":{"zip":"03907","pop":null,"city":"","county":"York","state":"Maine","area":3.13,"lat":43.25489,"lon":-70.61076},"geometry":{"type":"Polygon","coordinates":[[[-70.65002,43.26247],[-70.65015,43.26385],[-70.63597,43.2635],[-70.63175,43.26543],[-70.62803,43.2627],[-70.62141,43.26662],[-70.6131,43.26768],[-70.60931,43.26456],[-70.60607,43.269],[-70.5985,43.27112],[-70.59419,43.27124],[-70.58626,43.26756],[-70.59391,43.24929],[-70.59215,43.24566],[-70.58858,43.24385],[-70.58787,43.23658],[-70.58147,43.22938],[-70.65121,43.26013],[-70.65002,43.26247]]]}},{"type":"Feature","id":"04743","properties":{"zip":"04743","pop":null,"city":"Fort Kent","county":"Aroostook","state":"Maine","area":114.88,"lat":47.15432,"lon":-68.72512},"geometry":{"type":"MultiPolygon","coordinates":[[[[-68.82656,47.20692],[-68.81216,47.21546],[-68.8037,47.21551],[-68.78138,47.22105],[-68.76435,47.22204],[-68.73477,47.23541],[-68.72858,47.23614],[-68.71787,47.24092],[-68.70531,47.23807],[-68.68766,47.24421],[-68.67591,47.24263],[-68.66196,47.23633],[-68.6539,47.23948],[-68.61241,47.2448],[-68.59468,47.25742],[-68.5933,47.25946],[-68.59873,47.26988],[-68.59252,47.27473],[-68.58872,47.28172],[-68.57855,47.28755],[-68.55175,47.28223],[-68.53959,47.28517],[-68.52907,47.29264],[-68.51798,47.29609],[-68.50743,47.29664],[-68.49039,47.29382],[-68.47485,47.29753],[-68.46628,47.29487],[-68.4619,47.289],[-68.48215,47.27719],[-68.48132,47.24824],[-68.44566,47.24765],[-68.44554,47.18626],[-68.40463,47.17023],[-68.40589,47.16897],[-68.4016,47.16518],[-68.40009,47.1662],[-68.39443,47.15758],[-68.38864,47.1569],[-68.38884,47.15335],[-68.3862,47.15127],[-68.38408,47.15276],[-68.38094,47.14829],[-68.36943,47.14622],[-68.37618,47.14029],[-68.36859,47.13437],[-68.37107,47.133],[-68.37631,47.13439],[-68.37696,47.12389],[-68.38346,47.12029],[-68.38272,47.11186],[-68.38002,47.10752],[-68.48399,47.10554],[-68.48851,47.10872],[-68.48735,47.11034],[-68.4894,47.11355],[-68.49406,47.11304],[-68.53363,47.13034],[-68.54521,47.14272],[-68.55493,47.14279],[-68.56452,47.14727],[-68.56474,47.19827],[-68.69791,47.19643],[-68.69751,47.10256],[-68.81849,47.10195],[-68.82502,47.09842],[-68.82656,47.20692]]],[[[-69.84342,46.84996],[-69.76677,46.92637],[-69.74437,46.92636],[-69.7453,46.91821],[-69.73009,46.9073],[-69.72778,46.89487],[-69.73168,46.8873],[-69.75182,46.89383],[-69.74607,46.88566],[-69.7446,46.87957],[-69.75311,46.85992],[-69.73649,46.8494],[-69.72054,46.83586],[-69.71126,46.8314],[-69.71022,46.82674],[-69.71647,46.82164],[-69.72943,46.82554],[-69.73589,46.82543],[-69.73573,46.82801],[-69.74588,46.82981],[-69.75479,46.83607],[-69.75598,46.83909],[-69.77027,46.84504],[-69.77866,46.85345],[-69.78946,46.85193],[-69.79009,46.85426],[-69.80088,46.86091],[-69.80791,46.85947],[-69.81714,46.86039],[-69.82071,46.85602],[-69.82241,46.84999],[-69.82087,46.84857],[-69.82813,46.84477],[-69.83836,46.84841],[-69.83939,46.84655],[-69.84276,46.84678],[-69.84342,46.84996]]]]}},{"type":"Feature","id":"04401","properties":{"zip":"04401","pop":null,"city":"Bangor","county":"Penobscot","state":"Maine","area":73.42,"lat":44.84712,"lon":-68.84659},"geometry":{"type":"Polygon","coordinates":[[[-68.9831,44.84834],[-68.91337,44.85743],[-68.92044,44.88423],[-68.87844,44.89292],[-68.89333,44.94952],[-68.81298,44.96053],[-68.81089,44.95866],[-68.81392,44.95424],[-68.80633,44.95067],[-68.80411,44.94744],[-68.79175,44.90095],[-68.79545,44.90275],[-68.80266,44.90026],[-68.79522,44.87352],[-68.74438,44.88018],[-68.74137,44.87891],[-68.69619,44.84527],[-68.70012,44.83902],[-68.70092,44.83362],[-68.69607,44.82428],[-68.69874,44.82147],[-68.72397,44.81916],[-68.74626,44.80911],[-68.76814,44.79621],[-68.77627,44.78246],[-68.78115,44.77829],[-68.79175,44.78338],[-68.80826,44.78127],[-68.81113,44.78358],[-68.8194,44.78019],[-68.83643,44.77754],[-68.92078,44.76656],[-68.92122,44.77031],[-68.92348,44.77204],[-68.9286,44.77239],[-68.9329,44.77714],[-68.93883,44.77909],[-68.9462,44.77738],[-68.94119,44.77263],[-68.9464,44.76952],[-68.94616,44.76307],[-68.95885,44.76123],[-68.9831,44.84834]]]}},{"type":"Feature","id":"04970","properties":{"zip":"04970","pop":null,"city":"","county":"Franklin","state":"Maine","area":170.51,"lat":45.00021,"lon":-70.63518},"geometry":{"type":"Polygon","coordinates":[[[-70.79936,45.01633],[-70.77984,45.01838],[-70.79785,45.09851],[-70.79361,45.10124],[-70.79425,45.1072],[-70.78874,45.11373],[-70.79218,45.11728],[-70.79251,45.1209],[-70.78458,45.12683],[-70.78033,45.12394],[-70.77618,45.12548],[-70.76916,45.12427],[-70.76757,45.12645],[-70.75386,45.13048],[-70.74576,45.13705],[-70.73708,45.13502],[-70.72898,45.127],[-70.72586,45.12785],[-70.71943,45.12514],[-70.70778,45.12411],[-70.70006,45.13277],[-70.69525,45.13659],[-70.68782,45.13865],[-70.68572,45.14354],[-70.68236,45.14537],[-70.6754,45.14079],[-70.66827,45.11027],[-70.47489,45.13278],[-70.47227,45.12624],[-70.47528,45.12297],[-70.47292,45.11997],[-70.47519,45.11711],[-70.47452,45.11413],[-70.47969,45.11046],[-70.48276,45.10229],[-70.49253,45.09224],[-70.49165,45.08469],[-70.49653,45.08396],[-70.49762,45.0814],[-70.48607,45.06525],[-70.48144,45.06403],[-70.47979,45.06147],[-70.49039,45.05045],[-70.5215,45.04653],[-70.48744,44.86997],[-70.70436,44.84718],[-70.70221,44.84863],[-70.70364,44.85523],[-70.7016,44.86236],[-70.70383,44.867],[-70.71213,44.87335],[-70.71548,44.88424],[-70.71237,44.88905],[-70.71278,44.89661],[-70.71618,44.90194],[-70.72406,44.903],[-70.72789,44.90629],[-70.74027,44.9098],[-70.75169,44.923],[-70.75332,44.92615],[-70.73882,44.92771],[-70.74513,44.93042],[-70.75853,44.95568],[-70.76838,44.96235],[-70.76905,44.96613],[-70.76693,44.96745],[-70.78417,44.98242],[-70.782,44.99052],[-70.78517,44.9941],[-70.79061,45.00887],[-70.79936,45.01633]]]}},{"type":"Feature","id":"04668","properties":{"zip":"04668","pop":null,"city":"","county":"Washington","state":"Maine","area":191.27,"lat":45.19851,"lon":-67.70535},"geometry":{"type":"Polygon","coordinates":[[[-67.96962,45.21278],[-67.96452,45.21404],[-67.95421,45.21193],[-67.94523,45.20768],[-67.92648,45.19509],[-67.92568,45.19389],[-67.92941,45.19375],[-67.9361,45.19627],[-67.92916,45.19143],[-67.92669,45.18594],[-67.91923,45.18748],[-67.92335,45.18909],[-67.9234,45.19271],[-67.9166,45.18758],[-67.91092,45.18617],[-67.91434,45.20175],[-67.91691,45.20178],[-67.92018,45.20526],[-67.92408,45.21223],[-67.93882,45.2153],[-67.93754,45.21937],[-67.94088,45.22474],[-67.94692,45.22452],[-67.95065,45.23166],[-67.95651,45.2333],[-67.95322,45.23691],[-67.94724,45.23169],[-67.94423,45.23068],[-67.94306,45.23231],[-67.94841,45.23768],[-67.95354,45.23825],[-67.95325,45.24055],[-67.95864,45.24575],[-67.95427,45.24847],[-67.95618,45.25194],[-67.96843,45.2639],[-67.89943,45.27204],[-67.8999,45.27318],[-67.69723,45.30233],[-67.69432,45.29975],[-67.6939,45.30284],[-67.67404,45.30602],[-67.55081,45.31992],[-67.53871,45.27361],[-67.53199,45.26933],[-67.52204,45.25306],[-67.52659,45.251],[-67.53141,45.24502],[-67.53653,45.24495],[-67.45472,45.1495],[-67.51533,45.13],[-67.57403,45.1147],[-67.56024,45.08652],[-67.57415,45.08244],[-67.57772,45.08581],[-67.57962,45.0808],[-67.58959,45.07792],[-67.59492,45.08601],[-67.59746,45.0854],[-67.60102,45.09118],[-67.60325,45.09121],[-67.61187,45.09864],[-67.61911,45.09584],[-67.62219,45.0981],[-67.62718,45.09829],[-67.6329,45.10236],[-67.63777,45.09714],[-67.64584,45.09572],[-67.66244,45.09842],[-67.67267,45.10484],[-67.69202,45.09426],[-67.70652,45.08925],[-67.76239,45.08375],[-67.82599,45.07308],[-67.82834,45.08609],[-67.83196,45.09372],[-67.83093,45.098],[-67.83238,45.10307],[-67.83827,45.10832],[-67.83567,45.1128],[-67.83769,45.11581],[-67.86551,45.12662],[-67.86445,45.13034],[-67.85945,45.13414],[-67.85168,45.1354],[-67.85498,45.14006],[-67.84947,45.1421],[-67.85281,45.14584],[-67.85759,45.14592],[-67.86137,45.15006],[-67.85802,45.15763],[-67.85926,45.17028],[-67.86995,45.16842],[-67.88101,45.16286],[-67.88412,45.16349],[-67.88212,45.16067],[-67.8881,45.15644],[-67.90112,45.16528],[-67.90668,45.16608],[-67.90769,45.171],[-67.91472,45.17605],[-67.9382,45.18106],[-67.9488,45.18545],[-67.95079,45.19103],[-67.94401,45.20065],[-67.94523,45.20262],[-67.95248,45.2052],[-67.9516,45.20674],[-67.95488,45.21037],[-67.96478,45.21303],[-67.96951,45.21153],[-67.96962,45.21278]]]}},{"type":"Feature","id":"04764","properties":{"zip":"04764","pop":null,"city":"","county":"Aroostook","state":"Maine","area":160.39,"lat":46.36846,"lon":-68.34236},"geometry":{"type":"Polygon","coordinates":[[[-68.56786,46.47088],[-68.17373,46.46916],[-68.17393,46.38121],[-68.16529,46.35939],[-68.16631,46.25561],[-68.17186,46.25571],[-68.17228,46.2583],[-68.186,46.26332],[-68.19809,46.26048],[-68.19416,46.25334],[-68.20065,46.25192],[-68.20932,46.26138],[-68.21139,46.26083],[-68.21268,46.26399],[-68.21496,46.26422],[-68.21591,46.26755],[-68.21766,46.26703],[-68.22396,46.27253],[-68.22492,46.27759],[-68.23049,46.27457],[-68.23313,46.27623],[-68.23837,46.27571],[-68.24035,46.2787],[-68.24664,46.27691],[-68.25188,46.27849],[-68.25574,46.27426],[-68.26448,46.27273],[-68.27351,46.27697],[-68.28271,46.27269],[-68.29009,46.27505],[-68.31015,46.27245],[-68.31852,46.26757],[-68.327,46.26543],[-68.32846,46.26324],[-68.33362,46.26645],[-68.3426,46.26559],[-68.33978,46.25668],[-68.34956,46.25787],[-68.35265,46.25495],[-68.35536,46.24796],[-68.35465,46.23737],[-68.3486,46.22058],[-68.36257,46.21723],[-68.36786,46.20697],[-68.43742,46.20753],[-68.43644,46.38212],[-68.56787,46.38254],[-68.56786,46.47088]]]}},{"type":"Feature","id":"04982","properties":{"zip":"04982","pop":null,"city":"","county":"Franklin","state":"Maine","area":31.43,"lat":45.11447,"lon":-70.40503},"geometry":{"type":"Polygon","coordinates":[[[-70.49653,45.08396],[-70.49165,45.08469],[-70.49253,45.09224],[-70.48276,45.10229],[-70.47969,45.11046],[-70.47452,45.11413],[-70.47519,45.11711],[-70.47292,45.11997],[-70.47528,45.12297],[-70.47227,45.12624],[-70.47489,45.13278],[-70.49159,45.13092],[-70.48279,45.13966],[-70.48081,45.14001],[-70.47714,45.13659],[-70.46978,45.13842],[-70.46969,45.14164],[-70.47289,45.1423],[-70.46541,45.15006],[-70.46831,45.15149],[-70.46815,45.15646],[-70.47065,45.15799],[-70.46755,45.16059],[-70.45644,45.16344],[-70.44954,45.16329],[-70.44449,45.15513],[-70.44666,45.15137],[-70.44323,45.1482],[-70.43906,45.14848],[-70.43753,45.14487],[-70.4458,45.14565],[-70.44506,45.14255],[-70.43721,45.14185],[-70.4346,45.14355],[-70.43565,45.14731],[-70.43182,45.14874],[-70.4336,45.14881],[-70.43178,45.1517],[-70.43298,45.15285],[-70.43079,45.15874],[-70.42915,45.15874],[-70.42997,45.16065],[-70.42417,45.16506],[-70.41852,45.144],[-70.36357,45.15248],[-70.36491,45.1576],[-70.31248,45.16468],[-70.31185,45.16285],[-70.30849,45.16318],[-70.29383,45.1099],[-70.40592,45.09487],[-70.39868,45.06563],[-70.49039,45.05045],[-70.47979,45.06147],[-70.48144,45.06403],[-70.48607,45.06525],[-70.49762,45.0814],[-70.49653,45.08396]]]}},{"type":"Feature","id":"04463","properties":{"zip":"04463","pop":null,"city":"Milo","county":"Piscataquis","state":"Maine","area":112.94,"lat":45.28122,"lon":-68.90558},"geometry":{"type":"Polygon","coordinates":[[[-69.05212,45.29544],[-68.93809,45.31226],[-68.94589,45.34165],[-68.94445,45.34675],[-68.95251,45.36689],[-68.94788,45.36532],[-68.94489,45.36739],[-68.9464,45.37143],[-68.94388,45.37617],[-68.94482,45.37928],[-68.93837,45.37974],[-68.93443,45.38381],[-68.93487,45.38766],[-68.93294,45.38967],[-68.92777,45.38759],[-68.92468,45.39825],[-68.92695,45.40176],[-68.92694,45.40707],[-68.93259,45.41632],[-68.93269,45.42045],[-68.9392,45.42632],[-68.94301,45.42664],[-68.83121,45.44243],[-68.77606,45.24032],[-68.88092,45.22495],[-68.85659,45.14278],[-68.96257,45.1287],[-68.96604,45.1547],[-68.9746,45.16145],[-68.97549,45.16463],[-68.9869,45.16342],[-68.99762,45.17705],[-69.00392,45.19976],[-68.99793,45.20213],[-69.00731,45.2079],[-69.00747,45.21033],[-68.99535,45.21527],[-69.02875,45.21027],[-69.05212,45.29544]]]}},{"type":"Feature","id":"04252","properties":{"zip":"04252","pop":null,"city":"Lisbon Falls","county":"Androscoggin","state":"Maine","area":8.13,"lat":44.02727,"lon":-70.06016},"geometry":{"type":"Polygon","coordinates":[[[-70.09236,44.02123],[-70.0895,44.03031],[-70.08955,44.03831],[-70.07955,44.04578],[-70.08922,44.04886],[-70.08592,44.05968],[-70.02882,44.05145],[-70.02698,44.04956],[-70.02523,44.05092],[-70.02725,44.04336],[-70.02513,44.03636],[-70.0293,44.03037],[-70.03416,44.02972],[-70.03642,44.02714],[-70.0328,44.02126],[-70.0375,44.01911],[-70.03718,44.01516],[-70.03329,44.00864],[-70.03553,44.00709],[-70.03234,44.00324],[-70.03756,43.99962],[-70.03929,44.00177],[-70.04348,44.00227],[-70.04382,43.99783],[-70.05075,43.99408],[-70.05182,43.99098],[-70.06845,43.99644],[-70.07767,43.99719],[-70.08216,44.0003],[-70.08413,44.00593],[-70.08881,44.00989],[-70.0863,44.0154],[-70.09236,44.02123]]]}},{"type":"Feature","id":"04640","properties":{"zip":"04640","pop":null,"city":"","county":"Hancock","state":"Maine","area":23.45,"lat":44.53812,"lon":-68.30598},"geometry":{"type":"Polygon","coordinates":[[[-68.396,44.57904],[-68.31289,44.59066],[-68.28882,44.56001],[-68.27773,44.55447],[-68.26772,44.54468],[-68.25386,44.53896],[-68.23797,44.52924],[-68.22605,44.52507],[-68.22264,44.52117],[-68.21166,44.51876],[-68.21832,44.49963],[-68.21856,44.49336],[-68.2264,44.49336],[-68.22393,44.487],[-68.22997,44.47912],[-68.22379,44.46555],[-68.22939,44.4635],[-68.24327,44.47267],[-68.25302,44.48386],[-68.2628,44.48764],[-68.26641,44.49633],[-68.27622,44.50549],[-68.29941,44.51393],[-68.30322,44.52785],[-68.36008,44.51976],[-68.36486,44.52614],[-68.3656,44.53081],[-68.38235,44.52958],[-68.38426,44.53179],[-68.396,44.57904]]]}},{"type":"Feature","id":"04920","properties":{"zip":"04920","pop":null,"city":"","county":"Somerset","state":"Maine","area":161.2,"lat":45.11332,"lon":-69.83839},"geometry":{"type":"Polygon","coordinates":[[[-70.0292,45.1475],[-69.81695,45.17657],[-69.80913,45.20777],[-69.81159,45.21442],[-69.81937,45.22252],[-69.82208,45.23795],[-69.82766,45.24162],[-69.83313,45.25798],[-69.83494,45.27428],[-69.70832,45.29135],[-69.70406,45.27309],[-69.68365,45.2124],[-69.68703,45.20822],[-69.65923,45.11525],[-69.67132,45.11316],[-69.68099,45.10672],[-69.69278,45.10374],[-69.69932,45.09365],[-69.77303,45.08285],[-69.75037,44.99384],[-69.97943,44.96441],[-70.0292,45.1475]]]}},{"type":"Feature","id":"04941","properties":{"zip":"04941","pop":null,"city":"","county":"Waldo","state":"Maine","area":46.66,"lat":44.46516,"lon":-69.30156},"geometry":{"type":"Polygon","coordinates":[[[-69.38482,44.49628],[-69.37242,44.54458],[-69.29165,44.53391],[-69.28921,44.52267],[-69.2593,44.51138],[-69.20344,44.47136],[-69.26888,44.36465],[-69.29525,44.38419],[-69.29071,44.39089],[-69.32496,44.40555],[-69.35744,44.42938],[-69.33964,44.44938],[-69.39599,44.45708],[-69.38482,44.49628]]]}},{"type":"Feature","id":"04653","properties":{"zip":"04653","pop":null,"city":"","county":"Hancock","state":"Maine","area":2.95,"lat":44.23745,"lon":-68.34326},"geometry":{"type":"MultiPolygon","coordinates":[[[[-68.34239,44.19369],[-68.33478,44.20016],[-68.33668,44.20663],[-68.33336,44.20868],[-68.32551,44.20749],[-68.32028,44.20101],[-68.31601,44.20067],[-68.31434,44.19761],[-68.31762,44.19645],[-68.32118,44.19903],[-68.33644,44.19028],[-68.34334,44.19062],[-68.34239,44.19369]]],[[[-68.36539,44.26321],[-68.36388,44.26593],[-68.36671,44.26744],[-68.36382,44.27081],[-68.36006,44.26918],[-68.35493,44.27278],[-68.34851,44.26872],[-68.34534,44.26462],[-68.34636,44.2624],[-68.3435,44.25894],[-68.34462,44.25693],[-68.32042,44.22482],[-68.33018,44.2246],[-68.33383,44.22129],[-68.3395,44.22289],[-68.34313,44.22951],[-68.35166,44.23712],[-68.35395,44.23668],[-68.35181,44.23719],[-68.35201,44.2406],[-68.35567,44.24425],[-68.35316,44.24629],[-68.35787,44.24506],[-68.3608,44.25124],[-68.36849,44.25836],[-68.36539,44.26321]]]]}},{"type":"Feature","id":"04607","properties":{"zip":"04607","pop":null,"city":"","county":"Hancock","state":"Maine","area":34.94,"lat":44.47702,"lon":-68.05227},"geometry":{"type":"MultiPolygon","coordinates":[[[[-68.14202,44.43585],[-68.13941,44.44417],[-68.13465,44.45011],[-68.1299,44.44926],[-68.12491,44.44536],[-68.12515,44.44213],[-68.12895,44.4384],[-68.13394,44.42737],[-68.14012,44.4255],[-68.14297,44.4289],[-68.14202,44.43585]]],[[[-68.1406,44.48335],[-68.13988,44.48709],[-68.10306,44.48988],[-68.07438,44.49421],[-68.07548,44.49827],[-68.07068,44.499],[-68.07131,44.50317],[-68.06437,44.50385],[-68.06748,44.50517],[-68.06456,44.50937],[-68.06527,44.51121],[-68.06945,44.51254],[-68.06948,44.51402],[-68.06053,44.51841],[-68.06771,44.52457],[-68.07119,44.53952],[-68.0279,44.56902],[-68.01072,44.56888],[-67.99144,44.50288],[-67.98452,44.50008],[-67.98995,44.50008],[-67.98764,44.4974],[-67.97911,44.4964],[-67.98103,44.495],[-67.97859,44.48318],[-67.98015,44.47932],[-67.98277,44.47877],[-67.98303,44.47467],[-67.99234,44.46404],[-67.99276,44.4608],[-68.00179,44.46572],[-68.00512,44.46368],[-68.0094,44.46538],[-68.01296,44.46894],[-68.01249,44.47589],[-68.02104,44.47861],[-68.02413,44.48251],[-68.02746,44.48251],[-68.02556,44.47064],[-68.02746,44.46809],[-68.02509,44.4669],[-68.02485,44.46232],[-68.01772,44.45893],[-68.01463,44.45401],[-68.00672,44.45307],[-68.00701,44.44904],[-68.00918,44.44961],[-68.00995,44.44806],[-68.00857,44.43939],[-68.01055,44.43632],[-68.00859,44.43499],[-68.01364,44.43207],[-68.01015,44.43088],[-68.00852,44.42672],[-68.01989,44.41341],[-68.02294,44.4144],[-68.02588,44.40911],[-68.02695,44.40669],[-68.0219,44.39733],[-68.02714,44.39593],[-68.03619,44.389],[-68.04528,44.39073],[-68.04336,44.39104],[-68.05265,44.42372],[-68.11029,44.41551],[-68.11612,44.42686],[-68.11984,44.44566],[-68.11943,44.45951],[-68.11612,44.46164],[-68.11523,44.4679],[-68.12135,44.47895],[-68.1318,44.47589],[-68.14511,44.482],[-68.1406,44.48335]]],[[[-68.16627,44.40666],[-68.15937,44.41209],[-68.15462,44.41345],[-68.15914,44.40581],[-68.16579,44.40037],[-68.16925,44.403],[-68.16627,44.40666]]],[[[-68.18169,44.40423],[-68.17839,44.40734],[-68.17577,44.40564],[-68.17649,44.40258],[-68.18169,44.40423]]],[[[-68.18409,44.38804],[-68.17873,44.38839],[-68.17791,44.38645],[-68.18195,44.38526],[-68.18409,44.38804]]],[[[-68.19669,44.4002],[-68.19479,44.40156],[-68.19086,44.40123],[-68.1917,44.39885],[-68.19669,44.4002]]],[[[-68.21404,44.39885],[-68.20263,44.40037],[-68.20218,44.39744],[-68.21095,44.39681],[-68.21404,44.39885]]]]}},{"type":"Feature","id":"04010","properties":{"zip":"04010","pop":null,"city":"","county":"Oxford","state":"Maine","area":32.37,"lat":43.93343,"lon":-70.91731},"geometry":{"type":"Polygon","coordinates":[[[-70.99481,43.96005],[-70.9187,43.97975],[-70.89081,44.00731],[-70.88527,43.99827],[-70.89128,43.99522],[-70.88562,43.98999],[-70.8929,43.98636],[-70.88899,43.98275],[-70.87518,43.98948],[-70.85857,43.95868],[-70.8494,43.95851],[-70.84296,43.95235],[-70.85241,43.94236],[-70.852,43.94022],[-70.84794,43.938],[-70.85095,43.93432],[-70.84579,43.93331],[-70.85024,43.93173],[-70.84994,43.93011],[-70.84318,43.92928],[-70.83737,43.93274],[-70.83164,43.9316],[-70.82172,43.92775],[-70.8272,43.92673],[-70.82266,43.92134],[-70.82907,43.92141],[-70.82585,43.91748],[-70.82837,43.9159],[-70.82734,43.91445],[-70.85744,43.89617],[-70.86473,43.90132],[-70.86386,43.9043],[-70.86625,43.90666],[-70.8662,43.90429],[-70.86892,43.90222],[-70.86643,43.89911],[-70.86717,43.89666],[-70.87414,43.89748],[-70.87693,43.89484],[-70.87725,43.88905],[-70.99218,43.88626],[-70.99481,43.96005]]]}},{"type":"Feature","id":"04783","properties":{"zip":"04783","pop":null,"city":"","county":"Aroostook","state":"Maine","area":53.84,"lat":47.0357,"lon":-68.189},"geometry":{"type":"Polygon","coordinates":[[[-68.30209,47.04951],[-68.29407,47.05316],[-68.28851,47.05226],[-68.28195,47.05661],[-68.2767,47.05741],[-68.26763,47.05345],[-68.25762,47.04385],[-68.25573,47.05504],[-68.25949,47.07265],[-68.24948,47.07416],[-68.25223,47.07907],[-68.24848,47.08332],[-68.2595,47.0985],[-68.25869,47.10933],[-68.11931,47.1113],[-68.11776,47.10861],[-68.11774,47.09076],[-68.11088,47.08855],[-68.10906,47.08352],[-68.09766,47.07545],[-68.08768,47.07256],[-68.08274,47.07368],[-68.0798,47.08055],[-68.07605,47.08413],[-68.07358,47.08297],[-68.06139,47.08555],[-68.06323,47.02283],[-68.17372,47.02066],[-68.17886,47.01279],[-68.1787,46.92886],[-68.27122,46.92695],[-68.26844,46.92729],[-68.26727,46.93577],[-68.26186,46.93704],[-68.25932,46.94134],[-68.25169,46.94385],[-68.2428,46.95163],[-68.23895,46.9525],[-68.23988,46.95338],[-68.23529,46.95927],[-68.23078,46.9629],[-68.2391,46.96609],[-68.23674,46.96953],[-68.23632,46.9756],[-68.2623,46.98284],[-68.26338,46.98591],[-68.26144,46.9945],[-68.27321,47.00379],[-68.26632,47.00372],[-68.26617,47.01839],[-68.30197,47.01744],[-68.30209,47.04951]]]}},{"type":"Feature","id":"04087","properties":{"zip":"04087","pop":null,"city":"","county":"York","state":"Maine","area":14.59,"lat":43.5623,"lon":-70.74533},"geometry":{"type":"Polygon","coordinates":[[[-70.80648,43.61379],[-70.80373,43.61498],[-70.80351,43.61903],[-70.79881,43.62687],[-70.7939,43.62549],[-70.79139,43.6238],[-70.793,43.61539],[-70.79001,43.61219],[-70.78979,43.60807],[-70.78671,43.60668],[-70.78602,43.60263],[-70.7785,43.59778],[-70.77441,43.5925],[-70.7608,43.59541],[-70.76338,43.5991],[-70.76035,43.60087],[-70.75245,43.6006],[-70.74104,43.59666],[-70.74165,43.59436],[-70.73817,43.59297],[-70.74086,43.59],[-70.73971,43.56885],[-70.7287,43.56919],[-70.72786,43.56427],[-70.72361,43.56231],[-70.70739,43.57015],[-70.70505,43.56781],[-70.70391,43.56064],[-70.68409,43.56949],[-70.67788,43.56836],[-70.68408,43.56211],[-70.67526,43.55472],[-70.71757,43.51215],[-70.76492,43.53537],[-70.76688,43.53817],[-70.76651,43.54679],[-70.77839,43.55828],[-70.7793,43.56259],[-70.78383,43.56497],[-70.78819,43.57121],[-70.79059,43.57098],[-70.79212,43.57549],[-70.79837,43.57466],[-70.80819,43.61497],[-70.80648,43.61379]]]}},{"type":"Feature","id":"04095","properties":{"zip":"04095","pop":null,"city":"","county":"York","state":"Maine","area":22.89,"lat":43.63931,"lon":-70.90765},"geometry":{"type":"MultiPolygon","coordinates":[[[[-70.86864,43.67472],[-70.83807,43.67537],[-70.83814,43.67123],[-70.84285,43.66912],[-70.84506,43.66282],[-70.85241,43.65483],[-70.86113,43.66506],[-70.86325,43.66506],[-70.86385,43.67014],[-70.86864,43.67472]]],[[[-70.97966,43.67321],[-70.88783,43.67443],[-70.88635,43.67321],[-70.89152,43.67066],[-70.88017,43.66983],[-70.87489,43.66434],[-70.86306,43.66221],[-70.85252,43.65411],[-70.87264,43.64747],[-70.86601,43.64434],[-70.85352,43.64782],[-70.84812,43.6474],[-70.8385,43.65109],[-70.83038,43.64467],[-70.8147,43.642],[-70.81124,43.62767],[-70.86376,43.62315],[-70.8569,43.62008],[-70.86064,43.61305],[-70.8756,43.60409],[-70.87658,43.60182],[-70.88622,43.60402],[-70.89004,43.60267],[-70.89384,43.5953],[-70.89973,43.59531],[-70.90385,43.59817],[-70.91216,43.59747],[-70.91969,43.60175],[-70.92881,43.60084],[-70.92892,43.60284],[-70.93237,43.60503],[-70.94093,43.60511],[-70.95655,43.61225],[-70.97512,43.61441],[-70.97966,43.67321]]]]}},{"type":"Feature","id":"04351","properties":{"zip":"04351","pop":null,"city":"","county":"Kennebec","state":"Maine","area":16.25,"lat":44.33189,"lon":-69.86078},"geometry":{"type":"Polygon","coordinates":[[[-69.91072,44.26883],[-69.88022,44.32149],[-69.87652,44.33285],[-69.87986,44.33476],[-69.88056,44.33952],[-69.88436,44.34352],[-69.87429,44.36927],[-69.87652,44.39341],[-69.87977,44.39632],[-69.8783,44.4013],[-69.81852,44.39175],[-69.82206,44.3807],[-69.82356,44.38075],[-69.83389,44.34672],[-69.82854,44.3465],[-69.83377,44.33209],[-69.82455,44.3286],[-69.82631,44.32476],[-69.82974,44.32526],[-69.83237,44.31874],[-69.82702,44.3178],[-69.8271,44.31403],[-69.83134,44.31481],[-69.83422,44.30635],[-69.83733,44.30507],[-69.8402,44.29526],[-69.84855,44.29688],[-69.85247,44.2893],[-69.8469,44.28639],[-69.85557,44.28045],[-69.86284,44.27911],[-69.86726,44.27591],[-69.86704,44.27175],[-69.87619,44.25801],[-69.89024,44.26037],[-69.88872,44.26384],[-69.91072,44.26883]]]}},{"type":"Feature","id":"04109","properties":{"zip":"04109","pop":null,"city":"Portland","county":"Cumberland","state":"Maine","area":1.03,"lat":43.66753,"lon":-70.19971},"geometry":{"type":"MultiPolygon","coordinates":[[[[-70.20973,43.64148],[-70.20343,43.64719],[-70.20225,43.6452],[-70.19746,43.64463],[-70.19261,43.64696],[-70.1907,43.64558],[-70.19741,43.63874],[-70.20593,43.63363],[-70.20571,43.63887],[-70.20973,43.64148]]],[[[-70.21395,43.66616],[-70.20615,43.67172],[-70.20495,43.68185],[-70.20189,43.68548],[-70.19118,43.69047],[-70.18702,43.68545],[-70.19308,43.67344],[-70.20021,43.67052],[-70.21082,43.6617],[-70.21395,43.66616]]]]}},{"type":"Feature","id":"04631","properties":{"zip":"04631","pop":null,"city":"Eastport","county":"Washington","state":"Maine","area":5.85,"lat":44.91352,"lon":-67.01828},"geometry":{"type":"Polygon","coordinates":[[[-67.05019,44.93631],[-67.04548,44.94617],[-67.03853,44.94807],[-67.0383,44.94543],[-67.03255,44.94435],[-67.03347,44.93992],[-67.01045,44.93527],[-67.01597,44.92816],[-67.01449,44.92584],[-66.98787,44.91608],[-66.98447,44.91256],[-66.98312,44.90767],[-66.98407,44.89824],[-66.99476,44.89184],[-66.99035,44.88255],[-66.98739,44.88039],[-66.98592,44.87395],[-66.99855,44.87415],[-66.9981,44.8873],[-67.00615,44.88791],[-67.01359,44.89085],[-67.02039,44.89415],[-67.02929,44.90349],[-67.04223,44.90895],[-67.05227,44.91085],[-67.05019,44.93631]]]}},{"type":"Feature","id":"03904","properties":{"zip":"03904","pop":null,"city":"Kittery","county":"York","state":"Maine","area":9.03,"lat":43.10993,"lon":-70.73213},"geometry":{"type":"Polygon","coordinates":[[[-70.77501,43.10517],[-70.76945,43.10863],[-70.7332,43.14832],[-70.68205,43.12083],[-70.6955,43.11106],[-70.7003,43.11299],[-70.70928,43.1014],[-70.71363,43.10105],[-70.71764,43.09603],[-70.7123,43.0938],[-70.71248,43.09181],[-70.7189,43.09049],[-70.7203,43.07467],[-70.73808,43.07382],[-70.7419,43.07739],[-70.7564,43.07999],[-70.76784,43.0935],[-70.76517,43.09906],[-70.77501,43.10517]]]}},{"type":"Feature","id":"03909","properties":{"zip":"03909","pop":null,"city":"Cape Neddick","county":"York","state":"Maine","area":27.21,"lat":43.16786,"lon":-70.68086},"geometry":{"type":"Polygon","coordinates":[[[-70.75545,43.1965],[-70.70419,43.22894],[-70.70029,43.22662],[-70.69983,43.22147],[-70.69577,43.21695],[-70.68685,43.21599],[-70.68821,43.21576],[-70.68731,43.21319],[-70.68987,43.2135],[-70.69053,43.21294],[-70.68681,43.2118],[-70.68362,43.20638],[-70.67719,43.2045],[-70.67448,43.20085],[-70.67033,43.19941],[-70.67008,43.20108],[-70.6596,43.19411],[-70.64858,43.20486],[-70.64313,43.20493],[-70.64548,43.1899],[-70.63355,43.20102],[-70.62565,43.19504],[-70.62747,43.19423],[-70.62681,43.19162],[-70.61483,43.19275],[-70.60277,43.18803],[-70.60021,43.18446],[-70.60878,43.1756],[-70.60543,43.17229],[-70.60118,43.17421],[-70.59533,43.17141],[-70.59039,43.16517],[-70.59619,43.16347],[-70.6111,43.16843],[-70.61897,43.16363],[-70.62595,43.14738],[-70.62601,43.1433],[-70.62233,43.14231],[-70.62251,43.13457],[-70.6321,43.13614],[-70.63918,43.14059],[-70.64257,43.13516],[-70.64689,43.1376],[-70.64795,43.13506],[-70.64286,43.13235],[-70.64462,43.12898],[-70.64345,43.12809],[-70.63358,43.12963],[-70.63445,43.12028],[-70.63897,43.11872],[-70.63836,43.11418],[-70.65491,43.09925],[-70.66241,43.10117],[-70.6617,43.104],[-70.67,43.11043],[-70.67036,43.11391],[-70.70236,43.13269],[-70.74479,43.15428],[-70.75743,43.1923],[-70.75545,43.1965]],[[-70.61204,43.17348],[-70.60775,43.17195],[-70.61085,43.17479],[-70.6088,43.17713],[-70.61204,43.17348]]]}},{"type":"Feature","id":"04038","properties":{"zip":"04038","pop":null,"city":"Gorham","county":"Cumberland","state":"Maine","area":37.06,"lat":43.70354,"lon":-70.45829},"geometry":{"type":"Polygon","coordinates":[[[-70.5466,43.71316],[-70.4777,43.78558],[-70.48006,43.78658],[-70.47798,43.78886],[-70.47561,43.78783],[-70.4486,43.81699],[-70.45084,43.80889],[-70.45008,43.80249],[-70.44737,43.79959],[-70.4504,43.79369],[-70.45375,43.79138],[-70.455,43.78291],[-70.45211,43.77717],[-70.44377,43.77302],[-70.44922,43.76267],[-70.44685,43.75884],[-70.44824,43.75268],[-70.444,43.74866],[-70.43852,43.74854],[-70.43947,43.74601],[-70.43732,43.73927],[-70.43234,43.74116],[-70.42753,43.7375],[-70.42733,43.73456],[-70.42363,43.7335],[-70.42251,43.72907],[-70.41172,43.7178],[-70.40554,43.71511],[-70.40215,43.70946],[-70.40348,43.70605],[-70.39719,43.70611],[-70.39096,43.7003],[-70.3781,43.69736],[-70.39201,43.65573],[-70.43484,43.61421],[-70.46846,43.63132],[-70.45774,43.64237],[-70.5466,43.71316]]]}},{"type":"Feature","id":"04258","properties":{"zip":"04258","pop":null,"city":"","county":"Androscoggin","state":"Maine","area":21.31,"lat":44.14827,"lon":-70.33783},"geometry":{"type":"Polygon","coordinates":[[[-70.40181,44.14366],[-70.33409,44.21075],[-70.28998,44.19906],[-70.29306,44.19369],[-70.29154,44.19308],[-70.29391,44.18335],[-70.30199,44.17025],[-70.28881,44.1602],[-70.29233,44.15677],[-70.29214,44.1537],[-70.29543,44.14809],[-70.30075,44.14259],[-70.297,44.13473],[-70.30137,44.13199],[-70.29905,44.13054],[-70.29737,44.13186],[-70.29667,44.12808],[-70.29827,44.12631],[-70.29691,44.12533],[-70.30095,44.12298],[-70.29909,44.11877],[-70.30081,44.11194],[-70.30412,44.10828],[-70.30296,44.10732],[-70.30642,44.10348],[-70.30481,44.10153],[-70.30798,44.09821],[-70.3145,44.10064],[-70.31624,44.09664],[-70.31356,44.08577],[-70.30778,44.07964],[-70.31628,44.08435],[-70.31962,44.08321],[-70.32666,44.0874],[-70.32988,44.08647],[-70.33611,44.09069],[-70.33437,44.09264],[-70.34253,44.09002],[-70.34274,44.09141],[-70.33824,44.09242],[-70.34085,44.09388],[-70.34239,44.09881],[-70.34771,44.10158],[-70.35312,44.1007],[-70.36067,44.10571],[-70.36207,44.10429],[-70.36733,44.11],[-70.37929,44.11248],[-70.38255,44.11544],[-70.38265,44.12058],[-70.38812,44.12413],[-70.39437,44.13336],[-70.39805,44.133],[-70.39605,44.13469],[-70.3999,44.13763],[-70.39704,44.1389],[-70.40181,44.14366]]]}},{"type":"Feature","id":"04220","properties":{"zip":"04220","pop":null,"city":"","county":"Oxford","state":"Maine","area":60.72,"lat":44.33507,"lon":-70.35277},"geometry":{"type":"Polygon","coordinates":[[[-70.45835,44.31664],[-70.40029,44.31694],[-70.40368,44.32433],[-70.40243,44.32632],[-70.39112,44.32738],[-70.38777,44.32424],[-70.39132,44.32155],[-70.38989,44.32061],[-70.39065,44.31835],[-70.3964,44.31694],[-70.36397,44.31701],[-70.36276,44.32283],[-70.35994,44.32156],[-70.36713,44.32721],[-70.36394,44.32918],[-70.37414,44.3334],[-70.37553,44.33657],[-70.37145,44.34343],[-70.37345,44.35321],[-70.3758,44.35578],[-70.37443,44.35604],[-70.37686,44.35839],[-70.37379,44.36018],[-70.3775,44.36067],[-70.38183,44.36508],[-70.38475,44.37408],[-70.38202,44.37906],[-70.38617,44.38306],[-70.38619,44.3871],[-70.38811,44.38901],[-70.38595,44.39094],[-70.38814,44.39269],[-70.38691,44.39571],[-70.39506,44.39993],[-70.39706,44.40316],[-70.40458,44.40255],[-70.40874,44.39878],[-70.41411,44.4002],[-70.419,44.4084],[-70.41709,44.41052],[-70.42164,44.41387],[-70.41972,44.42078],[-70.4202,44.42453],[-70.422,44.42503],[-70.40436,44.42162],[-70.37337,44.45204],[-70.36644,44.44849],[-70.35176,44.46332],[-70.33066,44.43556],[-70.31578,44.42026],[-70.30693,44.42035],[-70.30426,44.41041],[-70.28316,44.41295],[-70.28164,44.40696],[-70.27675,44.40753],[-70.26522,44.36291],[-70.31449,44.23725],[-70.38562,44.24561],[-70.37985,44.2389],[-70.39156,44.23903],[-70.40317,44.23352],[-70.4115,44.23457],[-70.41991,44.23156],[-70.45706,44.29317],[-70.44739,44.29641],[-70.4597,44.31668],[-70.45835,44.31664]]]}},{"type":"Feature","id":"04086","properties":{"zip":"04086","pop":null,"city":"Topsham","county":"Sagadahoc","state":"Maine","area":25.64,"lat":43.96137,"lon":-69.9588},"geometry":{"type":"Polygon","coordinates":[[[-70.05111,43.99233],[-70.04382,43.99783],[-70.04348,44.00227],[-70.03929,44.00177],[-70.03756,43.99962],[-70.03326,44.00134],[-70.0353,44.0026],[-70.03234,44.00324],[-70.03553,44.00709],[-69.91089,43.98724],[-69.90966,43.98505],[-69.91091,43.983],[-69.88917,43.96659],[-69.88751,43.97183],[-69.88095,43.97952],[-69.8809,43.9842],[-69.87865,43.98465],[-69.86477,43.9753],[-69.86512,43.96977],[-69.86864,43.96013],[-69.88018,43.9468],[-69.8868,43.94355],[-69.8905,43.93782],[-69.89983,43.93161],[-69.9047,43.92559],[-69.91123,43.92205],[-69.92077,43.92041],[-69.92781,43.91345],[-69.9339,43.91244],[-69.95673,43.92344],[-69.96101,43.92296],[-69.97623,43.91528],[-69.98178,43.91774],[-69.99317,43.93131],[-70.00339,43.93468],[-70.00744,43.94163],[-70.02024,43.94606],[-70.03265,43.97369],[-70.03706,43.97939],[-70.04659,43.98564],[-70.04825,43.98937],[-70.05182,43.99098],[-70.05111,43.99233]]]}},{"type":"Feature","id":"04084","properties":{"zip":"04084","pop":null,"city":"Standish","county":"Cumberland","state":"Maine","area":34.59,"lat":43.76637,"lon":-70.55895},"geometry":{"type":"Polygon","coordinates":[[[-70.65962,43.7109],[-70.65236,43.73352],[-70.65073,43.73359],[-70.64846,43.723],[-70.64571,43.72234],[-70.64393,43.72759],[-70.63581,43.73496],[-70.62739,43.73023],[-70.63066,43.73763],[-70.62429,43.7358],[-70.62326,43.73747],[-70.62542,43.73766],[-70.62401,43.74035],[-70.62613,43.7463],[-70.61654,43.74969],[-70.61863,43.75285],[-70.61648,43.75364],[-70.60999,43.75054],[-70.60399,43.75745],[-70.5919,43.75493],[-70.59488,43.75819],[-70.59138,43.76108],[-70.59322,43.78115],[-70.58913,43.78455],[-70.59105,43.78451],[-70.58892,43.79048],[-70.58406,43.79743],[-70.57834,43.79898],[-70.58943,43.80079],[-70.58606,43.80331],[-70.5918,43.8058],[-70.59853,43.80586],[-70.60207,43.80977],[-70.60914,43.81091],[-70.616,43.81612],[-70.62099,43.81482],[-70.6236,43.80979],[-70.6297,43.81009],[-70.62817,43.8222],[-70.62242,43.82556],[-70.62548,43.82723],[-70.62355,43.83701],[-70.61913,43.84141],[-70.60649,43.83317],[-70.59966,43.83317],[-70.59768,43.83186],[-70.59974,43.83012],[-70.59848,43.82937],[-70.5909,43.82928],[-70.58464,43.8251],[-70.55812,43.82311],[-70.55812,43.81932],[-70.55461,43.81826],[-70.55066,43.81186],[-70.54388,43.81101],[-70.54811,43.80882],[-70.54893,43.80516],[-70.54524,43.80168],[-70.55,43.79732],[-70.54874,43.79524],[-70.54281,43.79467],[-70.54192,43.7916],[-70.54388,43.79149],[-70.54246,43.78913],[-70.53564,43.78879],[-70.53441,43.79091],[-70.52741,43.7876],[-70.52586,43.78147],[-70.53012,43.78042],[-70.53205,43.783],[-70.5336,43.78172],[-70.53057,43.77285],[-70.53095,43.76748],[-70.52262,43.76352],[-70.51527,43.76445],[-70.51404,43.76763],[-70.5034,43.77442],[-70.50264,43.77696],[-70.50639,43.7776],[-70.50459,43.78354],[-70.50841,43.78251],[-70.50244,43.78864],[-70.50423,43.79209],[-70.4995,43.79785],[-70.4995,43.83334],[-70.48673,43.85654],[-70.46586,43.84595],[-70.45939,43.83636],[-70.46221,43.83098],[-70.45376,43.82961],[-70.45171,43.83123],[-70.44654,43.82728],[-70.4486,43.81699],[-70.47561,43.78783],[-70.47798,43.78886],[-70.48006,43.78658],[-70.4777,43.78558],[-70.49071,43.77158],[-70.5466,43.71316],[-70.54997,43.7158],[-70.5774,43.68718],[-70.59534,43.6972],[-70.60564,43.6877],[-70.61207,43.6871],[-70.61105,43.69343],[-70.61449,43.69833],[-70.62215,43.6995],[-70.63087,43.70445],[-70.64257,43.70299],[-70.65195,43.69954],[-70.65737,43.70154],[-70.65928,43.70435],[-70.65962,43.7109]]]}},{"type":"Feature","id":"04693","properties":{"zip":"04693","pop":null,"city":"Winter Harbor","county":"Hancock","state":"Maine","area":10.82,"lat":44.38473,"lon":-68.0781},"geometry":{"type":"MultiPolygon","coordinates":[[[[-68.03522,44.33274],[-68.0321,44.33667],[-68.02913,44.33598],[-68.0315,44.3251],[-68.03436,44.32782],[-68.03522,44.33274]]],[[[-68.10376,44.36436],[-68.10043,44.36538],[-68.0971,44.36198],[-68.09377,44.35621],[-68.09472,44.35145],[-68.10328,44.35824],[-68.10376,44.36436]]],[[[-68.1135,44.40903],[-68.11029,44.41551],[-68.05265,44.42372],[-68.04336,44.39104],[-68.05149,44.38977],[-68.05061,44.38579],[-68.04841,44.38127],[-68.04665,44.38147],[-68.04054,44.36468],[-68.03778,44.36505],[-68.03654,44.36265],[-68.04576,44.35791],[-68.04576,44.34958],[-68.04304,44.34367],[-68.04481,44.33462],[-68.04933,44.33073],[-68.05361,44.33768],[-68.05717,44.33581],[-68.05764,44.33247],[-68.06036,44.33199],[-68.06705,44.33569],[-68.07607,44.34792],[-68.07787,44.37305],[-68.07476,44.37609],[-68.07761,44.38849],[-68.08427,44.38628],[-68.0933,44.39018],[-68.09425,44.3873],[-68.08783,44.37676],[-68.08807,44.37184],[-68.09298,44.37095],[-68.10138,44.37965],[-68.10382,44.38511],[-68.10423,44.38832],[-68.09995,44.39188],[-68.10138,44.39511],[-68.10566,44.39562],[-68.11229,44.40159],[-68.1135,44.40903]]],[[[-68.13822,44.41735],[-68.1261,44.41854],[-68.12063,44.41447],[-68.11778,44.40954],[-68.12111,44.40649],[-68.128,44.40666],[-68.13228,44.41481],[-68.13822,44.41735]]],[[[-68.14915,44.38696],[-68.14777,44.39244],[-68.14369,44.39358],[-68.13537,44.40309],[-68.12943,44.40479],[-68.1261,44.39868],[-68.12562,44.38713],[-68.13394,44.37931],[-68.14055,44.3768],[-68.14439,44.38304],[-68.14837,44.38411],[-68.14915,44.38696]]]]}},{"type":"Feature","id":"04649","properties":{"zip":"04649","pop":null,"city":"Jonesport","county":"Washington","state":"Maine","area":23.85,"lat":44.56602,"lon":-67.58207},"geometry":{"type":"MultiPolygon","coordinates":[[[[-67.44386,44.5554],[-67.43343,44.55892],[-67.43162,44.55731],[-67.43518,44.55562],[-67.44386,44.5554]]],[[[-67.46486,44.57098],[-67.45768,44.57546],[-67.45372,44.57238],[-67.46056,44.56965],[-67.46486,44.57098]]],[[[-67.47448,44.56833],[-67.47138,44.56909],[-67.46965,44.56798],[-67.47424,44.56665],[-67.47448,44.56833]]],[[[-67.48333,44.56096],[-67.48104,44.56505],[-67.47844,44.5651],[-67.48156,44.56007],[-67.48333,44.56096]]],[[[-67.53687,44.53211],[-67.53297,44.53288],[-67.5292,44.53199],[-67.53382,44.52916],[-67.53687,44.53211]]],[[[-67.54161,44.58934],[-67.53863,44.59053],[-67.53437,44.58925],[-67.53334,44.58338],[-67.52312,44.58423],[-67.51599,44.58728],[-67.51841,44.59588],[-67.51424,44.59767],[-67.50268,44.58829],[-67.49034,44.58659],[-67.48153,44.58041],[-67.48212,44.57744],[-67.4908,44.57526],[-67.51243,44.58457],[-67.52003,44.57966],[-67.52146,44.57373],[-67.5168,44.57255],[-67.51148,44.56611],[-67.49864,44.56425],[-67.48914,44.55968],[-67.49175,44.55612],[-67.51053,44.55307],[-67.51841,44.55424],[-67.53328,44.56435],[-67.54161,44.57804],[-67.54161,44.58934]]],[[[-67.56377,44.51055],[-67.56065,44.51379],[-67.55256,44.51566],[-67.53943,44.51539],[-67.53475,44.51962],[-67.53097,44.51851],[-67.52954,44.51309],[-67.51603,44.50665],[-67.51063,44.49641],[-67.51498,44.49126],[-67.52675,44.48364],[-67.53155,44.47411],[-67.53905,44.47206],[-67.54309,44.47375],[-67.54737,44.49054],[-67.54523,44.49563],[-67.56362,44.50725],[-67.56377,44.51055]]],[[[-67.64494,44.56639],[-67.64438,44.57092],[-67.63953,44.57588],[-67.64057,44.58083],[-67.63471,44.58137],[-67.63417,44.58757],[-67.63264,44.58853],[-67.63408,44.58988],[-67.63291,44.59126],[-67.63575,44.59262],[-67.63485,44.59454],[-67.63718,44.59681],[-67.63726,44.60195],[-67.64428,44.61046],[-67.6425,44.6124],[-67.64394,44.61409],[-67.63954,44.61578],[-67.63998,44.61745],[-67.59018,44.63217],[-67.5893,44.62961],[-67.59203,44.62665],[-67.58451,44.61959],[-67.54975,44.62133],[-67.55239,44.61963],[-67.55283,44.61148],[-67.5557,44.61102],[-67.55901,44.61435],[-67.56139,44.60928],[-67.55616,44.59929],[-67.56234,44.58965],[-67.56617,44.57734],[-67.56893,44.5766],[-67.57018,44.56764],[-67.57506,44.56066],[-67.56548,44.55142],[-67.55997,44.53986],[-67.56506,44.53542],[-67.56472,44.53207],[-67.57827,44.52987],[-67.59443,44.53224],[-67.59871,44.52953],[-67.60631,44.52987],[-67.61558,44.52732],[-67.63887,44.52682],[-67.6433,44.52845],[-67.64013,44.53159],[-67.64477,44.53646],[-67.64499,44.53899],[-67.63992,44.54989],[-67.64674,44.56362],[-67.64494,44.56639]]]]}},{"type":"Feature","id":"04574","properties":{"zip":"04574","pop":null,"city":"","county":"Knox","state":"Maine","area":28.08,"lat":44.27338,"lon":-69.39103},"geometry":{"type":"Polygon","coordinates":[[[-69.45125,44.31395],[-69.43699,44.32449],[-69.41643,44.3213],[-69.40457,44.33294],[-69.40908,44.3364],[-69.40227,44.34306],[-69.39677,44.34057],[-69.39436,44.34293],[-69.32766,44.29455],[-69.32749,44.29215],[-69.33015,44.29105],[-69.32838,44.28711],[-69.32934,44.285],[-69.33678,44.27819],[-69.33537,44.27549],[-69.33738,44.27477],[-69.33592,44.27118],[-69.33201,44.26973],[-69.33177,44.26554],[-69.32679,44.26378],[-69.32377,44.25944],[-69.33031,44.25549],[-69.33629,44.2554],[-69.33714,44.25063],[-69.33908,44.25069],[-69.34147,44.24486],[-69.34439,44.24285],[-69.34279,44.24263],[-69.34502,44.24193],[-69.34438,44.23252],[-69.3461,44.23118],[-69.34354,44.22917],[-69.34737,44.22772],[-69.34464,44.22574],[-69.35172,44.22774],[-69.36101,44.22478],[-69.35943,44.22107],[-69.36167,44.21976],[-69.36219,44.21632],[-69.3681,44.21763],[-69.37289,44.214],[-69.37245,44.20875],[-69.36944,44.2076],[-69.37217,44.2054],[-69.40602,44.21067],[-69.40363,44.21914],[-69.43284,44.22674],[-69.44948,44.26227],[-69.44066,44.28443],[-69.45125,44.31395]]]}},{"type":"Feature","id":"04955","properties":{"zip":"04955","pop":null,"city":"","county":"Franklin","state":"Maine","area":32.55,"lat":44.63999,"lon":-70.00811},"geometry":{"type":"Polygon","coordinates":[[[-70.0839,44.69141],[-70.06765,44.70197],[-70.06471,44.70826],[-70.04938,44.70033],[-70.02288,44.70462],[-70.02211,44.70333],[-70.00877,44.70482],[-70.00949,44.70814],[-70.00299,44.70885],[-69.99619,44.6775],[-69.95963,44.68054],[-69.96484,44.67425],[-69.95885,44.67025],[-69.95937,44.66108],[-69.9633,44.66058],[-69.96585,44.6627],[-69.96877,44.66134],[-69.9674,44.6584],[-69.94708,44.64802],[-69.92766,44.60412],[-69.9535,44.57469],[-70.04022,44.58872],[-70.04318,44.60085],[-70.04594,44.60257],[-70.04523,44.60471],[-70.04787,44.6061],[-70.05086,44.61221],[-70.05361,44.61301],[-70.05302,44.61916],[-70.05535,44.62094],[-70.06578,44.6201],[-70.0839,44.69141]]]}},{"type":"Feature","id":"04562","properties":{"zip":"04562","pop":null,"city":"","county":"Sagadahoc","state":"Maine","area":27.45,"lat":43.78774,"lon":-69.82762},"geometry":{"type":"Polygon","coordinates":[[[-69.88734,43.78794],[-69.87132,43.81447],[-69.85017,43.83172],[-69.83693,43.84623],[-69.83818,43.84888],[-69.83336,43.85978],[-69.83469,43.86302],[-69.83333,43.86583],[-69.82325,43.86927],[-69.82421,43.8756],[-69.81048,43.88257],[-69.79665,43.8801],[-69.79508,43.87508],[-69.79635,43.87051],[-69.79426,43.86747],[-69.79592,43.85366],[-69.79358,43.84266],[-69.80285,43.82637],[-69.80531,43.81585],[-69.7967,43.81041],[-69.78855,43.79938],[-69.78685,43.78435],[-69.78336,43.77324],[-69.78443,43.75969],[-69.77993,43.75448],[-69.76961,43.75018],[-69.76746,43.74307],[-69.77072,43.73718],[-69.77863,43.73689],[-69.77833,43.74251],[-69.78284,43.74233],[-69.78998,43.73942],[-69.79354,43.73564],[-69.79031,43.7326],[-69.7914,43.73014],[-69.79592,43.731],[-69.80305,43.72911],[-69.80566,43.72636],[-69.81303,43.72739],[-69.82658,43.72258],[-69.83347,43.71778],[-69.82895,43.70678],[-69.8368,43.69973],[-69.8397,43.70506],[-69.84662,43.70635],[-69.8513,43.70358],[-69.85508,43.70475],[-69.85035,43.71778],[-69.8551,43.71863],[-69.85793,43.72391],[-69.85559,43.73266],[-69.84868,43.74216],[-69.85462,43.74457],[-69.86271,43.74302],[-69.86485,43.73512],[-69.86864,43.73133],[-69.87112,43.73164],[-69.86867,43.7427],[-69.86891,43.75318],[-69.86152,43.75933],[-69.8647,43.76457],[-69.86912,43.76654],[-69.87089,43.76449],[-69.87306,43.76643],[-69.86936,43.77735],[-69.88739,43.77705],[-69.88734,43.78794]]]}},{"type":"Feature","id":"04671","properties":{"zip":"04671","pop":null,"city":"","county":"Washington","state":"Maine","area":22.85,"lat":45.06621,"lon":-67.16239},"geometry":{"type":"Polygon","coordinates":[[[-67.24267,45.07198],[-67.12277,45.12477],[-67.11241,45.11232],[-67.09079,45.06872],[-67.1059,45.06579],[-67.10861,45.05947],[-67.11669,45.05846],[-67.11769,45.05673],[-67.10241,45.04675],[-67.19029,45.00767],[-67.24267,45.07198]]]}},{"type":"Feature","id":"04456","properties":{"zip":"04456","pop":null,"city":"","county":"Penobscot","state":"Maine","area":21.3,"lat":44.88648,"lon":-68.99775},"geometry":{"type":"Polygon","coordinates":[[[-69.06239,44.92695],[-68.97902,44.93804],[-68.96447,44.8844],[-68.92215,44.89013],[-68.91337,44.85743],[-69.03921,44.84096],[-69.06239,44.92695]]]}},{"type":"Feature","id":"04450","properties":{"zip":"04450","pop":null,"city":"","county":"Penobscot","state":"Maine","area":11.87,"lat":44.91593,"lon":-68.92797},"geometry":{"type":"Polygon","coordinates":[[[-68.97902,44.93804],[-68.89333,44.94952],[-68.87844,44.89292],[-68.92044,44.88423],[-68.92215,44.89013],[-68.96447,44.8844],[-68.97902,44.93804]]]}},{"type":"Feature","id":"04776","properties":{"zip":"04776","pop":null,"city":"","county":"Aroostook","state":"Maine","area":67.72,"lat":45.81076,"lon":-68.31825},"geometry":{"type":"Polygon","coordinates":[[[-68.4276,45.94459],[-68.29752,45.94543],[-68.29863,45.7586],[-68.19546,45.75808],[-68.18193,45.74491],[-68.18843,45.74139],[-68.19215,45.7362],[-68.18432,45.72757],[-68.18797,45.71481],[-68.19673,45.71714],[-68.20152,45.70982],[-68.20517,45.71283],[-68.20191,45.70888],[-68.20155,45.70198],[-68.21749,45.69031],[-68.21981,45.68549],[-68.21863,45.67875],[-68.22283,45.67318],[-68.29939,45.67307],[-68.29942,45.66897],[-68.31999,45.66883],[-68.32159,45.67532],[-68.32325,45.67495],[-68.3271,45.67959],[-68.32514,45.68241],[-68.32837,45.68549],[-68.32762,45.68798],[-68.32452,45.68897],[-68.3255,45.69032],[-68.33383,45.68727],[-68.33274,45.68994],[-68.33596,45.69624],[-68.32751,45.70764],[-68.32912,45.72049],[-68.32597,45.7224],[-68.32291,45.72884],[-68.3218,45.73873],[-68.33346,45.75386],[-68.34139,45.75879],[-68.36298,45.7589],[-68.36242,45.77297],[-68.35552,45.77409],[-68.36084,45.77726],[-68.35941,45.78088],[-68.36216,45.7836],[-68.3617,45.79699],[-68.35787,45.79595],[-68.35556,45.80163],[-68.36002,45.80706],[-68.35836,45.81151],[-68.36273,45.82511],[-68.36971,45.8403],[-68.37271,45.84151],[-68.36991,45.84295],[-68.3769,45.84416],[-68.37681,45.85176],[-68.42662,45.85338],[-68.4276,45.94459]]]}},{"type":"Feature","id":"04648","properties":{"zip":"04648","pop":null,"city":"","county":"Washington","state":"Maine","area":22.35,"lat":44.65894,"lon":-67.59592},"geometry":{"type":"Polygon","coordinates":[[[-67.66907,44.67155],[-67.67171,44.68156],[-67.58386,44.70515],[-67.57439,44.69622],[-67.57548,44.69303],[-67.57211,44.6912],[-67.56727,44.68282],[-67.56863,44.68033],[-67.54718,44.67527],[-67.50944,44.67818],[-67.49975,44.66293],[-67.52289,44.65603],[-67.5188,44.6491],[-67.52536,44.64732],[-67.52701,44.65284],[-67.53055,44.65214],[-67.52885,44.64648],[-67.5431,44.63609],[-67.54168,44.62644],[-67.54975,44.62133],[-67.58451,44.61959],[-67.59203,44.62665],[-67.5893,44.62961],[-67.59018,44.63217],[-67.63998,44.61745],[-67.64077,44.61966],[-67.64504,44.61966],[-67.64696,44.62655],[-67.64554,44.62962],[-67.64842,44.63337],[-67.64739,44.63506],[-67.65839,44.63853],[-67.66513,44.6438],[-67.67284,44.67122],[-67.66907,44.67155]]]}},{"type":"Feature","id":"04551","properties":{"zip":"04551","pop":null,"city":"","county":"Lincoln","state":"Maine","area":15.59,"lat":44.00667,"lon":-69.42708},"geometry":{"type":"MultiPolygon","coordinates":[[[[-69.39566,43.96057],[-69.39483,43.96487],[-69.38735,43.9672],[-69.39147,43.95766],[-69.39329,43.95642],[-69.39685,43.95796],[-69.39566,43.96057]]],[[[-69.48583,43.99388],[-69.46784,44.01774],[-69.46133,44.0188],[-69.45213,44.02488],[-69.45121,44.03044],[-69.44399,44.04368],[-69.44391,44.05148],[-69.44852,44.05704],[-69.43759,44.06341],[-69.40591,44.04767],[-69.40782,44.04576],[-69.40807,44.04004],[-69.40501,44.03818],[-69.40434,44.02811],[-69.39855,44.02655],[-69.38931,44.01836],[-69.38673,44.01276],[-69.38249,44.00987],[-69.37684,44.01026],[-69.36881,44.0141],[-69.364,44.01287],[-69.36829,43.99514],[-69.37903,43.99542],[-69.37998,43.98721],[-69.38426,43.97849],[-69.38402,43.97421],[-69.39424,43.96942],[-69.39832,43.97069],[-69.39947,43.98242],[-69.40612,43.98584],[-69.41617,43.97727],[-69.42324,43.96155],[-69.42823,43.95728],[-69.4306,43.9583],[-69.43169,43.96455],[-69.42728,43.97301],[-69.4268,43.97832],[-69.43773,43.97575],[-69.44429,43.96789],[-69.47322,43.98215],[-69.49085,43.98549],[-69.48583,43.99388]]]]}},{"type":"Feature","id":"04558","properties":{"zip":"04558","pop":null,"city":"","county":"Lincoln","state":"Maine","area":4.83,"lat":43.8997,"lon":-69.5149},"geometry":{"type":"Polygon","coordinates":[[[-69.54238,43.89033],[-69.5417,43.89898],[-69.53311,43.90484],[-69.53227,43.93044],[-69.52442,43.93037],[-69.52633,43.92394],[-69.52029,43.91148],[-69.51611,43.91174],[-69.51368,43.90845],[-69.50688,43.90557],[-69.50696,43.91923],[-69.51068,43.92184],[-69.51083,43.9267],[-69.50191,43.93045],[-69.49882,43.92546],[-69.49769,43.92796],[-69.49596,43.92727],[-69.49687,43.92228],[-69.49249,43.91604],[-69.49698,43.91273],[-69.49337,43.90738],[-69.4874,43.90811],[-69.48682,43.90391],[-69.48925,43.90361],[-69.48411,43.8919],[-69.49133,43.88679],[-69.49131,43.88319],[-69.49991,43.88143],[-69.50133,43.88344],[-69.50704,43.88397],[-69.51005,43.88144],[-69.51412,43.88121],[-69.52,43.87627],[-69.51978,43.87985],[-69.52168,43.88029],[-69.52436,43.87741],[-69.52248,43.87528],[-69.52544,43.87519],[-69.52544,43.87715],[-69.53637,43.87732],[-69.54379,43.88158],[-69.54238,43.89033]]]}},{"type":"Feature","id":"04625","properties":{"zip":"04625","pop":null,"city":"","county":"Hancock","state":"Maine","area":2.15,"lat":44.25085,"lon":-68.25527},"geometry":{"type":"MultiPolygon","coordinates":[[[[-68.20358,44.24275],[-68.20263,44.24547],[-68.1977,44.24635],[-68.1936,44.24411],[-68.19307,44.23901],[-68.19898,44.2367],[-68.20321,44.23927],[-68.20358,44.24275]]],[[[-68.27013,44.27577],[-68.24827,44.27696],[-68.24565,44.27424],[-68.24874,44.27015],[-68.26324,44.27032],[-68.26966,44.27287],[-68.27013,44.27577]]],[[[-68.26942,44.28564],[-68.26562,44.28496],[-68.26609,44.28274],[-68.27061,44.28325],[-68.26942,44.28564]]],[[[-68.27472,44.25867],[-68.26681,44.25739],[-68.26213,44.26077],[-68.25064,44.25756],[-68.24631,44.24654],[-68.24353,44.24563],[-68.24491,44.24253],[-68.24314,44.24099],[-68.24891,44.23544],[-68.2604,44.23714],[-68.26667,44.23403],[-68.27443,44.2371],[-68.27686,44.24079],[-68.27472,44.25867]]]]}},{"type":"Feature","id":"04287","properties":{"zip":"04287","pop":null,"city":"","county":"Sagadahoc","state":"Maine","area":31.23,"lat":44.05817,"lon":-69.96934},"geometry":{"type":"Polygon","coordinates":[[[-70.0375,44.01911],[-70.0328,44.02126],[-70.03642,44.02714],[-70.03416,44.02972],[-70.0293,44.03037],[-70.02513,44.03636],[-70.02725,44.04336],[-70.00547,44.12452],[-69.89778,44.10766],[-69.90166,44.1032],[-69.9353,43.99138],[-70.03553,44.00709],[-70.03329,44.00864],[-70.0375,44.01911]]]}},{"type":"Feature","id":"04020","properties":{"zip":"04020","pop":null,"city":"Cornish","county":"York","state":"Maine","area":16.02,"lat":43.76797,"lon":-70.8103},"geometry":{"type":"Polygon","coordinates":[[[-70.85259,43.80474],[-70.84333,43.80761],[-70.84121,43.80989],[-70.82628,43.80689],[-70.82133,43.80743],[-70.81399,43.81143],[-70.81012,43.80763],[-70.80886,43.81024],[-70.80408,43.80805],[-70.80201,43.80944],[-70.79692,43.80629],[-70.79759,43.80944],[-70.79167,43.81287],[-70.78298,43.81415],[-70.78033,43.80352],[-70.76607,43.79242],[-70.76322,43.77345],[-70.78136,43.73564],[-70.83941,43.70917],[-70.84368,43.75954],[-70.85139,43.78208],[-70.85259,43.80474]]]}},{"type":"Feature","id":"04974","properties":{"zip":"04974","pop":null,"city":"Searsport","county":"Waldo","state":"Maine","area":22.61,"lat":44.48936,"lon":-68.92988},"geometry":{"type":"Polygon","coordinates":[[[-68.98235,44.55867],[-68.93847,44.56518],[-68.93939,44.55721],[-68.93223,44.55225],[-68.91637,44.50078],[-68.88583,44.50461],[-68.88145,44.48997],[-68.87929,44.49159],[-68.8663,44.48543],[-68.86043,44.47776],[-68.86823,44.46273],[-68.86464,44.44],[-68.87515,44.4299],[-68.8843,44.42813],[-68.89083,44.438],[-68.89207,44.44508],[-68.8971,44.45064],[-68.90093,44.45206],[-68.90772,44.45103],[-68.91187,44.45443],[-68.91615,44.45376],[-68.92161,44.45664],[-68.92684,44.45121],[-68.92767,44.44539],[-68.93193,44.43869],[-68.94373,44.42837],[-68.95014,44.43051],[-68.9579,44.42855],[-68.96618,44.45754],[-68.96914,44.45718],[-68.97147,44.46649],[-68.9745,44.4662],[-68.98145,44.4873],[-68.97822,44.48885],[-68.98119,44.49201],[-68.96561,44.49913],[-68.98235,44.55867]]]}},{"type":"Feature","id":"04578","properties":{"zip":"04578","pop":null,"city":"Wiscasset","county":"Lincoln","state":"Maine","area":28.76,"lat":43.98143,"lon":-69.69269},"geometry":{"type":"Polygon","coordinates":[[[-69.71606,44.0485],[-69.69495,44.08047],[-69.69191,44.07727],[-69.68466,44.08814],[-69.67319,44.08696],[-69.67857,44.07852],[-69.6677,44.07661],[-69.6687,44.0735],[-69.67418,44.0751],[-69.67683,44.07173],[-69.66632,44.06932],[-69.66845,44.06604],[-69.66826,44.05642],[-69.67262,44.05097],[-69.64647,44.04672],[-69.64962,44.04271],[-69.62364,44.0288],[-69.62985,44.01901],[-69.63253,44.01713],[-69.63783,44.01711],[-69.64128,44.01115],[-69.65382,44.0042],[-69.66231,43.99488],[-69.66357,43.99208],[-69.65329,43.99015],[-69.66738,43.96534],[-69.66628,43.96091],[-69.66799,43.95316],[-69.67409,43.94193],[-69.67462,43.92551],[-69.67708,43.92698],[-69.68017,43.92339],[-69.68468,43.9239],[-69.69158,43.91723],[-69.69276,43.9001],[-69.69585,43.89496],[-69.69888,43.87595],[-69.70489,43.8691],[-69.70284,43.85466],[-69.71438,43.8506],[-69.7229,43.85307],[-69.72481,43.85981],[-69.73048,43.86871],[-69.72946,43.87663],[-69.74353,43.89354],[-69.73141,43.90729],[-69.71408,43.9183],[-69.70742,43.92725],[-69.72122,43.9315],[-69.72496,43.93485],[-69.72295,43.93971],[-69.72202,43.95859],[-69.71895,43.96246],[-69.72092,43.96492],[-69.71963,43.97129],[-69.70748,43.99605],[-69.70291,44.00031],[-69.7001,44.00668],[-69.74633,44.0138],[-69.71606,44.0485]]]}},{"type":"Feature","id":"04680","properties":{"zip":"04680","pop":null,"city":"","county":"Washington","state":"Maine","area":33.35,"lat":44.50725,"lon":-67.94504},"geometry":{"type":"Polygon","coordinates":[[[-68.01722,44.58909],[-67.95825,44.59771],[-67.95677,44.58444],[-67.95354,44.5849],[-67.94782,44.5717],[-67.94464,44.5722],[-67.9407,44.55949],[-67.93678,44.56004],[-67.93483,44.55396],[-67.9269,44.55511],[-67.92464,44.54794],[-67.91843,44.54888],[-67.91899,44.55104],[-67.90828,44.55258],[-67.89319,44.49472],[-67.88687,44.4957],[-67.88232,44.49875],[-67.88469,44.49405],[-67.88296,44.48823],[-67.88904,44.4868],[-67.88731,44.48352],[-67.89151,44.48098],[-67.88581,44.47182],[-67.88581,44.46673],[-67.88176,44.45859],[-67.87725,44.45486],[-67.88224,44.45248],[-67.88842,44.44213],[-67.88581,44.43908],[-67.88842,44.43314],[-67.888,44.42395],[-67.8908,44.42092],[-67.89341,44.41244],[-67.88966,44.40848],[-67.89553,44.4041],[-67.89862,44.3956],[-67.90059,44.39554],[-67.90957,44.416],[-67.91242,44.41735],[-67.91171,44.42941],[-67.91409,44.43297],[-67.91052,44.43806],[-67.91159,44.44109],[-67.90957,44.45215],[-67.91694,44.46131],[-67.92431,44.46351],[-67.92531,44.44923],[-67.93232,44.45138],[-67.93589,44.4489],[-67.93368,44.44332],[-67.93053,44.44235],[-67.9287,44.43517],[-67.93282,44.42491],[-67.93064,44.42098],[-67.93338,44.41618],[-67.93187,44.41215],[-67.93771,44.41045],[-67.94164,44.41271],[-67.94751,44.4172],[-67.9546,44.42852],[-67.95972,44.44722],[-67.95877,44.45401],[-67.97042,44.4708],[-67.98201,44.47336],[-67.97426,44.47911],[-67.97297,44.48863],[-67.97657,44.49105],[-67.9772,44.49795],[-67.99144,44.50288],[-68.01722,44.58909]]]}},{"type":"Feature","id":"04628","properties":{"zip":"04628","pop":null,"city":"","county":"Washington","state":"Maine","area":82.26,"lat":44.87277,"lon":-67.28235},"geometry":{"type":"Polygon","coordinates":[[[-67.40456,44.87097],[-67.32478,44.89191],[-67.35145,44.91634],[-67.35263,44.91992],[-67.34735,44.92949],[-67.35079,44.93218],[-67.35892,44.93765],[-67.36692,44.9396],[-67.3717,44.93445],[-67.37996,44.93474],[-67.38228,44.9376],[-67.38014,44.93752],[-67.38885,44.94218],[-67.38356,44.94455],[-67.38641,44.94715],[-67.39128,44.94228],[-67.38689,44.94729],[-67.39368,44.95377],[-67.39158,44.95507],[-67.39273,44.9586],[-67.38941,44.9613],[-67.33451,44.97707],[-67.33269,44.97365],[-67.33033,44.97459],[-67.32627,44.97005],[-67.31307,44.96751],[-67.2968,44.96041],[-67.2559,44.97844],[-67.22103,44.93908],[-67.22357,44.93149],[-67.21696,44.92594],[-67.21569,44.92245],[-67.19579,44.91031],[-67.17456,44.90174],[-67.14649,44.87834],[-67.14305,44.83092],[-67.15314,44.81728],[-67.16124,44.81276],[-67.16446,44.80179],[-67.16987,44.7994],[-67.18604,44.82579],[-67.24855,44.80657],[-67.36214,44.76801],[-67.41667,44.86772],[-67.40456,44.87097]]]}},{"type":"Feature","id":"04355","properties":{"zip":"04355","pop":null,"city":"","county":"Kennebec","state":"Maine","area":21.96,"lat":44.38225,"lon":-69.9494},"geometry":{"type":"Polygon","coordinates":[[[-70.02304,44.39074],[-70.01766,44.39932],[-70.01896,44.41536],[-70.01698,44.41837],[-70.01682,44.42444],[-69.98331,44.4191],[-69.98276,44.42097],[-69.94058,44.41509],[-69.94152,44.41159],[-69.8783,44.4013],[-69.87977,44.39632],[-69.87652,44.39341],[-69.87429,44.36927],[-69.88436,44.34352],[-69.88342,44.34163],[-69.93518,44.34941],[-69.95661,44.34878],[-70.01703,44.35927],[-70.01118,44.37899],[-70.02561,44.38123],[-70.02304,44.39074]]]}},{"type":"Feature","id":"04074","properties":{"zip":"04074","pop":null,"city":"Oak Hill","county":"Cumberland","state":"Maine","area":35.63,"lat":43.59112,"lon":-70.3683},"geometry":{"type":"Polygon","coordinates":[[[-70.47879,43.6208],[-70.46846,43.63132],[-70.43484,43.61421],[-70.39201,43.65573],[-70.37055,43.64244],[-70.32108,43.61773],[-70.32039,43.61192],[-70.31771,43.61003],[-70.31369,43.61403],[-70.27349,43.59363],[-70.2729,43.59066],[-70.26692,43.59134],[-70.26263,43.5884],[-70.25744,43.58792],[-70.25882,43.58704],[-70.25475,43.58426],[-70.27039,43.57505],[-70.27374,43.5688],[-70.27111,43.56201],[-70.29918,43.55059],[-70.30776,43.54431],[-70.31415,43.53526],[-70.30741,43.52903],[-70.31311,43.52696],[-70.32112,43.52726],[-70.32333,43.5292],[-70.31814,43.53476],[-70.32183,43.53892],[-70.3288,43.54075],[-70.34179,43.54048],[-70.35339,43.53541],[-70.45346,43.58587],[-70.45179,43.58751],[-70.49201,43.60677],[-70.47879,43.6208]]]}},{"type":"Feature","id":"04957","properties":{"zip":"04957","pop":null,"city":"Norridgewock","county":"Somerset","state":"Maine","area":56.15,"lat":44.70428,"lon":-69.84708},"geometry":{"type":"Polygon","coordinates":[[[-69.96804,44.6626],[-69.96116,44.66042],[-69.95862,44.66323],[-69.95885,44.67025],[-69.96484,44.67425],[-69.95963,44.68054],[-69.96348,44.68679],[-69.95685,44.69111],[-69.95976,44.69912],[-69.95932,44.70376],[-69.95233,44.70386],[-69.94207,44.70987],[-69.92395,44.70418],[-69.91683,44.71179],[-69.90494,44.71103],[-69.89676,44.7148],[-69.89506,44.71862],[-69.88758,44.72305],[-69.88777,44.72811],[-69.88501,44.73259],[-69.89178,44.73222],[-69.89367,44.73033],[-69.89967,44.73179],[-69.89883,44.74025],[-69.89629,44.74082],[-69.89318,44.74528],[-69.90283,44.75075],[-69.90421,44.75335],[-69.90103,44.75669],[-69.89384,44.75527],[-69.89769,44.75886],[-69.90337,44.75989],[-69.90286,44.76325],[-69.89078,44.76411],[-69.88865,44.76917],[-69.88589,44.76928],[-69.87292,44.77823],[-69.86499,44.77411],[-69.86974,44.77088],[-69.75998,44.78499],[-69.75011,44.77661],[-69.75761,44.77127],[-69.75137,44.76671],[-69.75329,44.76541],[-69.739,44.75444],[-69.74744,44.74929],[-69.73194,44.69421],[-69.73229,44.68652],[-69.73421,44.68623],[-69.73827,44.67128],[-69.79092,44.67873],[-69.82886,44.67155],[-69.83254,44.67404],[-69.8628,44.6697],[-69.86438,44.65853],[-69.86773,44.65879],[-69.86866,44.65386],[-69.86466,44.64438],[-69.84987,44.62202],[-69.93045,44.61085],[-69.94708,44.64802],[-69.9674,44.6584],[-69.96804,44.6626]]]}},{"type":"Feature","id":"04448","properties":{"zip":"04448","pop":null,"city":"Howland","county":"Penobscot","state":"Maine","area":68.73,"lat":45.31185,"lon":-68.71967},"geometry":{"type":"Polygon","coordinates":[[[-68.82542,45.42055],[-68.70162,45.44089],[-68.67023,45.34717],[-68.69651,45.34301],[-68.70882,45.32214],[-68.63564,45.30754],[-68.63416,45.31241],[-68.62587,45.31907],[-68.61723,45.3195],[-68.61069,45.32286],[-68.6085,45.32133],[-68.62875,45.30876],[-68.62658,45.30526],[-68.62552,45.30686],[-68.62628,45.30476],[-68.62208,45.29877],[-68.62239,45.29644],[-68.62788,45.29094],[-68.62763,45.28923],[-68.6283,45.29086],[-68.63129,45.29078],[-68.63789,45.28567],[-68.63976,45.27331],[-68.63605,45.27796],[-68.63572,45.27649],[-68.64329,45.26842],[-68.64051,45.25957],[-68.64345,45.25653],[-68.6434,45.25196],[-68.65154,45.24775],[-68.64724,45.2497],[-68.65089,45.24617],[-68.65175,45.23875],[-68.65028,45.23689],[-68.65314,45.23628],[-68.65323,45.22752],[-68.65132,45.22368],[-68.64809,45.22172],[-68.64051,45.21086],[-68.62847,45.20293],[-68.62349,45.19076],[-68.62527,45.18295],[-68.63018,45.17589],[-68.63609,45.16941],[-68.64173,45.1681],[-68.63575,45.15709],[-68.62589,45.14926],[-68.62404,45.14415],[-68.62641,45.13701],[-68.63014,45.13242],[-68.63556,45.13148],[-68.6253,45.14106],[-68.62631,45.14732],[-68.63792,45.15777],[-68.64215,45.16752],[-68.64156,45.16873],[-68.63665,45.17134],[-68.63477,45.17471],[-68.64609,45.17364],[-68.65258,45.16938],[-68.6524,45.17106],[-68.65555,45.17218],[-68.66287,45.18208],[-68.66116,45.17319],[-68.66242,45.16512],[-68.65989,45.15862],[-68.66147,45.15383],[-68.6693,45.15489],[-68.68536,45.15987],[-68.68985,45.16345],[-68.69885,45.16467],[-68.69862,45.1696],[-68.7056,45.17566],[-68.70518,45.17742],[-68.71626,45.17954],[-68.71568,45.18412],[-68.71845,45.18653],[-68.74249,45.19041],[-68.74881,45.20123],[-68.75525,45.20157],[-68.75555,45.20326],[-68.7193,45.20844],[-68.71886,45.21446],[-68.71646,45.21764],[-68.7175,45.22045],[-68.71242,45.22139],[-68.71262,45.23031],[-68.70736,45.23021],[-68.70333,45.23793],[-68.7032,45.24572],[-68.69922,45.24881],[-68.70006,45.25403],[-68.69755,45.25516],[-68.72764,45.27442],[-68.73582,45.27639],[-68.73427,45.27902],[-68.74168,45.27798],[-68.74281,45.28276],[-68.74833,45.28648],[-68.75542,45.28575],[-68.77257,45.2741],[-68.78576,45.27456],[-68.82542,45.42055]]]}},{"type":"Feature","id":"04231","properties":{"zip":"04231","pop":null,"city":"","county":"Oxford","state":"Maine","area":24.88,"lat":44.26435,"lon":-70.88773},"geometry":{"type":"Polygon","coordinates":[[[-70.97645,44.268],[-70.95934,44.28983],[-70.94949,44.29481],[-70.89766,44.3095],[-70.84522,44.30113],[-70.78689,44.22969],[-70.78809,44.22906],[-70.78652,44.22704],[-70.80389,44.21855],[-70.80045,44.21452],[-70.81186,44.2076],[-70.81541,44.20591],[-70.81955,44.20749],[-70.81865,44.20964],[-70.8637,44.2614],[-70.95579,44.22087],[-70.97434,44.25791],[-70.97645,44.268]]]}},{"type":"Feature","id":"04357","properties":{"zip":"04357","pop":null,"city":"Richmond","county":"Sagadahoc","state":"Maine","area":22.63,"lat":44.12368,"lon":-69.82888},"geometry":{"type":"Polygon","coordinates":[[[-69.90166,44.1032],[-69.89836,44.10544],[-69.8984,44.11087],[-69.89396,44.11846],[-69.8946,44.12314],[-69.8796,44.15169],[-69.86622,44.16208],[-69.85498,44.16786],[-69.76357,44.15322],[-69.75875,44.14473],[-69.75821,44.13933],[-69.76132,44.12548],[-69.76542,44.1202],[-69.77268,44.10173],[-69.78507,44.08898],[-69.78979,44.08958],[-69.79868,44.08621],[-69.79983,44.07861],[-69.90374,44.09627],[-69.90166,44.1032]]]}},{"type":"Feature","id":"04276","properties":{"zip":"04276","pop":null,"city":"Rumford","county":"Oxford","state":"Maine","area":49.87,"lat":44.53474,"lon":-70.61549},"geometry":{"type":"Polygon","coordinates":[[[-70.70532,44.57148],[-70.59233,44.61601],[-70.54688,44.55584],[-70.54091,44.55494],[-70.5268,44.54235],[-70.50585,44.53039],[-70.48286,44.52983],[-70.50837,44.50382],[-70.50401,44.4968],[-70.55012,44.47913],[-70.55907,44.49057],[-70.55151,44.49365],[-70.55578,44.49897],[-70.66097,44.45719],[-70.6697,44.46762],[-70.66892,44.46962],[-70.68063,44.49021],[-70.73271,44.5609],[-70.70532,44.57148]]]}},{"type":"Feature","id":"04056","properties":{"zip":"04056","pop":null,"city":"","county":"York","state":"Maine","area":1.32,"lat":43.66041,"lon":-70.85886},"geometry":{"type":"Polygon","coordinates":[[[-70.89152,43.67066],[-70.88635,43.67321],[-70.88783,43.67443],[-70.86864,43.67472],[-70.86385,43.67014],[-70.86325,43.66506],[-70.86113,43.66506],[-70.85241,43.65483],[-70.84506,43.66282],[-70.84285,43.66912],[-70.83814,43.67123],[-70.8385,43.65109],[-70.84812,43.6474],[-70.85352,43.64782],[-70.86601,43.64434],[-70.87264,43.64747],[-70.85252,43.65411],[-70.86306,43.66221],[-70.87489,43.66434],[-70.88017,43.66983],[-70.89152,43.67066]]]}},{"type":"Feature","id":"04745","properties":{"zip":"04745","pop":null,"city":"","county":"Aroostook","state":"Maine","area":19.88,"lat":47.27375,"lon":-68.39936},"geometry":{"type":"Polygon","coordinates":[[[-68.48215,47.27719],[-68.4619,47.289],[-68.45825,47.28462],[-68.44988,47.28214],[-68.44198,47.28346],[-68.42871,47.28152],[-68.41107,47.28833],[-68.38351,47.28618],[-68.37683,47.28852],[-68.37561,47.29227],[-68.37695,47.29563],[-68.38494,47.30292],[-68.38131,47.30916],[-68.38462,47.3223],[-68.38033,47.34024],[-68.37027,47.35105],[-68.36156,47.3556],[-68.35347,47.35723],[-68.36098,47.33333],[-68.30291,47.28876],[-68.3024,47.28178],[-68.32533,47.28189],[-68.34627,47.2732],[-68.35093,47.27794],[-68.36678,47.2709],[-68.36601,47.26858],[-68.38604,47.25991],[-68.37397,47.24795],[-68.40553,47.24844],[-68.40997,47.21775],[-68.41998,47.20221],[-68.41696,47.19952],[-68.44527,47.19888],[-68.44566,47.24765],[-68.48132,47.24824],[-68.48215,47.27719]]]}},{"type":"Feature","id":"04224","properties":{"zip":"04224","pop":null,"city":"Dixfield","county":"Oxford","state":"Maine","area":53.56,"lat":44.57999,"lon":-70.40049},"geometry":{"type":"Polygon","coordinates":[[[-70.5106,44.62722],[-70.39803,44.67388],[-70.37293,44.62434],[-70.34546,44.63584],[-70.33224,44.60892],[-70.34438,44.58616],[-70.32864,44.57732],[-70.30483,44.57344],[-70.29862,44.57098],[-70.29762,44.56711],[-70.28801,44.56629],[-70.28733,44.5642],[-70.28508,44.56483],[-70.29842,44.57244],[-70.28075,44.56962],[-70.35145,44.48603],[-70.37451,44.49278],[-70.38617,44.49937],[-70.39418,44.49974],[-70.40369,44.50671],[-70.41008,44.51452],[-70.41681,44.51724],[-70.46016,44.52947],[-70.46165,44.54165],[-70.45693,44.54509],[-70.45747,44.55205],[-70.46331,44.55686],[-70.45862,44.56375],[-70.45763,44.57147],[-70.46232,44.57628],[-70.46261,44.58196],[-70.46872,44.58497],[-70.46443,44.58656],[-70.47337,44.59385],[-70.47164,44.59861],[-70.54999,44.61073],[-70.5106,44.62722]]]}},{"type":"Feature","id":"04344","properties":{"zip":"04344","pop":null,"city":"Farmingdale","county":"Kennebec","state":"Maine","area":8.29,"lat":44.25876,"lon":-69.82129},"geometry":{"type":"Polygon","coordinates":[[[-69.87619,44.25801],[-69.86704,44.27175],[-69.86726,44.27591],[-69.86284,44.27911],[-69.85557,44.28045],[-69.8477,44.28582],[-69.81852,44.28101],[-69.82081,44.27389],[-69.79256,44.26902],[-69.7947,44.262],[-69.78597,44.2679],[-69.7785,44.26658],[-69.77302,44.26213],[-69.76786,44.25349],[-69.76899,44.24828],[-69.76758,44.24334],[-69.77023,44.23476],[-69.785,44.23872],[-69.78593,44.23644],[-69.80173,44.23754],[-69.80005,44.24246],[-69.84719,44.23859],[-69.84565,44.24339],[-69.85554,44.24646],[-69.84817,44.2516],[-69.87742,44.25634],[-69.87619,44.25801]]]}},{"type":"Feature","id":"04037","properties":{"zip":"04037","pop":null,"city":"Fryeburg","county":"Oxford","state":"Maine","area":64.13,"lat":44.09112,"lon":-70.94934},"geometry":{"type":"Polygon","coordinates":[[[-71.00915,44.26589],[-71.00699,44.26693],[-71.00622,44.26342],[-70.99813,44.26356],[-70.98613,44.27356],[-70.97988,44.27536],[-70.9779,44.25762],[-70.97434,44.25791],[-70.95579,44.22087],[-70.9709,44.21455],[-70.96455,44.21128],[-70.96026,44.20103],[-70.94805,44.18697],[-70.94416,44.18535],[-70.93669,44.16383],[-70.9372,44.15738],[-70.94522,44.13782],[-70.85855,44.09527],[-70.8578,44.08804],[-70.85974,44.0855],[-70.86288,44.08631],[-70.86655,44.08019],[-70.86132,44.07723],[-70.85845,44.05964],[-70.84808,44.04952],[-70.88052,44.01744],[-70.88512,44.01982],[-70.89519,44.00982],[-70.89081,44.00731],[-70.9187,43.97975],[-70.99481,43.96005],[-71.00915,44.26589]]]}},{"type":"Feature","id":"04079","properties":{"zip":"04079","pop":null,"city":"","county":"Cumberland","state":"Maine","area":25.11,"lat":43.80402,"lon":-69.94884},"geometry":{"type":"MultiPolygon","coordinates":[[[[-69.99414,43.83739],[-69.99034,43.84253],[-69.98654,43.84356],[-69.98582,43.8415],[-69.98891,43.83705],[-69.98772,43.83499],[-69.99034,43.8319],[-69.99747,43.83293],[-69.99414,43.83739]]],[[[-70.01791,43.81698],[-70.01435,43.82316],[-69.99985,43.8295],[-70.00008,43.82573],[-69.99676,43.8247],[-69.99699,43.8223],[-70.00935,43.81132],[-70.01482,43.81115],[-70.01411,43.81424],[-70.01886,43.81458],[-70.01791,43.81698]]],[[[-70.03764,43.71485],[-70.02884,43.72636],[-70.021,43.72465],[-70.03122,43.71468],[-70.03621,43.71262],[-70.03764,43.71485]]],[[[-70.04501,43.73667],[-70.04077,43.74505],[-70.04334,43.748],[-70.02885,43.76378],[-70.02457,43.76625],[-70.02034,43.76585],[-70.01663,43.77867],[-70.0139,43.78224],[-70.00425,43.78657],[-70.00508,43.78892],[-70.00059,43.79147],[-70.00048,43.79625],[-69.99367,43.80909],[-69.98939,43.80944],[-69.9882,43.81252],[-69.98392,43.8139],[-69.98131,43.81218],[-69.97608,43.81904],[-69.97703,43.82744],[-69.96433,43.83874],[-69.95904,43.84658],[-69.95412,43.84769],[-69.95181,43.85668],[-69.94695,43.85903],[-69.94541,43.85231],[-69.93649,43.85219],[-69.94083,43.84245],[-69.93878,43.83943],[-69.93536,43.8415],[-69.92939,43.83936],[-69.92615,43.84705],[-69.9175,43.85814],[-69.90522,43.8595],[-69.89595,43.86624],[-69.88387,43.85447],[-69.87488,43.8514],[-69.87612,43.83716],[-69.87001,43.81698],[-69.88734,43.78794],[-69.88739,43.77705],[-69.9018,43.77161],[-69.91024,43.7777],[-69.91559,43.77511],[-69.91642,43.77735],[-69.92086,43.77745],[-69.92522,43.78182],[-69.93187,43.7837],[-69.94346,43.76522],[-69.94641,43.76461],[-69.95109,43.77236],[-69.94744,43.78179],[-69.94565,43.79494],[-69.95738,43.79769],[-69.98129,43.77455],[-69.98983,43.76342],[-69.9952,43.7501],[-69.99252,43.74878],[-69.99462,43.74354],[-70.00175,43.74646],[-70.01149,43.74336],[-70.02647,43.72894],[-70.021,43.74646],[-70.02338,43.74886],[-70.03051,43.74354],[-70.03597,43.74319],[-70.0412,43.73753],[-70.04501,43.73667]]],[[[-70.04881,43.79297],[-70.04617,43.79636],[-70.03692,43.80138],[-70.03383,43.80927],[-70.02981,43.81112],[-70.02702,43.80913],[-70.02861,43.80378],[-70.0412,43.79057],[-70.03906,43.78508],[-70.04239,43.7825],[-70.04656,43.782],[-70.04881,43.79297]]],[[[-70.04905,43.72276],[-70.04287,43.72825],[-70.04001,43.72877],[-70.04667,43.72018],[-70.04905,43.72276]]],[[[-70.06124,43.74629],[-70.05119,43.75676],[-70.05,43.76105],[-70.04477,43.76483],[-70.04617,43.75726],[-70.06132,43.7421],[-70.06124,43.74629]]],[[[-70.06093,43.76242],[-70.06022,43.76723],[-70.05737,43.77066],[-70.05499,43.77066],[-70.05333,43.76517],[-70.06259,43.75968],[-70.06093,43.76242]]]]}},{"type":"Feature","id":"04216","properties":{"zip":"04216","pop":null,"city":"","county":"Oxford","state":"Maine","area":102.7,"lat":44.70056,"lon":-70.81418},"geometry":{"type":"Polygon","coordinates":[[[-70.93733,44.75969],[-70.92111,44.75159],[-70.92133,44.7559],[-70.91934,44.75769],[-70.92205,44.76086],[-70.92089,44.76334],[-70.92626,44.76989],[-70.92246,44.77249],[-70.92634,44.7724],[-70.92632,44.77449],[-70.92116,44.77549],[-70.92129,44.78064],[-70.89762,44.7891],[-70.90277,44.80903],[-70.89928,44.81459],[-70.89251,44.8151],[-70.88731,44.8177],[-70.87438,44.82741],[-70.86991,44.82525],[-70.87498,44.82101],[-70.8721,44.81746],[-70.86416,44.82051],[-70.86574,44.82099],[-70.86447,44.82422],[-70.85708,44.82442],[-70.85374,44.82753],[-70.8486,44.82745],[-70.84199,44.83336],[-70.84058,44.83878],[-70.83124,44.84726],[-70.82799,44.85699],[-70.81545,44.85633],[-70.81086,44.85989],[-70.79688,44.86262],[-70.77747,44.85365],[-70.7739,44.83974],[-70.76923,44.73223],[-70.7,44.64556],[-70.70396,44.64624],[-70.70947,44.6441],[-70.71339,44.63968],[-70.72028,44.63632],[-70.73628,44.63424],[-70.74218,44.6372],[-70.7399,44.63399],[-70.74187,44.62876],[-70.73995,44.62747],[-70.74052,44.62291],[-70.73585,44.61756],[-70.72685,44.61601],[-70.72582,44.61392],[-70.72093,44.61319],[-70.71596,44.61837],[-70.69985,44.60831],[-70.69409,44.61326],[-70.67505,44.60878],[-70.67306,44.60908],[-70.67256,44.61198],[-70.65533,44.5908],[-70.77965,44.5427],[-70.85309,44.64088],[-70.86596,44.64529],[-70.88117,44.65411],[-70.89493,44.67022],[-70.9153,44.66906],[-70.92134,44.67217],[-70.93174,44.66802],[-70.93733,44.75969]]]}},{"type":"Feature","id":"04422","properties":{"zip":"04422","pop":null,"city":"","county":"Penobscot","state":"Maine","area":28.55,"lat":45.07101,"lon":-69.03407},"geometry":{"type":"Polygon","coordinates":[[[-69.10944,45.10719],[-68.9836,45.12584],[-68.95823,45.03384],[-69.08623,45.01739],[-69.10944,45.10719]]]}},{"type":"Feature","id":"04932","properties":{"zip":"04932","pop":null,"city":"","county":"Penobscot","state":"Maine","area":25.86,"lat":44.69577,"lon":-69.13329},"geometry":{"type":"Polygon","coordinates":[[[-69.2052,44.72959],[-69.08136,44.74575],[-69.061,44.66395],[-69.18373,44.64402],[-69.2052,44.72959]]]}},{"type":"Feature","id":"04950","properties":{"zip":"04950","pop":null,"city":"Madison","county":"Somerset","state":"Maine","area":38.98,"lat":44.83239,"lon":-69.80543},"geometry":{"type":"Polygon","coordinates":[[[-69.89144,44.8126],[-69.88283,44.8169],[-69.87321,44.81815],[-69.8712,44.82257],[-69.87425,44.83021],[-69.87322,44.83331],[-69.86474,44.83249],[-69.86666,44.84074],[-69.87254,44.83771],[-69.87654,44.83983],[-69.87927,44.84605],[-69.87725,44.84852],[-69.87239,44.84966],[-69.86904,44.85465],[-69.86354,44.85474],[-69.86278,44.85746],[-69.8656,44.86177],[-69.86355,44.8681],[-69.86455,44.87859],[-69.85955,44.88717],[-69.75115,44.90107],[-69.71903,44.78966],[-69.86974,44.77088],[-69.86499,44.77411],[-69.87292,44.77823],[-69.88589,44.76928],[-69.88865,44.76917],[-69.88638,44.77562],[-69.88925,44.79035],[-69.88431,44.79451],[-69.88853,44.7971],[-69.88661,44.80297],[-69.89144,44.8126]]]}},{"type":"Feature","id":"04005","properties":{"zip":"04005","pop":null,"city":"Biddeford","county":"York","state":"Maine","area":36.77,"lat":43.49614,"lon":-70.49541},"geometry":{"type":"Polygon","coordinates":[[[-70.63188,43.56511],[-70.62042,43.56129],[-70.6151,43.56157],[-70.60802,43.56561],[-70.60902,43.56982],[-70.59608,43.57935],[-70.59563,43.58323],[-70.59038,43.5892],[-70.58723,43.58947],[-70.58372,43.59479],[-70.58057,43.594],[-70.55541,43.58455],[-70.56049,43.57381],[-70.55771,43.57042],[-70.55158,43.56788],[-70.54892,43.56239],[-70.54348,43.55881],[-70.54812,43.55235],[-70.54765,43.55],[-70.54249,43.54917],[-70.53007,43.55464],[-70.51993,43.54526],[-70.51313,43.54503],[-70.51405,43.54055],[-70.51888,43.53765],[-70.52871,43.52562],[-70.5258,43.51988],[-70.51858,43.51577],[-70.5147,43.50837],[-70.5099,43.50614],[-70.50346,43.49887],[-70.48214,43.49896],[-70.47404,43.50264],[-70.46377,43.49865],[-70.45291,43.49958],[-70.45109,43.49809],[-70.45185,43.49419],[-70.4352,43.49014],[-70.43279,43.48454],[-70.42106,43.48298],[-70.41688,43.47981],[-70.41071,43.47911],[-70.41094,43.4766],[-70.40797,43.47463],[-70.40014,43.47371],[-70.39252,43.46379],[-70.37762,43.46125],[-70.36736,43.45226],[-70.3635,43.45213],[-70.36097,43.45652],[-70.35755,43.45783],[-70.3273,43.45852],[-70.33478,43.45149],[-70.33284,43.44643],[-70.33739,43.44669],[-70.33878,43.4435],[-70.34381,43.44011],[-70.34968,43.44203],[-70.36201,43.43908],[-70.37051,43.43413],[-70.37664,43.42764],[-70.37704,43.42072],[-70.38322,43.41899],[-70.38703,43.41467],[-70.38063,43.41329],[-70.38095,43.41145],[-70.38931,43.40592],[-70.39095,43.40168],[-70.39921,43.39406],[-70.39996,43.40082],[-70.39745,43.40868],[-70.39034,43.41318],[-70.39299,43.42206],[-70.40546,43.41966],[-70.5695,43.49628],[-70.63426,43.56595],[-70.63188,43.56511]],[[-70.3451,43.44484],[-70.34367,43.44027],[-70.34005,43.44588],[-70.34705,43.44562],[-70.3451,43.44484]]]}},{"type":"Feature","id":"04041","properties":{"zip":"04041","pop":null,"city":"","county":"Oxford","state":"Maine","area":28.42,"lat":43.86386,"lon":-70.82647},"geometry":{"type":"Polygon","coordinates":[[[-70.89049,43.86945],[-70.88698,43.88876],[-70.87725,43.88905],[-70.87693,43.89484],[-70.87414,43.89748],[-70.86717,43.89666],[-70.86643,43.89911],[-70.86892,43.90222],[-70.8662,43.90429],[-70.86625,43.90666],[-70.86386,43.9043],[-70.86473,43.90132],[-70.85744,43.89617],[-70.83365,43.91023],[-70.72978,43.92833],[-70.75248,43.91401],[-70.75793,43.90686],[-70.75451,43.88846],[-70.74967,43.88759],[-70.74983,43.88579],[-70.74388,43.88585],[-70.76529,43.87154],[-70.76629,43.87724],[-70.78049,43.86823],[-70.7815,43.87388],[-70.79819,43.8633],[-70.79295,43.85924],[-70.79311,43.85775],[-70.79845,43.8585],[-70.80161,43.85608],[-70.79511,43.85216],[-70.79547,43.85013],[-70.79273,43.84785],[-70.79429,43.83426],[-70.78713,43.8326],[-70.78155,43.82287],[-70.78298,43.81415],[-70.79167,43.81287],[-70.79759,43.80944],[-70.79692,43.80629],[-70.80201,43.80944],[-70.80408,43.80805],[-70.80886,43.81024],[-70.81012,43.80763],[-70.81399,43.81143],[-70.82133,43.80743],[-70.82813,43.80689],[-70.82968,43.80868],[-70.84121,43.80989],[-70.84333,43.80761],[-70.85259,43.80474],[-70.86128,43.80469],[-70.86144,43.8073],[-70.86956,43.80679],[-70.88066,43.81086],[-70.8904,43.83551],[-70.89438,43.85233],[-70.89049,43.86945]]]}},{"type":"Feature","id":"04530","properties":{"zip":"04530","pop":null,"city":"Bath","county":"Sagadahoc","state":"Maine","area":28.06,"lat":43.89156,"lon":-69.83041},"geometry":{"type":"Polygon","coordinates":[[[-69.89589,43.86775],[-69.89097,43.88321],[-69.88208,43.89034],[-69.86869,43.91084],[-69.85703,43.94474],[-69.87466,43.95359],[-69.86652,43.96415],[-69.86477,43.9753],[-69.83939,43.98565],[-69.82655,43.97834],[-69.82474,43.96834],[-69.82945,43.95788],[-69.8282,43.9558],[-69.81786,43.9529],[-69.80946,43.94495],[-69.80883,43.90655],[-69.79616,43.91049],[-69.76524,43.89119],[-69.76302,43.88805],[-69.75614,43.88525],[-69.76495,43.8719],[-69.75969,43.86859],[-69.7595,43.86232],[-69.76688,43.85965],[-69.77268,43.84962],[-69.77048,43.84419],[-69.7671,43.84384],[-69.76588,43.84001],[-69.77728,43.82379],[-69.78034,43.80975],[-69.78855,43.79938],[-69.7967,43.81041],[-69.80531,43.81585],[-69.80285,43.82637],[-69.79358,43.84266],[-69.79592,43.85366],[-69.79426,43.86747],[-69.79635,43.87051],[-69.79508,43.87508],[-69.79665,43.8801],[-69.81048,43.88257],[-69.82421,43.8756],[-69.82325,43.86927],[-69.83333,43.86583],[-69.83469,43.86302],[-69.83336,43.85978],[-69.83818,43.84888],[-69.83693,43.84623],[-69.85017,43.83172],[-69.87132,43.81447],[-69.87018,43.818],[-69.87612,43.83716],[-69.87488,43.8514],[-69.88863,43.85801],[-69.89493,43.8643],[-69.89589,43.86775]]]}},{"type":"Feature","id":"04265","properties":{"zip":"04265","pop":null,"city":"","county":"Kennebec","state":"Maine","area":4.44,"lat":44.27554,"lon":-70.04296},"geometry":{"type":"Polygon","coordinates":[[[-70.07458,44.29861],[-70.07351,44.29367],[-70.06723,44.29188],[-70.06079,44.30434],[-70.05387,44.30767],[-70.05578,44.29955],[-70.05205,44.29883],[-70.05063,44.2886],[-70.05185,44.28576],[-70.00434,44.27839],[-70.00604,44.26947],[-69.99187,44.26724],[-69.99516,44.25973],[-69.99369,44.25673],[-70.00393,44.26026],[-70.00905,44.25955],[-70.01159,44.26213],[-70.01023,44.26355],[-70.01885,44.26385],[-70.02048,44.26881],[-70.02966,44.26828],[-70.05789,44.25404],[-70.06445,44.25569],[-70.06758,44.25787],[-70.06172,44.26452],[-70.0623,44.26586],[-70.07104,44.27175],[-70.07455,44.27133],[-70.07458,44.29861]]]}},{"type":"Feature","id":"04085","properties":{"zip":"04085","pop":null,"city":"Steep Falls","county":"Cumberland","state":"Maine","area":11.2,"lat":43.78067,"lon":-70.62564},"geometry":{"type":"Polygon","coordinates":[[[-70.6682,43.79253],[-70.62355,43.83701],[-70.62548,43.82723],[-70.62242,43.82556],[-70.62817,43.8222],[-70.6297,43.81009],[-70.6236,43.80979],[-70.62099,43.81482],[-70.616,43.81612],[-70.60914,43.81091],[-70.60207,43.80977],[-70.59853,43.80586],[-70.5918,43.8058],[-70.58606,43.80331],[-70.58943,43.80079],[-70.57834,43.79898],[-70.58406,43.79743],[-70.58892,43.79048],[-70.59105,43.78451],[-70.58913,43.78455],[-70.59322,43.78115],[-70.59138,43.76108],[-70.59488,43.75819],[-70.5919,43.75493],[-70.60399,43.75745],[-70.60999,43.75054],[-70.61648,43.75364],[-70.61863,43.75285],[-70.61654,43.74969],[-70.62613,43.7463],[-70.62401,43.74035],[-70.62542,43.73766],[-70.62326,43.73747],[-70.62429,43.7358],[-70.63066,43.73763],[-70.62739,43.73023],[-70.63581,43.73496],[-70.64393,43.72759],[-70.64571,43.72234],[-70.64846,43.723],[-70.65073,43.73359],[-70.65236,43.73352],[-70.65097,43.73683],[-70.64604,43.74027],[-70.64551,43.74769],[-70.64301,43.75225],[-70.64522,43.75702],[-70.65108,43.75845],[-70.65635,43.76428],[-70.65588,43.76605],[-70.64984,43.76837],[-70.6557,43.78026],[-70.65299,43.78754],[-70.6682,43.79253]]]}},{"type":"Feature","id":"04042","properties":{"zip":"04042","pop":null,"city":"","county":"York","state":"Maine","area":23.82,"lat":43.62948,"lon":-70.62439},"geometry":{"type":"Polygon","coordinates":[[[-70.67794,43.66132],[-70.63353,43.70391],[-70.62797,43.70408],[-70.62215,43.6995],[-70.61449,43.69833],[-70.61085,43.69214],[-70.61275,43.68553],[-70.60603,43.67687],[-70.60728,43.67283],[-70.59861,43.66152],[-70.59641,43.64572],[-70.59229,43.63798],[-70.59147,43.62736],[-70.57473,43.61633],[-70.56514,43.61605],[-70.55163,43.61258],[-70.5552,43.60384],[-70.55367,43.59036],[-70.55827,43.58613],[-70.58372,43.59479],[-70.58723,43.58947],[-70.59038,43.5892],[-70.594,43.58534],[-70.59608,43.57935],[-70.60902,43.56982],[-70.60802,43.56561],[-70.6151,43.56157],[-70.62042,43.56129],[-70.63426,43.56595],[-70.6478,43.58251],[-70.68357,43.65595],[-70.67794,43.66132]]]}},{"type":"Feature","id":"04438","properties":{"zip":"04438","pop":null,"city":"","county":"Waldo","state":"Maine","area":18.42,"lat":44.59848,"lon":-68.919},"geometry":{"type":"Polygon","coordinates":[[[-68.98999,44.59585],[-68.98502,44.59538],[-68.98474,44.59809],[-68.98699,44.59941],[-68.98489,44.59931],[-68.96814,44.6134],[-68.96445,44.61777],[-68.96476,44.62153],[-68.9606,44.62048],[-68.96147,44.6171],[-68.95636,44.61986],[-68.95128,44.61893],[-68.94765,44.62344],[-68.92604,44.63422],[-68.92139,44.63236],[-68.91072,44.6377],[-68.89394,44.63607],[-68.88397,44.63927],[-68.87914,44.63649],[-68.87235,44.62664],[-68.8632,44.62053],[-68.84572,44.61484],[-68.84182,44.61106],[-68.86338,44.592],[-68.86225,44.58714],[-68.85744,44.58207],[-68.85578,44.57735],[-68.97183,44.56024],[-68.98748,44.5791],[-68.99242,44.59569],[-68.98999,44.59585]]]}},{"type":"Feature","id":"04444","properties":{"zip":"04444","pop":null,"city":"Hampden","county":"Penobscot","state":"Maine","area":49.73,"lat":44.72592,"lon":-68.94573},"geometry":{"type":"Polygon","coordinates":[[[-69.08136,44.74575],[-68.94616,44.76307],[-68.9464,44.76952],[-68.94119,44.77263],[-68.9462,44.77738],[-68.93883,44.77909],[-68.9329,44.77714],[-68.9286,44.77239],[-68.92348,44.77204],[-68.92122,44.77031],[-68.92078,44.76656],[-68.83643,44.77754],[-68.8194,44.78019],[-68.81113,44.78358],[-68.80826,44.78127],[-68.79175,44.78338],[-68.78115,44.77829],[-68.786,44.77401],[-68.78755,44.76723],[-68.81108,44.7564],[-68.81572,44.75009],[-68.82802,44.74356],[-68.8318,44.73509],[-68.83233,44.72104],[-68.84086,44.7093],[-68.83753,44.70213],[-68.86598,44.69696],[-68.86536,44.69422],[-68.89588,44.68925],[-68.89673,44.69172],[-69.061,44.66395],[-69.08136,44.74575]]]}},{"type":"Feature","id":"04008","properties":{"zip":"04008","pop":null,"city":"Bowdoinham","county":"Sagadahoc","state":"Maine","area":30.91,"lat":44.03658,"lon":-69.86333},"geometry":{"type":"Polygon","coordinates":[[[-69.92499,44.02617],[-69.90374,44.09627],[-69.79983,44.07861],[-69.79868,44.08621],[-69.79634,44.08815],[-69.78507,44.08898],[-69.78448,44.08311],[-69.78727,44.07474],[-69.78287,44.07047],[-69.78647,44.0645],[-69.78603,44.05635],[-69.79031,44.04247],[-69.79631,44.03739],[-69.81297,44.02893],[-69.81462,44.02308],[-69.82208,44.01347],[-69.82103,44.00307],[-69.83231,43.98866],[-69.86477,43.9753],[-69.8797,43.98471],[-69.88173,43.98268],[-69.88095,43.97952],[-69.88751,43.97183],[-69.88917,43.96659],[-69.91091,43.983],[-69.90966,43.98505],[-69.91089,43.98724],[-69.9353,43.99138],[-69.92499,44.02617]]]}},{"type":"Feature","id":"04756","properties":{"zip":"04756","pop":null,"city":"Madawaska","county":"Aroostook","state":"Maine","area":11.29,"lat":47.33068,"lon":-68.30167},"geometry":{"type":"Polygon","coordinates":[[[-68.35347,47.35723],[-68.32988,47.36023],[-68.30378,47.35552],[-68.2841,47.36039],[-68.26514,47.35254],[-68.24017,47.35422],[-68.24619,47.34651],[-68.26191,47.3464],[-68.27006,47.33664],[-68.26797,47.32889],[-68.26412,47.32404],[-68.23685,47.31562],[-68.24455,47.30603],[-68.25217,47.30544],[-68.26237,47.29354],[-68.28027,47.29923],[-68.28713,47.30744],[-68.3003,47.31217],[-68.30746,47.30575],[-68.30828,47.29939],[-68.31364,47.29689],[-68.36098,47.33333],[-68.35347,47.35723]]]}},{"type":"Feature","id":"03579","properties":{"zip":"03579","pop":null,"city":"","county":"Oxford","state":"Maine","area":420.77,"lat":44.95229,"lon":-71.04178},"geometry":{"type":"Polygon","coordinates":[[[-71.32976,44.82171],[-71.21514,44.82513],[-71.22446,44.96439],[-71.15245,44.95451],[-71.14879,44.97009],[-71.05585,44.97307],[-71.07691,45.24691],[-71.08392,45.30545],[-71.05926,45.31375],[-71.05243,45.31109],[-71.04793,45.31327],[-71.04248,45.31304],[-71.03245,45.31007],[-71.02708,45.31465],[-71.02175,45.31441],[-71.00905,45.31902],[-71.0024,45.32848],[-71.01129,45.33442],[-71.01292,45.3433],[-71.01081,45.34725],[-70.99108,45.33825],[-70.9856,45.33219],[-70.9733,45.33364],[-70.96719,45.3324],[-70.96111,45.33676],[-70.95238,45.3391],[-70.95028,45.33749],[-70.94937,45.33154],[-70.94517,45.32907],[-70.94523,45.32565],[-70.94062,45.32322],[-70.93919,45.32018],[-70.92992,45.31846],[-70.92723,45.31485],[-70.9179,45.31192],[-70.91987,45.30539],[-70.91383,45.30033],[-70.91211,45.2962],[-70.91995,45.28495],[-70.92147,45.27887],[-70.91647,45.27733],[-70.91149,45.27045],[-70.90798,45.26932],[-70.90518,45.26546],[-70.90662,45.26149],[-70.89857,45.2585],[-70.89834,45.25487],[-70.89514,45.25225],[-70.89848,45.24409],[-70.88503,45.23487],[-70.8749,45.23407],[-70.85704,45.22916],[-70.84443,45.23451],[-70.83753,45.23497],[-70.83709,45.23723],[-70.84832,45.24471],[-70.8465,45.25297],[-70.84926,45.2564],[-70.84855,45.26333],[-70.83904,45.26913],[-70.83507,45.27674],[-70.79716,45.09535],[-70.80838,45.09258],[-70.80963,45.08259],[-70.82209,45.07668],[-70.82076,45.07351],[-70.85215,45.05046],[-70.85582,45.04817],[-70.86064,45.04895],[-70.85813,45.04705],[-70.85924,45.04525],[-70.87545,45.04837],[-70.87568,45.04702],[-70.86789,45.04408],[-70.86847,45.04089],[-70.87373,45.03512],[-70.87436,45.03294],[-70.87186,45.03136],[-70.87634,45.02673],[-70.88469,45.0259],[-70.88191,45.02061],[-70.88249,45.01016],[-70.89719,45.00937],[-70.8983,45.00856],[-70.89647,45.00641],[-70.94751,45.00164],[-70.92856,44.91019],[-70.89762,44.7891],[-70.92129,44.78064],[-70.92116,44.77549],[-70.92632,44.77449],[-70.92634,44.7724],[-70.92246,44.77249],[-70.92626,44.76989],[-70.92089,44.76334],[-70.92205,44.76086],[-70.91934,44.75769],[-70.92133,44.7559],[-70.92111,44.75159],[-70.93733,44.75969],[-70.93702,44.75471],[-70.94565,44.75243],[-70.96183,44.76224],[-70.96588,44.7601],[-70.96669,44.75624],[-70.97202,44.75828],[-70.97114,44.75305],[-70.98252,44.75138],[-70.98185,44.74856],[-70.98439,44.74557],[-70.98944,44.74491],[-70.98688,44.74123],[-70.99786,44.73811],[-70.99883,44.73383],[-71.00344,44.72851],[-71.01448,44.7395],[-71.01675,44.73773],[-71.01618,44.73372],[-71.02261,44.73414],[-71.03613,44.72832],[-71.02905,44.61125],[-71.07046,44.60876],[-71.17989,44.60656],[-71.18389,44.70856],[-71.24446,44.70733],[-71.24824,44.70901],[-71.25072,44.70871],[-71.25005,44.70716],[-71.32528,44.70531],[-71.32976,44.82171]]]}},{"type":"Feature","id":"04493","properties":{"zip":"04493","pop":null,"city":"","county":"Penobscot","state":"Maine","area":53.28,"lat":45.23861,"lon":-68.53308},"geometry":{"type":"Polygon","coordinates":[[[-68.65158,45.24161],[-68.65051,45.24704],[-68.64724,45.2497],[-68.64892,45.24842],[-68.65174,45.24696],[-68.65154,45.24775],[-68.6434,45.25196],[-68.64345,45.25653],[-68.64051,45.25957],[-68.64329,45.26842],[-68.63572,45.27649],[-68.63605,45.27796],[-68.63976,45.27331],[-68.63789,45.28567],[-68.63129,45.29078],[-68.6283,45.29086],[-68.62763,45.28923],[-68.62788,45.29094],[-68.62239,45.29644],[-68.62208,45.29877],[-68.62628,45.30476],[-68.62552,45.30686],[-68.62658,45.30526],[-68.62875,45.30876],[-68.61662,45.31532],[-68.60031,45.32771],[-68.51401,45.28872],[-68.46529,45.29666],[-68.43485,45.20292],[-68.44398,45.20143],[-68.4417,45.19252],[-68.43449,45.19363],[-68.42911,45.17832],[-68.42223,45.17717],[-68.42103,45.1729],[-68.47333,45.16553],[-68.47246,45.16397],[-68.47728,45.15644],[-68.47634,45.15226],[-68.47437,45.15218],[-68.47607,45.14746],[-68.48302,45.14412],[-68.48332,45.14119],[-68.49007,45.14142],[-68.48931,45.14039],[-68.4934,45.14505],[-68.50759,45.15204],[-68.51745,45.14777],[-68.52687,45.15606],[-68.53069,45.15722],[-68.54276,45.1555],[-68.55098,45.18791],[-68.55104,45.23535],[-68.64376,45.21967],[-68.64978,45.22585],[-68.65158,45.24161]]]}},{"type":"Feature","id":"04917","properties":{"zip":"04917","pop":null,"city":"","county":"Kennebec","state":"Maine","area":40.88,"lat":44.48959,"lon":-69.84157},"geometry":{"type":"Polygon","coordinates":[[[-69.91493,44.50261],[-69.90261,44.52145],[-69.90072,44.52316],[-69.89835,44.52221],[-69.88778,44.53206],[-69.8881,44.53002],[-69.88436,44.52763],[-69.88338,44.52991],[-69.8792,44.5257],[-69.87447,44.52862],[-69.87229,44.53202],[-69.87207,44.53957],[-69.87716,44.54892],[-69.8779,44.55582],[-69.87449,44.56484],[-69.86823,44.56555],[-69.86514,44.56366],[-69.86025,44.55381],[-69.85395,44.54884],[-69.84113,44.54784],[-69.82718,44.56793],[-69.81695,44.57453],[-69.81974,44.57965],[-69.81847,44.58131],[-69.78232,44.57589],[-69.7836,44.57067],[-69.77971,44.56836],[-69.77901,44.56036],[-69.76619,44.55858],[-69.77272,44.53807],[-69.77862,44.53573],[-69.78154,44.52754],[-69.78791,44.51848],[-69.76048,44.51414],[-69.76619,44.50608],[-69.77616,44.50044],[-69.78321,44.49034],[-69.79223,44.48405],[-69.83213,44.39389],[-69.88779,44.40323],[-69.88253,44.40813],[-69.8897,44.40966],[-69.88307,44.4371],[-69.90431,44.44081],[-69.90561,44.44829],[-69.90419,44.45091],[-69.90758,44.4646],[-69.90705,44.47673],[-69.91493,44.50261]],[[-69.8724,44.55175],[-69.86641,44.54025],[-69.86327,44.53746],[-69.86027,44.53829],[-69.86091,44.54256],[-69.85922,44.5432],[-69.86085,44.54755],[-69.86607,44.55902],[-69.87033,44.5635],[-69.87231,44.56231],[-69.8724,44.55175]]]}},{"type":"Feature","id":"04360","properties":{"zip":"04360","pop":null,"city":"","county":"Kennebec","state":"Maine","area":18.15,"lat":44.5475,"lon":-70.0029},"geometry":{"type":"Polygon","coordinates":[[[-70.07198,44.53234],[-70.06008,44.54543],[-70.05978,44.54964],[-70.0551,44.5528],[-70.04619,44.56771],[-70.04116,44.57125],[-70.04126,44.57739],[-70.03752,44.58362],[-70.04022,44.58872],[-69.9535,44.57469],[-69.94676,44.58235],[-69.93263,44.58006],[-69.94057,44.56829],[-69.93583,44.56764],[-69.94408,44.53783],[-69.94969,44.53866],[-69.95467,44.527],[-69.9589,44.52768],[-69.96327,44.5206],[-69.98235,44.52361],[-69.98615,44.52103],[-69.98884,44.5253],[-69.99236,44.52514],[-69.98866,44.52134],[-69.98986,44.5169],[-69.99362,44.51483],[-69.99387,44.51675],[-69.99558,44.51665],[-69.9974,44.50377],[-69.9991,44.50225],[-70.03054,44.50879],[-70.03236,44.50718],[-70.03555,44.50808],[-70.04066,44.51514],[-70.04144,44.51415],[-70.07223,44.52932],[-70.07198,44.53234]]]}},{"type":"Feature","id":"04290","properties":{"zip":"04290","pop":null,"city":"","county":"Oxford","state":"Maine","area":33.96,"lat":44.47353,"lon":-70.45066},"geometry":{"type":"Polygon","coordinates":[[[-70.56062,44.47509],[-70.50401,44.4968],[-70.50837,44.50382],[-70.48286,44.52983],[-70.47124,44.53184],[-70.41681,44.51724],[-70.41008,44.51452],[-70.40369,44.50671],[-70.39418,44.49974],[-70.38617,44.49937],[-70.37451,44.49278],[-70.34891,44.48496],[-70.35031,44.48346],[-70.34928,44.47982],[-70.35401,44.47787],[-70.3546,44.47977],[-70.35745,44.47914],[-70.36033,44.47575],[-70.35176,44.46332],[-70.36644,44.44849],[-70.37337,44.45204],[-70.40436,44.42162],[-70.44009,44.42852],[-70.45774,44.42462],[-70.46332,44.43471],[-70.52345,44.43621],[-70.53078,44.46213],[-70.55076,44.45355],[-70.56062,44.47509]]]}},{"type":"Feature","id":"04261","properties":{"zip":"04261","pop":null,"city":"","county":"Oxford","state":"Maine","area":149.27,"lat":44.56317,"lon":-70.91898},"geometry":{"type":"Polygon","coordinates":[[[-71.03613,44.72832],[-71.02261,44.73414],[-71.01618,44.73372],[-71.01675,44.73773],[-71.01448,44.7395],[-71.00344,44.72851],[-70.99883,44.73383],[-70.99786,44.73811],[-70.98688,44.74123],[-70.98944,44.74491],[-70.98439,44.74557],[-70.98185,44.74856],[-70.98252,44.75138],[-70.97114,44.75305],[-70.97202,44.75828],[-70.96669,44.75624],[-70.9642,44.7617],[-70.95985,44.76206],[-70.94565,44.75243],[-70.93702,44.75471],[-70.93174,44.66802],[-70.92134,44.67217],[-70.9153,44.66906],[-70.89493,44.67022],[-70.88117,44.65411],[-70.86596,44.64529],[-70.85309,44.64088],[-70.77965,44.5427],[-70.73271,44.5609],[-70.70428,44.52246],[-70.78802,44.48663],[-70.89125,44.41795],[-70.8988,44.42762],[-71.01746,44.41517],[-71.03613,44.72832]]]}},{"type":"Feature","id":"04457","properties":{"zip":"04457","pop":null,"city":"Lincoln","county":"Penobscot","state":"Maine","area":191.36,"lat":45.43438,"lon":-68.52821},"geometry":{"type":"Polygon","coordinates":[[[-68.69651,45.34301],[-68.67023,45.34717],[-68.7001,45.43636],[-68.69591,45.44269],[-68.69615,45.45004],[-68.69783,45.45224],[-68.69558,45.45358],[-68.69666,45.46169],[-68.69386,45.46511],[-68.6795,45.46975],[-68.6761,45.4716],[-68.67649,45.47428],[-68.67482,45.47393],[-68.69927,45.54992],[-68.61487,45.56417],[-68.61483,45.57101],[-68.59279,45.57117],[-68.5945,45.56514],[-68.53902,45.57302],[-68.53451,45.55939],[-68.43349,45.57594],[-68.41252,45.5704],[-68.41,45.5722],[-68.3905,45.55931],[-68.36939,45.53978],[-68.35911,45.51234],[-68.3577,45.50413],[-68.36289,45.49841],[-68.36342,45.49429],[-68.36847,45.48916],[-68.38048,45.48438],[-68.38367,45.47747],[-68.39143,45.46854],[-68.41965,45.45491],[-68.42915,45.44515],[-68.44248,45.43834],[-68.36858,45.40615],[-68.34107,45.31798],[-68.44431,45.3002],[-68.44587,45.29624],[-68.45351,45.29864],[-68.51401,45.28872],[-68.60031,45.32771],[-68.6085,45.32133],[-68.61069,45.32286],[-68.61723,45.3195],[-68.62587,45.31907],[-68.63416,45.31241],[-68.63564,45.30754],[-68.70882,45.32214],[-68.69651,45.34301]]]}},{"type":"Feature","id":"04537","properties":{"zip":"04537","pop":null,"city":"","county":"Lincoln","state":"Maine","area":14.97,"lat":43.90226,"lon":-69.62519},"geometry":{"type":"Polygon","coordinates":[[[-69.68502,43.8751],[-69.68179,43.87511],[-69.68381,43.87581],[-69.67369,43.8842],[-69.6735,43.88055],[-69.6696,43.88556],[-69.66741,43.88441],[-69.66889,43.89064],[-69.66608,43.90027],[-69.66792,43.91394],[-69.66496,43.91899],[-69.66476,43.92733],[-69.65075,43.93496],[-69.63733,43.93555],[-69.6346,43.94131],[-69.59559,43.93617],[-69.58489,43.93311],[-69.58472,43.92743],[-69.57823,43.92666],[-69.57073,43.91685],[-69.57268,43.90526],[-69.57993,43.89606],[-69.58012,43.89234],[-69.58438,43.88587],[-69.58373,43.87716],[-69.59316,43.87226],[-69.59946,43.87174],[-69.60208,43.86838],[-69.63956,43.87308],[-69.66431,43.86565],[-69.67595,43.86455],[-69.68398,43.8672],[-69.68653,43.87058],[-69.68502,43.8751]]]}},{"type":"Feature","id":"04780","properties":{"zip":"04780","pop":null,"city":"","county":"Aroostook","state":"Maine","area":120.09,"lat":46.16764,"lon":-68.2695},"geometry":{"type":"Polygon","coordinates":[[[-68.43742,46.20753],[-68.36786,46.20697],[-68.36257,46.21723],[-68.3486,46.22058],[-68.35327,46.23171],[-68.35536,46.24796],[-68.34956,46.25787],[-68.33978,46.25668],[-68.3426,46.26559],[-68.33362,46.26645],[-68.32846,46.26324],[-68.327,46.26543],[-68.31852,46.26757],[-68.31015,46.27245],[-68.29009,46.27505],[-68.28271,46.27269],[-68.27351,46.27697],[-68.26448,46.27273],[-68.25574,46.27426],[-68.25188,46.27849],[-68.24664,46.27691],[-68.24035,46.2787],[-68.23837,46.27571],[-68.23313,46.27623],[-68.23049,46.27457],[-68.22492,46.27759],[-68.22396,46.27253],[-68.21766,46.26703],[-68.21591,46.26755],[-68.21496,46.26422],[-68.21268,46.26399],[-68.21139,46.26083],[-68.20932,46.26138],[-68.20065,46.25192],[-68.19416,46.25334],[-68.19809,46.26048],[-68.186,46.26332],[-68.17228,46.2583],[-68.17186,46.25571],[-68.16631,46.25561],[-68.16668,46.20679],[-68.10001,46.2071],[-68.09612,46.19711],[-68.07335,46.19955],[-68.06154,46.17336],[-68.06321,46.16768],[-68.04933,46.16996],[-68.04553,46.16741],[-68.04098,46.1673],[-68.03969,46.12282],[-68.30196,46.12421],[-68.29984,46.03647],[-68.33174,46.03624],[-68.3314,46.03953],[-68.33886,46.04643],[-68.34639,46.0624],[-68.35302,46.07047],[-68.36519,46.06779],[-68.36989,46.06973],[-68.37282,46.07444],[-68.38035,46.07542],[-68.38336,46.07503],[-68.38389,46.06885],[-68.4,46.06201],[-68.43694,46.06514],[-68.43742,46.20753]]]}},{"type":"Feature","id":"04573","properties":{"zip":"04573","pop":null,"city":"","county":"Lincoln","state":"Maine","area":5.74,"lat":43.95084,"lon":-69.55037},"geometry":{"type":"Polygon","coordinates":[[[-69.58017,43.93988],[-69.57499,43.95348],[-69.56788,43.95563],[-69.56473,43.95982],[-69.56455,43.96119],[-69.57194,43.96236],[-69.56956,43.96821],[-69.56403,43.96612],[-69.56354,43.96961],[-69.5544,43.98022],[-69.55632,43.98028],[-69.55402,43.98357],[-69.54748,43.987],[-69.54644,43.99155],[-69.54118,43.99042],[-69.5396,43.99195],[-69.54146,43.99179],[-69.54195,43.99363],[-69.53516,43.99148],[-69.53175,43.91887],[-69.53311,43.90484],[-69.53574,43.90339],[-69.5354,43.90776],[-69.5406,43.90752],[-69.54191,43.91134],[-69.5448,43.90705],[-69.54124,43.92415],[-69.54406,43.92472],[-69.54387,43.92703],[-69.56696,43.93067],[-69.56966,43.9286],[-69.56926,43.93001],[-69.57336,43.93227],[-69.57791,43.92959],[-69.57877,43.93124],[-69.57603,43.93493],[-69.5706,43.93616],[-69.57258,43.93818],[-69.57836,43.93463],[-69.58098,43.93533],[-69.58017,43.93988]]]}},{"type":"Feature","id":"04352","properties":{"zip":"04352","pop":null,"city":"","county":"Kennebec","state":"Maine","area":31.14,"lat":44.46478,"lon":-69.96212},"geometry":{"type":"Polygon","coordinates":[[[-70.04529,44.49481],[-70.0423,44.49453],[-70.03712,44.50185],[-70.03555,44.50808],[-70.03236,44.50718],[-70.03054,44.50879],[-69.9991,44.50225],[-69.9974,44.50377],[-69.99558,44.51665],[-69.99387,44.51675],[-69.99362,44.51483],[-69.98986,44.5169],[-69.98866,44.52134],[-69.99236,44.52514],[-69.98884,44.5253],[-69.98615,44.52103],[-69.98235,44.52361],[-69.96327,44.5206],[-69.9589,44.52768],[-69.95467,44.527],[-69.94969,44.53866],[-69.94408,44.53783],[-69.94754,44.51808],[-69.90959,44.51243],[-69.91522,44.50161],[-69.90705,44.47673],[-69.90758,44.4646],[-69.90419,44.45091],[-69.90559,44.44382],[-69.90431,44.44081],[-69.88307,44.4371],[-69.8897,44.40966],[-69.88253,44.40813],[-69.88779,44.40323],[-69.94152,44.41159],[-69.94058,44.41509],[-69.98276,44.42097],[-69.98331,44.4191],[-70.0306,44.42662],[-70.02519,44.4445],[-70.01582,44.46362],[-70.02125,44.4682],[-70.02308,44.46569],[-70.02893,44.46574],[-70.03423,44.4605],[-70.0338,44.45844],[-70.03529,44.45952],[-70.03178,44.46827],[-70.03078,44.48819],[-70.03447,44.49008],[-70.04285,44.48005],[-70.04199,44.48759],[-70.04634,44.49078],[-70.04529,44.49481]]]}},{"type":"Feature","id":"04410","properties":{"zip":"04410","pop":null,"city":"","county":"Penobscot","state":"Maine","area":29.06,"lat":45.08818,"lon":-68.9071},"geometry":{"type":"Polygon","coordinates":[[[-68.9836,45.12584],[-68.85659,45.14278],[-68.83024,45.05044],[-68.95823,45.03384],[-68.9836,45.12584]]]}},{"type":"Feature","id":"04359","properties":{"zip":"04359","pop":null,"city":"Gardiner","county":"Kennebec","state":"Maine","area":0.49,"lat":44.17973,"lon":-69.76113},"geometry":{"type":"Polygon","coordinates":[[[-69.7712,44.16689],[-69.76334,44.18627],[-69.76132,44.18898],[-69.75732,44.18979],[-69.7605,44.19739],[-69.75605,44.19121],[-69.75392,44.18261],[-69.75547,44.1778],[-69.75887,44.172],[-69.76434,44.16929],[-69.76059,44.17232],[-69.75993,44.17351],[-69.7712,44.16689]]]}},{"type":"Feature","id":"04419","properties":{"zip":"04419","pop":null,"city":"","county":"Penobscot","state":"Maine","area":26.28,"lat":44.79681,"lon":-69.03156},"geometry":{"type":"Polygon","coordinates":[[[-69.10269,44.83248],[-68.9831,44.84834],[-68.95885,44.76123],[-69.08136,44.74575],[-69.09405,44.79773],[-69.10063,44.79696],[-69.10187,44.80209],[-69.09533,44.80294],[-69.10269,44.83248]]]}},{"type":"Feature","id":"04454","properties":{"zip":"04454","pop":null,"city":"","county":"Washington","state":"Maine","area":13.78,"lat":45.52219,"lon":-67.52512},"geometry":{"type":"Polygon","coordinates":[[[-67.60775,45.54392],[-67.53512,45.55466],[-67.42507,45.50417],[-67.42968,45.50159],[-67.43257,45.50385],[-67.44159,45.50504],[-67.4508,45.51009],[-67.45354,45.50877],[-67.44888,45.50208],[-67.44938,45.4996],[-67.45157,45.49899],[-67.46288,45.50869],[-67.47091,45.50428],[-67.47073,45.50007],[-67.4644,45.49661],[-67.46764,45.49518],[-67.47127,45.49723],[-67.47686,45.49724],[-67.48132,45.49402],[-67.48468,45.49547],[-67.488,45.49376],[-67.48964,45.48911],[-67.49509,45.48868],[-67.49944,45.49101],[-67.50309,45.48969],[-67.50016,45.4789],[-67.50341,45.47854],[-67.51436,45.48573],[-67.51636,45.4897],[-67.52199,45.49277],[-67.52237,45.49532],[-67.52761,45.49685],[-67.53965,45.50676],[-67.55581,45.51494],[-67.56266,45.51666],[-67.56936,45.51245],[-67.58829,45.52397],[-67.59474,45.52406],[-67.60378,45.52792],[-67.60775,45.54392]]]}},{"type":"Feature","id":"03902","properties":{"zip":"03902","pop":null,"city":"","county":"York","state":"Maine","area":14.03,"lat":43.2225,"lon":-70.63794},"geometry":{"type":"Polygon","coordinates":[[[-70.70419,43.22894],[-70.65291,43.26086],[-70.58147,43.22938],[-70.57579,43.22186],[-70.57669,43.21765],[-70.58804,43.20866],[-70.58692,43.20575],[-70.58953,43.20385],[-70.58781,43.19986],[-70.58919,43.1957],[-70.59381,43.18912],[-70.60021,43.18446],[-70.60277,43.18803],[-70.61483,43.19275],[-70.62681,43.19162],[-70.62747,43.19423],[-70.62565,43.19504],[-70.63355,43.20102],[-70.64548,43.1899],[-70.64313,43.20493],[-70.64858,43.20486],[-70.6596,43.19411],[-70.67008,43.20108],[-70.67033,43.19941],[-70.67448,43.20085],[-70.67719,43.2045],[-70.68362,43.20638],[-70.68681,43.2118],[-70.69053,43.21294],[-70.68731,43.21319],[-70.68821,43.21576],[-70.68685,43.21599],[-70.69577,43.21695],[-70.69983,43.22147],[-70.70029,43.22662],[-70.70419,43.22894]]]}},{"type":"Feature","id":"04964","properties":{"zip":"04964","pop":null,"city":"","county":"Oxford","state":"Maine","area":87.8,"lat":44.93557,"lon":-70.83594},"geometry":{"type":"Polygon","coordinates":[[[-70.94751,45.00164],[-70.89647,45.00641],[-70.8983,45.00856],[-70.89719,45.00937],[-70.88249,45.01016],[-70.88191,45.02061],[-70.88469,45.0259],[-70.87634,45.02673],[-70.87186,45.03136],[-70.87436,45.03294],[-70.87373,45.03512],[-70.86847,45.04089],[-70.86789,45.04408],[-70.87568,45.04702],[-70.87545,45.04837],[-70.85924,45.04525],[-70.85813,45.04705],[-70.86064,45.04895],[-70.85582,45.04817],[-70.85215,45.05046],[-70.82076,45.07351],[-70.82209,45.07668],[-70.80963,45.08259],[-70.80838,45.09258],[-70.79716,45.09535],[-70.77984,45.01838],[-70.79936,45.01633],[-70.79061,45.00887],[-70.78517,44.9941],[-70.782,44.99052],[-70.78417,44.98242],[-70.76693,44.96745],[-70.76905,44.96613],[-70.76838,44.96235],[-70.75853,44.95568],[-70.74513,44.93042],[-70.73882,44.92771],[-70.75332,44.92615],[-70.75169,44.923],[-70.74027,44.9098],[-70.72789,44.90629],[-70.72406,44.903],[-70.71618,44.90194],[-70.71278,44.89661],[-70.71237,44.88905],[-70.71548,44.88424],[-70.71127,44.87157],[-70.70383,44.867],[-70.7016,44.86236],[-70.70364,44.85523],[-70.70221,44.84863],[-70.7739,44.83974],[-70.77747,44.85365],[-70.79688,44.86262],[-70.81086,44.85989],[-70.81545,44.85633],[-70.82799,44.85699],[-70.83124,44.84726],[-70.84058,44.83878],[-70.84199,44.83336],[-70.8486,44.82745],[-70.85374,44.82753],[-70.85708,44.82442],[-70.86447,44.82422],[-70.86574,44.82099],[-70.86416,44.82051],[-70.8721,44.81746],[-70.87498,44.82101],[-70.86991,44.82525],[-70.87438,44.82741],[-70.88731,44.8177],[-70.89251,44.8151],[-70.89928,44.81459],[-70.90277,44.80903],[-70.92856,44.91019],[-70.94751,45.00164]]]}},{"type":"Feature","id":"04062","properties":{"zip":"04062","pop":null,"city":"North Windham","county":"Cumberland","state":"Maine","area":36.22,"lat":43.79791,"lon":-70.40554},"geometry":{"type":"Polygon","coordinates":[[[-70.46794,43.874],[-70.45474,43.88657],[-70.32438,43.81982],[-70.33678,43.80715],[-70.3432,43.81031],[-70.35802,43.76367],[-70.35892,43.7557],[-70.35539,43.75441],[-70.35673,43.75246],[-70.35516,43.75035],[-70.36123,43.75382],[-70.3781,43.69736],[-70.39096,43.7003],[-70.39719,43.70611],[-70.40348,43.70605],[-70.40215,43.70946],[-70.40554,43.71511],[-70.41172,43.7178],[-70.42251,43.72907],[-70.42363,43.7335],[-70.42733,43.73456],[-70.42753,43.7375],[-70.43234,43.74116],[-70.43732,43.73927],[-70.43947,43.74601],[-70.43852,43.74854],[-70.444,43.74866],[-70.44824,43.75268],[-70.44685,43.75884],[-70.44922,43.76267],[-70.44377,43.77302],[-70.45211,43.77717],[-70.455,43.78291],[-70.45375,43.79138],[-70.4504,43.79369],[-70.44737,43.79959],[-70.45008,43.80249],[-70.45084,43.80889],[-70.44654,43.82728],[-70.45171,43.83123],[-70.45376,43.82961],[-70.46221,43.83098],[-70.45939,43.83636],[-70.46586,43.84595],[-70.48673,43.85654],[-70.46794,43.874]]]}},{"type":"Feature","id":"04274","properties":{"zip":"04274","pop":null,"city":"","county":"Androscoggin","state":"Maine","area":33.9,"lat":44.04622,"lon":-70.38989},"geometry":{"type":"Polygon","coordinates":[[[-70.48529,44.0604],[-70.45116,44.09455],[-70.4489,44.0895],[-70.43525,44.07677],[-70.42384,44.07148],[-70.40766,44.08121],[-70.37677,44.08595],[-70.35908,44.10381],[-70.35312,44.1007],[-70.34771,44.10158],[-70.34239,44.09881],[-70.34085,44.09388],[-70.33824,44.09242],[-70.34274,44.09141],[-70.34253,44.09002],[-70.33437,44.09264],[-70.33611,44.09069],[-70.32988,44.08647],[-70.32666,44.0874],[-70.31962,44.08321],[-70.31628,44.08435],[-70.30917,44.07977],[-70.30236,44.07881],[-70.2952,44.07399],[-70.29333,44.06502],[-70.28883,44.06478],[-70.36387,43.98645],[-70.39532,44.00309],[-70.39675,43.99713],[-70.39931,43.99475],[-70.3983,43.99209],[-70.40195,43.99011],[-70.44503,44.0128],[-70.44859,44.00943],[-70.47965,44.02629],[-70.4811,44.02922],[-70.47844,44.03539],[-70.48146,44.04369],[-70.47922,44.05566],[-70.48529,44.0604]]]}},{"type":"Feature","id":"04064","properties":{"zip":"04064","pop":null,"city":"Old Orchard Beach","county":"York","state":"Maine","area":5.02,"lat":43.52617,"lon":-70.38979},"geometry":{"type":"Polygon","coordinates":[[[-70.42526,43.51767],[-70.39009,43.55371],[-70.35339,43.53541],[-70.36121,43.52919],[-70.38228,43.50109],[-70.38372,43.50245],[-70.38182,43.50377],[-70.38561,43.50285],[-70.38371,43.50506],[-70.38492,43.50703],[-70.41441,43.50277],[-70.41737,43.51442],[-70.41514,43.51834],[-70.42526,43.51767]]]}},{"type":"Feature","id":"04849","properties":{"zip":"04849","pop":null,"city":"","county":"Waldo","state":"Maine","area":45.7,"lat":44.31788,"lon":-69.04758},"geometry":{"type":"Polygon","coordinates":[[[-69.12854,44.32315],[-69.07805,44.35874],[-69.08234,44.36086],[-69.06565,44.37295],[-69.06056,44.36742],[-69.00669,44.39061],[-68.99921,44.39607],[-68.99611,44.39315],[-68.99021,44.39505],[-68.9827,44.38602],[-68.97881,44.38634],[-68.9673,44.38111],[-68.95564,44.36853],[-68.94816,44.35588],[-68.94988,44.33999],[-68.95889,44.31435],[-68.96344,44.30832],[-68.98019,44.29483],[-68.9827,44.29814],[-68.98547,44.29837],[-69.00368,44.29458],[-69.0011,44.29065],[-69.00718,44.28249],[-69.00433,44.27772],[-69.00507,44.27407],[-69.01705,44.25709],[-69.02837,44.24901],[-69.0431,44.25955],[-69.12162,44.25564],[-69.1709,44.29255],[-69.12854,44.32315]]]}},{"type":"Feature","id":"04029","properties":{"zip":"04029","pop":null,"city":"","county":"Cumberland","state":"Maine","area":35.55,"lat":43.8948,"lon":-70.65999},"geometry":{"type":"Polygon","coordinates":[[[-70.75793,43.90686],[-70.75248,43.91401],[-70.72978,43.92833],[-70.74751,43.9459],[-70.71542,43.96182],[-70.70215,43.94774],[-70.68949,43.95424],[-70.68657,43.95012],[-70.67275,43.94265],[-70.66998,43.93969],[-70.67224,43.93917],[-70.66971,43.93852],[-70.67214,43.93598],[-70.65743,43.92179],[-70.63896,43.93147],[-70.62387,43.91533],[-70.61062,43.92102],[-70.60278,43.91349],[-70.59667,43.91565],[-70.58059,43.91134],[-70.53565,43.86403],[-70.61246,43.84794],[-70.62679,43.83375],[-70.64153,43.85026],[-70.65004,43.84643],[-70.65692,43.85438],[-70.64951,43.85848],[-70.65545,43.86685],[-70.66503,43.86261],[-70.67267,43.87038],[-70.68135,43.86617],[-70.68554,43.87],[-70.71127,43.85782],[-70.71528,43.86133],[-70.72475,43.85597],[-70.74187,43.87435],[-70.74542,43.87369],[-70.75054,43.87849],[-70.75405,43.87896],[-70.74388,43.88585],[-70.74983,43.88579],[-70.74967,43.88759],[-70.75451,43.88846],[-70.75793,43.90686]]]}},{"type":"Feature","id":"04348","properties":{"zip":"04348","pop":null,"city":"","county":"Lincoln","state":"Maine","area":58.88,"lat":44.21519,"lon":-69.49919},"geometry":{"type":"Polygon","coordinates":[[[-69.59175,44.12258],[-69.54028,44.25975],[-69.5474,44.26099],[-69.54685,44.26245],[-69.54282,44.26248],[-69.53484,44.26736],[-69.53441,44.27221],[-69.52142,44.28056],[-69.50638,44.34287],[-69.40963,44.328],[-69.41643,44.3213],[-69.43699,44.32449],[-69.45125,44.31395],[-69.44066,44.28443],[-69.44948,44.26227],[-69.43284,44.22674],[-69.40363,44.21914],[-69.40602,44.21067],[-69.41609,44.21226],[-69.43218,44.1577],[-69.48523,44.16503],[-69.48152,44.15534],[-69.48219,44.14979],[-69.48582,44.14652],[-69.48402,44.14066],[-69.48451,44.1334],[-69.48968,44.12939],[-69.50194,44.1317],[-69.50385,44.12946],[-69.50562,44.11907],[-69.51241,44.11286],[-69.51783,44.10101],[-69.55472,44.10408],[-69.57902,44.11563],[-69.58358,44.11891],[-69.58331,44.12049],[-69.59175,44.12258]]]}},{"type":"Feature","id":"04032","properties":{"zip":"04032","pop":null,"city":"Freeport","county":"Cumberland","state":"Maine","area":26.67,"lat":43.85626,"lon":-70.10076},"geometry":{"type":"MultiPolygon","coordinates":[[[[-70.074,43.78508],[-70.07163,43.78748],[-70.06355,43.78902],[-70.06307,43.78765],[-70.07448,43.77993],[-70.074,43.78508]]],[[[-70.07876,43.79674],[-70.07091,43.80326],[-70.06664,43.80429],[-70.06664,43.79949],[-70.06996,43.79674],[-70.07828,43.79537],[-70.07876,43.79674]]],[[[-70.16569,43.84635],[-70.16741,43.84718],[-70.16134,43.85373],[-70.16272,43.85437],[-70.12984,43.89368],[-70.13138,43.89447],[-70.11852,43.90797],[-70.11586,43.90671],[-70.09233,43.93195],[-70.08084,43.92646],[-70.08789,43.91902],[-70.04658,43.88356],[-70.04833,43.88164],[-70.03986,43.8758],[-70.04361,43.87179],[-70.03565,43.86847],[-70.03866,43.86485],[-70.02325,43.85597],[-70.04192,43.84167],[-70.03978,43.83893],[-70.04406,43.83499],[-70.04153,43.83107],[-70.04457,43.82975],[-70.04833,43.83242],[-70.05356,43.83019],[-70.05838,43.82468],[-70.05409,43.82194],[-70.0666,43.81052],[-70.06859,43.81136],[-70.06363,43.82563],[-70.06613,43.82718],[-70.07327,43.8241],[-70.0772,43.82821],[-70.08055,43.8276],[-70.08068,43.81985],[-70.09433,43.81596],[-70.0992,43.80909],[-70.10704,43.80755],[-70.11338,43.8009],[-70.11952,43.80144],[-70.13622,43.79502],[-70.14133,43.79711],[-70.1488,43.79704],[-70.15344,43.80047],[-70.15489,43.80443],[-70.15177,43.80826],[-70.15337,43.81327],[-70.15093,43.81578],[-70.15349,43.81703],[-70.15252,43.82267],[-70.17138,43.84071],[-70.16569,43.84635]]]]}},{"type":"Feature","id":"04460","properties":{"zip":"04460","pop":null,"city":"","county":"Penobscot","state":"Maine","area":55.44,"lat":45.64131,"lon":-68.52634},"geometry":{"type":"Polygon","coordinates":[[[-68.63104,45.57504],[-68.63075,45.61301],[-68.62765,45.61429],[-68.62639,45.61933],[-68.61666,45.62442],[-68.61487,45.62896],[-68.61598,45.63157],[-68.60636,45.63175],[-68.5872,45.62107],[-68.57381,45.62015],[-68.56248,45.61462],[-68.56163,45.66389],[-68.56574,45.66936],[-68.57103,45.67222],[-68.58106,45.68761],[-68.58908,45.69157],[-68.58729,45.69852],[-68.59584,45.71257],[-68.58892,45.72488],[-68.59023,45.73175],[-68.5884,45.73565],[-68.58024,45.75202],[-68.57588,45.75426],[-68.57367,45.76772],[-68.55925,45.77605],[-68.55943,45.76146],[-68.56412,45.7615],[-68.56237,45.75874],[-68.56513,45.75609],[-68.56007,45.75089],[-68.56016,45.73584],[-68.50304,45.7368],[-68.49298,45.71845],[-68.48521,45.71326],[-68.48063,45.71321],[-68.48151,45.70784],[-68.48767,45.70356],[-68.4916,45.69781],[-68.49042,45.69445],[-68.48676,45.69365],[-68.49801,45.66855],[-68.43246,45.66783],[-68.43303,45.57848],[-68.41,45.5722],[-68.41252,45.5704],[-68.43349,45.57594],[-68.53451,45.55939],[-68.53902,45.57302],[-68.5945,45.56514],[-68.59279,45.57117],[-68.63105,45.57068],[-68.63104,45.57504]]]}},{"type":"Feature","id":"04428","properties":{"zip":"04428","pop":null,"city":"","county":"Penobscot","state":"Maine","area":44.17,"lat":44.80646,"lon":-68.55581},"geometry":{"type":"Polygon","coordinates":[[[-68.70092,44.83362],[-68.6969,44.84451],[-68.67443,44.85827],[-68.67186,44.86643],[-68.55986,44.81759],[-68.51673,44.86559],[-68.47301,44.87076],[-68.44522,44.76301],[-68.61667,44.74099],[-68.61177,44.74694],[-68.61412,44.75607],[-68.60958,44.76261],[-68.59783,44.76879],[-68.59097,44.7758],[-68.59187,44.78351],[-68.67105,44.81734],[-68.68462,44.80083],[-68.69028,44.80334],[-68.68679,44.8047],[-68.69874,44.82147],[-68.69607,44.82428],[-68.70092,44.83362]]]}},{"type":"Feature","id":"04255","properties":{"zip":"04255","pop":null,"city":"","county":"Oxford","state":"Maine","area":28.17,"lat":44.335,"lon":-70.66872},"geometry":{"type":"Polygon","coordinates":[[[-70.74861,44.38405],[-70.74742,44.38855],[-70.69424,44.4098],[-70.66953,44.38741],[-70.67513,44.38516],[-70.66751,44.37686],[-70.66087,44.37978],[-70.6029,44.32588],[-70.58076,44.29483],[-70.6397,44.27671],[-70.64519,44.28002],[-70.67208,44.2667],[-70.68563,44.28051],[-70.72305,44.32982],[-70.71778,44.3318],[-70.71538,44.33026],[-70.70535,44.33016],[-70.70509,44.33474],[-70.70122,44.33668],[-70.70558,44.34096],[-70.70632,44.3471],[-70.70925,44.35042],[-70.71578,44.35296],[-70.71948,44.35782],[-70.73029,44.36269],[-70.7357,44.3677],[-70.7474,44.37143],[-70.75173,44.37947],[-70.74861,44.38405]]]}},{"type":"Feature","id":"04735","properties":{"zip":"04735","pop":null,"city":"","county":"Aroostook","state":"Maine","area":141.63,"lat":46.38063,"lon":-68.02869},"geometry":{"type":"Polygon","coordinates":[[[-68.17373,46.46916],[-68.11902,46.46896],[-68.12149,46.47098],[-68.1195,46.47174],[-68.12325,46.47738],[-68.12292,46.4807],[-68.12486,46.48051],[-68.12876,46.48939],[-68.11132,46.49732],[-68.10898,46.5012],[-68.10988,46.50888],[-68.1076,46.51112],[-68.10402,46.51297],[-68.09906,46.51108],[-68.08883,46.51627],[-68.08757,46.51922],[-68.09088,46.52226],[-68.088,46.52507],[-68.08264,46.54429],[-68.0796,46.54425],[-68.0796,46.5477],[-68.07407,46.54921],[-68.04826,46.54987],[-68.04619,46.54898],[-68.0438,46.45477],[-67.93241,46.45748],[-67.93251,46.46435],[-67.7852,46.4666],[-67.78353,46.37294],[-67.90891,46.37173],[-67.90844,46.36604],[-68.04044,46.36448],[-68.04007,46.28731],[-68.03183,46.29001],[-68.03032,46.28808],[-68.03175,46.27669],[-68.04016,46.27679],[-68.04019,46.20747],[-68.16668,46.20679],[-68.16529,46.35939],[-68.17393,46.38121],[-68.17373,46.46916]]]}},{"type":"Feature","id":"04496","properties":{"zip":"04496","pop":null,"city":"Winterport","county":"Waldo","state":"Maine","area":26.39,"lat":44.65835,"lon":-68.91172},"geometry":{"type":"Polygon","coordinates":[[[-69.00135,44.67393],[-68.89673,44.69172],[-68.89588,44.68925],[-68.86536,44.69422],[-68.86598,44.69696],[-68.83753,44.70213],[-68.83702,44.69233],[-68.8176,44.68682],[-68.81183,44.67135],[-68.8135,44.66823],[-68.82242,44.66401],[-68.83163,44.65161],[-68.83433,44.64251],[-68.84695,44.62531],[-68.84572,44.61484],[-68.8632,44.62053],[-68.87235,44.62664],[-68.87914,44.63649],[-68.88505,44.63936],[-68.89394,44.63607],[-68.91072,44.6377],[-68.92139,44.63236],[-68.92604,44.63422],[-68.94765,44.62344],[-68.95128,44.61893],[-68.95636,44.61986],[-68.96147,44.6171],[-68.9606,44.62048],[-68.96476,44.62153],[-68.96445,44.61777],[-68.96652,44.61645],[-68.9915,44.62541],[-68.99941,44.62045],[-69.01417,44.67179],[-69.00135,44.67393]]]}},{"type":"Feature","id":"04987","properties":{"zip":"04987","pop":null,"city":"","county":"Waldo","state":"Maine","area":25.59,"lat":44.67918,"lon":-69.25353},"geometry":{"type":"Polygon","coordinates":[[[-69.32741,44.71444],[-69.2052,44.72959],[-69.18373,44.64402],[-69.28593,44.62712],[-69.29907,44.64997],[-69.32599,44.65389],[-69.30876,44.67322],[-69.32741,44.71444]]]}},{"type":"Feature","id":"04219","properties":{"zip":"04219","pop":null,"city":"","county":"Oxford","state":"Maine","area":44.71,"lat":44.40919,"lon":-70.59297},"geometry":{"type":"Polygon","coordinates":[[[-70.69424,44.4098],[-70.65639,44.42499],[-70.65974,44.44051],[-70.65475,44.44871],[-70.66097,44.45719],[-70.55578,44.49897],[-70.55151,44.49365],[-70.55907,44.49057],[-70.55012,44.47913],[-70.56062,44.47509],[-70.55076,44.45355],[-70.53078,44.46213],[-70.5211,44.42615],[-70.52517,44.42428],[-70.51901,44.4094],[-70.51453,44.38576],[-70.5062,44.37112],[-70.51005,44.37191],[-70.51301,44.37677],[-70.52522,44.37115],[-70.52188,44.36337],[-70.57298,44.33933],[-70.56961,44.3334],[-70.57498,44.33117],[-70.58535,44.33402],[-70.59097,44.33145],[-70.58727,44.32622],[-70.59096,44.32471],[-70.59477,44.32966],[-70.6029,44.32588],[-70.66087,44.37978],[-70.66751,44.37686],[-70.67513,44.38516],[-70.66953,44.38741],[-70.69424,44.4098]]]}},{"type":"Feature","id":"04973","properties":{"zip":"04973","pop":null,"city":"","county":"Waldo","state":"Maine","area":27.93,"lat":44.36218,"lon":-69.19311},"geometry":{"type":"Polygon","coordinates":[[[-69.24967,44.39793],[-69.22222,44.44125],[-69.20847,44.43148],[-69.10852,44.3373],[-69.1709,44.29255],[-69.26888,44.36465],[-69.24967,44.39793]]]}},{"type":"Feature","id":"04424","properties":{"zip":"04424","pop":null,"city":"Danforth","county":"Washington","state":"Maine","area":80.87,"lat":45.6702,"lon":-67.86162},"geometry":{"type":"Polygon","coordinates":[[[-67.99145,45.72076],[-67.96707,45.72258],[-67.96026,45.7191],[-67.94218,45.71672],[-67.92494,45.70994],[-67.92227,45.71042],[-67.92456,45.71737],[-67.91595,45.71892],[-67.93871,45.77632],[-67.88729,45.78546],[-67.88295,45.77372],[-67.80485,45.77369],[-67.80546,45.76976],[-67.80908,45.7675],[-67.80631,45.75541],[-67.79308,45.75056],[-67.78189,45.73119],[-67.80983,45.72927],[-67.80315,45.69613],[-67.81789,45.69371],[-67.80331,45.67789],[-67.76865,45.67758],[-67.75424,45.66779],[-67.7542,45.66342],[-67.75075,45.65823],[-67.73962,45.64925],[-67.72887,45.63641],[-67.70513,45.6204],[-67.69733,45.6105],[-67.93943,45.56768],[-67.93935,45.57369],[-67.94385,45.57895],[-67.94429,45.58555],[-67.94681,45.58711],[-67.947,45.58985],[-67.94344,45.593],[-67.94115,45.59844],[-67.94348,45.60089],[-67.93834,45.60664],[-67.93471,45.61817],[-67.93416,45.62163],[-67.93837,45.63119],[-67.93456,45.63261],[-67.93398,45.63528],[-67.93963,45.64782],[-67.93933,45.65093],[-67.93354,45.65914],[-67.98338,45.65091],[-67.98239,45.65841],[-67.9887,45.66846],[-67.97445,45.66951],[-67.98143,45.66943],[-67.9815,45.67829],[-67.98512,45.68176],[-67.98607,45.68878],[-67.98248,45.71864],[-67.99224,45.71895],[-67.99145,45.72076]]]}},{"type":"Feature","id":"04643","properties":{"zip":"04643","pop":null,"city":"","county":"Washington","state":"Maine","area":19.72,"lat":44.57867,"lon":-67.80556},"geometry":{"type":"MultiPolygon","coordinates":[[[[-67.79216,44.48081],[-67.7798,44.47708],[-67.78408,44.47284],[-67.78902,44.47236],[-67.7915,44.47668],[-67.79596,44.47618],[-67.79216,44.48081]]],[[[-67.80594,44.51726],[-67.80404,44.51912],[-67.80214,44.51675],[-67.8024,44.51295],[-67.80594,44.51726]]],[[[-67.81949,44.51065],[-67.81616,44.51319],[-67.81046,44.51268],[-67.80472,44.50814],[-67.80263,44.49775],[-67.79121,44.49387],[-67.79667,44.48285],[-67.80021,44.48208],[-67.80618,44.4859],[-67.80761,44.49115],[-67.8145,44.49658],[-67.81735,44.50302],[-67.81664,44.50743],[-67.81949,44.51065]]],[[[-67.83589,44.53658],[-67.8328,44.53996],[-67.82567,44.54081],[-67.82876,44.53607],[-67.82496,44.52692],[-67.82615,44.52268],[-67.8233,44.51912],[-67.82425,44.5176],[-67.82971,44.51641],[-67.8328,44.51997],[-67.83589,44.53658]]],[[[-67.83494,44.48539],[-67.82829,44.48556],[-67.82615,44.49065],[-67.82258,44.48725],[-67.82258,44.48471],[-67.82734,44.48132],[-67.82933,44.48266],[-67.83209,44.47962],[-67.83589,44.48183],[-67.83494,44.48539]]],[[[-67.87643,44.61158],[-67.85619,44.61479],[-67.85834,44.62221],[-67.79351,44.63316],[-67.79115,44.62565],[-67.77271,44.62858],[-67.75967,44.58421],[-67.76055,44.58254],[-67.75521,44.5769],[-67.75715,44.57028],[-67.75374,44.5663],[-67.76259,44.55588],[-67.76222,44.54842],[-67.774,44.54744],[-67.77505,44.54318],[-67.78051,44.53692],[-67.7798,44.52268],[-67.77513,44.51593],[-67.77647,44.51421],[-67.78236,44.51497],[-67.78741,44.51929],[-67.79358,44.51912],[-67.80254,44.52393],[-67.80452,44.53065],[-67.80452,44.54268],[-67.80947,44.54258],[-67.8072,44.55226],[-67.80783,44.55971],[-67.82366,44.56686],[-67.83705,44.5697],[-67.84462,44.57668],[-67.85096,44.57935],[-67.85117,44.58183],[-67.84802,44.58278],[-67.84811,44.5845],[-67.85086,44.58527],[-67.85205,44.58933],[-67.85593,44.59061],[-67.85707,44.59563],[-67.86929,44.59869],[-67.87317,44.60294],[-67.87643,44.61158]]]]}},{"type":"Feature","id":"04256","properties":{"zip":"04256","pop":null,"city":"Mechanic Falls","county":"Androscoggin","state":"Maine","area":8.1,"lat":44.10285,"lon":-70.40738},"geometry":{"type":"Polygon","coordinates":[[[-70.45116,44.09455],[-70.40181,44.14366],[-70.39704,44.1389],[-70.3999,44.13763],[-70.39605,44.13469],[-70.39805,44.133],[-70.39437,44.13336],[-70.38812,44.12413],[-70.38265,44.12058],[-70.38255,44.11544],[-70.37657,44.11118],[-70.36733,44.11],[-70.36207,44.10429],[-70.36067,44.10571],[-70.35908,44.10381],[-70.37677,44.08595],[-70.40766,44.08121],[-70.42384,44.07148],[-70.43525,44.07677],[-70.4489,44.0895],[-70.45116,44.09455]]]}},{"type":"Feature","id":"04673","properties":{"zip":"04673","pop":null,"city":"","county":"Hancock","state":"Maine","area":2.22,"lat":44.30527,"lon":-68.67057},"geometry":{"type":"Polygon","coordinates":[[[-68.69758,44.30561],[-68.68999,44.31149],[-68.69138,44.31404],[-68.68793,44.31638],[-68.6907,44.31752],[-68.69238,44.32394],[-68.67641,44.3146],[-68.67317,44.3204],[-68.66916,44.31548],[-68.65862,44.31388],[-68.65751,44.31203],[-68.65358,44.31425],[-68.64864,44.31197],[-68.65491,44.30591],[-68.65003,44.30342],[-68.65156,44.30173],[-68.64823,44.29564],[-68.64225,44.2931],[-68.64192,44.29132],[-68.64261,44.28944],[-68.64968,44.28961],[-68.65524,44.29248],[-68.66608,44.29329],[-68.6711,44.29533],[-68.67946,44.3031],[-68.68165,44.30275],[-68.68457,44.29633],[-68.6894,44.29669],[-68.69758,44.30561]]]}},{"type":"Feature","id":"04676","properties":{"zip":"04676","pop":null,"city":"","county":"Hancock","state":"Maine","area":18.24,"lat":44.34803,"lon":-68.64277},"geometry":{"type":"Polygon","coordinates":[[[-68.70466,44.39807],[-68.70211,44.39805],[-68.69667,44.4063],[-68.69386,44.40534],[-68.69164,44.40869],[-68.68495,44.40777],[-68.67928,44.41438],[-68.57803,44.34474],[-68.58593,44.33522],[-68.58706,44.32783],[-68.59411,44.3263],[-68.60651,44.31345],[-68.60675,44.31019],[-68.61139,44.30703],[-68.6102,44.30581],[-68.61374,44.30195],[-68.62067,44.29673],[-68.62425,44.30211],[-68.62624,44.30197],[-68.63115,44.29577],[-68.62999,44.28813],[-68.63229,44.28642],[-68.64261,44.28944],[-68.64225,44.2931],[-68.64823,44.29564],[-68.65156,44.30173],[-68.65003,44.30342],[-68.65491,44.30591],[-68.64864,44.31197],[-68.65358,44.31425],[-68.65751,44.31203],[-68.65862,44.31388],[-68.66916,44.31548],[-68.67317,44.3204],[-68.67641,44.3146],[-68.69238,44.32394],[-68.69008,44.33087],[-68.68383,44.33722],[-68.68234,44.34831],[-68.6777,44.35336],[-68.67906,44.35808],[-68.67731,44.36001],[-68.6792,44.36502],[-68.67476,44.37149],[-68.67452,44.38367],[-68.6836,44.39034],[-68.68523,44.3942],[-68.69124,44.39297],[-68.70011,44.39436],[-68.70406,44.39538],[-68.70466,44.39807]]]}},{"type":"Feature","id":"03901","properties":{"zip":"03901","pop":null,"city":"Berwick","county":"York","state":"Maine","area":27.73,"lat":43.30061,"lon":-70.84374},"geometry":{"type":"Polygon","coordinates":[[[-70.92282,43.32586],[-70.85724,43.37244],[-70.7604,43.26976],[-70.8016,43.24267],[-70.808,43.24503],[-70.80613,43.24685],[-70.81783,43.23771],[-70.82507,43.24093],[-70.83727,43.24232],[-70.84127,43.24865],[-70.83921,43.25122],[-70.8433,43.25432],[-70.85201,43.25681],[-70.85508,43.25519],[-70.85821,43.25629],[-70.86323,43.26511],[-70.87029,43.26631],[-70.8743,43.27187],[-70.8817,43.27248],[-70.8865,43.28278],[-70.89922,43.28754],[-70.89633,43.29212],[-70.906,43.29168],[-70.9074,43.29358],[-70.90039,43.30136],[-70.90231,43.30487],[-70.9074,43.30478],[-70.91246,43.30829],[-70.912,43.31982],[-70.91642,43.32028],[-70.92359,43.32456],[-70.92282,43.32586]]]}},{"type":"Feature","id":"04250","properties":{"zip":"04250","pop":null,"city":"Lisbon","county":"Androscoggin","state":"Maine","area":8.99,"lat":44.02567,"lon":-70.11705},"geometry":{"type":"Polygon","coordinates":[[[-70.15856,44.00535],[-70.14308,44.02206],[-70.12679,44.06559],[-70.08592,44.05968],[-70.08922,44.04886],[-70.07955,44.04578],[-70.08955,44.03831],[-70.0895,44.03031],[-70.09236,44.02123],[-70.0863,44.0154],[-70.08796,44.01299],[-70.08695,44.01172],[-70.09504,44.00851],[-70.10015,43.99969],[-70.10459,43.99582],[-70.11568,43.99229],[-70.12783,43.98386],[-70.13318,43.9863],[-70.14498,43.99856],[-70.15856,44.00535]]]}},{"type":"Feature","id":"04076","properties":{"zip":"04076","pop":null,"city":"","county":"York","state":"Maine","area":29.68,"lat":43.55242,"lon":-70.8381},"geometry":{"type":"Polygon","coordinates":[[[-70.90686,43.59817],[-70.90158,43.59746],[-70.89973,43.59531],[-70.89384,43.5953],[-70.89004,43.60267],[-70.88622,43.60402],[-70.87658,43.60182],[-70.8756,43.60409],[-70.86834,43.60734],[-70.85812,43.61571],[-70.8569,43.62008],[-70.86376,43.62315],[-70.81124,43.62767],[-70.7803,43.4919],[-70.83149,43.48694],[-70.82888,43.47425],[-70.86279,43.47022],[-70.86588,43.48909],[-70.86757,43.48985],[-70.85774,43.50417],[-70.86448,43.51678],[-70.86578,43.53398],[-70.86816,43.5359],[-70.8717,43.53368],[-70.87238,43.53088],[-70.87523,43.53116],[-70.87952,43.54747],[-70.89178,43.56642],[-70.89801,43.57193],[-70.90845,43.59759],[-70.90686,43.59817]]]}},{"type":"Feature","id":"04009","properties":{"zip":"04009","pop":null,"city":"Bridgton","county":"Cumberland","state":"Maine","area":45.89,"lat":44.04766,"lon":-70.73626},"geometry":{"type":"Polygon","coordinates":[[[-70.86655,44.08019],[-70.86288,44.08631],[-70.85974,44.0855],[-70.8578,44.08804],[-70.85855,44.09527],[-70.8218,44.07709],[-70.6995,44.1392],[-70.68934,44.12781],[-70.69958,44.12308],[-70.68429,44.10356],[-70.68433,44.0997],[-70.68857,44.09605],[-70.68839,44.09274],[-70.68454,44.08022],[-70.67812,44.07075],[-70.67904,44.05946],[-70.66755,44.04561],[-70.65676,44.0384],[-70.64859,44.02525],[-70.64686,44.01735],[-70.64034,44.01048],[-70.68542,43.98991],[-70.66461,43.96699],[-70.70215,43.94774],[-70.78176,44.03139],[-70.79168,44.02874],[-70.79253,44.04014],[-70.84808,44.04952],[-70.85845,44.05964],[-70.86132,44.07723],[-70.86655,44.08019]],[[-70.70804,44.09135],[-70.70604,44.08892],[-70.70382,44.09126],[-70.70064,44.0913],[-70.69791,44.08742],[-70.69898,44.09899],[-70.69637,44.10045],[-70.69881,44.10453],[-70.70121,44.10365],[-70.69997,44.10088],[-70.70665,44.09824],[-70.70414,44.09514],[-70.70855,44.09302],[-70.70804,44.09135]]]}},{"type":"Feature","id":"04061","properties":{"zip":"04061","pop":null,"city":"Lake Arrowhead","county":"York","state":"Maine","area":15.0,"lat":43.63403,"lon":-70.74314},"geometry":{"type":"Polygon","coordinates":[[[-70.81148,43.64199],[-70.79659,43.63818],[-70.79238,43.64513],[-70.7952,43.65267],[-70.79067,43.65395],[-70.78768,43.65265],[-70.78486,43.65658],[-70.78131,43.65765],[-70.76549,43.65203],[-70.7596,43.65215],[-70.75628,43.64754],[-70.74893,43.64567],[-70.74446,43.6408],[-70.74405,43.64393],[-70.74016,43.64462],[-70.73761,43.64758],[-70.73291,43.64735],[-70.73775,43.65591],[-70.74775,43.65923],[-70.74853,43.66332],[-70.74395,43.66822],[-70.73943,43.66871],[-70.72687,43.66444],[-70.71341,43.66529],[-70.69664,43.67099],[-70.69656,43.67338],[-70.69249,43.67444],[-70.67571,43.63893],[-70.67585,43.63558],[-70.68212,43.63025],[-70.68533,43.62993],[-70.68857,43.62675],[-70.69128,43.62771],[-70.69762,43.61754],[-70.72152,43.62702],[-70.72399,43.62515],[-70.7191,43.61854],[-70.71778,43.62001],[-70.713,43.61473],[-70.71602,43.61525],[-70.7134,43.61024],[-70.7159,43.6062],[-70.7335,43.61543],[-70.74522,43.59841],[-70.75245,43.6006],[-70.76181,43.6006],[-70.76338,43.5991],[-70.7608,43.59541],[-70.77441,43.5925],[-70.7785,43.59778],[-70.78602,43.60263],[-70.78671,43.60668],[-70.78979,43.60807],[-70.79001,43.61219],[-70.793,43.61539],[-70.79139,43.6238],[-70.7939,43.62549],[-70.79881,43.62687],[-70.80448,43.61379],[-70.80819,43.61497],[-70.8147,43.642],[-70.81148,43.64199]]]}},{"type":"Feature","id":"04092","properties":{"zip":"04092","pop":null,"city":"Westbrook","county":"Cumberland","state":"Maine","area":12.64,"lat":43.69557,"lon":-70.35413},"geometry":{"type":"Polygon","coordinates":[[[-70.39201,43.65573],[-70.36123,43.75382],[-70.3533,43.74934],[-70.35334,43.75179],[-70.35155,43.7522],[-70.35016,43.74811],[-70.34819,43.75016],[-70.33597,43.75183],[-70.33749,43.74916],[-70.33491,43.74933],[-70.3321,43.74335],[-70.33533,43.74381],[-70.33761,43.74066],[-70.32725,43.73533],[-70.3274,43.73225],[-70.32338,43.72809],[-70.31814,43.72717],[-70.31125,43.7199],[-70.31713,43.71746],[-70.31743,43.71465],[-70.32551,43.70773],[-70.32282,43.70636],[-70.32317,43.70471],[-70.32935,43.69864],[-70.3303,43.6928],[-70.33635,43.68979],[-70.32914,43.67944],[-70.3351,43.66188],[-70.33743,43.66204],[-70.34533,43.65474],[-70.3408,43.65226],[-70.3474,43.64534],[-70.37055,43.64244],[-70.39201,43.65573]]]}},{"type":"Feature","id":"04043","properties":{"zip":"04043","pop":null,"city":"Kennebunk","county":"York","state":"Maine","area":25.72,"lat":43.39738,"lon":-70.5709},"geometry":{"type":"Polygon","coordinates":[[[-70.6701,43.39122],[-70.60725,43.45746],[-70.59174,43.45646],[-70.59043,43.45227],[-70.58249,43.4522],[-70.57639,43.44656],[-70.56576,43.44873],[-70.56582,43.4502],[-70.56086,43.4494],[-70.562,43.44874],[-70.55763,43.44594],[-70.55816,43.44252],[-70.55531,43.44017],[-70.55844,43.43878],[-70.55414,43.43765],[-70.55606,43.4341],[-70.55395,43.43404],[-70.55344,43.43192],[-70.54966,43.43237],[-70.54948,43.43002],[-70.54325,43.42955],[-70.54172,43.42554],[-70.54509,43.42333],[-70.53748,43.41898],[-70.53614,43.41678],[-70.53816,43.41526],[-70.53547,43.40827],[-70.52636,43.40278],[-70.52703,43.4005],[-70.52251,43.39672],[-70.52498,43.39536],[-70.52438,43.39254],[-70.52277,43.39335],[-70.51551,43.38497],[-70.51716,43.38314],[-70.50733,43.38047],[-70.50784,43.37836],[-70.50524,43.37872],[-70.50544,43.37711],[-70.49436,43.37222],[-70.4884,43.37398],[-70.47931,43.37052],[-70.47963,43.3626],[-70.47449,43.35564],[-70.47388,43.34933],[-70.47583,43.34715],[-70.48376,43.3473],[-70.4864,43.34474],[-70.49259,43.34551],[-70.50049,43.34216],[-70.50304,43.34452],[-70.5177,43.34404],[-70.53989,43.33556],[-70.54086,43.34314],[-70.54348,43.3415],[-70.54292,43.33768],[-70.54629,43.3417],[-70.54352,43.3436],[-70.54584,43.3494],[-70.54752,43.34848],[-70.54956,43.35258],[-70.56478,43.36747],[-70.57514,43.37202],[-70.58107,43.37907],[-70.58815,43.38245],[-70.60578,43.38631],[-70.61347,43.38524],[-70.63005,43.38776],[-70.63883,43.38747],[-70.65653,43.3824],[-70.66016,43.38699],[-70.6701,43.39122]]]}},{"type":"Feature","id":"04667","properties":{"zip":"04667","pop":null,"city":"","county":"Washington","state":"Maine","area":26.01,"lat":44.97863,"lon":-67.10412},"geometry":{"type":"Polygon","coordinates":[[[-67.18585,45.00966],[-67.10241,45.04675],[-67.09975,45.04501],[-67.09601,45.03932],[-67.10623,45.03311],[-67.09696,45.03344],[-67.09221,45.0358],[-67.08806,45.03482],[-67.08207,45.02961],[-67.07491,45.01925],[-67.07275,45.00833],[-67.06827,45.00101],[-67.05461,44.98676],[-67.05062,44.9795],[-67.04968,44.97429],[-67.05894,44.96874],[-67.05751,44.96605],[-67.05394,44.9642],[-67.05062,44.96588],[-67.04372,44.96386],[-67.03945,44.95865],[-67.03853,44.94807],[-67.04548,44.94617],[-67.04992,44.93752],[-67.05227,44.91085],[-67.08235,44.90843],[-67.09803,44.91916],[-67.10636,44.93691],[-67.12833,44.93938],[-67.1315,44.94275],[-67.13107,44.94598],[-67.13932,44.9556],[-67.13734,44.9563],[-67.13737,44.95645],[-67.13948,44.95578],[-67.18585,45.00966]]]}},{"type":"Feature","id":"04292","properties":{"zip":"04292","pop":null,"city":"","county":"Oxford","state":"Maine","area":31.67,"lat":44.37466,"lon":-70.44677},"geometry":{"type":"Polygon","coordinates":[[[-70.5211,44.42615],[-70.52345,44.43621],[-70.46332,44.43471],[-70.45774,44.42462],[-70.44009,44.42852],[-70.4202,44.42453],[-70.42164,44.41387],[-70.41709,44.41052],[-70.419,44.4084],[-70.41411,44.4002],[-70.40874,44.39878],[-70.40458,44.40255],[-70.39706,44.40316],[-70.39506,44.39993],[-70.38691,44.39571],[-70.38814,44.39269],[-70.38595,44.39094],[-70.38811,44.38901],[-70.38619,44.3871],[-70.38617,44.38306],[-70.38202,44.37906],[-70.38475,44.37408],[-70.38183,44.36508],[-70.3775,44.36067],[-70.37379,44.36018],[-70.37686,44.35839],[-70.37443,44.35604],[-70.3758,44.35578],[-70.37345,44.35321],[-70.37145,44.34343],[-70.37553,44.33657],[-70.37414,44.3334],[-70.36394,44.32918],[-70.36713,44.32721],[-70.35994,44.32156],[-70.36276,44.32283],[-70.36397,44.31701],[-70.3964,44.31694],[-70.39065,44.31835],[-70.38989,44.32061],[-70.39132,44.32155],[-70.38777,44.32424],[-70.39112,44.32738],[-70.40243,44.32632],[-70.40368,44.32433],[-70.40029,44.31694],[-70.45835,44.31664],[-70.45397,44.32149],[-70.46077,44.32454],[-70.47638,44.32463],[-70.51453,44.38576],[-70.51901,44.4094],[-70.52517,44.42428],[-70.5211,44.42615]]]}},{"type":"Feature","id":"04263","properties":{"zip":"04263","pop":null,"city":"","county":"Androscoggin","state":"Maine","area":30.92,"lat":44.29481,"lon":-70.13061},"geometry":{"type":"Polygon","coordinates":[[[-70.19877,44.33273],[-70.18445,44.3459],[-70.1879,44.34869],[-70.18885,44.35336],[-70.18451,44.36834],[-70.17302,44.36871],[-70.16489,44.36686],[-70.13259,44.37138],[-70.13166,44.36747],[-70.12891,44.3682],[-70.10018,44.33452],[-70.09905,44.31955],[-70.07458,44.29861],[-70.07575,44.20617],[-70.17835,44.25876],[-70.17454,44.26998],[-70.17709,44.27555],[-70.17445,44.28541],[-70.17891,44.29274],[-70.17852,44.29937],[-70.18459,44.31908],[-70.18356,44.32322],[-70.18831,44.32805],[-70.19582,44.32999],[-70.19877,44.33273]]]}},{"type":"Feature","id":"04553","properties":{"zip":"04553","pop":null,"city":"Newcastle","county":"Lincoln","state":"Maine","area":23.3,"lat":44.04802,"lon":-69.57121},"geometry":{"type":"Polygon","coordinates":[[[-69.63545,44.01675],[-69.62985,44.01901],[-69.62596,44.02359],[-69.61708,44.04882],[-69.61341,44.04812],[-69.61163,44.05596],[-69.60851,44.05801],[-69.60906,44.06138],[-69.59933,44.07189],[-69.60154,44.07903],[-69.60597,44.08524],[-69.60495,44.09049],[-69.59906,44.09431],[-69.57902,44.11563],[-69.55472,44.10408],[-69.51783,44.10101],[-69.52668,44.09219],[-69.52258,44.08801],[-69.52215,44.08269],[-69.52518,44.08085],[-69.53196,44.06586],[-69.52555,44.06033],[-69.51949,44.05842],[-69.52438,44.04809],[-69.51713,44.04654],[-69.51401,44.04373],[-69.51583,44.04056],[-69.53388,44.03356],[-69.54082,44.02422],[-69.54516,44.01283],[-69.54102,44.00881],[-69.5418,43.99983],[-69.55648,43.98434],[-69.56296,43.97977],[-69.63783,44.01711],[-69.63545,44.01675]]]}},{"type":"Feature","id":"04967","properties":{"zip":"04967","pop":null,"city":"Pittsfield","county":"Somerset","state":"Maine","area":34.59,"lat":44.77141,"lon":-69.43864},"geometry":{"type":"Polygon","coordinates":[[[-69.52165,44.81209],[-69.47902,44.81829],[-69.48462,44.83939],[-69.47424,44.84091],[-69.47459,44.84221],[-69.47109,44.84366],[-69.47022,44.84148],[-69.43921,44.8459],[-69.4251,44.80219],[-69.37157,44.80895],[-69.35419,44.77135],[-69.34964,44.77153],[-69.3362,44.76559],[-69.33521,44.76302],[-69.33996,44.75973],[-69.33931,44.75791],[-69.34355,44.74982],[-69.3621,44.75137],[-69.37163,44.75459],[-69.38237,44.75422],[-69.38867,44.75162],[-69.38815,44.74755],[-69.39764,44.74679],[-69.39495,44.73219],[-69.40466,44.72781],[-69.41455,44.7187],[-69.41743,44.70813],[-69.41684,44.70098],[-69.47171,44.6929],[-69.46753,44.70799],[-69.4732,44.70874],[-69.47038,44.71816],[-69.4834,44.72027],[-69.47665,44.74377],[-69.49313,44.74823],[-69.49812,44.7675],[-69.5153,44.78824],[-69.52165,44.81209]]]}},{"type":"Feature","id":"04481","properties":{"zip":"04481","pop":null,"city":"","county":"Piscataquis","state":"Maine","area":26.66,"lat":45.24295,"lon":-69.10425},"geometry":{"type":"Polygon","coordinates":[[[-69.17829,45.26625],[-69.17994,45.26854],[-69.17078,45.26729],[-69.16006,45.26986],[-69.14491,45.26705],[-69.14532,45.26869],[-69.14158,45.26937],[-69.14832,45.27106],[-69.15593,45.28089],[-69.05212,45.29544],[-69.02953,45.21316],[-69.03674,45.20666],[-69.04531,45.20728],[-69.04552,45.20356],[-69.04928,45.20254],[-69.06245,45.20595],[-69.0645,45.20325],[-69.07006,45.20199],[-69.08588,45.2056],[-69.09363,45.20387],[-69.10363,45.20688],[-69.11134,45.20634],[-69.11684,45.20142],[-69.11434,45.19823],[-69.11952,45.19703],[-69.12002,45.1921],[-69.12328,45.19083],[-69.12839,45.1964],[-69.1322,45.19678],[-69.16158,45.19317],[-69.18085,45.26471],[-69.17829,45.26625]]]}},{"type":"Feature","id":"04635","properties":{"zip":"04635","pop":null,"city":"","county":"Hancock","state":"Maine","area":1.69,"lat":44.11336,"lon":-68.35493},"geometry":{"type":"MultiPolygon","coordinates":[[[[-68.366,44.12552],[-68.36339,44.12748],[-68.36151,44.12742],[-68.3642,44.12421],[-68.366,44.12552]]],[[[-68.37544,44.11628],[-68.36882,44.12073],[-68.36102,44.12092],[-68.35837,44.12509],[-68.35038,44.12843],[-68.34652,44.12706],[-68.34758,44.12333],[-68.34619,44.12174],[-68.34164,44.12104],[-68.33838,44.11826],[-68.34226,44.11478],[-68.34253,44.11139],[-68.33179,44.11088],[-68.33047,44.10923],[-68.33714,44.10147],[-68.34222,44.10308],[-68.34148,44.10652],[-68.34546,44.10784],[-68.34868,44.10465],[-68.35718,44.10398],[-68.35819,44.10588],[-68.36086,44.10583],[-68.36674,44.09739],[-68.36862,44.0983],[-68.36944,44.10983],[-68.37477,44.11082],[-68.37647,44.11275],[-68.37544,44.11628]]]]}},{"type":"Feature","id":"04022","properties":{"zip":"04022","pop":null,"city":"","county":"Oxford","state":"Maine","area":36.01,"lat":43.98044,"lon":-70.80717},"geometry":{"type":"Polygon","coordinates":[[[-70.89519,44.00982],[-70.88512,44.01982],[-70.88052,44.01744],[-70.84808,44.04952],[-70.79253,44.04014],[-70.79168,44.02874],[-70.78176,44.03139],[-70.71542,43.96182],[-70.74751,43.9459],[-70.72978,43.92833],[-70.83365,43.91023],[-70.82734,43.91445],[-70.82837,43.9159],[-70.82585,43.91748],[-70.82907,43.92141],[-70.82266,43.92134],[-70.8272,43.92673],[-70.82172,43.92775],[-70.83737,43.93274],[-70.84318,43.92928],[-70.84994,43.93011],[-70.85024,43.93173],[-70.84579,43.93331],[-70.85095,43.93432],[-70.84794,43.938],[-70.852,43.94022],[-70.85241,43.94236],[-70.84296,43.95235],[-70.8494,43.95851],[-70.85857,43.95868],[-70.87518,43.98948],[-70.88899,43.98275],[-70.8929,43.98636],[-70.88562,43.98999],[-70.89128,43.99522],[-70.88527,43.99827],[-70.89081,44.00731],[-70.89519,44.00982]]]}},{"type":"Feature","id":"04921","properties":{"zip":"04921","pop":null,"city":"","county":"Waldo","state":"Maine","area":35.73,"lat":44.57281,"lon":-69.13296},"geometry":{"type":"Polygon","coordinates":[[[-69.18373,44.64402],[-69.08863,44.65931],[-69.10749,44.58293],[-69.1017,44.58275],[-69.09703,44.57495],[-69.09848,44.55568],[-69.06732,44.55252],[-69.06778,44.54937],[-69.05922,44.54876],[-69.05998,44.54161],[-69.05049,44.53619],[-69.10258,44.49624],[-69.14617,44.47156],[-69.14845,44.48217],[-69.20425,44.64063],[-69.18373,44.64402]]]}},{"type":"Feature","id":"04965","properties":{"zip":"04965","pop":null,"city":"","county":"Somerset","state":"Maine","area":29.4,"lat":44.84567,"lon":-69.36269},"geometry":{"type":"Polygon","coordinates":[[[-69.44915,44.87777],[-69.30552,44.89599],[-69.28127,44.80866],[-69.36615,44.79719],[-69.37157,44.80895],[-69.4251,44.80219],[-69.44915,44.87777]]]}},{"type":"Feature","id":"04066","properties":{"zip":"04066","pop":null,"city":"","county":"Cumberland","state":"Maine","area":2.64,"lat":43.77335,"lon":-69.96846},"geometry":{"type":"Polygon","coordinates":[[[-69.9952,43.7501],[-69.98983,43.76342],[-69.98129,43.77455],[-69.95738,43.79769],[-69.94565,43.79494],[-69.94744,43.78179],[-69.95109,43.77236],[-69.95625,43.77237],[-69.9723,43.75347],[-69.9752,43.75361],[-69.97351,43.76062],[-69.97875,43.75764],[-69.98227,43.75094],[-69.98463,43.75193],[-69.98975,43.74791],[-69.9919,43.74809],[-69.99112,43.75046],[-69.99252,43.74878],[-69.9952,43.7501]]]}},{"type":"Feature","id":"04063","properties":{"zip":"04063","pop":null,"city":"Old Orchard Beach","county":"York","state":"Maine","area":0.55,"lat":43.50134,"lon":-70.39554},"geometry":{"type":"Polygon","coordinates":[[[-70.41441,43.50277],[-70.38492,43.50703],[-70.38371,43.50506],[-70.38561,43.50285],[-70.38182,43.50377],[-70.38372,43.50245],[-70.38228,43.50109],[-70.38453,43.49673],[-70.39083,43.49614],[-70.40887,43.49904],[-70.41441,43.50277]]]}},{"type":"Feature","id":"04774","properties":{"zip":"04774","pop":null,"city":"","county":"Aroostook","state":"Maine","area":110.41,"lat":47.1028,"lon":-69.05046},"geometry":{"type":"Polygon","coordinates":[[[-69.21167,47.19033],[-69.08281,47.19055],[-69.08286,47.14781],[-68.94689,47.14814],[-68.94446,47.15347],[-68.92871,47.16456],[-68.8875,47.17871],[-68.87449,47.18841],[-68.86316,47.18862],[-68.85752,47.19095],[-68.84851,47.19756],[-68.82656,47.20692],[-68.82509,47.10192],[-68.95559,47.10169],[-68.95582,47.01348],[-69.21215,47.01425],[-69.21167,47.19033]]]}},{"type":"Feature","id":"04270","properties":{"zip":"04270","pop":null,"city":"Oxford","county":"Oxford","state":"Maine","area":61.84,"lat":44.11241,"lon":-70.51561},"geometry":{"type":"Polygon","coordinates":[[[-70.61383,44.06306],[-70.61179,44.06531],[-70.61351,44.06638],[-70.60887,44.06773],[-70.6119,44.07062],[-70.60817,44.07435],[-70.60907,44.07901],[-70.60301,44.08859],[-70.60552,44.08982],[-70.60468,44.09185],[-70.60667,44.09571],[-70.60425,44.09826],[-70.60617,44.10129],[-70.59894,44.11203],[-70.58733,44.12252],[-70.59205,44.12899],[-70.58997,44.13282],[-70.5955,44.13732],[-70.59506,44.14483],[-70.59783,44.14264],[-70.59907,44.14397],[-70.59652,44.14553],[-70.59866,44.14977],[-70.60738,44.1544],[-70.59318,44.16134],[-70.58821,44.15637],[-70.56728,44.16865],[-70.52415,44.20021],[-70.51263,44.17944],[-70.50743,44.1815],[-70.5035,44.17541],[-70.44114,44.20058],[-70.43777,44.20007],[-70.42433,44.19214],[-70.42772,44.18906],[-70.42557,44.18349],[-70.41628,44.18058],[-70.41302,44.17446],[-70.39974,44.16812],[-70.3994,44.16119],[-70.39581,44.1548],[-70.39173,44.15356],[-70.48529,44.0604],[-70.47922,44.05566],[-70.48146,44.04369],[-70.47844,44.03539],[-70.48008,44.03208],[-70.50237,44.04257],[-70.50524,44.03959],[-70.509,44.04145],[-70.54409,44.00565],[-70.56385,44.02499],[-70.57237,44.0163],[-70.58259,44.01869],[-70.58479,44.02132],[-70.58164,44.02231],[-70.59563,44.03206],[-70.59263,44.03506],[-70.59842,44.03831],[-70.59746,44.03933],[-70.60363,44.04145],[-70.60223,44.04326],[-70.60444,44.04431],[-70.60367,44.05024],[-70.60795,44.05186],[-70.60699,44.05348],[-70.60945,44.05529],[-70.61039,44.06081],[-70.61383,44.06306]]]}},{"type":"Feature","id":"04024","properties":{"zip":"04024","pop":null,"city":"","county":"Cumberland","state":"Maine","area":10.87,"lat":43.83558,"lon":-70.67701},"geometry":{"type":"Polygon","coordinates":[[[-70.73042,43.85558],[-70.72738,43.85878],[-70.72475,43.85597],[-70.71528,43.86133],[-70.71127,43.85782],[-70.68554,43.87],[-70.68135,43.86617],[-70.67267,43.87038],[-70.66503,43.86261],[-70.65545,43.86685],[-70.64951,43.85848],[-70.65692,43.85438],[-70.65004,43.84643],[-70.64153,43.85026],[-70.62679,43.83375],[-70.66614,43.79467],[-70.68081,43.80295],[-70.68963,43.80556],[-70.69163,43.80898],[-70.7062,43.81758],[-70.71442,43.82484],[-70.71412,43.83886],[-70.72029,43.84439],[-70.72241,43.85072],[-70.73042,43.85558]]]}},{"type":"Feature","id":"04609","properties":{"zip":"04609","pop":null,"city":"Bar Harbor","county":"Hancock","state":"Maine","area":31.47,"lat":44.38509,"lon":-68.27101},"geometry":{"type":"MultiPolygon","coordinates":[[[[-68.34524,44.43636],[-68.33716,44.43568],[-68.33454,44.43263],[-68.34167,44.42856],[-68.34571,44.43416],[-68.34524,44.43636]]],[[[-68.39803,44.37619],[-68.38903,44.38048],[-68.3885,44.38424],[-68.38623,44.38494],[-68.3816,44.38084],[-68.37733,44.3822],[-68.37709,44.39086],[-68.37305,44.39307],[-68.3683,44.39358],[-68.36756,44.39071],[-68.36372,44.38893],[-68.35641,44.39222],[-68.35427,44.40054],[-68.35594,44.40394],[-68.36212,44.40547],[-68.36497,44.4143],[-68.3706,44.42226],[-68.36933,44.42326],[-68.36068,44.42062],[-68.35431,44.42404],[-68.35664,44.42691],[-68.34952,44.42822],[-68.34738,44.42228],[-68.33787,44.42194],[-68.33692,44.42618],[-68.3324,44.42669],[-68.33217,44.43501],[-68.31886,44.44434],[-68.31196,44.44434],[-68.30174,44.43653],[-68.29906,44.43789],[-68.29427,44.43303],[-68.28392,44.43348],[-68.26847,44.43976],[-68.24744,44.43328],[-68.2445,44.42992],[-68.24304,44.42007],[-68.24996,44.41775],[-68.24996,44.41481],[-68.22117,44.39681],[-68.21554,44.39047],[-68.20354,44.39236],[-68.19694,44.38635],[-68.18453,44.36915],[-68.17958,44.34941],[-68.1745,44.34518],[-68.17649,44.34176],[-68.1741,44.33768],[-68.17554,44.33207],[-68.17361,44.3284],[-68.1773,44.32545],[-68.18267,44.32867],[-68.18956,44.31779],[-68.18893,44.30732],[-68.19355,44.30688],[-68.19336,44.30979],[-68.1955,44.31098],[-68.19726,44.30946],[-68.20191,44.32289],[-68.33123,44.37771],[-68.39716,44.37388],[-68.39803,44.37619]]]]}},{"type":"Feature","id":"04253","properties":{"zip":"04253","pop":null,"city":"","county":"Androscoggin","state":"Maine","area":28.08,"lat":44.40774,"lon":-70.21501},"geometry":{"type":"Polygon","coordinates":[[[-70.27869,44.41517],[-70.26829,44.41641],[-70.27441,44.44063],[-70.19976,44.47826],[-70.18557,44.46724],[-70.18384,44.46079],[-70.17876,44.45809],[-70.17357,44.45077],[-70.17356,44.42492],[-70.15292,44.41489],[-70.15343,44.40014],[-70.1504,44.38963],[-70.15328,44.38263],[-70.15199,44.37137],[-70.15805,44.36752],[-70.16489,44.36686],[-70.17302,44.36871],[-70.18451,44.36834],[-70.18885,44.35336],[-70.1879,44.34869],[-70.18445,44.3459],[-70.1879,44.34317],[-70.26522,44.36291],[-70.27869,44.41517]]]}},{"type":"Feature","id":"03908","properties":{"zip":"03908","pop":null,"city":"South Berwick","county":"York","state":"Maine","area":23.71,"lat":43.23837,"lon":-70.74796},"geometry":{"type":"Polygon","coordinates":[[[-70.8279,43.18868],[-70.81934,43.19304],[-70.82076,43.19978],[-70.8169,43.2146],[-70.81312,43.21725],[-70.80967,43.22456],[-70.81185,43.22831],[-70.81545,43.22902],[-70.81783,43.23771],[-70.80613,43.24685],[-70.808,43.24503],[-70.8016,43.24267],[-70.73951,43.28323],[-70.72452,43.28835],[-70.71451,43.29552],[-70.71774,43.29704],[-70.70925,43.30245],[-70.70171,43.28324],[-70.65291,43.26086],[-70.75447,43.19759],[-70.81033,43.18183],[-70.82482,43.17971],[-70.8279,43.18868]]]}},{"type":"Feature","id":"04101","properties":{"zip":"04101","pop":null,"city":"Portland","county":"Cumberland","state":"Maine","area":2.0,"lat":43.66257,"lon":-70.25826},"geometry":{"type":"Polygon","coordinates":[[[-70.28447,43.67082],[-70.27135,43.67061],[-70.25656,43.67689],[-70.24038,43.67052],[-70.23824,43.66587],[-70.24228,43.66261],[-70.23895,43.65799],[-70.258,43.64506],[-70.25991,43.64922],[-70.26654,43.65161],[-70.2677,43.65391],[-70.27607,43.65539],[-70.27337,43.65599],[-70.27389,43.65743],[-70.2789,43.66175],[-70.2747,43.66474],[-70.28447,43.67082]]]}},{"type":"Feature","id":"04473","properties":{"zip":"04473","pop":null,"city":"Orono","county":"Penobscot","state":"Maine","area":13.38,"lat":44.8859,"lon":-68.71887},"geometry":{"type":"Polygon","coordinates":[[[-68.80239,44.90085],[-68.79384,44.90281],[-68.79116,44.89822],[-68.78722,44.89756],[-68.78733,44.90122],[-68.7129,44.9129],[-68.6812,44.90478],[-68.67842,44.90975],[-68.67173,44.91071],[-68.67229,44.906],[-68.67475,44.90484],[-68.67191,44.89194],[-68.66324,44.89371],[-68.66187,44.89759],[-68.65761,44.89918],[-68.65821,44.90315],[-68.65677,44.90126],[-68.63762,44.90402],[-68.64235,44.89511],[-68.66141,44.88104],[-68.67111,44.86846],[-68.67443,44.85827],[-68.69619,44.84527],[-68.74438,44.88018],[-68.79522,44.87352],[-68.80239,44.90085]]]}},{"type":"Feature","id":"04057","properties":{"zip":"04057","pop":null,"city":"Bridgton","county":"Cumberland","state":"Maine","area":0.22,"lat":44.09578,"lon":-70.70186},"geometry":{"type":"Polygon","coordinates":[[[-70.70855,44.09302],[-70.70414,44.09514],[-70.70665,44.09824],[-70.69997,44.10088],[-70.70121,44.10365],[-70.69881,44.10453],[-70.69637,44.10045],[-70.69898,44.09899],[-70.69791,44.08742],[-70.70064,44.0913],[-70.70382,44.09126],[-70.70604,44.08892],[-70.70855,44.09302]]]}},{"type":"Feature","id":"04642","properties":{"zip":"04642","pop":null,"city":"","county":"Hancock","state":"Maine","area":7.18,"lat":44.33929,"lon":-68.79586},"geometry":{"type":"Polygon","coordinates":[[[-68.82763,44.32109],[-68.81965,44.32671],[-68.82542,44.33455],[-68.82137,44.34552],[-68.82155,44.35204],[-68.79952,44.36558],[-68.80075,44.36973],[-68.81026,44.37282],[-68.80993,44.37603],[-68.8063,44.37333],[-68.79806,44.37508],[-68.79855,44.37901],[-68.79447,44.37562],[-68.79323,44.37729],[-68.79492,44.37834],[-68.79307,44.37914],[-68.79163,44.37658],[-68.78838,44.37725],[-68.7887,44.37454],[-68.78427,44.37347],[-68.78478,44.36999],[-68.7792,44.36706],[-68.78016,44.36507],[-68.7766,44.36288],[-68.78047,44.35864],[-68.77807,44.35616],[-68.77417,44.35723],[-68.76817,44.35506],[-68.76372,44.35771],[-68.76209,44.35536],[-68.76433,44.35422],[-68.76346,44.34427],[-68.76751,44.341],[-68.76721,44.33616],[-68.76536,44.33534],[-68.76584,44.33246],[-68.76785,44.33198],[-68.7683,44.32637],[-68.76703,44.32548],[-68.76202,44.3296],[-68.77397,44.31883],[-68.7878,44.31821],[-68.79085,44.31012],[-68.79506,44.30786],[-68.82001,44.31088],[-68.82321,44.30971],[-68.8272,44.31216],[-68.82763,44.32109]]]}},{"type":"Feature","id":"04617","properties":{"zip":"04617","pop":null,"city":"","county":"Hancock","state":"Maine","area":20.77,"lat":44.36932,"lon":-68.73091},"geometry":{"type":"Polygon","coordinates":[[[-68.81028,44.37857],[-68.78996,44.38515],[-68.77934,44.39749],[-68.76947,44.40302],[-68.76752,44.40751],[-68.76739,44.41784],[-68.76279,44.42483],[-68.74597,44.42791],[-68.73029,44.41145],[-68.72577,44.40984],[-68.71909,44.41404],[-68.71715,44.41348],[-68.70302,44.40176],[-68.70406,44.39538],[-68.69124,44.39297],[-68.68523,44.3942],[-68.6836,44.39034],[-68.67452,44.38367],[-68.67476,44.37149],[-68.6792,44.36502],[-68.67731,44.36001],[-68.67906,44.35808],[-68.6777,44.35336],[-68.68234,44.34831],[-68.68383,44.33722],[-68.69008,44.33087],[-68.69238,44.32394],[-68.6907,44.31752],[-68.68793,44.31638],[-68.69138,44.31404],[-68.68999,44.31149],[-68.69758,44.30561],[-68.69701,44.30877],[-68.72566,44.32159],[-68.73337,44.32697],[-68.73337,44.33079],[-68.73931,44.33317],[-68.75072,44.32943],[-68.76202,44.3296],[-68.76703,44.32548],[-68.76785,44.33198],[-68.76584,44.33246],[-68.76536,44.33534],[-68.76721,44.33616],[-68.76751,44.341],[-68.76346,44.34427],[-68.76433,44.35422],[-68.76209,44.35536],[-68.76372,44.35771],[-68.76817,44.35506],[-68.77417,44.35723],[-68.77807,44.35616],[-68.78047,44.35864],[-68.7766,44.36288],[-68.78016,44.36507],[-68.7792,44.36706],[-68.78478,44.36999],[-68.78427,44.37347],[-68.7887,44.37454],[-68.78838,44.37725],[-68.79163,44.37658],[-68.79307,44.37914],[-68.79492,44.37834],[-68.79323,44.37729],[-68.79447,44.37562],[-68.79855,44.37901],[-68.79806,44.37508],[-68.8063,44.37333],[-68.80872,44.3739],[-68.81028,44.37857]]]}},{"type":"Feature","id":"04068","properties":{"zip":"04068","pop":null,"city":"","county":"Oxford","state":"Maine","area":23.77,"lat":43.84009,"lon":-70.94116},"geometry":{"type":"Polygon","coordinates":[[[-70.99218,43.88626],[-70.88698,43.88876],[-70.89438,43.85233],[-70.8904,43.83551],[-70.88066,43.81086],[-70.89924,43.80231],[-70.91268,43.80091],[-70.92707,43.7903],[-70.93526,43.78997],[-70.94261,43.79228],[-70.95755,43.78512],[-70.96421,43.7881],[-70.97175,43.78505],[-70.98278,43.79367],[-70.98904,43.79215],[-70.99218,43.88626]]]}},{"type":"Feature","id":"04001","properties":{"zip":"04001","pop":null,"city":"","county":"York","state":"Maine","area":29.85,"lat":43.53001,"lon":-70.92077},"geometry":{"type":"Polygon","coordinates":[[[-70.97512,43.61441],[-70.95655,43.61225],[-70.94093,43.60511],[-70.93237,43.60503],[-70.92892,43.60284],[-70.92881,43.60084],[-70.91969,43.60175],[-70.91216,43.59747],[-70.90845,43.59759],[-70.89801,43.57193],[-70.89178,43.56642],[-70.87952,43.54747],[-70.87523,43.53116],[-70.87238,43.53088],[-70.8717,43.53368],[-70.86816,43.5359],[-70.86578,43.53398],[-70.86448,43.51678],[-70.85774,43.50417],[-70.86757,43.48985],[-70.86588,43.48909],[-70.86279,43.47022],[-70.90008,43.46586],[-70.90506,43.47018],[-70.92605,43.45557],[-70.93574,43.46387],[-70.94325,43.46131],[-70.96913,43.48016],[-70.9674,43.48264],[-70.96957,43.4862],[-70.95919,43.49935],[-70.95796,43.50804],[-70.95476,43.5098],[-70.95686,43.51272],[-70.95407,43.52261],[-70.95721,43.52499],[-70.95822,43.53159],[-70.96334,43.53525],[-70.96328,43.53893],[-70.96218,43.54103],[-70.95593,43.54192],[-70.9535,43.5406],[-70.95084,43.55103],[-70.95502,43.55424],[-70.95723,43.56136],[-70.97272,43.57026],[-70.97512,43.61441]]]}},{"type":"Feature","id":"04666","properties":{"zip":"04666","pop":null,"city":"","county":"Washington","state":"Maine","area":48.84,"lat":44.97633,"lon":-67.22176},"geometry":{"type":"Polygon","coordinates":[[[-67.35821,45.00191],[-67.33356,45.01413],[-67.33964,45.02162],[-67.29388,45.04123],[-67.29909,45.04729],[-67.24267,45.07198],[-67.19029,45.00767],[-67.18585,45.00966],[-67.13948,44.95578],[-67.13737,44.95645],[-67.13932,44.9556],[-67.13107,44.94598],[-67.1315,44.94275],[-67.12833,44.93938],[-67.10636,44.93691],[-67.09803,44.91916],[-67.08235,44.90843],[-67.09899,44.90194],[-67.11142,44.89048],[-67.12443,44.88788],[-67.12907,44.87992],[-67.14649,44.87834],[-67.17456,44.90174],[-67.19579,44.91031],[-67.21569,44.92245],[-67.21696,44.92594],[-67.22357,44.93149],[-67.22103,44.93908],[-67.2559,44.97844],[-67.2968,44.96041],[-67.31307,44.96751],[-67.32627,44.97005],[-67.33033,44.97459],[-67.33269,44.97365],[-67.33889,44.98416],[-67.34889,44.98719],[-67.34912,44.98879],[-67.35336,44.98859],[-67.3551,44.99348],[-67.35421,44.99872],[-67.35821,45.00191]]]}},{"type":"Feature","id":"04479","properties":{"zip":"04479","pop":null,"city":"","county":"Piscataquis","state":"Maine","area":28.04,"lat":45.12756,"lon":-69.30686},"geometry":{"type":"Polygon","coordinates":[[[-69.37303,45.16459],[-69.37301,45.16763],[-69.36928,45.16656],[-69.35556,45.17155],[-69.34143,45.17097],[-69.31444,45.17521],[-69.29801,45.17184],[-69.29415,45.17636],[-69.2854,45.17867],[-69.27473,45.17758],[-69.25621,45.17948],[-69.23202,45.09017],[-69.35567,45.07347],[-69.38113,45.16372],[-69.37303,45.16459]]]}},{"type":"Feature","id":"04911","properties":{"zip":"04911","pop":null,"city":"Anson","county":"Somerset","state":"Maine","area":45.36,"lat":44.78041,"lon":-69.96117},"geometry":{"type":"Polygon","coordinates":[[[-70.03327,44.86454],[-69.99293,44.86963],[-69.99468,44.87916],[-69.98773,44.8801],[-69.97996,44.87679],[-69.98492,44.87107],[-69.98992,44.8703],[-69.98872,44.867],[-70.00022,44.86312],[-69.9783,44.86818],[-69.97002,44.8673],[-69.9614,44.86309],[-69.9587,44.8654],[-69.95252,44.86448],[-69.95435,44.86327],[-69.94284,44.85436],[-69.93667,44.85709],[-69.91682,44.84258],[-69.93662,44.82547],[-69.93123,44.82358],[-69.92592,44.81882],[-69.90495,44.81236],[-69.89933,44.81115],[-69.89794,44.8153],[-69.89425,44.81456],[-69.89144,44.8126],[-69.88661,44.80297],[-69.88853,44.7971],[-69.88431,44.79451],[-69.88925,44.79035],[-69.88638,44.77562],[-69.88943,44.76479],[-69.90228,44.7641],[-69.90337,44.75989],[-69.89769,44.75886],[-69.89384,44.75527],[-69.90103,44.75669],[-69.90427,44.75203],[-69.89318,44.74528],[-69.89629,44.74082],[-69.89883,44.74025],[-69.89967,44.73179],[-69.89367,44.73033],[-69.89178,44.73222],[-69.88501,44.73259],[-69.88777,44.72811],[-69.88758,44.72305],[-69.89506,44.71862],[-69.89676,44.7148],[-69.90494,44.71103],[-69.91683,44.71179],[-69.92395,44.70418],[-69.94207,44.70987],[-69.95233,44.70386],[-69.95932,44.70376],[-69.95976,44.69912],[-69.95685,44.69111],[-69.96389,44.68553],[-69.96059,44.68118],[-69.99619,44.6775],[-70.01353,44.7577],[-70.00066,44.75904],[-70.00382,44.77355],[-70.00083,44.77382],[-70.00315,44.78829],[-70.0156,44.78695],[-70.02072,44.80977],[-70.02711,44.80906],[-70.03226,44.82984],[-70.02553,44.83068],[-70.03327,44.86454]]]}},{"type":"Feature","id":"04051","properties":{"zip":"04051","pop":null,"city":"","county":"Oxford","state":"Maine","area":34.49,"lat":44.18948,"lon":-70.88476},"geometry":{"type":"Polygon","coordinates":[[[-70.9709,44.21455],[-70.8637,44.2614],[-70.81865,44.20964],[-70.81955,44.20749],[-70.81571,44.20627],[-70.79178,44.18086],[-70.8312,44.16054],[-70.88452,44.12628],[-70.89877,44.11519],[-70.94522,44.13782],[-70.9372,44.15738],[-70.93669,44.16383],[-70.94416,44.18535],[-70.94805,44.18697],[-70.96026,44.20103],[-70.96455,44.21128],[-70.9709,44.21455]]]}},{"type":"Feature","id":"04071","properties":{"zip":"04071","pop":null,"city":"","county":"Cumberland","state":"Maine","area":47.61,"lat":43.89607,"lon":-70.48139},"geometry":{"type":"Polygon","coordinates":[[[-70.61913,43.84141],[-70.61246,43.84794],[-70.53565,43.86403],[-70.54331,43.87147],[-70.53108,43.89462],[-70.50759,43.9135],[-70.50861,43.9177],[-70.50443,43.92592],[-70.50505,43.92834],[-70.49397,43.94169],[-70.49561,43.94451],[-70.47513,43.9629],[-70.48159,43.96633],[-70.47242,43.97382],[-70.47435,43.97443],[-70.46538,43.98546],[-70.46145,43.98901],[-70.4595,43.98825],[-70.45394,43.99393],[-70.4552,43.99448],[-70.44797,44.00212],[-70.45318,44.00503],[-70.44503,44.0128],[-70.40195,43.99011],[-70.40512,43.98688],[-70.37775,43.97161],[-70.38719,43.96145],[-70.3745,43.95523],[-70.41747,43.91158],[-70.40665,43.90634],[-70.41123,43.89963],[-70.4061,43.89899],[-70.40636,43.89762],[-70.41275,43.89531],[-70.41556,43.88884],[-70.41423,43.8906],[-70.41072,43.88975],[-70.40715,43.88365],[-70.41648,43.88706],[-70.41834,43.88603],[-70.41925,43.88022],[-70.42385,43.88127],[-70.42562,43.87592],[-70.4292,43.87367],[-70.45474,43.88657],[-70.48673,43.85654],[-70.4995,43.83334],[-70.4995,43.79785],[-70.50423,43.79209],[-70.50244,43.78864],[-70.50841,43.78251],[-70.50459,43.78354],[-70.50639,43.7776],[-70.50264,43.77696],[-70.5034,43.77442],[-70.51404,43.76763],[-70.51527,43.76445],[-70.52433,43.76377],[-70.53095,43.76748],[-70.53057,43.77285],[-70.5336,43.78172],[-70.53205,43.783],[-70.53012,43.78042],[-70.52586,43.78147],[-70.52741,43.7876],[-70.53441,43.79091],[-70.53564,43.78879],[-70.54246,43.78913],[-70.54388,43.79149],[-70.54192,43.7916],[-70.54281,43.79467],[-70.54874,43.79524],[-70.55,43.79732],[-70.54524,43.80168],[-70.54893,43.80516],[-70.54811,43.80882],[-70.54388,43.81101],[-70.55066,43.81186],[-70.55461,43.81826],[-70.55812,43.81932],[-70.55812,43.82311],[-70.58464,43.8251],[-70.5909,43.82928],[-70.59848,43.82937],[-70.59974,43.83012],[-70.59768,43.83186],[-70.59966,43.83317],[-70.60649,43.83317],[-70.61913,43.84141]]]}},{"type":"Feature","id":"04694","properties":{"zip":"04694","pop":null,"city":"","county":"Washington","state":"Maine","area":105.8,"lat":45.09993,"lon":-67.46512},"geometry":{"type":"Polygon","coordinates":[[[-67.65961,45.05885],[-67.57962,45.0808],[-67.57772,45.08581],[-67.57415,45.08244],[-67.56024,45.08652],[-67.57403,45.1147],[-67.51533,45.13],[-67.45472,45.1495],[-67.53653,45.24495],[-67.53141,45.24502],[-67.52659,45.251],[-67.50973,45.25826],[-67.50357,45.26329],[-67.5043,45.26992],[-67.49714,45.2722],[-67.49404,45.27571],[-67.48877,45.27524],[-67.487,45.28052],[-67.48399,45.27954],[-67.48234,45.27598],[-67.47659,45.27493],[-67.4748,45.2635],[-67.47156,45.26114],[-67.47295,45.25874],[-67.46357,45.2441],[-67.45347,45.24113],[-67.43998,45.22705],[-67.42785,45.20174],[-67.42889,45.19321],[-67.41816,45.18995],[-67.41026,45.18154],[-67.40034,45.17738],[-67.39826,45.17332],[-67.39913,45.16886],[-67.40466,45.16694],[-67.40463,45.15993],[-67.38019,45.15179],[-67.35419,45.12978],[-67.34897,45.12948],[-67.34558,45.12639],[-67.34081,45.12544],[-67.32983,45.13165],[-67.32156,45.13135],[-67.31756,45.13811],[-67.31992,45.14242],[-67.30558,45.14481],[-67.24267,45.07198],[-67.29909,45.04729],[-67.32362,45.07528],[-67.46042,45.03347],[-67.46147,45.03534],[-67.5034,45.02314],[-67.49563,45.00964],[-67.6118,44.97593],[-67.65961,45.05885]]]}},{"type":"Feature","id":"04554","properties":{"zip":"04554","pop":null,"city":"","county":"Lincoln","state":"Maine","area":3.06,"lat":43.86356,"lon":-69.50485},"geometry":{"type":"Polygon","coordinates":[[[-69.52544,43.87519],[-69.52248,43.87528],[-69.52436,43.87741],[-69.52168,43.88029],[-69.51978,43.87985],[-69.52,43.87627],[-69.51412,43.88121],[-69.51005,43.88144],[-69.50704,43.88397],[-69.50133,43.88344],[-69.49991,43.88143],[-69.48711,43.88388],[-69.48219,43.87861],[-69.50329,43.83767],[-69.5069,43.83482],[-69.50904,43.83602],[-69.51489,43.8313],[-69.51621,43.83722],[-69.51327,43.84479],[-69.51762,43.85704],[-69.52164,43.8607],[-69.52211,43.86533],[-69.51926,43.87115],[-69.52544,43.87218],[-69.52544,43.87519]]]}},{"type":"Feature","id":"04677","properties":{"zip":"04677","pop":null,"city":"","county":"Hancock","state":"Maine","area":3.22,"lat":44.49048,"lon":-68.17994},"geometry":{"type":"MultiPolygon","coordinates":[[[[-68.16033,44.46707],[-68.15414,44.46504],[-68.14559,44.4574],[-68.15177,44.45825],[-68.157,44.46317],[-68.16223,44.46521],[-68.16033,44.46707]]],[[[-68.19003,44.4686],[-68.17387,44.46724],[-68.16603,44.46453],[-68.16627,44.463],[-68.1917,44.46741],[-68.19003,44.4686]]],[[[-68.19883,44.51268],[-68.19883,44.51493],[-68.1865,44.51449],[-68.16152,44.49985],[-68.1608,44.49573],[-68.16448,44.48892],[-68.16793,44.48641],[-68.16722,44.48386],[-68.16555,44.48132],[-68.15438,44.47878],[-68.16266,44.47735],[-68.16151,44.47352],[-68.17105,44.47021],[-68.19455,44.47189],[-68.18956,44.47538],[-68.18053,44.47505],[-68.18682,44.48224],[-68.18742,44.48776],[-68.19279,44.48872],[-68.19693,44.49336],[-68.20182,44.50999],[-68.19883,44.51268]]],[[[-68.20406,44.49505],[-68.20097,44.49404],[-68.19978,44.49166],[-68.20121,44.49065],[-68.20643,44.49302],[-68.20406,44.49505]]],[[[-68.21285,44.47657],[-68.20453,44.47742],[-68.20382,44.47505],[-68.20976,44.47386],[-68.21309,44.47487],[-68.21285,44.47657]]]]}},{"type":"Feature","id":"04662","properties":{"zip":"04662","pop":null,"city":"Northeast Harbor","county":"Hancock","state":"Maine","area":3.18,"lat":44.30852,"lon":-68.28756},"geometry":{"type":"Polygon","coordinates":[[[-68.30695,44.29795],[-68.30711,44.29978],[-68.30139,44.30146],[-68.30333,44.3102],[-68.30543,44.31074],[-68.30438,44.31312],[-68.30608,44.31751],[-68.30507,44.33125],[-68.30157,44.33968],[-68.29788,44.33988],[-68.28786,44.31797],[-68.28437,44.32491],[-68.28499,44.31922],[-68.28284,44.3161],[-68.28409,44.31345],[-68.28136,44.31428],[-68.27586,44.31108],[-68.27408,44.31232],[-68.27183,44.32302],[-68.2699,44.32407],[-68.26615,44.31865],[-68.26596,44.3127],[-68.26059,44.30705],[-68.26089,44.30551],[-68.26783,44.30459],[-68.26583,44.29768],[-68.26771,44.29306],[-68.26606,44.28983],[-68.26714,44.28855],[-68.2767,44.29107],[-68.2813,44.30217],[-68.28396,44.30201],[-68.28626,44.29642],[-68.28222,44.29432],[-68.28024,44.28645],[-68.29461,44.28666],[-68.30056,44.29431],[-68.30436,44.29448],[-68.30759,44.29633],[-68.30695,44.29795]]]}},{"type":"Feature","id":"04490","properties":{"zip":"04490","pop":null,"city":"","county":"Washington","state":"Maine","area":132.93,"lat":45.39536,"lon":-67.82454},"geometry":{"type":"Polygon","coordinates":[[[-67.99324,45.46702],[-67.93151,45.47786],[-67.92369,45.46766],[-67.91473,45.46324],[-67.91053,45.46379],[-67.90641,45.45982],[-67.90351,45.46046],[-67.89477,45.47251],[-67.89069,45.4822],[-67.89205,45.485],[-67.87445,45.48811],[-67.87445,45.49256],[-67.86881,45.49331],[-67.86574,45.48661],[-67.86133,45.48349],[-67.86188,45.47999],[-67.85716,45.47916],[-67.85824,45.47766],[-67.85635,45.47925],[-67.85743,45.48086],[-67.85521,45.48336],[-67.85263,45.48354],[-67.85423,45.47997],[-67.85278,45.47862],[-67.84673,45.48445],[-67.83729,45.48257],[-67.83684,45.48668],[-67.83226,45.48797],[-67.8202,45.48122],[-67.82013,45.48533],[-67.81492,45.48182],[-67.81239,45.47688],[-67.80794,45.47512],[-67.80568,45.47628],[-67.80469,45.48108],[-67.7965,45.48024],[-67.8007,45.48389],[-67.79966,45.48731],[-67.80389,45.48861],[-67.80619,45.49259],[-67.80204,45.49836],[-67.80484,45.50203],[-67.74285,45.51051],[-67.73588,45.49478],[-67.72083,45.49316],[-67.707,45.48408],[-67.69807,45.48508],[-67.68429,45.47962],[-67.67638,45.48413],[-67.66822,45.48353],[-67.66413,45.48091],[-67.66195,45.48385],[-67.657,45.48227],[-67.64679,45.48371],[-67.64222,45.47674],[-67.6425,45.4728],[-67.63524,45.46728],[-67.63685,45.46229],[-67.63462,45.45894],[-67.62468,45.45469],[-67.6149,45.44528],[-67.61437,45.4423],[-67.62,45.43828],[-67.60714,45.43198],[-67.61121,45.42978],[-67.61706,45.42205],[-67.61913,45.42149],[-67.62257,45.42447],[-67.62649,45.4224],[-67.63011,45.42288],[-67.63125,45.42061],[-67.64094,45.42527],[-67.64088,45.42757],[-67.64363,45.42757],[-67.64882,45.42349],[-67.65963,45.434],[-67.66561,45.42367],[-67.66504,45.41749],[-67.65758,45.40697],[-67.65394,45.40677],[-67.6463,45.40125],[-67.7503,45.38531],[-67.74869,45.37833],[-67.74591,45.37508],[-67.7468,45.36356],[-67.7486,45.36172],[-67.74631,45.36028],[-67.74656,45.35348],[-67.7345,45.34093],[-67.73454,45.33745],[-67.74018,45.32922],[-67.72361,45.31928],[-67.72122,45.3219],[-67.71742,45.32122],[-67.72124,45.31842],[-67.71945,45.31717],[-67.72296,45.31133],[-67.7209,45.30852],[-67.7219,45.30422],[-67.71527,45.29951],[-67.8999,45.27318],[-67.89943,45.27204],[-67.93976,45.26785],[-67.96688,45.35188],[-67.95793,45.35325],[-67.99324,45.46702]]]}},{"type":"Feature","id":"04021","properties":{"zip":"04021","pop":null,"city":"Cumberland Center","county":"Cumberland","state":"Maine","area":14.87,"lat":43.79759,"lon":-70.26522},"geometry":{"type":"Polygon","coordinates":[[[-70.32438,43.81982],[-70.29638,43.84878],[-70.2839,43.84169],[-70.28828,43.83846],[-70.28032,43.83344],[-70.27626,43.83368],[-70.27129,43.83861],[-70.26903,43.83638],[-70.27229,43.83359],[-70.26532,43.82851],[-70.26752,43.82649],[-70.25351,43.81978],[-70.25629,43.81689],[-70.25003,43.81398],[-70.25258,43.81081],[-70.24587,43.80761],[-70.2423,43.81213],[-70.23689,43.80747],[-70.23712,43.80337],[-70.23236,43.80115],[-70.22992,43.80318],[-70.23196,43.80465],[-70.22792,43.80694],[-70.22291,43.80218],[-70.22775,43.79906],[-70.22282,43.79475],[-70.21511,43.79912],[-70.20501,43.79012],[-70.21252,43.78561],[-70.2096,43.78302],[-70.20209,43.78758],[-70.19562,43.7817],[-70.21277,43.75599],[-70.21987,43.749],[-70.30175,43.78972],[-70.30488,43.78838],[-70.30542,43.79156],[-70.33678,43.80715],[-70.32438,43.81982]]]}},{"type":"Feature","id":"03911","properties":{"zip":"03911","pop":null,"city":"York Harbor","county":"York","state":"Maine","area":0.32,"lat":43.13387,"lon":-70.63767},"geometry":{"type":"Polygon","coordinates":[[[-70.64767,43.13585],[-70.64689,43.1376],[-70.64257,43.13516],[-70.63918,43.14059],[-70.6321,43.13614],[-70.62284,43.13514],[-70.63207,43.13316],[-70.63358,43.12963],[-70.64345,43.12809],[-70.64462,43.12898],[-70.64286,43.13235],[-70.64767,43.13585]]]}},{"type":"Feature","id":"04685","properties":{"zip":"04685","pop":null,"city":"","county":"Hancock","state":"Maine","area":14.37,"lat":44.15876,"lon":-68.44013},"geometry":{"type":"MultiPolygon","coordinates":[[[[-68.35403,44.18022],[-68.34833,44.18636],[-68.33882,44.18465],[-68.33591,44.18175],[-68.33478,44.17681],[-68.33977,44.17033],[-68.34742,44.16946],[-68.3488,44.16744],[-68.35342,44.17469],[-68.35403,44.18022]]],[[[-68.37186,44.14527],[-68.36972,44.14544],[-68.36853,44.13913],[-68.37186,44.13793],[-68.37186,44.14527]]],[[[-68.37598,44.1874],[-68.36965,44.19424],[-68.36034,44.19882],[-68.35416,44.19949],[-68.34976,44.19539],[-68.36235,44.18431],[-68.37043,44.18022],[-68.37884,44.18447],[-68.37598,44.1874]]],[[[-68.38208,44.14407],[-68.37709,44.14476],[-68.38089,44.13913],[-68.38339,44.14176],[-68.38208,44.14407]]],[[[-68.40722,44.11112],[-68.40456,44.11142],[-68.40133,44.11132],[-68.40371,44.10773],[-68.40852,44.10849],[-68.40722,44.11112]]],[[[-68.46978,44.21515],[-68.46788,44.21618],[-68.46503,44.20987],[-68.46978,44.21311],[-68.46978,44.21515]]],[[[-68.47014,44.20165],[-68.46574,44.20374],[-68.46479,44.20698],[-68.45838,44.20544],[-68.45384,44.20168],[-68.45422,44.19953],[-68.45918,44.19768],[-68.46815,44.19955],[-68.47014,44.20165]]],[[[-68.47781,44.10197],[-68.47273,44.10296],[-68.46978,44.10142],[-68.47301,44.0982],[-68.47781,44.10197]]],[[[-68.48262,44.22776],[-68.47596,44.23116],[-68.47002,44.22878],[-68.46765,44.22469],[-68.47335,44.21941],[-68.47953,44.21975],[-68.48357,44.22452],[-68.48262,44.22776]]],[[[-68.4907,44.20272],[-68.48612,44.21343],[-68.48143,44.21686],[-68.47668,44.21498],[-68.47121,44.20732],[-68.4724,44.20306],[-68.47834,44.19812],[-68.49027,44.19991],[-68.4907,44.20272]]],[[[-68.50377,44.14561],[-68.49783,44.14305],[-68.50095,44.14156],[-68.50395,44.14288],[-68.50377,44.14561]]],[[[-68.50116,44.15397],[-68.50101,44.15982],[-68.49608,44.16212],[-68.49426,44.16663],[-68.48704,44.17073],[-68.48428,44.16778],[-68.48381,44.16215],[-68.47786,44.16079],[-68.47573,44.17033],[-68.48023,44.1808],[-68.47532,44.18215],[-68.47026,44.1809],[-68.46191,44.19084],[-68.45148,44.19164],[-68.4453,44.17562],[-68.44815,44.17289],[-68.44126,44.17033],[-68.43722,44.17306],[-68.4358,44.16812],[-68.42177,44.17494],[-68.42082,44.17818],[-68.4251,44.18227],[-68.42296,44.18653],[-68.42581,44.18874],[-68.42444,44.19075],[-68.41878,44.18723],[-68.41322,44.18772],[-68.40821,44.1763],[-68.39468,44.16965],[-68.39408,44.1658],[-68.38327,44.15584],[-68.39288,44.15418],[-68.39463,44.15169],[-68.3925,44.14211],[-68.39393,44.14103],[-68.39806,44.1398],[-68.40311,44.13509],[-68.41883,44.13061],[-68.42391,44.12036],[-68.43852,44.11618],[-68.44865,44.12558],[-68.44751,44.13349],[-68.4579,44.13964],[-68.4579,44.14424],[-68.45362,44.15004],[-68.45838,44.15516],[-68.45576,44.16027],[-68.45956,44.16062],[-68.46479,44.15448],[-68.47596,44.15465],[-68.48083,44.14637],[-68.48404,44.14595],[-68.48403,44.14263],[-68.48727,44.14295],[-68.49024,44.14896],[-68.49715,44.14702],[-68.50401,44.15073],[-68.50116,44.15397]]],[[[-68.5187,44.11322],[-68.51127,44.12508],[-68.50698,44.12724],[-68.50235,44.12702],[-68.49617,44.12207],[-68.49093,44.12344],[-68.49022,44.12121],[-68.49289,44.11692],[-68.49046,44.112],[-68.49152,44.10983],[-68.5014,44.10586],[-68.50044,44.10193],[-68.50361,44.09657],[-68.50829,44.10159],[-68.51772,44.10468],[-68.5187,44.11322]]]]}},{"type":"Feature","id":"04855","properties":{"zip":"04855","pop":null,"city":"","county":"Knox","state":"Maine","area":1.35,"lat":43.93813,"lon":-69.26936},"geometry":{"type":"MultiPolygon","coordinates":[[[[-69.28011,43.95656],[-69.27173,43.95221],[-69.27329,43.95432],[-69.27192,43.95576],[-69.26554,43.95807],[-69.2559,43.95303],[-69.26339,43.94909],[-69.26301,43.93885],[-69.26021,43.93789],[-69.25693,43.93035],[-69.25307,43.92779],[-69.25397,43.92394],[-69.25663,43.92419],[-69.25592,43.92284],[-69.26109,43.9203],[-69.26137,43.91746],[-69.26733,43.91743],[-69.26697,43.92274],[-69.26419,43.92556],[-69.26623,43.92833],[-69.27299,43.92883],[-69.27337,43.92646],[-69.27695,43.92536],[-69.27454,43.9279],[-69.27314,43.9364],[-69.26752,43.94367],[-69.27647,43.94838],[-69.28011,43.95656]]],[[[-69.30033,43.93706],[-69.29299,43.94239],[-69.29204,43.93554],[-69.28586,43.93144],[-69.29934,43.93292],[-69.30033,43.93706]]]]}},{"type":"Feature","id":"04853","properties":{"zip":"04853","pop":null,"city":"","county":"Knox","state":"Maine","area":9.48,"lat":44.15156,"lon":-68.86346},"geometry":{"type":"MultiPolygon","coordinates":[[[[-68.78994,44.13998],[-68.78637,44.14412],[-68.78114,44.14493],[-68.78041,44.14307],[-68.78281,44.14083],[-68.79222,44.13683],[-68.78994,44.13998]]],[[[-68.80349,44.14152],[-68.80087,44.14407],[-68.79136,44.14697],[-68.79445,44.14254],[-68.80135,44.14015],[-68.80254,44.13742],[-68.80349,44.14152]]],[[[-68.82654,44.1364],[-68.82393,44.13964],[-68.81418,44.14066],[-68.80776,44.14407],[-68.80563,44.14288],[-68.80729,44.14049],[-68.8059,44.13852],[-68.808,44.13725],[-68.81104,44.13843],[-68.81752,44.13701],[-68.82131,44.13401],[-68.82654,44.1364]]],[[[-68.94427,44.1127],[-68.94134,44.11712],[-68.93183,44.12412],[-68.93492,44.12915],[-68.93278,44.13333],[-68.92434,44.13692],[-68.92328,44.14116],[-68.91591,44.14902],[-68.91316,44.14776],[-68.90666,44.15379],[-68.9027,44.15305],[-68.88691,44.16062],[-68.84612,44.18443],[-68.83499,44.18294],[-68.83242,44.18523],[-68.82471,44.18613],[-68.819,44.18057],[-68.8263,44.17647],[-68.82255,44.17432],[-68.82174,44.17096],[-68.81917,44.17119],[-68.8191,44.16302],[-68.81704,44.16039],[-68.80824,44.1613],[-68.80706,44.15782],[-68.81513,44.15482],[-68.81276,44.15004],[-68.8047,44.15388],[-68.80206,44.15055],[-68.80468,44.148],[-68.82678,44.14356],[-68.82844,44.14493],[-68.82464,44.14851],[-68.82607,44.1509],[-68.82963,44.15073],[-68.83415,44.14714],[-68.84556,44.14663],[-68.84294,44.14254],[-68.85007,44.13981],[-68.85055,44.13776],[-68.85387,44.13793],[-68.85839,44.14152],[-68.86219,44.13998],[-68.8572,44.12753],[-68.85815,44.12616],[-68.87503,44.12702],[-68.88406,44.1294],[-68.89618,44.12667],[-68.90355,44.12736],[-68.87526,44.14237],[-68.87645,44.1451],[-68.8881,44.14493],[-68.89309,44.14169],[-68.89309,44.1393],[-68.90022,44.13691],[-68.90759,44.13094],[-68.91329,44.13196],[-68.91781,44.12753],[-68.92233,44.12787],[-68.9266,44.12531],[-68.93207,44.11866],[-68.93587,44.10927],[-68.94253,44.10927],[-68.94427,44.1127]]]]}},{"type":"Feature","id":"04856","properties":{"zip":"04856","pop":null,"city":"","county":"Knox","state":"Maine","area":16.38,"lat":44.17816,"lon":-69.12014},"geometry":{"type":"Polygon","coordinates":[[[-69.19663,44.19923],[-69.16544,44.22267],[-69.15099,44.21252],[-69.07596,44.19992],[-69.07144,44.19659],[-69.06994,44.20017],[-69.06479,44.19662],[-69.06776,44.19428],[-69.05554,44.18923],[-69.05708,44.18294],[-69.05577,44.17706],[-69.05336,44.17537],[-69.05455,44.17154],[-69.06124,44.1655],[-69.06256,44.17247],[-69.06683,44.17843],[-69.07206,44.1844],[-69.0742,44.18355],[-69.07325,44.17587],[-69.08098,44.15677],[-69.07813,44.15081],[-69.07961,44.14396],[-69.08228,44.13921],[-69.08728,44.13887],[-69.09298,44.13529],[-69.08918,44.13205],[-69.08585,44.13461],[-69.07587,44.13461],[-69.07634,44.12488],[-69.08191,44.1155],[-69.11791,44.14285],[-69.16471,44.17552],[-69.1663,44.17437],[-69.17621,44.18155],[-69.17435,44.18298],[-69.19663,44.19923]]]}},{"type":"Feature","id":"04860","properties":{"zip":"04860","pop":null,"city":"","county":"Knox","state":"Maine","area":17.79,"lat":43.96868,"lon":-69.22768},"geometry":{"type":"MultiPolygon","coordinates":[[[[-69.22584,43.91877],[-69.22252,43.92544],[-69.21776,43.92562],[-69.21294,43.9214],[-69.2202,43.91494],[-69.22751,43.9162],[-69.22584,43.91877]]],[[[-69.28256,43.9581],[-69.24949,43.99047],[-69.23513,44.00029],[-69.23454,44.00553],[-69.22785,44.00694],[-69.21507,44.01616],[-69.20718,44.02764],[-69.20181,44.03058],[-69.20096,44.03469],[-69.197,44.03934],[-69.15598,44.03298],[-69.16159,44.02758],[-69.16292,44.02304],[-69.16619,44.02382],[-69.16914,44.01484],[-69.17991,44.01659],[-69.18099,44.01207],[-69.1852,44.01398],[-69.18953,44.0044],[-69.18856,43.9985],[-69.19224,43.98675],[-69.18663,43.98023],[-69.17948,43.97596],[-69.18282,43.9749],[-69.18183,43.97055],[-69.18508,43.96774],[-69.18472,43.95967],[-69.19184,43.95788],[-69.19461,43.95199],[-69.20367,43.94181],[-69.21147,43.93698],[-69.21027,43.93398],[-69.21206,43.93109],[-69.22204,43.93366],[-69.24428,43.9304],[-69.24271,43.92547],[-69.25438,43.9197],[-69.26112,43.91739],[-69.26831,43.91673],[-69.27395,43.91421],[-69.27932,43.91569],[-69.2798,43.92236],[-69.27337,43.92646],[-69.27299,43.92883],[-69.26903,43.92941],[-69.26419,43.92556],[-69.26697,43.92274],[-69.26733,43.91743],[-69.26137,43.91746],[-69.26109,43.9203],[-69.25592,43.92284],[-69.25663,43.92419],[-69.25397,43.92394],[-69.25307,43.92779],[-69.25693,43.93035],[-69.26021,43.93789],[-69.26399,43.94099],[-69.26339,43.94909],[-69.2559,43.95303],[-69.26554,43.95807],[-69.27192,43.95576],[-69.27329,43.95432],[-69.27173,43.95221],[-69.28256,43.9581]]],[[[-69.29655,43.87132],[-69.2956,43.87595],[-69.29274,43.87523],[-69.29142,43.87158],[-69.28348,43.87372],[-69.2825,43.86458],[-69.29536,43.86259],[-69.29822,43.86498],[-69.29655,43.87132]]],[[[-69.31467,43.91728],[-69.31176,43.91911],[-69.3074,43.91811],[-69.30724,43.90869],[-69.30986,43.90627],[-69.31552,43.91361],[-69.31467,43.91728]]],[[[-69.32294,43.90164],[-69.31771,43.90387],[-69.3141,43.90227],[-69.30867,43.89514],[-69.30796,43.89102],[-69.31367,43.8912],[-69.31414,43.89531],[-69.31913,43.89668],[-69.32294,43.90164]]],[[[-69.32351,43.86057],[-69.31913,43.86687],[-69.31723,43.87561],[-69.31857,43.87971],[-69.31525,43.88284],[-69.31034,43.87835],[-69.30588,43.87742],[-69.31083,43.85949],[-69.32103,43.85671],[-69.32351,43.86057]]]]}},{"type":"Feature","id":"04901","properties":{"zip":"04901","pop":null,"city":"Waterville","county":"Kennebec","state":"Maine","area":58.25,"lat":44.55445,"lon":-69.57044},"geometry":{"type":"Polygon","coordinates":[[[-69.71843,44.51337],[-69.66954,44.55796],[-69.66703,44.56388],[-69.66701,44.56565],[-69.67116,44.56625],[-69.66707,44.57823],[-69.67018,44.58001],[-69.66849,44.58508],[-69.66553,44.5864],[-69.60575,44.57726],[-69.59239,44.58266],[-69.58927,44.58922],[-69.59305,44.60168],[-69.59223,44.6048],[-69.57887,44.62486],[-69.5817,44.63013],[-69.58734,44.63408],[-69.43648,44.61358],[-69.44696,44.57635],[-69.44318,44.56134],[-69.47966,44.56632],[-69.48179,44.55933],[-69.49354,44.56092],[-69.51399,44.49451],[-69.53855,44.49808],[-69.54327,44.4806],[-69.56498,44.48387],[-69.56562,44.4826],[-69.71988,44.5075],[-69.71843,44.51337]]]}},{"type":"Feature","id":"04912","properties":{"zip":"04912","pop":null,"city":"","county":"Somerset","state":"Maine","area":40.32,"lat":44.97292,"lon":-69.68049},"geometry":{"type":"Polygon","coordinates":[[[-69.76188,45.04245],[-69.74846,45.06059],[-69.74315,45.06492],[-69.71996,45.06857],[-69.71561,45.06122],[-69.70767,45.05626],[-69.70393,45.04968],[-69.69543,45.04689],[-69.69019,45.03884],[-69.69388,45.03749],[-69.68757,45.02359],[-69.67493,45.01831],[-69.67239,45.01064],[-69.66682,45.00478],[-69.63734,45.00866],[-69.61654,44.99601],[-69.59469,44.92136],[-69.5699,44.92446],[-69.58484,44.9174],[-69.57637,44.90989],[-69.58139,44.90843],[-69.58506,44.9101],[-69.59549,44.9077],[-69.60789,44.89202],[-69.60385,44.88862],[-69.61127,44.88026],[-69.61497,44.87981],[-69.62553,44.91735],[-69.72011,44.90496],[-69.74541,44.99454],[-69.75037,44.99384],[-69.76188,45.04245]]]}},{"type":"Feature","id":"04923","properties":{"zip":"04923","pop":null,"city":"","county":"Somerset","state":"Maine","area":13.22,"lat":45.03726,"lon":-69.44542},"geometry":{"type":"Polygon","coordinates":[[[-69.5186,45.03427],[-69.49519,45.03735],[-69.49986,45.05378],[-69.37683,45.07057],[-69.36842,45.05539],[-69.37599,45.05583],[-69.3794,45.05386],[-69.38478,45.05509],[-69.39213,45.04829],[-69.39046,45.04632],[-69.39256,45.04336],[-69.3893,45.04355],[-69.38853,45.04176],[-69.39523,45.04027],[-69.40008,45.03427],[-69.39948,45.03252],[-69.40435,45.03102],[-69.40453,45.02768],[-69.41884,45.02136],[-69.42791,45.01438],[-69.4337,45.00656],[-69.43911,45.00381],[-69.44325,45.00769],[-69.44585,45.00689],[-69.45372,45.01167],[-69.45919,45.00473],[-69.45613,45.0019],[-69.45712,44.99916],[-69.466,44.99831],[-69.4688,45.0005],[-69.47848,45.00007],[-69.48246,44.99463],[-69.49245,45.02832],[-69.51565,45.02504],[-69.5186,45.03427]]]}},{"type":"Feature","id":"04930","properties":{"zip":"04930","pop":null,"city":"Dexter","county":"Penobscot","state":"Maine","area":44.09,"lat":45.02683,"lon":-69.32821},"geometry":{"type":"Polygon","coordinates":[[[-69.48246,44.99463],[-69.47848,45.00007],[-69.4688,45.0005],[-69.466,44.99831],[-69.45712,44.99916],[-69.45613,45.0019],[-69.45919,45.00473],[-69.45372,45.01167],[-69.44585,45.00689],[-69.44325,45.00769],[-69.43911,45.00381],[-69.4337,45.00656],[-69.42791,45.01438],[-69.41884,45.02136],[-69.40453,45.02768],[-69.40435,45.03102],[-69.39948,45.03252],[-69.40008,45.03427],[-69.39523,45.04027],[-69.38853,45.04176],[-69.3893,45.04355],[-69.39256,45.04336],[-69.39046,45.04632],[-69.39213,45.04829],[-69.38478,45.05509],[-69.3794,45.05386],[-69.37599,45.05583],[-69.36842,45.05539],[-69.37683,45.07057],[-69.23202,45.09017],[-69.20852,45.00443],[-69.47544,44.96823],[-69.48246,44.99463]]]}},{"type":"Feature","id":"04938","properties":{"zip":"04938","pop":null,"city":"Farmington","county":"Franklin","state":"Maine","area":89.16,"lat":44.65885,"lon":-70.10339},"geometry":{"type":"Polygon","coordinates":[[[-70.22936,44.72805],[-70.19191,44.73392],[-70.13032,44.7391],[-70.13539,44.75856],[-70.07523,44.76403],[-70.08799,44.81498],[-70.03034,44.82214],[-70.02711,44.80906],[-70.02072,44.80977],[-70.0156,44.78695],[-70.00315,44.78829],[-70.00083,44.77382],[-70.00382,44.77355],[-70.00066,44.75904],[-70.01353,44.7577],[-70.00299,44.70885],[-70.00949,44.70814],[-70.00877,44.70482],[-70.02211,44.70333],[-70.02288,44.70462],[-70.04938,44.70033],[-70.06471,44.70826],[-70.06765,44.70197],[-70.0839,44.69141],[-70.06611,44.62141],[-70.07928,44.6249],[-70.07507,44.62025],[-70.07754,44.62018],[-70.08219,44.61552],[-70.0748,44.62006],[-70.05501,44.62074],[-70.05302,44.61916],[-70.05361,44.61301],[-70.05086,44.61221],[-70.04787,44.6061],[-70.04523,44.60471],[-70.04594,44.60257],[-70.04318,44.60085],[-70.03752,44.58362],[-70.04126,44.57739],[-70.04116,44.57125],[-70.04619,44.56771],[-70.0551,44.5528],[-70.05978,44.54964],[-70.06008,44.54543],[-70.0712,44.53483],[-70.07223,44.52932],[-70.04144,44.51415],[-70.04066,44.51514],[-70.03555,44.50808],[-70.03712,44.50185],[-70.0423,44.49453],[-70.04529,44.49481],[-70.04634,44.49078],[-70.04286,44.48929],[-70.04235,44.48524],[-70.12939,44.48722],[-70.13957,44.53823],[-70.15248,44.58931],[-70.13446,44.59522],[-70.15742,44.61259],[-70.19717,44.65461],[-70.22111,44.69583],[-70.22936,44.72805]],[[-70.16328,44.66105],[-70.15914,44.66174],[-70.15802,44.65866],[-70.15307,44.65707],[-70.15372,44.6625],[-70.15967,44.66206],[-70.16328,44.66105]]]}},{"type":"Feature","id":"04947","properties":{"zip":"04947","pop":null,"city":"Kingfield","county":"Franklin","state":"Maine","area":88.87,"lat":45.03323,"lon":-70.23903},"geometry":{"type":"Polygon","coordinates":[[[-70.40592,45.09487],[-70.15937,45.1284],[-70.12243,45.00006],[-70.11037,44.94731],[-70.15211,44.94185],[-70.14785,44.92425],[-70.16022,44.92112],[-70.16827,44.91506],[-70.18635,44.91281],[-70.18816,44.91993],[-70.19477,44.9192],[-70.19619,44.92515],[-70.2026,44.92424],[-70.20329,44.92755],[-70.22231,44.92583],[-70.22738,44.92327],[-70.23386,44.91558],[-70.23682,44.93103],[-70.24588,44.92987],[-70.27163,45.02061],[-70.38427,45.00776],[-70.40592,45.09487]]]}},{"type":"Feature","id":"04956","properties":{"zip":"04956","pop":null,"city":"","county":"Franklin","state":"Maine","area":25.66,"lat":44.8053,"lon":-70.11213},"geometry":{"type":"Polygon","coordinates":[[[-70.18427,44.79227],[-70.16484,44.79475],[-70.16661,44.80262],[-70.14592,44.80545],[-70.15556,44.84689],[-70.03327,44.86454],[-70.02553,44.83068],[-70.03226,44.82984],[-70.03034,44.82214],[-70.08799,44.81498],[-70.07523,44.76403],[-70.13539,44.75856],[-70.13032,44.7391],[-70.17106,44.73465],[-70.18427,44.79227]]]}},{"type":"Feature","id":"04958","properties":{"zip":"04958","pop":null,"city":"North Anson","county":"Somerset","state":"Maine","area":42.13,"lat":44.90548,"lon":-69.92487},"geometry":{"type":"Polygon","coordinates":[[[-70.0135,44.95975],[-69.87442,44.97756],[-69.8684,44.9725],[-69.86725,44.96507],[-69.87103,44.95689],[-69.86684,44.95196],[-69.86602,44.94737],[-69.86981,44.9379],[-69.86122,44.93458],[-69.85738,44.92942],[-69.8576,44.92518],[-69.85367,44.91961],[-69.85841,44.90303],[-69.85219,44.89255],[-69.8524,44.89061],[-69.85908,44.88757],[-69.86377,44.88173],[-69.86355,44.8681],[-69.8656,44.86177],[-69.86278,44.85746],[-69.86354,44.85474],[-69.86904,44.85465],[-69.87239,44.84966],[-69.87725,44.84852],[-69.87927,44.84605],[-69.87654,44.83983],[-69.87254,44.83771],[-69.86666,44.84074],[-69.86428,44.83519],[-69.86474,44.83249],[-69.87322,44.83331],[-69.87425,44.83021],[-69.8712,44.82257],[-69.87321,44.81815],[-69.88283,44.8169],[-69.89144,44.8126],[-69.89794,44.8153],[-69.89933,44.81115],[-69.92592,44.81882],[-69.93123,44.82358],[-69.93662,44.82547],[-69.91682,44.84258],[-69.93667,44.85709],[-69.94284,44.85436],[-69.95435,44.86327],[-69.95252,44.86448],[-69.9587,44.8654],[-69.9614,44.86309],[-69.97002,44.8673],[-69.9783,44.86818],[-70.00022,44.86312],[-69.98872,44.867],[-69.98992,44.8703],[-69.98492,44.87107],[-69.97996,44.87679],[-69.98773,44.8801],[-69.99208,44.88744],[-69.99115,44.89006],[-69.99559,44.89566],[-70.00017,44.89735],[-70.0135,44.95975]]]}},{"type":"Feature","id":"04963","properties":{"zip":"04963","pop":null,"city":"Oakland","county":"Kennebec","state":"Maine","area":42.69,"lat":44.56627,"lon":-69.81472},"geometry":{"type":"MultiPolygon","coordinates":[[[[-69.78732,44.59411],[-69.77629,44.60824],[-69.74428,44.60261],[-69.74209,44.59825],[-69.66553,44.5864],[-69.66849,44.58508],[-69.67018,44.58001],[-69.66707,44.57823],[-69.67116,44.56625],[-69.66701,44.56565],[-69.66703,44.56388],[-69.66954,44.55796],[-69.71843,44.51337],[-69.71988,44.5075],[-69.78791,44.51848],[-69.78154,44.52754],[-69.77862,44.53573],[-69.77272,44.53807],[-69.76619,44.55858],[-69.77901,44.56036],[-69.77971,44.56836],[-69.7836,44.57067],[-69.78232,44.57589],[-69.79281,44.57733],[-69.78732,44.59411]]],[[[-69.94553,44.52573],[-69.94733,44.52597],[-69.93583,44.56764],[-69.94057,44.56829],[-69.93263,44.58006],[-69.94676,44.58235],[-69.92766,44.60412],[-69.93045,44.61085],[-69.85327,44.62151],[-69.82753,44.60793],[-69.82244,44.60759],[-69.82265,44.60464],[-69.82036,44.60318],[-69.82213,44.60073],[-69.81715,44.59777],[-69.81848,44.58755],[-69.81657,44.58422],[-69.81974,44.57965],[-69.81695,44.57453],[-69.82718,44.56793],[-69.84113,44.54784],[-69.84998,44.54774],[-69.857,44.55062],[-69.86514,44.56366],[-69.87149,44.56581],[-69.87592,44.56314],[-69.8779,44.55582],[-69.87716,44.54892],[-69.87261,44.54163],[-69.87182,44.53517],[-69.87229,44.53202],[-69.87675,44.52687],[-69.8792,44.5257],[-69.88338,44.52991],[-69.88436,44.52763],[-69.8881,44.53002],[-69.88778,44.53206],[-69.89835,44.52221],[-69.90158,44.52255],[-69.90453,44.51683],[-69.90959,44.51243],[-69.9128,44.5123],[-69.94754,44.51808],[-69.94553,44.52573]]]]}},{"type":"Feature","id":"04981","properties":{"zip":"04981","pop":null,"city":"","county":"Waldo","state":"Maine","area":29.74,"lat":44.53231,"lon":-68.85933},"geometry":{"type":"Polygon","coordinates":[[[-68.94011,44.56063],[-68.93847,44.56518],[-68.85578,44.57735],[-68.8634,44.58963],[-68.86248,44.59373],[-68.84182,44.61106],[-68.83449,44.6071],[-68.82362,44.59602],[-68.81159,44.57372],[-68.79827,44.5681],[-68.80609,44.55363],[-68.8033,44.54336],[-68.80234,44.52492],[-68.80586,44.52429],[-68.80655,44.51514],[-68.80919,44.51345],[-68.80872,44.50904],[-68.80539,44.50514],[-68.80895,44.50056],[-68.80776,44.49836],[-68.8099,44.49599],[-68.81442,44.49666],[-68.82773,44.49056],[-68.83462,44.48497],[-68.8351,44.4814],[-68.8263,44.47157],[-68.82535,44.46818],[-68.81299,44.47055],[-68.81006,44.46874],[-68.81109,44.46614],[-68.82915,44.46224],[-68.83129,44.458],[-68.85899,44.44492],[-68.86464,44.44],[-68.86823,44.46273],[-68.86693,44.46754],[-68.86081,44.47489],[-68.8615,44.47966],[-68.8663,44.48543],[-68.87929,44.49159],[-68.88145,44.48997],[-68.88583,44.50461],[-68.91637,44.50078],[-68.93223,44.55225],[-68.93856,44.55591],[-68.94011,44.56063]]]}},{"type":"Feature","id":"04983","properties":{"zip":"04983","pop":null,"city":"","county":"Franklin","state":"Maine","area":108.94,"lat":44.92188,"lon":-70.30612},"geometry":{"type":"Polygon","coordinates":[[[-70.5215,45.04653],[-70.39868,45.06563],[-70.38427,45.00776],[-70.27163,45.02061],[-70.24588,44.92987],[-70.23682,44.93103],[-70.23386,44.91558],[-70.22738,44.92327],[-70.22231,44.92583],[-70.20909,44.92743],[-70.20329,44.92755],[-70.2026,44.92424],[-70.19619,44.92515],[-70.19477,44.9192],[-70.18816,44.91993],[-70.18635,44.91281],[-70.16827,44.91506],[-70.16022,44.92112],[-70.14785,44.92425],[-70.14477,44.91148],[-70.15259,44.9103],[-70.14908,44.8961],[-70.14263,44.89707],[-70.14159,44.89577],[-70.12993,44.85077],[-70.15556,44.84689],[-70.14592,44.80545],[-70.16661,44.80262],[-70.16484,44.79475],[-70.18427,44.79227],[-70.17141,44.7361],[-70.22936,44.72805],[-70.25144,44.81692],[-70.25515,44.81343],[-70.25869,44.81383],[-70.26144,44.82064],[-70.25876,44.82114],[-70.26047,44.82551],[-70.26322,44.82509],[-70.2644,44.828],[-70.25352,44.83112],[-70.26746,44.88417],[-70.3279,44.86491],[-70.34894,44.90438],[-70.35537,44.92065],[-70.36085,44.92107],[-70.36247,44.93353],[-70.36858,44.9368],[-70.37655,44.96824],[-70.50365,44.95277],[-70.5215,45.04653]]]}},{"type":"Feature","id":"04535","properties":{"zip":"04535","pop":null,"city":"","county":"Lincoln","state":"Maine","area":15.3,"lat":44.0876,"lon":-69.63448},"geometry":{"type":"Polygon","coordinates":[[[-69.6749,44.10453],[-69.6663,44.124],[-69.65674,44.12239],[-69.65694,44.12546],[-69.63144,44.12172],[-69.62333,44.1376],[-69.59175,44.12258],[-69.58331,44.12049],[-69.58358,44.11891],[-69.5787,44.11655],[-69.60597,44.08859],[-69.60597,44.08524],[-69.59911,44.0726],[-69.60906,44.06138],[-69.60851,44.05801],[-69.61163,44.05596],[-69.61341,44.04812],[-69.61708,44.04882],[-69.62364,44.0288],[-69.64962,44.04271],[-69.64647,44.04672],[-69.67262,44.05097],[-69.66826,44.05642],[-69.66845,44.06604],[-69.66632,44.06932],[-69.67683,44.07173],[-69.67418,44.0751],[-69.6687,44.0735],[-69.6677,44.07661],[-69.67857,44.07852],[-69.67319,44.08696],[-69.68466,44.08814],[-69.6749,44.10453]]]}},{"type":"Feature","id":"04757","properties":{"zip":"04757","pop":null,"city":"","county":"Aroostook","state":"Maine","area":149.09,"lat":46.61411,"lon":-68.18279},"geometry":{"type":"Polygon","coordinates":[[[-68.30491,46.5627],[-68.30301,46.65777],[-68.30072,46.65781],[-68.30053,46.74524],[-68.0553,46.74972],[-68.04619,46.54898],[-68.06489,46.55054],[-68.0796,46.5477],[-68.0796,46.54425],[-68.08264,46.54429],[-68.088,46.52507],[-68.09088,46.52226],[-68.08757,46.51922],[-68.08883,46.51627],[-68.09906,46.51108],[-68.10402,46.51297],[-68.1076,46.51112],[-68.10988,46.50888],[-68.10898,46.5012],[-68.11132,46.49732],[-68.12876,46.48939],[-68.12486,46.48051],[-68.12292,46.4807],[-68.12325,46.47738],[-68.1195,46.47174],[-68.12149,46.47098],[-68.11902,46.46896],[-68.30474,46.46939],[-68.30491,46.5627]]]}},{"type":"Feature","id":"04761","properties":{"zip":"04761","pop":null,"city":"","county":"Aroostook","state":"Maine","area":13.41,"lat":46.11854,"lon":-67.97188},"geometry":{"type":"Polygon","coordinates":[[[-68.0402,46.1391],[-67.90393,46.14113],[-67.90634,46.09976],[-67.90882,46.09531],[-67.91946,46.09551],[-67.92313,46.09814],[-67.92964,46.0991],[-67.9431,46.09592],[-68.01017,46.09711],[-68.01297,46.09501],[-68.01577,46.09719],[-68.03956,46.09761],[-68.0402,46.1391]]]}},{"type":"Feature","id":"04768","properties":{"zip":"04768","pop":null,"city":"","county":"Aroostook","state":"Maine","area":62.49,"lat":46.78786,"lon":-68.82932},"geometry":{"type":"MultiPolygon","coordinates":[[[[-68.56345,46.82989],[-68.44148,46.83187],[-68.44013,46.74485],[-68.45293,46.74474],[-68.46562,46.72411],[-68.46591,46.71657],[-68.47231,46.70376],[-68.47746,46.69994],[-68.47777,46.69232],[-68.5002,46.71088],[-68.50492,46.71701],[-68.50751,46.73132],[-68.50251,46.7439],[-68.56188,46.74364],[-68.56345,46.82989]]],[[[-69.2622,46.79188],[-69.26007,46.79524],[-69.25544,46.79555],[-69.25508,46.79896],[-69.24949,46.80385],[-69.23736,46.80923],[-69.22188,46.81152],[-69.21799,46.81561],[-69.21925,46.81716],[-69.21199,46.81339],[-69.212,46.8155],[-69.2108,46.81465],[-69.19737,46.79138],[-69.19321,46.78812],[-69.185,46.77475],[-69.1797,46.78003],[-69.16496,46.78496],[-69.14999,46.78644],[-69.14526,46.79319],[-69.14233,46.79442],[-69.11571,46.8028],[-69.10879,46.80274],[-69.10164,46.80679],[-69.09848,46.82046],[-69.08284,46.82341],[-69.08263,46.83925],[-68.95077,46.83897],[-68.95086,46.79521],[-68.95906,46.7927],[-68.98966,46.77341],[-69.00571,46.76962],[-69.0318,46.76893],[-69.05538,46.77135],[-69.10703,46.76843],[-69.10936,46.76559],[-69.11664,46.76456],[-69.11964,46.76614],[-69.13191,46.76189],[-69.15566,46.75966],[-69.16433,46.75088],[-69.21178,46.75086],[-69.21183,46.76482],[-69.22674,46.75947],[-69.24886,46.75594],[-69.25378,46.76175],[-69.25235,46.76696],[-69.2551,46.77375],[-69.25543,46.78255],[-69.26151,46.78827],[-69.2622,46.79188]]]]}},{"type":"Feature","id":"04773","properties":{"zip":"04773","pop":null,"city":"","county":"Aroostook","state":"Maine","area":27.7,"lat":47.27437,"lon":-68.22666},"geometry":{"type":"Polygon","coordinates":[[[-68.31212,47.29696],[-68.30726,47.30106],[-68.30746,47.30575],[-68.3003,47.31217],[-68.28713,47.30744],[-68.28027,47.29923],[-68.26237,47.29354],[-68.25217,47.30544],[-68.24455,47.30603],[-68.23685,47.31562],[-68.26412,47.32404],[-68.26797,47.32889],[-68.27006,47.33664],[-68.26191,47.3464],[-68.24619,47.34651],[-68.24017,47.35422],[-68.2346,47.35504],[-68.22761,47.35305],[-68.22465,47.35079],[-68.22289,47.34453],[-68.21771,47.34085],[-68.20235,47.33941],[-68.17888,47.33033],[-68.18147,47.29138],[-68.17983,47.18087],[-68.19184,47.18633],[-68.19823,47.18549],[-68.19912,47.18977],[-68.19394,47.19324],[-68.20549,47.19224],[-68.20757,47.19875],[-68.21955,47.20302],[-68.23148,47.21544],[-68.24023,47.21578],[-68.24969,47.21999],[-68.25368,47.21889],[-68.25545,47.22025],[-68.25972,47.22942],[-68.25859,47.23584],[-68.26253,47.24141],[-68.26466,47.25097],[-68.27795,47.25834],[-68.28025,47.26324],[-68.28692,47.26768],[-68.28989,47.27232],[-68.29029,47.28892],[-68.30355,47.28895],[-68.31364,47.29689],[-68.31212,47.29696]]]}},{"type":"Feature","id":"04777","properties":{"zip":"04777","pop":null,"city":"","county":"Penobscot","state":"Maine","area":55.62,"lat":45.8351,"lon":-68.48962},"geometry":{"type":"Polygon","coordinates":[[[-68.56513,45.75609],[-68.56237,45.75874],[-68.56412,45.7615],[-68.55943,45.76146],[-68.55857,45.85547],[-68.52561,45.85524],[-68.52202,45.86489],[-68.52447,45.86884],[-68.51533,45.87032],[-68.51345,45.87633],[-68.50647,45.88121],[-68.50842,45.88696],[-68.51043,45.88628],[-68.50961,45.89357],[-68.51309,45.89541],[-68.51103,45.9],[-68.51525,45.90364],[-68.51525,45.90819],[-68.51899,45.91248],[-68.52003,45.9173],[-68.52469,45.92024],[-68.52812,45.9275],[-68.5311,45.92955],[-68.53865,45.94486],[-68.52085,45.94485],[-68.52404,45.95047],[-68.52421,45.95493],[-68.5177,45.96115],[-68.51902,45.96748],[-68.50131,45.96748],[-68.50153,45.94782],[-68.49599,45.9465],[-68.49421,45.94938],[-68.48309,45.95043],[-68.47265,45.94475],[-68.47161,45.94241],[-68.45459,45.93622],[-68.45037,45.93791],[-68.45285,45.94467],[-68.4276,45.94459],[-68.42719,45.79595],[-68.44276,45.7782],[-68.44904,45.75465],[-68.46967,45.73591],[-68.4758,45.70989],[-68.4847,45.69985],[-68.48676,45.69365],[-68.49042,45.69445],[-68.4916,45.69781],[-68.48767,45.70356],[-68.48151,45.70784],[-68.48063,45.71321],[-68.48521,45.71326],[-68.49298,45.71845],[-68.50304,45.7368],[-68.56016,45.73584],[-68.56007,45.75089],[-68.56513,45.75609]]]}},{"type":"Feature","id":"04785","properties":{"zip":"04785","pop":null,"city":"Van Buren","county":"Aroostook","state":"Maine","area":87.34,"lat":47.12669,"lon":-68.00377},"geometry":{"type":"Polygon","coordinates":[[[-68.17982,47.20084],[-68.06059,47.20153],[-68.06077,47.21164],[-68.0551,47.21343],[-68.04858,47.2201],[-68.02887,47.23338],[-68.06147,47.25229],[-68.06141,47.25626],[-68.0161,47.23445],[-67.98985,47.21005],[-67.97383,47.20691],[-67.95227,47.19614],[-67.95151,47.18355],[-67.94307,47.17614],[-67.92742,47.15496],[-67.91037,47.14814],[-67.9046,47.13756],[-67.89217,47.12864],[-67.89003,47.12468],[-67.88891,47.11006],[-67.87716,47.10181],[-67.86457,47.09921],[-67.83237,47.08555],[-67.82083,47.08352],[-67.81072,47.07609],[-67.79051,47.06792],[-67.79024,47.05008],[-68.06298,47.04637],[-68.06139,47.08555],[-68.07358,47.08297],[-68.07605,47.08413],[-68.0798,47.08055],[-68.08274,47.07368],[-68.08768,47.07256],[-68.09766,47.07545],[-68.10906,47.08352],[-68.11088,47.08855],[-68.11774,47.09076],[-68.11776,47.10861],[-68.12409,47.11673],[-68.135,47.14142],[-68.14524,47.15552],[-68.16146,47.1558],[-68.16684,47.16066],[-68.16734,47.16539],[-68.17981,47.17102],[-68.17982,47.20084]]]}},{"type":"Feature","id":"04841","properties":{"zip":"04841","pop":null,"city":"Rockland","county":"Knox","state":"Maine","area":9.52,"lat":44.12726,"lon":-69.13683},"geometry":{"type":"Polygon","coordinates":[[[-69.16395,44.16644],[-69.16055,44.17259],[-69.08191,44.1155],[-69.08586,44.11414],[-69.09251,44.11823],[-69.10082,44.11686],[-69.10084,44.11311],[-69.10439,44.11055],[-69.10086,44.10453],[-69.10558,44.10168],[-69.10329,44.09755],[-69.10059,44.09673],[-69.10111,44.0936],[-69.13348,44.08181],[-69.12895,44.08608],[-69.13052,44.08563],[-69.13334,44.0906],[-69.13428,44.09436],[-69.13227,44.09837],[-69.14054,44.10381],[-69.14388,44.10115],[-69.14775,44.1025],[-69.14129,44.10943],[-69.15712,44.11443],[-69.15156,44.11933],[-69.18529,44.12774],[-69.16395,44.16644]]]}},{"type":"Feature","id":"04843","properties":{"zip":"04843","pop":null,"city":"Camden","county":"Knox","state":"Maine","area":14.26,"lat":44.22931,"lon":-69.08903},"geometry":{"type":"MultiPolygon","coordinates":[[[[-68.9647,44.19464],[-68.96439,44.20076],[-68.95494,44.20286],[-68.95894,44.1981],[-68.95786,44.19651],[-68.96011,44.19424],[-68.95869,44.19209],[-68.96154,44.18951],[-68.96511,44.1919],[-68.9647,44.19464]]],[[[-68.98354,44.17511],[-68.98127,44.1769],[-68.97961,44.17553],[-68.98008,44.17264],[-68.9841,44.17209],[-68.98354,44.17511]]],[[[-69.16446,44.22336],[-69.12162,44.25564],[-69.0431,44.25955],[-69.02837,44.24901],[-69.03153,44.24248],[-69.04019,44.23367],[-69.0436,44.22503],[-69.04281,44.21517],[-69.04644,44.21206],[-69.04558,44.20925],[-69.05471,44.21149],[-69.05923,44.20791],[-69.05757,44.20382],[-69.05471,44.20331],[-69.05181,44.19592],[-69.05554,44.18923],[-69.06776,44.19428],[-69.06479,44.19662],[-69.06994,44.20017],[-69.07144,44.19659],[-69.07596,44.19992],[-69.15099,44.21252],[-69.16446,44.22336]]]]}},{"type":"Feature","id":"04852","properties":{"zip":"04852","pop":null,"city":"","county":"Lincoln","state":"Maine","area":0.63,"lat":43.76558,"lon":-69.31246},"geometry":{"type":"Polygon","coordinates":[[[-69.32357,43.75899],[-69.32114,43.76576],[-69.31363,43.77276],[-69.30675,43.7751],[-69.30038,43.77214],[-69.30082,43.7686],[-69.31432,43.75671],[-69.32256,43.75588],[-69.32357,43.75899]]]}},{"type":"Feature","id":"04787","properties":{"zip":"04787","pop":null,"city":"","county":"Aroostook","state":"Maine","area":27.74,"lat":46.55168,"lon":-67.97683},"geometry":{"type":"Polygon","coordinates":[[[-68.04825,46.59438],[-67.90895,46.59713],[-67.90595,46.50881],[-68.04423,46.50617],[-68.04825,46.59438]]]}},{"type":"Feature","id":"04406","properties":{"zip":"04406","pop":null,"city":"","county":"Piscataquis","state":"Maine","area":88.43,"lat":45.21855,"lon":-69.57823},"geometry":{"type":"Polygon","coordinates":[[[-69.72426,45.36675],[-69.72081,45.36597],[-69.72023,45.36233],[-69.71176,45.35581],[-69.68661,45.35462],[-69.68851,45.35024],[-69.68774,45.34563],[-69.69155,45.33936],[-69.68943,45.33772],[-69.68979,45.33504],[-69.69168,45.3331],[-69.68507,45.31842],[-69.68768,45.31442],[-69.68682,45.31304],[-69.67833,45.31857],[-69.65776,45.32061],[-69.64009,45.319],[-69.62732,45.32469],[-69.62246,45.32246],[-69.61357,45.32421],[-69.60935,45.32708],[-69.59663,45.32205],[-69.59345,45.30711],[-69.57517,45.30959],[-69.55857,45.25224],[-69.54573,45.24365],[-69.54123,45.23726],[-69.53044,45.23605],[-69.52218,45.23074],[-69.51703,45.23009],[-69.42448,45.24323],[-69.40209,45.1609],[-69.52676,45.145],[-69.51924,45.11964],[-69.53715,45.13791],[-69.54647,45.1361],[-69.54183,45.12928],[-69.54891,45.13053],[-69.55451,45.13407],[-69.55804,45.13343],[-69.56251,45.13672],[-69.56844,45.13331],[-69.57555,45.13208],[-69.59036,45.11617],[-69.61079,45.11108],[-69.6341,45.10897],[-69.64617,45.11701],[-69.63621,45.12236],[-69.63608,45.12535],[-69.64363,45.13155],[-69.65386,45.1526],[-69.64347,45.17458],[-69.64171,45.18577],[-69.64644,45.19057],[-69.64657,45.19821],[-69.64455,45.19969],[-69.6828,45.19488],[-69.68703,45.20822],[-69.68365,45.2124],[-69.70406,45.27309],[-69.70832,45.29135],[-69.70043,45.29246],[-69.72536,45.3676],[-69.72426,45.36675]]]}},{"type":"Feature","id":"04730","properties":{"zip":"04730","pop":null,"city":"Houlton","county":"Aroostook","state":"Maine","area":170.49,"lat":46.12593,"lon":-67.91461},"geometry":{"type":"Polygon","coordinates":[[[-68.10001,46.2071],[-68.04019,46.20747],[-68.04016,46.27679],[-67.90706,46.27647],[-67.90698,46.27945],[-67.78211,46.27941],[-67.78112,46.00078],[-67.91181,46.00201],[-67.91337,45.944],[-68.03861,45.94347],[-68.03956,46.09761],[-68.01577,46.09719],[-68.01297,46.09501],[-68.01017,46.09711],[-67.9431,46.09592],[-67.92964,46.0991],[-67.92313,46.09814],[-67.91946,46.09551],[-67.90882,46.09531],[-67.90634,46.09976],[-67.90393,46.14113],[-68.04059,46.13908],[-68.04098,46.1673],[-68.04553,46.16741],[-68.04933,46.16996],[-68.06321,46.16768],[-68.06154,46.17336],[-68.07335,46.19955],[-68.09612,46.19711],[-68.10001,46.2071]]]}},{"type":"Feature","id":"04679","properties":{"zip":"04679","pop":null,"city":"Southwest Harbor","county":"Hancock","state":"Maine","area":10.5,"lat":44.27848,"lon":-68.33253},"geometry":{"type":"MultiPolygon","coordinates":[[[[-68.30412,44.28377],[-68.29342,44.27866],[-68.29105,44.27594],[-68.30293,44.27696],[-68.30412,44.28377]]],[[[-68.36059,44.31867],[-68.35619,44.32209],[-68.31812,44.30821],[-68.3112,44.31143],[-68.30847,44.30806],[-68.30611,44.30212],[-68.30759,44.29633],[-68.31339,44.29601],[-68.31414,44.29361],[-68.31719,44.29431],[-68.32005,44.28802],[-68.30959,44.27781],[-68.31363,44.27032],[-68.30293,44.26947],[-68.29864,44.26665],[-68.2925,44.25299],[-68.28986,44.25092],[-68.29105,44.24615],[-68.2977,44.24257],[-68.30103,44.23644],[-68.30474,44.23738],[-68.30769,44.23593],[-68.31059,44.22816],[-68.32042,44.22482],[-68.32502,44.22946],[-68.34104,44.25407],[-68.34462,44.25693],[-68.3435,44.25894],[-68.34636,44.2624],[-68.34593,44.26624],[-68.35493,44.27278],[-68.38398,44.3157],[-68.36059,44.31867]]]]}},{"type":"Feature","id":"04110","properties":{"zip":"04110","pop":null,"city":"","county":"Cumberland","state":"Maine","area":1.81,"lat":43.75862,"lon":-70.19912},"geometry":{"type":"MultiPolygon","coordinates":[[[[-70.18761,43.73942],[-70.18429,43.74251],[-70.17668,43.74543],[-70.17977,43.73924],[-70.18856,43.73684],[-70.18761,43.73942]]],[[[-70.21987,43.749],[-70.21277,43.75599],[-70.19562,43.7817],[-70.19278,43.78323],[-70.17829,43.77619],[-70.19427,43.7686],[-70.19237,43.76517],[-70.19759,43.75321],[-70.19261,43.74834],[-70.19379,43.74165],[-70.19791,43.73796],[-70.21987,43.749]]]]}},{"type":"Feature","id":"04342","properties":{"zip":"04342","pop":null,"city":"","county":"Lincoln","state":"Maine","area":23.8,"lat":44.0794,"lon":-69.73934},"geometry":{"type":"Polygon","coordinates":[[[-69.81352,44.02682],[-69.8117,44.03016],[-69.79631,44.03739],[-69.79031,44.04247],[-69.78603,44.05635],[-69.78647,44.0645],[-69.78287,44.07047],[-69.78727,44.07474],[-69.78448,44.08311],[-69.78585,44.08718],[-69.77417,44.09935],[-69.76813,44.1103],[-69.76542,44.1202],[-69.76132,44.12548],[-69.75821,44.13933],[-69.6663,44.124],[-69.6749,44.10453],[-69.69191,44.07727],[-69.69495,44.08047],[-69.71606,44.0485],[-69.74633,44.0138],[-69.81352,44.02682]]]}},{"type":"Feature","id":"04347","properties":{"zip":"04347","pop":null,"city":"Hallowell","county":"Kennebec","state":"Maine","area":4.37,"lat":44.29038,"lon":-69.81401},"geometry":{"type":"Polygon","coordinates":[[[-69.84985,44.29349],[-69.84855,44.29688],[-69.8402,44.29526],[-69.83733,44.30507],[-69.83422,44.30635],[-69.83134,44.31481],[-69.80892,44.30974],[-69.8106,44.30429],[-69.80054,44.30268],[-69.80166,44.29926],[-69.77962,44.29565],[-69.78754,44.28829],[-69.78951,44.28011],[-69.78628,44.27192],[-69.7785,44.26658],[-69.78597,44.2679],[-69.7947,44.262],[-69.79256,44.26902],[-69.82081,44.27389],[-69.81852,44.28101],[-69.8477,44.28582],[-69.85247,44.2893],[-69.84985,44.29349]]]}},{"type":"Feature","id":"04475","properties":{"zip":"04475","pop":null,"city":"","county":"Penobscot","state":"Maine","area":16.24,"lat":45.18447,"lon":-68.58674},"geometry":{"type":"Polygon","coordinates":[[[-68.64376,45.21967],[-68.55104,45.23535],[-68.55098,45.18791],[-68.54055,45.14663],[-68.61707,45.13445],[-68.62076,45.1355],[-68.61599,45.14571],[-68.63273,45.16463],[-68.62573,45.17321],[-68.62537,45.17791],[-68.61696,45.18603],[-68.61434,45.19837],[-68.61632,45.20141],[-68.62698,45.20726],[-68.63849,45.2116],[-68.64376,45.21967]]]}},{"type":"Feature","id":"04539","properties":{"zip":"04539","pop":null,"city":"","county":"Lincoln","state":"Maine","area":12.54,"lat":43.96439,"lon":-69.50515},"geometry":{"type":"Polygon","coordinates":[[[-69.54378,43.99738],[-69.54089,44.00432],[-69.4995,44.00873],[-69.47573,44.00695],[-69.49085,43.98549],[-69.47322,43.98215],[-69.46481,43.97803],[-69.4724,43.96919],[-69.47394,43.95532],[-69.47207,43.95305],[-69.47276,43.95096],[-69.46865,43.94899],[-69.47555,43.94827],[-69.46393,43.94259],[-69.46351,43.93905],[-69.47302,43.93348],[-69.47854,43.93614],[-69.49078,43.92521],[-69.48801,43.9218],[-69.49365,43.91819],[-69.49687,43.92228],[-69.49596,43.92727],[-69.49769,43.92796],[-69.49882,43.92546],[-69.50191,43.93045],[-69.51083,43.9267],[-69.51068,43.92184],[-69.50696,43.91923],[-69.50688,43.90557],[-69.51368,43.90845],[-69.51611,43.91174],[-69.52029,43.91148],[-69.52633,43.92394],[-69.52442,43.93037],[-69.53227,43.93044],[-69.53516,43.99148],[-69.54712,43.99525],[-69.54378,43.99738]]]}},{"type":"Feature","id":"04571","properties":{"zip":"04571","pop":null,"city":"","county":"Lincoln","state":"Maine","area":1.58,"lat":43.89949,"lon":-69.6753},"geometry":{"type":"Polygon","coordinates":[[[-69.68511,43.89702],[-69.6785,43.91277],[-69.6728,43.91894],[-69.67137,43.92356],[-69.67291,43.92448],[-69.66035,43.92905],[-69.66476,43.92733],[-69.66496,43.91899],[-69.66792,43.91394],[-69.66608,43.90027],[-69.66889,43.89064],[-69.66741,43.88441],[-69.6696,43.88556],[-69.6735,43.88055],[-69.67369,43.8842],[-69.68381,43.87581],[-69.68179,43.87511],[-69.68502,43.8751],[-69.68492,43.88058],[-69.6873,43.88537],[-69.68511,43.89702]]]}},{"type":"Feature","id":"04626","properties":{"zip":"04626","pop":null,"city":"","county":"Washington","state":"Maine","area":34.29,"lat":44.68487,"lon":-67.22166},"geometry":{"type":"MultiPolygon","coordinates":[[[[-67.3226,44.6116],[-67.32022,44.61332],[-67.31825,44.61114],[-67.30969,44.61216],[-67.31111,44.61671],[-67.3014,44.62361],[-67.29971,44.62112],[-67.29115,44.61926],[-67.28972,44.61672],[-67.28212,44.61994],[-67.27903,44.61588],[-67.26099,44.60866],[-67.26167,44.6046],[-67.26363,44.60361],[-67.2738,44.60995],[-67.28045,44.60979],[-67.27831,44.60572],[-67.28021,44.60345],[-67.28781,44.60453],[-67.29234,44.59913],[-67.30803,44.59716],[-67.31415,44.59747],[-67.31379,44.60405],[-67.31563,44.60522],[-67.31825,44.60369],[-67.3226,44.6116]]],[[[-67.32756,44.66703],[-67.32276,44.66779],[-67.32206,44.6739],[-67.31885,44.67175],[-67.32015,44.66357],[-67.30802,44.66137],[-67.30684,44.66289],[-67.30636,44.6661],[-67.30922,44.66678],[-67.30884,44.67388],[-67.3047,44.67929],[-67.30874,44.68926],[-67.30014,44.69675],[-67.29943,44.70453],[-67.14347,44.75164],[-67.11871,44.70639],[-67.11875,44.70222],[-67.12309,44.7016],[-67.12879,44.69542],[-67.13921,44.69385],[-67.14806,44.68411],[-67.15448,44.66811],[-67.16986,44.6621],[-67.18179,44.6637],[-67.18661,44.66265],[-67.19207,44.65552],[-67.19144,44.64775],[-67.18943,44.64553],[-67.21303,44.63922],[-67.23427,44.6372],[-67.23787,44.63844],[-67.23981,44.64176],[-67.24217,44.63992],[-67.24514,44.64093],[-67.24314,44.64565],[-67.24599,44.64632],[-67.24647,44.6514],[-67.24076,44.66577],[-67.2467,44.66915],[-67.27285,44.66407],[-67.26786,44.65055],[-67.27047,44.64581],[-67.26952,44.64007],[-67.26168,44.63922],[-67.25431,44.63059],[-67.24637,44.62638],[-67.25122,44.62569],[-67.26881,44.63059],[-67.26881,44.62857],[-67.27412,44.62635],[-67.27514,44.62343],[-67.28735,44.624],[-67.28663,44.62992],[-67.29115,44.63076],[-67.29495,44.63702],[-67.29246,44.64845],[-67.29858,44.6483],[-67.30046,44.65016],[-67.29845,44.65438],[-67.30963,44.65932],[-67.32269,44.66003],[-67.32618,44.65671],[-67.32756,44.66703]]]]}},{"type":"Feature","id":"04634","properties":{"zip":"04634","pop":null,"city":"","county":"Hancock","state":"Maine","area":75.1,"lat":44.63453,"lon":-68.22254},"geometry":{"type":"Polygon","coordinates":[[[-68.34337,44.68397],[-68.33815,44.68917],[-68.33229,44.69017],[-68.32735,44.68238],[-68.31703,44.68704],[-68.30853,44.68425],[-68.3045,44.68039],[-68.30248,44.68041],[-68.30488,44.68306],[-68.30078,44.6846],[-68.29136,44.67802],[-68.30343,44.73058],[-68.28868,44.73205],[-68.26828,44.72846],[-68.24179,44.72871],[-68.17639,44.72277],[-68.1599,44.65696],[-68.14625,44.65883],[-68.13946,44.63031],[-68.13269,44.63087],[-68.11551,44.62785],[-68.10736,44.62874],[-68.09864,44.62473],[-68.08409,44.62427],[-68.06306,44.61096],[-68.076,44.6102],[-68.07946,44.60718],[-68.08272,44.59815],[-68.08582,44.59664],[-68.07718,44.58571],[-68.0784,44.58057],[-68.25652,44.54847],[-68.25474,44.53934],[-68.26772,44.54468],[-68.27773,44.55447],[-68.28882,44.56001],[-68.3176,44.59679],[-68.32003,44.60752],[-68.32368,44.6128],[-68.32246,44.62018],[-68.32818,44.62566],[-68.32757,44.62949],[-68.33001,44.63348],[-68.32942,44.6417],[-68.33387,44.64435],[-68.33572,44.65012],[-68.32192,44.65528],[-68.33414,44.66837],[-68.33638,44.67181],[-68.33401,44.67435],[-68.34309,44.68082],[-68.34337,44.68397]]]}},{"type":"Feature","id":"04664","properties":{"zip":"04664","pop":null,"city":"","county":"Hancock","state":"Maine","area":30.66,"lat":44.53877,"lon":-68.12799},"geometry":{"type":"Polygon","coordinates":[[[-68.25652,44.54847],[-68.04418,44.58529],[-68.04112,44.59192],[-68.03417,44.58995],[-68.03247,44.59119],[-68.0349,44.59414],[-68.03082,44.59618],[-68.01645,44.58671],[-68.01072,44.56888],[-68.0279,44.56902],[-68.07119,44.53952],[-68.06771,44.52457],[-68.06053,44.51841],[-68.06948,44.51402],[-68.06945,44.51254],[-68.06527,44.51121],[-68.06456,44.50937],[-68.06748,44.50517],[-68.06437,44.50385],[-68.07131,44.50317],[-68.07068,44.499],[-68.07548,44.49827],[-68.07438,44.49421],[-68.13675,44.48626],[-68.13988,44.48709],[-68.14155,44.492],[-68.15105,44.49811],[-68.15724,44.50099],[-68.16175,44.50116],[-68.16152,44.49985],[-68.16579,44.50176],[-68.16962,44.50591],[-68.1865,44.51449],[-68.19883,44.51493],[-68.20168,44.51997],[-68.21143,44.52014],[-68.21166,44.51876],[-68.22264,44.52117],[-68.22605,44.52507],[-68.23797,44.52924],[-68.25474,44.53934],[-68.25652,44.54847]]]}},{"type":"Feature","id":"04674","properties":{"zip":"04674","pop":null,"city":"","county":"Hancock","state":"Maine","area":6.98,"lat":44.29365,"lon":-68.40877},"geometry":{"type":"MultiPolygon","coordinates":[[[[-68.43085,44.31261],[-68.41196,44.32226],[-68.40761,44.32847],[-68.39793,44.32991],[-68.39797,44.31419],[-68.38398,44.3157],[-68.35874,44.27843],[-68.37871,44.27734],[-68.38675,44.28273],[-68.39814,44.2831],[-68.3997,44.28041],[-68.39456,44.26848],[-68.40127,44.25224],[-68.40727,44.2567],[-68.40444,44.26096],[-68.41965,44.27461],[-68.41298,44.27441],[-68.4125,44.27849],[-68.4087,44.27917],[-68.40823,44.28155],[-68.41583,44.28598],[-68.42367,44.28393],[-68.42748,44.28938],[-68.42611,44.2951],[-68.43095,44.29862],[-68.43085,44.31261]]],[[[-68.43556,44.29346],[-68.43009,44.28819],[-68.43205,44.2859],[-68.43659,44.29195],[-68.43556,44.29346]]],[[[-68.45618,44.31183],[-68.45029,44.3137],[-68.44815,44.312],[-68.44958,44.30894],[-68.44744,44.30214],[-68.44887,44.29755],[-68.45576,44.29976],[-68.45362,44.30564],[-68.45618,44.31183]]],[[[-68.46123,44.26011],[-68.45505,44.25892],[-68.45338,44.25619],[-68.45838,44.25415],[-68.46123,44.26011]]],[[[-68.49331,44.28257],[-68.4907,44.28325],[-68.48214,44.27934],[-68.46931,44.27049],[-68.46741,44.2676],[-68.46883,44.26351],[-68.48657,44.2691],[-68.49331,44.28257]]]]}},{"type":"Feature","id":"04657","properties":{"zip":"04657","pop":null,"city":"","county":"Washington","state":"Maine","area":62.28,"lat":44.97621,"lon":-67.41956},"geometry":{"type":"Polygon","coordinates":[[[-67.55264,44.99316],[-67.49563,45.00964],[-67.5034,45.02314],[-67.46147,45.03534],[-67.46042,45.03347],[-67.32362,45.07528],[-67.29388,45.04123],[-67.33964,45.02162],[-67.33356,45.01413],[-67.35821,45.00191],[-67.35421,44.99872],[-67.3551,44.99348],[-67.35336,44.98859],[-67.34912,44.98879],[-67.34889,44.98719],[-67.33889,44.98416],[-67.33451,44.97707],[-67.38941,44.9613],[-67.39273,44.9586],[-67.39158,44.95507],[-67.39368,44.95377],[-67.38689,44.94729],[-67.39128,44.94228],[-67.38641,44.94715],[-67.38356,44.94455],[-67.38885,44.94218],[-67.38014,44.93752],[-67.38228,44.9376],[-67.3818,44.93563],[-67.3717,44.93445],[-67.36692,44.9396],[-67.35892,44.93765],[-67.34735,44.92949],[-67.35263,44.91992],[-67.35145,44.91634],[-67.32478,44.89191],[-67.41667,44.86772],[-67.44815,44.92567],[-67.47643,44.91763],[-67.48115,44.92296],[-67.49236,44.92638],[-67.50783,44.93871],[-67.50883,44.94243],[-67.51217,44.94235],[-67.51511,44.94657],[-67.52397,44.94913],[-67.53012,44.95703],[-67.53886,44.96194],[-67.55285,44.98271],[-67.55264,44.99316]]]}},{"type":"Feature","id":"04284","properties":{"zip":"04284","pop":null,"city":"","county":"Kennebec","state":"Maine","area":17.82,"lat":44.34755,"lon":-70.06489},"geometry":{"type":"Polygon","coordinates":[[[-70.13259,44.37138],[-70.12005,44.37271],[-70.12217,44.38113],[-70.10049,44.38385],[-70.09946,44.3801],[-70.02304,44.39074],[-70.02561,44.38123],[-70.01118,44.37899],[-70.02977,44.30851],[-70.04367,44.30989],[-70.04593,44.29232],[-70.04482,44.28802],[-70.03905,44.28623],[-70.04129,44.2841],[-70.05185,44.28576],[-70.05063,44.2886],[-70.05205,44.29883],[-70.05578,44.29955],[-70.05387,44.30767],[-70.06079,44.30434],[-70.06723,44.29188],[-70.07351,44.29367],[-70.07458,44.29861],[-70.09905,44.31955],[-70.10018,44.33452],[-70.12891,44.3682],[-70.13166,44.36747],[-70.13259,44.37138]]]}},{"type":"Feature","id":"04039","properties":{"zip":"04039","pop":null,"city":"Gray","county":"Cumberland","state":"Maine","area":31.39,"lat":43.88742,"lon":-70.34534},"geometry":{"type":"Polygon","coordinates":[[[-70.4272,43.8741],[-70.42385,43.88127],[-70.41925,43.88022],[-70.41796,43.88169],[-70.41834,43.88603],[-70.41648,43.88706],[-70.40715,43.88365],[-70.41072,43.88975],[-70.41423,43.8906],[-70.41556,43.88884],[-70.41275,43.89531],[-70.40636,43.89762],[-70.4061,43.89899],[-70.41123,43.89963],[-70.40665,43.90634],[-70.41747,43.91158],[-70.3745,43.95523],[-70.25317,43.89339],[-70.32438,43.81982],[-70.4292,43.87367],[-70.4272,43.8741]]]}},{"type":"Feature","id":"04096","properties":{"zip":"04096","pop":null,"city":"Yarmouth","county":"Cumberland","state":"Maine","area":10.69,"lat":43.79793,"lon":-70.1727},"geometry":{"type":"MultiPolygon","coordinates":[[[[-70.11465,43.78061],[-70.10547,43.78559],[-70.10229,43.78388],[-70.09604,43.78838],[-70.08965,43.78519],[-70.10202,43.77681],[-70.10663,43.77862],[-70.10562,43.78216],[-70.11465,43.78061]]],[[[-70.13144,43.79164],[-70.12343,43.79391],[-70.12221,43.79378],[-70.12492,43.79077],[-70.13083,43.79024],[-70.13144,43.79164]]],[[[-70.16028,43.74972],[-70.14554,43.76122],[-70.14697,43.76671],[-70.14554,43.77581],[-70.13179,43.77493],[-70.12653,43.77958],[-70.12441,43.77723],[-70.12724,43.77323],[-70.12236,43.77495],[-70.12035,43.77272],[-70.13081,43.77083],[-70.1339,43.76397],[-70.11536,43.76465],[-70.12843,43.75504],[-70.13509,43.75315],[-70.13818,43.75453],[-70.1415,43.74955],[-70.14697,43.74989],[-70.15183,43.74654],[-70.15363,43.75023],[-70.15746,43.74866],[-70.16028,43.74972]]],[[[-70.22775,43.79906],[-70.21897,43.80552],[-70.2218,43.80634],[-70.2183,43.81289],[-70.22045,43.81514],[-70.1891,43.83291],[-70.19451,43.83848],[-70.19103,43.83998],[-70.18599,43.83516],[-70.18323,43.83787],[-70.18798,43.84209],[-70.1866,43.84282],[-70.18191,43.83858],[-70.17391,43.84293],[-70.15252,43.82267],[-70.15349,43.81703],[-70.15093,43.81578],[-70.15337,43.81327],[-70.15177,43.80826],[-70.15489,43.80443],[-70.15344,43.80047],[-70.1488,43.79704],[-70.14469,43.79682],[-70.14219,43.78929],[-70.15416,43.78014],[-70.15327,43.77558],[-70.17602,43.76079],[-70.18048,43.76156],[-70.17549,43.77289],[-70.17544,43.77711],[-70.17829,43.77619],[-70.19278,43.78323],[-70.1952,43.78131],[-70.20209,43.78758],[-70.2096,43.78302],[-70.21252,43.78561],[-70.20501,43.79012],[-70.21511,43.79912],[-70.22282,43.79475],[-70.22775,43.79906]]]]}},{"type":"Feature","id":"04238","properties":{"zip":"04238","pop":null,"city":"","county":"Oxford","state":"Maine","area":14.91,"lat":44.20771,"lon":-70.37942},"geometry":{"type":"Polygon","coordinates":[[[-70.44114,44.20058],[-70.43123,44.20482],[-70.43459,44.2104],[-70.42254,44.21539],[-70.42455,44.21956],[-70.41497,44.22364],[-70.41991,44.23156],[-70.4115,44.23457],[-70.40317,44.23352],[-70.39156,44.23903],[-70.37985,44.2389],[-70.38562,44.24561],[-70.31449,44.23725],[-70.32522,44.2084],[-70.33409,44.21075],[-70.39173,44.15356],[-70.39581,44.1548],[-70.3994,44.16119],[-70.39974,44.16812],[-70.41302,44.17446],[-70.41628,44.18058],[-70.42557,44.18349],[-70.42772,44.18906],[-70.42433,44.19214],[-70.44114,44.20058]]]}},{"type":"Feature","id":"04614","properties":{"zip":"04614","pop":null,"city":"Blue Hill","county":"Hancock","state":"Maine","area":47.07,"lat":44.41809,"lon":-68.58224},"geometry":{"type":"MultiPolygon","coordinates":[[[[-68.53039,44.33358],[-68.52863,44.34461],[-68.52067,44.35836],[-68.52193,44.36759],[-68.51857,44.38102],[-68.5127,44.3848],[-68.50766,44.38522],[-68.50136,44.38228],[-68.49864,44.36969],[-68.49117,44.35587],[-68.48595,44.34057],[-68.48808,44.33241],[-68.48491,44.32802],[-68.47882,44.32493],[-68.47879,44.31956],[-68.49142,44.31178],[-68.50021,44.32323],[-68.52511,44.324],[-68.53348,44.32996],[-68.53039,44.33358]]],[[[-68.69667,44.4063],[-68.63037,44.50538],[-68.48649,44.44538],[-68.48928,44.43239],[-68.49355,44.43212],[-68.49522,44.42346],[-68.49969,44.41418],[-68.50556,44.41166],[-68.51661,44.4126],[-68.52778,44.39851],[-68.53452,44.39781],[-68.55509,44.40369],[-68.56096,44.40285],[-68.56516,44.39907],[-68.56642,44.39445],[-68.56474,44.38522],[-68.55844,44.37948],[-68.55929,44.37431],[-68.55005,44.37179],[-68.54543,44.355],[-68.55387,44.34626],[-68.5548,44.34113],[-68.56221,44.334],[-68.67928,44.41438],[-68.68495,44.40777],[-68.69164,44.40869],[-68.69386,44.40534],[-68.69667,44.4063]]]]}},{"type":"Feature","id":"03903","properties":{"zip":"03903","pop":null,"city":"South Eliot","county":"York","state":"Maine","area":15.6,"lat":43.14866,"lon":-70.78583},"geometry":{"type":"Polygon","coordinates":[[[-70.8338,43.14689],[-70.8291,43.15789],[-70.8283,43.16898],[-70.8235,43.17459],[-70.82482,43.17971],[-70.81033,43.18183],[-70.75447,43.19759],[-70.75743,43.1923],[-70.74479,43.15428],[-70.7332,43.14832],[-70.76945,43.10863],[-70.7744,43.10658],[-70.77469,43.10463],[-70.76517,43.09906],[-70.76784,43.0935],[-70.7791,43.09589],[-70.78388,43.10087],[-70.8268,43.12709],[-70.8338,43.14689]]]}},{"type":"Feature","id":"04630","properties":{"zip":"04630","pop":null,"city":"","county":"Washington","state":"Maine","area":70.42,"lat":44.84714,"lon":-67.4728},"geometry":{"type":"Polygon","coordinates":[[[-67.6118,44.97593],[-67.55264,44.99316],[-67.55285,44.98271],[-67.53886,44.96194],[-67.53012,44.95703],[-67.52397,44.94913],[-67.51511,44.94657],[-67.51217,44.94235],[-67.50883,44.94243],[-67.50783,44.93871],[-67.49236,44.92638],[-67.48115,44.92296],[-67.47643,44.91763],[-67.44815,44.92567],[-67.35672,44.75789],[-67.35175,44.75293],[-67.34957,44.74817],[-67.35076,44.74694],[-67.33819,44.7244],[-67.36092,44.72301],[-67.36084,44.72072],[-67.38422,44.7215],[-67.38466,44.71595],[-67.38984,44.71167],[-67.39809,44.71524],[-67.41137,44.71357],[-67.4298,44.71446],[-67.43444,44.74281],[-67.44526,44.74247],[-67.44553,44.74668],[-67.44878,44.74655],[-67.44896,44.74916],[-67.45245,44.74906],[-67.45391,44.76022],[-67.46391,44.76001],[-67.46558,44.76692],[-67.46888,44.76685],[-67.46916,44.77769],[-67.47322,44.77983],[-67.47327,44.78215],[-67.47672,44.78219],[-67.47682,44.78457],[-67.48133,44.78455],[-67.48145,44.78654],[-67.48651,44.78662],[-67.48649,44.78843],[-67.5181,44.80935],[-67.6118,44.97593]]]}},{"type":"Feature","id":"04240","properties":{"zip":"04240","pop":null,"city":"Lewiston","county":"Androscoggin","state":"Maine","area":25.64,"lat":44.09168,"lon":-70.16793},"geometry":{"type":"Polygon","coordinates":[[[-70.22426,44.09393],[-70.22236,44.1002],[-70.22329,44.10527],[-70.21726,44.11151],[-70.21643,44.11671],[-70.20255,44.13322],[-70.20088,44.13925],[-70.21075,44.15109],[-70.19975,44.16751],[-70.11525,44.12624],[-70.11875,44.11539],[-70.11622,44.10776],[-70.12679,44.06559],[-70.14308,44.02206],[-70.15856,44.00535],[-70.16588,44.00935],[-70.16715,44.01918],[-70.17531,44.02229],[-70.18078,44.02726],[-70.18759,44.04518],[-70.19943,44.05643],[-70.20238,44.06209],[-70.20725,44.06453],[-70.20758,44.07802],[-70.20905,44.08031],[-70.22207,44.08986],[-70.22426,44.09393]]]}},{"type":"Feature","id":"04416","properties":{"zip":"04416","pop":null,"city":"Bucksport","county":"Hancock","state":"Maine","area":45.82,"lat":44.62729,"lon":-68.75285},"geometry":{"type":"Polygon","coordinates":[[[-68.84753,44.6215],[-68.84546,44.62794],[-68.83433,44.64251],[-68.83163,44.65161],[-68.82242,44.66401],[-68.81211,44.66932],[-68.81579,44.68375],[-68.7978,44.68883],[-68.79289,44.68549],[-68.78598,44.68665],[-68.78512,44.67844],[-68.76634,44.67571],[-68.7719,44.66445],[-68.74395,44.66058],[-68.72689,44.69613],[-68.71387,44.70362],[-68.69093,44.72167],[-68.63794,44.66652],[-68.73288,44.58965],[-68.73667,44.58955],[-68.73861,44.58422],[-68.74173,44.58184],[-68.74626,44.58129],[-68.77329,44.56546],[-68.76796,44.55767],[-68.76384,44.53693],[-68.75448,44.53286],[-68.75414,44.52711],[-68.75872,44.51945],[-68.76145,44.50979],[-68.76939,44.50337],[-68.7798,44.49965],[-68.78566,44.51209],[-68.79422,44.52006],[-68.79731,44.52582],[-68.80234,44.52492],[-68.80355,44.52891],[-68.8033,44.54336],[-68.80609,44.55363],[-68.79827,44.5681],[-68.81159,44.57372],[-68.82362,44.59602],[-68.83005,44.60364],[-68.84476,44.61349],[-68.84753,44.6215]]]}},{"type":"Feature","id":"04472","properties":{"zip":"04472","pop":null,"city":"","county":"Hancock","state":"Maine","area":37.5,"lat":44.57333,"lon":-68.67744},"geometry":{"type":"Polygon","coordinates":[[[-68.77192,44.50206],[-68.75987,44.51184],[-68.75872,44.51945],[-68.75388,44.53063],[-68.75448,44.53286],[-68.76384,44.53693],[-68.76796,44.55767],[-68.77329,44.56546],[-68.74626,44.58129],[-68.74173,44.58184],[-68.73861,44.58422],[-68.73667,44.58955],[-68.73288,44.58965],[-68.65117,44.65577],[-68.62447,44.63871],[-68.63976,44.63668],[-68.57896,44.58159],[-68.60233,44.54761],[-68.76983,44.49982],[-68.76813,44.50106],[-68.76914,44.50292],[-68.77791,44.50009],[-68.77192,44.50206]],[[-68.67714,44.56762],[-68.66683,44.56248],[-68.66222,44.56155],[-68.66549,44.56579],[-68.67714,44.56762]]]}},{"type":"Feature","id":"04418","properties":{"zip":"04418","pop":null,"city":"","county":"Penobscot","state":"Maine","area":82.88,"lat":45.0757,"lon":-68.50731},"geometry":{"type":"Polygon","coordinates":[[[-68.66007,45.04685],[-68.65693,45.05393],[-68.65511,45.06625],[-68.66004,45.07652],[-68.64868,45.083],[-68.65496,45.09023],[-68.6559,45.09456],[-68.64773,45.09571],[-68.64272,45.09858],[-68.64445,45.10244],[-68.63751,45.11586],[-68.63265,45.11586],[-68.62462,45.11014],[-68.61863,45.11332],[-68.61343,45.12211],[-68.61707,45.13445],[-68.54055,45.14663],[-68.54276,45.1555],[-68.53069,45.15722],[-68.52687,45.15606],[-68.51745,45.14777],[-68.50759,45.15204],[-68.4934,45.14505],[-68.48931,45.14039],[-68.49007,45.14142],[-68.48332,45.14119],[-68.48302,45.14412],[-68.47607,45.14746],[-68.47437,45.15218],[-68.47634,45.15226],[-68.47728,45.15644],[-68.47246,45.16397],[-68.47333,45.16553],[-68.42103,45.1729],[-68.37589,44.99737],[-68.5011,44.98072],[-68.51669,45.03935],[-68.64514,45.02108],[-68.65967,45.04013],[-68.66007,45.04685]]]}},{"type":"Feature","id":"04862","properties":{"zip":"04862","pop":null,"city":"","county":"Knox","state":"Maine","area":48.61,"lat":44.2618,"lon":-69.27702},"geometry":{"type":"Polygon","coordinates":[[[-69.37289,44.214],[-69.3681,44.21763],[-69.36219,44.21632],[-69.36167,44.21976],[-69.35943,44.22107],[-69.36101,44.22478],[-69.35712,44.22716],[-69.34464,44.22574],[-69.34737,44.22772],[-69.34354,44.22917],[-69.3461,44.23118],[-69.34438,44.23252],[-69.34502,44.24193],[-69.34279,44.24263],[-69.34439,44.24285],[-69.34147,44.24486],[-69.33908,44.25069],[-69.33714,44.25063],[-69.33629,44.2554],[-69.33031,44.25549],[-69.32377,44.25944],[-69.32679,44.26378],[-69.33177,44.26554],[-69.33201,44.26973],[-69.33592,44.27118],[-69.33738,44.27477],[-69.33537,44.27549],[-69.33678,44.27819],[-69.32934,44.285],[-69.32838,44.28711],[-69.33015,44.29105],[-69.32749,44.29215],[-69.32766,44.29455],[-69.34662,44.30834],[-69.26888,44.36465],[-69.18758,44.30457],[-69.25495,44.24164],[-69.18536,44.19096],[-69.32153,44.1729],[-69.33767,44.20937],[-69.37217,44.2054],[-69.36944,44.2076],[-69.37245,44.20875],[-69.37289,44.214]]]}},{"type":"Feature","id":"04606","properties":{"zip":"04606","pop":null,"city":"","county":"Washington","state":"Maine","area":34.69,"lat":44.57717,"lon":-67.70295},"geometry":{"type":"MultiPolygon","coordinates":[[[[-67.66288,44.51461],[-67.65932,44.51597],[-67.6586,44.51309],[-67.66098,44.51156],[-67.66312,44.51258],[-67.66288,44.51461]]],[[[-67.66928,44.52438],[-67.665,44.53149],[-67.65858,44.53082],[-67.66334,44.52726],[-67.66524,44.52166],[-67.66761,44.52166],[-67.66928,44.52438]]],[[[-67.67379,44.49048],[-67.66429,44.49505],[-67.66286,44.49438],[-67.67189,44.48776],[-67.67379,44.49048]]],[[[-67.67668,44.47038],[-67.67265,44.47329],[-67.67379,44.46555],[-67.67522,44.46605],[-67.67668,44.47038]]],[[[-67.67688,44.463],[-67.66986,44.46352],[-67.66857,44.46266],[-67.66952,44.46063],[-67.67688,44.463]]],[[[-67.6776,44.48268],[-67.67379,44.48166],[-67.66619,44.48573],[-67.6639,44.48479],[-67.67055,44.48117],[-67.67317,44.47588],[-67.67623,44.47577],[-67.68039,44.48037],[-67.6776,44.48268]]],[[[-67.69875,44.48776],[-67.69305,44.48641],[-67.69265,44.48365],[-67.69858,44.48505],[-67.69994,44.48692],[-67.69875,44.48776]]],[[[-67.70864,44.46073],[-67.70435,44.4606],[-67.70493,44.45808],[-67.70683,44.4569],[-67.70864,44.46073]]],[[[-67.74085,44.47006],[-67.73417,44.46928],[-67.73226,44.46741],[-67.73321,44.46521],[-67.73773,44.463],[-67.74084,44.46641],[-67.74085,44.47006]]],[[[-67.74675,44.46524],[-67.74296,44.46521],[-67.7432,44.46351],[-67.7451,44.46232],[-67.74746,44.46377],[-67.74675,44.46524]]],[[[-67.7593,44.49835],[-67.75672,44.49775],[-67.75635,44.50284],[-67.753,44.50509],[-67.75155,44.49485],[-67.75581,44.49608],[-67.75722,44.49488],[-67.75983,44.49624],[-67.7593,44.49835]]],[[[-67.76649,44.53099],[-67.7596,44.53302],[-67.75888,44.53132],[-67.76221,44.52929],[-67.76649,44.53099]]],[[[-67.76601,44.53759],[-67.7634,44.53844],[-67.76126,44.53742],[-67.76387,44.53437],[-67.76744,44.53437],[-67.76601,44.53759]]],[[[-67.77271,44.62858],[-67.6656,44.64504],[-67.65839,44.63853],[-67.64972,44.63704],[-67.64608,44.63179],[-67.64696,44.62655],[-67.64504,44.61966],[-67.64077,44.61966],[-67.63954,44.61578],[-67.64394,44.61409],[-67.6425,44.6124],[-67.64428,44.61046],[-67.63726,44.60195],[-67.63718,44.59681],[-67.63485,44.59454],[-67.63575,44.59262],[-67.63291,44.59126],[-67.63408,44.58988],[-67.63264,44.58853],[-67.63417,44.58757],[-67.63471,44.58137],[-67.64057,44.58083],[-67.63953,44.57588],[-67.64438,44.57092],[-67.64674,44.56362],[-67.63992,44.54989],[-67.64499,44.53899],[-67.64477,44.53646],[-67.64013,44.53159],[-67.64577,44.52834],[-67.64553,44.52648],[-67.65312,44.52582],[-67.65644,44.53708],[-67.67308,44.53946],[-67.67688,44.53505],[-67.68188,44.5381],[-67.68806,44.53725],[-67.69067,44.53471],[-67.69635,44.5338],[-67.70265,44.52792],[-67.70199,44.52578],[-67.69851,44.52472],[-67.69899,44.51946],[-67.69519,44.51929],[-67.69827,44.51624],[-67.69804,44.50946],[-67.7061,44.5025],[-67.70493,44.4998],[-67.70921,44.49438],[-67.71308,44.49355],[-67.71867,44.49783],[-67.72288,44.49852],[-67.73399,44.49625],[-67.74335,44.49742],[-67.74279,44.50618],[-67.74008,44.50894],[-67.74214,44.51161],[-67.74438,44.53115],[-67.75175,44.53895],[-67.75484,44.54691],[-67.76222,44.54842],[-67.76259,44.55588],[-67.75374,44.5663],[-67.75715,44.57028],[-67.75521,44.5769],[-67.76055,44.58254],[-67.75967,44.58421],[-67.77271,44.62858]]]]}},{"type":"Feature","id":"04927","properties":{"zip":"04927","pop":null,"city":"Clinton","county":"Kennebec","state":"Maine","area":31.79,"lat":44.67009,"lon":-69.5358},"geometry":{"type":"Polygon","coordinates":[[[-69.63312,44.70037],[-69.4834,44.72027],[-69.47038,44.71816],[-69.4732,44.70874],[-69.46753,44.70799],[-69.47171,44.6929],[-69.47732,44.69206],[-69.4756,44.67668],[-69.44294,44.67238],[-69.44795,44.66217],[-69.45631,44.66158],[-69.46056,44.65561],[-69.45964,44.65122],[-69.46145,44.64848],[-69.45896,44.64491],[-69.46419,44.64313],[-69.45737,44.61643],[-69.58734,44.63408],[-69.60557,44.65105],[-69.61697,44.65629],[-69.62216,44.66552],[-69.62712,44.67014],[-69.6327,44.69066],[-69.63312,44.70037]]]}},{"type":"Feature","id":"04985","properties":{"zip":"04985","pop":null,"city":"","county":"Somerset","state":"Maine","area":141.58,"lat":45.37513,"lon":-69.87431},"geometry":{"type":"Polygon","coordinates":[[[-70.10794,45.41634],[-70.03172,45.42645],[-70.013,45.41122],[-70.00897,45.41147],[-69.99363,45.40257],[-69.99019,45.40232],[-69.98721,45.40652],[-69.98004,45.4077],[-69.97416,45.40393],[-69.9741,45.40142],[-69.96981,45.3979],[-69.97036,45.39397],[-69.95772,45.38703],[-69.95442,45.38848],[-69.9519,45.3983],[-69.94562,45.40766],[-69.94589,45.41226],[-69.94063,45.41869],[-69.93971,45.42254],[-69.94255,45.42932],[-69.94142,45.43042],[-69.93891,45.43236],[-69.93143,45.4314],[-69.92,45.43583],[-69.92006,45.43736],[-69.91772,45.43686],[-69.91389,45.44417],[-69.87968,45.449],[-69.8657,45.45895],[-69.86496,45.46032],[-69.86749,45.46055],[-69.87087,45.45842],[-69.86249,45.46389],[-69.8611,45.47125],[-69.85513,45.47754],[-69.85009,45.48812],[-69.85006,45.49454],[-69.85287,45.49649],[-69.84988,45.50953],[-69.8515,45.53083],[-69.78733,45.54017],[-69.77993,45.54277],[-69.70043,45.29246],[-69.91306,45.26338],[-69.91062,45.26476],[-69.91068,45.2675],[-69.91386,45.27057],[-69.9199,45.26896],[-69.92468,45.27112],[-69.93241,45.26584],[-69.93688,45.26001],[-69.99113,45.25214],[-69.99762,45.2661],[-69.99636,45.27613],[-69.99206,45.28461],[-69.9942,45.28923],[-69.99125,45.29925],[-69.98216,45.30644],[-69.98134,45.31059],[-69.98375,45.31716],[-69.98258,45.31977],[-69.96962,45.33129],[-69.97387,45.34155],[-69.9896,45.34956],[-70.00388,45.34999],[-70.01168,45.34403],[-70.02679,45.34329],[-70.03194,45.34014],[-70.06703,45.33934],[-70.07718,45.33138],[-70.08047,45.33083],[-70.10794,45.41634]]]}},{"type":"Feature","id":"04660","properties":{"zip":"04660","pop":null,"city":"","county":"Hancock","state":"Maine","area":25.25,"lat":44.34022,"lon":-68.33199},"geometry":{"type":"MultiPolygon","coordinates":[[[[-68.42147,44.33775],[-68.41702,44.33972],[-68.41717,44.34462],[-68.40987,44.35626],[-68.40609,44.35668],[-68.39655,44.36394],[-68.39552,44.36956],[-68.39716,44.37388],[-68.33123,44.37771],[-68.20191,44.32289],[-68.19726,44.30946],[-68.20239,44.30112],[-68.21474,44.296],[-68.21808,44.29874],[-68.21978,44.30432],[-68.22271,44.30518],[-68.22186,44.30873],[-68.22757,44.31709],[-68.23372,44.31593],[-68.23735,44.31174],[-68.24726,44.31349],[-68.24315,44.30665],[-68.24127,44.29629],[-68.24285,44.2959],[-68.24756,44.31073],[-68.25902,44.31049],[-68.25878,44.30712],[-68.26059,44.30705],[-68.26596,44.3127],[-68.26615,44.31865],[-68.2699,44.32407],[-68.27183,44.32302],[-68.27408,44.31232],[-68.27586,44.31108],[-68.28136,44.31428],[-68.28409,44.31345],[-68.28284,44.3161],[-68.28499,44.31922],[-68.28437,44.32491],[-68.28786,44.31797],[-68.29788,44.33988],[-68.30157,44.33968],[-68.30507,44.33125],[-68.30608,44.31751],[-68.30438,44.31312],[-68.30543,44.31074],[-68.30333,44.3102],[-68.30139,44.30146],[-68.30711,44.29978],[-68.30611,44.30212],[-68.3112,44.31143],[-68.31812,44.30821],[-68.35619,44.32209],[-68.36059,44.31867],[-68.39797,44.31419],[-68.39793,44.32991],[-68.40943,44.32741],[-68.40704,44.33717],[-68.40965,44.34057],[-68.41393,44.33904],[-68.41687,44.3334],[-68.42162,44.33611],[-68.42147,44.33775]]],[[[-68.45688,44.34429],[-68.45125,44.35247],[-68.45009,44.35732],[-68.44136,44.36165],[-68.4354,44.36972],[-68.42581,44.37201],[-68.42082,44.37524],[-68.42249,44.36776],[-68.41464,44.35722],[-68.42058,44.35009],[-68.42486,44.35332],[-68.42724,44.3506],[-68.4251,44.34686],[-68.42676,44.34414],[-68.4289,44.34533],[-68.43057,44.34295],[-68.42819,44.32901],[-68.43175,44.32425],[-68.43698,44.32374],[-68.44055,44.32119],[-68.44572,44.32492],[-68.44221,44.33666],[-68.44435,44.33955],[-68.45212,44.33617],[-68.45688,44.34429]]]]}},{"type":"Feature","id":"04485","properties":{"zip":"04485","pop":null,"city":"","county":"Piscataquis","state":"Maine","area":29.91,"lat":45.36178,"lon":-69.61541},"geometry":{"type":"Polygon","coordinates":[[[-69.72921,45.37918],[-69.53687,45.40997],[-69.51884,45.34453],[-69.58256,45.33547],[-69.57517,45.30959],[-69.59345,45.30711],[-69.59663,45.32205],[-69.60935,45.32708],[-69.61357,45.32421],[-69.62246,45.32246],[-69.62732,45.32469],[-69.64009,45.319],[-69.65776,45.32061],[-69.67833,45.31857],[-69.68682,45.31304],[-69.68768,45.31442],[-69.68507,45.31842],[-69.69168,45.3331],[-69.68979,45.33504],[-69.68943,45.33772],[-69.69155,45.33936],[-69.68774,45.34563],[-69.68851,45.35024],[-69.68661,45.35462],[-69.71176,45.35581],[-69.72023,45.36233],[-69.72081,45.36597],[-69.72536,45.3676],[-69.72921,45.37918]]]}},{"type":"Feature","id":"04861","properties":{"zip":"04861","pop":null,"city":"Thomaston","county":"Knox","state":"Maine","area":8.23,"lat":44.09285,"lon":-69.17467},"geometry":{"type":"Polygon","coordinates":[[[-69.21417,44.0809],[-69.21452,44.08411],[-69.20772,44.08464],[-69.21023,44.09087],[-69.20467,44.09762],[-69.20008,44.09935],[-69.19979,44.10356],[-69.19536,44.10688],[-69.18529,44.12774],[-69.15156,44.11933],[-69.15712,44.11443],[-69.14129,44.10943],[-69.14775,44.1025],[-69.14388,44.10115],[-69.14054,44.10381],[-69.13227,44.09837],[-69.13428,44.09436],[-69.13334,44.0906],[-69.13052,44.08563],[-69.12895,44.08608],[-69.13912,44.07822],[-69.17252,44.07425],[-69.17037,44.07038],[-69.18475,44.06251],[-69.19997,44.06367],[-69.19914,44.06475],[-69.21101,44.06889],[-69.21398,44.0748],[-69.21907,44.07858],[-69.21417,44.0809]]]}},{"type":"Feature","id":"04046","properties":{"zip":"04046","pop":null,"city":"Kennebunkport","county":"York","state":"Maine","area":33.47,"lat":43.42044,"lon":-70.49203},"geometry":{"type":"Polygon","coordinates":[[[-70.60725,43.45746],[-70.5695,43.49628],[-70.40546,43.41966],[-70.39299,43.42206],[-70.39034,43.41318],[-70.39745,43.40868],[-70.39912,43.40126],[-70.40756,43.40092],[-70.41144,43.39811],[-70.41648,43.39788],[-70.42128,43.39578],[-70.42767,43.38925],[-70.42514,43.38649],[-70.42442,43.37966],[-70.41846,43.37254],[-70.41631,43.36106],[-70.42853,43.35482],[-70.44568,43.35381],[-70.45001,43.35092],[-70.45119,43.3467],[-70.45698,43.34577],[-70.45963,43.34226],[-70.46261,43.3445],[-70.46579,43.34081],[-70.47249,43.34271],[-70.47583,43.34715],[-70.47388,43.34933],[-70.47407,43.35455],[-70.47963,43.3626],[-70.47931,43.37052],[-70.4884,43.37398],[-70.49436,43.37222],[-70.50544,43.37711],[-70.50524,43.37872],[-70.50784,43.37836],[-70.50733,43.38047],[-70.51716,43.38314],[-70.51551,43.38497],[-70.52277,43.39335],[-70.52438,43.39254],[-70.52498,43.39536],[-70.52251,43.39672],[-70.52703,43.4005],[-70.52636,43.40278],[-70.53547,43.40827],[-70.53816,43.41526],[-70.53614,43.41678],[-70.53748,43.41898],[-70.54509,43.42333],[-70.54172,43.42554],[-70.54325,43.42955],[-70.54948,43.43002],[-70.54966,43.43237],[-70.55344,43.43192],[-70.55395,43.43404],[-70.55606,43.4341],[-70.55414,43.43765],[-70.55844,43.43878],[-70.55531,43.44017],[-70.55816,43.44252],[-70.55763,43.44594],[-70.562,43.44874],[-70.56086,43.4494],[-70.56582,43.4502],[-70.56576,43.44873],[-70.57639,43.44656],[-70.58249,43.4522],[-70.59043,43.45227],[-70.59174,43.45646],[-70.60725,43.45746]]]}},{"type":"Feature","id":"04487","properties":{"zip":"04487","pop":null,"city":"","county":"Penobscot","state":"Maine","area":169.3,"lat":45.39385,"lon":-68.10051},"geometry":{"type":"Polygon","coordinates":[[[-68.26678,45.50993],[-68.16172,45.52562],[-68.16307,45.53008],[-68.12969,45.53626],[-68.13123,45.54026],[-68.13821,45.5426],[-68.13103,45.54952],[-68.12724,45.54531],[-68.11318,45.54559],[-68.1112,45.54738],[-68.10961,45.54466],[-68.11168,45.5442],[-68.11204,45.54143],[-68.10985,45.53859],[-68.02035,45.55329],[-67.95793,45.35325],[-67.96688,45.35188],[-67.93976,45.26785],[-68.18069,45.23717],[-68.26678,45.50993]]]}},{"type":"Feature","id":"04349","properties":{"zip":"04349","pop":null,"city":"","county":"Kennebec","state":"Maine","area":22.49,"lat":44.4374,"lon":-70.07018},"geometry":{"type":"Polygon","coordinates":[[[-70.12939,44.48722],[-70.04235,44.48524],[-70.04196,44.47968],[-70.03741,44.48798],[-70.03235,44.48989],[-70.03078,44.48819],[-70.03069,44.47651],[-70.03529,44.45952],[-70.0338,44.45844],[-70.03423,44.4605],[-70.02893,44.46574],[-70.02308,44.46569],[-70.02125,44.4682],[-70.01582,44.46362],[-70.02519,44.4445],[-70.0306,44.42662],[-70.01682,44.42444],[-70.01698,44.41837],[-70.01896,44.41536],[-70.01766,44.39932],[-70.02192,44.39113],[-70.09946,44.3801],[-70.12939,44.48722]]]}},{"type":"Feature","id":"03905","properties":{"zip":"03905","pop":null,"city":"Kittery Point","county":"York","state":"Maine","area":6.35,"lat":43.08493,"lon":-70.68446},"geometry":{"type":"MultiPolygon","coordinates":[[[[-70.61725,42.99202],[-70.61243,42.99181],[-70.60135,42.98108],[-70.60783,42.97776],[-70.61852,42.98566],[-70.61725,42.99202]]],[[[-70.71884,43.0833],[-70.7189,43.09049],[-70.71248,43.09181],[-70.7123,43.0938],[-70.71764,43.09603],[-70.71363,43.10105],[-70.70928,43.1014],[-70.7003,43.11299],[-70.6955,43.11106],[-70.68205,43.12083],[-70.67036,43.11391],[-70.67,43.11043],[-70.6617,43.104],[-70.66241,43.10117],[-70.65491,43.09925],[-70.65622,43.09316],[-70.66297,43.08835],[-70.66005,43.08573],[-70.66535,43.08332],[-70.66596,43.07623],[-70.67311,43.07031],[-70.70382,43.05982],[-70.7065,43.07533],[-70.7203,43.07467],[-70.71884,43.0833]]]]}},{"type":"Feature","id":"04681","properties":{"zip":"04681","pop":null,"city":"","county":"Hancock","state":"Maine","area":8.73,"lat":44.16682,"lon":-68.65663},"geometry":{"type":"MultiPolygon","coordinates":[[[[-68.58858,44.14694],[-68.58245,44.14954],[-68.57866,44.14819],[-68.57888,44.14604],[-68.58506,44.14245],[-68.58858,44.14694]]],[[[-68.59855,44.14595],[-68.59528,44.14638],[-68.59338,44.14518],[-68.59504,44.14228],[-68.59855,44.14595]]],[[[-68.6055,44.17877],[-68.59671,44.17758],[-68.59682,44.17556],[-68.60693,44.17605],[-68.6055,44.17877]]],[[[-68.61025,44.14314],[-68.60241,44.14211],[-68.60146,44.1387],[-68.6055,44.13546],[-68.60859,44.13717],[-68.61144,44.14194],[-68.61025,44.14314]]],[[[-68.62119,44.15064],[-68.61738,44.15644],[-68.61334,44.15763],[-68.61199,44.14956],[-68.60956,44.1482],[-68.61762,44.14535],[-68.62142,44.14723],[-68.62119,44.15064]]],[[[-68.62166,44.14245],[-68.61762,44.14228],[-68.61714,44.13665],[-68.62356,44.14058],[-68.62166,44.14245]]],[[[-68.62736,44.12523],[-68.62071,44.12642],[-68.61881,44.13034],[-68.60811,44.12864],[-68.61501,44.12045],[-68.61898,44.11955],[-68.6231,44.11941],[-68.62974,44.12318],[-68.62736,44.12523]]],[[[-68.6345,44.13768],[-68.62689,44.13529],[-68.62689,44.13376],[-68.6345,44.13614],[-68.6345,44.13768]]],[[[-68.63497,44.15132],[-68.63093,44.15286],[-68.62665,44.15149],[-68.6238,44.14791],[-68.62879,44.14774],[-68.63378,44.14501],[-68.63497,44.15132]]],[[[-68.63996,44.12812],[-68.63378,44.13],[-68.62974,44.12881],[-68.63331,44.12539],[-68.63983,44.1236],[-68.63996,44.12812]]],[[[-68.64757,44.13392],[-68.64472,44.13597],[-68.64115,44.13546],[-68.64448,44.13103],[-68.64709,44.13051],[-68.64757,44.13392]]],[[[-68.64971,44.14876],[-68.64781,44.15201],[-68.64068,44.15269],[-68.644,44.14859],[-68.64971,44.14876]]],[[[-68.65541,44.14587],[-68.64852,44.14552],[-68.64899,44.14297],[-68.65256,44.14109],[-68.65541,44.14587]]],[[[-68.65789,44.12889],[-68.65137,44.12966],[-68.65042,44.12812],[-68.65161,44.12642],[-68.65763,44.12706],[-68.65789,44.12889]]],[[[-68.70918,44.16737],[-68.70441,44.17746],[-68.69738,44.184],[-68.68429,44.18829],[-68.68176,44.18432],[-68.6769,44.18576],[-68.67302,44.18127],[-68.6697,44.18151],[-68.65995,44.1886],[-68.65105,44.19197],[-68.64223,44.20009],[-68.61943,44.19676],[-68.61358,44.18431],[-68.61453,44.1809],[-68.62792,44.16969],[-68.64329,44.1734],[-68.64638,44.1659],[-68.63854,44.16556],[-68.63806,44.163],[-68.64139,44.15789],[-68.66801,44.15226],[-68.66624,44.13495],[-68.6819,44.13821],[-68.68726,44.15229],[-68.69729,44.15542],[-68.69815,44.1581],[-68.70906,44.15742],[-68.70461,44.1642],[-68.70918,44.16737]]]]}},{"type":"Feature","id":"04107","properties":{"zip":"04107","pop":null,"city":"","county":"Cumberland","state":"Maine","area":11.13,"lat":43.58916,"lon":-70.23832},"geometry":{"type":"MultiPolygon","coordinates":[[[[-70.238,43.54729],[-70.2244,43.5472],[-70.22932,43.54391],[-70.22633,43.5422],[-70.22784,43.53826],[-70.23467,43.5373],[-70.2455,43.53963],[-70.238,43.54729]]],[[[-70.27578,43.60309],[-70.27615,43.60539],[-70.27177,43.60994],[-70.26822,43.6091],[-70.26634,43.61131],[-70.26634,43.61339],[-70.26965,43.6152],[-70.26582,43.61862],[-70.26154,43.61796],[-70.25843,43.62165],[-70.25194,43.61853],[-70.24094,43.62889],[-70.23315,43.63339],[-70.22655,43.63523],[-70.2217,43.63411],[-70.21875,43.6289],[-70.21471,43.62838],[-70.20749,43.62348],[-70.20996,43.61324],[-70.21349,43.60922],[-70.21447,43.60216],[-70.21749,43.59709],[-70.2145,43.59565],[-70.21628,43.59271],[-70.21485,43.59015],[-70.20307,43.58629],[-70.20405,43.5817],[-70.20778,43.57823],[-70.20656,43.57496],[-70.20291,43.5745],[-70.19691,43.56515],[-70.20612,43.55763],[-70.21678,43.55687],[-70.21978,43.56215],[-70.22338,43.56403],[-70.23196,43.56112],[-70.24433,43.55185],[-70.26417,43.55318],[-70.26988,43.55773],[-70.26938,43.56125],[-70.27374,43.5688],[-70.27039,43.57505],[-70.25475,43.58426],[-70.25882,43.58704],[-70.25744,43.58792],[-70.26263,43.5884],[-70.26692,43.59134],[-70.2729,43.59066],[-70.27349,43.59363],[-70.28108,43.59749],[-70.27578,43.60309]]]]}},{"type":"Feature","id":"04739","properties":{"zip":"04739","pop":null,"city":"Eagle Lake","county":"Aroostook","state":"Maine","area":141.84,"lat":46.97157,"lon":-68.61053},"geometry":{"type":"Polygon","coordinates":[[[-68.82369,46.87098],[-68.81735,46.86547],[-68.80369,46.86033],[-68.79359,46.86757],[-68.78892,46.87338],[-68.78216,46.87281],[-68.78074,46.87762],[-68.77159,46.88045],[-68.77095,46.88498],[-68.77368,46.88667],[-68.77148,46.89156],[-68.76658,46.89394],[-68.76814,46.89718],[-68.75917,46.8996],[-68.75473,46.90431],[-68.74592,46.90861],[-68.73155,46.91071],[-68.71918,46.91801],[-68.71621,46.92292],[-68.71168,46.92519],[-68.69557,46.92689],[-68.69751,47.10256],[-68.44458,47.10639],[-68.44326,46.98934],[-68.46231,46.9878],[-68.45779,46.97998],[-68.45718,46.97456],[-68.45899,46.96939],[-68.45618,46.96298],[-68.46056,46.95479],[-68.47416,46.94961],[-68.48405,46.95042],[-68.49466,46.94409],[-68.48186,46.92572],[-68.49178,46.92385],[-68.49236,46.9137],[-68.4893,46.90307],[-68.49175,46.90085],[-68.51398,46.89659],[-68.52233,46.89118],[-68.52545,46.89421],[-68.56286,46.90804],[-68.56246,46.87707],[-68.56433,46.88771],[-68.56989,46.88974],[-68.59356,46.89628],[-68.62157,46.89749],[-68.62597,46.89443],[-68.62281,46.88694],[-68.62096,46.8743],[-68.62499,46.86527],[-68.63015,46.86071],[-68.6461,46.86682],[-68.66394,46.86688],[-68.66804,46.86525],[-68.66749,46.86284],[-68.6614,46.85431],[-68.65893,46.85365],[-68.65764,46.8456],[-68.6662,46.84248],[-68.67799,46.8447],[-68.68582,46.84134],[-68.69245,46.84188],[-68.69486,46.83874],[-68.69469,46.80954],[-68.70616,46.80917],[-68.72371,46.80164],[-68.78347,46.78599],[-68.79176,46.78709],[-68.8031,46.79562],[-68.79455,46.80533],[-68.79424,46.81477],[-68.79078,46.827],[-68.79913,46.83834],[-68.81166,46.83873],[-68.81184,46.84987],[-68.81569,46.85144],[-68.81782,46.85043],[-68.82401,46.85421],[-68.82369,46.87098]]]}},{"type":"Feature","id":"04217","properties":{"zip":"04217","pop":null,"city":"","county":"Oxford","state":"Maine","area":133.7,"lat":44.3673,"lon":-70.83376},"geometry":{"type":"Polygon","coordinates":[[[-71.01746,44.41517],[-70.8988,44.42762],[-70.89125,44.41795],[-70.78802,44.48663],[-70.77219,44.48723],[-70.76547,44.48484],[-70.747,44.48423],[-70.72082,44.47818],[-70.70627,44.48049],[-70.70219,44.4782],[-70.69131,44.49699],[-70.68644,44.4981],[-70.6762,44.48318],[-70.66892,44.46962],[-70.6697,44.46762],[-70.65475,44.44871],[-70.65974,44.44051],[-70.65639,44.42499],[-70.74742,44.38855],[-70.75173,44.37947],[-70.7474,44.37143],[-70.7357,44.3677],[-70.73029,44.36269],[-70.71948,44.35782],[-70.71578,44.35296],[-70.70925,44.35042],[-70.70632,44.3471],[-70.70558,44.34096],[-70.70122,44.33668],[-70.70509,44.33474],[-70.70535,44.33016],[-70.71538,44.33026],[-70.71778,44.3318],[-70.72305,44.32982],[-70.68563,44.28051],[-70.745,44.24866],[-70.74916,44.25297],[-70.76479,44.24501],[-70.78543,44.23358],[-70.78146,44.22951],[-70.78652,44.22704],[-70.78809,44.22906],[-70.78689,44.22969],[-70.84522,44.30113],[-70.89766,44.3095],[-70.94949,44.29481],[-70.95934,44.28983],[-70.97645,44.268],[-70.97434,44.25791],[-70.9779,44.25762],[-70.97988,44.27536],[-70.98613,44.27356],[-70.99813,44.26356],[-71.00622,44.26342],[-71.00699,44.26693],[-71.00915,44.26589],[-71.01746,44.41517]],[[-70.86147,44.40247],[-70.86115,44.40202],[-70.85814,44.40433],[-70.86193,44.40276],[-70.86147,44.40247]]]}},{"type":"Feature","id":"04575","properties":{"zip":"04575","pop":null,"city":"","county":"Lincoln","state":"Maine","area":1.63,"lat":43.85373,"lon":-69.65931},"geometry":{"type":"Polygon","coordinates":[[[-69.68653,43.87058],[-69.68398,43.8672],[-69.67595,43.86455],[-69.66431,43.86565],[-69.66373,43.85915],[-69.65931,43.85249],[-69.65165,43.85534],[-69.64691,43.86555],[-69.64294,43.86573],[-69.64175,43.85026],[-69.63854,43.84828],[-69.63587,43.85492],[-69.63635,43.84784],[-69.63881,43.84784],[-69.64143,43.8391],[-69.6499,43.83571],[-69.65743,43.84618],[-69.66867,43.85233],[-69.6808,43.85387],[-69.6802,43.85645],[-69.68541,43.85986],[-69.68748,43.8677],[-69.68653,43.87058]]]}},{"type":"Feature","id":"04442","properties":{"zip":"04442","pop":null,"city":"","county":"Piscataquis","state":"Maine","area":51.92,"lat":45.47436,"lon":-69.69533},"geometry":{"type":"Polygon","coordinates":[[[-69.77993,45.54277],[-69.77326,45.54558],[-69.77533,45.54939],[-69.77437,45.55385],[-69.75907,45.55461],[-69.73135,45.56702],[-69.7281,45.57032],[-69.72325,45.58192],[-69.71731,45.58481],[-69.71276,45.58585],[-69.70989,45.58288],[-69.70478,45.58561],[-69.70409,45.58419],[-69.69902,45.58933],[-69.69377,45.59038],[-69.68397,45.587],[-69.68469,45.58215],[-69.6803,45.58074],[-69.68238,45.57628],[-69.68687,45.57754],[-69.68508,45.57159],[-69.68762,45.57049],[-69.68951,45.56643],[-69.69429,45.56496],[-69.69702,45.55922],[-69.68397,45.5534],[-69.67806,45.5322],[-69.66358,45.5234],[-69.65965,45.51729],[-69.65315,45.5145],[-69.6549,45.51434],[-69.65344,45.51224],[-69.65468,45.51137],[-69.65962,45.51201],[-69.65676,45.50924],[-69.6597,45.50834],[-69.65731,45.50655],[-69.65881,45.5038],[-69.65019,45.50849],[-69.65173,45.50065],[-69.64253,45.50275],[-69.62927,45.49681],[-69.62718,45.50313],[-69.61915,45.50253],[-69.61915,45.49857],[-69.61021,45.49702],[-69.61063,45.49274],[-69.61232,45.4951],[-69.61352,45.49242],[-69.61775,45.49212],[-69.62103,45.4937],[-69.62048,45.49534],[-69.62404,45.49502],[-69.62791,45.48549],[-69.62613,45.47689],[-69.62085,45.47587],[-69.62029,45.4699],[-69.62429,45.4692],[-69.60192,45.40056],[-69.72921,45.37918],[-69.77993,45.54277]]]}},{"type":"Feature","id":"04227","properties":{"zip":"04227","pop":null,"city":"","county":"Oxford","state":"Maine","area":0.09,"lat":44.5687,"lon":-70.2947},"geometry":{"type":"Polygon","coordinates":[[[-70.30483,44.57344],[-70.29842,44.57244],[-70.28508,44.56483],[-70.29762,44.56711],[-70.29862,44.57098],[-70.30483,44.57344]]]}},{"type":"Feature","id":"04556","properties":{"zip":"04556","pop":null,"city":"","county":"Lincoln","state":"Maine","area":15.1,"lat":43.96886,"lon":-69.62303},"geometry":{"type":"Polygon","coordinates":[[[-69.67403,43.92737],[-69.67409,43.94193],[-69.66799,43.95316],[-69.66628,43.96091],[-69.66738,43.96534],[-69.65329,43.99015],[-69.66357,43.99208],[-69.65798,44.00089],[-69.64128,44.01115],[-69.63783,44.01711],[-69.56296,43.97977],[-69.56893,43.97094],[-69.57323,43.96874],[-69.57377,43.96231],[-69.57149,43.95817],[-69.57936,43.9514],[-69.58436,43.94065],[-69.58489,43.93311],[-69.59559,43.93617],[-69.6346,43.94131],[-69.63733,43.93555],[-69.65075,43.93496],[-69.65791,43.92978],[-69.67291,43.92448],[-69.67462,43.92551],[-69.67403,43.92737]]]}},{"type":"Feature","id":"04491","properties":{"zip":"04491","pop":null,"city":"Vanceboro","county":"Washington","state":"Maine","area":26.5,"lat":45.56699,"lon":-67.51349},"geometry":{"type":"Polygon","coordinates":[[[-67.6085,45.6062],[-67.58977,45.60677],[-67.58334,45.60249],[-67.56136,45.59491],[-67.55693,45.59507],[-67.55634,45.59726],[-67.54601,45.59736],[-67.51858,45.58792],[-67.49944,45.58701],[-67.48845,45.59464],[-67.48902,45.59694],[-67.49351,45.59882],[-67.49389,45.60118],[-67.4767,45.60416],[-67.47242,45.60058],[-67.45541,45.60466],[-67.44967,45.60286],[-67.4475,45.59702],[-67.42545,45.57909],[-67.42365,45.57215],[-67.42836,45.56891],[-67.4266,45.5606],[-67.42214,45.55657],[-67.42098,45.55003],[-67.42369,45.5472],[-67.4254,45.5408],[-67.43224,45.54102],[-67.43504,45.52878],[-67.43189,45.52359],[-67.43221,45.52],[-67.42658,45.51771],[-67.42582,45.51453],[-67.42054,45.51111],[-67.41646,45.50215],[-67.41863,45.50165],[-67.42265,45.50586],[-67.42507,45.50417],[-67.53512,45.55466],[-67.60775,45.54392],[-67.62658,45.61802],[-67.6085,45.6062]]]}},{"type":"Feature","id":"04658","properties":{"zip":"04658","pop":null,"city":"Milbridge","county":"Washington","state":"Maine","area":19.09,"lat":44.53891,"lon":-67.87236},"geometry":{"type":"MultiPolygon","coordinates":[[[[-67.83946,44.54437],[-67.83732,44.54606],[-67.83803,44.55131],[-67.83613,44.55216],[-67.83423,44.54793],[-67.82591,44.54945],[-67.82591,44.54505],[-67.83898,44.54234],[-67.83946,44.54437]]],[[[-67.84207,44.46232],[-67.83816,44.46418],[-67.83404,44.46086],[-67.83063,44.45665],[-67.83273,44.45319],[-67.83848,44.45095],[-67.84207,44.46232]]],[[[-67.85396,44.45079],[-67.84991,44.45299],[-67.84516,44.44977],[-67.84611,44.44756],[-67.85396,44.44807],[-67.85562,44.44977],[-67.85396,44.45079]]],[[[-67.87558,44.4457],[-67.86941,44.45672],[-67.86299,44.45452],[-67.86394,44.4479],[-67.8589,44.44516],[-67.85776,44.43501],[-67.85395,44.43414],[-67.85063,44.42397],[-67.85396,44.42312],[-67.85514,44.41871],[-67.85942,44.41905],[-67.86013,44.42278],[-67.86322,44.42346],[-67.86608,44.42296],[-67.86394,44.41871],[-67.86893,44.42041],[-67.86964,44.42652],[-67.87606,44.44044],[-67.87558,44.4457]]],[[[-67.91426,44.59977],[-67.87631,44.61126],[-67.87317,44.60294],[-67.86929,44.59869],[-67.85707,44.59563],[-67.85593,44.59061],[-67.85205,44.58933],[-67.85086,44.58527],[-67.84811,44.5845],[-67.84802,44.58278],[-67.85117,44.58183],[-67.85096,44.57935],[-67.84462,44.57668],[-67.83705,44.5697],[-67.82366,44.56686],[-67.80675,44.55821],[-67.80947,44.54258],[-67.81807,44.54149],[-67.82258,44.54352],[-67.82021,44.54962],[-67.829,44.55453],[-67.82924,44.55911],[-67.8397,44.56283],[-67.84778,44.563],[-67.85087,44.55758],[-67.85015,44.5547],[-67.84635,44.55419],[-67.84207,44.54403],[-67.85134,44.5359],[-67.84849,44.5337],[-67.8511,44.52878],[-67.8656,44.52607],[-67.86513,44.52302],[-67.85847,44.51929],[-67.85513,44.50997],[-67.85205,44.50709],[-67.85253,44.4976],[-67.84968,44.49573],[-67.85165,44.4849],[-67.85558,44.47868],[-67.86099,44.47758],[-67.86132,44.47352],[-67.8668,44.47181],[-67.86679,44.46673],[-67.86869,44.46504],[-67.87392,44.47097],[-67.8782,44.48081],[-67.88176,44.48437],[-67.88731,44.48352],[-67.88904,44.4868],[-67.88296,44.48823],[-67.88469,44.49405],[-67.88232,44.49875],[-67.88687,44.4957],[-67.89319,44.49472],[-67.91823,44.59866],[-67.91426,44.59977]]],[[[-67.82586,44.44282],[-67.82409,44.44564],[-67.82114,44.44543],[-67.82173,44.44219],[-67.82414,44.44113],[-67.82586,44.44282]]]]}},{"type":"Feature","id":"04572","properties":{"zip":"04572","pop":null,"city":"Waldoboro","county":"Lincoln","state":"Maine","area":56.62,"lat":44.10989,"lon":-69.36961},"geometry":{"type":"Polygon","coordinates":[[[-69.44968,44.06062],[-69.44658,44.06448],[-69.44788,44.07599],[-69.44545,44.07783],[-69.4458,44.08115],[-69.4426,44.08466],[-69.43926,44.09435],[-69.43546,44.09548],[-69.44348,44.11963],[-69.41609,44.21226],[-69.37217,44.2054],[-69.33767,44.20937],[-69.30366,44.13268],[-69.3115,44.09549],[-69.30638,44.09408],[-69.30384,44.09649],[-69.28203,44.06452],[-69.28227,44.05258],[-69.29803,44.05899],[-69.29962,44.05756],[-69.30068,44.05392],[-69.29719,44.05291],[-69.29924,44.04995],[-69.29822,44.04735],[-69.30966,44.045],[-69.31391,44.03965],[-69.31861,44.03721],[-69.32038,44.03341],[-69.31847,44.03151],[-69.31906,44.02658],[-69.32486,44.02159],[-69.32839,44.01354],[-69.32725,44.00946],[-69.32904,44.00836],[-69.32646,44.00745],[-69.33466,44.00468],[-69.338,44.01141],[-69.3427,44.01391],[-69.3458,44.01875],[-69.35433,44.0145],[-69.35723,44.01095],[-69.36881,44.0141],[-69.37684,44.01026],[-69.38249,44.00987],[-69.39855,44.02655],[-69.40434,44.02811],[-69.40501,44.03818],[-69.40807,44.04004],[-69.40782,44.04576],[-69.40591,44.04767],[-69.43759,44.06341],[-69.44852,44.05704],[-69.44968,44.06062]]]}},{"type":"Feature","id":"04568","properties":{"zip":"04568","pop":null,"city":"","county":"Lincoln","state":"Maine","area":7.88,"lat":43.89645,"lon":-69.56145},"geometry":{"type":"Polygon","coordinates":[[[-69.58489,43.93311],[-69.58436,43.94065],[-69.57936,43.9514],[-69.57149,43.95817],[-69.57377,43.96231],[-69.57323,43.96874],[-69.56893,43.97094],[-69.56296,43.97977],[-69.55267,43.98746],[-69.54712,43.99525],[-69.5396,43.99195],[-69.54118,43.99042],[-69.54644,43.99155],[-69.54748,43.987],[-69.55402,43.98357],[-69.55632,43.98028],[-69.5544,43.98022],[-69.56354,43.96961],[-69.56403,43.96612],[-69.56956,43.96821],[-69.57194,43.96236],[-69.56455,43.96119],[-69.56473,43.95982],[-69.56788,43.95563],[-69.57499,43.95348],[-69.57717,43.94504],[-69.58049,43.94085],[-69.58098,43.93533],[-69.57836,43.93463],[-69.57258,43.93818],[-69.5706,43.93616],[-69.57603,43.93493],[-69.57877,43.93124],[-69.57791,43.92959],[-69.57336,43.93227],[-69.56926,43.93001],[-69.56966,43.9286],[-69.56696,43.93067],[-69.54387,43.92703],[-69.54406,43.92472],[-69.54124,43.92415],[-69.5448,43.90705],[-69.54191,43.91134],[-69.5406,43.90752],[-69.5354,43.90776],[-69.53574,43.90339],[-69.54023,43.90111],[-69.54286,43.89556],[-69.54379,43.88158],[-69.55091,43.87797],[-69.55062,43.87258],[-69.54503,43.86124],[-69.54894,43.84461],[-69.55134,43.84133],[-69.55029,43.83827],[-69.5517,43.83463],[-69.55581,43.83269],[-69.55812,43.84066],[-69.57148,43.84413],[-69.56885,43.8591],[-69.57937,43.86892],[-69.58373,43.87716],[-69.58438,43.88587],[-69.58012,43.89234],[-69.57993,43.89606],[-69.57268,43.90526],[-69.57073,43.91685],[-69.57823,43.92666],[-69.58472,43.92743],[-69.58489,43.93311]]]}},{"type":"Feature","id":"04563","properties":{"zip":"04563","pop":null,"city":"","county":"Knox","state":"Maine","area":17.44,"lat":44.01519,"lon":-69.25649},"geometry":{"type":"Polygon","coordinates":[[[-69.3215,43.97166],[-69.31656,43.97561],[-69.30964,43.98626],[-69.30051,43.99133],[-69.28436,44.0162],[-69.27669,44.02048],[-69.28184,44.02253],[-69.28222,44.05477],[-69.20588,44.06586],[-69.19914,44.06475],[-69.19997,44.06367],[-69.18475,44.06251],[-69.18582,44.05794],[-69.1892,44.05471],[-69.18868,44.05221],[-69.19302,44.04807],[-69.20181,44.03058],[-69.21018,44.02424],[-69.21075,44.02034],[-69.22785,44.00694],[-69.23454,44.00553],[-69.23513,44.00029],[-69.24949,43.99047],[-69.28256,43.9581],[-69.28851,43.95766],[-69.29465,43.95163],[-69.30778,43.94345],[-69.31747,43.94051],[-69.31975,43.94487],[-69.30518,43.95668],[-69.3043,43.96207],[-69.31367,43.96138],[-69.31319,43.96463],[-69.32177,43.96897],[-69.3215,43.97166]]]}},{"type":"Feature","id":"04613","properties":{"zip":"04613","pop":null,"city":"","county":"Hancock","state":"Maine","area":1.13,"lat":44.37458,"lon":-68.03566},"geometry":{"type":"Polygon","coordinates":[[[-68.05149,44.38977],[-68.04003,44.38944],[-68.03596,44.38173],[-68.02496,44.38143],[-68.02183,44.37871],[-68.02561,44.3759],[-68.02509,44.37201],[-68.02794,44.36759],[-68.02485,44.36266],[-68.02546,44.35661],[-68.02872,44.35595],[-68.03483,44.363],[-68.04054,44.36468],[-68.04276,44.37318],[-68.04665,44.38147],[-68.04841,44.38127],[-68.05149,44.38977]]]}},{"type":"Feature","id":"04859","properties":{"zip":"04859","pop":null,"city":"","county":"Knox","state":"Maine","area":4.46,"lat":44.00076,"lon":-69.16118},"geometry":{"type":"Polygon","coordinates":[[[-69.19191,43.99056],[-69.18856,43.9985],[-69.18953,44.0044],[-69.1852,44.01398],[-69.18099,44.01207],[-69.17991,44.01659],[-69.16914,44.01484],[-69.16619,44.02382],[-69.16292,44.02304],[-69.16159,44.02758],[-69.15598,44.03298],[-69.14997,44.01126],[-69.14245,44.01281],[-69.1282,44.01044],[-69.1308,44.01023],[-69.12861,44.00883],[-69.12954,44.0028],[-69.1322,44.00328],[-69.136,44.00055],[-69.13529,43.99696],[-69.1417,43.99012],[-69.14194,43.98653],[-69.12697,43.98276],[-69.1235,43.97901],[-69.13154,43.97609],[-69.14408,43.97951],[-69.1491,43.98584],[-69.14907,43.99166],[-69.15359,43.99217],[-69.15644,43.98738],[-69.16069,43.98917],[-69.16256,43.999],[-69.17725,43.98557],[-69.17498,43.97695],[-69.17948,43.97596],[-69.18663,43.98023],[-69.19184,43.98511],[-69.19191,43.99056]]]}},{"type":"Feature","id":"04093","properties":{"zip":"04093","pop":null,"city":"","county":"York","state":"Maine","area":29.76,"lat":43.64286,"lon":-70.5377},"geometry":{"type":"Polygon","coordinates":[[[-70.61207,43.6871],[-70.60564,43.6877],[-70.59534,43.6972],[-70.5774,43.68718],[-70.54997,43.7158],[-70.45774,43.64237],[-70.54765,43.55],[-70.54812,43.55235],[-70.54348,43.55881],[-70.54892,43.56239],[-70.55158,43.56788],[-70.55771,43.57042],[-70.56049,43.57381],[-70.55564,43.58209],[-70.55541,43.58455],[-70.55827,43.58613],[-70.55367,43.59036],[-70.5552,43.60384],[-70.55163,43.61258],[-70.56514,43.61605],[-70.57473,43.61633],[-70.59147,43.62736],[-70.59229,43.63798],[-70.59641,43.64572],[-70.59861,43.66152],[-70.60728,43.67283],[-70.60603,43.67687],[-70.60732,43.68035],[-70.61157,43.68298],[-70.61207,43.6871]]]}},{"type":"Feature","id":"04564","properties":{"zip":"04564","pop":null,"city":"","county":"Lincoln","state":"Maine","area":5.73,"lat":43.93136,"lon":-69.46769},"geometry":{"type":"Polygon","coordinates":[[[-69.49698,43.91273],[-69.49249,43.91604],[-69.49365,43.91819],[-69.48801,43.9218],[-69.49078,43.92521],[-69.47854,43.93614],[-69.47302,43.93348],[-69.46351,43.93905],[-69.46393,43.94259],[-69.47555,43.94827],[-69.46865,43.94899],[-69.47276,43.95096],[-69.47207,43.95305],[-69.47394,43.95532],[-69.4724,43.96919],[-69.46481,43.97803],[-69.44264,43.96805],[-69.4416,43.96425],[-69.45107,43.94196],[-69.45033,43.93623],[-69.45556,43.92476],[-69.45964,43.90332],[-69.47553,43.884],[-69.4829,43.88056],[-69.47953,43.88418],[-69.47699,43.89179],[-69.48411,43.8919],[-69.48925,43.90361],[-69.48682,43.90391],[-69.4874,43.90811],[-69.49337,43.90738],[-69.49698,43.91273]]]}},{"type":"Feature","id":"04538","properties":{"zip":"04538","pop":null,"city":"Boothbay Harbor","county":"Lincoln","state":"Maine","area":3.46,"lat":43.85639,"lon":-69.62802},"geometry":{"type":"Polygon","coordinates":[[[-69.66431,43.86565],[-69.63956,43.87308],[-69.60219,43.86912],[-69.60057,43.85836],[-69.60462,43.858],[-69.60696,43.84767],[-69.61766,43.84527],[-69.61307,43.83745],[-69.61671,43.82899],[-69.62109,43.82681],[-69.62907,43.8331],[-69.63027,43.83702],[-69.62968,43.84343],[-69.62503,43.84613],[-69.62717,43.84887],[-69.63635,43.84784],[-69.63587,43.85492],[-69.63854,43.84828],[-69.64175,43.85026],[-69.64294,43.86573],[-69.64691,43.86555],[-69.65165,43.85534],[-69.65931,43.85249],[-69.66373,43.85915],[-69.66431,43.86565]]]}},{"type":"Feature","id":"04453","properties":{"zip":"04453","pop":null,"city":"","county":"Penobscot","state":"Maine","area":53.47,"lat":45.1825,"lon":-68.78239},"geometry":{"type":"Polygon","coordinates":[[[-68.88092,45.22495],[-68.77606,45.24032],[-68.78576,45.27456],[-68.77257,45.2741],[-68.75109,45.28701],[-68.74281,45.28276],[-68.74168,45.27798],[-68.73427,45.27902],[-68.73582,45.27639],[-68.72764,45.27442],[-68.69834,45.25625],[-68.69755,45.25516],[-68.70006,45.25403],[-68.69922,45.24881],[-68.7032,45.24572],[-68.70333,45.23793],[-68.70736,45.23021],[-68.71262,45.23031],[-68.71157,45.22346],[-68.71242,45.22139],[-68.7175,45.22045],[-68.71646,45.21764],[-68.71886,45.21446],[-68.7193,45.20844],[-68.75555,45.20326],[-68.75525,45.20157],[-68.74881,45.20123],[-68.74249,45.19041],[-68.71845,45.18653],[-68.71568,45.18412],[-68.71626,45.17954],[-68.70518,45.17742],[-68.7056,45.17566],[-68.70001,45.17159],[-68.69816,45.1677],[-68.70497,45.15335],[-68.69506,45.12056],[-68.84231,45.09506],[-68.88092,45.22495]]]}},{"type":"Feature","id":"04210","properties":{"zip":"04210","pop":null,"city":"Auburn","county":"Androscoggin","state":"Maine","area":47.25,"lat":44.08495,"lon":-70.24934},"geometry":{"type":"Polygon","coordinates":[[[-70.31624,44.09664],[-70.3145,44.10064],[-70.30798,44.09821],[-70.30481,44.10153],[-70.30642,44.10348],[-70.30296,44.10732],[-70.30412,44.10828],[-70.30081,44.11194],[-70.29909,44.11877],[-70.30095,44.12298],[-70.29691,44.12533],[-70.29827,44.12631],[-70.29667,44.12808],[-70.29737,44.13186],[-70.29905,44.13054],[-70.30137,44.13199],[-70.297,44.13473],[-70.30075,44.14259],[-70.29543,44.14809],[-70.29214,44.1537],[-70.29233,44.15677],[-70.28881,44.1602],[-70.30199,44.17025],[-70.29391,44.18335],[-70.29154,44.19308],[-70.29306,44.19369],[-70.28998,44.19906],[-70.21249,44.17857],[-70.19969,44.16838],[-70.21075,44.15109],[-70.20088,44.13925],[-70.20255,44.13322],[-70.21643,44.11671],[-70.21726,44.11151],[-70.22329,44.10527],[-70.22389,44.09179],[-70.20905,44.08031],[-70.20718,44.0644],[-70.20238,44.06209],[-70.19943,44.05643],[-70.18759,44.04518],[-70.18407,44.03323],[-70.17858,44.02449],[-70.1709,44.02097],[-70.21244,43.97972],[-70.21983,43.97577],[-70.22462,43.97858],[-70.22924,43.97406],[-70.31483,44.03739],[-70.28883,44.06478],[-70.29333,44.06502],[-70.2952,44.07399],[-70.3112,44.08192],[-70.31508,44.08906],[-70.31419,44.09263],[-70.31624,44.09664]]]}},{"type":"Feature","id":"04345","properties":{"zip":"04345","pop":null,"city":"Gardiner","county":"Kennebec","state":"Maine","area":54.75,"lat":44.19815,"lon":-69.78403},"geometry":{"type":"Polygon","coordinates":[[[-69.93742,44.26768],[-69.92324,44.27093],[-69.9014,44.26726],[-69.9021,44.2659],[-69.88872,44.26384],[-69.89024,44.26037],[-69.87619,44.25801],[-69.87742,44.25634],[-69.84817,44.2516],[-69.85554,44.24646],[-69.84565,44.24339],[-69.84719,44.23859],[-69.80005,44.24246],[-69.80173,44.23754],[-69.78593,44.23644],[-69.785,44.23872],[-69.78126,44.23812],[-69.77023,44.23476],[-69.76801,44.22906],[-69.76256,44.2238],[-69.75386,44.22795],[-69.7438,44.22542],[-69.7357,44.22732],[-69.7254,44.23101],[-69.72361,44.23679],[-69.68942,44.23126],[-69.68819,44.2349],[-69.68147,44.23396],[-69.67381,44.23135],[-69.67459,44.22904],[-69.66544,44.22758],[-69.65674,44.12239],[-69.75821,44.13933],[-69.75875,44.14473],[-69.76357,44.15322],[-69.85498,44.16786],[-69.84809,44.17052],[-69.85555,44.17916],[-69.86778,44.18159],[-69.87898,44.18007],[-69.8942,44.18277],[-69.89753,44.18854],[-69.89539,44.19421],[-69.89668,44.20167],[-69.89996,44.20384],[-69.90074,44.20705],[-69.9125,44.21121],[-69.91481,44.21773],[-69.92137,44.22264],[-69.92206,44.22515],[-69.91505,44.22789],[-69.913,44.23265],[-69.94719,44.2383],[-69.93742,44.26768]],[[-69.77,44.16644],[-69.75993,44.17351],[-69.76434,44.16929],[-69.75887,44.172],[-69.75392,44.18261],[-69.75605,44.19121],[-69.7605,44.19739],[-69.75732,44.18979],[-69.76132,44.18898],[-69.76334,44.18627],[-69.7712,44.16689],[-69.77,44.16644]]]}},{"type":"Feature","id":"04616","properties":{"zip":"04616","pop":null,"city":"","county":"Hancock","state":"Maine","area":13.63,"lat":44.28355,"lon":-68.57026},"geometry":{"type":"MultiPolygon","coordinates":[[[[-68.55297,44.22759],[-68.54988,44.22844],[-68.52828,44.2252],[-68.52968,44.22248],[-68.53496,44.22398],[-68.54489,44.22026],[-68.55131,44.22435],[-68.55297,44.22759]]],[[[-68.62573,44.28654],[-68.62261,44.29196],[-68.61902,44.29359],[-68.62067,44.29673],[-68.6102,44.30581],[-68.61139,44.30703],[-68.60675,44.31019],[-68.60651,44.31345],[-68.60265,44.31764],[-68.59538,44.32328],[-68.59411,44.3263],[-68.58706,44.32783],[-68.58593,44.33522],[-68.57803,44.34474],[-68.56221,44.334],[-68.56272,44.32612],[-68.56694,44.3176],[-68.5662,44.31301],[-68.564,44.30802],[-68.55122,44.29764],[-68.55012,44.29193],[-68.53633,44.29125],[-68.53895,44.29584],[-68.5386,44.2999],[-68.53087,44.30044],[-68.53143,44.29656],[-68.52816,44.29405],[-68.53086,44.29165],[-68.53227,44.28634],[-68.52873,44.28155],[-68.52861,44.27612],[-68.51898,44.26522],[-68.51922,44.25909],[-68.52588,44.2596],[-68.53063,44.26249],[-68.53919,44.26232],[-68.54372,44.2659],[-68.54442,44.26964],[-68.54869,44.26981],[-68.55273,44.27492],[-68.55535,44.2739],[-68.55654,44.26777],[-68.55321,44.25892],[-68.54251,44.25841],[-68.53301,44.25432],[-68.5298,44.24959],[-68.52815,44.24126],[-68.52255,44.23696],[-68.52136,44.23219],[-68.52279,44.2281],[-68.53459,44.22933],[-68.54893,44.2344],[-68.55202,44.23644],[-68.55202,44.24019],[-68.54869,44.24359],[-68.55083,44.24615],[-68.55749,44.24598],[-68.57721,44.25415],[-68.60339,44.27471],[-68.61395,44.27522],[-68.62457,44.27918],[-68.62573,44.28654]]]]}},{"type":"Feature","id":"04069","properties":{"zip":"04069","pop":null,"city":"","county":"Cumberland","state":"Maine","area":16.37,"lat":43.8989,"lon":-70.182},"geometry":{"type":"Polygon","coordinates":[[[-70.24862,43.89828],[-70.20365,43.94793],[-70.11852,43.90797],[-70.13138,43.89447],[-70.12984,43.89368],[-70.16272,43.85437],[-70.16134,43.85373],[-70.16741,43.84718],[-70.16569,43.84635],[-70.17138,43.84071],[-70.21596,43.88176],[-70.21116,43.89036],[-70.24862,43.89828]]]}},{"type":"Feature","id":"04019","properties":{"zip":"04019","pop":null,"city":"Portland","county":"Cumberland","state":"Maine","area":0.77,"lat":43.69141,"lon":-70.09973},"geometry":{"type":"MultiPolygon","coordinates":[[[[-70.10123,43.67547],[-70.0933,43.68717],[-70.08804,43.6848],[-70.08845,43.68145],[-70.09604,43.67228],[-70.10123,43.67547]]],[[[-70.11817,43.68637],[-70.10348,43.70094],[-70.10068,43.70596],[-70.09311,43.71052],[-70.09214,43.70947],[-70.09718,43.70093],[-70.09193,43.69811],[-70.08762,43.69991],[-70.0937,43.6918],[-70.09959,43.69537],[-70.10443,43.69458],[-70.11591,43.68298],[-70.11829,43.68334],[-70.11817,43.68637]]]]}},{"type":"Feature","id":"04555","properties":{"zip":"04555","pop":null,"city":"","county":"Lincoln","state":"Maine","area":16.62,"lat":44.10593,"lon":-69.47685},"geometry":{"type":"Polygon","coordinates":[[[-69.53196,44.06586],[-69.52518,44.08085],[-69.52215,44.08269],[-69.52258,44.08801],[-69.52668,44.09219],[-69.51856,44.09907],[-69.51632,44.10684],[-69.5103,44.11584],[-69.50757,44.11569],[-69.50385,44.12946],[-69.50016,44.13213],[-69.48968,44.12939],[-69.48451,44.1334],[-69.48402,44.14066],[-69.48582,44.14652],[-69.48219,44.14979],[-69.48152,44.15534],[-69.48523,44.16503],[-69.43218,44.1577],[-69.44348,44.11963],[-69.43546,44.09548],[-69.43926,44.09435],[-69.4426,44.08466],[-69.4458,44.08115],[-69.44545,44.07783],[-69.44788,44.07599],[-69.4459,44.06849],[-69.45,44.05832],[-69.46176,44.06458],[-69.47224,44.06187],[-69.50142,44.06611],[-69.51161,44.05638],[-69.52555,44.06033],[-69.53196,44.06586]]]}},{"type":"Feature","id":"04684","properties":{"zip":"04684","pop":null,"city":"","county":"Hancock","state":"Maine","area":28.37,"lat":44.49338,"lon":-68.52797},"geometry":{"type":"Polygon","coordinates":[[[-68.62552,44.54082],[-68.60233,44.54761],[-68.59594,44.55694],[-68.58822,44.55265],[-68.57425,44.55143],[-68.56655,44.5445],[-68.54899,44.54457],[-68.53563,44.5366],[-68.51824,44.52997],[-68.5174,44.52786],[-68.47254,44.51335],[-68.4557,44.50358],[-68.43044,44.50162],[-68.42945,44.49788],[-68.43722,44.49014],[-68.43722,44.48268],[-68.45029,44.48505],[-68.45933,44.48946],[-68.46693,44.49031],[-68.47311,44.48675],[-68.46883,44.48183],[-68.46717,44.4647],[-68.45838,44.45384],[-68.45838,44.44705],[-68.46242,44.44332],[-68.47121,44.44027],[-68.46551,44.43382],[-68.45838,44.42007],[-68.45766,44.40768],[-68.46411,44.39808],[-68.46426,44.39108],[-68.4619,44.38628],[-68.45935,44.38537],[-68.46282,44.38262],[-68.46215,44.3794],[-68.46622,44.37982],[-68.46611,44.37725],[-68.46859,44.37676],[-68.47047,44.37905],[-68.47871,44.37894],[-68.48332,44.38816],[-68.48286,44.39358],[-68.47953,44.3997],[-68.47454,44.40139],[-68.47282,44.40411],[-68.48048,44.43059],[-68.47596,44.4311],[-68.47668,44.44502],[-68.47335,44.44587],[-68.4743,44.45113],[-68.47977,44.45418],[-68.48649,44.44538],[-68.59945,44.49308],[-68.60732,44.50862],[-68.62117,44.51645],[-68.62268,44.52208],[-68.62099,44.52602],[-68.62148,44.53238],[-68.62552,44.54082]]]}},{"type":"Feature","id":"04411","properties":{"zip":"04411","pop":null,"city":"Bradley","county":"Penobscot","state":"Maine","area":35.89,"lat":44.88634,"lon":-68.56669},"geometry":{"type":"Polygon","coordinates":[[[-68.67111,44.86846],[-68.65865,44.88382],[-68.64235,44.89511],[-68.63807,44.90082],[-68.63814,44.91137],[-68.63067,44.91802],[-68.6363,44.92395],[-68.49184,44.94403],[-68.47301,44.87076],[-68.51673,44.86559],[-68.55986,44.81759],[-68.67186,44.86643],[-68.67111,44.86846]]]}},{"type":"Feature","id":"04011","properties":{"zip":"04011","pop":null,"city":"Brunswick","county":"Cumberland","state":"Maine","area":36.61,"lat":43.90079,"lon":-69.97591},"geometry":{"type":"Polygon","coordinates":[[[-70.08592,43.9208],[-70.03424,43.97566],[-70.02024,43.94606],[-70.00744,43.94163],[-70.00339,43.93468],[-69.99317,43.93131],[-69.98178,43.91774],[-69.97623,43.91528],[-69.96101,43.92296],[-69.95673,43.92344],[-69.93129,43.91192],[-69.92077,43.92041],[-69.91123,43.92205],[-69.9047,43.92559],[-69.89983,43.93161],[-69.8905,43.93782],[-69.8868,43.94355],[-69.88018,43.9468],[-69.87466,43.95359],[-69.85703,43.94474],[-69.86869,43.91084],[-69.88208,43.89034],[-69.89097,43.88321],[-69.89595,43.86624],[-69.90522,43.8595],[-69.9175,43.85814],[-69.92615,43.84705],[-69.92939,43.83936],[-69.93409,43.84145],[-69.93705,43.83942],[-69.94055,43.8404],[-69.93649,43.85219],[-69.94541,43.85231],[-69.94695,43.85903],[-69.94504,43.85996],[-69.94721,43.86447],[-69.95205,43.86471],[-69.95387,43.86156],[-69.95926,43.85911],[-69.96014,43.85605],[-69.97285,43.85288],[-69.97874,43.85384],[-69.99272,43.84836],[-69.99699,43.84356],[-69.99652,43.84133],[-70.0027,43.83636],[-70.00555,43.83773],[-70.01484,43.82847],[-70.02619,43.82259],[-70.02718,43.82401],[-70.02314,43.83053],[-70.00817,43.84082],[-70.00287,43.84824],[-69.99557,43.85213],[-69.99153,43.86173],[-69.98772,43.86293],[-69.98844,43.86635],[-69.99462,43.86704],[-70.01007,43.8583],[-70.0192,43.85873],[-70.02325,43.85597],[-70.03866,43.86485],[-70.03565,43.86847],[-70.04361,43.87179],[-70.03986,43.8758],[-70.04833,43.88164],[-70.04658,43.88356],[-70.08789,43.91902],[-70.08592,43.9208]]]}},{"type":"Feature","id":"04611","properties":{"zip":"04611","pop":null,"city":"","county":"Washington","state":"Maine","area":5.06,"lat":44.48764,"lon":-67.59608},"geometry":{"type":"MultiPolygon","coordinates":[[[[-67.60275,44.44424],[-67.6018,44.44475],[-67.59562,44.44408],[-67.59995,44.44175],[-67.60275,44.44424]]],[[[-67.61194,44.45271],[-67.60917,44.45085],[-67.60938,44.4479],[-67.6056,44.44593],[-67.60869,44.44356],[-67.6116,44.44358],[-67.61422,44.44884],[-67.61194,44.45271]]],[[[-67.62129,44.50784],[-67.61843,44.51224],[-67.62033,44.51528],[-67.61796,44.52156],[-67.59918,44.52258],[-67.60489,44.51546],[-67.60275,44.50902],[-67.59395,44.51173],[-67.59395,44.51512],[-67.58774,44.5162],[-67.58587,44.52207],[-67.57731,44.52173],[-67.57636,44.5197],[-67.57969,44.51478],[-67.58706,44.51105],[-67.58326,44.50817],[-67.58926,44.50084],[-67.58825,44.49834],[-67.59063,44.49415],[-67.58017,44.49071],[-67.57708,44.48817],[-67.57874,44.48512],[-67.57232,44.48308],[-67.57137,44.47935],[-67.56265,44.4721],[-67.57042,44.47189],[-67.57042,44.46001],[-67.56971,44.4573],[-67.56661,44.45577],[-67.5892,44.44729],[-67.58835,44.44975],[-67.59529,44.4622],[-67.59455,44.47004],[-67.60316,44.48502],[-67.61225,44.48529],[-67.61469,44.48704],[-67.6037,44.48969],[-67.60584,44.49699],[-67.60492,44.50206],[-67.6072,44.50358],[-67.61511,44.50224],[-67.61748,44.50444],[-67.62057,44.50377],[-67.62129,44.50784]]],[[[-67.62293,44.46446],[-67.61653,44.46341],[-67.61582,44.46137],[-67.61843,44.46019],[-67.62295,44.46239],[-67.62293,44.46446]]],[[[-67.63483,44.49071],[-67.63293,44.49919],[-67.6296,44.49868],[-67.63151,44.48766],[-67.63576,44.48793],[-67.63483,44.49071]]],[[[-67.64767,44.51445],[-67.64482,44.51749],[-67.64101,44.51377],[-67.62818,44.51495],[-67.62556,44.51326],[-67.63412,44.51105],[-67.64173,44.50461],[-67.64505,44.50461],[-67.64886,44.51105],[-67.64767,44.51445]]]]}},{"type":"Feature","id":"04434","properties":{"zip":"04434","pop":null,"city":"","county":"Penobscot","state":"Maine","area":17.63,"lat":44.78528,"lon":-69.13386},"geometry":{"type":"Polygon","coordinates":[[[-69.19059,44.82096],[-69.10269,44.83248],[-69.09533,44.80294],[-69.10187,44.80209],[-69.10063,44.79696],[-69.09405,44.79773],[-69.08136,44.74575],[-69.14807,44.73694],[-69.15237,44.75102],[-69.16676,44.74923],[-69.19059,44.82096]]]}},{"type":"Feature","id":"04103","properties":{"zip":"04103","pop":null,"city":"Portland","county":"Cumberland","state":"Maine","area":8.0,"lat":43.69399,"lon":-70.29101},"geometry":{"type":"Polygon","coordinates":[[[-70.33635,43.68979],[-70.3303,43.6928],[-70.32935,43.69864],[-70.32317,43.70471],[-70.32282,43.70636],[-70.32551,43.70773],[-70.31743,43.71465],[-70.31713,43.71746],[-70.30991,43.72041],[-70.30782,43.72402],[-70.30425,43.72387],[-70.29933,43.72015],[-70.29441,43.72501],[-70.28575,43.72769],[-70.28037,43.7225],[-70.27775,43.72228],[-70.28271,43.71663],[-70.27707,43.71385],[-70.27735,43.7055],[-70.27466,43.70537],[-70.2707,43.70044],[-70.2664,43.70246],[-70.25092,43.70015],[-70.24466,43.68822],[-70.25141,43.68518],[-70.25283,43.67525],[-70.25656,43.67689],[-70.27135,43.67061],[-70.28447,43.67082],[-70.2747,43.66474],[-70.2789,43.66175],[-70.3047,43.66987],[-70.30177,43.67449],[-70.31473,43.68292],[-70.31277,43.68573],[-70.32367,43.68426],[-70.32723,43.67637],[-70.32981,43.67715],[-70.32914,43.67944],[-70.33635,43.68979]]]}},{"type":"Feature","id":"04073","properties":{"zip":"04073","pop":null,"city":"Sanford","county":"York","state":"Maine","area":27.97,"lat":43.41311,"lon":-70.74249},"geometry":{"type":"Polygon","coordinates":[[[-70.84777,43.42764],[-70.83522,43.43624],[-70.84448,43.44299],[-70.84065,43.44345],[-70.83698,43.4488],[-70.83783,43.45001],[-70.83291,43.45513],[-70.81521,43.4508],[-70.81047,43.44653],[-70.79562,43.44276],[-70.78843,43.45231],[-70.78923,43.45396],[-70.77885,43.45202],[-70.782,43.46094],[-70.7784,43.45943],[-70.76738,43.47112],[-70.76072,43.46616],[-70.75732,43.4596],[-70.74559,43.45847],[-70.73986,43.45603],[-70.73718,43.45316],[-70.73671,43.44794],[-70.73091,43.4435],[-70.72582,43.44389],[-70.71394,43.45088],[-70.70949,43.45053],[-70.71001,43.44719],[-70.70654,43.44612],[-70.70367,43.44085],[-70.69616,43.43478],[-70.69205,43.43456],[-70.67733,43.42537],[-70.66529,43.42239],[-70.65564,43.41712],[-70.64261,43.42042],[-70.72419,43.3349],[-70.73447,43.35935],[-70.74135,43.3674],[-70.74122,43.37526],[-70.74984,43.38127],[-70.74911,43.3877],[-70.75751,43.38846],[-70.75685,43.39025],[-70.76236,43.39263],[-70.76353,43.39564],[-70.79163,43.41668],[-70.81347,43.40159],[-70.84777,43.42764]]]}},{"type":"Feature","id":"04939","properties":{"zip":"04939","pop":null,"city":"","county":"Penobscot","state":"Maine","area":26.79,"lat":45.05444,"lon":-69.15853},"geometry":{"type":"Polygon","coordinates":[[[-69.23202,45.09017],[-69.10944,45.10719],[-69.08623,45.01739],[-69.15618,45.00799],[-69.20852,45.00443],[-69.23202,45.09017]]]}},{"type":"Feature","id":"03906","properties":{"zip":"03906","pop":null,"city":"North Berwick","county":"York","state":"Maine","area":27.82,"lat":43.34488,"lon":-70.77749},"geometry":{"type":"Polygon","coordinates":[[[-70.84629,43.37873],[-70.79163,43.41668],[-70.76353,43.39564],[-70.76236,43.39263],[-70.75685,43.39025],[-70.75751,43.38846],[-70.74911,43.3877],[-70.74984,43.38127],[-70.74122,43.37526],[-70.74135,43.3674],[-70.73447,43.35935],[-70.70925,43.30245],[-70.71774,43.29704],[-70.71451,43.29552],[-70.72225,43.2897],[-70.73951,43.28323],[-70.7604,43.26976],[-70.85724,43.37244],[-70.84629,43.37873]]]}},{"type":"Feature","id":"04047","properties":{"zip":"04047","pop":null,"city":"","county":"York","state":"Maine","area":43.33,"lat":43.73565,"lon":-70.91187},"geometry":{"type":"Polygon","coordinates":[[[-70.98904,43.79215],[-70.98278,43.79367],[-70.97175,43.78505],[-70.96421,43.7881],[-70.95755,43.78512],[-70.94261,43.79228],[-70.93526,43.78997],[-70.92707,43.7903],[-70.91268,43.80091],[-70.89924,43.80231],[-70.88066,43.81086],[-70.86956,43.80679],[-70.86144,43.8073],[-70.86128,43.80469],[-70.85259,43.80474],[-70.85139,43.78208],[-70.84368,43.75954],[-70.83807,43.67537],[-70.97966,43.67321],[-70.98904,43.79215]]]}},{"type":"Feature","id":"04408","properties":{"zip":"04408","pop":null,"city":"","county":"Hancock","state":"Maine","area":306.68,"lat":44.98767,"lon":-68.23246},"geometry":{"type":"Polygon","coordinates":[[[-68.5011,44.98072],[-68.37589,44.99737],[-68.3969,45.0833],[-68.2705,45.10012],[-68.30371,45.22153],[-68.05499,45.25258],[-68.03433,45.1815],[-68.05475,45.17807],[-68.06179,45.1791],[-68.06529,45.1829],[-68.06849,45.18349],[-68.07059,45.18139],[-68.06347,45.17631],[-68.06037,45.1783],[-68.06558,45.17442],[-68.07052,45.17387],[-68.06919,45.16961],[-68.07566,45.16486],[-68.06945,45.15258],[-68.07546,45.13548],[-68.07103,45.12615],[-68.08031,45.11816],[-68.08287,45.11279],[-68.08051,45.10998],[-68.09897,45.10854],[-68.10169,45.10234],[-68.1012,45.09502],[-68.1065,45.09379],[-68.10815,45.08963],[-68.11408,45.08546],[-68.11242,45.07687],[-68.10869,45.06989],[-68.10841,45.06162],[-68.11705,45.05181],[-68.12614,45.03452],[-68.1273,45.02242],[-68.12489,45.0134],[-68.12827,45.00872],[-68.12404,44.98573],[-68.13056,44.97875],[-68.12647,44.96699],[-68.11629,44.96134],[-68.10663,44.94586],[-68.10613,44.95126],[-68.10774,44.9519],[-68.10573,44.95558],[-68.09591,44.95756],[-68.08525,44.95512],[-68.0812,44.95073],[-68.07815,44.95106],[-68.07004,44.94596],[-68.06692,44.94804],[-68.06124,44.94506],[-68.10502,44.93909],[-68.0951,44.89885],[-68.0992,44.90115],[-68.09892,44.905],[-68.10565,44.90687],[-68.10416,44.90862],[-68.10572,44.90922],[-68.10738,44.90649],[-68.10929,44.90819],[-68.11754,44.90958],[-68.12523,44.90851],[-68.12586,44.90981],[-68.13314,44.90301],[-68.13376,44.89123],[-68.13913,44.88506],[-68.14771,44.86865],[-68.16003,44.88962],[-68.16333,44.89179],[-68.15974,44.88719],[-68.1601,44.87523],[-68.16232,44.86926],[-68.16858,44.86854],[-68.14771,44.84963],[-68.14953,44.84643],[-68.14688,44.84497],[-68.14618,44.8416],[-68.15317,44.84022],[-68.14869,44.83992],[-68.13007,44.82973],[-68.11727,44.82655],[-68.10183,44.79907],[-68.09459,44.7992],[-68.09037,44.7966],[-68.07667,44.7813],[-68.07997,44.77864],[-68.08207,44.77306],[-68.08688,44.77175],[-68.07891,44.76805],[-68.07052,44.76121],[-68.0709,44.75758],[-68.06864,44.75504],[-68.06484,44.75413],[-68.06686,44.74921],[-68.0658,44.74423],[-68.07212,44.73666],[-68.07806,44.73563],[-68.08733,44.74029],[-68.09362,44.74052],[-68.09704,44.73272],[-68.0905,44.72586],[-68.09191,44.72463],[-68.0895,44.72058],[-68.09126,44.71713],[-68.09402,44.7166],[-68.0945,44.71354],[-68.09767,44.71253],[-68.09831,44.70974],[-68.12763,44.71825],[-68.24179,44.72871],[-68.24691,44.7338],[-68.24743,44.73927],[-68.25258,44.74877],[-68.26319,44.75241],[-68.26462,44.7577],[-68.28391,44.77801],[-68.29086,44.78295],[-68.28617,44.78717],[-68.28471,44.79127],[-68.28844,44.79386],[-68.2882,44.80159],[-68.29083,44.8039],[-68.288,44.80717],[-68.29131,44.81533],[-68.2974,44.8207],[-68.31564,44.81827],[-68.32024,44.82662],[-68.32908,44.82837],[-68.34762,44.89909],[-68.3502,44.89974],[-68.35157,44.90507],[-68.47795,44.88909],[-68.5011,44.98072]]]}},{"type":"Feature","id":"04040","properties":{"zip":"04040","pop":null,"city":"","county":"Cumberland","state":"Maine","area":47.74,"lat":44.10924,"lon":-70.71795},"geometry":{"type":"MultiPolygon","coordinates":[[[[-70.68934,44.12781],[-70.69592,44.13422],[-70.62433,44.17104],[-70.60797,44.15411],[-70.60454,44.15412],[-70.59866,44.14977],[-70.59652,44.14553],[-70.59907,44.14397],[-70.59783,44.14264],[-70.59506,44.14483],[-70.5955,44.13732],[-70.58997,44.13282],[-70.59205,44.12899],[-70.58733,44.12252],[-70.59894,44.11203],[-70.60617,44.10129],[-70.60425,44.09826],[-70.60667,44.09571],[-70.60468,44.09185],[-70.60552,44.08982],[-70.60301,44.08859],[-70.60907,44.07901],[-70.60817,44.07435],[-70.6119,44.07062],[-70.60887,44.06773],[-70.61351,44.06638],[-70.61179,44.06531],[-70.61388,44.06184],[-70.61039,44.06081],[-70.60945,44.05529],[-70.60699,44.05348],[-70.60795,44.05186],[-70.60367,44.05024],[-70.60444,44.04431],[-70.60223,44.04326],[-70.60363,44.04145],[-70.59746,44.03933],[-70.59842,44.03831],[-70.59263,44.03506],[-70.59572,44.03354],[-70.59459,44.03281],[-70.64034,44.01048],[-70.64686,44.01735],[-70.64859,44.02525],[-70.65676,44.0384],[-70.66755,44.04561],[-70.67904,44.05946],[-70.67812,44.07075],[-70.68454,44.08022],[-70.68839,44.09274],[-70.68857,44.09605],[-70.68433,44.0997],[-70.68429,44.10356],[-70.69958,44.12308],[-70.68934,44.12781]]],[[[-70.89877,44.11519],[-70.88452,44.12628],[-70.8312,44.16054],[-70.79178,44.18086],[-70.73488,44.12191],[-70.8218,44.07709],[-70.89877,44.11519]]]]}},{"type":"Feature","id":"04421","properties":{"zip":"04421","pop":null,"city":"Castine","county":"Hancock","state":"Maine","area":6.88,"lat":44.4112,"lon":-68.7951},"geometry":{"type":"MultiPolygon","coordinates":[[[[-68.81481,44.36219],[-68.81591,44.36637],[-68.81026,44.37282],[-68.80075,44.36973],[-68.79922,44.36696],[-68.80961,44.35824],[-68.81685,44.35564],[-68.81481,44.36219]]],[[[-68.82177,44.40894],[-68.81644,44.41979],[-68.81703,44.42542],[-68.81533,44.42808],[-68.80163,44.4348],[-68.79951,44.44892],[-68.79124,44.45318],[-68.78328,44.44714],[-68.78046,44.44825],[-68.77704,44.44317],[-68.77654,44.43563],[-68.76964,44.43229],[-68.77219,44.43057],[-68.76279,44.42483],[-68.76739,44.41784],[-68.76752,44.40751],[-68.76947,44.40302],[-68.77934,44.39749],[-68.78996,44.38515],[-68.81028,44.37857],[-68.81062,44.3811],[-68.81989,44.38144],[-68.82096,44.38381],[-68.82127,44.39367],[-68.81798,44.39587],[-68.81299,44.3957],[-68.81181,44.39927],[-68.81394,44.40216],[-68.81822,44.40199],[-68.82177,44.40894]]]]}},{"type":"Feature","id":"04221","properties":{"zip":"04221","pop":null,"city":"","county":"Oxford","state":"Maine","area":21.73,"lat":44.47244,"lon":-70.29856},"geometry":{"type":"Polygon","coordinates":[[[-70.35745,44.47914],[-70.3546,44.47977],[-70.35401,44.47787],[-70.34928,44.47982],[-70.35031,44.48346],[-70.34891,44.48496],[-70.35145,44.48603],[-70.30766,44.53788],[-70.28989,44.54025],[-70.28091,44.50509],[-70.27062,44.50622],[-70.26939,44.50118],[-70.25089,44.5034],[-70.2389,44.45894],[-70.27441,44.44063],[-70.26829,44.41641],[-70.27869,44.41517],[-70.27675,44.40753],[-70.28164,44.40696],[-70.28316,44.41295],[-70.30426,44.41041],[-70.30693,44.42035],[-70.31578,44.42026],[-70.33066,44.43556],[-70.36033,44.47575],[-70.35745,44.47914]]]}},{"type":"Feature","id":"04779","properties":{"zip":"04779","pop":null,"city":"","county":"Aroostook","state":"Maine","area":84.35,"lat":47.11605,"lon":-68.31162},"geometry":{"type":"Polygon","coordinates":[[[-68.44567,47.19759],[-68.44527,47.19888],[-68.36552,47.20017],[-68.21102,47.20045],[-68.20757,47.19875],[-68.20549,47.19224],[-68.19394,47.19324],[-68.19912,47.18977],[-68.19823,47.18549],[-68.19184,47.18633],[-68.17983,47.18087],[-68.17981,47.17102],[-68.16734,47.16539],[-68.16684,47.16066],[-68.16146,47.1558],[-68.14524,47.15552],[-68.135,47.14142],[-68.12409,47.11673],[-68.11931,47.1113],[-68.25869,47.10933],[-68.2595,47.0985],[-68.24848,47.08332],[-68.25223,47.07907],[-68.24948,47.07416],[-68.25949,47.07265],[-68.25573,47.05504],[-68.25762,47.04385],[-68.26763,47.05345],[-68.2767,47.05741],[-68.28195,47.05661],[-68.28851,47.05226],[-68.29407,47.05316],[-68.30209,47.04951],[-68.30171,47.00559],[-68.30863,47.00842],[-68.32461,47.00736],[-68.33257,47.00983],[-68.34292,47.00772],[-68.35893,47.01329],[-68.35771,47.01646],[-68.44316,47.01498],[-68.44458,47.10639],[-68.38002,47.10752],[-68.38272,47.11186],[-68.38346,47.12029],[-68.37696,47.12389],[-68.37631,47.13439],[-68.37107,47.133],[-68.36859,47.13437],[-68.37618,47.14029],[-68.36943,47.14622],[-68.38094,47.14829],[-68.38408,47.15276],[-68.3862,47.15127],[-68.38884,47.15335],[-68.38864,47.1569],[-68.39443,47.15758],[-68.40009,47.1662],[-68.4016,47.16518],[-68.40589,47.16897],[-68.40463,47.17023],[-68.44554,47.18626],[-68.44567,47.19759]]]}},{"type":"Feature","id":"04858","properties":{"zip":"04858","pop":null,"city":"","county":"Knox","state":"Maine","area":9.84,"lat":44.04619,"lon":-69.14505},"geometry":{"type":"Polygon","coordinates":[[[-69.19547,44.04326],[-69.18868,44.05221],[-69.1892,44.05471],[-69.18313,44.06453],[-69.17037,44.07038],[-69.17252,44.07425],[-69.13912,44.07822],[-69.13379,44.08226],[-69.10302,44.05394],[-69.11591,44.04005],[-69.11027,44.0304],[-69.11532,44.02482],[-69.12805,44.01731],[-69.12103,44.00345],[-69.11009,44.00038],[-69.10985,43.99833],[-69.11318,43.99456],[-69.12588,43.99599],[-69.12744,44.00243],[-69.12954,44.0028],[-69.12861,44.00883],[-69.1308,44.01023],[-69.1282,44.01044],[-69.14245,44.01281],[-69.14997,44.01126],[-69.15598,44.03298],[-69.197,44.03934],[-69.19547,44.04326]]]}},{"type":"Feature","id":"04937","properties":{"zip":"04937","pop":null,"city":"Fairfield","county":"Somerset","state":"Maine","area":37.45,"lat":44.63547,"lon":-69.67631},"geometry":{"type":"Polygon","coordinates":[[[-69.78027,44.67712],[-69.73827,44.67128],[-69.73421,44.68623],[-69.73229,44.68652],[-69.73194,44.69421],[-69.7299,44.68688],[-69.66324,44.69658],[-69.65462,44.69076],[-69.64978,44.68104],[-69.63944,44.67102],[-69.63108,44.67177],[-69.63043,44.68572],[-69.62869,44.67243],[-69.62216,44.66552],[-69.61697,44.65629],[-69.60557,44.65105],[-69.57909,44.62697],[-69.57995,44.62147],[-69.59223,44.6048],[-69.59305,44.60168],[-69.58997,44.58713],[-69.59272,44.58241],[-69.60575,44.57726],[-69.74209,44.59825],[-69.78027,44.67712]],[[-69.59097,44.62767],[-69.58945,44.62188],[-69.58864,44.62199],[-69.58668,44.62756],[-69.59097,44.62767]]]}},{"type":"Feature","id":"04976","properties":{"zip":"04976","pop":null,"city":"Skowhegan","county":"Somerset","state":"Maine","area":72.03,"lat":44.79876,"lon":-69.66946},"geometry":{"type":"Polygon","coordinates":[[[-69.75998,44.78499],[-69.71903,44.78966],[-69.75115,44.90107],[-69.62553,44.91735],[-69.59286,44.80263],[-69.59661,44.80219],[-69.58705,44.75822],[-69.58956,44.75823],[-69.59167,44.75007],[-69.58881,44.75007],[-69.59033,44.74274],[-69.58745,44.74323],[-69.58162,44.74047],[-69.58163,44.73839],[-69.58726,44.73364],[-69.58244,44.73098],[-69.5831,44.72584],[-69.58073,44.72198],[-69.5841,44.71959],[-69.5816,44.71505],[-69.59136,44.71274],[-69.59721,44.71407],[-69.59938,44.71062],[-69.60631,44.70713],[-69.60368,44.7071],[-69.60362,44.70462],[-69.63312,44.70037],[-69.63297,44.69876],[-69.64055,44.69986],[-69.7299,44.68688],[-69.74744,44.74929],[-69.739,44.75444],[-69.75329,44.76541],[-69.75137,44.76671],[-69.75761,44.77127],[-69.75011,44.77661],[-69.75998,44.78499]]]}},{"type":"Feature","id":"04691","properties":{"zip":"04691","pop":null,"city":"","county":"Washington","state":"Maine","area":36.53,"lat":44.76169,"lon":-67.25239},"geometry":{"type":"Polygon","coordinates":[[[-67.36214,44.76801],[-67.24855,44.80657],[-67.18604,44.82579],[-67.14347,44.75164],[-67.29943,44.70453],[-67.30854,44.70745],[-67.32661,44.70349],[-67.35076,44.74694],[-67.34957,44.74817],[-67.35175,44.75293],[-67.35672,44.75789],[-67.36214,44.76801]]]}},{"type":"Feature","id":"04746","properties":{"zip":"04746","pop":null,"city":"","county":"Aroostook","state":"Maine","area":25.53,"lat":47.2488,"lon":-68.12496},"geometry":{"type":"Polygon","coordinates":[[[-68.18147,47.29138],[-68.17888,47.33033],[-68.15515,47.32542],[-68.15246,47.32153],[-68.1523,47.30988],[-68.13706,47.29607],[-68.12823,47.29419],[-68.11968,47.28729],[-68.0829,47.27192],[-68.07752,47.26667],[-68.07406,47.25976],[-68.06141,47.25626],[-68.06147,47.25229],[-68.02887,47.23338],[-68.04858,47.2201],[-68.0551,47.21343],[-68.06077,47.21164],[-68.06059,47.20153],[-68.17982,47.20084],[-68.18147,47.29138]]]}},{"type":"Feature","id":"04497","properties":{"zip":"04497","pop":null,"city":"","county":"Aroostook","state":"Maine","area":148.43,"lat":45.72492,"lon":-68.0662},"geometry":{"type":"Polygon","coordinates":[[[-68.21863,45.67875],[-68.21981,45.68549],[-68.21749,45.69031],[-68.20155,45.70198],[-68.20191,45.70888],[-68.20517,45.71283],[-68.20152,45.70982],[-68.19673,45.71714],[-68.18797,45.71481],[-68.18557,45.71944],[-68.18432,45.72757],[-68.19215,45.7362],[-68.18843,45.74139],[-68.18193,45.74491],[-68.19546,45.75808],[-68.16678,45.75791],[-68.16622,45.7907],[-68.1701,45.79422],[-68.1703,45.79712],[-68.16638,45.79835],[-68.17242,45.80501],[-68.17245,45.80736],[-68.16928,45.81276],[-68.17114,45.82019],[-68.16572,45.81838],[-68.16503,45.85593],[-68.03258,45.85428],[-68.03448,45.86418],[-67.91405,45.86487],[-67.91534,45.80491],[-67.91397,45.8049],[-67.91398,45.78064],[-67.93871,45.77632],[-67.91595,45.71892],[-67.92456,45.71737],[-67.92227,45.71042],[-67.92494,45.70994],[-67.94218,45.71672],[-67.95867,45.71869],[-67.96707,45.72258],[-67.99145,45.72076],[-67.99224,45.71895],[-67.98248,45.71864],[-67.98607,45.68878],[-67.98512,45.68176],[-67.9815,45.67829],[-67.98143,45.66943],[-67.97445,45.66951],[-67.9887,45.66846],[-67.98239,45.65841],[-67.98338,45.65091],[-68.04801,45.6399],[-68.02035,45.55329],[-68.10985,45.53859],[-68.11204,45.54143],[-68.11168,45.5442],[-68.10961,45.54466],[-68.1112,45.54738],[-68.11318,45.54559],[-68.12724,45.54531],[-68.13063,45.54794],[-68.13187,45.55062],[-68.1283,45.55268],[-68.13054,45.55406],[-68.12693,45.55607],[-68.13128,45.56081],[-68.12931,45.5628],[-68.13263,45.566],[-68.14348,45.56764],[-68.15828,45.56424],[-68.16112,45.56643],[-68.18035,45.61801],[-68.16682,45.62038],[-68.16619,45.67331],[-68.22283,45.67318],[-68.21863,45.67875]]]}},{"type":"Feature","id":"04655","properties":{"zip":"04655","pop":null,"city":"","county":"Washington","state":"Maine","area":17.07,"lat":44.66503,"lon":-67.39329},"geometry":{"type":"MultiPolygon","coordinates":[[[[-67.33132,44.65275],[-67.3287,44.65326],[-67.32724,44.65127],[-67.33015,44.64767],[-67.33441,44.64852],[-67.33132,44.65275]]],[[[-67.33797,44.67979],[-67.33298,44.68284],[-67.33013,44.68385],[-67.32965,44.68064],[-67.33393,44.67794],[-67.33631,44.6776],[-67.33797,44.67979]]],[[[-67.3558,44.64226],[-67.35437,44.64463],[-67.35223,44.6448],[-67.3539,44.64108],[-67.3558,44.64226]]],[[[-67.3596,44.57966],[-67.35556,44.58372],[-67.35058,44.58416],[-67.35528,44.57618],[-67.35775,44.57563],[-67.3596,44.57966]]],[[[-67.3615,44.64886],[-67.35984,44.65021],[-67.36103,44.65207],[-67.35675,44.65393],[-67.35509,44.64954],[-67.35675,44.64683],[-67.35984,44.64548],[-67.36317,44.64734],[-67.3615,44.64886]]],[[[-67.36792,44.57001],[-67.36245,44.5739],[-67.36142,44.57306],[-67.3672,44.56742],[-67.36792,44.57001]]],[[[-67.36935,44.66915],[-67.36412,44.66763],[-67.35033,44.66932],[-67.3558,44.66577],[-67.35604,44.66357],[-67.36673,44.66441],[-67.36935,44.66915]]],[[[-67.3741,44.5932],[-67.37267,44.59862],[-67.36856,44.60193],[-67.36666,44.59966],[-67.3741,44.5932]]],[[[-67.39311,44.59845],[-67.38836,44.60319],[-67.38556,44.6039],[-67.38361,44.60166],[-67.38931,44.59862],[-67.39026,44.59574],[-67.39311,44.59845]]],[[[-67.39608,44.5745],[-67.3943,44.57644],[-67.39216,44.57441],[-67.39588,44.57245],[-67.39608,44.5745]]],[[[-67.39668,44.58846],[-67.39335,44.58965],[-67.39264,44.58491],[-67.39605,44.58321],[-67.39668,44.58846]]],[[[-67.40765,44.57284],[-67.40355,44.57512],[-67.40619,44.56798],[-67.40804,44.56901],[-67.40765,44.57284]]],[[[-67.44044,44.64449],[-67.4405,44.64822],[-67.43794,44.6516],[-67.44086,44.65553],[-67.44083,44.65868],[-67.43393,44.66644],[-67.43184,44.66644],[-67.43975,44.68733],[-67.41874,44.69056],[-67.42042,44.69504],[-67.41543,44.69578],[-67.42143,44.71475],[-67.41137,44.71357],[-67.39473,44.71496],[-67.38984,44.71167],[-67.38466,44.71595],[-67.38422,44.7215],[-67.36084,44.72072],[-67.36092,44.72301],[-67.33819,44.7244],[-67.32661,44.70349],[-67.33227,44.70007],[-67.33892,44.70058],[-67.3413,44.69906],[-67.35318,44.70024],[-67.35413,44.70311],[-67.3577,44.70379],[-67.35984,44.70176],[-67.35913,44.69956],[-67.36511,44.69355],[-67.35247,44.69027],[-67.36008,44.68943],[-67.36031,44.68723],[-67.36649,44.68689],[-67.37267,44.69162],[-67.38337,44.68892],[-67.3867,44.69129],[-67.38408,44.69399],[-67.38907,44.69585],[-67.39478,44.695],[-67.39644,44.69331],[-67.39478,44.68639],[-67.405,44.68165],[-67.40001,44.67912],[-67.39026,44.68013],[-67.38955,44.67692],[-67.38717,44.67641],[-67.38479,44.67861],[-67.37576,44.67726],[-67.38054,44.67368],[-67.38907,44.6727],[-67.3886,44.67084],[-67.38432,44.67033],[-67.38812,44.66796],[-67.38717,44.66543],[-67.37905,44.66548],[-67.37401,44.66296],[-67.37339,44.65968],[-67.3684,44.65579],[-67.36198,44.64023],[-67.36316,44.63182],[-67.36827,44.62467],[-67.37755,44.61976],[-67.38132,44.62276],[-67.38147,44.62687],[-67.39145,44.62535],[-67.38955,44.62315],[-67.38907,44.61452],[-67.39584,44.61291],[-67.39668,44.60454],[-67.40549,44.59424],[-67.40882,44.59458],[-67.41892,44.60347],[-67.42069,44.61841],[-67.429,44.62907],[-67.42187,44.62958],[-67.41997,44.63229],[-67.42377,44.63804],[-67.42734,44.64108],[-67.43209,44.63736],[-67.44174,44.64247],[-67.44044,44.64449]]]]}},{"type":"Feature","id":"04645","properties":{"zip":"04645","pop":null,"city":"","county":"Knox","state":"Maine","area":10.07,"lat":44.05419,"lon":-68.62807},"geometry":{"type":"MultiPolygon","coordinates":[[[[-68.55926,44.04502],[-68.55504,44.04924],[-68.55392,44.04652],[-68.55596,44.03947],[-68.55919,44.04062],[-68.55926,44.04502]]],[[[-68.5765,44.10014],[-68.5731,44.10165],[-68.57127,44.09997],[-68.5765,44.09519],[-68.57912,44.09758],[-68.5765,44.10014]]],[[[-68.59219,44.06753],[-68.58815,44.07231],[-68.5841,44.07159],[-68.59055,44.05866],[-68.59314,44.06343],[-68.59219,44.06753]]],[[[-68.65879,44.11021],[-68.65417,44.11112],[-68.64123,44.10858],[-68.6424,44.10613],[-68.63751,44.10428],[-68.63717,44.09941],[-68.65127,44.10142],[-68.65138,44.10576],[-68.65879,44.10724],[-68.65879,44.11021]]],[[[-68.6711,44.0759],[-68.66709,44.07944],[-68.66291,44.07744],[-68.63521,44.08119],[-68.63003,44.08399],[-68.62221,44.09549],[-68.61786,44.09724],[-68.61496,44.09456],[-68.60859,44.09434],[-68.61073,44.08904],[-68.60133,44.08632],[-68.59884,44.06753],[-68.6011,44.04526],[-68.61215,44.01986],[-68.61031,44.01648],[-68.60355,44.0151],[-68.6017,44.01251],[-68.61284,44.0129],[-68.6159,44.00976],[-68.61881,44.01132],[-68.62,44.01969],[-68.62784,44.02157],[-68.6295,44.02055],[-68.62855,44.01628],[-68.63435,44.0176],[-68.64231,44.01621],[-68.64685,44.01301],[-68.6547,44.00209],[-68.65703,44.00382],[-68.65706,44.0138],[-68.66104,44.01705],[-68.65579,44.02728],[-68.65365,44.03792],[-68.64091,44.05062],[-68.64472,44.05387],[-68.65494,44.04498],[-68.65636,44.04823],[-68.66083,44.04789],[-68.65538,44.05402],[-68.65487,44.05929],[-68.65066,44.06514],[-68.6528,44.06924],[-68.65964,44.06902],[-68.66491,44.07304],[-68.6697,44.073],[-68.6711,44.0759]]]]}},{"type":"Feature","id":"04443","properties":{"zip":"04443","pop":null,"city":"","county":"Piscataquis","state":"Maine","area":112.88,"lat":45.24409,"lon":-69.40577},"geometry":{"type":"Polygon","coordinates":[[[-69.53687,45.40997],[-69.47318,45.41976],[-69.4759,45.42948],[-69.47034,45.42005],[-69.46529,45.42262],[-69.46224,45.42885],[-69.45107,45.43178],[-69.43761,45.4256],[-69.43191,45.42057],[-69.4315,45.41573],[-69.42354,45.39989],[-69.41757,45.40442],[-69.4086,45.40549],[-69.39472,45.40306],[-69.37681,45.39008],[-69.36919,45.38832],[-69.36365,45.38912],[-69.35964,45.38484],[-69.35354,45.38283],[-69.35381,45.3796],[-69.35814,45.37609],[-69.35947,45.37146],[-69.35789,45.36561],[-69.36388,45.36635],[-69.35447,45.36451],[-69.35207,45.36302],[-69.35125,45.35793],[-69.34051,45.3532],[-69.33445,45.35457],[-69.3347,45.35315],[-69.32751,45.3577],[-69.31069,45.30033],[-69.30649,45.29745],[-69.30656,45.29602],[-69.30967,45.29668],[-69.27654,45.17758],[-69.2854,45.17867],[-69.29231,45.17707],[-69.29801,45.17184],[-69.31444,45.17521],[-69.34143,45.17097],[-69.35556,45.17155],[-69.36928,45.16656],[-69.37301,45.16763],[-69.37303,45.16459],[-69.38113,45.16372],[-69.35567,45.07347],[-69.49986,45.05378],[-69.52676,45.145],[-69.40209,45.1609],[-69.45446,45.35359],[-69.51884,45.34453],[-69.53687,45.40997]]]}},{"type":"Feature","id":"04091","properties":{"zip":"04091","pop":null,"city":"","county":"Cumberland","state":"Maine","area":15.14,"lat":43.83024,"lon":-70.74841},"geometry":{"type":"Polygon","coordinates":[[[-70.8006,43.8576],[-70.79311,43.85775],[-70.79819,43.8633],[-70.7815,43.87388],[-70.78049,43.86823],[-70.76629,43.87724],[-70.76529,43.87154],[-70.75405,43.87896],[-70.75054,43.87849],[-70.74542,43.87369],[-70.74187,43.87435],[-70.72738,43.85878],[-70.73042,43.85558],[-70.72969,43.85419],[-70.72241,43.85072],[-70.72029,43.84439],[-70.71412,43.83886],[-70.71442,43.82484],[-70.7062,43.81758],[-70.69163,43.80898],[-70.68963,43.80556],[-70.68081,43.80295],[-70.66614,43.79467],[-70.6682,43.79253],[-70.66993,43.79416],[-70.67151,43.79288],[-70.67167,43.78907],[-70.67375,43.7884],[-70.68178,43.79658],[-70.68959,43.79585],[-70.69354,43.79771],[-70.69265,43.80186],[-70.69515,43.8052],[-70.69895,43.80401],[-70.70148,43.79793],[-70.71264,43.79961],[-70.71723,43.79583],[-70.72891,43.79316],[-70.73323,43.78955],[-70.74532,43.78802],[-70.76607,43.79242],[-70.78033,43.80352],[-70.78346,43.81744],[-70.78165,43.82356],[-70.78713,43.8326],[-70.79429,43.83426],[-70.79466,43.84141],[-70.79221,43.84609],[-70.79511,43.85216],[-70.80161,43.85608],[-70.8006,43.8576]]]}},{"type":"Feature","id":"04002","properties":{"zip":"04002","pop":null,"city":"Alfred","county":"York","state":"Maine","area":49.66,"lat":43.49567,"lon":-70.67915},"geometry":{"type":"Polygon","coordinates":[[[-70.79212,43.57549],[-70.79059,43.57098],[-70.78819,43.57121],[-70.78383,43.56497],[-70.78194,43.56519],[-70.77839,43.55828],[-70.76728,43.5482],[-70.76587,43.54314],[-70.76688,43.53817],[-70.76492,43.53537],[-70.71757,43.51215],[-70.6478,43.58251],[-70.64356,43.57568],[-70.5695,43.49628],[-70.64261,43.42042],[-70.64687,43.42051],[-70.65069,43.41753],[-70.65564,43.41712],[-70.66529,43.42239],[-70.67733,43.42537],[-70.69205,43.43456],[-70.69616,43.43478],[-70.70367,43.44085],[-70.70654,43.44612],[-70.71001,43.44719],[-70.70949,43.45053],[-70.71394,43.45088],[-70.72582,43.44389],[-70.73091,43.4435],[-70.73671,43.44794],[-70.73718,43.45316],[-70.73986,43.45603],[-70.74559,43.45847],[-70.75732,43.4596],[-70.76072,43.46616],[-70.77673,43.47622],[-70.77377,43.47905],[-70.77962,43.48265],[-70.77444,43.48776],[-70.78296,43.49171],[-70.7803,43.4919],[-70.79837,43.57466],[-70.79212,43.57549]]]}},{"type":"Feature","id":"04055","properties":{"zip":"04055","pop":null,"city":"Naples","county":"Cumberland","state":"Maine","area":26.81,"lat":43.97064,"lon":-70.61434},"geometry":{"type":"Polygon","coordinates":[[[-70.68949,43.95424],[-70.66461,43.96699],[-70.68542,43.98991],[-70.64787,44.00793],[-70.63337,44.01291],[-70.59563,44.03206],[-70.58164,44.02231],[-70.58479,44.02132],[-70.58259,44.01869],[-70.57452,44.01562],[-70.56385,44.02499],[-70.54409,44.00565],[-70.56669,43.98217],[-70.56346,43.97856],[-70.56587,43.97314],[-70.56842,43.97434],[-70.56747,43.97291],[-70.56993,43.96981],[-70.56738,43.96882],[-70.56746,43.96678],[-70.56878,43.96737],[-70.56796,43.96477],[-70.56944,43.96335],[-70.56647,43.95635],[-70.55727,43.95193],[-70.55864,43.95063],[-70.56113,43.95195],[-70.55985,43.95026],[-70.56203,43.94845],[-70.55983,43.94546],[-70.56168,43.94406],[-70.55703,43.94333],[-70.56007,43.94056],[-70.56146,43.94159],[-70.56376,43.93839],[-70.56612,43.93959],[-70.56562,43.93771],[-70.56957,43.93891],[-70.56825,43.9359],[-70.5729,43.93582],[-70.57175,43.93404],[-70.57618,43.93276],[-70.56985,43.92712],[-70.57546,43.92473],[-70.57537,43.92336],[-70.57375,43.92394],[-70.5766,43.9194],[-70.57331,43.91841],[-70.57618,43.91725],[-70.57241,43.91573],[-70.57297,43.91462],[-70.57985,43.91386],[-70.58059,43.91134],[-70.59667,43.91565],[-70.60278,43.91349],[-70.61062,43.92102],[-70.62387,43.91533],[-70.63896,43.93147],[-70.65743,43.92179],[-70.67214,43.93598],[-70.66971,43.93852],[-70.67224,43.93917],[-70.66998,43.93969],[-70.67275,43.94265],[-70.68657,43.95012],[-70.68949,43.95424]]]}},{"type":"Feature","id":"04863","properties":{"zip":"04863","pop":null,"city":"","county":"Knox","state":"Maine","area":22.26,"lat":44.0788,"lon":-68.8437},"geometry":{"type":"MultiPolygon","coordinates":[[[[-68.89313,44.03659],[-68.89239,44.03919],[-68.88905,44.03943],[-68.88431,44.03078],[-68.89025,44.03259],[-68.88905,44.03037],[-68.89143,44.02986],[-68.8938,44.03311],[-68.89313,44.03659]]],[[[-68.9083,44.0613],[-68.90118,44.06422],[-68.90183,44.06618],[-68.89927,44.06693],[-68.89428,44.06488],[-68.89238,44.06215],[-68.89666,44.05908],[-68.89523,44.04934],[-68.89954,44.05611],[-68.90383,44.05911],[-68.90665,44.05684],[-68.90854,44.05805],[-68.9083,44.0613]]],[[[-68.91185,44.0964],[-68.90878,44.09954],[-68.91092,44.10466],[-68.90902,44.11217],[-68.89903,44.12343],[-68.88739,44.12548],[-68.86362,44.11934],[-68.86124,44.11149],[-68.86909,44.10176],[-68.866,44.10074],[-68.85649,44.10518],[-68.85292,44.11132],[-68.84722,44.11422],[-68.84698,44.12053],[-68.85387,44.12429],[-68.84532,44.12787],[-68.84437,44.13111],[-68.83961,44.13196],[-68.83795,44.12753],[-68.84033,44.11934],[-68.83724,44.11661],[-68.82987,44.11814],[-68.82298,44.12292],[-68.81442,44.11866],[-68.81422,44.11612],[-68.8061,44.11678],[-68.80349,44.11303],[-68.80634,44.11029],[-68.80681,44.10637],[-68.80128,44.10199],[-68.79493,44.10159],[-68.78539,44.09369],[-68.7859,44.08947],[-68.77211,44.07889],[-68.77972,44.06847],[-68.77449,44.06437],[-68.78448,44.054],[-68.79026,44.05408],[-68.79823,44.04304],[-68.80444,44.04524],[-68.80729,44.04353],[-68.80444,44.03789],[-68.80658,44.03533],[-68.81466,44.03243],[-68.82842,44.03157],[-68.83771,44.03601],[-68.84104,44.0408],[-68.84413,44.04046],[-68.84998,44.03564],[-68.8499,44.02829],[-68.85486,44.02704],[-68.86243,44.02935],[-68.85863,44.02456],[-68.86284,44.02504],[-68.87004,44.03174],[-68.87379,44.03945],[-68.87051,44.05088],[-68.88097,44.05942],[-68.87978,44.06403],[-68.8824,44.06608],[-68.87978,44.07513],[-68.88715,44.07906],[-68.89214,44.08776],[-68.89547,44.08691],[-68.89571,44.0683],[-68.9005,44.07502],[-68.90691,44.07852],[-68.90545,44.08981],[-68.90688,44.09425],[-68.91103,44.09412],[-68.91185,44.0964]]],[[[-68.91615,44.04746],[-68.91353,44.05378],[-68.91044,44.0531],[-68.90633,44.04487],[-68.91211,44.04148],[-68.91805,44.04575],[-68.91615,44.04746]]]]}},{"type":"Feature","id":"04413","properties":{"zip":"04413","pop":null,"city":"","county":"Washington","state":"Maine","area":122.15,"lat":45.55656,"lon":-67.82747},"geometry":{"type":"Polygon","coordinates":[[[-68.03488,45.64216],[-67.93354,45.65914],[-67.93933,45.65093],[-67.93963,45.64782],[-67.93398,45.63528],[-67.93456,45.63261],[-67.93837,45.63119],[-67.93416,45.62163],[-67.93471,45.61817],[-67.93834,45.60664],[-67.94348,45.60089],[-67.94115,45.59844],[-67.94344,45.593],[-67.947,45.58985],[-67.94681,45.58711],[-67.94429,45.58555],[-67.94385,45.57895],[-67.93935,45.57369],[-67.93943,45.56768],[-67.69733,45.6105],[-67.70513,45.6204],[-67.72887,45.63641],[-67.73962,45.64925],[-67.75321,45.66081],[-67.75424,45.66779],[-67.74438,45.67299],[-67.73389,45.66449],[-67.71965,45.66282],[-67.71806,45.66799],[-67.7236,45.67038],[-67.73085,45.67822],[-67.73372,45.68423],[-67.73461,45.68899],[-67.72765,45.68847],[-67.71784,45.67945],[-67.70947,45.68138],[-67.71046,45.67937],[-67.70139,45.6691],[-67.69797,45.65974],[-67.69115,45.65352],[-67.69262,45.65037],[-67.67954,45.63809],[-67.67542,45.63096],[-67.66646,45.62446],[-67.66315,45.62541],[-67.64581,45.6136],[-67.64024,45.61618],[-67.64421,45.62322],[-67.63889,45.62508],[-67.62658,45.61802],[-67.60519,45.53386],[-67.64827,45.52667],[-67.64566,45.51902],[-67.64141,45.51443],[-67.63245,45.50955],[-67.63194,45.50465],[-67.62818,45.50129],[-67.62315,45.50178],[-67.6213,45.50008],[-67.62171,45.49795],[-67.62665,45.4948],[-67.64233,45.49178],[-67.64594,45.49331],[-67.6543,45.4925],[-67.64885,45.48282],[-67.66195,45.48385],[-67.66413,45.48091],[-67.66822,45.48353],[-67.67638,45.48413],[-67.68429,45.47962],[-67.69807,45.48508],[-67.707,45.48408],[-67.72083,45.49316],[-67.73588,45.49478],[-67.74285,45.51051],[-67.80484,45.50203],[-67.80204,45.49836],[-67.80619,45.49259],[-67.80389,45.48861],[-67.79966,45.48731],[-67.8007,45.48389],[-67.7965,45.48024],[-67.80469,45.48108],[-67.80568,45.47628],[-67.80794,45.47512],[-67.81239,45.47688],[-67.81492,45.48182],[-67.82013,45.48533],[-67.8202,45.48122],[-67.83226,45.48797],[-67.83684,45.48668],[-67.83729,45.48257],[-67.84673,45.48445],[-67.85278,45.47862],[-67.85423,45.47997],[-67.85263,45.48354],[-67.85521,45.48336],[-67.85743,45.48086],[-67.85635,45.47925],[-67.85824,45.47766],[-67.85716,45.47916],[-67.86188,45.47999],[-67.86133,45.48349],[-67.86574,45.48661],[-67.86881,45.49331],[-67.87445,45.49256],[-67.87445,45.48811],[-67.89205,45.485],[-67.89069,45.4822],[-67.89477,45.47251],[-67.90351,45.46046],[-67.90641,45.45982],[-67.91053,45.46379],[-67.91473,45.46324],[-67.92369,45.46766],[-67.93151,45.47786],[-67.99324,45.46702],[-68.04801,45.6399],[-68.03488,45.64216]]]}},{"type":"Feature","id":"04476","properties":{"zip":"04476","pop":null,"city":"","county":"Hancock","state":"Maine","area":31.81,"lat":44.47473,"lon":-68.70514},"geometry":{"type":"Polygon","coordinates":[[[-68.78685,44.46343],[-68.77782,44.48497],[-68.77782,44.4948],[-68.7798,44.49965],[-68.76914,44.50292],[-68.76813,44.50106],[-68.76983,44.49982],[-68.62552,44.54082],[-68.62148,44.53238],[-68.62099,44.52602],[-68.62268,44.52208],[-68.62117,44.51645],[-68.60732,44.50862],[-68.59945,44.49308],[-68.63037,44.50538],[-68.70211,44.39805],[-68.70466,44.39807],[-68.70302,44.40176],[-68.70528,44.40435],[-68.71715,44.41348],[-68.71909,44.41404],[-68.72577,44.40984],[-68.73029,44.41145],[-68.74597,44.42791],[-68.76279,44.42483],[-68.77219,44.43057],[-68.76964,44.43229],[-68.77654,44.43563],[-68.77704,44.44317],[-68.78046,44.44825],[-68.78328,44.44716],[-68.78281,44.45511],[-68.78685,44.46343]]]}},{"type":"Feature","id":"04106","properties":{"zip":"04106","pop":null,"city":"South Portland","county":"Cumberland","state":"Maine","area":9.6,"lat":43.63073,"lon":-70.29009},"geometry":{"type":"Polygon","coordinates":[[[-70.35482,43.64441],[-70.31366,43.64958],[-70.31721,43.64597],[-70.28696,43.64572],[-70.2809,43.63905],[-70.26223,43.64192],[-70.23895,43.65799],[-70.23159,43.65108],[-70.22517,43.65023],[-70.2267,43.64317],[-70.22422,43.64214],[-70.2217,43.63411],[-70.22655,43.63523],[-70.23315,43.63339],[-70.24094,43.62889],[-70.25194,43.61853],[-70.25843,43.62165],[-70.26154,43.61796],[-70.26582,43.61862],[-70.26965,43.6152],[-70.26634,43.61339],[-70.26634,43.61131],[-70.26822,43.6091],[-70.27177,43.60994],[-70.28108,43.59749],[-70.31369,43.61403],[-70.31771,43.61003],[-70.32039,43.61192],[-70.32108,43.61773],[-70.37055,43.64244],[-70.35482,43.64441]]]}},{"type":"Feature","id":"04072","properties":{"zip":"04072","pop":null,"city":"Saco","county":"York","state":"Maine","area":28.51,"lat":43.53907,"lon":-70.4624},"geometry":{"type":"Polygon","coordinates":[[[-70.54765,43.55],[-70.49201,43.60677],[-70.45179,43.58751],[-70.45346,43.58587],[-70.39009,43.55371],[-70.42526,43.51767],[-70.41514,43.51834],[-70.41737,43.51442],[-70.41656,43.50939],[-70.41441,43.50277],[-70.41183,43.50056],[-70.40457,43.49794],[-70.39924,43.49843],[-70.39716,43.49627],[-70.38453,43.49673],[-70.38562,43.48703],[-70.38293,43.46967],[-70.37762,43.46125],[-70.39252,43.46379],[-70.40014,43.47371],[-70.40797,43.47463],[-70.41094,43.4766],[-70.41071,43.47911],[-70.41688,43.47981],[-70.42106,43.48298],[-70.43279,43.48454],[-70.4352,43.49014],[-70.45185,43.49419],[-70.45109,43.49809],[-70.45291,43.49958],[-70.46377,43.49865],[-70.47404,43.50264],[-70.48214,43.49896],[-70.50346,43.49887],[-70.5099,43.50614],[-70.5147,43.50837],[-70.51858,43.51577],[-70.5258,43.51988],[-70.52871,43.52562],[-70.51888,43.53765],[-70.51405,43.54055],[-70.51313,43.54503],[-70.51993,43.54526],[-70.53007,43.55464],[-70.54249,43.54917],[-70.54765,43.55]]]}},{"type":"Feature","id":"04925","properties":{"zip":"04925","pop":null,"city":"","county":"Somerset","state":"Maine","area":40.04,"lat":45.21483,"lon":-69.90483},"geometry":{"type":"Polygon","coordinates":[[[-70.00133,45.23589],[-69.99187,45.2455],[-69.99033,45.24817],[-69.99113,45.25214],[-69.93688,45.26001],[-69.93241,45.26584],[-69.92468,45.27112],[-69.9199,45.26896],[-69.91386,45.27057],[-69.91068,45.2675],[-69.91062,45.26476],[-69.91306,45.26338],[-69.83494,45.27428],[-69.83022,45.24837],[-69.82766,45.24162],[-69.82208,45.23795],[-69.81937,45.22252],[-69.81159,45.21442],[-69.80913,45.20777],[-69.80987,45.20187],[-69.81695,45.17657],[-69.96659,45.15694],[-69.9788,45.16147],[-69.98342,45.16465],[-69.98693,45.17024],[-69.98504,45.18547],[-69.98711,45.20069],[-69.99563,45.22566],[-70.00133,45.23589]]]}},{"type":"Feature","id":"04282","properties":{"zip":"04282","pop":null,"city":"Turner","county":"Androscoggin","state":"Maine","area":44.8,"lat":44.26703,"lon":-70.24279},"geometry":{"type":"Polygon","coordinates":[[[-70.31449,44.23725],[-70.26522,44.36291],[-70.1879,44.34317],[-70.19877,44.33273],[-70.19582,44.32999],[-70.18831,44.32805],[-70.18356,44.32322],[-70.18459,44.31908],[-70.17852,44.29937],[-70.17891,44.29274],[-70.17445,44.28541],[-70.17709,44.27555],[-70.17454,44.26998],[-70.17947,44.25619],[-70.18823,44.24333],[-70.19021,44.23134],[-70.18857,44.21892],[-70.20322,44.19902],[-70.21249,44.17857],[-70.32522,44.2084],[-70.31449,44.23725]]]}},{"type":"Feature","id":"04459","properties":{"zip":"04459","pop":null,"city":"Mattawamkeag","county":"Aroostook","state":"Maine","area":55.4,"lat":45.58888,"lon":-68.33945},"geometry":{"type":"Polygon","coordinates":[[[-68.433,45.5812],[-68.43246,45.66783],[-68.37749,45.66892],[-68.37572,45.67594],[-68.36013,45.67645],[-68.35282,45.68008],[-68.33698,45.68285],[-68.33383,45.68727],[-68.3255,45.69032],[-68.32452,45.68897],[-68.32762,45.68798],[-68.32837,45.68549],[-68.32514,45.68241],[-68.3271,45.67959],[-68.32325,45.67495],[-68.32159,45.67532],[-68.31999,45.66883],[-68.29942,45.66897],[-68.30081,45.59053],[-68.2575,45.59795],[-68.22803,45.51543],[-68.36321,45.49555],[-68.36289,45.49841],[-68.3577,45.50413],[-68.35911,45.51234],[-68.36939,45.53978],[-68.3905,45.55931],[-68.40035,45.56448],[-68.41088,45.57334],[-68.41439,45.57285],[-68.43303,45.57848],[-68.433,45.5812]]]}},{"type":"Feature","id":"04961","properties":{"zip":"04961","pop":null,"city":"","county":"Somerset","state":"Maine","area":290.13,"lat":45.16008,"lon":-70.16634},"geometry":{"type":"Polygon","coordinates":[[[-70.45988,45.3079],[-70.45836,45.31414],[-70.45337,45.32116],[-70.44401,45.32343],[-70.42985,45.33778],[-70.4186,45.34183],[-70.40489,45.33867],[-70.38866,45.32561],[-70.38712,45.32059],[-70.38324,45.31729],[-70.36857,45.31635],[-70.36505,45.31327],[-70.36646,45.31237],[-70.36477,45.31063],[-70.35682,45.31125],[-70.34368,45.30501],[-70.3223,45.31314],[-70.31927,45.3158],[-70.30017,45.31542],[-70.28929,45.31222],[-70.28855,45.31058],[-70.27655,45.31],[-70.27083,45.31397],[-70.24459,45.31641],[-70.241,45.31511],[-70.24211,45.31311],[-70.24033,45.31197],[-70.23654,45.31145],[-70.2289,45.30104],[-70.22552,45.30199],[-70.21678,45.29968],[-70.19773,45.30125],[-70.19978,45.30167],[-70.19949,45.30437],[-70.20503,45.31251],[-70.19416,45.31387],[-70.18126,45.30964],[-70.17765,45.31144],[-70.17711,45.30952],[-70.17145,45.31039],[-70.16986,45.31196],[-70.17186,45.31545],[-70.16512,45.32323],[-70.1555,45.32878],[-70.14754,45.33045],[-70.12826,45.33209],[-70.10847,45.32738],[-70.08537,45.3325],[-70.08047,45.33083],[-70.07718,45.33138],[-70.06703,45.33934],[-70.03194,45.34014],[-70.02679,45.34329],[-70.01168,45.34403],[-70.00388,45.34999],[-69.9896,45.34956],[-69.97533,45.34327],[-69.96962,45.33129],[-69.98258,45.31977],[-69.98375,45.31716],[-69.98134,45.31059],[-69.98216,45.30644],[-69.99125,45.29925],[-69.99325,45.29368],[-69.9942,45.28923],[-69.99206,45.28461],[-69.99636,45.27613],[-69.99762,45.2661],[-69.99033,45.24817],[-70.00133,45.23589],[-69.99563,45.22566],[-69.98711,45.20069],[-69.98504,45.18547],[-69.98693,45.17024],[-69.98342,45.16465],[-69.9788,45.16147],[-69.96659,45.15694],[-70.0292,45.1475],[-69.97943,44.96441],[-70.0135,44.95975],[-70.00017,44.89735],[-69.99379,44.89369],[-69.98731,44.88016],[-69.99468,44.87916],[-69.99293,44.86963],[-70.12993,44.85077],[-70.14159,44.89577],[-70.14263,44.89707],[-70.14908,44.8961],[-70.15259,44.9103],[-70.14477,44.91148],[-70.15211,44.94185],[-70.11037,44.94731],[-70.12243,45.00006],[-70.15937,45.1284],[-70.29383,45.1099],[-70.30849,45.16318],[-70.31185,45.16285],[-70.31248,45.16468],[-70.36491,45.1576],[-70.36357,45.15248],[-70.41852,45.144],[-70.46008,45.30153],[-70.45988,45.3079]]]}},{"type":"Feature","id":"04986","properties":{"zip":"04986","pop":null,"city":"","county":"Waldo","state":"Maine","area":39.13,"lat":44.55276,"lon":-69.2231},"geometry":{"type":"Polygon","coordinates":[[[-69.29165,44.53391],[-69.2834,44.55481],[-69.28269,44.57194],[-69.28593,44.62712],[-69.20425,44.64063],[-69.14845,44.48217],[-69.14617,44.47156],[-69.20176,44.46479],[-69.20344,44.47136],[-69.25094,44.50634],[-69.27373,44.51772],[-69.27841,44.51759],[-69.28921,44.52267],[-69.29165,44.53391]]]}},{"type":"Feature","id":"04017","properties":{"zip":"04017","pop":null,"city":"","county":"Cumberland","state":"Maine","area":2.56,"lat":43.72994,"lon":-70.11324},"geometry":{"type":"MultiPolygon","coordinates":[[[[-70.08161,43.71262],[-70.07876,43.7152],[-70.0721,43.71896],[-70.0713,43.71377],[-70.07928,43.70699],[-70.08161,43.71262]]],[[[-70.08969,43.71503],[-70.08375,43.72052],[-70.07971,43.72087],[-70.08422,43.71417],[-70.08826,43.71296],[-70.08969,43.71503]]],[[[-70.09285,43.68784],[-70.08726,43.69103],[-70.08804,43.6848],[-70.09285,43.68784]]],[[[-70.09611,43.72413],[-70.0904,43.73134],[-70.08636,43.73237],[-70.08541,43.73083],[-70.08945,43.72636],[-70.09587,43.72155],[-70.09611,43.72413]]],[[[-70.12368,43.70145],[-70.11869,43.70781],[-70.11179,43.71004],[-70.11203,43.70747],[-70.12225,43.70008],[-70.12368,43.70145]]],[[[-70.13814,43.72756],[-70.12935,43.73683],[-70.12582,43.74545],[-70.11503,43.74915],[-70.10792,43.74791],[-70.10341,43.75611],[-70.09783,43.7585],[-70.09613,43.75724],[-70.09834,43.75285],[-70.09749,43.74834],[-70.10087,43.74613],[-70.1111,43.73068],[-70.10733,43.72541],[-70.11053,43.72181],[-70.11171,43.72463],[-70.11678,43.72294],[-70.11536,43.71724],[-70.1192,43.7163],[-70.12068,43.71257],[-70.12815,43.70856],[-70.12815,43.71054],[-70.12382,43.71289],[-70.12623,43.71526],[-70.12376,43.71883],[-70.12677,43.72075],[-70.13298,43.71861],[-70.1372,43.72091],[-70.13814,43.72756]]],[[[-70.14898,43.71455],[-70.14519,43.71472],[-70.14446,43.71352],[-70.14502,43.71237],[-70.14898,43.71455]]]]}},{"type":"Feature","id":"04548","properties":{"zip":"04548","pop":null,"city":"","county":"Sagadahoc","state":"Maine","area":18.61,"lat":43.8149,"lon":-69.74798},"geometry":{"type":"MultiPolygon","coordinates":[[[[-69.76031,43.71044],[-69.75904,43.71305],[-69.75432,43.71004],[-69.75409,43.70712],[-69.75718,43.70334],[-69.76003,43.70558],[-69.76031,43.71044]]],[[[-69.78794,43.80074],[-69.78034,43.80975],[-69.77728,43.82379],[-69.76588,43.84001],[-69.7671,43.84384],[-69.77048,43.84419],[-69.77268,43.84962],[-69.76688,43.85965],[-69.7595,43.86232],[-69.75969,43.86859],[-69.76495,43.8719],[-69.75066,43.89111],[-69.74353,43.89354],[-69.72946,43.87663],[-69.73048,43.86871],[-69.72481,43.85981],[-69.7229,43.85307],[-69.71438,43.8506],[-69.70284,43.85466],[-69.7018,43.85076],[-69.70655,43.83516],[-69.70441,43.82676],[-69.70584,43.82041],[-69.71487,43.81026],[-69.7178,43.80105],[-69.71707,43.7924],[-69.72156,43.782],[-69.73293,43.77289],[-69.74101,43.76929],[-69.75409,43.74387],[-69.76597,43.74577],[-69.76746,43.74307],[-69.76961,43.75018],[-69.77993,43.75448],[-69.78443,43.75969],[-69.78336,43.77324],[-69.78685,43.78435],[-69.78794,43.80074]]]]}},{"type":"Feature","id":"04732","properties":{"zip":"04732","pop":null,"city":"","county":"Aroostook","state":"Maine","area":187.71,"lat":46.56662,"lon":-68.49317},"geometry":{"type":"MultiPolygon","coordinates":[[[[-68.69459,46.47319],[-68.68974,46.47592],[-68.6863,46.48757],[-68.66758,46.50512],[-68.66242,46.51263],[-68.66252,46.5229],[-68.65828,46.52811],[-68.65939,46.55163],[-68.65266,46.55943],[-68.64845,46.56068],[-68.64044,46.55571],[-68.62944,46.55226],[-68.62553,46.55358],[-68.61529,46.54574],[-68.61085,46.54504],[-68.61304,46.54245],[-68.60969,46.5414],[-68.61155,46.54074],[-68.61085,46.53953],[-68.60399,46.54255],[-68.6042,46.54495],[-68.60115,46.54447],[-68.59933,46.5524],[-68.59148,46.5559],[-68.5936,46.55867],[-68.59075,46.56256],[-68.5876,46.56249],[-68.58903,46.56393],[-68.58651,46.56484],[-68.58589,46.56946],[-68.58317,46.57163],[-68.58254,46.58071],[-68.58019,46.58395],[-68.57714,46.58443],[-68.56617,46.59456],[-68.56079,46.59575],[-68.56163,46.67955],[-68.55754,46.67963],[-68.55319,46.67512],[-68.534,46.66627],[-68.52446,46.67523],[-68.50539,46.67222],[-68.4919,46.66489],[-68.48901,46.66665],[-68.48945,46.66992],[-68.48122,46.6705],[-68.47823,46.6772],[-68.48454,46.6787],[-68.48717,46.68215],[-68.47718,46.68888],[-68.47746,46.69994],[-68.47231,46.70376],[-68.46591,46.71657],[-68.46562,46.72411],[-68.45293,46.74474],[-68.30053,46.74524],[-68.30072,46.65781],[-68.30301,46.65777],[-68.30399,46.62475],[-68.30474,46.46939],[-68.6946,46.47093],[-68.69459,46.47319]]],[[[-68.82263,46.67141],[-68.81438,46.67853],[-68.81571,46.68395],[-68.81332,46.68831],[-68.78857,46.68932],[-68.77592,46.68435],[-68.75407,46.68101],[-68.74248,46.67623],[-68.73803,46.67162],[-68.73796,46.66848],[-68.7344,46.66832],[-68.73649,46.66286],[-68.81364,46.66249],[-68.82198,46.66436],[-68.82263,46.67141]]],[[[-68.95051,46.36235],[-68.92514,46.37135],[-68.91845,46.36884],[-68.91955,46.36372],[-68.91753,46.36508],[-68.91509,46.36269],[-68.91173,46.36573],[-68.90727,46.36474],[-68.90731,46.3633],[-68.89087,46.36156],[-68.88621,46.35756],[-68.87631,46.35426],[-68.85993,46.35404],[-68.85735,46.35573],[-68.8527,46.35505],[-68.84708,46.35094],[-68.84686,46.35298],[-68.83968,46.35616],[-68.82301,46.35515],[-68.82279,46.35161],[-68.81985,46.34949],[-68.82029,46.30507],[-68.95117,46.30617],[-68.95051,46.36235]]]]}},{"type":"Feature","id":"04736","properties":{"zip":"04736","pop":null,"city":"Caribou","county":"Aroostook","state":"Maine","area":108.19,"lat":46.90668,"lon":-68.01984},"geometry":{"type":"Polygon","coordinates":[[[-68.1787,46.92886],[-68.06229,46.93144],[-68.06403,47.00007],[-68.06298,47.04637],[-67.93115,47.04837],[-67.93032,47.00961],[-67.90599,47.01253],[-67.90833,46.99106],[-67.91846,46.99081],[-67.91856,46.9759],[-67.90192,46.97581],[-67.90508,46.96957],[-67.89964,46.9672],[-67.89919,46.96403],[-67.90698,46.96221],[-67.90782,46.95817],[-67.92928,46.95789],[-67.9267,46.86578],[-67.91913,46.86598],[-67.91922,46.77893],[-68.05653,46.77568],[-68.0594,46.83932],[-68.1773,46.83704],[-68.1787,46.92886]]]}},{"type":"Feature","id":"04966","properties":{"zip":"04966","pop":null,"city":"","county":"Franklin","state":"Maine","area":169.57,"lat":44.82487,"lon":-70.47869},"geometry":{"type":"Polygon","coordinates":[[[-70.7739,44.83974],[-70.48744,44.86997],[-70.50365,44.95277],[-70.37655,44.96824],[-70.36858,44.9368],[-70.36247,44.93353],[-70.36085,44.92107],[-70.35537,44.92065],[-70.34894,44.90438],[-70.3279,44.86491],[-70.26746,44.88417],[-70.25352,44.83112],[-70.2644,44.828],[-70.26322,44.82509],[-70.26047,44.82551],[-70.25876,44.82114],[-70.26144,44.82064],[-70.25869,44.81383],[-70.25515,44.81343],[-70.25144,44.81692],[-70.23686,44.75716],[-70.35593,44.71797],[-70.38961,44.787],[-70.5638,44.71319],[-70.61503,44.79563],[-70.76923,44.73223],[-70.7739,44.83974]]]}},{"type":"Feature","id":"04358","properties":{"zip":"04358","pop":null,"city":"","county":"Kennebec","state":"Maine","area":40.52,"lat":44.41825,"lon":-69.53277},"geometry":{"type":"Polygon","coordinates":[[[-69.6174,44.37448],[-69.61508,44.37415],[-69.61525,44.38238],[-69.61356,44.38251],[-69.56498,44.48387],[-69.54327,44.4806],[-69.53855,44.49808],[-69.51399,44.49451],[-69.51533,44.49044],[-69.46969,44.48223],[-69.4697,44.46715],[-69.4455,44.46384],[-69.50638,44.34287],[-69.61037,44.35921],[-69.61324,44.36257],[-69.61184,44.36846],[-69.61541,44.36994],[-69.6174,44.37448]],[[-69.51755,44.47794],[-69.51199,44.47904],[-69.5136,44.48006],[-69.51277,44.48188],[-69.51573,44.48291],[-69.51755,44.47794]]]}},{"type":"Feature","id":"04623","properties":{"zip":"04623","pop":null,"city":"","county":"Washington","state":"Maine","area":85.92,"lat":44.70782,"lon":-67.70832},"geometry":{"type":"Polygon","coordinates":[[[-67.90224,44.70031],[-67.90352,44.70059],[-67.89756,44.70611],[-67.88333,44.70566],[-67.87926,44.70132],[-67.77717,44.71741],[-67.78151,44.73297],[-67.76009,44.73689],[-67.75688,44.73923],[-67.75969,44.7429],[-67.75683,44.75309],[-67.75707,44.76008],[-67.76049,44.76914],[-67.75564,44.77003],[-67.75534,44.77151],[-67.76317,44.77045],[-67.76139,44.77374],[-67.75464,44.77515],[-67.75395,44.77752],[-67.73775,44.77992],[-67.73532,44.77752],[-67.73346,44.78244],[-67.73013,44.7826],[-67.72843,44.78563],[-67.72396,44.78729],[-67.72535,44.80225],[-67.7226,44.80544],[-67.71391,44.80761],[-67.70968,44.80676],[-67.70534,44.78202],[-67.69903,44.77378],[-67.69393,44.7708],[-67.69571,44.76756],[-67.58361,44.80152],[-67.52344,44.70376],[-67.52855,44.69664],[-67.53749,44.69004],[-67.54718,44.67527],[-67.56863,44.68033],[-67.56727,44.68282],[-67.57211,44.6912],[-67.57548,44.69303],[-67.57439,44.69622],[-67.58386,44.70515],[-67.67171,44.68156],[-67.66907,44.67155],[-67.67284,44.67122],[-67.6656,44.64504],[-67.79115,44.62565],[-67.79351,44.63316],[-67.85834,44.62221],[-67.8607,44.62949],[-67.86988,44.62867],[-67.89206,44.69916],[-67.90433,44.69708],[-67.90224,44.70031]]]}},{"type":"Feature","id":"04686","properties":{"zip":"04686","pop":null,"city":"","county":"Washington","state":"Maine","area":86.98,"lat":44.98612,"lon":-67.69021},"geometry":{"type":"Polygon","coordinates":[[[-67.83651,45.03459],[-67.83351,45.04492],[-67.82943,45.0507],[-67.82082,45.05829],[-67.8099,45.06153],[-67.80881,45.07054],[-67.80518,45.07621],[-67.76239,45.08375],[-67.70652,45.08925],[-67.69202,45.09426],[-67.67267,45.10484],[-67.66244,45.09842],[-67.64584,45.09572],[-67.63777,45.09714],[-67.6329,45.10236],[-67.62718,45.09829],[-67.62219,45.0981],[-67.61911,45.09584],[-67.61187,45.09864],[-67.60325,45.09121],[-67.60102,45.09118],[-67.59746,45.0854],[-67.59492,45.08601],[-67.58959,45.07792],[-67.65961,45.05885],[-67.56104,44.8851],[-67.65676,44.85621],[-67.6807,44.85137],[-67.67862,44.85371],[-67.68052,44.85398],[-67.67905,44.85507],[-67.67988,44.85735],[-67.68383,44.85652],[-67.68401,44.85971],[-67.68198,44.8602],[-67.68129,44.86293],[-67.68753,44.86535],[-67.68422,44.86662],[-67.68389,44.86898],[-67.68818,44.87149],[-67.68698,44.87333],[-67.69107,44.87709],[-67.69108,44.88058],[-67.69948,44.88216],[-67.69894,44.88429],[-67.70391,44.88606],[-67.70351,44.88899],[-67.70587,44.88925],[-67.71176,44.91002],[-67.71574,44.90983],[-67.72192,44.91282],[-67.73186,44.91314],[-67.72922,44.92253],[-67.73625,44.92724],[-67.73847,44.93155],[-67.73847,44.93452],[-67.73495,44.93804],[-67.73555,44.94017],[-67.75001,44.94727],[-67.76156,44.94645],[-67.76228,44.95009],[-67.77384,44.96119],[-67.77536,44.96363],[-67.77383,44.97107],[-67.77723,44.97286],[-67.77727,44.97609],[-67.78583,44.98495],[-67.78219,44.98542],[-67.78064,44.98787],[-67.78715,44.98887],[-67.7874,44.98687],[-67.79045,44.99024],[-67.78745,44.99929],[-67.78395,45.00075],[-67.78274,45.00351],[-67.78429,45.00735],[-67.79392,45.0067],[-67.8046,45.0267],[-67.81115,45.03218],[-67.82219,45.03295],[-67.83038,45.03],[-67.83884,45.03225],[-67.83651,45.03459]]]}},{"type":"Feature","id":"04848","properties":{"zip":"04848","pop":null,"city":"","county":"Waldo","state":"Maine","area":11.98,"lat":44.31105,"lon":-68.90885},"geometry":{"type":"MultiPolygon","coordinates":[[[[-68.94229,44.28436],[-68.93785,44.29198],[-68.93547,44.29091],[-68.93121,44.29344],[-68.9282,44.30323],[-68.91616,44.31208],[-68.91139,44.31328],[-68.91353,44.31753],[-68.90403,44.32212],[-68.9026,44.3245],[-68.90925,44.32977],[-68.91377,44.32841],[-68.91353,44.32501],[-68.91805,44.3245],[-68.91947,44.33759],[-68.91258,44.3398],[-68.90884,44.34536],[-68.90883,44.35137],[-68.91191,44.35344],[-68.91163,44.36503],[-68.90637,44.37385],[-68.90176,44.37471],[-68.90353,44.37861],[-68.89846,44.38026],[-68.88549,44.37787],[-68.88216,44.37957],[-68.88287,44.39197],[-68.88008,44.39309],[-68.8754,44.38368],[-68.86844,44.38144],[-68.86457,44.37481],[-68.86482,44.3669],[-68.86044,44.36491],[-68.86545,44.35858],[-68.8641,44.35488],[-68.87241,44.34397],[-68.89068,44.3364],[-68.89284,44.33202],[-68.89095,44.32671],[-68.89497,44.32795],[-68.89729,44.32663],[-68.89379,44.31758],[-68.89998,44.31566],[-68.89975,44.31192],[-68.8938,44.30597],[-68.88644,44.30443],[-68.89114,44.29735],[-68.89471,44.29635],[-68.89653,44.29365],[-68.89476,44.29169],[-68.89968,44.28605],[-68.89825,44.28373],[-68.90307,44.27994],[-68.90765,44.26422],[-68.90642,44.2589],[-68.9137,44.25184],[-68.91211,44.24947],[-68.91258,44.24453],[-68.93024,44.23096],[-68.93207,44.23312],[-68.93148,44.23669],[-68.9247,44.25083],[-68.92423,44.25883],[-68.92732,44.26513],[-68.92209,44.26683],[-68.92161,44.27228],[-68.92565,44.27619],[-68.92446,44.28351],[-68.92827,44.28385],[-68.92732,44.28997],[-68.93516,44.28181],[-68.93991,44.2796],[-68.94339,44.28073],[-68.94229,44.28436]]],[[[-68.95194,44.21962],[-68.93849,44.2384],[-68.94039,44.24487],[-68.93183,44.24862],[-68.93255,44.24164],[-68.93778,44.23397],[-68.93968,44.22648],[-68.94396,44.22069],[-68.94825,44.21986],[-68.95085,44.21711],[-68.95194,44.21962]]],[[[-68.95679,44.20757],[-68.95346,44.20825],[-68.95237,44.20568],[-68.95494,44.20286],[-68.95815,44.20285],[-68.95679,44.20757]]],[[[-68.96558,44.25543],[-68.96551,44.25867],[-68.96273,44.26139],[-68.9594,44.25798],[-68.95631,44.26156],[-68.9537,44.27279],[-68.94925,44.27376],[-68.9481,44.27768],[-68.94324,44.27534],[-68.94015,44.2767],[-68.93635,44.27568],[-68.93326,44.27279],[-68.9335,44.26956],[-68.94514,44.26173],[-68.94182,44.25934],[-68.93706,44.25951],[-68.93635,44.25662],[-68.9373,44.25509],[-68.94087,44.2556],[-68.94586,44.24828],[-68.95204,44.24845],[-68.95529,44.24362],[-68.95774,44.24673],[-68.96684,44.25089],[-68.96558,44.25543]]]]}},{"type":"Feature","id":"04488","properties":{"zip":"04488","pop":null,"city":"","county":"Penobscot","state":"Maine","area":25.94,"lat":44.87588,"lon":-69.11144},"geometry":{"type":"Polygon","coordinates":[[[-69.18353,44.91077],[-69.06239,44.92695],[-69.03921,44.84096],[-69.16072,44.82491],[-69.18353,44.91077]]]}},{"type":"Feature","id":"04737","properties":{"zip":"04737","pop":null,"city":"","county":"Aroostook","state":"Maine","area":1.52,"lat":46.61635,"lon":-69.52169},"geometry":{"type":"Polygon","coordinates":[[[-69.55446,46.61434],[-69.54608,46.61395],[-69.53649,46.61633],[-69.51147,46.63137],[-69.50553,46.62998],[-69.50282,46.62034],[-69.50458,46.61746],[-69.50186,46.61321],[-69.50266,46.61003],[-69.51106,46.60661],[-69.51955,46.6057],[-69.52111,46.60924],[-69.53023,46.61052],[-69.54313,46.60892],[-69.54293,46.60703],[-69.54774,46.60664],[-69.55112,46.60874],[-69.55373,46.60817],[-69.55446,46.61434]]]}},{"type":"Feature","id":"04429","properties":{"zip":"04429","pop":null,"city":"","county":"Hancock","state":"Maine","area":54.62,"lat":44.72043,"lon":-68.61699},"geometry":{"type":"Polygon","coordinates":[[[-68.7277,44.75023],[-68.67105,44.81734],[-68.59187,44.78351],[-68.59097,44.7758],[-68.59783,44.76879],[-68.60958,44.76261],[-68.61412,44.75607],[-68.61177,44.74694],[-68.61667,44.74099],[-68.52854,44.75217],[-68.50292,44.65504],[-68.55427,44.64847],[-68.55512,44.65136],[-68.5684,44.64952],[-68.56774,44.6463],[-68.62447,44.63871],[-68.65117,44.65577],[-68.63794,44.66652],[-68.69093,44.72167],[-68.72078,44.69967],[-68.73236,44.72183],[-68.72189,44.72737],[-68.72478,44.72857],[-68.72027,44.73386],[-68.73514,44.74008],[-68.7277,44.75023]]]}},{"type":"Feature","id":"04027","properties":{"zip":"04027","pop":null,"city":"","county":"York","state":"Maine","area":40.63,"lat":43.4032,"lon":-70.91161},"geometry":{"type":"Polygon","coordinates":[[[-70.98773,43.39151],[-70.98739,43.39346],[-70.98288,43.39481],[-70.98256,43.39778],[-70.98668,43.40354],[-70.98681,43.41426],[-70.9829,43.41933],[-70.97104,43.42561],[-70.96836,43.42928],[-70.96878,43.43489],[-70.96115,43.43832],[-70.96164,43.44304],[-70.9669,43.45046],[-70.96045,43.46659],[-70.96443,43.47328],[-70.97296,43.47502],[-70.97424,43.47742],[-70.96913,43.48016],[-70.94325,43.46131],[-70.93574,43.46387],[-70.92605,43.45557],[-70.90506,43.47018],[-70.90008,43.46586],[-70.87207,43.46911],[-70.8568,43.45631],[-70.85992,43.45424],[-70.83522,43.43624],[-70.84777,43.42764],[-70.81347,43.40159],[-70.85724,43.37244],[-70.92359,43.32456],[-70.93078,43.32957],[-70.93273,43.33676],[-70.93711,43.33737],[-70.95303,43.33326],[-70.95653,43.33469],[-70.96044,43.34105],[-70.96723,43.34378],[-70.97486,43.35797],[-70.97416,43.36292],[-70.97641,43.36727],[-70.98434,43.37613],[-70.98596,43.38002],[-70.9852,43.38674],[-70.98773,43.39151]]]}},{"type":"Feature","id":"04495","properties":{"zip":"04495","pop":null,"city":"","county":"Penobscot","state":"Maine","area":30.71,"lat":45.45459,"lon":-68.32981},"geometry":{"type":"Polygon","coordinates":[[[-68.44068,45.43903],[-68.42915,45.44515],[-68.41965,45.45491],[-68.39143,45.46854],[-68.38367,45.47747],[-68.38048,45.48438],[-68.36847,45.48916],[-68.36321,45.49555],[-68.26678,45.50993],[-68.24132,45.4266],[-68.36858,45.40615],[-68.44248,45.43834],[-68.44068,45.43903]]]}},{"type":"Feature","id":"04612","properties":{"zip":"04612","pop":null,"city":"","county":"Hancock","state":"Maine","area":3.42,"lat":44.2596,"lon":-68.37726},"geometry":{"type":"Polygon","coordinates":[[[-68.39907,44.25503],[-68.39796,44.26279],[-68.39612,44.26349],[-68.39456,44.26848],[-68.3997,44.28041],[-68.39814,44.2831],[-68.38675,44.28273],[-68.37871,44.27734],[-68.35874,44.27843],[-68.35493,44.27278],[-68.36006,44.26918],[-68.36382,44.27081],[-68.36671,44.26744],[-68.36388,44.26593],[-68.36849,44.25836],[-68.3608,44.25124],[-68.35787,44.24506],[-68.35316,44.24629],[-68.35567,44.24425],[-68.35201,44.2406],[-68.35181,44.23719],[-68.35998,44.2344],[-68.36067,44.22753],[-68.36456,44.22637],[-68.36948,44.23202],[-68.36536,44.23787],[-68.36976,44.24331],[-68.37798,44.24756],[-68.38959,44.24517],[-68.39468,44.25006],[-68.40127,44.25224],[-68.39907,44.25503]]]}},{"type":"Feature","id":"04652","properties":{"zip":"04652","pop":null,"city":"","county":"Washington","state":"Maine","area":57.0,"lat":44.82233,"lon":-67.07453},"geometry":{"type":"Polygon","coordinates":[[[-67.16957,44.79957],[-67.16446,44.80179],[-67.16124,44.81276],[-67.15314,44.81728],[-67.14305,44.83092],[-67.14649,44.87834],[-67.12907,44.87992],[-67.12443,44.88788],[-67.11142,44.89048],[-67.09899,44.90194],[-67.08603,44.90817],[-67.04776,44.91047],[-67.02929,44.90349],[-67.02039,44.89415],[-67.01359,44.89085],[-67.00615,44.88791],[-66.9981,44.8873],[-66.99855,44.87415],[-66.98592,44.87395],[-66.98003,44.85597],[-66.99296,44.84918],[-66.99652,44.84465],[-66.98858,44.83726],[-66.99001,44.83102],[-66.98882,44.82495],[-66.9824,44.81147],[-66.97504,44.81298],[-66.97501,44.81549],[-66.96647,44.81906],[-66.95211,44.82007],[-66.94989,44.81742],[-66.95057,44.81454],[-66.96107,44.80727],[-66.97003,44.80571],[-66.97626,44.80832],[-66.97971,44.80736],[-66.99755,44.78866],[-67.0095,44.78735],[-67.01212,44.77828],[-67.02447,44.77368],[-67.02376,44.77098],[-67.01995,44.77143],[-67.01972,44.76963],[-67.04335,44.76507],[-67.048,44.7612],[-67.05109,44.76238],[-67.04895,44.7644],[-67.05062,44.77486],[-67.05394,44.77537],[-67.05656,44.77166],[-67.06892,44.76896],[-67.06203,44.76541],[-67.06108,44.75968],[-67.06331,44.75824],[-67.06438,44.75193],[-67.07035,44.75141],[-67.07344,44.74196],[-67.08348,44.7399],[-67.09254,44.74269],[-67.1041,44.73993],[-67.10408,44.73706],[-67.09863,44.73368],[-67.09832,44.73045],[-67.10156,44.7279],[-67.10382,44.72245],[-67.10319,44.71924],[-67.10435,44.71685],[-67.10776,44.7161],[-67.10939,44.71144],[-67.11764,44.7119],[-67.11871,44.70639],[-67.16957,44.79957]]]}},{"type":"Feature","id":"04747","properties":{"zip":"04747","pop":null,"city":"","county":"Aroostook","state":"Maine","area":223.57,"lat":45.94851,"lon":-68.19634},"geometry":{"type":"Polygon","coordinates":[[[-68.43694,46.06514],[-68.4,46.06201],[-68.38389,46.06885],[-68.38336,46.07503],[-68.38035,46.07542],[-68.37282,46.07444],[-68.36989,46.06973],[-68.36519,46.06779],[-68.35302,46.07047],[-68.34639,46.0624],[-68.33886,46.04643],[-68.3314,46.03953],[-68.33174,46.03624],[-68.29984,46.03647],[-68.30196,46.12421],[-68.16731,46.1235],[-68.1672,46.03758],[-68.03996,46.03869],[-68.03861,45.94347],[-67.91337,45.944],[-67.91405,45.86487],[-68.03448,45.86418],[-68.03258,45.85428],[-68.16503,45.85593],[-68.16572,45.81838],[-68.17114,45.82019],[-68.16928,45.81276],[-68.17245,45.80736],[-68.17242,45.80501],[-68.16638,45.79835],[-68.1703,45.79712],[-68.1701,45.79422],[-68.16622,45.7907],[-68.16678,45.75791],[-68.29863,45.7586],[-68.29752,45.94543],[-68.4276,45.94459],[-68.43168,45.95244],[-68.43227,46.03557],[-68.4369,46.04289],[-68.43694,46.06514]]]}},{"type":"Feature","id":"04090","properties":{"zip":"04090","pop":null,"city":"","county":"York","state":"Maine","area":42.45,"lat":43.32677,"lon":-70.63364},"geometry":{"type":"Polygon","coordinates":[[[-70.72419,43.3349],[-70.6701,43.39122],[-70.66016,43.38699],[-70.65653,43.3824],[-70.63883,43.38747],[-70.63005,43.38776],[-70.61347,43.38524],[-70.60578,43.38631],[-70.58815,43.38245],[-70.58107,43.37907],[-70.57514,43.37202],[-70.56478,43.36747],[-70.54956,43.35258],[-70.54752,43.34848],[-70.54584,43.3494],[-70.54352,43.3436],[-70.54629,43.3417],[-70.54292,43.33768],[-70.54348,43.3415],[-70.54086,43.34314],[-70.53898,43.33751],[-70.54055,43.33608],[-70.5367,43.3356],[-70.55385,43.32189],[-70.56278,43.31061],[-70.56848,43.29758],[-70.56772,43.29392],[-70.57097,43.29037],[-70.57004,43.28557],[-70.57687,43.2819],[-70.58626,43.26756],[-70.59419,43.27124],[-70.5985,43.27112],[-70.60607,43.269],[-70.60931,43.26456],[-70.6131,43.26768],[-70.62141,43.26662],[-70.62803,43.2627],[-70.63175,43.26543],[-70.63597,43.2635],[-70.65015,43.26385],[-70.65121,43.26013],[-70.70223,43.28376],[-70.72419,43.3349]]]}},{"type":"Feature","id":"04105","properties":{"zip":"04105","pop":null,"city":"Falmouth","county":"Cumberland","state":"Maine","area":22.48,"lat":43.74766,"lon":-70.2826},"geometry":{"type":"MultiPolygon","coordinates":[[[[-70.19665,43.7152],[-70.19047,43.72224],[-70.18666,43.72327],[-70.18595,43.72104],[-70.18952,43.71657],[-70.19712,43.71125],[-70.19665,43.7152]]],[[[-70.35777,43.75954],[-70.35802,43.76367],[-70.3432,43.81031],[-70.30542,43.79156],[-70.30488,43.78838],[-70.30175,43.78972],[-70.19791,43.73796],[-70.218,43.71998],[-70.21376,43.71279],[-70.21683,43.70482],[-70.21352,43.70128],[-70.21471,43.69733],[-70.23199,43.70482],[-70.23562,43.69888],[-70.23254,43.69269],[-70.22802,43.69183],[-70.22612,43.68874],[-70.23462,43.68561],[-70.24255,43.69333],[-70.24568,43.6904],[-70.25092,43.70015],[-70.2664,43.70246],[-70.2707,43.70044],[-70.27466,43.70537],[-70.27735,43.7055],[-70.27707,43.71385],[-70.28271,43.71663],[-70.27775,43.72228],[-70.28037,43.7225],[-70.28575,43.72769],[-70.29441,43.72501],[-70.29933,43.72015],[-70.30425,43.72387],[-70.30782,43.72402],[-70.31125,43.7199],[-70.31814,43.72717],[-70.32338,43.72809],[-70.3274,43.73225],[-70.32725,43.73533],[-70.33761,43.74066],[-70.33533,43.74381],[-70.3321,43.74335],[-70.33491,43.74933],[-70.33749,43.74916],[-70.33597,43.75183],[-70.34819,43.75016],[-70.35016,43.74811],[-70.35155,43.7522],[-70.35334,43.75179],[-70.3533,43.74934],[-70.35673,43.75246],[-70.35539,43.75441],[-70.35654,43.75587],[-70.35892,43.7557],[-70.35777,43.75954]]]]}},{"type":"Feature","id":"04015","properties":{"zip":"04015","pop":null,"city":"Casco","county":"Cumberland","state":"Maine","area":27.29,"lat":43.96512,"lon":-70.52047},"geometry":{"type":"Polygon","coordinates":[[[-70.57985,43.91386],[-70.57297,43.91462],[-70.57241,43.91573],[-70.57618,43.91725],[-70.57331,43.91841],[-70.5766,43.9194],[-70.57375,43.92394],[-70.57537,43.92336],[-70.57546,43.92473],[-70.56985,43.92712],[-70.57618,43.93276],[-70.57175,43.93404],[-70.5729,43.93582],[-70.56825,43.9359],[-70.56957,43.93891],[-70.56562,43.93771],[-70.56612,43.93959],[-70.56376,43.93839],[-70.56146,43.94159],[-70.56007,43.94056],[-70.55703,43.94333],[-70.56168,43.94406],[-70.55983,43.94546],[-70.56203,43.94845],[-70.55985,43.95026],[-70.56113,43.95195],[-70.55864,43.95063],[-70.55727,43.95193],[-70.56647,43.95635],[-70.56944,43.96335],[-70.56796,43.96477],[-70.56878,43.96737],[-70.56746,43.96678],[-70.56738,43.96882],[-70.56993,43.96981],[-70.56747,43.97291],[-70.56842,43.97434],[-70.56587,43.97314],[-70.56346,43.97856],[-70.56669,43.98217],[-70.509,44.04145],[-70.50524,44.03959],[-70.50237,44.04257],[-70.48008,44.03208],[-70.4811,44.02922],[-70.47965,44.02629],[-70.44859,44.00943],[-70.45318,44.00503],[-70.44797,44.00212],[-70.4552,43.99448],[-70.45394,43.99393],[-70.4595,43.98825],[-70.46145,43.98901],[-70.46538,43.98546],[-70.47435,43.97443],[-70.47242,43.97382],[-70.48159,43.96633],[-70.47513,43.9629],[-70.49561,43.94451],[-70.49397,43.94169],[-70.50505,43.92834],[-70.50443,43.92592],[-70.50861,43.9177],[-70.50759,43.9135],[-70.53108,43.89462],[-70.54331,43.87147],[-70.58059,43.91134],[-70.57985,43.91386]]]}},{"type":"Feature","id":"04624","properties":{"zip":"04624","pop":null,"city":"","county":"Hancock","state":"Maine","area":4.83,"lat":44.4243,"lon":-67.98792},"geometry":{"type":"MultiPolygon","coordinates":[[[[-67.99234,44.46404],[-67.98303,44.47467],[-67.98277,44.47877],[-67.98015,44.47932],[-67.97859,44.48318],[-67.98103,44.495],[-67.97911,44.4964],[-67.98764,44.4974],[-67.98995,44.50008],[-67.9772,44.49795],[-67.97657,44.49105],[-67.97297,44.48863],[-67.97426,44.47911],[-67.97583,44.47653],[-67.98302,44.47369],[-67.99172,44.46225],[-67.99234,44.46404]]],[[[-68.01313,44.43299],[-68.00894,44.43397],[-68.01055,44.43632],[-68.00857,44.43939],[-68.00995,44.44806],[-68.00918,44.44961],[-68.00701,44.44904],[-68.00672,44.45307],[-68.0041,44.45522],[-67.99062,44.44434],[-67.98682,44.44383],[-67.98159,44.44909],[-67.98207,44.44112],[-67.97398,44.42092],[-67.96994,44.41905],[-67.97161,44.4109],[-67.96947,44.40886],[-67.964,44.40954],[-67.96161,44.40445],[-67.96471,44.40275],[-67.95877,44.39885],[-67.97042,44.39545],[-67.97636,44.3912],[-67.97921,44.38458],[-67.98373,44.38441],[-67.99438,44.39593],[-67.99908,44.40473],[-67.99039,44.41048],[-68.0098,44.41442],[-68.00916,44.41889],[-68.00635,44.42126],[-68.00647,44.42481],[-68.01313,44.43299]]]]}},{"type":"Feature","id":"04733","properties":{"zip":"04733","pop":null,"city":"","county":"Aroostook","state":"Maine","area":44.68,"lat":45.74292,"lon":-68.40289},"geometry":{"type":"Polygon","coordinates":[[[-68.49707,45.6719],[-68.4881,45.68915],[-68.4847,45.69985],[-68.4758,45.70989],[-68.46967,45.73591],[-68.44904,45.75465],[-68.44276,45.7782],[-68.42719,45.79595],[-68.42662,45.85338],[-68.37681,45.85176],[-68.3769,45.84416],[-68.36991,45.84295],[-68.37271,45.84151],[-68.36971,45.8403],[-68.36273,45.82511],[-68.35836,45.81151],[-68.36002,45.80706],[-68.35556,45.80163],[-68.35787,45.79595],[-68.3617,45.79699],[-68.36216,45.7836],[-68.35941,45.78088],[-68.36084,45.77726],[-68.35552,45.77409],[-68.36242,45.77297],[-68.36298,45.7589],[-68.34139,45.75879],[-68.33346,45.75386],[-68.3218,45.73873],[-68.32291,45.72884],[-68.32597,45.7224],[-68.32912,45.72049],[-68.32751,45.70764],[-68.33596,45.69624],[-68.33274,45.68994],[-68.33383,45.68727],[-68.33698,45.68285],[-68.35282,45.68008],[-68.36013,45.67645],[-68.37572,45.67594],[-68.37749,45.66892],[-68.49801,45.66855],[-68.49707,45.6719]]]}},{"type":"Feature","id":"04576","properties":{"zip":"04576","pop":null,"city":"","county":"Lincoln","state":"Maine","area":4.61,"lat":43.82189,"lon":-69.6667},"geometry":{"type":"Polygon","coordinates":[[[-69.69039,43.82539],[-69.68706,43.8283],[-69.68623,43.83523],[-69.68234,43.8399],[-69.68523,43.84231],[-69.68144,43.84648],[-69.6808,43.85387],[-69.66867,43.85233],[-69.65743,43.84618],[-69.6525,43.84119],[-69.6457,43.81938],[-69.64713,43.81767],[-69.64998,43.82178],[-69.65315,43.81719],[-69.65022,43.81098],[-69.65334,43.79103],[-69.65225,43.78431],[-69.65561,43.78104],[-69.66138,43.78339],[-69.6683,43.79519],[-69.66867,43.8014],[-69.68207,43.81081],[-69.68587,43.81012],[-69.68558,43.82055],[-69.69039,43.82539]]]}},{"type":"Feature","id":"04579","properties":{"zip":"04579","pop":null,"city":"","county":"Sagadahoc","state":"Maine","area":29.97,"lat":43.96225,"lon":-69.76873},"geometry":{"type":"Polygon","coordinates":[[[-69.83939,43.98565],[-69.83231,43.98866],[-69.82103,44.00307],[-69.82208,44.01347],[-69.81355,44.02601],[-69.7001,44.00668],[-69.70291,44.00031],[-69.70748,43.99605],[-69.71963,43.97129],[-69.72092,43.96492],[-69.71895,43.96246],[-69.72202,43.95859],[-69.72295,43.93971],[-69.72496,43.93485],[-69.72122,43.9315],[-69.70742,43.92725],[-69.71841,43.91449],[-69.73141,43.90729],[-69.74402,43.89292],[-69.75066,43.89111],[-69.75614,43.88525],[-69.76302,43.88805],[-69.76524,43.89119],[-69.79616,43.91049],[-69.80883,43.90655],[-69.80946,43.94495],[-69.81786,43.9529],[-69.8282,43.9558],[-69.82945,43.95788],[-69.82474,43.96834],[-69.82655,43.97834],[-69.83939,43.98565]]]}},{"type":"Feature","id":"04547","properties":{"zip":"04547","pop":null,"city":"","county":"Knox","state":"Maine","area":12.37,"lat":43.99404,"lon":-69.32774},"geometry":{"type":"MultiPolygon","coordinates":[[[[-69.35169,43.92715],[-69.34314,43.93486],[-69.34058,43.93385],[-69.34355,43.92552],[-69.34646,43.92253],[-69.35188,43.92254],[-69.35169,43.92715]]],[[[-69.37427,43.92835],[-69.36144,43.93828],[-69.36463,43.94347],[-69.3574,43.94992],[-69.35597,43.95454],[-69.35122,43.953],[-69.34646,43.96309],[-69.33007,43.97182],[-69.33141,43.97431],[-69.33576,43.9744],[-69.34124,43.96925],[-69.34575,43.96908],[-69.3429,43.97969],[-69.35051,43.98345],[-69.35621,43.97729],[-69.35407,43.97233],[-69.3667,43.96475],[-69.36881,43.96634],[-69.37118,43.97746],[-69.36239,43.99388],[-69.36829,43.99514],[-69.364,44.01287],[-69.35723,44.01095],[-69.35433,44.0145],[-69.3458,44.01875],[-69.3427,44.01391],[-69.338,44.01141],[-69.33466,44.00468],[-69.32783,44.00619],[-69.32646,44.00745],[-69.32904,44.00836],[-69.32725,44.00946],[-69.32839,44.01354],[-69.32486,44.02159],[-69.31906,44.02658],[-69.31847,44.03151],[-69.32038,44.03341],[-69.31861,44.03721],[-69.31391,44.03965],[-69.30966,44.045],[-69.29822,44.04735],[-69.29924,44.04995],[-69.29719,44.05291],[-69.30068,44.05392],[-69.29962,44.05756],[-69.29803,44.05899],[-69.28227,44.05258],[-69.28184,44.02253],[-69.27669,44.02048],[-69.28436,44.0162],[-69.30051,43.99133],[-69.30964,43.98626],[-69.31656,43.97561],[-69.3215,43.97166],[-69.32177,43.96897],[-69.32533,43.97094],[-69.32864,43.9672],[-69.33387,43.96566],[-69.3303,43.95864],[-69.32341,43.95505],[-69.32222,43.95112],[-69.32769,43.94581],[-69.33648,43.94598],[-69.34029,43.94975],[-69.34536,43.94723],[-69.35455,43.93024],[-69.36025,43.93161],[-69.36573,43.92488],[-69.37523,43.92459],[-69.37427,43.92835]]],[[[-69.38472,43.90918],[-69.37956,43.91387],[-69.37166,43.91449],[-69.3709,43.91275],[-69.38354,43.89565],[-69.38472,43.90918]]]]}},{"type":"Feature","id":"04942","properties":{"zip":"04942","pop":null,"city":"","county":"Somerset","state":"Maine","area":85.77,"lat":45.0414,"lon":-69.59248},"geometry":{"type":"Polygon","coordinates":[[[-69.77303,45.08285],[-69.69932,45.09365],[-69.69278,45.10374],[-69.68099,45.10672],[-69.67132,45.11316],[-69.65923,45.11525],[-69.6828,45.19488],[-69.64455,45.19969],[-69.64657,45.19821],[-69.64644,45.19057],[-69.64171,45.18577],[-69.64347,45.17458],[-69.65386,45.1526],[-69.64363,45.13155],[-69.63608,45.12535],[-69.63621,45.12236],[-69.64617,45.11701],[-69.6341,45.10897],[-69.61079,45.11108],[-69.59036,45.11617],[-69.57555,45.13208],[-69.56844,45.13331],[-69.56251,45.13672],[-69.55804,45.13343],[-69.55451,45.13407],[-69.54891,45.13053],[-69.54183,45.12928],[-69.54647,45.1361],[-69.53715,45.13791],[-69.51924,45.11964],[-69.49519,45.03735],[-69.5186,45.03427],[-69.51565,45.02504],[-69.49245,45.02832],[-69.46766,44.93904],[-69.55058,44.92704],[-69.55192,44.92502],[-69.55011,44.92311],[-69.55416,44.91928],[-69.55339,44.91686],[-69.56743,44.91895],[-69.56075,44.9147],[-69.57029,44.91941],[-69.57135,44.91475],[-69.56994,44.91422],[-69.57637,44.90989],[-69.58484,44.9174],[-69.5699,44.92446],[-69.59469,44.92136],[-69.61654,44.99601],[-69.63734,45.00866],[-69.66682,45.00478],[-69.67239,45.01064],[-69.67493,45.01831],[-69.68757,45.02359],[-69.69388,45.03749],[-69.69019,45.03884],[-69.69543,45.04689],[-69.70393,45.04968],[-69.70767,45.05626],[-69.71561,45.06122],[-69.71996,45.06857],[-69.74315,45.06492],[-69.76148,45.04439],[-69.76161,45.03936],[-69.77303,45.08285]]]}},{"type":"Feature","id":"04492","properties":{"zip":"04492","pop":null,"city":"","county":"Washington","state":"Maine","area":28.82,"lat":45.34712,"lon":-67.66555},"geometry":{"type":"Polygon","coordinates":[[[-67.7503,45.38531],[-67.64463,45.40073],[-67.64181,45.39748],[-67.64978,45.39375],[-67.64923,45.39177],[-67.6399,45.38684],[-67.64315,45.38534],[-67.64332,45.38134],[-67.64798,45.37897],[-67.64091,45.3772],[-67.64518,45.37328],[-67.62157,45.37277],[-67.56773,45.33759],[-67.55365,45.33068],[-67.55081,45.31992],[-67.67404,45.30602],[-67.6939,45.30284],[-67.69432,45.29975],[-67.69723,45.30233],[-67.71527,45.29951],[-67.7219,45.30422],[-67.7209,45.30852],[-67.72296,45.31133],[-67.71945,45.31717],[-67.72124,45.31842],[-67.71742,45.32122],[-67.72122,45.3219],[-67.72361,45.31928],[-67.74018,45.32922],[-67.73454,45.33745],[-67.7345,45.34093],[-67.74656,45.35348],[-67.74631,45.36028],[-67.7486,45.36172],[-67.7468,45.36356],[-67.74591,45.37508],[-67.74869,45.37833],[-67.7503,45.38531]]]}},{"type":"Feature","id":"04441","properties":{"zip":"04441","pop":null,"city":"","county":"Piscataquis","state":"Maine","area":749.31,"lat":45.68983,"lon":-69.32245},"geometry":{"type":"Polygon","coordinates":[[[-69.66442,45.92098],[-69.66172,45.92201],[-69.65006,45.91814],[-69.63489,45.918],[-69.63581,45.91638],[-69.62246,45.91175],[-69.62557,45.90812],[-69.62032,45.90551],[-69.61524,45.8971],[-69.59919,45.89332],[-69.591,45.88909],[-69.56685,45.893],[-69.56491,45.8997],[-69.56017,45.90601],[-69.54729,45.9158],[-69.5468,45.92075],[-69.55283,45.93285],[-69.55155,45.94421],[-69.54752,45.95093],[-69.5482,45.95456],[-69.53473,45.96279],[-69.52411,45.96277],[-69.5203,45.96786],[-69.51994,45.97278],[-69.5237,45.9787],[-69.52343,45.99018],[-69.52074,45.99308],[-69.51461,45.99506],[-69.5068,45.99483],[-69.50204,45.99707],[-69.49487,46.00948],[-69.49737,46.01469],[-69.49377,46.02011],[-69.48816,46.02242],[-69.47795,46.02282],[-69.47815,46.02709],[-69.47606,46.02988],[-69.47849,46.03811],[-69.47807,46.04508],[-69.47492,46.04924],[-69.47052,46.05254],[-69.46281,46.05069],[-69.45627,46.04445],[-69.44514,46.04011],[-69.44739,46.03648],[-69.44481,46.03846],[-69.44012,46.03798],[-69.4458,46.0415],[-69.43496,46.04573],[-69.4346,46.0504],[-69.42971,46.05165],[-69.42915,46.06694],[-69.4172,46.06546],[-69.41398,46.0632],[-69.41027,46.06338],[-69.40426,46.05725],[-69.38419,46.03027],[-69.38021,46.01138],[-69.37761,46.01335],[-69.37046,46.01326],[-69.36521,46.00933],[-69.35706,45.98887],[-69.34678,45.97537],[-69.34435,45.96769],[-69.34471,45.95573],[-69.35316,45.9525],[-69.36159,45.95917],[-69.36765,45.96006],[-69.36953,45.96349],[-69.37688,45.96635],[-69.37057,45.96134],[-69.36814,45.95631],[-69.36011,45.95538],[-69.34549,45.94631],[-69.33886,45.93321],[-69.32287,45.92391],[-69.32031,45.91685],[-69.32117,45.90957],[-69.31923,45.90656],[-69.3209,45.90395],[-69.31321,45.89291],[-69.31308,45.88882],[-69.30234,45.88708],[-69.29798,45.89689],[-69.2989,45.90331],[-69.29074,45.9048],[-69.28645,45.90427],[-69.28587,45.90258],[-69.28148,45.90395],[-69.28328,45.90212],[-69.27666,45.90191],[-69.26766,45.8975],[-69.25883,45.88755],[-69.2573,45.88401],[-69.25936,45.88149],[-69.25501,45.8758],[-69.25983,45.87128],[-69.26098,45.86458],[-69.26004,45.86017],[-69.25392,45.86005],[-69.25019,45.85575],[-69.2518,45.85191],[-69.24771,45.8545],[-69.24526,45.85235],[-69.24255,45.85448],[-69.23947,45.85361],[-69.2399,45.85676],[-69.23218,45.85994],[-69.21928,45.85476],[-69.21775,45.85711],[-69.21863,45.85972],[-69.22583,45.86342],[-69.22954,45.86852],[-69.23111,45.8716],[-69.22902,45.87882],[-69.23246,45.87759],[-69.23406,45.88241],[-69.22958,45.88483],[-69.22228,45.88289],[-69.21619,45.88404],[-69.2119,45.88184],[-69.20352,45.88251],[-69.18464,45.87748],[-69.17619,45.88016],[-69.17688,45.88194],[-69.18234,45.88182],[-69.18257,45.88486],[-69.19298,45.88806],[-69.20065,45.89392],[-69.21142,45.89394],[-69.21662,45.89805],[-69.218,45.89716],[-69.22471,45.90013],[-69.22655,45.90559],[-69.22603,45.90843],[-69.22393,45.90884],[-69.22407,45.9135],[-69.23236,45.91666],[-69.23541,45.9191],[-69.23488,45.92061],[-69.22559,45.93111],[-69.22674,45.93337],[-69.22464,45.93795],[-69.17714,45.9375],[-69.15558,45.91978],[-69.15462,45.91152],[-69.15147,45.90628],[-69.13986,45.89881],[-69.13597,45.8887],[-69.13604,45.87991],[-69.14059,45.87668],[-69.12594,45.87575],[-69.09818,45.86454],[-69.09471,45.86365],[-69.0922,45.86578],[-69.08395,45.86194],[-69.07603,45.86167],[-69.0684,45.85314],[-69.06474,45.8557],[-69.05133,45.84921],[-69.03896,45.84658],[-69.021,45.84884],[-69.01132,45.84431],[-68.99813,45.84366],[-68.97725,45.83784],[-68.96819,45.83693],[-68.96371,45.83828],[-68.96657,45.83696],[-68.96327,45.83263],[-68.96709,45.82665],[-68.95915,45.81821],[-68.95975,45.81554],[-68.94876,45.81086],[-68.94879,45.80683],[-68.94523,45.80259],[-68.94153,45.80132],[-68.94477,45.79896],[-68.94418,45.79731],[-68.93774,45.79389],[-68.93392,45.78764],[-68.93852,45.78293],[-68.94611,45.7828],[-68.949,45.78101],[-68.94904,45.77387],[-68.94163,45.77043],[-68.94329,45.76725],[-68.9411,45.76204],[-68.92864,45.75917],[-68.93116,45.75514],[-68.92772,45.75368],[-68.92701,45.74988],[-68.92395,45.74965],[-68.92392,45.75109],[-68.91535,45.73948],[-68.9047,45.73913],[-68.8983,45.73481],[-68.89853,45.73237],[-68.89168,45.72736],[-68.88568,45.71771],[-68.87886,45.71812],[-68.88307,45.71478],[-68.8774,45.71171],[-68.88341,45.7068],[-68.88523,45.7082],[-68.89447,45.70713],[-68.90445,45.70887],[-68.90654,45.70752],[-68.90638,45.70894],[-68.92628,45.71381],[-68.93516,45.72078],[-68.94188,45.71946],[-68.94143,45.72204],[-68.93934,45.72181],[-68.94946,45.72613],[-68.95089,45.66362],[-68.95891,45.66219],[-68.9507,45.63843],[-68.95172,45.58178],[-69.07435,45.58255],[-69.06751,45.5122],[-69.0694,45.49761],[-69.19318,45.4802],[-69.1987,45.47607],[-69.19506,45.46562],[-69.18811,45.46531],[-69.18924,45.46279],[-69.18662,45.46281],[-69.18489,45.46049],[-69.1875,45.45889],[-69.18444,45.45309],[-69.17635,45.44977],[-69.17837,45.44818],[-69.18273,45.45108],[-69.18158,45.44778],[-69.16783,45.43956],[-69.15326,45.44068],[-69.15524,45.43744],[-69.15451,45.43451],[-69.14024,45.42517],[-69.13792,45.4191],[-69.1295,45.41393],[-69.12939,45.412],[-69.13884,45.414],[-69.13998,45.41617],[-69.15165,45.42002],[-69.15409,45.42361],[-69.15823,45.42526],[-69.17029,45.42311],[-69.17965,45.42447],[-69.18543,45.42268],[-69.18752,45.41855],[-69.18574,45.41532],[-69.18683,45.41185],[-69.19311,45.41107],[-69.19983,45.41525],[-69.21666,45.4091],[-69.22038,45.41365],[-69.21368,45.38772],[-69.35801,45.36713],[-69.35947,45.37146],[-69.35814,45.37609],[-69.35381,45.3796],[-69.35354,45.38283],[-69.35964,45.38484],[-69.36365,45.38912],[-69.36919,45.38832],[-69.37681,45.39008],[-69.38934,45.40039],[-69.4014,45.40477],[-69.41757,45.40442],[-69.42354,45.39989],[-69.4315,45.41573],[-69.43191,45.42057],[-69.43761,45.4256],[-69.45107,45.43178],[-69.46224,45.42885],[-69.46529,45.42262],[-69.47034,45.42005],[-69.4759,45.42948],[-69.47318,45.41976],[-69.60167,45.39986],[-69.62429,45.4692],[-69.60712,45.47221],[-69.60957,45.47256],[-69.60629,45.47494],[-69.60574,45.47246],[-69.59519,45.47428],[-69.59355,45.47804],[-69.59783,45.47961],[-69.59664,45.48218],[-69.59874,45.48368],[-69.59483,45.48755],[-69.59688,45.48907],[-69.58936,45.49312],[-69.58972,45.49815],[-69.58749,45.49928],[-69.58679,45.50268],[-69.58163,45.50277],[-69.57741,45.50559],[-69.57428,45.51221],[-69.57018,45.51274],[-69.57792,45.51503],[-69.57864,45.51677],[-69.58387,45.51458],[-69.58909,45.51652],[-69.59314,45.51962],[-69.59279,45.5221],[-69.60172,45.52311],[-69.60013,45.51986],[-69.6056,45.52017],[-69.61276,45.5262],[-69.61679,45.53483],[-69.61193,45.53484],[-69.61114,45.53694],[-69.61355,45.53883],[-69.60983,45.53821],[-69.61144,45.53925],[-69.61016,45.54144],[-69.613,45.54007],[-69.61137,45.54298],[-69.60526,45.54192],[-69.60591,45.54346],[-69.59518,45.5451],[-69.59717,45.5473],[-69.59152,45.54578],[-69.58067,45.55067],[-69.57588,45.54733],[-69.57558,45.54529],[-69.5783,45.54544],[-69.57521,45.54051],[-69.56063,45.53312],[-69.55224,45.53278],[-69.55411,45.53438],[-69.54951,45.53236],[-69.54733,45.53373],[-69.55118,45.53594],[-69.54838,45.53887],[-69.54886,45.54147],[-69.55674,45.54642],[-69.5668,45.56096],[-69.57076,45.56146],[-69.57355,45.5595],[-69.5765,45.56115],[-69.57455,45.56503],[-69.5733,45.56283],[-69.56982,45.56456],[-69.5683,45.56777],[-69.56726,45.56636],[-69.56424,45.56823],[-69.56636,45.5682],[-69.568,45.57338],[-69.57147,45.57591],[-69.56965,45.58259],[-69.57154,45.58508],[-69.57053,45.59427],[-69.5818,45.60243],[-69.58841,45.60446],[-69.60151,45.60334],[-69.609,45.61056],[-69.6245,45.61993],[-69.62491,45.67182],[-69.63032,45.67253],[-69.6301,45.67488],[-69.63825,45.67844],[-69.6317,45.67938],[-69.61818,45.68836],[-69.6134,45.68928],[-69.63914,45.77291],[-69.64581,45.77339],[-69.64525,45.77627],[-69.65067,45.78039],[-69.65197,45.78949],[-69.64455,45.79239],[-69.63442,45.78758],[-69.63621,45.7994],[-69.63837,45.80219],[-69.63754,45.81264],[-69.6423,45.83246],[-69.62685,45.8408],[-69.62372,45.83952],[-69.62581,45.84157],[-69.61847,45.85157],[-69.61749,45.85687],[-69.6369,45.8745],[-69.63994,45.87343],[-69.63978,45.87016],[-69.6422,45.86943],[-69.6427,45.8655],[-69.64657,45.86399],[-69.66442,45.92098]]]}},{"type":"Feature","id":"04945","properties":{"zip":"04945","pop":null,"city":"","county":"Somerset","state":"Maine","area":468.29,"lat":45.57671,"lon":-70.27972},"geometry":{"type":"MultiPolygon","coordinates":[[[[-70.29274,46.1916],[-70.27122,46.21142],[-70.11556,46.21165],[-70.11471,46.12353],[-70.24742,46.12342],[-70.24363,46.12879],[-70.23957,46.14276],[-70.23671,46.14494],[-70.23795,46.14738],[-70.24026,46.15008],[-70.24699,46.15192],[-70.25997,46.16341],[-70.26486,46.1648],[-70.26626,46.16935],[-70.27803,46.175],[-70.2909,46.18584],[-70.28994,46.18859],[-70.29274,46.1916]]],[[[-70.55279,45.66784],[-70.54142,45.66672],[-70.53433,45.67075],[-70.53096,45.67032],[-70.52675,45.66646],[-70.51954,45.67],[-70.51895,45.67229],[-70.51017,45.67932],[-70.5027,45.68167],[-70.4966,45.68702],[-70.4791,45.69526],[-70.46598,45.70626],[-70.45669,45.70699],[-70.4515,45.70443],[-70.44411,45.7039],[-70.42635,45.7072],[-70.42959,45.7102],[-70.4004,45.71983],[-70.39755,45.72373],[-70.39738,45.72908],[-70.39038,45.72854],[-70.38355,45.73487],[-70.38954,45.73605],[-70.394,45.74008],[-70.39464,45.74285],[-70.38866,45.74759],[-70.3885,45.74972],[-70.40655,45.76181],[-70.40563,45.77026],[-70.4077,45.77298],[-70.40568,45.77653],[-70.41072,45.78449],[-70.41536,45.78466],[-70.41464,45.79072],[-70.41764,45.79377],[-70.408,45.79759],[-70.39963,45.79624],[-70.39591,45.79888],[-70.39816,45.80412],[-70.39431,45.81001],[-70.31417,45.81945],[-70.31281,45.81096],[-70.31851,45.80623],[-70.33171,45.80185],[-70.33249,45.79993],[-70.32607,45.79213],[-70.32389,45.78313],[-70.33664,45.77541],[-70.31794,45.76973],[-70.31033,45.76196],[-70.30784,45.75065],[-70.2974,45.74047],[-70.29574,45.74107],[-70.29607,45.7303],[-70.16007,45.75142],[-70.13754,45.66365],[-70.11751,45.66652],[-70.10967,45.66468],[-70.11063,45.66033],[-70.10751,45.66104],[-70.1058,45.65964],[-70.10683,45.65591],[-70.10413,45.65574],[-70.0965,45.6628],[-70.09177,45.65907],[-70.09285,45.65781],[-70.08177,45.65493],[-70.07982,45.64887],[-70.07443,45.64608],[-70.0687,45.64751],[-70.06716,45.64688],[-70.06783,45.64383],[-70.05458,45.64442],[-70.05213,45.64183],[-70.04922,45.64211],[-70.04802,45.63949],[-70.05208,45.6363],[-70.05168,45.63183],[-70.03939,45.62938],[-70.03324,45.62552],[-70.01806,45.62064],[-70.00858,45.62055],[-70.00725,45.61984],[-70.00976,45.61824],[-70.01421,45.61781],[-70.00529,45.61762],[-69.99767,45.61343],[-69.99316,45.5948],[-70.00297,45.59498],[-70.00365,45.59126],[-70.00085,45.58769],[-70.00332,45.58597],[-70.00637,45.57624],[-70.05638,45.57136],[-70.05516,45.56299],[-70.0523,45.55978],[-70.0535,45.55823],[-70.05048,45.54324],[-70.03823,45.53456],[-70.03524,45.52957],[-70.03531,45.52304],[-70.04249,45.52005],[-70.04529,45.51653],[-70.017,45.52111],[-70.01841,45.51777],[-70.02232,45.51608],[-70.02462,45.50541],[-70.02274,45.49855],[-70.0307,45.49211],[-70.04062,45.49383],[-70.04005,45.49187],[-70.04703,45.47863],[-70.04033,45.47341],[-70.04219,45.47075],[-70.04649,45.46983],[-70.0441,45.46371],[-70.04562,45.46134],[-70.04041,45.44568],[-70.04113,45.44056],[-70.03172,45.42722],[-70.10794,45.41634],[-70.08047,45.33083],[-70.08537,45.3325],[-70.10847,45.32738],[-70.12826,45.33209],[-70.13648,45.33202],[-70.1555,45.32878],[-70.16909,45.31932],[-70.17186,45.31545],[-70.16986,45.31196],[-70.17145,45.31039],[-70.17711,45.30952],[-70.17765,45.31144],[-70.18126,45.30964],[-70.19416,45.31387],[-70.20503,45.31251],[-70.19949,45.30437],[-70.19978,45.30167],[-70.19773,45.30125],[-70.21678,45.29968],[-70.22552,45.30199],[-70.2289,45.30104],[-70.23654,45.31145],[-70.24033,45.31197],[-70.24211,45.31311],[-70.241,45.31511],[-70.24459,45.31641],[-70.27083,45.31397],[-70.27655,45.31],[-70.28855,45.31058],[-70.28929,45.31222],[-70.30017,45.31542],[-70.31927,45.3158],[-70.3223,45.31314],[-70.34368,45.30501],[-70.35682,45.31125],[-70.36477,45.31063],[-70.36646,45.31237],[-70.36505,45.31327],[-70.36857,45.31635],[-70.38324,45.31729],[-70.38712,45.32059],[-70.38866,45.32561],[-70.40489,45.33867],[-70.4186,45.34183],[-70.42985,45.33778],[-70.44401,45.32343],[-70.45337,45.32116],[-70.46001,45.30969],[-70.46008,45.30153],[-70.5187,45.51213],[-70.50577,45.51377],[-70.55279,45.66784]]]]}},{"type":"Feature","id":"04734","properties":{"zip":"04734","pop":null,"city":"Blaine","county":"Aroostook","state":"Maine","area":27.63,"lat":46.48479,"lon":-67.9195},"geometry":{"type":"Polygon","coordinates":[[[-68.04423,46.50617],[-67.78625,46.511],[-67.7852,46.4666],[-67.93251,46.46435],[-67.93241,46.45748],[-68.0438,46.45477],[-68.04423,46.50617]]]}},{"type":"Feature","id":"04669","properties":{"zip":"04669","pop":null,"city":"","county":"Hancock","state":"Maine","area":1.41,"lat":44.39965,"lon":-68.01871},"geometry":{"type":"Polygon","coordinates":[[[-68.04003,44.38944],[-68.03327,44.38986],[-68.02714,44.39593],[-68.0219,44.39733],[-68.02695,44.40669],[-68.02588,44.40911],[-68.02294,44.4144],[-68.01989,44.41341],[-68.00852,44.42672],[-68.00635,44.42126],[-68.00916,44.41889],[-68.0098,44.41442],[-67.99039,44.41048],[-67.99908,44.40473],[-68.00393,44.4109],[-68.01035,44.41294],[-68.01154,44.40326],[-68.01819,44.4036],[-68.02318,44.40819],[-68.02485,44.40615],[-68.02271,44.39952],[-68.01962,44.39885],[-68.01399,44.39026],[-68.01415,44.38594],[-68.02183,44.37871],[-68.02496,44.38143],[-68.03596,44.38173],[-68.04003,44.38944]]]}},{"type":"Feature","id":"04915","properties":{"zip":"04915","pop":null,"city":"Belfast","county":"Waldo","state":"Maine","area":54.35,"lat":44.46642,"lon":-69.04158},"geometry":{"type":"Polygon","coordinates":[[[-69.14617,44.47156],[-69.10258,44.49624],[-69.05049,44.53619],[-69.05998,44.54161],[-69.05138,44.5467],[-69.05075,44.54513],[-69.04759,44.54941],[-69.0342,44.54872],[-68.98778,44.57969],[-68.97183,44.56024],[-68.98235,44.55867],[-68.96561,44.49913],[-68.98119,44.49201],[-68.97822,44.48885],[-68.98145,44.4873],[-68.9745,44.4662],[-68.97147,44.46649],[-68.96914,44.45718],[-68.96618,44.45754],[-68.9579,44.42855],[-68.97224,44.42559],[-68.98698,44.42559],[-68.99244,44.42864],[-68.99838,44.42559],[-68.99447,44.42222],[-68.98151,44.39876],[-68.98769,44.3935],[-68.99021,44.39505],[-68.99611,44.39315],[-68.99921,44.39607],[-69.00669,44.39061],[-69.06056,44.36742],[-69.11828,44.42983],[-69.16001,44.46984],[-69.14617,44.47156]]]}},{"type":"Feature","id":"04765","properties":{"zip":"04765","pop":null,"city":"","county":"Penobscot","state":"Maine","area":547.67,"lat":46.06887,"lon":-68.64473},"geometry":{"type":"Polygon","coordinates":[[[-68.82632,45.72737],[-68.8194,46.39578],[-68.69492,46.3955],[-68.69488,46.38261],[-68.43644,46.38212],[-68.4369,46.04289],[-68.43227,46.03557],[-68.43168,45.95244],[-68.4276,45.94459],[-68.45285,45.94467],[-68.45037,45.93791],[-68.45459,45.93622],[-68.47161,45.94241],[-68.47265,45.94475],[-68.48309,45.95043],[-68.49421,45.94938],[-68.49599,45.9465],[-68.50153,45.94782],[-68.50131,45.96748],[-68.51902,45.96748],[-68.5177,45.96115],[-68.52421,45.95493],[-68.52404,45.95047],[-68.52085,45.94485],[-68.53865,45.94486],[-68.5311,45.92955],[-68.52812,45.9275],[-68.52469,45.92024],[-68.52003,45.9173],[-68.51899,45.91248],[-68.51525,45.90819],[-68.51525,45.90364],[-68.51103,45.9],[-68.51309,45.89541],[-68.50961,45.89357],[-68.51043,45.88628],[-68.50842,45.88696],[-68.50647,45.88121],[-68.51345,45.87633],[-68.51533,45.87032],[-68.52447,45.86884],[-68.52202,45.86489],[-68.52561,45.85524],[-68.55857,45.85547],[-68.55925,45.77605],[-68.57367,45.76772],[-68.57588,45.75426],[-68.58024,45.75202],[-68.5884,45.73565],[-68.59023,45.73175],[-68.58892,45.72488],[-68.59584,45.71257],[-68.58729,45.69852],[-68.58908,45.69157],[-68.58106,45.68761],[-68.56807,45.66941],[-68.61466,45.67034],[-68.61487,45.65862],[-68.62662,45.66451],[-68.62726,45.67207],[-68.62993,45.67664],[-68.63927,45.67348],[-68.63761,45.67097],[-68.63923,45.66947],[-68.64554,45.66883],[-68.64933,45.67063],[-68.6544,45.66945],[-68.66294,45.67545],[-68.6816,45.67515],[-68.68226,45.67713],[-68.68631,45.67729],[-68.70306,45.67497],[-68.70193,45.68334],[-68.71056,45.68858],[-68.71799,45.69864],[-68.71825,45.70227],[-68.71986,45.70209],[-68.72213,45.70814],[-68.72489,45.71072],[-68.73813,45.71475],[-68.73562,45.72396],[-68.73672,45.72662],[-68.75645,45.72794],[-68.76205,45.72635],[-68.77085,45.73158],[-68.77507,45.73166],[-68.78016,45.73427],[-68.77732,45.74387],[-68.77968,45.74565],[-68.78379,45.73842],[-68.7858,45.73993],[-68.79036,45.73398],[-68.78745,45.73291],[-68.78689,45.73013],[-68.79207,45.73199],[-68.79534,45.7291],[-68.80721,45.72757],[-68.81216,45.72335],[-68.81467,45.72448],[-68.81515,45.72753],[-68.81337,45.72886],[-68.82077,45.72745],[-68.82058,45.72565],[-68.82632,45.72737]]]}},{"type":"Feature","id":"04854","properties":{"zip":"04854","pop":null,"city":"","county":"Knox","state":"Maine","area":8.9,"lat":44.04358,"lon":-69.08513},"geometry":{"type":"MultiPolygon","coordinates":[[[[-69.01455,43.90866],[-69.0078,43.90728],[-69.0048,43.9013],[-69.01122,43.89976],[-69.01288,43.90096],[-69.01455,43.90866]]],[[[-69.0376,43.9162],[-69.03166,43.91688],[-69.02976,43.91534],[-69.03546,43.91141],[-69.0376,43.9162]]],[[[-69.04616,44.07624],[-69.04378,44.08204],[-69.03809,44.08584],[-69.03204,44.07934],[-69.03618,44.07436],[-69.04568,44.07334],[-69.04616,44.07624]]],[[[-69.05115,44.06702],[-69.04996,44.0689],[-69.04283,44.06821],[-69.04711,44.06599],[-69.04616,44.06189],[-69.04806,44.06036],[-69.05159,44.06301],[-69.05115,44.06702]]],[[[-69.05994,44.00157],[-69.05947,44.00722],[-69.04904,44.01113],[-69.04259,44.00704],[-69.05471,43.99285],[-69.06208,44.00003],[-69.05994,44.00157]]],[[[-69.07254,44.01217],[-69.06265,44.01493],[-69.05885,44.01486],[-69.05614,44.01217],[-69.07159,44.00482],[-69.07254,44.01217]]],[[[-69.07325,44.04088],[-69.07135,44.04293],[-69.06683,44.04054],[-69.07228,44.03662],[-69.07539,44.039],[-69.07325,44.04088]]],[[[-69.08313,43.98152],[-69.07753,43.98413],[-69.0728,43.98121],[-69.07254,43.97866],[-69.07848,43.97301],[-69.08313,43.98152]]],[[[-69.09607,43.98396],[-69.08086,43.98892],[-69.0666,43.99696],[-69.06541,43.99439],[-69.06964,43.98591],[-69.07801,43.98618],[-69.09312,43.97915],[-69.0963,43.97929],[-69.09607,43.98396]]],[[[-69.13247,43.87126],[-69.12958,43.87681],[-69.13076,43.87941],[-69.12792,43.89496],[-69.11894,43.89826],[-69.1215,43.88349],[-69.1253,43.87783],[-69.12554,43.87355],[-69.12055,43.87167],[-69.12221,43.86858],[-69.12758,43.87015],[-69.13038,43.86845],[-69.13247,43.87126]]],[[[-69.13348,44.08181],[-69.10494,44.09171],[-69.10724,44.09058],[-69.1032,44.087],[-69.10344,44.07795],[-69.09821,44.08307],[-69.07645,44.09063],[-69.06402,44.09169],[-69.06279,44.08922],[-69.0563,44.09516],[-69.0434,44.09216],[-69.04711,44.08614],[-69.0521,44.08529],[-69.05329,44.07726],[-69.0597,44.06924],[-69.0643,44.06991],[-69.07057,44.06481],[-69.06969,44.05848],[-69.07663,44.05915],[-69.0798,44.05526],[-69.07377,44.04613],[-69.07706,44.04225],[-69.09418,44.03898],[-69.09821,44.03507],[-69.11027,44.0304],[-69.11591,44.04005],[-69.10302,44.05394],[-69.13348,44.08181]]]]}}]}