{"type":"FeatureCollection","name":"zctas_31","features":[{"type":"Feature","id":"68440","properties":{"zip":"68440","pop":null,"city":"","county":"Jefferson","state":"Nebraska","area":17.22,"lat":40.05275,"lon":-97.01175},"geometry":{"type":"Polygon","coordinates":[[[-97.07196,40.07408],[-97.06729,40.07382],[-97.06745,40.08852],[-97.01093,40.08837],[-97.01084,40.07396],[-96.9543,40.07446],[-96.95413,40.03069],[-96.99194,40.03052],[-96.9929,40.00147],[-97.01084,40.00145],[-97.01063,40.02233],[-97.01361,40.02609],[-97.02492,40.02689],[-97.02491,40.02852],[-97.02959,40.02607],[-97.04863,40.02688],[-97.04869,40.03052],[-97.05789,40.03046],[-97.058,40.05576],[-97.05274,40.05581],[-97.05786,40.05938],[-97.06402,40.05938],[-97.0596,40.06035],[-97.06011,40.06245],[-97.06517,40.06262],[-97.06726,40.06457],[-97.06728,40.07021],[-97.07204,40.07017],[-97.07196,40.07408]]]}},{"type":"Feature","id":"68531","properties":{"zip":"68531","pop":null,"city":"","county":"Lancaster","state":"Nebraska","area":4.64,"lat":40.902,"lon":-96.71423},"geometry":{"type":"Polygon","coordinates":[[[-96.74876,40.90078],[-96.73913,40.90075],[-96.73914,40.91529],[-96.72955,40.91536],[-96.72951,40.92261],[-96.71991,40.92267],[-96.71996,40.91543],[-96.68165,40.91507],[-96.68181,40.8933],[-96.70104,40.89343],[-96.70103,40.88634],[-96.73177,40.88463],[-96.73918,40.88627],[-96.73912,40.89346],[-96.74873,40.89353],[-96.74876,40.90078]]]}},{"type":"Feature","id":"69210","properties":{"zip":"69210","pop":null,"city":"","county":"Brown","state":"Nebraska","area":383.44,"lat":42.39781,"lon":-99.84938},"geometry":{"type":"Polygon","coordinates":[[[-99.99681,42.55511],[-99.99297,42.55999],[-99.98313,42.55967],[-99.97392,42.56741],[-99.97017,42.5677],[-99.96742,42.57024],[-99.9582,42.57059],[-99.95242,42.58495],[-99.95086,42.593],[-99.95254,42.77264],[-99.94727,42.77299],[-99.92579,42.76782],[-99.91173,42.76842],[-99.89804,42.76546],[-99.88698,42.76794],[-99.86216,42.769],[-99.85874,42.76462],[-99.85505,42.75285],[-99.85153,42.75121],[-99.83726,42.75411],[-99.81925,42.74329],[-99.81468,42.74247],[-99.81457,42.68015],[-99.79488,42.67996],[-99.79484,42.66573],[-99.78844,42.66437],[-99.78127,42.66647],[-99.7793,42.66535],[-99.77744,42.66228],[-99.78141,42.65928],[-99.78132,42.65478],[-99.77863,42.65219],[-99.77947,42.6503],[-99.77414,42.64709],[-99.77185,42.64284],[-99.77637,42.64023],[-99.77817,42.63685],[-99.77343,42.6335],[-99.77294,42.62929],[-99.7678,42.6295],[-99.76043,42.62259],[-99.76041,42.61864],[-99.76242,42.61662],[-99.76747,42.61777],[-99.76874,42.61235],[-99.77125,42.60899],[-99.77388,42.60862],[-99.76924,42.60664],[-99.77497,42.60089],[-99.77514,42.59356],[-99.71597,42.59301],[-99.71625,42.58352],[-99.72195,42.58242],[-99.72501,42.57912],[-99.7359,42.57897],[-99.73574,42.55003],[-99.71999,42.54987],[-99.71915,42.54289],[-99.76186,42.54169],[-99.77157,42.53595],[-99.75151,42.53495],[-99.71128,42.52932],[-99.71188,42.52289],[-99.70583,42.51382],[-99.70614,42.50963],[-99.69598,42.49857],[-99.69568,42.45672],[-99.70624,42.43037],[-99.70666,42.41675],[-99.71126,42.40787],[-99.71036,42.37769],[-99.73944,42.36587],[-99.75011,42.36738],[-99.75279,42.36061],[-99.75277,42.35149],[-99.76085,42.34979],[-99.76068,42.33492],[-99.75875,42.32798],[-99.76058,42.32425],[-99.76172,42.2984],[-99.75823,42.29511],[-99.7605,42.28848],[-99.76039,42.27994],[-99.75808,42.27502],[-99.7618,42.26177],[-99.76008,42.25828],[-99.76046,42.23765],[-99.76398,42.23662],[-99.76868,42.23095],[-99.77966,42.23054],[-99.78323,42.22321],[-99.79389,42.22021],[-99.82947,42.23133],[-99.83753,42.24284],[-99.83713,42.17285],[-99.66268,42.17309],[-99.66238,42.08601],[-99.97319,42.0853],[-99.97388,42.43352],[-99.94918,42.43379],[-99.94958,42.54952],[-99.99415,42.54941],[-99.99776,42.55344],[-99.99681,42.55511]]]}},{"type":"Feature","id":"68183","properties":{"zip":"68183","pop":null,"city":"Omaha","county":"Douglas","state":"Nebraska","area":0.01,"lat":41.25709,"lon":-95.93977},"geometry":{"type":"Polygon","coordinates":[[[-95.94114,41.25762],[-95.93849,41.25761],[-95.9385,41.25655],[-95.94096,41.25657],[-95.94114,41.25762]]]}},{"type":"Feature","id":"68182","properties":{"zip":"68182","pop":null,"city":"Omaha","county":"Douglas","state":"Nebraska","area":0.1,"lat":41.25798,"lon":-96.01069},"geometry":{"type":"Polygon","coordinates":[[[-96.01646,41.25964],[-96.00494,41.25959],[-96.00495,41.25658],[-96.01571,41.25604],[-96.01646,41.25964]]]}},{"type":"Feature","id":"69141","properties":{"zip":"69141","pop":null,"city":"","county":"Cheyenne","state":"Nebraska","area":78.06,"lat":41.30408,"lon":-102.9359},"geometry":{"type":"Polygon","coordinates":[[[-103.16631,41.33756],[-103.14691,41.33758],[-103.14681,41.35194],[-103.08835,41.35201],[-103.0887,41.33754],[-103.0116,41.33775],[-103.01172,41.35225],[-102.99235,41.35209],[-102.99241,41.33765],[-102.97403,41.33761],[-102.97397,41.35217],[-102.84008,41.35173],[-102.8401,41.3438],[-102.83586,41.339],[-102.82098,41.33716],[-102.82104,41.32267],[-102.764,41.32283],[-102.76357,41.2362],[-102.8209,41.23626],[-102.82104,41.25076],[-102.91516,41.2495],[-102.91525,41.26419],[-102.97359,41.26483],[-102.97348,41.29401],[-103.12736,41.29408],[-103.12749,41.27969],[-103.14662,41.27921],[-103.1469,41.30882],[-103.16629,41.30887],[-103.16631,41.33756]]]}},{"type":"Feature","id":"68785","properties":{"zip":"68785","pop":null,"city":"","county":"Dixon","state":"Nebraska","area":21.76,"lat":42.42785,"lon":-96.72242},"geometry":{"type":"Polygon","coordinates":[[[-96.78067,42.44922],[-96.77182,42.45278],[-96.76709,42.45797],[-96.75358,42.46266],[-96.75828,42.46668],[-96.77066,42.46674],[-96.77072,42.47398],[-96.761,42.47498],[-96.76103,42.49566],[-96.74151,42.49561],[-96.74183,42.52465],[-96.72223,42.52465],[-96.72197,42.44424],[-96.69769,42.44],[-96.69768,42.44125],[-96.69294,42.44125],[-96.69267,42.44482],[-96.68308,42.44487],[-96.68285,42.43763],[-96.6771,42.43763],[-96.67745,42.39455],[-96.68712,42.38732],[-96.68738,42.38003],[-96.68077,42.38005],[-96.68714,42.3746],[-96.68693,42.35107],[-96.72596,42.35112],[-96.72612,42.38006],[-96.74553,42.38003],[-96.74565,42.40638],[-96.7428,42.4089],[-96.74568,42.40897],[-96.74591,42.42338],[-96.75539,42.42352],[-96.7553,42.42626],[-96.76523,42.42721],[-96.76525,42.43774],[-96.76142,42.43774],[-96.761,42.45216],[-96.7715,42.45216],[-96.78067,42.44922]]]}},{"type":"Feature","id":"68601","properties":{"zip":"68601","pop":null,"city":"Columbus","county":"Platte","state":"Nebraska","area":223.86,"lat":41.45211,"lon":-97.3948},"geometry":{"type":"Polygon","coordinates":[[[-97.70388,41.42094],[-97.70067,41.42228],[-97.69686,41.42839],[-97.69902,41.43976],[-97.69462,41.44457],[-97.69129,41.44511],[-97.68031,41.44084],[-97.66378,41.438],[-97.65456,41.44292],[-97.65444,41.44746],[-97.64932,41.45137],[-97.6138,41.45134],[-97.60773,41.45345],[-97.60043,41.46133],[-97.59216,41.46561],[-97.56638,41.46024],[-97.55677,41.46747],[-97.54199,41.46885],[-97.54196,41.47375],[-97.52307,41.47357],[-97.52249,41.49675],[-97.50334,41.49694],[-97.50333,41.49921],[-97.49687,41.49692],[-97.48415,41.49692],[-97.48432,41.52642],[-97.46524,41.52596],[-97.46498,41.50966],[-97.45935,41.50856],[-97.45641,41.50898],[-97.45678,41.5105],[-97.45112,41.51044],[-97.45059,41.50886],[-97.44823,41.50955],[-97.4484,41.50807],[-97.44641,41.50944],[-97.44519,41.50691],[-97.43853,41.51143],[-97.43449,41.51067],[-97.43437,41.51315],[-97.43233,41.51065],[-97.43128,41.51305],[-97.43972,41.51857],[-97.40695,41.51862],[-97.407,41.55506],[-97.42639,41.55486],[-97.42645,41.5695],[-97.40701,41.56943],[-97.40697,41.58393],[-97.38757,41.58387],[-97.38759,41.59837],[-97.40697,41.59845],[-97.40733,41.61298],[-97.40708,41.64192],[-97.38753,41.64184],[-97.38751,41.62741],[-97.36829,41.62726],[-97.36826,41.61279],[-97.30096,41.61272],[-97.30078,41.59812],[-97.29104,41.59811],[-97.29104,41.59447],[-97.28114,41.59452],[-97.27955,41.58998],[-97.27769,41.59092],[-97.28022,41.58846],[-97.27774,41.58709],[-97.28009,41.58506],[-97.27579,41.58105],[-97.27849,41.57974],[-97.27574,41.57784],[-97.27891,41.57402],[-97.27562,41.57125],[-97.27834,41.57073],[-97.27719,41.56894],[-97.25256,41.56911],[-97.25256,41.55466],[-97.1949,41.55448],[-97.19505,41.52545],[-97.21435,41.52556],[-97.21413,41.50741],[-97.19476,41.50727],[-97.19452,41.42376],[-97.21388,41.42381],[-97.21375,41.40345],[-97.19449,41.40176],[-97.18984,41.4029],[-97.18957,41.40563],[-97.18507,41.40562],[-97.18494,41.42375],[-97.17065,41.42372],[-97.17059,41.41296],[-97.15622,41.41279],[-97.15613,41.41641],[-97.13676,41.41631],[-97.13693,41.39468],[-97.13785,41.38324],[-97.15429,41.38256],[-97.17846,41.37682],[-97.19927,41.38584],[-97.22618,41.38361],[-97.25352,41.38421],[-97.266,41.38936],[-97.26813,41.38611],[-97.27805,41.38804],[-97.278,41.39035],[-97.28083,41.39239],[-97.29292,41.39677],[-97.30772,41.39903],[-97.32233,41.39379],[-97.31628,41.39514],[-97.30814,41.38853],[-97.29565,41.38749],[-97.29284,41.38591],[-97.29278,41.37998],[-97.31182,41.38558],[-97.3396,41.3846],[-97.34684,41.38023],[-97.34987,41.38026],[-97.35015,41.35113],[-97.36822,41.35166],[-97.36827,41.33715],[-97.35023,41.33666],[-97.35005,41.32211],[-97.39837,41.32402],[-97.46452,41.32273],[-97.46442,41.30824],[-97.50264,41.3082],[-97.50258,41.33941],[-97.50717,41.33728],[-97.57011,41.337],[-97.59822,41.32804],[-97.59846,41.39507],[-97.67628,41.39491],[-97.6757,41.42395],[-97.69472,41.42395],[-97.69516,41.40941],[-97.70384,41.40939],[-97.70388,41.42094]],[[-97.54153,41.39508],[-97.5315,41.39506],[-97.53153,41.39177],[-97.54107,41.3918],[-97.54134,41.38083],[-97.53182,41.38082],[-97.5315,41.37275],[-97.53412,41.37138],[-97.49793,41.38705],[-97.49814,41.38467],[-97.49315,41.38464],[-97.49302,41.3727],[-97.4647,41.374],[-97.46427,41.39516],[-97.47653,41.39546],[-97.48348,41.39252],[-97.48367,41.39523],[-97.49338,41.39511],[-97.49343,41.39666],[-97.50302,41.39513],[-97.50322,41.40963],[-97.54169,41.40971],[-97.54153,41.39508]]]}},{"type":"Feature","id":"68822","properties":{"zip":"68822","pop":null,"city":"","county":"Custer","state":"Nebraska","area":289.77,"lat":41.389,"lon":-99.62768},"geometry":{"type":"Polygon","coordinates":[[[-99.88993,41.41687],[-99.88622,41.41893],[-99.88624,41.43754],[-99.86702,41.43769],[-99.86679,41.44792],[-99.85875,41.44847],[-99.85537,41.45204],[-99.82812,41.45199],[-99.8283,41.43748],[-99.77069,41.43792],[-99.77049,41.46695],[-99.75071,41.46712],[-99.73252,41.44532],[-99.72251,41.4453],[-99.72244,41.46701],[-99.69473,41.46706],[-99.69329,41.48153],[-99.67406,41.48127],[-99.67328,41.65401],[-99.67786,41.65435],[-99.68053,41.66055],[-99.67383,41.66501],[-99.67327,41.65473],[-99.63571,41.65474],[-99.63575,41.65115],[-99.6261,41.65109],[-99.62609,41.65476],[-99.60191,41.65476],[-99.602,41.64779],[-99.58262,41.6476],[-99.58264,41.64406],[-99.58754,41.64404],[-99.58755,41.64083],[-99.59723,41.64055],[-99.59736,41.6123],[-99.59212,41.6158],[-99.59068,41.61423],[-99.5908,41.61626],[-99.58755,41.61818],[-99.58896,41.6198],[-99.5821,41.62127],[-99.58035,41.62882],[-99.57815,41.62945],[-99.57798,41.62593],[-99.55869,41.62582],[-99.55819,41.60637],[-99.55093,41.59517],[-99.53981,41.58315],[-99.53995,41.56828],[-99.52062,41.56824],[-99.52048,41.58156],[-99.511,41.58126],[-99.50909,41.58409],[-99.50105,41.5839],[-99.50113,41.57543],[-99.51085,41.57542],[-99.51091,41.55365],[-99.50538,41.55359],[-99.5025,41.53774],[-99.49932,41.53597],[-99.49214,41.52487],[-99.49345,41.52138],[-99.48933,41.5117],[-99.49117,41.50816],[-99.48989,41.50672],[-99.48171,41.50493],[-99.4818,41.51081],[-99.47229,41.5108],[-99.4712,41.49499],[-99.47326,41.47944],[-99.47181,41.46746],[-99.46214,41.46744],[-99.46229,41.45691],[-99.46276,41.45432],[-99.46694,41.45555],[-99.46814,41.45231],[-99.47161,41.45491],[-99.47349,41.45326],[-99.47416,41.45584],[-99.47763,41.45362],[-99.47654,41.45513],[-99.47979,41.45577],[-99.48139,41.45938],[-99.48161,41.41643],[-99.47315,41.41647],[-99.4731,41.41384],[-99.47878,41.40714],[-99.49317,41.40292],[-99.49094,41.39109],[-99.49102,41.34631],[-99.49595,41.34748],[-99.49579,41.3547],[-99.50543,41.35448],[-99.50544,41.34975],[-99.51025,41.35115],[-99.5433,41.35016],[-99.54336,41.33833],[-99.53924,41.33293],[-99.53874,41.28136],[-99.52913,41.28048],[-99.53016,41.2053],[-99.52756,41.20338],[-99.52386,41.2035],[-99.52384,41.20571],[-99.5162,41.20255],[-99.51003,41.20271],[-99.50999,41.19932],[-99.51437,41.19167],[-99.51418,41.18341],[-99.51982,41.18337],[-99.52013,41.16555],[-99.51017,41.16562],[-99.51063,41.15476],[-99.49155,41.15458],[-99.49183,41.14738],[-99.50132,41.14741],[-99.50219,41.10929],[-99.49531,41.10572],[-99.48438,41.10422],[-99.45939,41.10403],[-99.45947,41.09686],[-99.44027,41.09696],[-99.44039,41.08976],[-99.44518,41.08974],[-99.44521,41.08524],[-99.45479,41.08519],[-99.45475,41.08969],[-99.46434,41.08971],[-99.46446,41.08134],[-99.46873,41.08161],[-99.47174,41.07948],[-99.48313,41.08295],[-99.48716,41.08532],[-99.4857,41.08707],[-99.48736,41.08931],[-99.49595,41.08998],[-99.49683,41.09166],[-99.49352,41.09449],[-99.49457,41.09566],[-99.50005,41.09572],[-99.5053,41.09279],[-99.5072,41.09572],[-99.51547,41.09921],[-99.51851,41.10407],[-99.52553,41.10601],[-99.52368,41.10901],[-99.52916,41.11376],[-99.53296,41.11282],[-99.53171,41.11098],[-99.53599,41.11084],[-99.53833,41.11667],[-99.54108,41.11726],[-99.54083,41.12039],[-99.5447,41.12201],[-99.54803,41.11911],[-99.5504,41.11959],[-99.55003,41.12412],[-99.55522,41.12427],[-99.56214,41.13234],[-99.56897,41.13158],[-99.57124,41.13754],[-99.58326,41.1377],[-99.58447,41.13472],[-99.59131,41.14006],[-99.59576,41.13985],[-99.59818,41.14272],[-99.59807,41.14825],[-99.60043,41.15212],[-99.6067,41.15541],[-99.6084,41.17422],[-99.61945,41.17715],[-99.61814,41.18589],[-99.62062,41.19071],[-99.62099,41.20467],[-99.62553,41.20495],[-99.62549,41.21978],[-99.68636,41.21833],[-99.68788,41.21972],[-99.72094,41.21972],[-99.72002,41.27752],[-99.73922,41.27753],[-99.73938,41.29921],[-99.74418,41.29927],[-99.74406,41.29203],[-99.75838,41.29218],[-99.75879,41.30657],[-99.77035,41.29939],[-99.78152,41.2998],[-99.77839,41.30515],[-99.782,41.31106],[-99.78216,41.31816],[-99.7853,41.32042],[-99.80103,41.32126],[-99.80368,41.33431],[-99.79721,41.33798],[-99.79692,41.35732],[-99.79225,41.35734],[-99.79593,41.36339],[-99.79662,41.37933],[-99.81591,41.37931],[-99.81596,41.39433],[-99.89004,41.39385],[-99.88586,41.39842],[-99.88626,41.40863],[-99.88993,41.41687]]]}},{"type":"Feature","id":"69201","properties":{"zip":"69201","pop":null,"city":"","county":"Cherry","state":"Nebraska","area":1197.57,"lat":42.69996,"lon":-100.59684},"geometry":{"type":"Polygon","coordinates":[[[-101.20803,42.50156],[-101.20775,42.52681],[-101.13024,42.52622],[-101.12936,42.61272],[-100.97124,42.61282],[-100.97253,42.63881],[-100.96994,42.64084],[-100.96341,42.64061],[-100.95726,42.6366],[-100.95153,42.63575],[-100.94316,42.63881],[-100.93134,42.63565],[-100.91733,42.63862],[-100.91269,42.6353],[-100.89856,42.63466],[-100.89349,42.63268],[-100.89312,42.70231],[-100.9012,42.70186],[-100.90805,42.70516],[-100.91637,42.70492],[-100.92295,42.71356],[-100.9266,42.71475],[-100.92246,42.71575],[-100.92079,42.71879],[-100.92424,42.72264],[-100.92461,42.72807],[-100.92774,42.73016],[-100.9244,42.73357],[-100.92457,42.74455],[-100.9286,42.74985],[-100.92808,42.755],[-100.93138,42.75831],[-100.9319,42.76381],[-100.93113,42.7664],[-100.92279,42.77192],[-100.92208,42.7773],[-100.89803,42.77762],[-100.898,42.78189],[-100.88742,42.77992],[-100.88321,42.78219],[-100.86137,42.77692],[-100.85097,42.77776],[-100.84191,42.77524],[-100.83742,42.77203],[-100.82555,42.77383],[-100.81892,42.77717],[-100.81233,42.7771],[-100.7996,42.78131],[-100.78898,42.78005],[-100.78203,42.78676],[-100.76813,42.78669],[-100.76295,42.78928],[-100.7484,42.78845],[-100.74837,42.812],[-100.70898,42.81227],[-100.70869,42.86967],[-100.66975,42.86919],[-100.67005,42.89574],[-100.69527,42.90277],[-100.70808,42.91055],[-100.74912,42.92492],[-100.74664,42.92456],[-100.74505,42.92841],[-100.74897,42.9285],[-100.74899,42.93197],[-100.75206,42.93157],[-100.74936,42.93673],[-100.74972,42.97125],[-100.70973,42.97063],[-100.71012,42.98504],[-100.74995,42.9857],[-100.75002,42.9959],[-100.74788,42.99818],[-100.74795,43.07487],[-100.7282,43.07487],[-100.72852,43.12889],[-100.68893,43.12901],[-100.6891,43.15791],[-100.6601,43.15881],[-100.66041,43.19429],[-100.64165,43.19441],[-100.64026,43.20158],[-100.61972,43.20174],[-100.61122,43.18846],[-100.61012,43.15818],[-100.52045,43.15862],[-100.5207,43.23067],[-100.45274,43.23067],[-100.45308,43.25968],[-100.42109,43.25973],[-100.42056,43.25248],[-100.41166,43.25254],[-100.41145,43.2309],[-100.41319,43.23063],[-100.41186,43.22962],[-100.41184,43.21142],[-100.40306,43.21344],[-100.40123,43.21613],[-100.33249,43.21609],[-100.33246,43.20884],[-100.31285,43.20839],[-100.31362,43.19224],[-100.30849,43.19218],[-100.30196,43.18842],[-100.30095,43.18455],[-100.28728,43.17606],[-100.27477,43.17569],[-100.26977,43.17153],[-100.24929,43.17636],[-100.24393,43.17373],[-100.24801,43.17056],[-100.24437,43.16566],[-100.25339,43.1662],[-100.25355,43.16425],[-100.25082,43.16316],[-100.25144,43.15883],[-100.25525,43.15578],[-100.26493,43.16208],[-100.26795,43.1623],[-100.26932,43.15991],[-100.27391,43.16032],[-100.27834,43.16576],[-100.28077,43.16255],[-100.28786,43.16194],[-100.28771,43.15786],[-100.27363,43.15782],[-100.27314,43.12913],[-100.2973,43.12891],[-100.29738,43.1037],[-100.4134,43.10381],[-100.41334,43.0458],[-100.37385,43.04577],[-100.37343,43.0241],[-100.35405,43.02409],[-100.35514,42.99876],[-100.2776,42.99867],[-100.27641,42.96986],[-100.27824,42.9406],[-100.25733,42.94074],[-100.25727,42.89715],[-100.25982,42.89491],[-100.26058,42.88802],[-100.26843,42.88754],[-100.26933,42.88379],[-100.26545,42.8821],[-100.26674,42.87428],[-100.25937,42.87138],[-100.25877,42.86699],[-100.24668,42.86603],[-100.23293,42.85785],[-100.22736,42.8581],[-100.21493,42.85442],[-100.21623,42.85209],[-100.21255,42.84792],[-100.19848,42.8461],[-100.1985,42.82405],[-100.43399,42.82452],[-100.4343,42.78263],[-100.41782,42.78186],[-100.418,42.50689],[-100.4196,42.43485],[-100.16754,42.43328],[-100.16778,42.16596],[-100.20195,42.16567],[-100.20669,42.18437],[-100.20664,42.20231],[-100.21987,42.21574],[-100.22876,42.21648],[-100.23883,42.23351],[-100.25556,42.23453],[-100.2769,42.24651],[-100.28297,42.25271],[-100.31325,42.27077],[-100.34635,42.28027],[-100.36447,42.28869],[-100.39006,42.29008],[-100.40581,42.29777],[-100.42668,42.30036],[-100.44416,42.31552],[-100.4605,42.32152],[-100.47186,42.33045],[-100.48784,42.33071],[-100.49765,42.32713],[-100.53061,42.32979],[-100.52938,42.32488],[-100.53633,42.29722],[-100.53648,42.28879],[-100.54633,42.2889],[-100.54636,42.29495],[-100.55124,42.29499],[-100.55128,42.30042],[-100.56093,42.30228],[-100.56091,42.30591],[-100.59456,42.30616],[-100.59461,42.34967],[-100.61393,42.34951],[-100.61494,42.3821],[-100.63374,42.3822],[-100.63362,42.37496],[-100.63852,42.37501],[-100.63849,42.37141],[-100.64339,42.37148],[-100.64334,42.3643],[-100.65319,42.36442],[-100.6532,42.36802],[-100.66305,42.36796],[-100.66305,42.37156],[-100.70232,42.37172],[-100.70234,42.37904],[-100.69733,42.37899],[-100.69737,42.38612],[-100.69233,42.38609],[-100.69386,42.42204],[-100.77046,42.42224],[-100.77065,42.43702],[-101.20758,42.44079],[-101.20803,42.50156]]]}},{"type":"Feature","id":"68925","properties":{"zip":"68925","pop":null,"city":"","county":"Adams","state":"Nebraska","area":45.71,"lat":40.42361,"lon":-98.43808},"geometry":{"type":"Polygon","coordinates":[[[-98.52479,40.40838],[-98.51549,40.40852],[-98.5155,40.43746],[-98.49654,40.43751],[-98.49655,40.45198],[-98.47764,40.452],[-98.47759,40.4665],[-98.4966,40.46647],[-98.49674,40.49546],[-98.478,40.4954],[-98.47776,40.48101],[-98.42095,40.48053],[-98.42099,40.49514],[-98.40204,40.49535],[-98.40194,40.48085],[-98.35378,40.48085],[-98.35262,40.46629],[-98.37288,40.46645],[-98.37288,40.43723],[-98.38263,40.43722],[-98.38243,40.40821],[-98.35379,40.40825],[-98.3538,40.41525],[-98.34437,40.41546],[-98.34309,40.37924],[-98.40161,40.37936],[-98.40164,40.36487],[-98.43967,40.3649],[-98.43971,40.37942],[-98.45867,40.37953],[-98.45863,40.36496],[-98.51571,40.36505],[-98.51563,40.37953],[-98.52493,40.37937],[-98.52479,40.40838]]]}},{"type":"Feature","id":"68415","properties":{"zip":"68415","pop":null,"city":"","county":"Gage","state":"Nebraska","area":54.82,"lat":40.06251,"lon":-96.82163},"geometry":{"type":"Polygon","coordinates":[[[-96.91655,40.06006],[-96.89689,40.06009],[-96.89695,40.07472],[-96.85987,40.07498],[-96.86021,40.08899],[-96.84132,40.08888],[-96.841,40.1322],[-96.87864,40.13208],[-96.87877,40.16116],[-96.82211,40.16128],[-96.82212,40.14686],[-96.78459,40.14671],[-96.78417,40.10298],[-96.76577,40.1034],[-96.76489,40.08831],[-96.74601,40.08823],[-96.74599,40.04546],[-96.72736,40.04504],[-96.72764,40.00128],[-96.91641,40.00151],[-96.91655,40.06006]]]}},{"type":"Feature","id":"69354","properties":{"zip":"69354","pop":null,"city":"","county":"Sioux","state":"Nebraska","area":219.73,"lat":42.40822,"lon":-103.42452},"geometry":{"type":"Polygon","coordinates":[[[-103.79238,42.41698],[-103.78245,42.41693],[-103.77775,42.41337],[-103.73869,42.41339],[-103.73877,42.40783],[-103.72177,42.40877],[-103.72152,42.42322],[-103.71253,42.42307],[-103.70473,42.41398],[-103.69897,42.41194],[-103.69857,42.40892],[-103.6913,42.40886],[-103.69134,42.41246],[-103.69865,42.41253],[-103.7069,42.41777],[-103.71114,42.42344],[-103.72144,42.4236],[-103.72078,42.42851],[-103.71593,42.42721],[-103.71584,42.42931],[-103.71834,42.42878],[-103.71717,42.43174],[-103.70772,42.43158],[-103.70559,42.43423],[-103.70019,42.43243],[-103.69923,42.43407],[-103.70077,42.43519],[-103.69253,42.43718],[-103.69148,42.43506],[-103.68543,42.43664],[-103.66746,42.43425],[-103.65708,42.43649],[-103.65733,42.43379],[-103.65301,42.43295],[-103.65307,42.43562],[-103.64714,42.43329],[-103.63686,42.43555],[-103.63603,42.43358],[-103.62283,42.43644],[-103.6168,42.43525],[-103.61681,42.43326],[-103.61424,42.43523],[-103.61372,42.43297],[-103.61146,42.43525],[-103.61134,42.43249],[-103.59985,42.43357],[-103.59599,42.42979],[-103.58633,42.43037],[-103.57876,42.42584],[-103.575,42.42646],[-103.57441,42.42252],[-103.56504,42.42171],[-103.5633,42.4222],[-103.56379,42.42387],[-103.55814,42.42186],[-103.54629,42.42408],[-103.54681,42.42245],[-103.5441,42.42193],[-103.54403,42.42357],[-103.5407,42.41904],[-103.53836,42.41955],[-103.53428,42.41559],[-103.53206,42.4157],[-103.52953,42.41984],[-103.52422,42.42027],[-103.52629,42.42176],[-103.52416,42.42188],[-103.52018,42.41869],[-103.5211,42.41762],[-103.51743,42.41956],[-103.51499,42.41867],[-103.51629,42.41712],[-103.51262,42.41618],[-103.51101,42.41675],[-103.51129,42.41943],[-103.50983,42.4172],[-103.50833,42.41714],[-103.50798,42.41869],[-103.51058,42.41869],[-103.5094,42.42114],[-103.50536,42.42104],[-103.50351,42.41864],[-103.50162,42.42159],[-103.49574,42.41897],[-103.49525,42.42265],[-103.49139,42.42045],[-103.48142,42.42316],[-103.47833,42.42162],[-103.47898,42.42323],[-103.47555,42.42428],[-103.47126,42.42401],[-103.46747,42.42113],[-103.45873,42.42513],[-103.45265,42.42188],[-103.452,42.42394],[-103.44891,42.42323],[-103.45009,42.42207],[-103.44854,42.42133],[-103.44428,42.42425],[-103.44428,42.43727],[-103.48001,42.43727],[-103.47995,42.46625],[-103.44073,42.46626],[-103.44076,42.48069],[-103.40639,42.48081],[-103.40186,42.47672],[-103.40311,42.46784],[-103.40125,42.45204],[-103.35251,42.45175],[-103.35251,42.45495],[-103.35739,42.45504],[-103.35732,42.46271],[-103.36225,42.46274],[-103.36228,42.46637],[-103.34258,42.4662],[-103.34258,42.44453],[-103.30194,42.44388],[-103.30215,42.44584],[-103.29921,42.44579],[-103.29847,42.44382],[-103.29506,42.45123],[-103.26413,42.45209],[-103.26473,42.49539],[-103.2842,42.49554],[-103.28348,42.52414],[-103.23844,42.52454],[-103.23555,42.52774],[-103.23151,42.52811],[-103.23046,42.53242],[-103.22581,42.53018],[-103.22321,42.53108],[-103.21812,42.53584],[-103.21504,42.53638],[-103.2101,42.5424],[-103.19638,42.54421],[-103.19294,42.55539],[-103.18868,42.5584],[-103.18864,42.561],[-103.17562,42.5625],[-103.16584,42.57375],[-103.16566,42.58338],[-103.12628,42.58259],[-103.12627,42.57828],[-103.12268,42.57466],[-103.11866,42.57317],[-103.09873,42.57506],[-103.0926,42.56816],[-103.08715,42.56549],[-103.0874,42.58207],[-103.06728,42.58257],[-103.06734,42.56503],[-103.07106,42.55573],[-103.06642,42.54298],[-103.06714,42.45488],[-103.06749,42.44732],[-103.07238,42.44221],[-103.07242,42.43787],[-103.29998,42.43775],[-103.30407,42.42981],[-103.30844,42.42785],[-103.30742,42.35199],[-103.38631,42.35161],[-103.38611,42.33824],[-103.40582,42.33831],[-103.40587,42.32354],[-103.44181,42.32257],[-103.44722,42.32101],[-103.46662,42.30388],[-103.49162,42.2889],[-103.5012,42.279],[-103.64333,42.27954],[-103.65604,42.27473],[-103.66027,42.26595],[-103.65904,42.19662],[-103.67204,42.17722],[-103.67913,42.17707],[-103.67972,42.33698],[-103.69031,42.34068],[-103.69838,42.34095],[-103.70168,42.34979],[-103.71374,42.35059],[-103.7179,42.35604],[-103.72651,42.35811],[-103.73445,42.36505],[-103.77757,42.36645],[-103.77763,42.38944],[-103.79201,42.41267],[-103.79238,42.41698]]]}},{"type":"Feature","id":"68456","properties":{"zip":"68456","pop":null,"city":"","county":"Seward","state":"Nebraska","area":39.96,"lat":40.91277,"lon":-97.31007},"geometry":{"type":"Polygon","coordinates":[[[-97.36816,40.95988],[-97.36812,40.97439],[-97.34931,40.97444],[-97.34937,40.98895],[-97.29208,40.98897],[-97.29202,40.97448],[-97.27281,40.97446],[-97.27297,40.91634],[-97.25375,40.91639],[-97.25374,40.90928],[-97.23457,40.9091],[-97.23463,40.90178],[-97.22508,40.90173],[-97.22515,40.89495],[-97.23469,40.8947],[-97.23482,40.86513],[-97.24433,40.86516],[-97.24443,40.85828],[-97.25387,40.85825],[-97.25387,40.85063],[-97.26365,40.85058],[-97.26365,40.85821],[-97.29197,40.85811],[-97.29189,40.84361],[-97.34921,40.84401],[-97.34963,40.87278],[-97.36833,40.87277],[-97.36816,40.95988]]]}},{"type":"Feature","id":"68667","properties":{"zip":"68667","pop":null,"city":"Surprise","county":"Butler","state":"Nebraska","area":11.83,"lat":41.11228,"lon":-97.3028},"geometry":{"type":"Polygon","coordinates":[[[-97.36805,41.11948],[-97.3556,41.11941],[-97.35562,41.12668],[-97.34961,41.12666],[-97.34968,41.13396],[-97.33049,41.13414],[-97.33037,41.11943],[-97.3207,41.11939],[-97.3208,41.12669],[-97.31118,41.1267],[-97.31133,41.13436],[-97.23436,41.1341],[-97.23472,41.11911],[-97.25839,41.11957],[-97.25848,41.1123],[-97.26317,41.11219],[-97.26314,41.10493],[-97.27267,41.10471],[-97.27234,41.06846],[-97.27947,41.06847],[-97.27959,41.07575],[-97.28187,41.07577],[-97.28188,41.07932],[-97.29145,41.07938],[-97.29151,41.09014],[-97.31061,41.09028],[-97.31079,41.09763],[-97.36812,41.09772],[-97.36805,41.11948]]]}},{"type":"Feature","id":"68380","properties":{"zip":"68380","pop":null,"city":"","county":"Pawnee","state":"Nebraska","area":5.34,"lat":40.24285,"lon":-96.4059},"geometry":{"type":"Polygon","coordinates":[[[-96.44524,40.24771],[-96.42634,40.24796],[-96.42628,40.26234],[-96.38842,40.26248],[-96.38836,40.24831],[-96.36943,40.24811],[-96.3694,40.23357],[-96.38834,40.23358],[-96.38825,40.21902],[-96.40249,40.21899],[-96.40719,40.22148],[-96.40732,40.23348],[-96.44521,40.23337],[-96.44524,40.24771]]]}},{"type":"Feature","id":"69121","properties":{"zip":"69121","pop":null,"city":"","county":"Arthur","state":"Nebraska","area":371.93,"lat":41.56628,"lon":-101.71989},"geometry":{"type":"Polygon","coordinates":[[[-101.98559,41.5782],[-101.98004,41.595],[-101.96846,41.60041],[-101.97338,41.62177],[-101.96374,41.63321],[-101.96161,41.64008],[-101.95664,41.64205],[-101.95789,41.649],[-101.95533,41.655],[-101.96486,41.66027],[-101.96758,41.67377],[-101.9729,41.68312],[-101.97884,41.68505],[-101.98019,41.68823],[-101.98516,41.69121],[-101.98552,41.74229],[-101.65972,41.74252],[-101.67049,41.73156],[-101.6775,41.72962],[-101.68783,41.72266],[-101.68771,41.7178],[-101.69198,41.71551],[-101.69726,41.71637],[-101.70655,41.71444],[-101.70253,41.70755],[-101.71374,41.69848],[-101.7157,41.69563],[-101.71543,41.68936],[-101.70981,41.68397],[-101.69579,41.68427],[-101.69572,41.68844],[-101.6738,41.69617],[-101.64701,41.69847],[-101.62774,41.6922],[-101.62581,41.69337],[-101.62245,41.68761],[-101.62346,41.68287],[-101.59675,41.67592],[-101.59898,41.67093],[-101.5989,41.65443],[-101.59539,41.64559],[-101.5897,41.64036],[-101.59341,41.62922],[-101.59937,41.62653],[-101.59937,41.59486],[-101.54104,41.5929],[-101.52373,41.59784],[-101.51025,41.59832],[-101.49259,41.59296],[-101.43242,41.58937],[-101.41484,41.57743],[-101.43022,41.56957],[-101.42281,41.56238],[-101.42258,41.55672],[-101.43633,41.55092],[-101.43674,41.53747],[-101.4397,41.52998],[-101.44206,41.52513],[-101.44916,41.52328],[-101.44374,41.51242],[-101.42803,41.49922],[-101.42618,41.49217],[-101.42632,41.47532],[-101.42301,41.47312],[-101.42154,41.46761],[-101.42637,41.46151],[-101.42631,41.42424],[-101.42978,41.42259],[-101.42608,41.41356],[-101.42095,41.41012],[-101.40727,41.40985],[-101.40726,41.39542],[-101.59267,41.39533],[-101.59428,41.40261],[-101.59087,41.40594],[-101.59001,41.41004],[-101.59227,41.41342],[-101.59313,41.4235],[-101.60484,41.42789],[-101.61427,41.42642],[-101.61499,41.43729],[-101.62369,41.44201],[-101.62645,41.44682],[-101.63316,41.44042],[-101.6469,41.43253],[-101.6625,41.42949],[-101.67606,41.43141],[-101.68523,41.43485],[-101.70854,41.43434],[-101.71711,41.42906],[-101.72238,41.42258],[-101.72266,41.40855],[-101.72593,41.4081],[-101.74183,41.40762],[-101.74795,41.40922],[-101.75086,41.40711],[-101.7734,41.41485],[-101.7752,41.41787],[-101.79185,41.42164],[-101.80182,41.41883],[-101.81614,41.42348],[-101.83117,41.4232],[-101.84093,41.43042],[-101.8407,41.43467],[-101.8211,41.441],[-101.82027,41.44597],[-101.81242,41.44826],[-101.81055,41.45685],[-101.80535,41.46055],[-101.81138,41.46678],[-101.81155,41.49527],[-101.82011,41.49609],[-101.83654,41.50431],[-101.83898,41.50436],[-101.84286,41.49956],[-101.85521,41.49613],[-101.86247,41.49611],[-101.87504,41.50213],[-101.89172,41.49984],[-101.89887,41.49639],[-101.91124,41.49983],[-101.92534,41.49625],[-101.94246,41.482],[-101.94636,41.4742],[-101.95029,41.47375],[-101.96126,41.46342],[-101.9682,41.46178],[-101.96964,41.4636],[-101.98463,41.46711],[-101.98559,41.5782]]]}},{"type":"Feature","id":"68588","properties":{"zip":"68588","pop":null,"city":"Lincoln","county":"Lancaster","state":"Nebraska","area":0.05,"lat":40.82452,"lon":-96.69666},"geometry":{"type":"Polygon","coordinates":[[[-96.69815,40.82271],[-96.69812,40.82659],[-96.69428,40.82815],[-96.6965,40.82086],[-96.69816,40.82086],[-96.69815,40.82271]]]}},{"type":"Feature","id":"68321","properties":{"zip":"68321","pop":null,"city":"Brownville","county":"Nemaha","state":"Nebraska","area":20.4,"lat":40.39495,"lon":-95.69383},"geometry":{"type":"Polygon","coordinates":[[[-95.75336,40.40728],[-95.74393,40.40726],[-95.7441,40.43621],[-95.65606,40.43593],[-95.65629,40.42876],[-95.66146,40.41595],[-95.65913,40.40869],[-95.64393,40.38685],[-95.64103,40.3664],[-95.62488,40.34931],[-95.65379,40.34968],[-95.65373,40.34545],[-95.65689,40.34563],[-95.66862,40.33726],[-95.67139,40.33879],[-95.6727,40.36379],[-95.70591,40.36386],[-95.70602,40.37835],[-95.72494,40.37827],[-95.72488,40.36377],[-95.74381,40.36401],[-95.7438,40.37103],[-95.75327,40.37103],[-95.75325,40.37828],[-95.74381,40.3783],[-95.74384,40.39271],[-95.75333,40.39271],[-95.75336,40.40728]]]}},{"type":"Feature","id":"68342","properties":{"zip":"68342","pop":null,"city":"","county":"Jefferson","state":"Nebraska","area":57.94,"lat":40.10337,"lon":-96.94504},"geometry":{"type":"Polygon","coordinates":[[[-97.04858,40.11713],[-97.02968,40.11737],[-97.02965,40.16094],[-96.99203,40.16099],[-96.992,40.1681],[-96.9826,40.16826],[-96.98265,40.17552],[-96.97314,40.17553],[-96.97259,40.19008],[-96.95412,40.19012],[-96.95421,40.17558],[-96.91638,40.17564],[-96.91634,40.16114],[-96.87877,40.16116],[-96.87864,40.13208],[-96.841,40.1322],[-96.84132,40.08888],[-96.86021,40.08899],[-96.85987,40.07498],[-96.89695,40.07472],[-96.89689,40.06009],[-96.91655,40.06006],[-96.91641,40.00151],[-96.9929,40.00147],[-96.99194,40.03052],[-96.95413,40.03069],[-96.9543,40.07446],[-97.01084,40.07396],[-97.01093,40.08837],[-97.04856,40.08841],[-97.04858,40.11713]]]}},{"type":"Feature","id":"69337","properties":{"zip":"69337","pop":null,"city":"","county":"Dawes","state":"Nebraska","area":568.14,"lat":42.8656,"lon":-102.99518},"geometry":{"type":"Polygon","coordinates":[[[-103.40458,43.00061],[-103.02073,43.00052],[-103.02537,43.00789],[-103.02317,43.01389],[-103.03481,43.02051],[-103.03535,43.0291],[-103.0396,43.03228],[-103.03818,43.04296],[-103.04124,43.05407],[-103.0412,43.06373],[-103.04935,43.06764],[-103.05104,43.07063],[-103.05104,43.09291],[-103.05268,43.09445],[-103.05111,43.09758],[-103.05093,43.12827],[-103.0524,43.13397],[-103.0508,43.1585],[-103.03568,43.15719],[-103.01894,43.15939],[-102.98266,43.15938],[-102.97607,43.15805],[-102.95593,43.14825],[-102.94977,43.13912],[-102.9525,43.13373],[-102.94971,43.12999],[-102.79152,43.12919],[-102.79033,43.12698],[-102.79675,43.1263],[-102.79752,43.12195],[-102.79548,43.12108],[-102.79366,43.12212],[-102.79572,43.12331],[-102.7917,43.1236],[-102.78557,43.12175],[-102.7862,43.11926],[-102.79217,43.1188],[-102.79518,43.11312],[-102.78735,43.11327],[-102.78601,43.11134],[-102.78875,43.11041],[-102.78499,43.10652],[-102.79475,43.11003],[-102.79883,43.10848],[-102.79547,43.10654],[-102.796,43.10845],[-102.79388,43.10807],[-102.79397,43.10551],[-102.79655,43.10481],[-102.78763,43.10192],[-102.79472,43.09634],[-102.80109,43.09601],[-102.80306,43.09418],[-102.79783,43.08982],[-102.81075,43.0923],[-102.82605,43.07542],[-102.82648,43.07209],[-102.82209,43.06519],[-102.82197,43.06176],[-102.84082,43.03319],[-102.83449,43.02948],[-102.83089,43.03212],[-102.82603,43.03074],[-102.82548,43.02889],[-102.82969,43.02907],[-102.82882,43.02541],[-102.83446,43.02344],[-102.83318,43.01803],[-102.81997,43.01392],[-102.82286,43.01089],[-102.81766,43.00874],[-102.80938,43.00002],[-102.69419,42.99984],[-102.69452,42.91416],[-102.68145,42.91431],[-102.6802,42.90149],[-102.67518,42.89766],[-102.67491,42.89363],[-102.70223,42.89237],[-102.7022,42.88874],[-102.69971,42.88875],[-102.69978,42.8815],[-102.69482,42.88151],[-102.69489,42.87788],[-102.70479,42.87788],[-102.70489,42.87062],[-102.73418,42.8706],[-102.73524,42.84273],[-102.74118,42.84295],[-102.74302,42.84691],[-102.74486,42.8426],[-102.77393,42.84236],[-102.77394,42.84592],[-102.79274,42.84512],[-102.79266,42.78516],[-102.77337,42.78527],[-102.77371,42.69973],[-102.83221,42.69899],[-102.83223,42.69534],[-102.83711,42.69528],[-102.83717,42.68926],[-102.84209,42.68923],[-102.84218,42.68442],[-102.88134,42.68414],[-102.87856,42.68018],[-102.89065,42.68045],[-102.8906,42.67678],[-102.8813,42.67697],[-102.88116,42.66975],[-102.88574,42.66968],[-102.88588,42.66607],[-102.88109,42.66616],[-102.88097,42.66244],[-102.89055,42.66245],[-102.89058,42.65516],[-102.88592,42.65517],[-102.88595,42.64794],[-102.88126,42.64792],[-102.88135,42.64065],[-102.8518,42.64045],[-102.85188,42.61224],[-102.88593,42.61198],[-102.88595,42.60475],[-102.89077,42.60472],[-102.89099,42.57599],[-102.89585,42.57586],[-102.91055,42.56815],[-102.92142,42.56725],[-102.92684,42.56482],[-102.92954,42.5648],[-102.933,42.56809],[-102.9679,42.56849],[-102.97066,42.55506],[-102.9845,42.55772],[-103.00268,42.55376],[-103.01346,42.55727],[-103.01347,42.55368],[-103.00852,42.55369],[-103.00826,42.53909],[-103.03281,42.53887],[-103.03313,42.54265],[-103.038,42.54265],[-103.03807,42.55362],[-103.0478,42.55371],[-103.04784,42.56098],[-103.03798,42.56099],[-103.03798,42.56813],[-103.04789,42.56817],[-103.04789,42.57255],[-103.0522,42.57532],[-103.05907,42.57554],[-103.06727,42.57965],[-103.06729,42.59337],[-103.07237,42.59335],[-103.07233,42.5971],[-103.07732,42.59703],[-103.07711,42.60398],[-103.0869,42.60393],[-103.08658,42.6111],[-103.18539,42.61272],[-103.19072,42.63409],[-103.1947,42.63962],[-103.18511,42.63965],[-103.18516,42.63619],[-103.17511,42.63627],[-103.17511,42.63977],[-103.12547,42.64015],[-103.12753,42.78512],[-103.14726,42.78522],[-103.14701,42.8024],[-103.16705,42.79291],[-103.1672,42.79947],[-103.18119,42.79816],[-103.23302,42.79945],[-103.22771,42.80285],[-103.21517,42.80485],[-103.20454,42.81557],[-103.16701,42.82001],[-103.17062,42.82522],[-103.17055,42.83196],[-103.17392,42.83262],[-103.17838,42.84331],[-103.32596,42.84301],[-103.32595,42.82845],[-103.34544,42.82853],[-103.3457,42.85726],[-103.33553,42.85744],[-103.33562,42.87227],[-103.32581,42.87221],[-103.32554,42.90121],[-103.34544,42.90129],[-103.34533,42.97428],[-103.40475,42.9744],[-103.40458,43.00061]]]}},{"type":"Feature","id":"68821","properties":{"zip":"68821","pop":null,"city":"","county":"Blaine","state":"Nebraska","area":118.72,"lat":42.00198,"lon":-99.81647},"geometry":{"type":"Polygon","coordinates":[[[-100.02431,42.08559],[-99.68696,42.08608],[-99.68647,41.90723],[-99.80198,41.90693],[-99.85683,41.93221],[-99.93804,41.92054],[-99.93824,41.92825],[-99.95714,41.92819],[-99.95715,41.97239],[-99.93878,41.97202],[-99.938,42.0512],[-99.95675,42.05085],[-99.95699,42.0723],[-99.99517,42.07234],[-99.99551,42.0787],[-100.02427,42.07827],[-100.02431,42.08559]]]}},{"type":"Feature","id":"68362","properties":{"zip":"68362","pop":null,"city":"Gilead","county":"Thayer","state":"Nebraska","area":1.72,"lat":40.15329,"lon":-97.42568},"geometry":{"type":"Polygon","coordinates":[[[-97.44463,40.1616],[-97.40728,40.16159],[-97.40752,40.15069],[-97.40901,40.14981],[-97.40728,40.14612],[-97.41661,40.14322],[-97.44479,40.14705],[-97.44463,40.1616]]]}},{"type":"Feature","id":"68874","properties":{"zip":"68874","pop":null,"city":"","county":"Custer","state":"Nebraska","area":190.8,"lat":41.63367,"lon":-99.42639},"geometry":{"type":"Polygon","coordinates":[[[-99.61634,41.66585],[-99.60384,41.66635],[-99.59868,41.66457],[-99.59713,41.66938],[-99.59718,41.69286],[-99.60183,41.70511],[-99.59701,41.70966],[-99.60197,41.71963],[-99.59688,41.71964],[-99.59693,41.73938],[-99.59942,41.74179],[-99.59943,41.74804],[-99.60429,41.74887],[-99.60454,41.76984],[-99.52167,41.7702],[-99.52181,41.75557],[-99.45382,41.75581],[-99.45357,41.74122],[-99.42491,41.74128],[-99.41867,41.73527],[-99.40919,41.73351],[-99.40904,41.73028],[-99.40619,41.72776],[-99.40442,41.72739],[-99.40436,41.72906],[-99.39571,41.72597],[-99.39382,41.7278],[-99.38653,41.7218],[-99.38418,41.7219],[-99.38189,41.72609],[-99.37489,41.72669],[-99.37214,41.71524],[-99.36888,41.71139],[-99.35684,41.71144],[-99.35147,41.70972],[-99.34736,41.71218],[-99.32711,41.71224],[-99.32713,41.7341],[-99.28838,41.73368],[-99.28841,41.72654],[-99.25005,41.72636],[-99.24976,41.69013],[-99.25933,41.69015],[-99.25941,41.68308],[-99.24521,41.68308],[-99.24536,41.67588],[-99.24064,41.67592],[-99.24083,41.66872],[-99.23138,41.66874],[-99.23124,41.63639],[-99.22845,41.63428],[-99.22848,41.62979],[-99.22519,41.62543],[-99.22519,41.61789],[-99.22654,41.61381],[-99.24226,41.61043],[-99.24746,41.60145],[-99.25296,41.6014],[-99.26432,41.61015],[-99.2669,41.62152],[-99.2758,41.63209],[-99.26928,41.62431],[-99.2695,41.61149],[-99.27546,41.61155],[-99.27279,41.60893],[-99.27414,41.6078],[-99.28319,41.60805],[-99.28645,41.60375],[-99.28606,41.60082],[-99.2949,41.60464],[-99.29861,41.60908],[-99.31736,41.61187],[-99.33523,41.61214],[-99.34022,41.61885],[-99.35462,41.62066],[-99.36665,41.62513],[-99.36667,41.62256],[-99.3509,41.61812],[-99.33269,41.60847],[-99.32342,41.6093],[-99.30134,41.59969],[-99.29967,41.59595],[-99.30446,41.58792],[-99.29907,41.58194],[-99.29885,41.56818],[-99.30847,41.56816],[-99.30863,41.55354],[-99.38545,41.55385],[-99.38561,41.53943],[-99.35676,41.53937],[-99.35681,41.52475],[-99.34723,41.52488],[-99.34718,41.52048],[-99.33966,41.51915],[-99.33053,41.5235],[-99.32781,41.52178],[-99.32807,41.48112],[-99.34755,41.48123],[-99.34738,41.48854],[-99.35695,41.48864],[-99.35707,41.48129],[-99.36649,41.4814],[-99.36676,41.4596],[-99.38608,41.45979],[-99.38619,41.45241],[-99.40519,41.45253],[-99.4052,41.45983],[-99.4146,41.45992],[-99.41461,41.46713],[-99.42382,41.46723],[-99.42523,41.476],[-99.42381,41.48202],[-99.47181,41.48209],[-99.47229,41.5108],[-99.4818,41.51081],[-99.48171,41.50493],[-99.48989,41.50672],[-99.49117,41.50816],[-99.48933,41.5117],[-99.49345,41.52138],[-99.49214,41.52487],[-99.49932,41.53597],[-99.5025,41.53774],[-99.50538,41.55359],[-99.51091,41.55365],[-99.51085,41.57542],[-99.50113,41.57543],[-99.50105,41.5839],[-99.50909,41.58409],[-99.511,41.58126],[-99.52048,41.58156],[-99.52062,41.56824],[-99.53995,41.56828],[-99.53981,41.58315],[-99.55093,41.59517],[-99.55819,41.60637],[-99.55869,41.62582],[-99.57798,41.62593],[-99.57815,41.62945],[-99.58035,41.62882],[-99.5821,41.62127],[-99.58896,41.6198],[-99.58755,41.61818],[-99.5908,41.61626],[-99.59068,41.61423],[-99.59212,41.6158],[-99.59736,41.6123],[-99.59723,41.64055],[-99.58755,41.64083],[-99.58754,41.64404],[-99.58264,41.64406],[-99.58262,41.6476],[-99.602,41.64779],[-99.60191,41.65476],[-99.6163,41.6547],[-99.61634,41.66585]]]}},{"type":"Feature","id":"68520","properties":{"zip":"68520","pop":null,"city":"Walton","county":"Lancaster","state":"Nebraska","area":8.76,"lat":40.79836,"lon":-96.55313},"geometry":{"type":"Polygon","coordinates":[[[-96.60606,40.77913],[-96.60609,40.8135],[-96.46373,40.81295],[-96.46374,40.79846],[-96.56777,40.79859],[-96.56789,40.76962],[-96.60616,40.76974],[-96.60606,40.77913]]]}},{"type":"Feature","id":"68982","properties":{"zip":"68982","pop":null,"city":"","county":"Franklin","state":"Nebraska","area":67.12,"lat":40.33072,"lon":-99.195},"geometry":{"type":"Polygon","coordinates":[[[-99.30335,40.37969],[-99.27475,40.38004],[-99.2748,40.39458],[-99.25544,40.39433],[-99.25557,40.39985],[-99.27482,40.40877],[-99.27489,40.41656],[-99.25584,40.41622],[-99.25491,40.40874],[-99.21824,40.40851],[-99.21798,40.42309],[-99.19842,40.42323],[-99.19901,40.40873],[-99.16074,40.40842],[-99.16073,40.39387],[-99.10349,40.39414],[-99.10347,40.3796],[-99.12262,40.37957],[-99.12293,40.21972],[-99.17926,40.21996],[-99.17929,40.2635],[-99.24109,40.26336],[-99.23954,40.26917],[-99.24078,40.27796],[-99.23593,40.27827],[-99.23625,40.30727],[-99.28171,40.3071],[-99.28483,40.3091],[-99.28497,40.31445],[-99.29244,40.3144],[-99.29247,40.32169],[-99.27414,40.32154],[-99.27443,40.33594],[-99.2925,40.33619],[-99.29255,40.35062],[-99.3027,40.35063],[-99.30335,40.37969]]]}},{"type":"Feature","id":"68330","properties":{"zip":"68330","pop":null,"city":"Cordova","county":"Seward","state":"Nebraska","area":0.81,"lat":40.70649,"lon":-97.34039},"geometry":{"type":"Polygon","coordinates":[[[-97.35281,40.71849],[-97.34915,40.71918],[-97.34915,40.71418],[-97.34672,40.71312],[-97.33006,40.71311],[-97.33031,40.69857],[-97.34937,40.69859],[-97.34916,40.71314],[-97.35053,40.71314],[-97.35052,40.71584],[-97.35463,40.71632],[-97.35281,40.71849]]]}},{"type":"Feature","id":"69366","properties":{"zip":"69366","pop":null,"city":"","county":"Cherry","state":"Nebraska","area":485.58,"lat":42.13164,"lon":-101.54215},"geometry":{"type":"Polygon","coordinates":[[[-101.81773,42.27583],[-101.81531,42.27849],[-101.81489,42.28267],[-101.8071,42.29042],[-101.8103,42.29718],[-101.80657,42.29929],[-101.80871,42.30552],[-101.80458,42.31008],[-101.80539,42.31385],[-101.80111,42.31944],[-101.8078,42.32664],[-101.81286,42.32897],[-101.81204,42.33218],[-101.80575,42.33762],[-101.80806,42.34453],[-101.78405,42.3488],[-101.73853,42.34322],[-101.72407,42.34395],[-101.72282,42.35201],[-101.73225,42.36647],[-101.733,42.38482],[-101.73647,42.39857],[-101.73629,42.43388],[-101.73363,42.438],[-101.72576,42.44229],[-101.39234,42.44114],[-101.39387,42.44089],[-101.39553,42.42621],[-101.40672,42.42623],[-101.40347,42.4218],[-101.40478,42.41805],[-101.39836,42.41449],[-101.39424,42.41476],[-101.39546,42.41228],[-101.4038,42.41029],[-101.4024,42.40181],[-101.40896,42.39876],[-101.4104,42.39571],[-101.42505,42.39378],[-101.42532,42.3958],[-101.43487,42.40015],[-101.43954,42.40798],[-101.44296,42.40756],[-101.44847,42.41511],[-101.45688,42.41256],[-101.45575,42.40709],[-101.45755,42.40681],[-101.4586,42.40208],[-101.45724,42.39774],[-101.4541,42.39501],[-101.44623,42.39452],[-101.44396,42.39189],[-101.44404,42.38946],[-101.45015,42.38418],[-101.44967,42.38281],[-101.44026,42.38874],[-101.43551,42.3896],[-101.41663,42.38658],[-101.3982,42.3785],[-101.35399,42.38434],[-101.33575,42.38122],[-101.33623,42.35994],[-101.33462,42.35281],[-101.33643,42.34495],[-101.33685,42.29402],[-101.33345,42.26457],[-101.41246,42.26609],[-101.4122,42.09211],[-101.42656,42.09219],[-101.42592,41.74306],[-101.40647,41.7432],[-101.40664,41.72565],[-101.434,41.72148],[-101.45056,41.72447],[-101.46066,41.71934],[-101.46714,41.71995],[-101.46226,41.70898],[-101.45038,41.69344],[-101.4754,41.69021],[-101.48151,41.68706],[-101.49837,41.70044],[-101.50166,41.69888],[-101.5095,41.70299],[-101.51632,41.70891],[-101.51797,41.71322],[-101.52317,41.71619],[-101.53164,41.73044],[-101.53856,41.73395],[-101.53651,41.73476],[-101.53358,41.74266],[-101.64019,41.74244],[-101.64093,42.0144],[-101.62403,42.01883],[-101.61364,42.02426],[-101.6066,42.0249],[-101.6158,42.05135],[-101.61435,42.06738],[-101.60647,42.07451],[-101.60436,42.08315],[-101.60604,42.08922],[-101.60456,42.0933],[-101.53825,42.09334],[-101.53519,42.09598],[-101.52985,42.11866],[-101.53275,42.12928],[-101.5277,42.13825],[-101.52708,42.14774],[-101.55046,42.15094],[-101.56466,42.14874],[-101.58547,42.15128],[-101.60617,42.14925],[-101.60268,42.15602],[-101.60747,42.16085],[-101.61612,42.16355],[-101.62716,42.16194],[-101.63873,42.16619],[-101.64017,42.17262],[-101.63246,42.17773],[-101.63176,42.18714],[-101.64886,42.2026],[-101.65219,42.21092],[-101.66307,42.21583],[-101.68251,42.21918],[-101.70776,42.21301],[-101.71061,42.20823],[-101.72699,42.20365],[-101.71833,42.21402],[-101.71427,42.22996],[-101.72096,42.25633],[-101.72115,42.272],[-101.81836,42.2721],[-101.81773,42.27583]]]}},{"type":"Feature","id":"69339","properties":{"zip":"69339","pop":null,"city":"","county":"Dawes","state":"Nebraska","area":298.65,"lat":42.6065,"lon":-103.42935},"geometry":{"type":"Polygon","coordinates":[[[-103.75526,42.68407],[-103.70801,42.68366],[-103.64136,42.65979],[-103.6219,42.65866],[-103.60856,42.65421],[-103.55275,42.66511],[-103.5453,42.66189],[-103.50465,42.66825],[-103.48073,42.66378],[-103.48037,42.74098],[-103.5135,42.74072],[-103.51688,42.75039],[-103.52705,42.75138],[-103.53206,42.75464],[-103.56807,42.75457],[-103.56834,42.75819],[-103.57191,42.76163],[-103.56903,42.7654],[-103.57357,42.76977],[-103.52573,42.76919],[-103.51857,42.7659],[-103.50606,42.76398],[-103.49908,42.75906],[-103.48073,42.75942],[-103.48033,42.78491],[-103.50309,42.78491],[-103.50335,42.8139],[-103.40617,42.81389],[-103.40401,42.80392],[-103.40388,42.75563],[-103.3649,42.7553],[-103.36475,42.74107],[-103.36869,42.74102],[-103.36868,42.73671],[-103.36463,42.73228],[-103.36457,42.70441],[-103.34966,42.71336],[-103.326,42.72307],[-103.32594,42.70465],[-103.316,42.70461],[-103.31593,42.69739],[-103.23499,42.69718],[-103.2349,42.69347],[-103.22484,42.69344],[-103.22456,42.6825],[-103.23546,42.6825],[-103.2352,42.67166],[-103.24492,42.67158],[-103.2443,42.65765],[-103.24172,42.65766],[-103.23988,42.65362],[-103.20455,42.6542],[-103.20478,42.6396],[-103.1947,42.63962],[-103.19072,42.63409],[-103.18463,42.61191],[-103.08658,42.6111],[-103.0869,42.60393],[-103.07711,42.60398],[-103.07732,42.59703],[-103.07233,42.5971],[-103.07237,42.59335],[-103.06729,42.59337],[-103.06728,42.58257],[-103.0874,42.58207],[-103.08715,42.56549],[-103.0926,42.56816],[-103.09873,42.57506],[-103.11866,42.57317],[-103.12268,42.57466],[-103.12627,42.57828],[-103.12628,42.58259],[-103.16566,42.58338],[-103.16584,42.57375],[-103.17562,42.5625],[-103.18864,42.561],[-103.18868,42.5584],[-103.19294,42.55539],[-103.19638,42.54421],[-103.2101,42.5424],[-103.21504,42.53638],[-103.21812,42.53584],[-103.22321,42.53108],[-103.22581,42.53018],[-103.23046,42.53242],[-103.23151,42.52811],[-103.23555,42.52774],[-103.23844,42.52454],[-103.28348,42.52414],[-103.2842,42.49554],[-103.26473,42.49539],[-103.26413,42.45209],[-103.29506,42.45123],[-103.29847,42.44382],[-103.29921,42.44579],[-103.30215,42.44584],[-103.30194,42.44388],[-103.34258,42.44453],[-103.34258,42.4662],[-103.36228,42.46637],[-103.36225,42.46274],[-103.35732,42.46271],[-103.35739,42.45504],[-103.35251,42.45495],[-103.35251,42.45175],[-103.40125,42.45204],[-103.40311,42.46784],[-103.40186,42.47672],[-103.40639,42.48081],[-103.44076,42.48069],[-103.44073,42.46626],[-103.47995,42.46625],[-103.4802,42.50968],[-103.5231,42.5098],[-103.52583,42.50296],[-103.52892,42.50254],[-103.52947,42.4811],[-103.59789,42.48076],[-103.59817,42.50966],[-103.60799,42.50967],[-103.61149,42.50762],[-103.62183,42.50661],[-103.62429,42.50956],[-103.63718,42.50982],[-103.63765,42.55304],[-103.61399,42.55351],[-103.59865,42.54775],[-103.59804,42.56189],[-103.60029,42.56826],[-103.73566,42.56795],[-103.73543,42.61263],[-103.73828,42.62003],[-103.73553,42.62272],[-103.73576,42.62995],[-103.73156,42.63059],[-103.73149,42.63242],[-103.73546,42.63929],[-103.73378,42.64857],[-103.73529,42.65098],[-103.73562,42.66539],[-103.73825,42.66947],[-103.75455,42.66954],[-103.75526,42.68407]]]}},{"type":"Feature","id":"68749","properties":{"zip":"68749","pop":null,"city":"Magnet","county":"Cedar","state":"Nebraska","area":0.75,"lat":42.46031,"lon":-97.47532},"geometry":{"type":"Polygon","coordinates":[[[-97.48522,42.46753],[-97.46532,42.46751],[-97.4655,42.45308],[-97.48526,42.45309],[-97.48522,42.46753]]]}},{"type":"Feature","id":"68751","properties":{"zip":"68751","pop":null,"city":"Maskell","county":"Dixon","state":"Nebraska","area":0.1,"lat":42.69046,"lon":-96.98158},"geometry":{"type":"Polygon","coordinates":[[[-96.98674,42.69116],[-96.98113,42.69539],[-96.98102,42.69165],[-96.97895,42.69163],[-96.97639,42.68768],[-96.98418,42.68775],[-96.98499,42.69147],[-96.98674,42.69116]]]}},{"type":"Feature","id":"68068","properties":{"zip":"68068","pop":null,"city":"Washington","county":"Washington","state":"Nebraska","area":0.15,"lat":41.39771,"lon":-96.20747},"geometry":{"type":"Polygon","coordinates":[[[-96.21351,41.40042],[-96.2039,41.40039],[-96.20391,41.39775],[-96.20031,41.39746],[-96.20049,41.39479],[-96.21349,41.39607],[-96.21351,41.40042]]]}},{"type":"Feature","id":"68072","properties":{"zip":"68072","pop":null,"city":"Winslow","county":"Dodge","state":"Nebraska","area":0.1,"lat":41.61006,"lon":-96.50472},"geometry":{"type":"Polygon","coordinates":[[[-96.50736,41.61085],[-96.50733,41.61357],[-96.50219,41.61409],[-96.50221,41.60593],[-96.50744,41.60672],[-96.50736,41.61085]]]}},{"type":"Feature","id":"68104","properties":{"zip":"68104","pop":null,"city":"Omaha","county":"Douglas","state":"Nebraska","area":4.95,"lat":41.29526,"lon":-96.00102},"geometry":{"type":"Polygon","coordinates":[[[-96.0239,41.29414],[-96.0215,41.29413],[-96.02149,41.29595],[-96.02378,41.2961],[-96.02389,41.29765],[-96.02139,41.29654],[-96.01355,41.30665],[-96.02382,41.30674],[-96.02384,41.31274],[-96.0212,41.31211],[-96.02076,41.31808],[-95.99753,41.31732],[-95.99474,41.31559],[-95.98518,41.32225],[-95.98537,41.31713],[-95.98058,41.31712],[-95.98094,41.31162],[-95.98288,41.31145],[-95.98299,41.30932],[-95.98108,41.30932],[-95.98021,41.29954],[-95.97582,41.29957],[-95.9758,41.29772],[-95.98058,41.29591],[-95.98034,41.27317],[-96.02386,41.27371],[-96.02266,41.27961],[-96.0239,41.28934],[-96.02136,41.29232],[-96.02391,41.29233],[-96.0239,41.29414]]]}},{"type":"Feature","id":"68328","properties":{"zip":"68328","pop":null,"city":"","county":"Gage","state":"Nebraska","area":22.94,"lat":40.47693,"lon":-96.83841},"geometry":{"type":"Polygon","coordinates":[[[-96.89393,40.45098],[-96.87499,40.45092],[-96.87475,40.46536],[-96.89377,40.4654],[-96.89297,40.50893],[-96.87416,40.50893],[-96.8743,40.52341],[-96.81736,40.52308],[-96.81728,40.50887],[-96.79608,40.50863],[-96.79597,40.50153],[-96.78933,40.50155],[-96.78919,40.49424],[-96.77966,40.49431],[-96.77981,40.47258],[-96.78935,40.47259],[-96.78944,40.46544],[-96.79872,40.46545],[-96.79879,40.45086],[-96.77988,40.45088],[-96.77986,40.43641],[-96.81789,40.43642],[-96.81802,40.42926],[-96.83708,40.4293],[-96.83696,40.43642],[-96.88,40.43648],[-96.87985,40.44363],[-96.89405,40.44372],[-96.89393,40.45098]]]}},{"type":"Feature","id":"68332","properties":{"zip":"68332","pop":null,"city":"","county":"Johnson","state":"Nebraska","area":32.2,"lat":40.32828,"lon":-96.41124},"geometry":{"type":"Polygon","coordinates":[[[-96.46379,40.34904],[-96.46374,40.3925],[-96.3881,40.39254],[-96.38808,40.3609],[-96.37858,40.36582],[-96.37859,40.36357],[-96.36902,40.36354],[-96.36984,40.335],[-96.35098,40.33509],[-96.35065,40.27703],[-96.38852,40.27693],[-96.38842,40.26248],[-96.42628,40.26234],[-96.42651,40.2769],[-96.44541,40.27675],[-96.44549,40.29127],[-96.46367,40.29114],[-96.46364,40.30239],[-96.45857,40.3135],[-96.451,40.32024],[-96.45495,40.3202],[-96.45504,40.32712],[-96.46372,40.32718],[-96.46379,40.34904]]]}},{"type":"Feature","id":"68337","properties":{"zip":"68337","pop":null,"city":"","county":"Richardson","state":"Nebraska","area":41.85,"lat":40.09506,"lon":-95.83419},"geometry":{"type":"Polygon","coordinates":[[[-95.89732,40.0296],[-95.89724,40.0433],[-95.86964,40.04395],[-95.86973,40.05864],[-95.8791,40.05863],[-95.88038,40.0877],[-95.84113,40.0875],[-95.8412,40.09479],[-95.86005,40.09477],[-95.86005,40.11657],[-95.87897,40.1166],[-95.87875,40.17448],[-95.7844,40.17461],[-95.78434,40.16009],[-95.76609,40.16038],[-95.76582,40.11663],[-95.7753,40.11655],[-95.77527,40.10193],[-95.78444,40.10187],[-95.78448,40.08027],[-95.79395,40.08028],[-95.7952,40.07305],[-95.82274,40.07315],[-95.82281,40.0586],[-95.80357,40.05852],[-95.80357,40.03607],[-95.82264,40.03872],[-95.82212,40.00046],[-95.8974,40.00048],[-95.89732,40.0296]]]}},{"type":"Feature","id":"68113","properties":{"zip":"68113","pop":null,"city":"Offutt AFB","county":"Sarpy","state":"Nebraska","area":2.65,"lat":41.11741,"lon":-95.90912},"geometry":{"type":"Polygon","coordinates":[[[-95.92757,41.11213],[-95.92635,41.13548],[-95.92155,41.13638],[-95.90853,41.13611],[-95.9074,41.13343],[-95.90423,41.13392],[-95.90712,41.12825],[-95.90747,41.12157],[-95.90341,41.11925],[-95.878,41.11849],[-95.87808,41.11118],[-95.88951,41.11124],[-95.89242,41.10707],[-95.90412,41.10298],[-95.90913,41.09916],[-95.91526,41.10157],[-95.92757,41.11213]]]}},{"type":"Feature","id":"68117","properties":{"zip":"68117","pop":null,"city":"Omaha","county":"Douglas","state":"Nebraska","area":3.72,"lat":41.20622,"lon":-96.00134},"geometry":{"type":"Polygon","coordinates":[[[-96.0239,41.22151],[-95.98065,41.22177],[-95.98119,41.21257],[-95.97639,41.2126],[-95.977,41.19809],[-95.98233,41.19624],[-95.98187,41.19127],[-95.98388,41.19077],[-96.02381,41.1907],[-96.02381,41.20206],[-96.02081,41.20526],[-96.02377,41.20528],[-96.0239,41.22151]],[[-95.98175,41.20356],[-95.98015,41.20375],[-95.98014,41.20534],[-95.98175,41.20533],[-95.98175,41.20356]]]}},{"type":"Feature","id":"68354","properties":{"zip":"68354","pop":null,"city":"","county":"Fillmore","state":"Nebraska","area":80.5,"lat":40.6394,"lon":-97.58041},"geometry":{"type":"Polygon","coordinates":[[[-97.69255,40.71314],[-97.61647,40.71312],[-97.61619,40.69875],[-97.59607,40.69873],[-97.59529,40.71318],[-97.55924,40.71318],[-97.55926,40.72763],[-97.48289,40.7276],[-97.48323,40.68387],[-97.50238,40.68399],[-97.50236,40.67673],[-97.52129,40.67664],[-97.52133,40.66937],[-97.50237,40.66949],[-97.50234,40.65497],[-97.51182,40.65491],[-97.51172,40.61139],[-97.48316,40.61148],[-97.48299,40.58247],[-97.46361,40.58256],[-97.46367,40.53901],[-97.48281,40.539],[-97.4841,40.53382],[-97.48497,40.53645],[-97.49054,40.5402],[-97.4939,40.53846],[-97.49567,40.53942],[-97.49456,40.54192],[-97.50162,40.54534],[-97.50168,40.53898],[-97.53984,40.53887],[-97.53968,40.56798],[-97.55885,40.56786],[-97.55915,40.59874],[-97.56347,40.59875],[-97.56359,40.60007],[-97.56917,40.60006],[-97.56917,40.59759],[-97.59568,40.59669],[-97.59586,40.56774],[-97.61492,40.56769],[-97.61485,40.58217],[-97.67199,40.58228],[-97.67189,40.5678],[-97.69083,40.56784],[-97.69112,40.63053],[-97.67212,40.63171],[-97.67215,40.65477],[-97.69122,40.65475],[-97.69255,40.71314]]]}},{"type":"Feature","id":"68364","properties":{"zip":"68364","pop":null,"city":"Goehner","county":"Seward","state":"Nebraska","area":0.76,"lat":40.83656,"lon":-97.22562},"geometry":{"type":"Polygon","coordinates":[[[-97.23506,40.84375],[-97.21612,40.84392],[-97.21613,40.82937],[-97.23515,40.8292],[-97.23506,40.84375]]]}},{"type":"Feature","id":"68142","properties":{"zip":"68142","pop":null,"city":"","county":"Douglas","state":"Nebraska","area":15.24,"lat":41.36996,"lon":-96.1029},"geometry":{"type":"Polygon","coordinates":[[[-96.13893,41.32848],[-96.12922,41.32846],[-96.12882,41.33563],[-96.13414,41.34221],[-96.13307,41.39316],[-96.13658,41.39314],[-96.13666,41.40771],[-96.11745,41.40768],[-96.11742,41.4149],[-96.11188,41.4149],[-96.10401,41.40832],[-96.09821,41.4077],[-96.10122,41.41436],[-96.09819,41.41547],[-96.10248,41.41622],[-96.10248,41.41845],[-96.10578,41.41822],[-96.10279,41.42176],[-96.0694,41.42222],[-96.0694,41.39316],[-96.07668,41.39317],[-96.07665,41.37916],[-96.08145,41.37916],[-96.08132,41.36467],[-96.06216,41.36503],[-96.06215,41.35007],[-96.08128,41.35016],[-96.08237,41.34291],[-96.07931,41.33567],[-96.08121,41.33567],[-96.08129,41.32117],[-96.10049,41.32115],[-96.10052,41.31878],[-96.13887,41.32111],[-96.13893,41.32848]]]}},{"type":"Feature","id":"68379","properties":{"zip":"68379","pop":null,"city":"Julian","county":"Otoe","state":"Nebraska","area":0.94,"lat":40.52923,"lon":-95.86981},"geometry":{"type":"Polygon","coordinates":[[[-95.88337,40.53008],[-95.87822,40.53008],[-95.87832,40.53765],[-95.85893,40.5375],[-95.85876,40.523],[-95.86553,40.52298],[-95.86521,40.51793],[-95.8684,40.51619],[-95.86938,40.52297],[-95.88342,40.52295],[-95.88337,40.53008]]]}},{"type":"Feature","id":"68382","properties":{"zip":"68382","pop":null,"city":"Lorton","county":"Otoe","state":"Nebraska","area":0.03,"lat":40.59726,"lon":-96.02422},"geometry":{"type":"Polygon","coordinates":[[[-96.02558,40.59619],[-96.02574,40.59917],[-96.02317,40.5992],[-96.02227,40.59557],[-96.0267,40.5956],[-96.02558,40.59619]]]}},{"type":"Feature","id":"68406","properties":{"zip":"68406","pop":null,"city":"","county":"Fillmore","state":"Nebraska","area":40.81,"lat":40.50566,"lon":-97.37875},"geometry":{"type":"Polygon","coordinates":[[[-97.49213,40.51023],[-97.48275,40.51012],[-97.48281,40.539],[-97.44463,40.53901],[-97.44459,40.55354],[-97.42565,40.55349],[-97.4257,40.53898],[-97.40657,40.53898],[-97.40664,40.55352],[-97.34964,40.55343],[-97.34968,40.53894],[-97.31167,40.53881],[-97.31173,40.53158],[-97.30702,40.53149],[-97.30695,40.53521],[-97.29756,40.53518],[-97.29734,40.53873],[-97.29267,40.53874],[-97.29274,40.52425],[-97.28325,40.52428],[-97.28326,40.52112],[-97.27376,40.52099],[-97.27388,40.50978],[-97.25476,40.50971],[-97.25483,40.48069],[-97.34977,40.48097],[-97.34952,40.4955],[-97.36868,40.49546],[-97.3687,40.46642],[-97.38763,40.4664],[-97.38768,40.43742],[-97.37821,40.43739],[-97.37823,40.43019],[-97.39721,40.43015],[-97.39728,40.42297],[-97.40675,40.42301],[-97.40662,40.45193],[-97.43502,40.45202],[-97.43491,40.46617],[-97.42541,40.46645],[-97.42547,40.48097],[-97.44431,40.48104],[-97.44434,40.49549],[-97.49191,40.49567],[-97.49213,40.51023]]]}},{"type":"Feature","id":"68417","properties":{"zip":"68417","pop":null,"city":"","county":"Otoe","state":"Nebraska","area":17.49,"lat":40.73591,"lon":-96.09203},"geometry":{"type":"Polygon","coordinates":[[[-96.17814,40.72601],[-96.14044,40.726],[-96.14029,40.74055],[-96.15907,40.74051],[-96.15927,40.76952],[-96.1402,40.76957],[-96.14019,40.75505],[-96.12119,40.75506],[-96.12119,40.74056],[-96.10277,40.74059],[-96.10254,40.75512],[-96.04984,40.75518],[-96.05055,40.76969],[-96.01627,40.76971],[-96.01624,40.7627],[-96.00704,40.76272],[-96.00689,40.74064],[-96.04511,40.74068],[-96.04508,40.71161],[-96.10223,40.71155],[-96.10211,40.69708],[-96.12113,40.69707],[-96.12115,40.71156],[-96.17814,40.71154],[-96.17814,40.72601]]]}},{"type":"Feature","id":"68945","properties":{"zip":"68945","pop":null,"city":"","county":"Kearney","state":"Nebraska","area":34.92,"lat":40.56097,"lon":-98.77326},"geometry":{"type":"Polygon","coordinates":[[[-98.83787,40.61115],[-98.80029,40.61129],[-98.8004,40.6257],[-98.72423,40.62576],[-98.72409,40.59691],[-98.73368,40.59673],[-98.7336,40.56772],[-98.72409,40.56772],[-98.72403,40.52422],[-98.70521,40.52422],[-98.70531,40.50974],[-98.72396,40.50972],[-98.72408,40.48074],[-98.76205,40.48067],[-98.76199,40.52428],[-98.79998,40.52441],[-98.80025,40.49528],[-98.81902,40.49533],[-98.81903,40.55342],[-98.83788,40.5534],[-98.83787,40.61115]]]}},{"type":"Feature","id":"68954","properties":{"zip":"68954","pop":null,"city":"","county":"Clay","state":"Nebraska","area":8.4,"lat":40.61213,"lon":-98.23515},"geometry":{"type":"Polygon","coordinates":[[[-98.26038,40.64034],[-98.24119,40.64043],[-98.24121,40.65494],[-98.22188,40.65493],[-98.22225,40.61167],[-98.20324,40.61176],[-98.2034,40.58242],[-98.26012,40.58226],[-98.26038,40.64034]]]}},{"type":"Feature","id":"68976","properties":{"zip":"68976","pop":null,"city":"","county":"Gosper","state":"Nebraska","area":27.77,"lat":40.60238,"lon":-99.70934},"geometry":{"type":"Polygon","coordinates":[[[-99.75791,40.66257],[-99.73741,40.66356],[-99.73753,40.65586],[-99.64333,40.65568],[-99.64344,40.64114],[-99.66258,40.64111],[-99.66259,40.62654],[-99.68109,40.62691],[-99.6809,40.5977],[-99.66211,40.59792],[-99.66119,40.58336],[-99.66133,40.56072],[-99.68,40.56104],[-99.67963,40.54612],[-99.69904,40.55366],[-99.69883,40.53905],[-99.67952,40.53918],[-99.68064,40.52531],[-99.71798,40.52546],[-99.71826,40.55367],[-99.73735,40.55346],[-99.73746,40.56816],[-99.75668,40.56828],[-99.75791,40.66257]]]}},{"type":"Feature","id":"68980","properties":{"zip":"68980","pop":null,"city":"","county":"Clay","state":"Nebraska","area":28.54,"lat":40.68216,"lon":-98.25813},"geometry":{"type":"Polygon","coordinates":[[[-98.33555,40.66229],[-98.33553,40.66954],[-98.31637,40.66947],[-98.31635,40.68397],[-98.33549,40.68407],[-98.33529,40.69836],[-98.3019,40.69832],[-98.3019,40.71281],[-98.32091,40.71286],[-98.32081,40.72738],[-98.26395,40.72732],[-98.26404,40.71286],[-98.23186,40.71286],[-98.21467,40.72731],[-98.20681,40.72725],[-98.20678,40.72005],[-98.19734,40.72004],[-98.1973,40.71282],[-98.18777,40.71285],[-98.18804,40.69835],[-98.18408,40.69835],[-98.18399,40.66949],[-98.19366,40.66947],[-98.19365,40.64774],[-98.20281,40.64766],[-98.20278,40.64055],[-98.22183,40.64043],[-98.22188,40.65493],[-98.24121,40.65494],[-98.24119,40.64043],[-98.31641,40.64043],[-98.31639,40.65495],[-98.33556,40.65504],[-98.33555,40.66229]]]}},{"type":"Feature","id":"68304","properties":{"zip":"68304","pop":null,"city":"","county":"Cass","state":"Nebraska","area":18.75,"lat":40.8897,"lon":-96.38783},"geometry":{"type":"Polygon","coordinates":[[[-96.46371,40.88548],[-96.44612,40.88546],[-96.44648,40.89993],[-96.42749,40.89998],[-96.42749,40.91438],[-96.40854,40.91432],[-96.40805,40.92878],[-96.35074,40.92837],[-96.35155,40.8997],[-96.31285,40.89975],[-96.31301,40.88525],[-96.33209,40.88533],[-96.3323,40.87079],[-96.35135,40.87074],[-96.35116,40.85627],[-96.42741,40.85644],[-96.42651,40.87097],[-96.46371,40.87098],[-96.46371,40.88548]]]}},{"type":"Feature","id":"68309","properties":{"zip":"68309","pop":null,"city":"Barneston","county":"Gage","state":"Nebraska","area":0.17,"lat":40.04904,"lon":-96.57293},"geometry":{"type":"Polygon","coordinates":[[[-96.57832,40.05195],[-96.56762,40.05185],[-96.56764,40.04606],[-96.57676,40.04606],[-96.57862,40.04828],[-96.57832,40.05195]]]}},{"type":"Feature","id":"68323","properties":{"zip":"68323","pop":null,"city":"","county":"Pawnee","state":"Nebraska","area":81.67,"lat":40.13199,"lon":-96.37032},"geometry":{"type":"Polygon","coordinates":[[[-96.46374,40.14618],[-96.45448,40.14639],[-96.45442,40.15714],[-96.44522,40.15721],[-96.44495,40.17527],[-96.46365,40.17518],[-96.46362,40.1897],[-96.44485,40.18978],[-96.44521,40.23337],[-96.40732,40.23348],[-96.40651,40.22039],[-96.38825,40.21902],[-96.38834,40.23358],[-96.3503,40.23354],[-96.35036,40.21901],[-96.31427,40.21812],[-96.31174,40.21565],[-96.31194,40.2043],[-96.29315,40.20408],[-96.29371,40.16437],[-96.2842,40.16425],[-96.28428,40.16061],[-96.27474,40.16052],[-96.27462,40.1677],[-96.25571,40.16766],[-96.25567,40.18581],[-96.24143,40.18573],[-96.24143,40.18222],[-96.23667,40.18215],[-96.23682,40.14588],[-96.29393,40.14614],[-96.29356,40.13161],[-96.31257,40.13173],[-96.31256,40.10994],[-96.33151,40.10999],[-96.33157,40.07343],[-96.31264,40.07331],[-96.31254,40.01536],[-96.40698,40.0155],[-96.40731,40.05896],[-96.44504,40.05924],[-96.44506,40.13179],[-96.46336,40.13212],[-96.46374,40.14618]]]}},{"type":"Feature","id":"68816","properties":{"zip":"68816","pop":null,"city":"Archer","county":"Merrick","state":"Nebraska","area":25.08,"lat":41.17488,"lon":-98.13374},"geometry":{"type":"Polygon","coordinates":[[[-98.19309,41.16216],[-98.17404,41.16224],[-98.17428,41.19133],[-98.13582,41.19148],[-98.13594,41.20601],[-98.15519,41.20596],[-98.15558,41.24935],[-98.13625,41.24948],[-98.13626,41.23535],[-98.13042,41.23534],[-98.13026,41.24265],[-98.11699,41.24254],[-98.11722,41.24949],[-98.09792,41.24964],[-98.09767,41.22051],[-98.07845,41.22058],[-98.07819,41.20576],[-98.09742,41.20567],[-98.09734,41.17695],[-98.11668,41.17695],[-98.1166,41.1619],[-98.09721,41.15693],[-98.09726,41.11876],[-98.11606,41.1188],[-98.11604,41.10427],[-98.15411,41.10412],[-98.15486,41.13323],[-98.19297,41.13314],[-98.19309,41.16216]]]}},{"type":"Feature","id":"68445","properties":{"zip":"68445","pop":null,"city":"","county":"Saline","state":"Nebraska","area":16.45,"lat":40.40141,"lon":-97.08664},"geometry":{"type":"Polygon","coordinates":[[[-97.1414,40.43676],[-97.1319,40.43675],[-97.13163,40.45141],[-97.1222,40.45129],[-97.12239,40.43675],[-97.1034,40.43674],[-97.10338,40.42207],[-97.08443,40.42218],[-97.08441,40.43668],[-97.0464,40.43672],[-97.04628,40.34965],[-97.08506,40.34971],[-97.0844,40.3769],[-97.08585,40.37685],[-97.08526,40.37873],[-97.09287,40.37954],[-97.10343,40.37869],[-97.10331,40.39316],[-97.14129,40.39335],[-97.1414,40.43676]]]}},{"type":"Feature","id":"68448","properties":{"zip":"68448","pop":null,"city":"","county":"Otoe","state":"Nebraska","area":35.41,"lat":40.5443,"lon":-96.035},"geometry":{"type":"Polygon","coordinates":[[[-96.12254,40.53771],[-96.08609,40.53769],[-96.08623,40.55217],[-96.12246,40.5522],[-96.1223,40.59575],[-96.08648,40.59577],[-96.08633,40.58121],[-95.97267,40.58107],[-95.97268,40.56667],[-95.95369,40.56662],[-95.95388,40.5376],[-95.89702,40.53738],[-95.89713,40.52293],[-95.96323,40.5231],[-95.96319,40.51971],[-95.9729,40.51959],[-95.97292,40.5231],[-95.98264,40.5231],[-95.98263,40.50515],[-95.98679,40.50511],[-95.98676,40.50179],[-95.99186,40.50176],[-95.99198,40.50875],[-96.00628,40.5088],[-96.00622,40.51582],[-96.00994,40.51579],[-96.00988,40.50856],[-96.02892,40.5087],[-96.02887,40.50104],[-96.04313,40.50148],[-96.04318,40.50872],[-96.06689,40.50865],[-96.06689,40.49416],[-96.10493,40.49419],[-96.10493,40.52318],[-96.12269,40.52326],[-96.12254,40.53771]]]}},{"type":"Feature","id":"68452","properties":{"zip":"68452","pop":null,"city":"","county":"Clay","state":"Nebraska","area":11.55,"lat":40.39755,"lon":-97.85035},"geometry":{"type":"Polygon","coordinates":[[[-97.90026,40.42304],[-97.88613,40.42307],[-97.88616,40.42719],[-97.88132,40.42712],[-97.88134,40.42308],[-97.8623,40.42317],[-97.86228,40.43756],[-97.82425,40.43758],[-97.82411,40.35054],[-97.86221,40.35051],[-97.86231,40.39411],[-97.8813,40.39405],[-97.88131,40.40856],[-97.90024,40.40852],[-97.90026,40.42304]]]}},{"type":"Feature","id":"68465","properties":{"zip":"68465","pop":null,"city":"","county":"Saline","state":"Nebraska","area":78.26,"lat":40.49244,"lon":-97.01998},"geometry":{"type":"Polygon","coordinates":[[[-97.17916,40.48038],[-97.16033,40.48032],[-97.1603,40.49487],[-97.15101,40.495],[-97.15082,40.50247],[-97.1473,40.50224],[-97.14687,40.5096],[-97.15069,40.50953],[-97.15087,40.51645],[-97.16035,40.51635],[-97.1601,40.53874],[-97.12271,40.5386],[-97.12249,40.52412],[-97.10351,40.52401],[-97.10369,40.5385],[-97.02755,40.53808],[-97.02744,40.55262],[-96.98834,40.55265],[-96.98848,40.53814],[-96.96945,40.53818],[-96.96927,40.5527],[-96.94079,40.55271],[-96.94066,40.56723],[-96.93114,40.56717],[-96.93123,40.55994],[-96.89401,40.55975],[-96.89347,40.53441],[-96.88422,40.53431],[-96.88398,40.53099],[-96.89345,40.53078],[-96.88398,40.53073],[-96.88392,40.52715],[-96.88867,40.52714],[-96.88863,40.52351],[-96.89339,40.52354],[-96.89377,40.4654],[-96.87475,40.46536],[-96.87499,40.45092],[-96.91347,40.45098],[-96.91366,40.43647],[-96.94211,40.43655],[-96.94196,40.44983],[-96.96096,40.45112],[-96.96166,40.45836],[-96.97038,40.4584],[-96.97047,40.43669],[-97.08441,40.43668],[-97.08443,40.42218],[-97.10338,40.42207],[-97.1034,40.43674],[-97.12239,40.43675],[-97.1222,40.45129],[-97.16038,40.45144],[-97.16041,40.45886],[-97.16193,40.46005],[-97.16051,40.46516],[-97.17923,40.46598],[-97.17916,40.48038]]]}},{"type":"Feature","id":"69037","properties":{"zip":"69037","pop":null,"city":"","county":"Dundy","state":"Nebraska","area":38.28,"lat":40.17747,"lon":-101.40387},"geometry":{"type":"Polygon","coordinates":[[[-101.49247,40.22195],[-101.47442,40.21943],[-101.38151,40.22044],[-101.38113,40.24935],[-101.3626,40.24887],[-101.36284,40.23567],[-101.35527,40.23399],[-101.35479,40.22845],[-101.3504,40.22028],[-101.36816,40.22015],[-101.3674,40.217],[-101.36314,40.21699],[-101.36295,40.21287],[-101.35356,40.21286],[-101.35352,40.20515],[-101.34354,40.20516],[-101.34353,40.19725],[-101.33427,40.1973],[-101.33427,40.18946],[-101.34435,40.18943],[-101.34422,40.17563],[-101.32526,40.17563],[-101.32519,40.12575],[-101.36139,40.12516],[-101.37805,40.12169],[-101.40857,40.11012],[-101.40872,40.11935],[-101.41419,40.1259],[-101.41751,40.13673],[-101.41767,40.14701],[-101.4428,40.14956],[-101.45345,40.15532],[-101.47438,40.15528],[-101.47853,40.15814],[-101.47931,40.16309],[-101.4929,40.16302],[-101.49247,40.22195]]]}},{"type":"Feature","id":"68838","properties":{"zip":"68838","pop":null,"city":"","county":"Howard","state":"Nebraska","area":36.46,"lat":41.21568,"lon":-98.66765},"geometry":{"type":"Polygon","coordinates":[[[-98.72886,41.19902],[-98.72801,41.26446],[-98.70886,41.26465],[-98.70868,41.27913],[-98.67055,41.27872],[-98.67001,41.29309],[-98.65023,41.29323],[-98.65037,41.26442],[-98.61227,41.26378],[-98.61356,41.22037],[-98.60395,41.22039],[-98.60415,41.21287],[-98.59445,41.21281],[-98.59453,41.20595],[-98.61433,41.20582],[-98.61438,41.15586],[-98.63374,41.15592],[-98.63378,41.15196],[-98.64315,41.15201],[-98.64316,41.14853],[-98.71019,41.14806],[-98.71032,41.16257],[-98.70063,41.16263],[-98.70054,41.17703],[-98.71027,41.17712],[-98.71017,41.18732],[-98.70878,41.19163],[-98.70489,41.1916],[-98.70488,41.19948],[-98.71006,41.19948],[-98.71013,41.19509],[-98.71947,41.19508],[-98.7194,41.19166],[-98.72889,41.19175],[-98.72886,41.19902]]]}},{"type":"Feature","id":"68523","properties":{"zip":"68523","pop":null,"city":"Yankee Hill","county":"Lancaster","state":"Nebraska","area":11.98,"lat":40.73566,"lon":-96.75722},"geometry":{"type":"Polygon","coordinates":[[[-96.79662,40.7679],[-96.76666,40.77078],[-96.75175,40.77458],[-96.74948,40.77453],[-96.74953,40.77041],[-96.73818,40.77024],[-96.73819,40.76833],[-96.73424,40.77035],[-96.72732,40.77029],[-96.72031,40.74612],[-96.73032,40.74113],[-96.73986,40.7412],[-96.73963,40.71204],[-96.73712,40.71205],[-96.72464,40.72655],[-96.72051,40.72638],[-96.72063,40.69744],[-96.75386,40.69753],[-96.75384,40.70115],[-96.75622,40.70116],[-96.75625,40.69754],[-96.79004,40.69762],[-96.78643,40.71038],[-96.78762,40.71215],[-96.77782,40.71216],[-96.77808,40.74129],[-96.79673,40.74113],[-96.79662,40.7679]]]}},{"type":"Feature","id":"68875","properties":{"zip":"68875","pop":null,"city":"","county":"Greeley","state":"Nebraska","area":98.31,"lat":41.51327,"lon":-98.68215},"geometry":{"type":"Polygon","coordinates":[[[-98.7518,41.66105],[-98.73287,41.66117],[-98.73275,41.65402],[-98.62749,41.65398],[-98.62675,41.63983],[-98.61822,41.63992],[-98.61692,41.63761],[-98.61735,41.58195],[-98.66521,41.58177],[-98.66508,41.56928],[-98.67444,41.56519],[-98.6744,41.55291],[-98.63599,41.55289],[-98.63574,41.50951],[-98.59771,41.50921],[-98.59753,41.48059],[-98.53993,41.48075],[-98.5402,41.46603],[-98.55945,41.46539],[-98.55934,41.45241],[-98.56077,41.45167],[-98.59765,41.45149],[-98.59752,41.42645],[-98.60536,41.42265],[-98.63585,41.42292],[-98.63586,41.40745],[-98.63783,41.40495],[-98.63583,41.39398],[-98.68666,41.39406],[-98.68919,41.36542],[-98.71777,41.36552],[-98.7201,41.36406],[-98.72754,41.37241],[-98.74551,41.37237],[-98.74433,41.39418],[-98.75156,41.39408],[-98.7518,41.66105]]]}},{"type":"Feature","id":"68928","properties":{"zip":"68928","pop":null,"city":"","county":"Webster","state":"Nebraska","area":82.47,"lat":40.28741,"lon":-98.60729},"geometry":{"type":"Polygon","coordinates":[[[-98.70857,40.33548],[-98.68954,40.33546],[-98.68914,40.35033],[-98.66705,40.35031],[-98.66687,40.37928],[-98.648,40.37929],[-98.64785,40.39375],[-98.59118,40.39379],[-98.59123,40.36483],[-98.57225,40.3649],[-98.57215,40.39385],[-98.54366,40.39379],[-98.54368,40.38655],[-98.53422,40.38649],[-98.53424,40.37926],[-98.51563,40.37953],[-98.51571,40.36505],[-98.53427,40.36483],[-98.53437,40.35036],[-98.51954,40.35037],[-98.51991,40.29187],[-98.52934,40.29193],[-98.52944,40.27741],[-98.53854,40.27752],[-98.53844,40.2197],[-98.55721,40.21986],[-98.55701,40.19089],[-98.59481,40.19076],[-98.59475,40.17623],[-98.68902,40.17625],[-98.6893,40.24858],[-98.65153,40.24857],[-98.65151,40.3067],[-98.70853,40.3063],[-98.70857,40.33548]]]}},{"type":"Feature","id":"68933","properties":{"zip":"68933","pop":null,"city":"","county":"Clay","state":"Nebraska","area":51.23,"lat":40.51781,"lon":-98.04213},"geometry":{"type":"Polygon","coordinates":[[[-98.16537,40.55373],[-98.1086,40.55359],[-98.10871,40.56095],[-98.0895,40.56097],[-98.08974,40.58275],[-98.07064,40.58274],[-98.07057,40.56821],[-98.03331,40.56825],[-98.03319,40.56104],[-97.95724,40.56094],[-97.95727,40.5246],[-97.93824,40.52456],[-97.93821,40.51005],[-97.91942,40.51003],[-97.91934,40.48102],[-97.97598,40.48105],[-97.97598,40.46655],[-98.1083,40.46666],[-98.10854,40.51039],[-98.16534,40.51019],[-98.16537,40.55373]]]}},{"type":"Feature","id":"68623","properties":{"zip":"68623","pop":null,"city":"","county":"Nance","state":"Nebraska","area":49.15,"lat":41.44305,"lon":-98.11611},"geometry":{"type":"Polygon","coordinates":[[[-98.27318,41.40922],[-98.27349,41.4229],[-98.25342,41.42298],[-98.25353,41.40127],[-98.2342,41.40127],[-98.23398,41.42309],[-98.22475,41.42327],[-98.22477,41.43038],[-98.23447,41.43029],[-98.23452,41.43757],[-98.21524,41.43735],[-98.21395,41.4502],[-98.21509,41.46662],[-98.15743,41.46664],[-98.15737,41.44489],[-98.14347,41.44492],[-98.14347,41.45164],[-98.12914,41.45164],[-98.12903,41.44491],[-98.11903,41.44489],[-98.11886,41.4666],[-98.09966,41.46664],[-98.09966,41.47053],[-98.0961,41.47394],[-98.09011,41.47391],[-98.0906,41.49473],[-98.07354,41.49554],[-98.09584,41.5238],[-98.07669,41.52366],[-98.07599,41.50941],[-98.06156,41.50936],[-98.06145,41.52387],[-98.02258,41.52416],[-98.02247,41.51057],[-98.00314,41.5106],[-98.00343,41.45266],[-98.01315,41.45238],[-98.01314,41.43797],[-98.04215,41.43786],[-98.04218,41.44502],[-98.06115,41.44486],[-98.06115,41.39443],[-98.10602,41.39423],[-98.10643,41.37212],[-98.15773,41.39376],[-98.27389,41.39386],[-98.27318,41.40922]]]}},{"type":"Feature","id":"68001","properties":{"zip":"68001","pop":null,"city":"Abie","county":"Butler","state":"Nebraska","area":1.16,"lat":41.33367,"lon":-96.95478},"geometry":{"type":"Polygon","coordinates":[[[-96.96591,41.33255],[-96.96579,41.33615],[-96.95549,41.33615],[-96.95873,41.33957],[-96.95551,41.34459],[-96.95727,41.35075],[-96.94706,41.35065],[-96.94624,41.32157],[-96.96635,41.32161],[-96.96591,41.33255]]]}},{"type":"Feature","id":"68634","properties":{"zip":"68634","pop":null,"city":"Duncan","county":"Platte","state":"Nebraska","area":5.01,"lat":41.39073,"lon":-97.50652},"geometry":{"type":"Polygon","coordinates":[[[-97.54169,41.40971],[-97.50322,41.40963],[-97.50302,41.39513],[-97.49343,41.39666],[-97.49338,41.39511],[-97.48367,41.39523],[-97.48348,41.39252],[-97.47653,41.39546],[-97.46427,41.39516],[-97.4647,41.374],[-97.49302,41.3727],[-97.49315,41.38464],[-97.49814,41.38467],[-97.49793,41.38705],[-97.53412,41.37138],[-97.5315,41.37275],[-97.53182,41.38082],[-97.54134,41.38083],[-97.54107,41.3918],[-97.53153,41.39177],[-97.5315,41.39506],[-97.54153,41.39508],[-97.54169,41.40971]]]}},{"type":"Feature","id":"68010","properties":{"zip":"68010","pop":null,"city":"Boys Town","county":"Douglas","state":"Nebraska","area":1.07,"lat":41.25615,"lon":-96.13359},"geometry":{"type":"Polygon","coordinates":[[[-96.14851,41.26308],[-96.11961,41.26312],[-96.11957,41.24864],[-96.13862,41.24859],[-96.13866,41.25308],[-96.14347,41.2531],[-96.14343,41.24871],[-96.14824,41.24864],[-96.14851,41.26308]]]}},{"type":"Feature","id":"68658","properties":{"zip":"68658","pop":null,"city":"","county":"Butler","state":"Nebraska","area":55.18,"lat":41.19974,"lon":-97.2937},"geometry":{"type":"Polygon","coordinates":[[[-97.38737,41.23548],[-97.349,41.23588],[-97.34956,41.30752],[-97.28599,41.30801],[-97.28141,41.29394],[-97.2729,41.29396],[-97.27254,41.27952],[-97.31063,41.27938],[-97.31033,41.23592],[-97.3057,41.23592],[-97.30569,41.22833],[-97.27859,41.22813],[-97.27859,41.236],[-97.26258,41.236],[-97.2627,41.22874],[-97.25276,41.2287],[-97.25284,41.22144],[-97.21449,41.22113],[-97.2146,41.20672],[-97.17634,41.20639],[-97.17664,41.19191],[-97.18855,41.19084],[-97.19579,41.18476],[-97.19602,41.14843],[-97.21507,41.14859],[-97.21518,41.13408],[-97.31133,41.13436],[-97.31118,41.1267],[-97.3208,41.12669],[-97.3207,41.11939],[-97.33037,41.11943],[-97.33049,41.13414],[-97.36809,41.13398],[-97.36802,41.22106],[-97.38724,41.22107],[-97.38737,41.23548]]]}},{"type":"Feature","id":"68666","properties":{"zip":"68666","pop":null,"city":"","county":"Polk","state":"Nebraska","area":64.69,"lat":41.10774,"lon":-97.61365},"geometry":{"type":"Polygon","coordinates":[[[-97.77119,41.14814],[-97.75188,41.14822],[-97.75192,41.16274],[-97.72328,41.16283],[-97.71358,41.16282],[-97.71351,41.1483],[-97.69437,41.14827],[-97.69436,41.16278],[-97.67519,41.16282],[-97.6751,41.17736],[-97.65595,41.17735],[-97.65609,41.1483],[-97.61769,41.1483],[-97.61771,41.16282],[-97.57971,41.16288],[-97.57975,41.15574],[-97.56057,41.15562],[-97.56058,41.14836],[-97.54152,41.14838],[-97.54153,41.14117],[-97.52231,41.14123],[-97.52229,41.14835],[-97.50308,41.14834],[-97.50315,41.13392],[-97.48403,41.13398],[-97.48372,41.10492],[-97.50268,41.105],[-97.50192,41.03149],[-97.54011,41.0314],[-97.54044,41.04675],[-97.59798,41.04665],[-97.59824,41.0757],[-97.63656,41.07581],[-97.63656,41.06126],[-97.69414,41.06112],[-97.6944,41.07567],[-97.73268,41.07571],[-97.7325,41.09032],[-97.71322,41.09019],[-97.71329,41.10471],[-97.72286,41.10479],[-97.72269,41.12688],[-97.74705,41.12687],[-97.74712,41.13372],[-97.75184,41.1337],[-97.75172,41.11937],[-97.77068,41.11947],[-97.77119,41.14814]]]}},{"type":"Feature","id":"68034","properties":{"zip":"68034","pop":null,"city":"","county":"Washington","state":"Nebraska","area":23.82,"lat":41.45557,"lon":-96.22028},"geometry":{"type":"Polygon","coordinates":[[[-96.28089,41.48026],[-96.28082,41.50928],[-96.25183,41.50928],[-96.25187,41.50173],[-96.24236,41.50172],[-96.24236,41.49853],[-96.23266,41.49848],[-96.23261,41.5092],[-96.21054,41.50912],[-96.20206,41.49524],[-96.19764,41.47385],[-96.17494,41.47289],[-96.17501,41.45115],[-96.16951,41.45115],[-96.16953,41.44393],[-96.15587,41.44394],[-96.15592,41.4077],[-96.20386,41.40765],[-96.2039,41.40039],[-96.21351,41.40042],[-96.21347,41.40766],[-96.2328,41.40765],[-96.23283,41.4149],[-96.25202,41.4149],[-96.25201,41.45116],[-96.27132,41.45126],[-96.27138,41.46579],[-96.28099,41.46582],[-96.28089,41.48026]]]}},{"type":"Feature","id":"68716","properties":{"zip":"68716","pop":null,"city":"","county":"Cuming","state":"Nebraska","area":42.51,"lat":41.93136,"lon":-96.82335},"geometry":{"type":"Polygon","coordinates":[[[-96.92268,41.91675],[-96.90324,41.91672],[-96.90332,41.93123],[-96.88432,41.93094],[-96.88432,41.92766],[-96.87463,41.92764],[-96.87469,41.93856],[-96.86496,41.93859],[-96.86496,41.94577],[-96.86976,41.94645],[-96.86471,41.9484],[-96.86195,41.94795],[-96.86015,41.9429],[-96.85034,41.94279],[-96.84996,41.96033],[-96.85498,41.96033],[-96.85457,41.9748],[-96.84884,41.97483],[-96.84907,41.98201],[-96.84537,41.98199],[-96.84565,41.98929],[-96.83598,41.98918],[-96.83586,41.99629],[-96.82624,41.99631],[-96.82608,42.00339],[-96.81641,42.00339],[-96.81633,41.9963],[-96.78719,41.99622],[-96.7872,42.00334],[-96.76824,42.00349],[-96.76817,41.99634],[-96.74879,41.99636],[-96.74872,41.98915],[-96.72918,41.98902],[-96.72894,41.93097],[-96.78725,41.9311],[-96.78725,41.91658],[-96.79082,41.9164],[-96.78737,41.9145],[-96.78744,41.88406],[-96.80664,41.89472],[-96.80689,41.87338],[-96.82621,41.87337],[-96.82616,41.85882],[-96.86495,41.85864],[-96.86508,41.87313],[-96.89424,41.87326],[-96.89429,41.85874],[-96.90334,41.85869],[-96.90339,41.87318],[-96.92265,41.87317],[-96.92268,41.91675]]]}},{"type":"Feature","id":"68728","properties":{"zip":"68728","pop":null,"city":"","county":"Dixon","state":"Nebraska","area":18.03,"lat":42.38086,"lon":-96.9366},"geometry":{"type":"Polygon","coordinates":[[[-96.9987,42.38775],[-96.99837,42.41305],[-96.99283,42.41294],[-96.99092,42.40967],[-96.95932,42.40935],[-96.95931,42.41652],[-96.93992,42.41643],[-96.93969,42.39544],[-96.93822,42.39471],[-96.92046,42.39476],[-96.92037,42.40932],[-96.86226,42.40936],[-96.86206,42.38026],[-96.90075,42.38029],[-96.90073,42.373],[-96.89119,42.37299],[-96.89118,42.36574],[-96.90075,42.36581],[-96.90093,42.32491],[-96.90577,42.33],[-96.93884,42.35127],[-96.9399,42.36042],[-96.95243,42.37146],[-96.95936,42.37293],[-96.95933,42.35127],[-96.99929,42.35127],[-96.99844,42.38537],[-97.00059,42.38655],[-96.9987,42.38775]]]}},{"type":"Feature","id":"68058","properties":{"zip":"68058","pop":null,"city":"South Bend","county":"Cass","state":"Nebraska","area":1.12,"lat":41.00866,"lon":-96.24982},"geometry":{"type":"Polygon","coordinates":[[[-96.2931,41.02064],[-96.28586,41.02014],[-96.27373,41.01779],[-96.27365,41.01987],[-96.2476,41.01778],[-96.24076,41.0134],[-96.23296,41.00086],[-96.22959,40.99959],[-96.23338,40.99854],[-96.23591,41.0009],[-96.23635,40.99017],[-96.24331,41.00125],[-96.24536,40.99739],[-96.25494,40.99737],[-96.25491,41.0009],[-96.25055,41.00204],[-96.25053,41.00476],[-96.24568,41.0046],[-96.25807,41.0136],[-96.2931,41.02064]]]}},{"type":"Feature","id":"68136","properties":{"zip":"68136","pop":null,"city":"Gretna","county":"Sarpy","state":"Nebraska","area":6.58,"lat":41.1693,"lon":-96.18783},"geometry":{"type":"Polygon","coordinates":[[[-96.21576,41.17596],[-96.21576,41.1905],[-96.15833,41.19076],[-96.15837,41.17173],[-96.16053,41.17042],[-96.15724,41.16576],[-96.16109,41.16174],[-96.16414,41.16168],[-96.15739,41.1617],[-96.16227,41.1567],[-96.16701,41.14705],[-96.21566,41.14694],[-96.21576,41.17596]]]}},{"type":"Feature","id":"68063","properties":{"zip":"68063","pop":null,"city":"Uehling","county":"Dodge","state":"Nebraska","area":2.44,"lat":41.7212,"lon":-96.49331},"geometry":{"type":"Polygon","coordinates":[[[-96.51179,41.73775],[-96.5053,41.73823],[-96.50397,41.74188],[-96.48229,41.74184],[-96.48293,41.69821],[-96.50232,41.69817],[-96.50192,41.73086],[-96.50832,41.73124],[-96.50781,41.73428],[-96.51169,41.7345],[-96.51179,41.73775]]]}},{"type":"Feature","id":"68443","properties":{"zip":"68443","pop":null,"city":"","county":"Johnson","state":"Nebraska","area":73.27,"lat":40.45628,"lon":-96.36761},"geometry":{"type":"Polygon","coordinates":[[[-96.46371,40.40697],[-96.46363,40.52301],[-96.36875,40.5229],[-96.36873,40.53744],[-96.34972,40.53738],[-96.34974,40.53183],[-96.33129,40.52956],[-96.33128,40.52289],[-96.29342,40.52294],[-96.29345,40.51576],[-96.28396,40.51568],[-96.28394,40.50846],[-96.27441,40.50838],[-96.27437,40.4939],[-96.25544,40.49385],[-96.25544,40.45041],[-96.27438,40.45043],[-96.27427,40.43592],[-96.25544,40.43595],[-96.25535,40.42145],[-96.26481,40.42132],[-96.26487,40.42867],[-96.26958,40.42865],[-96.26956,40.4213],[-96.2932,40.42145],[-96.29328,40.4142],[-96.3028,40.41419],[-96.30283,40.40694],[-96.31232,40.40694],[-96.31233,40.39243],[-96.3313,40.39254],[-96.33141,40.37806],[-96.35008,40.37798],[-96.35013,40.36491],[-96.36434,40.36709],[-96.36433,40.36353],[-96.35961,40.36352],[-96.35961,40.35988],[-96.36905,40.35989],[-96.36902,40.36354],[-96.37859,40.36357],[-96.37858,40.36582],[-96.38808,40.3609],[-96.3881,40.39254],[-96.46374,40.3925],[-96.46371,40.40697]]]}},{"type":"Feature","id":"69163","properties":{"zip":"69163","pop":null,"city":"","county":"Logan","state":"Nebraska","area":541.48,"lat":41.59332,"lon":-100.56797},"geometry":{"type":"Polygon","coordinates":[[[-100.84383,41.8877],[-100.84154,41.88824],[-100.83699,41.89443],[-100.8227,41.89432],[-100.82247,41.88568],[-100.82493,41.88087],[-100.82179,41.87532],[-100.8135,41.86968],[-100.81386,41.85788],[-100.81689,41.85097],[-100.82141,41.8492],[-100.82454,41.84412],[-100.82169,41.84268],[-100.80839,41.84039],[-100.79121,41.84231],[-100.79176,41.83979],[-100.77675,41.83251],[-100.77033,41.83148],[-100.76777,41.8278],[-100.76425,41.82647],[-100.75401,41.82486],[-100.74661,41.82598],[-100.73949,41.8233],[-100.73274,41.82507],[-100.72613,41.8204],[-100.71445,41.82153],[-100.70828,41.81828],[-100.69752,41.81876],[-100.68178,41.81274],[-100.67572,41.81315],[-100.66026,41.80922],[-100.65807,41.8072],[-100.64966,41.80623],[-100.64471,41.80065],[-100.64288,41.80387],[-100.64238,41.81652],[-100.64888,41.82735],[-100.64958,41.83404],[-100.65248,41.83481],[-100.65396,41.84138],[-100.6373,41.86225],[-100.63667,41.86763],[-100.63396,41.87017],[-100.638,41.87855],[-100.63365,41.88623],[-100.62418,41.88804],[-100.61442,41.8929],[-100.56132,41.8936],[-100.5571,41.85733],[-100.53532,41.81305],[-100.53416,41.8064],[-100.5378,41.7877],[-100.53002,41.77939],[-100.51447,41.77692],[-100.50627,41.77282],[-100.50138,41.77472],[-100.49669,41.77317],[-100.49479,41.7761],[-100.47744,41.77615],[-100.47753,41.77237],[-100.44868,41.77255],[-100.44868,41.77615],[-100.44387,41.77618],[-100.44393,41.77259],[-100.4343,41.77255],[-100.43433,41.77615],[-100.42955,41.77624],[-100.42949,41.77981],[-100.36262,41.77965],[-100.36248,41.73995],[-100.32809,41.73992],[-100.32898,41.68298],[-100.30818,41.68262],[-100.30845,41.5956],[-100.36639,41.5957],[-100.36712,41.55271],[-100.3189,41.55169],[-100.3187,41.47127],[-100.33843,41.47146],[-100.33824,41.46454],[-100.4048,41.46515],[-100.40447,41.45114],[-100.44305,41.45152],[-100.44333,41.42997],[-100.43325,41.42963],[-100.43308,41.41499],[-100.42399,41.41464],[-100.42411,41.40794],[-100.44266,41.40781],[-100.4434,41.39348],[-100.44671,41.39348],[-100.44674,41.38629],[-100.42724,41.38627],[-100.42705,41.37906],[-100.4276,41.36549],[-100.44661,41.3651],[-100.44699,41.29169],[-100.45656,41.2919],[-100.45671,41.30626],[-100.56202,41.30667],[-100.562,41.29224],[-100.59964,41.29251],[-100.60025,41.27837],[-100.64636,41.27844],[-100.63717,41.29296],[-100.63841,41.29948],[-100.67667,41.30041],[-100.6765,41.32214],[-100.69523,41.32199],[-100.70304,41.31914],[-100.70706,41.32188],[-100.71475,41.32141],[-100.71344,41.42165],[-100.72791,41.42171],[-100.72762,41.4253],[-100.7326,41.42534],[-100.73246,41.43609],[-100.72755,41.43593],[-100.7274,41.43337],[-100.71805,41.43328],[-100.71808,41.44359],[-100.71371,41.44338],[-100.71387,41.47287],[-100.73234,41.47292],[-100.73218,41.48],[-100.72354,41.47996],[-100.72331,41.48622],[-100.71374,41.48108],[-100.7137,41.56663],[-100.77928,41.56685],[-100.77617,41.57001],[-100.77604,41.58039],[-100.77313,41.58643],[-100.7673,41.59177],[-100.77102,41.59735],[-100.77045,41.72158],[-100.77662,41.73526],[-100.77623,41.73998],[-100.84246,41.7404],[-100.84383,41.8877]]]}},{"type":"Feature","id":"68438","properties":{"zip":"68438","pop":null,"city":"Sprague","county":"Lancaster","state":"Nebraska","area":0.07,"lat":40.62656,"lon":-96.74452},"geometry":{"type":"Polygon","coordinates":[[[-96.74814,40.62849],[-96.74101,40.62852],[-96.74112,40.62488],[-96.74743,40.62422],[-96.74814,40.62849]]]}},{"type":"Feature","id":"68455","properties":{"zip":"68455","pop":null,"city":"","county":"Cass","state":"Nebraska","area":29.82,"lat":40.82284,"lon":-95.90132},"geometry":{"type":"Polygon","coordinates":[[[-95.98827,40.81317],[-95.95951,40.81322],[-95.959,40.82775],[-95.94994,40.82761],[-95.94988,40.87136],[-95.94,40.87136],[-95.94,40.87816],[-95.9304,40.8786],[-95.93042,40.87141],[-95.84045,40.87132],[-95.84694,40.86574],[-95.84859,40.86106],[-95.84708,40.85417],[-95.83719,40.83535],[-95.8386,40.82617],[-95.84392,40.81769],[-95.84534,40.81132],[-95.84374,40.80378],[-95.83581,40.79063],[-95.83422,40.78378],[-95.89251,40.78413],[-95.89252,40.76234],[-95.90208,40.76238],[-95.90211,40.7696],[-95.94042,40.76969],[-95.94041,40.78411],[-95.94977,40.78408],[-95.94998,40.79868],[-95.97882,40.79863],[-95.98337,40.80552],[-95.98346,40.8091],[-95.98831,40.81004],[-95.98827,40.81317]]]}},{"type":"Feature","id":"69142","properties":{"zip":"69142","pop":null,"city":"","county":"Thomas","state":"Nebraska","area":92.39,"lat":41.91591,"lon":-100.31707},"geometry":{"type":"Polygon","coordinates":[[[-100.3852,42.01538],[-100.37507,42.01548],[-100.3753,42.00837],[-100.3656,42.0082],[-100.36557,42.08675],[-100.26762,42.08615],[-100.2663,41.90321],[-100.26317,41.90313],[-100.26323,41.90062],[-100.26626,41.90113],[-100.26547,41.73986],[-100.36248,41.73995],[-100.36323,41.92065],[-100.36772,41.92053],[-100.36769,41.92402],[-100.36356,41.92428],[-100.36384,41.95726],[-100.38468,41.95721],[-100.3852,42.01538]]]}},{"type":"Feature","id":"68655","properties":{"zip":"68655","pop":null,"city":"","county":"Boone","state":"Nebraska","area":29.38,"lat":41.64879,"lon":-98.26223},"geometry":{"type":"Polygon","coordinates":[[[-98.34896,41.65413],[-98.33929,41.65402],[-98.33907,41.647],[-98.29113,41.64702],[-98.29105,41.66877],[-98.31049,41.66871],[-98.31058,41.68318],[-98.29103,41.68323],[-98.291,41.71217],[-98.2343,41.71192],[-98.23417,41.6903],[-98.21476,41.69015],[-98.2147,41.66849],[-98.19547,41.66841],[-98.19526,41.64663],[-98.2146,41.6468],[-98.21439,41.6136],[-98.21311,41.61052],[-98.19535,41.61046],[-98.19542,41.59592],[-98.29126,41.59636],[-98.29116,41.62696],[-98.29621,41.6289],[-98.30071,41.62902],[-98.30095,41.62524],[-98.31036,41.62468],[-98.31067,41.61789],[-98.34881,41.618],[-98.34896,41.65413]]]}},{"type":"Feature","id":"69146","properties":{"zip":"69146","pop":null,"city":"","county":"Keith","state":"Nebraska","area":146.64,"lat":41.34985,"lon":-101.82892},"geometry":{"type":"Polygon","coordinates":[[[-102.03201,41.29312],[-102.02727,41.29313],[-102.01473,41.30202],[-102.00364,41.3034],[-101.98262,41.29817],[-101.96744,41.29808],[-101.94353,41.29451],[-101.93662,41.29161],[-101.93283,41.29225],[-101.92735,41.28909],[-101.92004,41.28912],[-101.92019,41.29122],[-101.92704,41.29501],[-101.92684,41.29791],[-101.90676,41.29008],[-101.89655,41.28509],[-101.8951,41.28243],[-101.89499,41.29403],[-101.87386,41.29263],[-101.87318,41.3043],[-101.88389,41.30872],[-101.89121,41.31907],[-101.89648,41.32154],[-101.90716,41.32427],[-101.91391,41.32316],[-101.91385,41.32669],[-101.92013,41.32904],[-101.93121,41.34272],[-101.92253,41.35287],[-101.922,41.35664],[-101.92243,41.36489],[-101.92471,41.36976],[-101.92367,41.38747],[-101.92668,41.39186],[-101.93538,41.39474],[-101.98457,41.39501],[-101.98463,41.46711],[-101.96964,41.4636],[-101.9682,41.46178],[-101.96126,41.46342],[-101.95029,41.47375],[-101.94636,41.4742],[-101.94569,41.47811],[-101.93219,41.49159],[-101.92534,41.49625],[-101.91124,41.49983],[-101.89887,41.49639],[-101.89172,41.49984],[-101.87504,41.50213],[-101.86247,41.49611],[-101.85521,41.49613],[-101.84286,41.49956],[-101.83898,41.50436],[-101.83654,41.50431],[-101.82011,41.49609],[-101.81155,41.49527],[-101.81138,41.46678],[-101.80535,41.46055],[-101.81055,41.45685],[-101.81242,41.44826],[-101.82027,41.44597],[-101.8211,41.441],[-101.8254,41.43888],[-101.8407,41.43467],[-101.84093,41.43042],[-101.83117,41.4232],[-101.81614,41.42348],[-101.80182,41.41883],[-101.79185,41.42164],[-101.7752,41.41787],[-101.7734,41.41485],[-101.75086,41.40711],[-101.74795,41.40922],[-101.74183,41.40762],[-101.72266,41.40855],[-101.72179,41.39812],[-101.72879,41.39393],[-101.72995,41.39081],[-101.72993,41.37918],[-101.72778,41.37364],[-101.72995,41.36625],[-101.73,41.35186],[-101.72272,41.33758],[-101.7241,41.3295],[-101.73003,41.32219],[-101.72897,41.28386],[-101.71824,41.27545],[-101.72087,41.29167],[-101.71959,41.29287],[-101.7154,41.29095],[-101.70988,41.29469],[-101.6977,41.29516],[-101.6952,41.29812],[-101.69701,41.30956],[-101.67296,41.30103],[-101.67009,41.2913],[-101.6648,41.28822],[-101.66103,41.27913],[-101.65476,41.2756],[-101.65482,41.2721],[-101.65934,41.26913],[-101.65895,41.26586],[-101.65607,41.26442],[-101.6548,41.25751],[-101.64115,41.24787],[-101.6327,41.23456],[-101.62662,41.23094],[-101.62506,41.22684],[-101.62523,41.21168],[-101.63478,41.21199],[-101.63824,41.21566],[-101.65225,41.218],[-101.66062,41.22189],[-101.66093,41.22958],[-101.66332,41.23086],[-101.66371,41.23434],[-101.66973,41.23392],[-101.66803,41.22758],[-101.66644,41.22715],[-101.66805,41.22498],[-101.66699,41.21603],[-101.7297,41.22482],[-101.7297,41.22617],[-101.78696,41.22789],[-101.95191,41.27514],[-102.03201,41.29312]]]}},{"type":"Feature","id":"69148","properties":{"zip":"69148","pop":null,"city":"","county":"Garden","state":"Nebraska","area":301.76,"lat":41.61327,"lon":-102.58766},"geometry":{"type":"Polygon","coordinates":[[[-102.81512,41.55482],[-102.79191,41.55456],[-102.79047,41.60323],[-102.77533,41.60109],[-102.76172,41.60997],[-102.75294,41.61202],[-102.67561,41.61212],[-102.67556,41.61937],[-102.68529,41.61941],[-102.68523,41.62665],[-102.70482,41.62665],[-102.70486,41.64126],[-102.71437,41.64121],[-102.71459,41.65539],[-102.72448,41.65558],[-102.72465,41.67029],[-102.74423,41.67012],[-102.74433,41.68472],[-102.7157,41.68509],[-102.71481,41.69951],[-102.6951,41.69961],[-102.69439,41.71426],[-102.6753,41.7142],[-102.67523,41.72129],[-102.66577,41.72143],[-102.66564,41.72867],[-102.67516,41.72878],[-102.67512,41.73982],[-102.66563,41.73973],[-102.66563,41.74322],[-102.66431,41.74319],[-102.67699,41.78696],[-102.6794,41.82905],[-102.6784,41.87489],[-102.6739,41.87588],[-102.6708,41.88411],[-102.65799,41.88812],[-102.64819,41.88528],[-102.64073,41.88868],[-102.63026,41.88993],[-102.61531,41.88407],[-102.61164,41.88591],[-102.60033,41.88332],[-102.59475,41.88478],[-102.58824,41.87562],[-102.59092,41.8618],[-102.58423,41.85291],[-102.58136,41.83621],[-102.58316,41.82821],[-102.5775,41.81978],[-102.58076,41.80985],[-102.57983,41.8031],[-102.58133,41.79915],[-102.57576,41.80028],[-102.55976,41.79456],[-102.55393,41.79972],[-102.5504,41.80034],[-102.53886,41.79743],[-102.52632,41.78883],[-102.52411,41.7846],[-102.51421,41.77953],[-102.49879,41.7804],[-102.4962,41.78376],[-102.49164,41.78477],[-102.48663,41.79053],[-102.48307,41.79167],[-102.47326,41.78943],[-102.46847,41.79019],[-102.46159,41.78612],[-102.45703,41.78575],[-102.44857,41.77348],[-102.4427,41.77157],[-102.44159,41.76879],[-102.4474,41.7696],[-102.45843,41.76211],[-102.46273,41.75404],[-102.46199,41.74397],[-102.4432,41.74281],[-102.44574,41.56477],[-102.44383,41.5348],[-102.44393,41.39501],[-102.52167,41.3956],[-102.52314,41.39803],[-102.51769,41.4023],[-102.51989,41.40987],[-102.51802,41.41306],[-102.5134,41.41502],[-102.51458,41.41937],[-102.50838,41.42253],[-102.50916,41.42774],[-102.5075,41.43068],[-102.51299,41.43276],[-102.53434,41.44809],[-102.53894,41.43939],[-102.53827,41.43558],[-102.54061,41.42957],[-102.55162,41.4111],[-102.5508,41.40828],[-102.55359,41.40232],[-102.55171,41.39541],[-102.63674,41.39522],[-102.63653,41.43881],[-102.7034,41.43884],[-102.70472,41.4415],[-102.70001,41.44872],[-102.69933,41.45322],[-102.70357,41.46384],[-102.70835,41.4695],[-102.71588,41.47165],[-102.72376,41.47724],[-102.72425,41.48982],[-102.7233,41.49254],[-102.71535,41.49697],[-102.7134,41.51175],[-102.71898,41.51175],[-102.72287,41.51526],[-102.72989,41.51547],[-102.7407,41.51914],[-102.74279,41.5225],[-102.75087,41.52649],[-102.77255,41.52618],[-102.77244,41.55276],[-102.79392,41.5514],[-102.79121,41.55286],[-102.80424,41.55019],[-102.8085,41.55051],[-102.81512,41.55482]]]}},{"type":"Feature","id":"69166","properties":{"zip":"69166","pop":null,"city":"","county":"Thomas","state":"Nebraska","area":560.69,"lat":42.07915,"lon":-100.56586},"geometry":{"type":"Polygon","coordinates":[[[-100.84887,42.43809],[-100.77065,42.43702],[-100.77046,42.42224],[-100.69386,42.42204],[-100.69233,42.38609],[-100.69737,42.38612],[-100.69733,42.37899],[-100.70234,42.37904],[-100.70232,42.37172],[-100.66305,42.37156],[-100.66305,42.36796],[-100.6532,42.36802],[-100.65319,42.36442],[-100.64334,42.3643],[-100.64339,42.37148],[-100.63849,42.37141],[-100.63852,42.37501],[-100.63362,42.37496],[-100.63374,42.3822],[-100.61494,42.3821],[-100.61393,42.34951],[-100.59461,42.34967],[-100.59456,42.30616],[-100.56091,42.30591],[-100.56093,42.30228],[-100.55128,42.30042],[-100.55124,42.29499],[-100.54636,42.29495],[-100.54633,42.2889],[-100.53648,42.28879],[-100.53633,42.29722],[-100.52938,42.32488],[-100.53061,42.32979],[-100.49765,42.32713],[-100.48784,42.33071],[-100.47186,42.33045],[-100.45859,42.32086],[-100.4585,42.26183],[-100.40073,42.26149],[-100.40129,42.21774],[-100.28407,42.21647],[-100.28533,42.08622],[-100.36557,42.08675],[-100.3656,42.0082],[-100.3753,42.00837],[-100.37507,42.01548],[-100.3852,42.01538],[-100.38468,41.95721],[-100.36384,41.95726],[-100.36356,41.92428],[-100.36769,41.92402],[-100.36772,41.92053],[-100.36323,41.92065],[-100.36262,41.77965],[-100.42949,41.77981],[-100.42955,41.77624],[-100.43433,41.77615],[-100.4343,41.77255],[-100.44393,41.77259],[-100.44387,41.77618],[-100.44868,41.77615],[-100.44868,41.77255],[-100.47753,41.77237],[-100.47744,41.77615],[-100.49479,41.7761],[-100.49669,41.77317],[-100.50138,41.77472],[-100.50627,41.77282],[-100.51447,41.77692],[-100.53002,41.77939],[-100.5378,41.7877],[-100.53416,41.8064],[-100.53532,41.81305],[-100.5571,41.85733],[-100.56132,41.8936],[-100.61442,41.8929],[-100.62418,41.88804],[-100.63365,41.88623],[-100.638,41.87855],[-100.63396,41.87017],[-100.63667,41.86763],[-100.6373,41.86225],[-100.65396,41.84138],[-100.65248,41.83481],[-100.64958,41.83404],[-100.64888,41.82735],[-100.64238,41.81652],[-100.64288,41.80387],[-100.64471,41.80065],[-100.64966,41.80623],[-100.65807,41.8072],[-100.66026,41.80922],[-100.67572,41.81315],[-100.68178,41.81274],[-100.69752,41.81876],[-100.70828,41.81828],[-100.71445,41.82153],[-100.72613,41.8204],[-100.73274,41.82507],[-100.73949,41.8233],[-100.74661,41.82598],[-100.75401,41.82486],[-100.76425,41.82647],[-100.76777,41.8278],[-100.77033,41.83148],[-100.77675,41.83251],[-100.79176,41.83979],[-100.79121,41.84231],[-100.80839,41.84039],[-100.81784,41.84117],[-100.82454,41.84412],[-100.82141,41.8492],[-100.81689,41.85097],[-100.81386,41.85788],[-100.8135,41.86968],[-100.82179,41.87532],[-100.82516,41.88186],[-100.82247,41.88568],[-100.82755,42.00044],[-100.74966,42.00004],[-100.74966,42.03701],[-100.74081,42.03701],[-100.74083,42.02928],[-100.69402,42.02945],[-100.69383,42.01464],[-100.67436,42.0146],[-100.67385,42.08737],[-100.63688,42.08709],[-100.63525,42.14616],[-100.71286,42.14641],[-100.71222,42.24835],[-100.72211,42.24827],[-100.72202,42.25192],[-100.70727,42.25194],[-100.70716,42.25924],[-100.71696,42.25924],[-100.71703,42.25559],[-100.72195,42.25556],[-100.7218,42.26285],[-100.72671,42.26282],[-100.72674,42.27002],[-100.73163,42.27],[-100.73164,42.27361],[-100.72186,42.27364],[-100.72189,42.27724],[-100.74144,42.27729],[-100.74143,42.26281],[-100.77075,42.26276],[-100.77085,42.30626],[-100.79014,42.3062],[-100.79023,42.32056],[-100.80928,42.32049],[-100.8092,42.34909],[-100.82897,42.3488],[-100.82891,42.42243],[-100.84854,42.42256],[-100.84887,42.43809]]]}},{"type":"Feature","id":"69171","properties":{"zip":"69171","pop":null,"city":"Willow Island","county":"Dawson","state":"Nebraska","area":1.69,"lat":40.89065,"lon":-100.06806},"geometry":{"type":"Polygon","coordinates":[[[-100.09086,40.9022],[-100.06226,40.90233],[-100.06221,40.89508],[-100.05265,40.89514],[-100.05278,40.8729],[-100.07158,40.87979],[-100.0717,40.88868],[-100.09078,40.8954],[-100.09086,40.9022]]]}},{"type":"Feature","id":"69217","properties":{"zip":"69217","pop":null,"city":"","county":"Brown","state":"Nebraska","area":131.94,"lat":42.42058,"lon":-99.71307},"geometry":{"type":"Polygon","coordinates":[[[-99.83753,42.24284],[-99.82947,42.23133],[-99.79389,42.22021],[-99.78323,42.22321],[-99.77966,42.23054],[-99.76868,42.23095],[-99.76398,42.23662],[-99.76046,42.23765],[-99.76008,42.25828],[-99.7618,42.26177],[-99.75808,42.27502],[-99.76039,42.27994],[-99.7605,42.28848],[-99.75823,42.29511],[-99.76172,42.2984],[-99.76058,42.32425],[-99.75875,42.32798],[-99.76068,42.33492],[-99.76085,42.34979],[-99.75277,42.35149],[-99.75279,42.36061],[-99.75011,42.36738],[-99.73944,42.36587],[-99.71036,42.37769],[-99.71126,42.40787],[-99.70666,42.41675],[-99.70624,42.43037],[-99.69568,42.45672],[-99.69598,42.49857],[-99.70614,42.50963],[-99.70583,42.51382],[-99.71188,42.52289],[-99.71128,42.52932],[-99.75151,42.53495],[-99.77157,42.53595],[-99.76186,42.54169],[-99.71915,42.54289],[-99.71999,42.54987],[-99.73574,42.55003],[-99.7359,42.57897],[-99.72501,42.57912],[-99.72195,42.58242],[-99.71625,42.58352],[-99.71597,42.59301],[-99.77514,42.59356],[-99.77497,42.60089],[-99.76924,42.60664],[-99.77388,42.60862],[-99.77125,42.60899],[-99.76874,42.61235],[-99.76747,42.61777],[-99.76242,42.61662],[-99.76041,42.61864],[-99.76043,42.62259],[-99.7678,42.6295],[-99.77294,42.62929],[-99.77343,42.6335],[-99.77817,42.63685],[-99.77637,42.64023],[-99.77185,42.64284],[-99.77414,42.64709],[-99.77947,42.6503],[-99.77863,42.65219],[-99.78132,42.65478],[-99.78141,42.65928],[-99.77744,42.66228],[-99.7793,42.66535],[-99.78127,42.66647],[-99.78844,42.66437],[-99.79484,42.66573],[-99.79488,42.67996],[-99.81457,42.68015],[-99.81468,42.74247],[-99.79553,42.73839],[-99.78997,42.73933],[-99.77509,42.73503],[-99.77541,42.69474],[-99.76554,42.69463],[-99.76487,42.6837],[-99.75258,42.68352],[-99.74862,42.68156],[-99.74791,42.67419],[-99.7381,42.67295],[-99.73284,42.67604],[-99.72971,42.67368],[-99.72767,42.67558],[-99.72454,42.67297],[-99.72527,42.67761],[-99.71861,42.67475],[-99.71644,42.67562],[-99.71607,42.67873],[-99.71018,42.67704],[-99.70218,42.68148],[-99.70207,42.67409],[-99.69805,42.67409],[-99.69808,42.68148],[-99.69041,42.68148],[-99.69047,42.68584],[-99.6937,42.68585],[-99.69335,42.68779],[-99.67747,42.6903],[-99.67663,42.57901],[-99.61776,42.57908],[-99.61756,42.55022],[-99.63715,42.54997],[-99.63695,42.52099],[-99.65657,42.52103],[-99.6565,42.49229],[-99.59769,42.49243],[-99.59767,42.46346],[-99.6172,42.46337],[-99.61704,42.43453],[-99.65459,42.4346],[-99.65461,42.42752],[-99.66393,42.42739],[-99.66268,42.17309],[-99.83713,42.17285],[-99.83753,42.24284]]]}},{"type":"Feature","id":"69218","properties":{"zip":"69218","pop":null,"city":"","county":"Cherry","state":"Nebraska","area":390.09,"lat":42.78021,"lon":-101.63232},"geometry":{"type":"Polygon","coordinates":[[[-101.91954,42.81027],[-101.90922,42.81442],[-101.87757,42.83481],[-101.87452,42.84107],[-101.86819,42.87446],[-101.86354,42.87947],[-101.84068,42.89398],[-101.81264,42.89936],[-101.77361,42.92274],[-101.73986,42.92359],[-101.70946,42.92101],[-101.70925,42.93059],[-101.69892,42.93042],[-101.69827,42.94758],[-101.7009,42.95942],[-101.70215,42.96359],[-101.71255,42.97517],[-101.71506,42.9877],[-101.72375,42.98844],[-101.73422,42.99382],[-101.73099,42.99504],[-101.73485,42.99483],[-101.73867,42.99712],[-101.44682,42.99727],[-101.43902,42.98273],[-101.44285,42.97346],[-101.45058,42.9667],[-101.45653,42.96458],[-101.45555,42.9446],[-101.43562,42.94473],[-101.43557,42.95185],[-101.41598,42.95207],[-101.41577,42.93757],[-101.40598,42.93754],[-101.40596,42.93028],[-101.41571,42.93034],[-101.41565,42.91585],[-101.49479,42.91591],[-101.49451,42.87247],[-101.51398,42.87254],[-101.51726,42.85547],[-101.52174,42.85266],[-101.53406,42.85097],[-101.53446,42.84877],[-101.53106,42.84414],[-101.54006,42.83787],[-101.54105,42.83246],[-101.54818,42.8214],[-101.54591,42.80552],[-101.54853,42.80487],[-101.55096,42.79716],[-101.55025,42.78383],[-101.54237,42.77731],[-101.52851,42.77303],[-101.51959,42.75806],[-101.5142,42.7572],[-101.50224,42.74973],[-101.47814,42.7447],[-101.46632,42.73785],[-101.44348,42.7318],[-101.43987,42.72849],[-101.43891,42.72433],[-101.42869,42.72146],[-101.42446,42.7125],[-101.4101,42.71234],[-101.39567,42.70788],[-101.38934,42.71079],[-101.37193,42.70821],[-101.35026,42.71091],[-101.33021,42.70184],[-101.3095,42.70133],[-101.30598,42.69708],[-101.3058,42.68515],[-101.32065,42.68521],[-101.32074,42.67248],[-101.28633,42.67218],[-101.28615,42.66134],[-101.27127,42.66127],[-101.27133,42.66479],[-101.26651,42.66473],[-101.26655,42.67174],[-101.26512,42.67039],[-101.26218,42.67157],[-101.25945,42.67352],[-101.26014,42.67563],[-101.2579,42.67563],[-101.25643,42.66106],[-101.25173,42.66106],[-101.25173,42.65376],[-101.25645,42.65378],[-101.25804,42.64682],[-101.26744,42.64063],[-101.26757,42.63519],[-101.28066,42.62502],[-101.28281,42.62074],[-101.27741,42.61422],[-101.71151,42.6155],[-101.71551,42.64225],[-101.72666,42.641],[-101.73287,42.63677],[-101.73927,42.63649],[-101.75494,42.63105],[-101.7906,42.63665],[-101.79966,42.63493],[-101.82109,42.64024],[-101.83519,42.63904],[-101.84852,42.6459],[-101.8539,42.6514],[-101.85483,42.65519],[-101.86205,42.66063],[-101.87078,42.66408],[-101.87166,42.66674],[-101.88465,42.66851],[-101.88596,42.67036],[-101.89222,42.68427],[-101.89295,42.75482],[-101.89066,42.75827],[-101.89666,42.76109],[-101.90469,42.78646],[-101.91662,42.79393],[-101.92472,42.80792],[-101.91954,42.81027]]]}},{"type":"Feature","id":"69219","properties":{"zip":"69219","pop":null,"city":"","county":"Cherry","state":"Nebraska","area":171.14,"lat":42.70131,"lon":-101.08861},"geometry":{"type":"Polygon","coordinates":[[[-101.29312,42.57289],[-101.29022,42.58268],[-101.27774,42.58941],[-101.27951,42.60139],[-101.27741,42.61422],[-101.28281,42.62074],[-101.28066,42.62502],[-101.26757,42.63519],[-101.26744,42.64063],[-101.25804,42.64682],[-101.25645,42.65378],[-101.25173,42.65376],[-101.25173,42.66106],[-101.25643,42.66106],[-101.25668,42.67277],[-101.26026,42.68232],[-101.25843,42.68619],[-101.24414,42.68647],[-101.21176,42.68205],[-101.2039,42.68369],[-101.18491,42.68346],[-101.17777,42.68601],[-101.15184,42.68841],[-101.13845,42.69611],[-101.11866,42.71816],[-101.11647,42.73072],[-101.11833,42.73947],[-101.11119,42.75358],[-101.11161,42.7593],[-101.12007,42.7712],[-101.122,42.78545],[-101.14111,42.7855],[-101.14081,42.99793],[-101.11099,42.99794],[-101.10341,42.99598],[-101.09501,42.98406],[-101.08739,42.97995],[-101.08279,42.97343],[-101.08097,42.96472],[-101.08396,42.94944],[-101.08795,42.94616],[-101.08804,42.92865],[-101.09053,42.926],[-101.09737,42.92729],[-101.0974,42.92268],[-101.10263,42.92266],[-101.10241,42.83005],[-101.11358,42.82791],[-101.11458,42.81517],[-101.12264,42.80464],[-101.09196,42.80334],[-101.07944,42.79415],[-101.05428,42.79568],[-101.04642,42.78994],[-101.03627,42.78955],[-101.03083,42.78426],[-101.02735,42.78521],[-101.02755,42.79157],[-101.01863,42.78983],[-101.01229,42.79278],[-100.99941,42.79172],[-100.99579,42.79496],[-100.98884,42.79356],[-100.98322,42.79482],[-100.97733,42.79252],[-100.9687,42.79386],[-100.96273,42.79106],[-100.95599,42.79261],[-100.95032,42.79193],[-100.9444,42.78814],[-100.92104,42.78801],[-100.91491,42.78731],[-100.90982,42.78411],[-100.90031,42.78469],[-100.898,42.78189],[-100.89803,42.77762],[-100.92208,42.7773],[-100.92279,42.77192],[-100.93113,42.7664],[-100.93181,42.76086],[-100.92808,42.755],[-100.9286,42.74985],[-100.92457,42.74455],[-100.9244,42.73357],[-100.92774,42.73016],[-100.92461,42.72807],[-100.92424,42.72264],[-100.92079,42.71879],[-100.92246,42.71575],[-100.9266,42.71475],[-100.92295,42.71356],[-100.91637,42.70492],[-100.90805,42.70516],[-100.9012,42.70186],[-100.89312,42.70231],[-100.89349,42.63268],[-100.89856,42.63466],[-100.91269,42.6353],[-100.91733,42.63862],[-100.93134,42.63565],[-100.94316,42.63881],[-100.95153,42.63575],[-100.95726,42.6366],[-100.96341,42.64061],[-100.96994,42.64084],[-100.97253,42.63881],[-100.97124,42.61282],[-101.12936,42.61272],[-101.13019,42.5376],[-101.13562,42.53626],[-101.1418,42.53672],[-101.14764,42.54074],[-101.17232,42.53906],[-101.23029,42.54751],[-101.25709,42.54808],[-101.26967,42.54615],[-101.27189,42.5467],[-101.27301,42.55073],[-101.26988,42.5525],[-101.27227,42.56153],[-101.27893,42.56591],[-101.29002,42.56799],[-101.29312,42.57289]]]}},{"type":"Feature","id":"69301","properties":{"zip":"69301","pop":null,"city":"","county":"Box Butte","state":"Nebraska","area":775.89,"lat":42.12292,"lon":-102.88598},"geometry":{"type":"Polygon","coordinates":[[[-103.44432,42.15945],[-103.44034,42.15902],[-103.43379,42.16316],[-103.4258,42.16323],[-103.42465,42.15128],[-103.38124,42.14509],[-103.37872,42.14683],[-103.34435,42.14765],[-103.3274,42.16259],[-103.30782,42.16341],[-103.30764,42.23572],[-103.22943,42.23533],[-103.22924,42.16242],[-103.2129,42.16227],[-103.20965,42.15995],[-103.20973,42.17676],[-103.09268,42.17661],[-103.09256,42.19081],[-103.07322,42.19075],[-103.07297,42.23433],[-103.01422,42.23432],[-103.01414,42.26351],[-102.97492,42.2635],[-102.97487,42.27806],[-102.90703,42.27955],[-102.90787,42.29528],[-102.86785,42.29723],[-102.86926,42.32678],[-102.88945,42.32572],[-102.89163,42.37296],[-102.89159,42.38333],[-102.87036,42.38551],[-102.87163,42.43892],[-102.74003,42.43998],[-102.74039,42.42243],[-102.71093,42.42185],[-102.70979,42.42662],[-102.70633,42.42465],[-102.68702,42.42316],[-102.68811,42.42188],[-102.67305,42.42198],[-102.6563,42.41333],[-102.63797,42.41337],[-102.63168,42.40541],[-102.6321,42.38629],[-102.57404,42.38518],[-102.55467,42.37881],[-102.55293,42.37554],[-102.56014,42.37118],[-102.56143,42.36424],[-102.53562,42.35543],[-102.5291,42.35041],[-102.52795,42.33834],[-102.52282,42.33343],[-102.51091,42.33558],[-102.49504,42.33207],[-102.49396,42.32807],[-102.48729,42.32287],[-102.48625,42.31432],[-102.47757,42.30134],[-102.47994,42.29667],[-102.47746,42.2945],[-102.47961,42.29109],[-102.4843,42.28932],[-102.50242,42.29042],[-102.53303,42.29809],[-102.54692,42.29563],[-102.55482,42.29619],[-102.55836,42.29401],[-102.56717,42.2974],[-102.57546,42.29709],[-102.58722,42.30089],[-102.59948,42.2988],[-102.59806,42.29511],[-102.60112,42.28493],[-102.5941,42.27906],[-102.59219,42.26915],[-102.58417,42.26301],[-102.57774,42.26216],[-102.57312,42.25349],[-102.56947,42.2508],[-102.56665,42.24399],[-102.56735,42.23592],[-102.56444,42.23069],[-102.55153,42.22801],[-102.55302,42.22308],[-102.54812,42.20979],[-102.54726,42.19685],[-102.55728,42.18743],[-102.55984,42.17729],[-102.57276,42.17426],[-102.57807,42.1703],[-102.58103,42.16375],[-102.58686,42.15906],[-102.59339,42.14414],[-102.59251,42.13257],[-102.58668,42.12483],[-102.58661,42.11697],[-102.58255,42.11685],[-102.57675,42.11279],[-102.57322,42.10651],[-102.57611,42.0995],[-102.58698,42.09303],[-102.58675,42.08116],[-102.58851,42.08098],[-102.58997,42.07302],[-102.58857,42.06919],[-102.57796,42.06903],[-102.57859,42.04394],[-102.58846,42.04395],[-102.58839,42.04758],[-102.61059,42.04683],[-102.61081,42.03605],[-102.60328,42.03641],[-102.60345,42.02893],[-102.58366,42.02917],[-102.58366,42.02161],[-102.57906,42.02161],[-102.5791,42.01787],[-102.57411,42.01782],[-102.574,42.02151],[-102.55882,42.0212],[-102.55921,42.01038],[-102.55437,42.01043],[-102.5543,42.00701],[-102.67758,42.00528],[-102.6794,41.82905],[-102.67699,41.78696],[-102.66431,41.74319],[-102.66563,41.74322],[-102.66563,41.73973],[-102.67512,41.73982],[-102.67516,41.72878],[-102.66564,41.72867],[-102.66577,41.72143],[-102.67523,41.72129],[-102.6753,41.7142],[-102.69439,41.71426],[-102.69414,41.72916],[-102.68465,41.72897],[-102.68458,41.73263],[-102.69414,41.73276],[-102.69414,41.74365],[-102.72304,41.74349],[-102.72692,41.75345],[-102.74747,41.74881],[-102.75884,41.75344],[-102.77228,41.75583],[-102.77425,41.75837],[-102.76959,41.77369],[-102.77216,41.7771],[-102.77751,41.79907],[-102.78117,41.79941],[-102.78209,41.81197],[-102.78599,41.81195],[-102.78604,41.80464],[-102.79072,41.80452],[-102.79049,41.79368],[-102.79559,41.79366],[-102.79558,41.79727],[-102.80519,41.79738],[-102.80516,41.80102],[-102.81009,41.80118],[-102.81022,41.79058],[-102.8262,41.79443],[-102.8255,41.80141],[-102.83054,41.80354],[-102.85382,41.80672],[-102.8603,41.8095],[-102.86012,41.82733],[-102.86285,41.83467],[-102.8642,41.85253],[-102.86619,41.85446],[-102.86874,41.86723],[-102.87789,41.87383],[-102.87778,41.88758],[-102.89742,41.88759],[-102.8975,41.89797],[-102.89257,41.89794],[-102.89253,41.89104],[-102.88762,41.89103],[-102.88763,41.91528],[-102.89256,41.91531],[-102.89258,41.92254],[-102.89754,41.92257],[-102.89751,41.91895],[-102.91721,41.91909],[-102.91712,41.92995],[-102.93725,41.92997],[-102.93671,42.00162],[-103.40152,42.00354],[-103.40159,42.09041],[-103.44411,42.09071],[-103.44432,42.15945]]]}},{"type":"Feature","id":"69333","properties":{"zip":"69333","pop":null,"city":"","county":"Grant","state":"Nebraska","area":433.07,"lat":42.04469,"lon":-101.96974},"geometry":{"type":"Polygon","coordinates":[[[-102.20431,41.82429],[-102.19506,41.82553],[-102.18589,41.83112],[-102.18518,41.83641],[-102.19056,41.84579],[-102.18224,41.86185],[-102.18365,41.8659],[-102.18189,41.86765],[-102.18243,41.87121],[-102.18625,41.87927],[-102.18336,41.88729],[-102.18272,41.9033],[-102.17761,41.90741],[-102.17371,41.91759],[-102.16969,41.92236],[-102.15259,41.9309],[-102.15099,41.93642],[-102.15206,41.94337],[-102.13959,41.94705],[-102.13455,41.95328],[-102.11984,41.96082],[-102.11618,41.96496],[-102.11873,41.98612],[-102.11125,41.98845],[-102.10206,41.99735],[-102.09853,42.00916],[-102.00856,42.0089],[-102.00852,42.01944],[-102.03245,42.02274],[-102.03631,42.01894],[-102.03962,42.01879],[-102.0432,42.02113],[-102.04792,42.02863],[-102.04911,42.03649],[-102.03951,42.04365],[-102.02236,42.04221],[-102.00782,42.04528],[-102.00643,42.09623],[-102.04028,42.09674],[-102.03914,42.26961],[-101.92561,42.27078],[-101.9237,42.27461],[-101.9262,42.28044],[-101.93159,42.28421],[-101.9364,42.29912],[-101.94005,42.30222],[-101.93993,42.31298],[-101.95929,42.31268],[-101.97272,42.32316],[-101.97728,42.32995],[-101.98153,42.33172],[-101.98148,42.33567],[-101.98727,42.34207],[-102.03892,42.34197],[-102.03817,42.44331],[-101.82436,42.44225],[-101.82629,42.41505],[-101.83174,42.38795],[-101.83157,42.34737],[-101.81666,42.34777],[-101.80806,42.34453],[-101.80575,42.33762],[-101.81204,42.33218],[-101.81286,42.32897],[-101.80109,42.3204],[-101.80539,42.31385],[-101.80458,42.31008],[-101.80871,42.30552],[-101.80657,42.29929],[-101.8103,42.29718],[-101.8071,42.29042],[-101.81489,42.28267],[-101.8208,42.26724],[-101.81743,42.26],[-101.81843,42.25304],[-101.8095,42.23872],[-101.81067,42.22863],[-101.81668,42.21955],[-101.82866,42.22924],[-101.83727,42.23229],[-101.84535,42.23098],[-101.85995,42.22438],[-101.87899,42.22686],[-101.88712,42.22702],[-101.89309,42.22485],[-101.89666,42.22635],[-101.89824,42.22136],[-101.90715,42.21671],[-101.91441,42.21614],[-101.90046,42.20479],[-101.90201,42.2018],[-101.89893,42.18464],[-101.89166,42.16906],[-101.89085,42.1578],[-101.89411,42.15332],[-101.89347,42.14723],[-101.90389,42.14147],[-101.90538,42.13421],[-101.88182,42.13261],[-101.87571,42.13646],[-101.86168,42.14022],[-101.8556,42.14657],[-101.8431,42.13915],[-101.82574,42.13816],[-101.8196,42.13493],[-101.80684,42.13443],[-101.80247,42.12588],[-101.79843,42.12326],[-101.79329,42.12827],[-101.78726,42.12136],[-101.77346,42.11973],[-101.77191,42.12309],[-101.7629,42.12666],[-101.75709,42.13274],[-101.74129,42.13345],[-101.72805,42.14064],[-101.72594,42.13983],[-101.72794,42.13202],[-101.72113,42.11024],[-101.72718,42.09344],[-101.85512,42.0942],[-101.85442,41.74219],[-102.06776,41.74207],[-102.06776,41.75509],[-102.0772,41.75187],[-102.08383,41.74637],[-102.09812,41.74509],[-102.10194,41.73859],[-102.11497,41.73472],[-102.11811,41.73126],[-102.12325,41.73062],[-102.12396,41.72561],[-102.12592,41.72436],[-102.15587,41.72377],[-102.15755,41.72534],[-102.1569,41.73395],[-102.18305,41.75824],[-102.18196,41.76331],[-102.18615,41.77451],[-102.17766,41.78476],[-102.18078,41.78985],[-102.18308,41.79051],[-102.18254,41.79368],[-102.1851,41.79653],[-102.19349,41.79992],[-102.20112,41.80895],[-102.20079,41.81243],[-102.20578,41.81889],[-102.20431,41.82429]]]}},{"type":"Feature","id":"69343","properties":{"zip":"69343","pop":null,"city":"","county":"Cherry","state":"Nebraska","area":1065.01,"lat":42.66849,"lon":-101.94088},"geometry":{"type":"Polygon","coordinates":[[[-102.45232,42.86508],[-102.45134,42.87134],[-102.4471,42.87379],[-102.44302,42.87241],[-102.43547,42.87335],[-102.42689,42.86736],[-102.42001,42.86675],[-102.41809,42.87227],[-102.42025,42.87853],[-102.41428,42.88169],[-102.41519,42.89401],[-102.41067,42.89366],[-102.40691,42.89863],[-102.37876,42.9013],[-102.37049,42.90522],[-102.35973,42.90536],[-102.36016,42.92196],[-102.37433,42.92339],[-102.37956,42.9276],[-102.37957,42.93713],[-102.37722,42.94375],[-102.37952,42.94562],[-102.37947,42.95916],[-102.38999,42.95928],[-102.4055,42.96361],[-102.41151,42.97253],[-102.4154,42.9906],[-102.43307,42.99171],[-102.44014,42.99495],[-102.44051,42.99961],[-101.84998,42.99933],[-101.73867,42.99712],[-101.73485,42.99483],[-101.73099,42.99504],[-101.73422,42.99382],[-101.72375,42.98844],[-101.71506,42.9877],[-101.71255,42.97517],[-101.70215,42.96359],[-101.7009,42.95942],[-101.69827,42.94758],[-101.69892,42.93042],[-101.70925,42.93059],[-101.70946,42.92101],[-101.73986,42.92359],[-101.77361,42.92274],[-101.81264,42.89936],[-101.84068,42.89398],[-101.86354,42.87947],[-101.86819,42.87446],[-101.87452,42.84107],[-101.87757,42.83481],[-101.90922,42.81442],[-101.92472,42.80792],[-101.91662,42.79393],[-101.90469,42.78646],[-101.89666,42.76109],[-101.89066,42.75827],[-101.89295,42.75482],[-101.89222,42.68427],[-101.88465,42.66851],[-101.87166,42.66674],[-101.87078,42.66408],[-101.86205,42.66063],[-101.85483,42.65519],[-101.8539,42.6514],[-101.84852,42.6459],[-101.83519,42.63904],[-101.82109,42.64024],[-101.79966,42.63493],[-101.7906,42.63665],[-101.75494,42.63105],[-101.73927,42.63649],[-101.73287,42.63677],[-101.72666,42.641],[-101.71551,42.64225],[-101.71151,42.6155],[-101.27741,42.61422],[-101.27951,42.60139],[-101.27774,42.58941],[-101.29022,42.58268],[-101.29312,42.57212],[-101.29002,42.56799],[-101.27893,42.56591],[-101.27227,42.56153],[-101.26988,42.5525],[-101.27301,42.55073],[-101.27189,42.5467],[-101.23029,42.54751],[-101.17232,42.53906],[-101.14764,42.54074],[-101.1418,42.53672],[-101.13019,42.5376],[-101.13024,42.52622],[-101.20775,42.52681],[-101.20758,42.44079],[-101.72576,42.44229],[-101.73363,42.438],[-101.73629,42.43388],[-101.73647,42.39857],[-101.733,42.38482],[-101.73225,42.36647],[-101.72282,42.35201],[-101.72407,42.34395],[-101.73853,42.34322],[-101.78405,42.3488],[-101.80806,42.34453],[-101.81666,42.34777],[-101.83157,42.34737],[-101.83174,42.38795],[-101.82629,42.41505],[-101.82436,42.44225],[-102.03817,42.44331],[-102.03892,42.34197],[-102.06413,42.34453],[-102.07408,42.34151],[-102.07366,42.34682],[-102.11166,42.34401],[-102.13474,42.34031],[-102.15018,42.34823],[-102.15841,42.33994],[-102.17414,42.3414],[-102.17731,42.33678],[-102.18349,42.34],[-102.19086,42.33651],[-102.20153,42.33933],[-102.20366,42.34961],[-102.20099,42.35489],[-102.20313,42.36394],[-102.20203,42.37618],[-102.20528,42.39138],[-102.20627,42.42073],[-102.21081,42.43135],[-102.20761,42.44858],[-102.2031,42.45383],[-102.20417,42.51684],[-102.20268,42.52438],[-102.21687,42.525],[-102.22366,42.52206],[-102.25822,42.51777],[-102.27182,42.52295],[-102.28325,42.52442],[-102.28791,42.52933],[-102.29792,42.53351],[-102.30297,42.54252],[-102.32152,42.55347],[-102.32004,42.55996],[-102.33289,42.57564],[-102.33152,42.57995],[-102.32083,42.5904],[-102.31124,42.59532],[-102.30298,42.5962],[-102.31055,42.60437],[-102.31127,42.61651],[-102.28361,42.61665],[-102.28375,42.62653],[-102.28998,42.62795],[-102.29072,42.63089],[-102.28567,42.63318],[-102.284,42.64554],[-102.28334,42.71805],[-102.30232,42.71798],[-102.30238,42.67446],[-102.31784,42.67397],[-102.32138,42.67457],[-102.32181,42.67878],[-102.32976,42.68194],[-102.34172,42.68129],[-102.34152,42.71763],[-102.4391,42.71653],[-102.43912,42.72281],[-102.40036,42.72858],[-102.36113,42.75204],[-102.36114,42.79979],[-102.40055,42.7998],[-102.40037,42.81442],[-102.42971,42.81434],[-102.43001,42.82883],[-102.44936,42.82876],[-102.44901,42.84669],[-102.45232,42.86508]]]}},{"type":"Feature","id":"69346","properties":{"zip":"69346","pop":null,"city":"","county":"Sioux","state":"Nebraska","area":853.27,"lat":42.66455,"lon":-103.80658},"geometry":{"type":"Polygon","coordinates":[[[-104.05311,42.49996],[-104.05303,43.00059],[-103.81143,43.00137],[-103.81037,42.99164],[-103.80512,42.98842],[-103.79965,42.98829],[-103.79953,42.99069],[-103.78715,42.99298],[-103.78736,42.98756],[-103.75794,42.98257],[-103.75751,42.97317],[-103.75324,42.96383],[-103.74456,42.96122],[-103.73668,42.96256],[-103.72491,42.95994],[-103.72103,42.96153],[-103.71693,42.95876],[-103.71774,42.95192],[-103.70266,42.95311],[-103.70268,42.95174],[-103.69363,42.94813],[-103.69357,42.94404],[-103.68214,42.94351],[-103.6804,42.94513],[-103.68077,42.97293],[-103.67157,42.9734],[-103.67093,42.98779],[-103.64306,42.98737],[-103.64182,43.00094],[-103.65369,43.0014],[-103.5051,43.00077],[-103.50309,42.78491],[-103.48033,42.78491],[-103.48073,42.75942],[-103.49908,42.75906],[-103.50606,42.76398],[-103.51857,42.7659],[-103.52573,42.76919],[-103.57357,42.76977],[-103.56903,42.7654],[-103.57191,42.76163],[-103.56834,42.75819],[-103.56807,42.75457],[-103.53206,42.75464],[-103.52705,42.75138],[-103.51688,42.75039],[-103.5135,42.74072],[-103.48037,42.74098],[-103.48073,42.66378],[-103.50465,42.66825],[-103.5453,42.66189],[-103.55275,42.66511],[-103.60856,42.65421],[-103.6219,42.65866],[-103.64136,42.65979],[-103.70801,42.68366],[-103.75526,42.68407],[-103.75455,42.66954],[-103.73825,42.66947],[-103.73562,42.66539],[-103.73529,42.65098],[-103.73378,42.64857],[-103.73546,42.63929],[-103.73149,42.63242],[-103.73156,42.63059],[-103.73576,42.62995],[-103.73553,42.62272],[-103.73828,42.62003],[-103.73543,42.61263],[-103.73566,42.56795],[-103.60029,42.56826],[-103.59804,42.56189],[-103.59865,42.54775],[-103.61399,42.55351],[-103.63765,42.55304],[-103.63718,42.50982],[-103.62429,42.50956],[-103.62183,42.50661],[-103.61149,42.50762],[-103.60799,42.50967],[-103.59817,42.50966],[-103.59789,42.48076],[-103.52947,42.4811],[-103.52892,42.50254],[-103.52583,42.50296],[-103.5231,42.5098],[-103.4802,42.50968],[-103.48001,42.43727],[-103.44428,42.43727],[-103.44428,42.42425],[-103.44685,42.4217],[-103.452,42.42394],[-103.45265,42.42188],[-103.45873,42.42513],[-103.46747,42.42113],[-103.47126,42.42401],[-103.47555,42.42428],[-103.47898,42.42323],[-103.47833,42.42162],[-103.48142,42.42316],[-103.49139,42.42045],[-103.49525,42.42265],[-103.49574,42.41897],[-103.50162,42.42159],[-103.50351,42.41864],[-103.50536,42.42104],[-103.5094,42.42114],[-103.51058,42.41869],[-103.50798,42.41869],[-103.50833,42.41714],[-103.50983,42.4172],[-103.51129,42.41943],[-103.51101,42.41675],[-103.51262,42.41618],[-103.51629,42.41712],[-103.51499,42.41867],[-103.51743,42.41956],[-103.5211,42.41762],[-103.52018,42.41869],[-103.52416,42.42188],[-103.52629,42.42176],[-103.52422,42.42027],[-103.52953,42.41984],[-103.53206,42.4157],[-103.53428,42.41559],[-103.53836,42.41955],[-103.5407,42.41904],[-103.54403,42.42357],[-103.5441,42.42193],[-103.54681,42.42245],[-103.54629,42.42408],[-103.55814,42.42186],[-103.56379,42.42387],[-103.5633,42.4222],[-103.56504,42.42171],[-103.57441,42.42252],[-103.575,42.42646],[-103.57876,42.42584],[-103.58633,42.43037],[-103.59599,42.42979],[-103.59985,42.43357],[-103.61134,42.43249],[-103.61146,42.43525],[-103.61372,42.43297],[-103.61424,42.43523],[-103.61681,42.43326],[-103.6168,42.43525],[-103.62283,42.43644],[-103.63603,42.43358],[-103.63686,42.43555],[-103.64714,42.43329],[-103.65307,42.43562],[-103.65301,42.43295],[-103.65733,42.43379],[-103.65708,42.43649],[-103.66746,42.43425],[-103.68543,42.43664],[-103.69148,42.43506],[-103.69253,42.43718],[-103.70077,42.43519],[-103.69923,42.43407],[-103.70019,42.43243],[-103.70559,42.43423],[-103.70772,42.43158],[-103.71717,42.43174],[-103.71834,42.42878],[-103.71584,42.42931],[-103.71593,42.42721],[-103.72078,42.42851],[-103.72144,42.4236],[-103.71114,42.42344],[-103.7069,42.41777],[-103.69865,42.41253],[-103.69134,42.41246],[-103.6913,42.40886],[-103.69857,42.40892],[-103.69897,42.41194],[-103.70473,42.41398],[-103.71253,42.42307],[-103.72152,42.42322],[-103.72177,42.40877],[-103.73877,42.40783],[-103.73869,42.41339],[-103.77775,42.41337],[-103.78245,42.41693],[-103.79238,42.41698],[-103.79201,42.41267],[-103.77763,42.38944],[-103.77757,42.36645],[-103.73445,42.36505],[-103.72651,42.35811],[-103.7179,42.35604],[-103.71374,42.35059],[-103.70168,42.34979],[-103.69838,42.34095],[-103.69031,42.34068],[-103.67972,42.33698],[-103.67913,42.17707],[-103.73782,42.17585],[-103.73811,42.263],[-103.77971,42.26281],[-103.7772,42.27337],[-103.77557,42.33396],[-103.77705,42.3498],[-103.91373,42.34888],[-103.91367,42.32825],[-103.91729,42.32544],[-103.91411,42.32244],[-103.91432,42.28264],[-103.90871,42.27817],[-103.90621,42.27337],[-103.91443,42.26891],[-103.91458,42.26186],[-104.05278,42.26091],[-104.05311,42.49996]]]}},{"type":"Feature","id":"69350","properties":{"zip":"69350","pop":null,"city":"","county":"Grant","state":"Nebraska","area":322.9,"lat":41.98659,"lon":-101.73325},"geometry":{"type":"Polygon","coordinates":[[[-101.91441,42.21614],[-101.90715,42.21671],[-101.89824,42.22136],[-101.89666,42.22635],[-101.89309,42.22485],[-101.88712,42.22702],[-101.87899,42.22686],[-101.85995,42.22438],[-101.84535,42.23098],[-101.83727,42.23229],[-101.82866,42.22924],[-101.81583,42.22002],[-101.81184,42.22503],[-101.8095,42.23872],[-101.8191,42.25487],[-101.81743,42.26],[-101.8208,42.26724],[-101.81836,42.2721],[-101.72115,42.272],[-101.72096,42.25633],[-101.71427,42.22996],[-101.71833,42.21402],[-101.72699,42.20365],[-101.71061,42.20823],[-101.70776,42.21301],[-101.68251,42.21918],[-101.66307,42.21583],[-101.65219,42.21092],[-101.64886,42.2026],[-101.63176,42.18714],[-101.63246,42.17773],[-101.64017,42.17262],[-101.63873,42.16619],[-101.62716,42.16194],[-101.61612,42.16355],[-101.60747,42.16085],[-101.60268,42.15602],[-101.60617,42.14925],[-101.58547,42.15128],[-101.56466,42.14874],[-101.55046,42.15094],[-101.52708,42.14774],[-101.5277,42.13825],[-101.53275,42.12928],[-101.52985,42.11866],[-101.53519,42.09598],[-101.53825,42.09334],[-101.60456,42.0933],[-101.60604,42.08922],[-101.60436,42.08315],[-101.60647,42.07451],[-101.61435,42.06738],[-101.6158,42.05135],[-101.6066,42.0249],[-101.61364,42.02426],[-101.62403,42.01883],[-101.64093,42.0144],[-101.64019,41.74244],[-101.53358,41.74266],[-101.53651,41.73476],[-101.54836,41.72972],[-101.55984,41.72791],[-101.56518,41.72154],[-101.57106,41.719],[-101.57325,41.71054],[-101.57207,41.704],[-101.57345,41.69823],[-101.57094,41.6907],[-101.57308,41.68614],[-101.58084,41.68132],[-101.59895,41.67586],[-101.62346,41.68287],[-101.62245,41.68761],[-101.62581,41.69337],[-101.62774,41.6922],[-101.64701,41.69847],[-101.65345,41.69886],[-101.6738,41.69617],[-101.68281,41.69179],[-101.69317,41.68961],[-101.69572,41.68844],[-101.69579,41.68427],[-101.70981,41.68397],[-101.71428,41.68768],[-101.7157,41.69563],[-101.70253,41.70755],[-101.70655,41.71444],[-101.69726,41.71637],[-101.69198,41.71551],[-101.68771,41.7178],[-101.68783,41.72266],[-101.6775,41.72962],[-101.67049,41.73156],[-101.65972,41.74252],[-101.85442,41.74219],[-101.85512,42.0942],[-101.72718,42.09344],[-101.72113,42.11024],[-101.72794,42.13202],[-101.72594,42.13983],[-101.72805,42.14064],[-101.74129,42.13345],[-101.75709,42.13274],[-101.7629,42.12666],[-101.77191,42.12309],[-101.77346,42.11973],[-101.78726,42.12136],[-101.79329,42.12827],[-101.79843,42.12326],[-101.80247,42.12588],[-101.80684,42.13443],[-101.8196,42.13493],[-101.82574,42.13816],[-101.8431,42.13915],[-101.8556,42.14657],[-101.86168,42.14022],[-101.87571,42.13646],[-101.88182,42.13261],[-101.90538,42.13421],[-101.90389,42.14147],[-101.89347,42.14723],[-101.89411,42.15332],[-101.89085,42.1578],[-101.89166,42.16906],[-101.89893,42.18464],[-101.90201,42.2018],[-101.90046,42.20479],[-101.91441,42.21614]]]}},{"type":"Feature","id":"68747","properties":{"zip":"68747","pop":null,"city":"","county":"Pierce","state":"Nebraska","area":19.23,"lat":42.39398,"lon":-97.48872},"geometry":{"type":"Polygon","coordinates":[[[-97.54342,42.4237],[-97.50424,42.42361],[-97.50435,42.43855],[-97.4853,42.43858],[-97.48526,42.45309],[-97.4655,42.45308],[-97.46545,42.43863],[-97.45571,42.43866],[-97.45582,42.40929],[-97.44621,42.40938],[-97.44572,42.38053],[-97.44773,42.38052],[-97.44565,42.37979],[-97.44567,42.32236],[-97.46541,42.32238],[-97.46527,42.36572],[-97.54317,42.36571],[-97.54342,42.4237]]]}},{"type":"Feature","id":"68943","properties":{"zip":"68943","pop":null,"city":"","county":"Nuckolls","state":"Nebraska","area":44.81,"lat":40.03915,"lon":-97.88586},"geometry":{"type":"Polygon","coordinates":[[[-97.97235,40.00211],[-97.97206,40.08927],[-97.95316,40.08911],[-97.95306,40.10368],[-97.93416,40.10365],[-97.93429,40.0746],[-97.9156,40.07458],[-97.91556,40.08899],[-97.85879,40.08913],[-97.8587,40.10367],[-97.83967,40.10366],[-97.83987,40.08911],[-97.82096,40.08913],[-97.82121,40.03703],[-97.80256,40.03698],[-97.801,39.97272],[-97.83851,39.97275],[-97.83832,39.98725],[-97.8853,39.98707],[-97.88564,39.99394],[-97.89473,39.9943],[-97.895,39.99696],[-97.89969,39.99807],[-97.89979,40.00208],[-97.97235,40.00211]]]}},{"type":"Feature","id":"68419","properties":{"zip":"68419","pop":null,"city":"Panama","county":"Lancaster","state":"Nebraska","area":0.77,"lat":40.60297,"lon":-96.51133},"geometry":{"type":"Polygon","coordinates":[[[-96.52105,40.61041],[-96.502,40.61018],[-96.50164,40.59557],[-96.52057,40.59568],[-96.52105,40.61041]]]}},{"type":"Feature","id":"68957","properties":{"zip":"68957","pop":null,"city":"","county":"Nuckolls","state":"Nebraska","area":79.87,"lat":40.26748,"lon":-98.24175},"geometry":{"type":"Polygon","coordinates":[[[-98.35879,40.33595],[-98.33036,40.33587],[-98.33132,40.35006],[-98.31605,40.35037],[-98.31585,40.36487],[-98.29699,40.36489],[-98.29711,40.37933],[-98.28284,40.37931],[-98.28285,40.37209],[-98.27811,40.37207],[-98.27813,40.36485],[-98.24162,40.36488],[-98.24159,40.35038],[-98.23759,40.35038],[-98.23705,40.32296],[-98.21846,40.32194],[-98.21837,40.30743],[-98.14303,40.30728],[-98.14287,40.29281],[-98.12386,40.29306],[-98.12401,40.24925],[-98.14281,40.24912],[-98.14273,40.22011],[-98.16157,40.22012],[-98.16155,40.17661],[-98.23721,40.17645],[-98.23716,40.14747],[-98.26413,40.1474],[-98.26404,40.16189],[-98.25604,40.16195],[-98.2561,40.17637],[-98.2736,40.17642],[-98.27354,40.2271],[-98.29257,40.22715],[-98.29261,40.24884],[-98.33983,40.24883],[-98.33983,40.25248],[-98.34931,40.25253],[-98.34944,40.28531],[-98.33956,40.28531],[-98.33942,40.307],[-98.34934,40.30686],[-98.34921,40.32144],[-98.35882,40.32148],[-98.35879,40.33595]]]}},{"type":"Feature","id":"68325","properties":{"zip":"68325","pop":null,"city":"","county":"Thayer","state":"Nebraska","area":37.8,"lat":40.01305,"lon":-97.75158},"geometry":{"type":"Polygon","coordinates":[[[-97.8212,40.03829],[-97.82087,40.1036],[-97.80245,40.10355],[-97.80251,40.08909],[-97.78353,40.08907],[-97.78369,40.07469],[-97.75527,40.07449],[-97.75555,40.06357],[-97.74612,40.0636],[-97.7461,40.06],[-97.73656,40.05999],[-97.73656,40.05297],[-97.71758,40.0529],[-97.71764,40.04562],[-97.70825,40.04567],[-97.70834,40.00197],[-97.66924,40.00196],[-97.67011,39.94325],[-97.7258,39.94371],[-97.7257,39.97272],[-97.76325,39.97264],[-97.76317,39.95816],[-97.80097,39.95823],[-97.80256,40.03698],[-97.82121,40.03703],[-97.8212,40.03829]]]}},{"type":"Feature","id":"68861","properties":{"zip":"68861","pop":null,"city":"Odessa","county":"Buffalo","state":"Nebraska","area":0.65,"lat":40.6991,"lon":-99.26397},"geometry":{"type":"Polygon","coordinates":[[[-99.27426,40.70466],[-99.27425,40.70675],[-99.27222,40.70672],[-99.25522,40.70421],[-99.25569,40.68798],[-99.26042,40.6895],[-99.26102,40.69266],[-99.27439,40.69719],[-99.27426,40.70466]]]}},{"type":"Feature","id":"68823","properties":{"zip":"68823","pop":null,"city":"","county":"Garfield","state":"Nebraska","area":698.92,"lat":41.93653,"lon":-99.13249},"geometry":{"type":"Polygon","coordinates":[[[-99.46801,42.19949],[-99.46762,42.20229],[-99.23462,42.20228],[-99.2347,42.13112],[-99.19592,42.13127],[-99.19583,42.11839],[-99.16866,42.11854],[-99.16872,42.13155],[-99.17619,42.13147],[-99.17584,42.13964],[-99.19584,42.1396],[-99.19575,42.14572],[-99.1763,42.14603],[-99.17619,42.1425],[-99.15686,42.14357],[-99.15047,42.13504],[-99.14566,42.13425],[-99.11966,42.13524],[-99.11476,42.1317],[-99.04028,42.13171],[-99.04016,42.12208],[-99.04206,42.11884],[-99.04652,42.11722],[-99.06485,42.11684],[-99.06824,42.11482],[-99.0695,42.08822],[-98.76116,42.08852],[-98.7605,41.86618],[-98.772,41.87243],[-98.77497,41.87733],[-98.78492,41.87906],[-98.80958,41.89207],[-98.81948,41.8996],[-98.83408,41.89959],[-98.83392,41.89067],[-98.83896,41.89077],[-98.83896,41.88766],[-98.84831,41.88765],[-98.84829,41.87058],[-98.8385,41.87047],[-98.83847,41.84448],[-98.83401,41.84449],[-98.83399,41.84148],[-98.89527,41.8414],[-98.89515,41.82831],[-98.89384,41.82728],[-98.86677,41.82692],[-98.86688,41.8125],[-98.81893,41.81256],[-98.81772,41.79848],[-98.78894,41.79802],[-98.78875,41.78341],[-98.80817,41.78346],[-98.80786,41.75479],[-98.81324,41.75434],[-98.87186,41.7547],[-98.87528,41.75789],[-98.88086,41.75884],[-98.88034,41.75476],[-98.88254,41.75481],[-98.88511,41.75829],[-98.8922,41.75923],[-98.89489,41.7621],[-98.89493,41.77645],[-98.91378,41.77649],[-98.91402,41.76995],[-98.9161,41.76498],[-98.92326,41.7578],[-98.92222,41.75587],[-98.93284,41.75491],[-98.93293,41.75811],[-98.933,41.75482],[-98.95695,41.75493],[-98.96595,41.75901],[-98.9703,41.75341],[-98.97131,41.75498],[-98.98479,41.75506],[-98.9904,41.75827],[-98.99096,41.78151],[-99.01253,41.77418],[-99.02197,41.77314],[-99.03621,41.77432],[-99.04892,41.77981],[-99.04831,41.74048],[-99.00428,41.74048],[-99.00423,41.74811],[-98.99501,41.74808],[-98.99506,41.74046],[-99.00073,41.74048],[-99.00093,41.70551],[-99.00685,41.70454],[-99.0058,41.68106],[-99.01775,41.69045],[-99.02658,41.69023],[-99.03585,41.69371],[-99.04133,41.69131],[-99.05495,41.68998],[-99.09994,41.69041],[-99.10448,41.6867],[-99.11415,41.6867],[-99.11544,41.68307],[-99.12895,41.683],[-99.12978,41.68675],[-99.1351,41.68673],[-99.13474,41.66863],[-99.12507,41.66858],[-99.12291,41.65656],[-99.11572,41.64727],[-99.11577,41.62518],[-99.19268,41.62553],[-99.19274,41.63969],[-99.18307,41.63977],[-99.18333,41.65418],[-99.23129,41.65434],[-99.23138,41.66874],[-99.24083,41.66872],[-99.24064,41.67592],[-99.24536,41.67588],[-99.24521,41.68308],[-99.25941,41.68308],[-99.25933,41.69015],[-99.24976,41.69013],[-99.25005,41.72636],[-99.28841,41.72654],[-99.28838,41.73368],[-99.32713,41.7341],[-99.32711,41.71224],[-99.34736,41.71218],[-99.35147,41.70972],[-99.35684,41.71144],[-99.36888,41.71139],[-99.37214,41.71524],[-99.37489,41.72669],[-99.38189,41.72609],[-99.38418,41.7219],[-99.38653,41.7218],[-99.39382,41.7278],[-99.39571,41.72597],[-99.40436,41.72906],[-99.40442,41.72739],[-99.40619,41.72776],[-99.40904,41.73028],[-99.40919,41.73351],[-99.41867,41.73527],[-99.42491,41.74128],[-99.37971,41.74151],[-99.37992,41.76295],[-99.37851,41.76305],[-99.37811,41.75573],[-99.37603,41.757],[-99.37606,41.79905],[-99.37977,41.79906],[-99.37982,41.83397],[-99.38398,41.88254],[-99.38389,41.90595],[-99.38719,41.92476],[-99.38601,41.94938],[-99.38784,41.95277],[-99.45386,42.01096],[-99.45392,42.08666],[-99.46755,42.08664],[-99.46801,42.19949]]]}},{"type":"Feature","id":"68461","properties":{"zip":"68461","pop":null,"city":"Walton","county":"Lancaster","state":"Nebraska","area":17.89,"lat":40.76681,"lon":-96.51419},"geometry":{"type":"Polygon","coordinates":[[[-96.56789,40.76962],[-96.56777,40.79859],[-96.46374,40.79846],[-96.46383,40.73321],[-96.52091,40.73339],[-96.52093,40.74066],[-96.53041,40.74065],[-96.53043,40.7334],[-96.53992,40.7334],[-96.53998,40.72613],[-96.54946,40.72615],[-96.54941,40.74065],[-96.55893,40.74066],[-96.5589,40.75513],[-96.56794,40.75512],[-96.56789,40.76962]]]}},{"type":"Feature","id":"68654","properties":{"zip":"68654","pop":null,"city":"","county":"Polk","state":"Nebraska","area":42.48,"lat":41.06791,"lon":-97.7772},"geometry":{"type":"Polygon","coordinates":[[[-97.84706,41.04702],[-97.84708,41.11914],[-97.8281,41.11909],[-97.82811,41.13346],[-97.77102,41.13363],[-97.77068,41.11947],[-97.75172,41.11937],[-97.75184,41.1337],[-97.74712,41.13372],[-97.74705,41.12687],[-97.72269,41.12688],[-97.72286,41.10479],[-97.71329,41.10471],[-97.71322,41.09019],[-97.7325,41.09032],[-97.73268,41.07571],[-97.6944,41.07567],[-97.69414,41.06112],[-97.67525,41.06113],[-97.67405,41.03191],[-97.69328,41.03195],[-97.69368,41.04662],[-97.71208,41.04662],[-97.71205,41.032],[-97.75043,41.03199],[-97.75059,41.01752],[-97.7695,41.01745],[-97.76947,41.00294],[-97.78866,41.00299],[-97.78864,40.98849],[-97.82619,40.98842],[-97.82629,41.04658],[-97.84706,41.04702]]]}},{"type":"Feature","id":"68042","properties":{"zip":"68042","pop":null,"city":"Memphis","county":"Saunders","state":"Nebraska","area":0.74,"lat":41.09437,"lon":-96.43695},"geometry":{"type":"Polygon","coordinates":[[[-96.45439,41.10308],[-96.43533,41.10316],[-96.43527,41.09641],[-96.42609,41.09584],[-96.42576,41.08192],[-96.43639,41.08617],[-96.4438,41.09568],[-96.44834,41.09911],[-96.45437,41.1001],[-96.45439,41.10308]]]}},{"type":"Feature","id":"68014","properties":{"zip":"68014","pop":null,"city":"","county":"Butler","state":"Nebraska","area":29.18,"lat":41.28222,"lon":-96.96448},"geometry":{"type":"Polygon","coordinates":[[[-97.05588,41.35074],[-97.04232,41.3506],[-97.04245,41.33636],[-97.0339,41.33785],[-97.02929,41.33617],[-96.98496,41.33616],[-96.98542,41.32162],[-96.93732,41.3216],[-96.9374,41.32526],[-96.92762,41.32706],[-96.92779,41.32165],[-96.90853,41.32179],[-96.90847,41.2204],[-96.98522,41.22],[-96.98639,41.26707],[-97.00545,41.2673],[-97.00553,41.29299],[-97.02356,41.29262],[-97.02364,41.3071],[-97.04289,41.30723],[-97.04269,41.32149],[-97.0377,41.32158],[-97.04621,41.32836],[-97.0482,41.33633],[-97.0516,41.3363],[-97.05207,41.34308],[-97.05589,41.3435],[-97.05588,41.35074]]]}},{"type":"Feature","id":"68881","properties":{"zip":"68881","pop":null,"city":"","county":"Custer","state":"Nebraska","area":14.01,"lat":41.4348,"lon":-99.35943},"geometry":{"type":"Polygon","coordinates":[[[-99.40537,41.43808],[-99.40519,41.45253],[-99.38619,41.45241],[-99.38608,41.45979],[-99.36676,41.4596],[-99.36649,41.4814],[-99.35707,41.48129],[-99.35695,41.48864],[-99.34738,41.48854],[-99.34755,41.48123],[-99.32807,41.48112],[-99.32904,41.39432],[-99.37658,41.39429],[-99.37629,41.37987],[-99.38584,41.3793],[-99.38667,41.43066],[-99.40494,41.43171],[-99.40537,41.43808]]]}},{"type":"Feature","id":"68923","properties":{"zip":"68923","pop":null,"city":"Atlanta","county":"Phelps","state":"Nebraska","area":0.21,"lat":40.36826,"lon":-99.47316},"geometry":{"type":"Polygon","coordinates":[[[-99.47911,40.3682],[-99.47787,40.37178],[-99.46721,40.37176],[-99.46857,40.36504],[-99.47145,40.36415],[-99.4777,40.36493],[-99.47911,40.3682]]]}},{"type":"Feature","id":"68763","properties":{"zip":"68763","pop":null,"city":"","county":"Holt","state":"Nebraska","area":402.57,"lat":42.51809,"lon":-98.58253},"geometry":{"type":"Polygon","coordinates":[[[-98.79524,42.71084],[-98.77519,42.71086],[-98.77538,42.72536],[-98.79502,42.72555],[-98.79498,42.75454],[-98.76882,42.75392],[-98.7688,42.75727],[-98.76424,42.75728],[-98.76371,42.76188],[-98.74503,42.76183],[-98.74503,42.75421],[-98.73632,42.75438],[-98.73608,42.71084],[-98.72634,42.71082],[-98.71654,42.71682],[-98.70681,42.71639],[-98.70832,42.72137],[-98.70616,42.72331],[-98.69562,42.7221],[-98.68681,42.72649],[-98.68675,42.72912],[-98.68192,42.72923],[-98.68191,42.74014],[-98.65742,42.74046],[-98.65746,42.73374],[-98.65574,42.73643],[-98.64751,42.7375],[-98.63462,42.73638],[-98.63239,42.74658],[-98.64301,42.7545],[-98.61841,42.75494],[-98.62057,42.74357],[-98.61885,42.7404],[-98.61102,42.74062],[-98.60826,42.74239],[-98.60149,42.74131],[-98.59674,42.75052],[-98.58109,42.75337],[-98.57774,42.76294],[-98.56876,42.76675],[-98.5639,42.76617],[-98.56396,42.76275],[-98.56039,42.76277],[-98.56018,42.74094],[-98.5404,42.74115],[-98.54014,42.63938],[-98.52113,42.63951],[-98.5211,42.68296],[-98.44256,42.68348],[-98.44259,42.67216],[-98.43798,42.67883],[-98.43902,42.68201],[-98.43724,42.68347],[-98.34462,42.68334],[-98.34457,42.63996],[-98.3053,42.63987],[-98.30535,42.55289],[-98.26704,42.55294],[-98.26807,42.49477],[-98.30221,42.49499],[-98.30525,42.49654],[-98.30654,42.49259],[-98.31957,42.48901],[-98.31958,42.49492],[-98.36387,42.49476],[-98.36392,42.50094],[-98.37439,42.50094],[-98.37458,42.51614],[-98.38377,42.51615],[-98.38379,42.50943],[-98.46216,42.50904],[-98.46206,42.52358],[-98.50117,42.52345],[-98.50124,42.49411],[-98.49152,42.49424],[-98.4914,42.46527],[-98.50107,42.46516],[-98.50101,42.4362],[-98.51615,42.43618],[-98.51512,42.42271],[-98.53394,42.42276],[-98.53398,42.40699],[-98.53662,42.40992],[-98.53563,42.41405],[-98.54483,42.41375],[-98.54391,42.41787],[-98.54909,42.41645],[-98.55036,42.41837],[-98.5482,42.41913],[-98.54999,42.42114],[-98.55394,42.42112],[-98.56502,42.42777],[-98.5695,42.42258],[-98.57209,42.42441],[-98.57107,42.42567],[-98.57737,42.42311],[-98.59115,42.43086],[-98.59177,42.43326],[-98.59896,42.43298],[-98.55362,42.40045],[-98.55377,42.35005],[-98.5733,42.34999],[-98.57357,42.33525],[-98.55394,42.33548],[-98.5535,42.30649],[-98.52474,42.30651],[-98.52477,42.29921],[-98.51517,42.2992],[-98.51521,42.234],[-98.52438,42.23417],[-98.52454,42.22666],[-98.5306,42.22507],[-98.53885,42.23181],[-98.54217,42.22704],[-98.54512,42.22666],[-98.54612,42.23148],[-98.54809,42.23241],[-98.55332,42.23321],[-98.5526,42.22925],[-98.55607,42.22826],[-98.55822,42.22933],[-98.55764,42.23175],[-98.56099,42.23084],[-98.56437,42.2327],[-98.56705,42.23238],[-98.56834,42.22984],[-98.5712,42.23043],[-98.57422,42.22635],[-98.57376,42.22353],[-98.57551,42.22436],[-98.58432,42.21924],[-98.61248,42.21927],[-98.61269,42.19032],[-98.65096,42.19021],[-98.65091,42.17566],[-98.69056,42.17571],[-98.69073,42.32073],[-98.71057,42.32077],[-98.71036,42.32897],[-98.70103,42.32895],[-98.70104,42.343],[-98.71913,42.34303],[-98.71909,42.34963],[-98.76883,42.35074],[-98.769,42.42241],[-98.7494,42.4225],[-98.74938,42.43573],[-98.73588,42.43577],[-98.73596,42.47928],[-98.75562,42.47915],[-98.75572,42.50822],[-98.73623,42.50839],[-98.73617,42.53735],[-98.75565,42.53733],[-98.75572,42.52282],[-98.77534,42.52278],[-98.77542,42.54458],[-98.75511,42.5447],[-98.75564,42.54946],[-98.75772,42.55024],[-98.75521,42.55168],[-98.75717,42.55425],[-98.75281,42.55404],[-98.75168,42.55736],[-98.75445,42.5574],[-98.75618,42.55994],[-98.7527,42.56407],[-98.75406,42.56524],[-98.75306,42.56727],[-98.76076,42.58253],[-98.75886,42.58366],[-98.76043,42.58745],[-98.77561,42.58785],[-98.77522,42.69659],[-98.79519,42.69661],[-98.79524,42.71084]]]}},{"type":"Feature","id":"69147","properties":{"zip":"69147","pop":null,"city":"","county":"Garden","state":"Nebraska","area":307.94,"lat":41.51516,"lon":-102.08838},"geometry":{"type":"Polygon","coordinates":[[[-102.24559,41.37121],[-102.19806,41.35305],[-102.1973,41.36676],[-102.18749,41.36803],[-102.18114,41.37192],[-102.17914,41.37658],[-102.17247,41.37691],[-102.17833,41.38759],[-102.18836,41.388],[-102.19619,41.39204],[-102.1987,41.39497],[-102.19863,41.40174],[-102.20337,41.40256],[-102.20422,41.40968],[-102.21252,41.40991],[-102.21465,41.74289],[-102.24004,41.74264],[-102.24206,41.81553],[-102.23804,41.81726],[-102.21542,41.81688],[-102.20578,41.81889],[-102.20079,41.81243],[-102.20112,41.80895],[-102.19349,41.79992],[-102.1851,41.79653],[-102.18254,41.79368],[-102.18308,41.79051],[-102.18078,41.78985],[-102.17766,41.78476],[-102.18615,41.77451],[-102.18196,41.76331],[-102.18305,41.75824],[-102.1569,41.73395],[-102.15755,41.72534],[-102.15587,41.72377],[-102.12592,41.72436],[-102.12396,41.72561],[-102.12325,41.73062],[-102.11811,41.73126],[-102.11497,41.73472],[-102.10194,41.73859],[-102.09812,41.74509],[-102.08383,41.74637],[-102.0772,41.75187],[-102.06776,41.75509],[-102.06776,41.74207],[-101.98552,41.74229],[-101.98516,41.69121],[-101.98019,41.68823],[-101.97884,41.68505],[-101.9729,41.68312],[-101.96758,41.67377],[-101.96486,41.66027],[-101.95533,41.655],[-101.95789,41.649],[-101.95664,41.64205],[-101.96161,41.64008],[-101.96374,41.63321],[-101.97338,41.62177],[-101.96846,41.60041],[-101.98004,41.595],[-101.98559,41.5782],[-101.98457,41.39501],[-101.93538,41.39474],[-101.92668,41.39186],[-101.92367,41.38747],[-101.92471,41.36976],[-101.92243,41.36489],[-101.922,41.35664],[-101.92253,41.35287],[-101.93121,41.34272],[-101.92013,41.32904],[-101.91385,41.32669],[-101.91391,41.32316],[-101.90716,41.32427],[-101.89648,41.32154],[-101.89121,41.31907],[-101.88389,41.30872],[-101.87318,41.3043],[-101.87386,41.29263],[-101.89499,41.29403],[-101.8951,41.28243],[-101.89655,41.28509],[-101.90676,41.29008],[-101.92684,41.29791],[-101.92704,41.29501],[-101.92019,41.29122],[-101.92004,41.28912],[-101.92735,41.28909],[-101.93283,41.29225],[-101.93662,41.29161],[-101.94353,41.29451],[-101.96744,41.29808],[-101.98262,41.29817],[-102.00364,41.3034],[-102.01473,41.30202],[-102.02727,41.29313],[-102.0352,41.29387],[-102.04281,41.29909],[-102.05451,41.29952],[-102.0556,41.22155],[-102.09379,41.22154],[-102.09381,41.22875],[-102.10339,41.22874],[-102.10339,41.23596],[-102.09384,41.23604],[-102.09391,41.23892],[-102.10379,41.25121],[-102.11442,41.2718],[-102.12364,41.29644],[-102.12614,41.31629],[-102.13532,41.31791],[-102.15325,41.3165],[-102.17567,41.32297],[-102.1901,41.33531],[-102.19742,41.33913],[-102.2003,41.34302],[-102.20854,41.34604],[-102.21303,41.35107],[-102.24086,41.35797],[-102.24622,41.35721],[-102.24559,41.37121]]]}},{"type":"Feature","id":"68626","properties":{"zip":"68626","pop":null,"city":"","county":"Butler","state":"Nebraska","area":45.88,"lat":41.16825,"lon":-96.99204},"geometry":{"type":"Polygon","coordinates":[[[-97.08144,41.1189],[-97.08135,41.13339],[-97.06217,41.13331],[-97.06202,41.14795],[-97.04256,41.14787],[-97.04299,41.17703],[-97.06235,41.17721],[-97.06131,41.22025],[-97.04213,41.22011],[-97.0424,41.23462],[-96.98537,41.23469],[-96.98522,41.22],[-96.90847,41.2204],[-96.90886,41.13327],[-96.96637,41.1332],[-96.96622,41.10429],[-97.08154,41.10439],[-97.08144,41.1189]]]}},{"type":"Feature","id":"68164","properties":{"zip":"68164","pop":null,"city":"Omaha","county":"Douglas","state":"Nebraska","area":6.76,"lat":41.29874,"lon":-96.10939},"geometry":{"type":"Polygon","coordinates":[[[-96.13887,41.29529],[-96.13887,41.32111],[-96.10052,41.31878],[-96.10049,41.32115],[-96.08129,41.32117],[-96.08141,41.30949],[-96.07978,41.30951],[-96.07932,41.30665],[-96.08142,41.30665],[-96.08139,41.28751],[-96.07575,41.28607],[-96.07613,41.2778],[-96.13881,41.27766],[-96.13887,41.29529]]]}},{"type":"Feature","id":"68975","properties":{"zip":"68975","pop":null,"city":"","county":"Clay","state":"Nebraska","area":19.21,"lat":40.61705,"lon":-97.95486},"geometry":{"type":"Polygon","coordinates":[[[-97.99528,40.58273],[-97.99525,40.59723],[-97.9763,40.59718],[-97.97629,40.61156],[-97.98528,40.61156],[-97.98556,40.64058],[-97.97644,40.64059],[-97.97652,40.68414],[-97.95744,40.68402],[-97.95738,40.66953],[-97.9198,40.66941],[-97.91975,40.58257],[-97.93825,40.58255],[-97.93824,40.56088],[-97.99523,40.56106],[-97.99528,40.58273]]]}},{"type":"Feature","id":"68016","properties":{"zip":"68016","pop":null,"city":"Cedar Creek","county":"Cass","state":"Nebraska","area":3.74,"lat":41.02527,"lon":-96.10635},"geometry":{"type":"Polygon","coordinates":[[[-96.12435,41.01165],[-96.12394,41.0176],[-96.12255,41.01781],[-96.12383,41.01877],[-96.12069,41.02006],[-96.12069,41.03165],[-96.12246,41.03184],[-96.1208,41.03799],[-96.10986,41.0484],[-96.10337,41.05195],[-96.09031,41.05441],[-96.0889,41.04919],[-96.0903,41.04556],[-96.09221,41.04564],[-96.09248,41.0424],[-96.09694,41.04014],[-96.09709,41.03668],[-96.09251,41.03666],[-96.09267,41.00183],[-96.12123,41.00165],[-96.12435,41.01165]]]}},{"type":"Feature","id":"68039","properties":{"zip":"68039","pop":null,"city":"Macy","county":"Thurston","state":"Nebraska","area":32.88,"lat":42.11199,"lon":-96.34398},"geometry":{"type":"Polygon","coordinates":[[[-96.41461,42.10431],[-96.40499,42.10431],[-96.40507,42.12427],[-96.39298,42.11901],[-96.38543,42.11886],[-96.38543,42.12609],[-96.39521,42.12611],[-96.39525,42.12973],[-96.39034,42.12972],[-96.39034,42.13334],[-96.39608,42.13338],[-96.39498,42.16604],[-96.39748,42.1701],[-96.39527,42.17489],[-96.39634,42.17662],[-96.38535,42.17674],[-96.38538,42.19113],[-96.34772,42.19133],[-96.34969,42.17204],[-96.34239,42.16049],[-96.31953,42.14665],[-96.31382,42.13634],[-96.30588,42.12983],[-96.2792,42.12348],[-96.2689,42.11359],[-96.26659,42.10326],[-96.26764,42.09618],[-96.27676,42.08142],[-96.27934,42.07028],[-96.27845,42.0604],[-96.2729,42.04728],[-96.29211,42.04705],[-96.30914,42.06619],[-96.32588,42.06415],[-96.32888,42.06085],[-96.3856,42.06059],[-96.38584,42.07511],[-96.40514,42.075],[-96.4048,42.08985],[-96.41439,42.08981],[-96.41461,42.10431]]]}},{"type":"Feature","id":"69355","properties":{"zip":"69355","pop":null,"city":"Melbeta","county":"Scotts Bluff","state":"Nebraska","area":0.06,"lat":41.78177,"lon":-103.5172},"geometry":{"type":"Polygon","coordinates":[[[-103.51914,41.78558],[-103.51284,41.78267],[-103.51533,41.78301],[-103.51525,41.77871],[-103.51914,41.77867],[-103.51914,41.78558]]]}},{"type":"Feature","id":"69360","properties":{"zip":"69360","pop":null,"city":"","county":"Sheridan","state":"Nebraska","area":251.47,"lat":42.7438,"lon":-102.48977},"geometry":{"type":"Polygon","coordinates":[[[-102.69429,42.96554],[-102.69419,42.99984],[-102.55639,42.99965],[-102.55634,42.98287],[-102.55212,42.97292],[-102.56609,42.97288],[-102.56487,42.93666],[-102.54293,42.93675],[-102.54225,42.94217],[-102.53646,42.94655],[-102.53599,42.94943],[-102.5285,42.9507],[-102.51399,42.94454],[-102.50976,42.94458],[-102.50397,42.9399],[-102.50168,42.93573],[-102.50822,42.92765],[-102.51206,42.92701],[-102.51065,42.92309],[-102.50709,42.92175],[-102.50699,42.91909],[-102.49696,42.91875],[-102.49226,42.92173],[-102.49517,42.92379],[-102.49597,42.92884],[-102.49404,42.93191],[-102.48641,42.93197],[-102.48256,42.93854],[-102.47781,42.93614],[-102.47903,42.9406],[-102.47449,42.93728],[-102.47128,42.92935],[-102.47448,42.9276],[-102.47247,42.92124],[-102.47391,42.91983],[-102.46653,42.91876],[-102.46756,42.92352],[-102.4636,42.92099],[-102.46424,42.91898],[-102.45564,42.91548],[-102.45616,42.91103],[-102.45223,42.91056],[-102.44637,42.90419],[-102.45639,42.89522],[-102.46279,42.8949],[-102.46191,42.89062],[-102.46384,42.88315],[-102.46081,42.8753],[-102.45134,42.87134],[-102.45232,42.86508],[-102.44901,42.84669],[-102.44936,42.82876],[-102.43001,42.82883],[-102.42971,42.81434],[-102.40037,42.81442],[-102.40055,42.7998],[-102.36114,42.79979],[-102.36113,42.75204],[-102.40036,42.72858],[-102.43912,42.72281],[-102.4391,42.71653],[-102.34152,42.71763],[-102.34172,42.68129],[-102.32976,42.68194],[-102.32181,42.67878],[-102.32138,42.67457],[-102.31784,42.67397],[-102.30238,42.67446],[-102.30232,42.71798],[-102.28334,42.71805],[-102.284,42.64554],[-102.28567,42.63318],[-102.29072,42.63089],[-102.28998,42.62795],[-102.28375,42.62653],[-102.28361,42.61665],[-102.31127,42.61651],[-102.31055,42.60437],[-102.30298,42.5962],[-102.31124,42.59532],[-102.32083,42.5904],[-102.33152,42.57995],[-102.33289,42.57564],[-102.32004,42.55996],[-102.32152,42.55347],[-102.33272,42.54834],[-102.35112,42.55047],[-102.35121,42.54558],[-102.35456,42.54337],[-102.45978,42.54321],[-102.45807,42.52852],[-102.43605,42.51556],[-102.43207,42.51125],[-102.43549,42.49871],[-102.46941,42.49681],[-102.46955,42.49451],[-102.47338,42.49142],[-102.48731,42.48649],[-102.49862,42.49226],[-102.49844,42.47765],[-102.5365,42.47209],[-102.53781,42.60724],[-102.55719,42.6072],[-102.55739,42.64335],[-102.53768,42.6434],[-102.5378,42.68686],[-102.55742,42.68687],[-102.55742,42.70692],[-102.53778,42.71019],[-102.53788,42.71585],[-102.55745,42.71578],[-102.55762,42.73024],[-102.53803,42.73036],[-102.53813,42.75937],[-102.57775,42.75936],[-102.5779,42.77362],[-102.59741,42.77388],[-102.5929,42.78112],[-102.59507,42.78525],[-102.53839,42.78532],[-102.53848,42.79846],[-102.54891,42.80741],[-102.56938,42.8124],[-102.57923,42.82775],[-102.58803,42.82749],[-102.59885,42.82128],[-102.6299,42.82056],[-102.63274,42.81743],[-102.63868,42.82073],[-102.63895,42.82444],[-102.64493,42.83294],[-102.64499,42.8356],[-102.65202,42.83587],[-102.64727,42.83619],[-102.64684,42.83924],[-102.65225,42.8471],[-102.65534,42.85713],[-102.66068,42.86044],[-102.66139,42.8628],[-102.67349,42.86579],[-102.67237,42.87048],[-102.6753,42.8707],[-102.67485,42.8969],[-102.6802,42.90149],[-102.68145,42.91431],[-102.69452,42.91416],[-102.69429,42.96554]]]}},{"type":"Feature","id":"69335","properties":{"zip":"69335","pop":null,"city":"","county":"Sheridan","state":"Nebraska","area":108.17,"lat":42.02417,"lon":-102.13903},"geometry":{"type":"Polygon","coordinates":[[[-102.24306,41.82975],[-102.23947,42.00825],[-102.23079,42.00825],[-102.22752,42.01735],[-102.21938,42.02297],[-102.21986,42.0367],[-102.2179,42.04254],[-102.18967,42.03829],[-102.19098,42.0442],[-102.1875,42.04689],[-102.19009,42.05784],[-102.17934,42.06639],[-102.16665,42.06887],[-102.16562,42.07192],[-102.1713,42.07522],[-102.18484,42.07813],[-102.18544,42.07947],[-102.18315,42.08071],[-102.18739,42.08736],[-102.18768,42.09252],[-102.18543,42.09611],[-102.17874,42.09917],[-102.18041,42.10185],[-102.17643,42.10814],[-102.17973,42.11424],[-102.17796,42.1246],[-102.17039,42.12874],[-102.17097,42.13348],[-102.16263,42.1389],[-102.1455,42.14526],[-102.14349,42.14819],[-102.14462,42.154],[-102.14336,42.1555],[-102.11773,42.15841],[-102.11805,42.16745],[-102.11423,42.16403],[-102.10784,42.16554],[-102.1046,42.16922],[-102.09809,42.17195],[-102.0945,42.17683],[-102.07727,42.18213],[-102.03966,42.18395],[-102.04028,42.09674],[-102.00643,42.09623],[-102.00782,42.04528],[-102.02236,42.04221],[-102.03951,42.04365],[-102.04842,42.03778],[-102.04792,42.02863],[-102.0432,42.02113],[-102.03962,42.01879],[-102.03631,42.01894],[-102.03245,42.02274],[-102.00852,42.01944],[-102.00856,42.0089],[-102.09853,42.00916],[-102.10206,41.99735],[-102.11125,41.98845],[-102.11873,41.98612],[-102.11618,41.96496],[-102.11984,41.96082],[-102.13455,41.95328],[-102.13959,41.94705],[-102.15206,41.94337],[-102.15099,41.93642],[-102.15259,41.9309],[-102.16969,41.92236],[-102.17371,41.91759],[-102.17761,41.90741],[-102.18272,41.9033],[-102.18336,41.88729],[-102.18625,41.87927],[-102.18243,41.87121],[-102.18189,41.86765],[-102.18365,41.8659],[-102.18224,41.86185],[-102.19056,41.84579],[-102.18518,41.83641],[-102.18589,41.83112],[-102.19506,41.82553],[-102.20431,41.82429],[-102.20578,41.81889],[-102.21542,41.81688],[-102.23804,41.81726],[-102.24206,41.81553],[-102.2425,41.81138],[-102.24306,41.82975]]]}},{"type":"Feature","id":"68319","properties":{"zip":"68319","pop":null,"city":"","county":"York","state":"Nebraska","area":52.85,"lat":40.93656,"lon":-97.75816},"geometry":{"type":"Polygon","coordinates":[[[-97.84526,40.95939],[-97.82614,40.95943],[-97.82619,40.98842],[-97.78864,40.98849],[-97.78866,41.00299],[-97.76947,41.00294],[-97.7695,41.01745],[-97.75059,41.01752],[-97.75043,41.03199],[-97.70325,41.03194],[-97.70329,41.01747],[-97.67393,41.01741],[-97.67403,41.00291],[-97.71201,41.00298],[-97.71199,40.97397],[-97.69324,40.97392],[-97.6928,40.91605],[-97.71192,40.91606],[-97.71191,40.90874],[-97.70709,40.90872],[-97.70703,40.90156],[-97.7119,40.90154],[-97.71188,40.88705],[-97.73099,40.88704],[-97.73102,40.87255],[-97.75012,40.87254],[-97.74988,40.85817],[-97.73109,40.85809],[-97.73109,40.82916],[-97.7215,40.82912],[-97.72142,40.83631],[-97.70278,40.83632],[-97.70265,40.82906],[-97.71179,40.82909],[-97.71179,40.82154],[-97.75012,40.82204],[-97.74997,40.84369],[-97.78814,40.84342],[-97.78803,40.85791],[-97.8071,40.85797],[-97.80752,40.90145],[-97.82611,40.9014],[-97.82612,40.94492],[-97.84543,40.94505],[-97.84526,40.95939]]]}},{"type":"Feature","id":"68416","properties":{"zip":"68416","pop":null,"city":"","county":"Fillmore","state":"Nebraska","area":34.48,"lat":40.41094,"lon":-97.46183},"geometry":{"type":"Polygon","coordinates":[[[-97.52057,40.45205],[-97.48272,40.45207],[-97.48273,40.45934],[-97.47296,40.45937],[-97.47305,40.47392],[-97.48274,40.47385],[-97.48275,40.48108],[-97.47282,40.4812],[-97.47285,40.48842],[-97.46325,40.48845],[-97.4633,40.49576],[-97.44434,40.49549],[-97.44431,40.48104],[-97.42547,40.48097],[-97.42541,40.46645],[-97.43491,40.46617],[-97.43502,40.45202],[-97.40662,40.45193],[-97.40648,40.41579],[-97.41581,40.41581],[-97.41585,40.40861],[-97.42527,40.40859],[-97.42534,40.40134],[-97.41586,40.40132],[-97.41588,40.39406],[-97.42539,40.39407],[-97.42544,40.38679],[-97.41591,40.38678],[-97.41591,40.38318],[-97.40636,40.38318],[-97.40651,40.36794],[-97.397,40.36794],[-97.39701,40.36503],[-97.4018,40.36503],[-97.40185,40.35777],[-97.40657,40.3578],[-97.40664,40.35052],[-97.52024,40.35063],[-97.52041,40.3869],[-97.50144,40.3869],[-97.50151,40.40854],[-97.52049,40.40851],[-97.52043,40.41593],[-97.51577,40.41593],[-97.51578,40.42305],[-97.52042,40.42305],[-97.52057,40.43748],[-97.51584,40.4375],[-97.51586,40.44477],[-97.52055,40.44476],[-97.52057,40.45205]]]}},{"type":"Feature","id":"68768","properties":{"zip":"68768","pop":null,"city":"","county":"Stanton","state":"Nebraska","area":55.37,"lat":41.9987,"lon":-97.06873},"geometry":{"type":"Polygon","coordinates":[[[-97.13797,42.08051],[-97.13681,42.09065],[-97.13469,42.09066],[-97.13475,42.10511],[-97.06706,42.10509],[-97.06705,42.101],[-97.05693,42.10095],[-97.05815,42.07655],[-97.01954,42.07646],[-97.01961,42.02973],[-96.99781,42.03058],[-96.99557,42.02841],[-96.99548,42.00874],[-97.01953,42.00994],[-97.01968,41.87351],[-97.03934,41.87343],[-97.03917,41.86642],[-97.04845,41.86642],[-97.04842,41.85912],[-97.0779,41.85909],[-97.07821,41.91704],[-97.09766,41.91708],[-97.09766,41.93163],[-97.07195,41.93141],[-97.07189,41.93886],[-97.07829,41.93892],[-97.0781,41.9604],[-97.09737,41.96055],[-97.0973,41.97501],[-97.10231,41.97503],[-97.10242,41.97895],[-97.10652,41.97903],[-97.10659,41.98174],[-97.11304,41.97952],[-97.11885,41.98283],[-97.12638,41.97955],[-97.1366,41.97862],[-97.1367,41.9966],[-97.12681,41.99697],[-97.12678,42.00405],[-97.11739,42.00408],[-97.11717,42.0186],[-97.13671,42.01854],[-97.13673,42.03284],[-97.12703,42.03288],[-97.12711,42.04071],[-97.13676,42.0406],[-97.13797,42.08051]]]}},{"type":"Feature","id":"68453","properties":{"zip":"68453","pop":null,"city":"","county":"Saline","state":"Nebraska","area":55.77,"lat":40.40773,"lon":-97.33455},"geometry":{"type":"Polygon","coordinates":[[[-97.42539,40.39407],[-97.41588,40.39406],[-97.41586,40.40132],[-97.42534,40.40134],[-97.42527,40.40859],[-97.41585,40.40861],[-97.41581,40.41581],[-97.40648,40.41579],[-97.40675,40.42301],[-97.39728,40.42297],[-97.39721,40.43015],[-97.37823,40.43019],[-97.37821,40.43739],[-97.38768,40.43742],[-97.38763,40.4664],[-97.3687,40.46642],[-97.36868,40.49546],[-97.34952,40.4955],[-97.34977,40.48097],[-97.25483,40.48069],[-97.25487,40.46619],[-97.23609,40.46618],[-97.23613,40.45167],[-97.25487,40.45169],[-97.2549,40.43717],[-97.2739,40.4372],[-97.27405,40.4227],[-97.25492,40.42271],[-97.25493,40.40811],[-97.27407,40.40809],[-97.27396,40.3501],[-97.29358,40.35017],[-97.29357,40.33584],[-97.31251,40.33584],[-97.31251,40.35022],[-97.33134,40.35028],[-97.33129,40.32135],[-97.38804,40.32127],[-97.38788,40.3358],[-97.39723,40.33577],[-97.39723,40.343],[-97.40679,40.34314],[-97.40657,40.3578],[-97.40185,40.35777],[-97.4018,40.36503],[-97.39701,40.36503],[-97.397,40.36794],[-97.40651,40.36794],[-97.40636,40.38318],[-97.41591,40.38318],[-97.41591,40.38678],[-97.42544,40.38679],[-97.42539,40.39407]]]}},{"type":"Feature","id":"68758","properties":{"zip":"68758","pop":null,"city":"","county":"Madison","state":"Nebraska","area":84.14,"lat":41.78291,"lon":-97.78862},"geometry":{"type":"Polygon","coordinates":[[[-97.88118,41.82922],[-97.87171,41.82935],[-97.87179,41.86533],[-97.86212,41.86538],[-97.86212,41.87258],[-97.85255,41.87262],[-97.8526,41.87992],[-97.83319,41.88003],[-97.83341,41.89455],[-97.81439,41.89465],[-97.81433,41.88724],[-97.75594,41.88733],[-97.75581,41.87284],[-97.73653,41.87291],[-97.73653,41.87747],[-97.7271,41.88134],[-97.72704,41.88397],[-97.71906,41.88523],[-97.71703,41.88738],[-97.69742,41.88759],[-97.69751,41.86565],[-97.70797,41.86565],[-97.70801,41.8585],[-97.71694,41.85842],[-97.71694,41.85126],[-97.71683,41.81494],[-97.70718,41.81503],[-97.70717,41.80765],[-97.6974,41.80768],[-97.69715,41.7716],[-97.71669,41.77149],[-97.71656,41.74251],[-97.75057,41.74246],[-97.74377,41.73991],[-97.74406,41.73786],[-97.74125,41.73976],[-97.74026,41.73838],[-97.74244,41.73661],[-97.73979,41.73747],[-97.74029,41.73572],[-97.73463,41.73384],[-97.73206,41.72837],[-97.73278,41.72575],[-97.73733,41.7253],[-97.7371,41.72403],[-97.73143,41.72322],[-97.7294,41.71913],[-97.72165,41.71415],[-97.73483,41.71404],[-97.73534,41.67057],[-97.75449,41.6706],[-97.75444,41.64122],[-97.77358,41.64111],[-97.77404,41.65602],[-97.81264,41.65577],[-97.8123,41.68479],[-97.83082,41.68471],[-97.83076,41.6992],[-97.86929,41.69907],[-97.86906,41.71357],[-97.84998,41.71366],[-97.84987,41.74226],[-97.85198,41.74226],[-97.85195,41.75664],[-97.87126,41.75666],[-97.87132,41.77844],[-97.86168,41.7784],[-97.8617,41.78561],[-97.87138,41.78564],[-97.87168,41.81457],[-97.88126,41.81455],[-97.88118,41.82922]]]}},{"type":"Feature","id":"69132","properties":{"zip":"69132","pop":null,"city":"","county":"Lincoln","state":"Nebraska","area":95.51,"lat":40.81486,"lon":-101.00656},"geometry":{"type":"Polygon","coordinates":[[[-101.1345,40.85802],[-101.11566,40.85821],[-101.11546,40.8727],[-101.07731,40.87324],[-101.07664,40.93954],[-101.01953,40.93989],[-101.01925,40.98936],[-101.00114,40.9892],[-101.00116,40.95333],[-100.99172,40.95321],[-100.99169,40.94608],[-100.98023,40.94578],[-100.98187,40.9457],[-100.9819,40.91194],[-100.97926,40.90962],[-100.98161,40.90783],[-100.98189,40.90226],[-100.99133,40.90087],[-100.99182,40.89525],[-101.00075,40.89532],[-101.00193,40.85942],[-100.99235,40.85949],[-100.99198,40.84494],[-100.9055,40.84465],[-100.90554,40.70022],[-101.04558,40.69915],[-101.04732,40.70111],[-101.0488,40.72052],[-101.04543,40.72272],[-101.02803,40.72188],[-101.03209,40.72705],[-101.03509,40.72762],[-101.03636,40.73451],[-101.04596,40.74131],[-101.04586,40.74334],[-101.05004,40.74629],[-101.04935,40.7476],[-101.05155,40.74767],[-101.05109,40.74901],[-101.05509,40.74953],[-101.05367,40.75146],[-101.05479,40.75326],[-101.06188,40.75749],[-101.06227,40.75884],[-101.05993,40.75925],[-101.06242,40.76708],[-101.07133,40.77293],[-101.07361,40.77295],[-101.07283,40.77142],[-101.07508,40.77316],[-101.07809,40.77222],[-101.07696,40.77367],[-101.06751,40.77405],[-101.06708,40.80054],[-101.09523,40.80032],[-101.09564,40.8149],[-101.1147,40.81463],[-101.11499,40.82923],[-101.13415,40.82902],[-101.1345,40.85802]]]}},{"type":"Feature","id":"68444","properties":{"zip":"68444","pop":null,"city":"","county":"Fillmore","state":"Nebraska","area":18.8,"lat":40.41118,"lon":-97.58465},"geometry":{"type":"Polygon","coordinates":[[[-97.65314,40.42309],[-97.60237,40.42295],[-97.60234,40.4317],[-97.59632,40.43171],[-97.59603,40.45187],[-97.53953,40.45193],[-97.53949,40.4087],[-97.50151,40.40854],[-97.50144,40.3869],[-97.52041,40.3869],[-97.52044,40.39399],[-97.57723,40.39403],[-97.57749,40.37956],[-97.65333,40.37953],[-97.65314,40.42309]]]}},{"type":"Feature","id":"68644","properties":{"zip":"68644","pop":null,"city":"","county":"Platte","state":"Nebraska","area":69.49,"lat":41.70792,"lon":-97.67577},"geometry":{"type":"Polygon","coordinates":[[[-97.75449,41.6706],[-97.73534,41.67057],[-97.73483,41.71404],[-97.72165,41.71415],[-97.7294,41.71913],[-97.73143,41.72322],[-97.7371,41.72403],[-97.73733,41.7253],[-97.73278,41.72575],[-97.73206,41.72837],[-97.73463,41.73384],[-97.74029,41.73572],[-97.73979,41.73747],[-97.74244,41.73661],[-97.74026,41.73838],[-97.74125,41.73976],[-97.74406,41.73786],[-97.74377,41.73991],[-97.75057,41.74246],[-97.71656,41.74251],[-97.71669,41.77149],[-97.69715,41.7716],[-97.6974,41.80768],[-97.70717,41.80765],[-97.70718,41.81503],[-97.71683,41.81494],[-97.71694,41.85842],[-97.70801,41.8585],[-97.70797,41.86565],[-97.69751,41.86565],[-97.69763,41.85128],[-97.67827,41.85134],[-97.67827,41.84407],[-97.63956,41.8442],[-97.63918,41.7647],[-97.6479,41.76455],[-97.6479,41.7572],[-97.63916,41.75718],[-97.63886,41.74272],[-97.61961,41.74277],[-97.61947,41.72194],[-97.58075,41.72167],[-97.58107,41.69995],[-97.5979,41.7001],[-97.59998,41.69766],[-97.60008,41.6856],[-97.61961,41.6856],[-97.61968,41.65646],[-97.6003,41.65649],[-97.60023,41.64199],[-97.62934,41.64188],[-97.62929,41.62756],[-97.63885,41.62747],[-97.63855,41.56951],[-97.65785,41.56948],[-97.658,41.59839],[-97.71571,41.59836],[-97.71576,41.61284],[-97.73516,41.61248],[-97.7352,41.62698],[-97.74484,41.62679],[-97.74483,41.61959],[-97.75438,41.61945],[-97.75449,41.6706]]]}},{"type":"Feature","id":"68726","properties":{"zip":"68726","pop":null,"city":"","county":"Antelope","state":"Nebraska","area":97.24,"lat":42.17877,"lon":-98.19955},"geometry":{"type":"Polygon","coordinates":[[[-98.33957,42.15271],[-98.33954,42.16139],[-98.32001,42.16126],[-98.31997,42.17572],[-98.30052,42.17576],[-98.3005,42.23476],[-98.29384,42.23246],[-98.28876,42.22677],[-98.2812,42.22683],[-98.28077,42.22387],[-98.27755,42.22284],[-98.27201,42.21666],[-98.27204,42.21929],[-98.26243,42.21925],[-98.26238,42.23015],[-98.25751,42.23016],[-98.25748,42.22653],[-98.24286,42.22654],[-98.24289,42.23383],[-98.23313,42.2338],[-98.23304,42.24825],[-98.24282,42.24826],[-98.2427,42.27738],[-98.16537,42.27725],[-98.16527,42.26273],[-98.14577,42.26273],[-98.14577,42.27722],[-98.1166,42.27728],[-98.11656,42.26276],[-98.06785,42.26283],[-98.06779,42.21937],[-98.08719,42.21936],[-98.08702,42.17586],[-98.10656,42.17595],[-98.10666,42.16253],[-98.08943,42.15839],[-98.07734,42.1531],[-98.07744,42.14721],[-98.08718,42.14727],[-98.08711,42.11843],[-98.18427,42.11814],[-98.18409,42.08917],[-98.20063,42.08912],[-98.20102,42.0746],[-98.23919,42.07449],[-98.23932,42.08898],[-98.28127,42.08889],[-98.28143,42.10347],[-98.3006,42.10341],[-98.30059,42.08885],[-98.32007,42.08877],[-98.32004,42.10329],[-98.3395,42.10338],[-98.3395,42.13238],[-98.32917,42.13235],[-98.32921,42.13862],[-98.31998,42.13881],[-98.32001,42.14684],[-98.33961,42.14686],[-98.33957,42.15271]]]}},{"type":"Feature","id":"68069","properties":{"zip":"68069","pop":null,"city":"Waterloo","county":"Douglas","state":"Nebraska","area":25.97,"lat":41.24175,"lon":-96.3155},"geometry":{"type":"Polygon","coordinates":[[[-96.37846,41.29935],[-96.3629,41.29945],[-96.35555,41.29496],[-96.35444,41.29168],[-96.33072,41.29185],[-96.33065,41.29548],[-96.32602,41.29547],[-96.32583,41.30506],[-96.31017,41.29886],[-96.30973,41.30643],[-96.2877,41.3063],[-96.28315,41.29363],[-96.2754,41.28647],[-96.27664,41.27951],[-96.27412,41.27279],[-96.25854,41.25832],[-96.26524,41.24943],[-96.26755,41.23774],[-96.27124,41.23458],[-96.27646,41.23341],[-96.28453,41.21613],[-96.29352,41.21028],[-96.29856,41.20159],[-96.30944,41.19261],[-96.30951,41.19011],[-96.29702,41.1902],[-96.29226,41.187],[-96.29177,41.15363],[-96.31849,41.15329],[-96.32163,41.16653],[-96.32165,41.17674],[-96.32468,41.18588],[-96.33255,41.19555],[-96.35366,41.20676],[-96.36138,41.21922],[-96.36547,41.23554],[-96.35004,41.25829],[-96.34999,41.2629],[-96.36057,41.28041],[-96.37846,41.29935]]]}},{"type":"Feature","id":"68057","properties":{"zip":"68057","pop":null,"city":"","county":"Dodge","state":"Nebraska","area":97.02,"lat":41.65889,"lon":-96.71899},"geometry":{"type":"Polygon","coordinates":[[[-96.86791,41.6552],[-96.8289,41.65524],[-96.82888,41.68443],[-96.80964,41.68445],[-96.80964,41.69167],[-96.80276,41.69418],[-96.80966,41.69674],[-96.8096,41.72843],[-96.79003,41.72833],[-96.7902,41.74257],[-96.78089,41.74254],[-96.78093,41.73545],[-96.77181,41.73543],[-96.77188,41.74251],[-96.6278,41.74222],[-96.62771,41.74947],[-96.61807,41.74938],[-96.61807,41.74589],[-96.61325,41.74584],[-96.61332,41.74219],[-96.59385,41.7421],[-96.59389,41.7566],[-96.57452,41.75654],[-96.57454,41.74205],[-96.57881,41.74207],[-96.57848,41.71267],[-96.60802,41.71291],[-96.60885,41.70567],[-96.61777,41.7057],[-96.61692,41.65909],[-96.61412,41.65468],[-96.61214,41.65463],[-96.61227,41.64378],[-96.61711,41.64384],[-96.61707,41.64746],[-96.64108,41.6476],[-96.63242,41.64021],[-96.61715,41.64022],[-96.61711,41.6331],[-96.61468,41.63265],[-96.61436,41.62935],[-96.62669,41.63628],[-96.62671,41.63478],[-96.63623,41.63487],[-96.63624,41.633],[-96.62672,41.63299],[-96.62667,41.62408],[-96.6239,41.62212],[-96.62374,41.61541],[-96.61691,41.61533],[-96.6167,41.58214],[-96.67441,41.58248],[-96.67437,41.56798],[-96.79008,41.56829],[-96.79007,41.59738],[-96.8476,41.59732],[-96.84796,41.62635],[-96.8673,41.62639],[-96.86791,41.6552]],[[-96.79486,41.70643],[-96.79258,41.70392],[-96.7925,41.69899],[-96.78069,41.69985],[-96.7791,41.70638],[-96.77637,41.70637],[-96.78247,41.7072],[-96.78251,41.70996],[-96.79479,41.70908],[-96.79486,41.70643]]]}},{"type":"Feature","id":"68157","properties":{"zip":"68157","pop":null,"city":"Bellevue","county":"Sarpy","state":"Nebraska","area":1.94,"lat":41.17918,"lon":-95.99535},"geometry":{"type":"Polygon","coordinates":[[[-96.01416,41.19073],[-95.98187,41.19127],[-95.98261,41.18341],[-95.97692,41.18435],[-95.97688,41.17537],[-95.98166,41.17442],[-95.98162,41.17079],[-95.98644,41.17078],[-95.98625,41.16428],[-95.98414,41.16173],[-95.98689,41.16169],[-95.99514,41.16889],[-96.01412,41.16629],[-96.01233,41.17563],[-96.01034,41.17569],[-96.00517,41.16809],[-96.00583,41.18324],[-96.014,41.18345],[-96.01416,41.19073]]]}},{"type":"Feature","id":"69022","properties":{"zip":"69022","pop":null,"city":"","county":"Frontier","state":"Nebraska","area":231.9,"lat":40.33935,"lon":-100.18413},"geometry":{"type":"Polygon","coordinates":[[[-100.32624,40.4158],[-100.32442,40.48534],[-100.28665,40.48603],[-100.28682,40.49689],[-100.29129,40.49718],[-100.29168,40.50379],[-100.29148,40.5118],[-100.28712,40.51178],[-100.28734,40.51908],[-100.26829,40.51893],[-100.26818,40.52661],[-100.21039,40.52646],[-100.21005,40.53373],[-100.19954,40.53406],[-100.1993,40.55622],[-100.15204,40.55505],[-100.15214,40.51165],[-100.12379,40.51133],[-100.12375,40.49688],[-100.09534,40.49677],[-100.0948,40.35124],[-100.08098,40.35122],[-100.08086,40.30376],[-100.07266,40.30362],[-100.0725,40.29743],[-100.06298,40.29742],[-100.0631,40.28314],[-100.06152,40.28272],[-100.05811,40.28411],[-100.0561,40.29402],[-100.0515,40.29433],[-100.04798,40.28995],[-100.04042,40.28911],[-100.03739,40.29174],[-100.03707,40.29757],[-100.03546,40.29889],[-100.0294,40.29795],[-100.02167,40.29257],[-100.01451,40.29392],[-100.00708,40.29868],[-100.00567,40.27801],[-100.02436,40.27797],[-100.02554,40.24994],[-100.04459,40.24966],[-100.04233,40.17621],[-100.08938,40.17639],[-100.08963,40.16188],[-100.09955,40.16191],[-100.0994,40.14747],[-100.1124,40.14746],[-100.11234,40.15122],[-100.11836,40.15139],[-100.11834,40.14756],[-100.15616,40.14756],[-100.15604,40.14055],[-100.16584,40.14071],[-100.16634,40.1183],[-100.17565,40.1185],[-100.17478,40.10356],[-100.21247,40.10267],[-100.21355,40.21946],[-100.25165,40.21929],[-100.25184,40.24108],[-100.27045,40.24081],[-100.27085,40.23382],[-100.30597,40.23062],[-100.3059,40.24747],[-100.2996,40.24859],[-100.29956,40.25092],[-100.29016,40.25272],[-100.29198,40.32759],[-100.31004,40.32749],[-100.31007,40.34989],[-100.32676,40.35048],[-100.32624,40.4158]]]}},{"type":"Feature","id":"68852","properties":{"zip":"68852","pop":null,"city":"","county":"Sherman","state":"Nebraska","area":91.82,"lat":41.16714,"lon":-99.1462},"geometry":{"type":"Polygon","coordinates":[[[-99.26252,41.16385],[-99.26217,41.20592],[-99.25258,41.2059],[-99.25263,41.21342],[-99.23103,41.21306],[-99.23152,41.20906],[-99.22733,41.21063],[-99.22549,41.20862],[-99.22877,41.20593],[-99.2253,41.20527],[-99.20513,41.20606],[-99.2037,41.2929],[-99.18897,41.29273],[-99.18473,41.27858],[-99.10965,41.27882],[-99.10792,41.26418],[-99.08928,41.26462],[-99.08978,41.17766],[-99.01441,41.17833],[-99.0142,41.10495],[-99.06318,41.10463],[-99.07183,41.1012],[-99.07198,41.09619],[-99.078,41.09617],[-99.08268,41.09277],[-99.08994,41.09969],[-99.09182,41.10531],[-99.14019,41.10446],[-99.14049,41.08286],[-99.14995,41.08285],[-99.14983,41.06094],[-99.14559,41.06095],[-99.14558,41.05421],[-99.15036,41.05423],[-99.1503,41.04689],[-99.20756,41.047],[-99.2068,41.09738],[-99.21352,41.09598],[-99.21944,41.09025],[-99.22467,41.08878],[-99.22622,41.09029],[-99.22562,41.13354],[-99.24453,41.13356],[-99.24385,41.16258],[-99.2645,41.16236],[-99.26252,41.16385]]]}},{"type":"Feature","id":"68433","properties":{"zip":"68433","pop":null,"city":"","county":"Richardson","state":"Nebraska","area":41.68,"lat":40.05251,"lon":-95.73969},"geometry":{"type":"Polygon","coordinates":[[[-95.82274,40.07315],[-95.7952,40.07305],[-95.79395,40.08028],[-95.78448,40.08027],[-95.78444,40.10187],[-95.77527,40.10193],[-95.7753,40.11655],[-95.75628,40.11641],[-95.75597,40.10923],[-95.7186,40.10918],[-95.71872,40.11646],[-95.67141,40.11662],[-95.67134,40.08747],[-95.70921,40.08739],[-95.70924,40.0816],[-95.70497,40.07769],[-95.6903,40.07224],[-95.681,40.07292],[-95.68078,40.0687],[-95.6525,40.05873],[-95.65234,40.04656],[-95.67123,40.05082],[-95.67137,40.00033],[-95.82212,40.00046],[-95.82264,40.03872],[-95.80357,40.03607],[-95.80357,40.05852],[-95.82281,40.0586],[-95.82274,40.07315]]]}},{"type":"Feature","id":"68849","properties":{"zip":"68849","pop":null,"city":"Kearney","county":"Buffalo","state":"Nebraska","area":0.15,"lat":40.70141,"lon":-99.10085},"geometry":{"type":"Polygon","coordinates":[[[-99.11076,40.7012],[-99.10312,40.70169],[-99.10293,40.70342],[-99.09387,40.70464],[-99.09458,40.69952],[-99.11128,40.69944],[-99.11076,40.7012]]]}},{"type":"Feature","id":"68134","properties":{"zip":"68134","pop":null,"city":"Omaha","county":"Douglas","state":"Nebraska","area":6.17,"lat":41.29777,"lon":-96.05026},"geometry":{"type":"Polygon","coordinates":[[[-96.08145,41.29627],[-96.08142,41.30665],[-96.07932,41.30665],[-96.07978,41.30951],[-96.08141,41.30949],[-96.08133,41.3175],[-96.07052,41.31697],[-96.07063,41.31392],[-96.05739,41.31131],[-96.05913,41.31204],[-96.05947,41.31576],[-96.05248,41.31517],[-96.04897,41.32067],[-96.04367,41.32089],[-96.04496,41.31734],[-96.04167,41.31898],[-96.03675,41.31895],[-96.04097,41.31847],[-96.04004,41.3171],[-96.02492,41.31842],[-96.02169,41.31733],[-96.0212,41.31211],[-96.02384,41.31274],[-96.02382,41.30674],[-96.01355,41.30665],[-96.02139,41.29654],[-96.02389,41.29765],[-96.02378,41.2961],[-96.02149,41.29595],[-96.02391,41.29233],[-96.02136,41.29232],[-96.0239,41.28934],[-96.02266,41.27961],[-96.02386,41.2778],[-96.03536,41.27778],[-96.03614,41.27514],[-96.03794,41.27497],[-96.03812,41.27779],[-96.07613,41.2778],[-96.07575,41.28607],[-96.08139,41.28751],[-96.08145,41.29627]]]}},{"type":"Feature","id":"68637","properties":{"zip":"68637","pop":null,"city":"","county":"Wheeler","state":"Nebraska","area":120.7,"lat":41.78777,"lon":-98.68997},"geometry":{"type":"Polygon","coordinates":[[[-98.89527,41.8414],[-98.83399,41.84148],[-98.83401,41.84449],[-98.83847,41.84448],[-98.8385,41.87047],[-98.84829,41.87058],[-98.84831,41.88765],[-98.83896,41.88766],[-98.83896,41.89077],[-98.83392,41.89067],[-98.83408,41.89959],[-98.81948,41.8996],[-98.80958,41.89207],[-98.78492,41.87906],[-98.77497,41.87733],[-98.772,41.87243],[-98.7605,41.86618],[-98.76062,41.9138],[-98.70309,41.91356],[-98.70233,41.82672],[-98.52825,41.82754],[-98.52735,41.74058],[-98.54658,41.7405],[-98.54094,41.68335],[-98.63642,41.68325],[-98.63646,41.67511],[-98.64197,41.67521],[-98.64208,41.67218],[-98.64644,41.67221],[-98.64637,41.67508],[-98.66579,41.67506],[-98.66588,41.68232],[-98.68459,41.68232],[-98.68454,41.68942],[-98.69444,41.6893],[-98.69451,41.74043],[-98.87529,41.74037],[-98.87528,41.75789],[-98.87186,41.7547],[-98.80786,41.75479],[-98.80817,41.78346],[-98.78875,41.78341],[-98.78894,41.79802],[-98.81772,41.79848],[-98.81893,41.81256],[-98.86688,41.8125],[-98.86677,41.82692],[-98.89384,41.82728],[-98.89515,41.82831],[-98.89527,41.8414]]]}},{"type":"Feature","id":"68730","properties":{"zip":"68730","pop":null,"city":"","county":"Knox","state":"Nebraska","area":118.76,"lat":42.7669,"lon":-97.5349},"geometry":{"type":"Polygon","coordinates":[[[-97.72045,42.84744],[-97.68651,42.84244],[-97.66829,42.84303],[-97.64672,42.8476],[-97.61181,42.85837],[-97.60376,42.85833],[-97.59192,42.85384],[-97.56193,42.84755],[-97.54747,42.84803],[-97.51595,42.85375],[-97.50485,42.85848],[-97.49149,42.85162],[-97.47053,42.85045],[-97.45218,42.84605],[-97.44228,42.84622],[-97.43195,42.85154],[-97.41707,42.86592],[-97.40832,42.86833],[-97.39733,42.86462],[-97.39664,42.84457],[-97.40065,42.8446],[-97.40649,42.80481],[-97.38683,42.80477],[-97.38689,42.80843],[-97.38196,42.80844],[-97.38194,42.80116],[-97.40656,42.80116],[-97.40673,42.78664],[-97.42622,42.78666],[-97.42627,42.75762],[-97.40673,42.7576],[-97.40664,42.70608],[-97.40852,42.70379],[-97.42639,42.70337],[-97.42632,42.69979],[-97.44611,42.69982],[-97.44596,42.65619],[-97.46577,42.65613],[-97.4657,42.64166],[-97.48561,42.64172],[-97.48552,42.61267],[-97.50509,42.61268],[-97.50519,42.62713],[-97.52479,42.62708],[-97.52491,42.67053],[-97.54954,42.6704],[-97.54947,42.66303],[-97.56409,42.66292],[-97.56412,42.68483],[-97.5836,42.68461],[-97.58364,42.69938],[-97.60374,42.69919],[-97.60395,42.72818],[-97.6432,42.7279],[-97.64314,42.78658],[-97.72035,42.78668],[-97.72045,42.84744]]]}},{"type":"Feature","id":"68941","properties":{"zip":"68941","pop":null,"city":"","county":"Clay","state":"Nebraska","area":71.95,"lat":40.46879,"lon":-98.2679},"geometry":{"type":"Polygon","coordinates":[[[-98.38263,40.43722],[-98.37288,40.43723],[-98.37288,40.46645],[-98.35262,40.46629],[-98.35405,40.49537],[-98.37302,40.49545],[-98.37321,40.50997],[-98.35431,40.50987],[-98.35452,40.53895],[-98.30423,40.53882],[-98.29754,40.53536],[-98.29726,40.5243],[-98.27823,40.52426],[-98.27827,40.53875],[-98.16536,40.53924],[-98.16532,40.45208],[-98.17486,40.45207],[-98.17516,40.4407],[-98.17805,40.44102],[-98.17802,40.43753],[-98.18438,40.43753],[-98.18449,40.42296],[-98.22241,40.42295],[-98.22247,40.40479],[-98.24079,40.40486],[-98.2391,40.40205],[-98.23617,40.40338],[-98.23512,40.40162],[-98.23198,40.40224],[-98.22356,40.39817],[-98.22251,40.3939],[-98.24148,40.39389],[-98.24162,40.36488],[-98.27813,40.36485],[-98.27811,40.37207],[-98.28285,40.37209],[-98.28284,40.37931],[-98.2876,40.37933],[-98.28755,40.40826],[-98.27791,40.40818],[-98.27804,40.42281],[-98.29708,40.42277],[-98.29712,40.41554],[-98.31613,40.41531],[-98.3161,40.42625],[-98.32549,40.42627],[-98.3255,40.42257],[-98.33489,40.42261],[-98.33501,40.41434],[-98.34437,40.41788],[-98.34437,40.41546],[-98.3538,40.41525],[-98.35379,40.40825],[-98.38243,40.40821],[-98.38263,40.43722]]]}},{"type":"Feature","id":"68420","properties":{"zip":"68420","pop":null,"city":"","county":"Pawnee","state":"Nebraska","area":99.65,"lat":40.08558,"lon":-96.19127},"geometry":{"type":"Polygon","coordinates":[[[-96.33151,40.10999],[-96.31256,40.10994],[-96.31257,40.13173],[-96.29356,40.13161],[-96.29393,40.14614],[-96.23682,40.14588],[-96.2368,40.15319],[-96.23214,40.15317],[-96.23217,40.14588],[-96.21809,40.14591],[-96.2181,40.15316],[-96.19943,40.15331],[-96.19904,40.18953],[-96.18055,40.18955],[-96.1801,40.20409],[-96.13266,40.20403],[-96.1327,40.19681],[-96.14695,40.19679],[-96.14695,40.19315],[-96.15164,40.19315],[-96.15195,40.15689],[-96.14236,40.15686],[-96.14236,40.1604],[-96.1264,40.1605],[-96.10953,40.16672],[-96.10934,40.15269],[-96.08571,40.15256],[-96.08598,40.10911],[-96.04831,40.1093],[-96.04832,40.08757],[-96.06725,40.08749],[-96.06718,40.07313],[-96.08604,40.07308],[-96.08612,40.05864],[-96.12379,40.05817],[-96.1238,40.04358],[-96.10503,40.04417],[-96.10513,40.0005],[-96.14717,40.00048],[-96.14615,39.99704],[-96.13468,39.99749],[-96.14051,39.9936],[-96.14191,39.9856],[-96.13947,39.98473],[-96.14366,39.98368],[-96.14503,39.98206],[-96.14408,39.97946],[-96.14973,39.97948],[-96.14968,39.98703],[-96.15445,39.987],[-96.15443,39.99029],[-96.16384,39.99032],[-96.16384,39.99359],[-96.17342,39.9936],[-96.17352,39.9833],[-96.1827,39.98332],[-96.18288,39.97834],[-96.18671,39.97859],[-96.19132,39.97402],[-96.19198,39.99384],[-96.20162,39.9938],[-96.20154,40.00066],[-96.27477,40.00066],[-96.2748,40.04428],[-96.2936,40.04434],[-96.29379,40.05888],[-96.31271,40.05886],[-96.31264,40.07331],[-96.33157,40.07343],[-96.33151,40.10999]]]}},{"type":"Feature","id":"68956","properties":{"zip":"68956","pop":null,"city":"","county":"Adams","state":"Nebraska","area":72.2,"lat":40.63088,"lon":-98.68902},"geometry":{"type":"Polygon","coordinates":[[[-98.81962,40.66931],[-98.80056,40.66949],[-98.80057,40.67777],[-98.79846,40.67879],[-98.75968,40.68397],[-98.74887,40.68873],[-98.74341,40.68824],[-98.74353,40.69893],[-98.74056,40.69893],[-98.74064,40.71411],[-98.7337,40.71505],[-98.72628,40.71187],[-98.71897,40.71198],[-98.7077,40.71504],[-98.67411,40.71533],[-98.66446,40.71849],[-98.6644,40.71051],[-98.64565,40.71865],[-98.64532,40.72154],[-98.64022,40.7241],[-98.62613,40.72577],[-98.62615,40.69888],[-98.62915,40.69877],[-98.6292,40.68381],[-98.6101,40.68382],[-98.61011,40.64028],[-98.59221,40.64047],[-98.59223,40.62592],[-98.61011,40.62578],[-98.6101,40.6113],[-98.60158,40.61137],[-98.60164,40.6077],[-98.59226,40.60777],[-98.59226,40.60414],[-98.58755,40.60414],[-98.58746,40.61138],[-98.57316,40.61137],[-98.57257,40.59842],[-98.57332,40.59696],[-98.61009,40.59678],[-98.61009,40.56777],[-98.64817,40.56761],[-98.64813,40.53865],[-98.64587,40.53857],[-98.64813,40.53656],[-98.64815,40.52414],[-98.72403,40.52422],[-98.72409,40.56772],[-98.7336,40.56772],[-98.73368,40.59673],[-98.72409,40.59691],[-98.72423,40.62576],[-98.8004,40.6257],[-98.80045,40.64042],[-98.81947,40.64049],[-98.81962,40.66931]]]}},{"type":"Feature","id":"68310","properties":{"zip":"68310","pop":null,"city":"Beatrice","county":"Gage","state":"Nebraska","area":167.01,"lat":40.24956,"lon":-96.74935},"geometry":{"type":"Polygon","coordinates":[[[-96.9353,40.20958],[-96.91635,40.2177],[-96.91629,40.25909],[-96.91631,40.26089],[-96.92578,40.26091],[-96.92579,40.2591],[-96.92816,40.2591],[-96.92814,40.26272],[-96.93521,40.26274],[-96.93524,40.30615],[-96.91619,40.30621],[-96.91614,40.32073],[-96.86052,40.321],[-96.86051,40.30646],[-96.84146,40.30643],[-96.84145,40.321],[-96.80316,40.32091],[-96.80305,40.34955],[-96.78062,40.34947],[-96.78045,40.36394],[-96.71897,40.36398],[-96.71795,40.34942],[-96.68953,40.34939],[-96.67641,40.34941],[-96.67619,40.3534],[-96.66674,40.35308],[-96.66662,40.36385],[-96.64778,40.36382],[-96.64786,40.34933],[-96.65251,40.34935],[-96.65246,40.33426],[-96.63352,40.33497],[-96.63342,40.32046],[-96.65239,40.3205],[-96.65225,40.30606],[-96.61456,40.30591],[-96.61464,40.27693],[-96.59568,40.27697],[-96.59573,40.26971],[-96.58625,40.26973],[-96.58622,40.27336],[-96.57681,40.27336],[-96.57668,40.26255],[-96.56046,40.26669],[-96.54939,40.27695],[-96.53918,40.27685],[-96.53948,40.25459],[-96.52627,40.25442],[-96.50168,40.24885],[-96.50166,40.24717],[-96.53947,40.24775],[-96.53942,40.21871],[-96.55835,40.21879],[-96.55836,40.20777],[-96.55834,40.20426],[-96.53938,40.20417],[-96.53935,40.18965],[-96.55822,40.18973],[-96.55827,40.17527],[-96.61467,40.17549],[-96.61437,40.19024],[-96.66153,40.1901],[-96.66049,40.17554],[-96.6899,40.17564],[-96.68991,40.19015],[-96.70881,40.19023],[-96.7088,40.16838],[-96.72775,40.1684],[-96.72772,40.16113],[-96.76086,40.16124],[-96.76091,40.15396],[-96.77509,40.15396],[-96.77513,40.15033],[-96.78459,40.1502],[-96.78459,40.14671],[-96.82212,40.14686],[-96.82211,40.16128],[-96.91634,40.16114],[-96.91638,40.17564],[-96.93525,40.17558],[-96.9353,40.20958]]]}},{"type":"Feature","id":"68748","properties":{"zip":"68748","pop":null,"city":"","county":"Madison","state":"Nebraska","area":128.94,"lat":41.83883,"lon":-97.47638},"geometry":{"type":"Polygon","coordinates":[[[-97.69754,41.85859],[-97.69754,41.87307],[-97.62041,41.87321],[-97.61997,41.91661],[-97.56193,41.91646],[-97.56194,41.90934],[-97.54742,41.90915],[-97.54747,41.91644],[-97.51343,41.9164],[-97.51342,41.92366],[-97.49383,41.92365],[-97.49379,41.93093],[-97.48439,41.93087],[-97.48433,41.90192],[-97.46119,41.90202],[-97.46366,41.90395],[-97.45967,41.91647],[-97.44578,41.91653],[-97.44571,41.90245],[-97.40679,41.90238],[-97.40655,41.88791],[-97.36817,41.88796],[-97.36817,41.89499],[-97.37814,41.89488],[-97.37819,41.9024],[-97.36816,41.90246],[-97.36818,41.93148],[-97.33998,41.93151],[-97.33966,41.93883],[-97.31098,41.93878],[-97.31071,41.93145],[-97.31995,41.9314],[-97.32009,41.92496],[-97.31069,41.92496],[-97.31027,41.90245],[-97.32972,41.90242],[-97.32963,41.8899],[-97.32742,41.88989],[-97.32742,41.88815],[-97.32963,41.88814],[-97.32949,41.8558],[-97.32002,41.8556],[-97.32016,41.85175],[-97.32692,41.85173],[-97.32685,41.85029],[-97.32013,41.8502],[-97.32024,41.84543],[-97.32953,41.84439],[-97.32939,41.83001],[-97.30114,41.83002],[-97.30132,41.82292],[-97.31051,41.82302],[-97.31027,41.8156],[-97.29104,41.81553],[-97.29107,41.79396],[-97.30094,41.79397],[-97.30095,41.78663],[-97.3101,41.78665],[-97.31007,41.7795],[-97.33902,41.77949],[-97.33934,41.77221],[-97.36806,41.77219],[-97.36807,41.74321],[-97.46447,41.74309],[-97.46519,41.77215],[-97.50366,41.77189],[-97.50362,41.78635],[-97.56161,41.78635],[-97.56155,41.7719],[-97.63924,41.77168],[-97.63956,41.8442],[-97.67827,41.84407],[-97.67827,41.85134],[-97.69763,41.85128],[-97.69754,41.85859]]]}},{"type":"Feature","id":"69134","properties":{"zip":"69134","pop":null,"city":"","county":"Perkins","state":"Nebraska","area":178.43,"lat":40.80751,"lon":-101.36981},"geometry":{"type":"Polygon","coordinates":[[[-101.49864,40.95929],[-101.47895,40.95927],[-101.47841,40.98859],[-101.38406,40.98909],[-101.38387,40.97454],[-101.36469,40.97445],[-101.36517,41.004],[-101.32639,41.00323],[-101.32495,40.95962],[-101.28676,40.95983],[-101.28606,40.90139],[-101.25753,40.90107],[-101.25737,40.89361],[-101.27738,40.89372],[-101.2774,40.88674],[-101.24822,40.88675],[-101.24841,40.86948],[-101.24869,40.87202],[-101.32361,40.87247],[-101.32309,40.82315],[-101.33136,40.82465],[-101.34225,40.83147],[-101.34038,40.79934],[-101.28425,40.79895],[-101.28436,40.77009],[-101.24732,40.76956],[-101.24796,40.6978],[-101.23181,40.69785],[-101.23145,40.63986],[-101.40116,40.63944],[-101.40179,40.66816],[-101.42045,40.66856],[-101.42034,40.65403],[-101.49617,40.65433],[-101.49662,40.6985],[-101.47661,40.69826],[-101.47616,40.71263],[-101.43797,40.71244],[-101.43509,40.78473],[-101.4543,40.78472],[-101.45593,40.84929],[-101.47508,40.85029],[-101.47641,40.92963],[-101.49599,40.93],[-101.49864,40.95929]]]}},{"type":"Feature","id":"68467","properties":{"zip":"68467","pop":null,"city":"York","county":"York","state":"Nebraska","area":131.73,"lat":40.86528,"lon":-97.59779},"geometry":{"type":"Polygon","coordinates":[[[-97.75012,40.87254],[-97.73102,40.87255],[-97.73099,40.88704],[-97.71188,40.88705],[-97.7119,40.90154],[-97.70703,40.90156],[-97.70709,40.90872],[-97.71191,40.90874],[-97.71192,40.91606],[-97.6928,40.91605],[-97.69324,40.97392],[-97.63569,40.97378],[-97.63576,40.9883],[-97.61677,40.9882],[-97.61674,40.97372],[-97.55912,40.97364],[-97.55902,40.98815],[-97.52135,40.98797],[-97.521,40.94456],[-97.50178,40.94456],[-97.50157,40.90122],[-97.48254,40.90105],[-97.48257,40.86485],[-97.47305,40.86485],[-97.47301,40.85759],[-97.46406,40.85759],[-97.46408,40.84312],[-97.44518,40.84325],[-97.44509,40.82874],[-97.48279,40.82867],[-97.48273,40.81417],[-97.46357,40.81421],[-97.46336,40.76408],[-97.47293,40.7639],[-97.47303,40.77088],[-97.49241,40.77075],[-97.49237,40.76591],[-97.50184,40.76345],[-97.5019,40.78524],[-97.52096,40.78525],[-97.52092,40.76353],[-97.53952,40.76324],[-97.53965,40.77046],[-97.5593,40.77094],[-97.55914,40.76375],[-97.57827,40.76385],[-97.57821,40.77111],[-97.59759,40.77099],[-97.59748,40.7565],[-97.6356,40.75644],[-97.63563,40.7709],[-97.67382,40.77121],[-97.67379,40.75673],[-97.69259,40.75656],[-97.69268,40.77108],[-97.71175,40.77107],[-97.71179,40.82909],[-97.70265,40.82906],[-97.70278,40.83632],[-97.72142,40.83631],[-97.7215,40.82912],[-97.73109,40.82916],[-97.73109,40.85809],[-97.74988,40.85817],[-97.75012,40.87254]]]}},{"type":"Feature","id":"68346","properties":{"zip":"68346","pop":null,"city":"","county":"Otoe","state":"Nebraska","area":42.71,"lat":40.66201,"lon":-96.03065},"geometry":{"type":"Polygon","coordinates":[[[-96.12187,40.68919],[-96.12113,40.69707],[-96.10211,40.69708],[-96.10223,40.71155],[-96.04508,40.71161],[-96.04511,40.74068],[-96.00689,40.74064],[-96.00692,40.72609],[-95.9602,40.72612],[-95.95933,40.71157],[-95.96879,40.71159],[-95.96883,40.69706],[-95.97356,40.69705],[-95.97259,40.6245],[-95.99171,40.62453],[-95.99174,40.58119],[-96.08633,40.58121],[-96.08648,40.59577],[-96.0674,40.59566],[-96.06828,40.67547],[-96.122,40.66848],[-96.12187,40.68919]],[[-96.0267,40.5956],[-96.02227,40.59557],[-96.02317,40.5992],[-96.02574,40.59917],[-96.0267,40.5956]]]}},{"type":"Feature","id":"68040","properties":{"zip":"68040","pop":null,"city":"","county":"Saunders","state":"Nebraska","area":26.35,"lat":41.28553,"lon":-96.73819},"geometry":{"type":"Polygon","coordinates":[[[-96.81338,41.26405],[-96.79398,41.26361],[-96.79403,41.27808],[-96.77552,41.27854],[-96.77556,41.28228],[-96.75679,41.28177],[-96.75611,41.32168],[-96.77549,41.32154],[-96.7754,41.35053],[-96.7319,41.35084],[-96.73192,41.34722],[-96.72217,41.3472],[-96.72233,41.33636],[-96.69806,41.33629],[-96.69806,41.33893],[-96.67863,41.33402],[-96.67874,41.32911],[-96.69819,41.32907],[-96.69818,41.32184],[-96.67889,41.32183],[-96.67895,41.3073],[-96.69815,41.30735],[-96.69827,41.27839],[-96.67896,41.27822],[-96.67897,41.2637],[-96.69808,41.2638],[-96.69767,41.23465],[-96.73626,41.23466],[-96.73619,41.2274],[-96.74575,41.22745],[-96.74577,41.23454],[-96.79363,41.23458],[-96.79355,41.22388],[-96.79836,41.22392],[-96.79839,41.2275],[-96.80322,41.22755],[-96.80329,41.24202],[-96.79372,41.24183],[-96.7938,41.24908],[-96.79855,41.2492],[-96.79864,41.25653],[-96.81353,41.25681],[-96.81338,41.26405]]]}},{"type":"Feature","id":"69220","properties":{"zip":"69220","pop":null,"city":"","county":"Keya Paha","state":"Nebraska","area":73.34,"lat":42.9226,"lon":-100.17193},"geometry":{"type":"Polygon","coordinates":[[[-100.27781,42.95438],[-100.27641,42.96986],[-100.2776,42.99867],[-100.07976,42.99857],[-100.08106,42.86827],[-100.10062,42.86812],[-100.09977,42.84493],[-100.10174,42.84284],[-100.10951,42.84255],[-100.10973,42.8356],[-100.11698,42.83546],[-100.1165,42.82446],[-100.12908,42.82256],[-100.13521,42.82342],[-100.13443,42.82122],[-100.14403,42.82413],[-100.14468,42.82935],[-100.14931,42.83212],[-100.16081,42.82752],[-100.1632,42.82876],[-100.16332,42.83344],[-100.18778,42.83761],[-100.20136,42.84765],[-100.21255,42.84792],[-100.21623,42.85209],[-100.21493,42.85442],[-100.21904,42.85619],[-100.23293,42.85785],[-100.24668,42.86603],[-100.25877,42.86699],[-100.25937,42.87138],[-100.26674,42.87428],[-100.26579,42.88342],[-100.26933,42.88379],[-100.26843,42.88754],[-100.26058,42.88802],[-100.25982,42.89491],[-100.25727,42.89715],[-100.25733,42.94074],[-100.27824,42.9406],[-100.27781,42.95438]]]}},{"type":"Feature","id":"68872","properties":{"zip":"68872","pop":null,"city":"","county":"Howard","state":"Nebraska","area":47.15,"lat":41.093,"lon":-98.33189},"geometry":{"type":"Polygon","coordinates":[[[-98.46477,41.11231],[-98.46013,41.11254],[-98.45983,41.1198],[-98.42214,41.11995],[-98.42131,41.10546],[-98.40325,41.10548],[-98.40286,41.12001],[-98.36353,41.1192],[-98.36365,41.13368],[-98.17378,41.13315],[-98.17361,41.11864],[-98.1926,41.11776],[-98.19272,41.10578],[-98.1943,41.10415],[-98.21187,41.10413],[-98.21163,41.08963],[-98.25957,41.08971],[-98.25937,41.07899],[-98.26899,41.07897],[-98.26893,41.07536],[-98.27372,41.07534],[-98.27363,41.06808],[-98.28324,41.06806],[-98.28339,41.06081],[-98.28711,41.06082],[-98.28717,41.04636],[-98.44117,41.04638],[-98.44103,41.07547],[-98.45052,41.07549],[-98.45047,41.08273],[-98.46016,41.0828],[-98.46004,41.09729],[-98.44092,41.09718],[-98.44084,41.10572],[-98.4648,41.10522],[-98.46477,41.11231]]]}},{"type":"Feature","id":"68303","properties":{"zip":"68303","pop":null,"city":"","county":"Thayer","state":"Nebraska","area":50.15,"lat":40.2575,"lon":-97.41035},"geometry":{"type":"Polygon","coordinates":[[[-97.50121,40.2922],[-97.44512,40.29221],[-97.44479,40.34009],[-97.43874,40.33808],[-97.44033,40.34663],[-97.43853,40.34666],[-97.43848,40.34846],[-97.4407,40.35046],[-97.40672,40.35052],[-97.40679,40.34314],[-97.39723,40.343],[-97.39723,40.33577],[-97.38788,40.3358],[-97.38804,40.32127],[-97.36887,40.32134],[-97.36892,40.29915],[-97.34994,40.29961],[-97.35023,40.26323],[-97.33125,40.26315],[-97.33092,40.24885],[-97.31193,40.24868],[-97.31191,40.24145],[-97.33097,40.24159],[-97.33103,40.23426],[-97.32153,40.23428],[-97.32168,40.21959],[-97.36122,40.21981],[-97.36104,40.2136],[-97.36423,40.2112],[-97.36316,40.2079],[-97.36914,40.20519],[-97.36912,40.19071],[-97.40722,40.19063],[-97.40728,40.16159],[-97.44463,40.1616],[-97.44465,40.22718],[-97.48226,40.22718],[-97.48219,40.26288],[-97.49165,40.26286],[-97.49178,40.27059],[-97.50117,40.27056],[-97.50121,40.2922]]]}},{"type":"Feature","id":"69345","properties":{"zip":"69345","pop":null,"city":"","county":"Banner","state":"Nebraska","area":314.94,"lat":41.58167,"lon":-103.72346},"geometry":{"type":"Polygon","coordinates":[[[-104.05294,41.63817],[-104.05283,41.69782],[-103.8091,41.69793],[-103.76395,41.65757],[-103.75892,41.65836],[-103.75862,41.65598],[-103.75435,41.65643],[-103.75398,41.65391],[-103.74879,41.65419],[-103.74034,41.64976],[-103.73826,41.64539],[-103.73606,41.64576],[-103.73676,41.6436],[-103.73401,41.64266],[-103.73561,41.64159],[-103.73551,41.63691],[-103.65212,41.58284],[-103.61845,41.5828],[-103.61844,41.59739],[-103.62108,41.60001],[-103.62217,41.60772],[-103.62706,41.61206],[-103.62778,41.61764],[-103.61574,41.61864],[-103.6182,41.62428],[-103.61833,41.64831],[-103.63756,41.64754],[-103.64,41.64903],[-103.63737,41.64957],[-103.63808,41.65065],[-103.64097,41.65259],[-103.65244,41.65337],[-103.65308,41.65475],[-103.67653,41.65441],[-103.67672,41.68111],[-103.67128,41.69792],[-103.49416,41.69943],[-103.49412,41.67713],[-103.48515,41.67722],[-103.48529,41.66268],[-103.46669,41.66258],[-103.46614,41.65448],[-103.36987,41.65599],[-103.3682,41.58385],[-103.40672,41.5837],[-103.40609,41.54123],[-103.41237,41.53903],[-103.40795,41.52285],[-103.41046,41.51722],[-103.41252,41.51702],[-103.41818,41.52495],[-103.42012,41.53184],[-103.42131,41.54524],[-103.41881,41.5495],[-103.41868,41.55451],[-103.48395,41.55461],[-103.48348,41.58338],[-103.52182,41.58399],[-103.52265,41.5233],[-103.50329,41.51111],[-103.50314,41.48157],[-103.52236,41.4815],[-103.52036,41.45004],[-103.52651,41.4509],[-103.534,41.44419],[-103.5624,41.44335],[-103.58063,41.45176],[-103.62069,41.45152],[-103.62071,41.42225],[-103.65955,41.42215],[-103.65832,41.48022],[-103.76672,41.48028],[-103.76735,41.47756],[-103.77416,41.47434],[-103.77379,41.46674],[-103.75463,41.46625],[-103.75464,41.45927],[-103.77392,41.45903],[-103.7739,41.45199],[-103.79318,41.45182],[-103.79286,41.48036],[-103.98559,41.48074],[-103.98514,41.46582],[-104.00444,41.46578],[-104.00559,41.52345],[-103.99267,41.52793],[-103.99215,41.53093],[-103.98804,41.53452],[-103.98847,41.53687],[-103.99475,41.54063],[-103.99769,41.54629],[-103.99687,41.55163],[-103.98764,41.55678],[-103.98623,41.55962],[-103.98679,41.59029],[-103.98957,41.59817],[-103.9863,41.60764],[-103.98641,41.63976],[-104.05294,41.63817]]]}},{"type":"Feature","id":"68028","properties":{"zip":"68028","pop":null,"city":"Gretna","county":"Sarpy","state":"Nebraska","area":49.32,"lat":41.10515,"lon":-96.26098},"geometry":{"type":"Polygon","coordinates":[[[-96.33886,41.09142],[-96.33287,41.09962],[-96.31688,41.10851],[-96.31108,41.11441],[-96.3199,41.1321],[-96.31593,41.14395],[-96.31849,41.15329],[-96.29177,41.15363],[-96.29199,41.18637],[-96.29702,41.1902],[-96.21576,41.1905],[-96.21566,41.14694],[-96.15873,41.14704],[-96.16898,41.13632],[-96.17758,41.13244],[-96.17694,41.11449],[-96.18649,41.11443],[-96.18651,41.11803],[-96.19601,41.11798],[-96.19608,41.1034],[-96.21516,41.10344],[-96.21518,41.08162],[-96.22478,41.0816],[-96.22467,41.07435],[-96.21515,41.07437],[-96.21515,41.04531],[-96.22599,41.0453],[-96.22599,41.03051],[-96.23512,41.0305],[-96.2345,41.00435],[-96.24076,41.0134],[-96.2476,41.01778],[-96.28439,41.02175],[-96.2973,41.0268],[-96.31128,41.03643],[-96.31919,41.045],[-96.32488,41.05907],[-96.33815,41.078],[-96.3398,41.0825],[-96.33886,41.09142]]]}},{"type":"Feature","id":"68348","properties":{"zip":"68348","pop":null,"city":"","county":"Johnson","state":"Nebraska","area":33.69,"lat":40.29571,"lon":-96.12211},"geometry":{"type":"Polygon","coordinates":[[[-96.2362,40.26654],[-96.23618,40.27647],[-96.19847,40.27677],[-96.1985,40.30573],[-96.17947,40.30584],[-96.17953,40.29134],[-96.16066,40.29133],[-96.16041,40.31315],[-96.15443,40.31284],[-96.15304,40.31153],[-96.15576,40.31031],[-96.15577,40.30758],[-96.14923,40.30586],[-96.14923,40.30949],[-96.14149,40.30941],[-96.14192,40.36349],[-96.10399,40.36352],[-96.10395,40.349],[-96.0862,40.34906],[-96.08614,40.34184],[-96.06707,40.34181],[-96.06707,40.33315],[-96.06861,40.33214],[-96.06708,40.33191],[-96.06704,40.31997],[-96.02919,40.31948],[-96.02909,40.30498],[-96.01028,40.30486],[-96.01016,40.29036],[-96.08574,40.2912],[-96.08558,40.27306],[-96.09036,40.27304],[-96.09034,40.26581],[-96.08558,40.26583],[-96.08561,40.26221],[-96.1045,40.26212],[-96.1057,40.23832],[-96.12289,40.24038],[-96.16104,40.2404],[-96.16089,40.24769],[-96.17975,40.24776],[-96.1796,40.25916],[-96.18097,40.2591],[-96.18101,40.25505],[-96.18894,40.25505],[-96.18891,40.25686],[-96.19378,40.25682],[-96.19374,40.26232],[-96.23619,40.26195],[-96.2362,40.26654]]]}},{"type":"Feature","id":"69130","properties":{"zip":"69130","pop":null,"city":"","county":"Dawson","state":"Nebraska","area":192.34,"lat":40.89925,"lon":-99.96619},"geometry":{"type":"Polygon","coordinates":[[[-100.1681,40.79378],[-100.16427,40.80581],[-100.16495,40.81386],[-100.1615,40.82071],[-100.16062,40.8295],[-100.14769,40.82944],[-100.14796,40.84408],[-100.14468,40.84275],[-100.12882,40.84403],[-100.12867,40.82962],[-100.09068,40.8304],[-100.09072,40.85823],[-100.08821,40.86215],[-100.07155,40.85722],[-100.07163,40.86577],[-100.05279,40.86611],[-100.05265,40.89514],[-100.06221,40.89508],[-100.06226,40.90233],[-100.07174,40.90226],[-100.07178,40.91695],[-100.05262,40.91693],[-100.0529,40.97513],[-100.03393,40.97502],[-100.03411,40.99706],[-100.04352,40.99709],[-100.04353,41.00447],[-100.03418,41.00446],[-100.03454,41.04693],[-100.05732,41.04688],[-100.05682,41.0547],[-100.04725,41.0547],[-100.04677,41.08273],[-100.06577,41.083],[-100.06548,41.10459],[-100.05581,41.10452],[-100.05573,41.11169],[-100.04599,41.11166],[-100.04591,41.11886],[-100.02685,41.11895],[-100.02695,41.10463],[-100.01723,41.10454],[-100.01737,41.09736],[-100.00812,41.09733],[-100.00827,41.06018],[-99.96122,41.06017],[-99.96125,41.05427],[-99.93284,41.05431],[-99.93237,41.07573],[-99.8946,41.07573],[-99.89487,41.04717],[-99.84443,41.04668],[-99.84478,41.03216],[-99.84953,41.0323],[-99.84941,41.01787],[-99.86373,41.01728],[-99.86533,40.9894],[-99.88438,40.98942],[-99.88685,40.98501],[-99.88589,40.97676],[-99.88061,40.96813],[-99.88787,40.96008],[-99.89052,40.95355],[-99.89063,40.9465],[-99.88344,40.94551],[-99.88333,40.93102],[-99.84526,40.93084],[-99.84605,40.96064],[-99.82633,40.96062],[-99.82643,40.95294],[-99.83603,40.95294],[-99.83574,40.94541],[-99.82608,40.94536],[-99.82615,40.93107],[-99.83581,40.931],[-99.8356,40.90167],[-99.82595,40.90165],[-99.82585,40.89094],[-99.8355,40.8908],[-99.83557,40.89809],[-99.84512,40.89809],[-99.84498,40.88716],[-99.82587,40.88711],[-99.82625,40.87354],[-99.84535,40.87366],[-99.84526,40.86646],[-99.83728,40.8664],[-99.83575,40.86469],[-99.83472,40.84722],[-99.83282,40.84513],[-99.82515,40.84513],[-99.82508,40.7969],[-99.80598,40.79041],[-99.80604,40.78663],[-99.84437,40.78683],[-99.84428,40.79395],[-99.85383,40.79401],[-99.85385,40.7868],[-99.85698,40.78681],[-99.88204,40.80126],[-99.8867,40.79626],[-99.87897,40.79222],[-99.88233,40.78674],[-99.88226,40.75764],[-99.90133,40.75774],[-99.90138,40.74289],[-99.99517,40.74323],[-99.99536,40.75074],[-100.00358,40.75114],[-100.00796,40.7545],[-100.00826,40.75704],[-100.01434,40.75503],[-100.01531,40.75988],[-100.01975,40.76494],[-100.02847,40.76482],[-100.02847,40.76116],[-100.03324,40.76114],[-100.0334,40.76476],[-100.0334,40.75739],[-100.0427,40.75731],[-100.04279,40.76465],[-100.06638,40.76528],[-100.06557,40.77218],[-100.07079,40.77048],[-100.07124,40.77446],[-100.0667,40.77395],[-100.06355,40.77781],[-100.06503,40.78084],[-100.06853,40.7807],[-100.06683,40.78244],[-100.06854,40.7848],[-100.07144,40.78259],[-100.06961,40.78706],[-100.16538,40.78645],[-100.1681,40.79378]]]}},{"type":"Feature","id":"68414","properties":{"zip":"68414","pop":null,"city":"","county":"Nemaha","state":"Nebraska","area":24.84,"lat":40.31967,"lon":-95.69913},"geometry":{"type":"Polygon","coordinates":[[[-95.75699,40.33443],[-95.74755,40.33445],[-95.7477,40.34927],[-95.73407,40.34914],[-95.73563,40.36379],[-95.72488,40.36377],[-95.72494,40.37827],[-95.70602,40.37835],[-95.70591,40.36386],[-95.6727,40.36379],[-95.67139,40.33879],[-95.66862,40.33726],[-95.65689,40.34563],[-95.65373,40.34545],[-95.65379,40.34968],[-95.62488,40.34931],[-95.6227,40.34086],[-95.6252,40.33429],[-95.63381,40.3293],[-95.64793,40.32556],[-95.65661,40.31947],[-95.65802,40.3127],[-95.65429,40.30791],[-95.64226,40.30602],[-95.62321,40.31247],[-95.61348,40.31423],[-95.60511,40.31256],[-95.59357,40.30585],[-95.60513,40.31166],[-95.61803,40.31296],[-95.6461,40.30453],[-95.65468,40.30757],[-95.65492,40.30204],[-95.65608,40.3085],[-95.65932,40.30907],[-95.65944,40.30555],[-95.66405,40.30564],[-95.66401,40.302],[-95.65463,40.30185],[-95.6544,40.27653],[-95.69054,40.27662],[-95.69062,40.26208],[-95.70956,40.26202],[-95.70949,40.27658],[-95.71909,40.27649],[-95.71892,40.28375],[-95.72858,40.28369],[-95.72858,40.2764],[-95.74751,40.27638],[-95.74746,40.30542],[-95.75697,40.30544],[-95.75699,40.33443]]]}},{"type":"Feature","id":"68934","properties":{"zip":"68934","pop":null,"city":"","county":"Nuckolls","state":"Nebraska","area":27.45,"lat":40.33833,"lon":-98.15952},"geometry":{"type":"Polygon","coordinates":[[[-98.24162,40.36488],[-98.20364,40.3649],[-98.20373,40.38347],[-98.19496,40.38352],[-98.19106,40.37742],[-98.18444,40.37794],[-98.18106,40.37465],[-98.16227,40.37456],[-98.15031,40.36528],[-98.14705,40.36589],[-98.14668,40.37949],[-98.10893,40.37953],[-98.10835,40.35562],[-98.10406,40.3505],[-98.08595,40.35053],[-98.08587,40.30756],[-98.10487,40.30744],[-98.1048,40.29293],[-98.14287,40.29281],[-98.14303,40.30728],[-98.21837,40.30743],[-98.21846,40.32194],[-98.23705,40.32296],[-98.23759,40.35038],[-98.24159,40.35038],[-98.24162,40.36488]]]}},{"type":"Feature","id":"68640","properties":{"zip":"68640","pop":null,"city":"","county":"Nance","state":"Nebraska","area":96.54,"lat":41.46107,"lon":-97.77245},"geometry":{"type":"Polygon","coordinates":[[[-97.94453,41.38712],[-97.91247,41.38696],[-97.89763,41.39341],[-97.89759,41.43113],[-97.90746,41.4312],[-97.90727,41.44559],[-97.89746,41.44558],[-97.89777,41.45244],[-97.92638,41.45252],[-97.92645,41.46693],[-97.88784,41.46691],[-97.88797,41.48136],[-97.83008,41.48125],[-97.82988,41.51055],[-97.81083,41.5106],[-97.81109,41.49613],[-97.79616,41.49612],[-97.79158,41.48899],[-97.78048,41.48808],[-97.7907,41.5075],[-97.79417,41.52157],[-97.79814,41.52614],[-97.79147,41.52636],[-97.7919,41.5395],[-97.77753,41.53956],[-97.77753,41.54324],[-97.77268,41.5433],[-97.77329,41.56859],[-97.78306,41.56854],[-97.7829,41.57581],[-97.7733,41.57591],[-97.77332,41.58307],[-97.7541,41.58323],[-97.75403,41.56884],[-97.73476,41.56908],[-97.73482,41.58354],[-97.71958,41.58376],[-97.71938,41.57657],[-97.71567,41.57663],[-97.71571,41.59836],[-97.658,41.59839],[-97.65785,41.56948],[-97.67714,41.56941],[-97.67666,41.54123],[-97.696,41.54107],[-97.69604,41.52658],[-97.67641,41.52668],[-97.67655,41.48294],[-97.69591,41.4831],[-97.6956,41.46299],[-97.69929,41.45777],[-97.70397,41.45555],[-97.70398,41.45315],[-97.68192,41.45466],[-97.6813,41.44413],[-97.67199,41.4395],[-97.69129,41.44511],[-97.69718,41.44283],[-97.69902,41.43976],[-97.69686,41.42839],[-97.70067,41.42228],[-97.70388,41.42094],[-97.70384,41.40939],[-97.69516,41.40941],[-97.69472,41.42395],[-97.6757,41.42395],[-97.67628,41.39491],[-97.70377,41.39488],[-97.70403,41.35195],[-97.79172,41.35102],[-97.79175,41.37997],[-97.81115,41.37996],[-97.8115,41.3893],[-97.82114,41.38946],[-97.82394,41.39141],[-97.82999,41.38935],[-97.82986,41.39131],[-97.83512,41.38992],[-97.84947,41.39216],[-97.86145,41.39095],[-97.87263,41.38255],[-97.87985,41.37995],[-97.91651,41.38184],[-97.92293,41.37962],[-97.93551,41.3698],[-97.94178,41.36898],[-97.94447,41.36931],[-97.94453,41.38712]]]}},{"type":"Feature","id":"68946","properties":{"zip":"68946","pop":null,"city":"","county":"Furnas","state":"Nebraska","area":15.01,"lat":40.10664,"lon":-99.99066},"geometry":{"type":"Polygon","coordinates":[[[-100.04202,40.11018],[-100.02268,40.11095],[-100.02274,40.13303],[-100.00459,40.13289],[-100.00467,40.14706],[-99.98559,40.14725],[-99.98596,40.16599],[-99.97671,40.16593],[-99.97681,40.16212],[-99.96683,40.16146],[-99.96693,40.13137],[-99.96869,40.13134],[-99.96695,40.12886],[-99.93139,40.1264],[-99.9304,40.11783],[-99.96689,40.11788],[-99.96708,40.05976],[-100.013,40.05957],[-100.01297,40.06746],[-100.02282,40.06746],[-100.02273,40.09981],[-100.02774,40.0998],[-100.02769,40.1036],[-100.04208,40.10374],[-100.04202,40.11018]]]}},{"type":"Feature","id":"68732","properties":{"zip":"68732","pop":null,"city":"","county":"Dixon","state":"Nebraska","area":29.01,"lat":42.48176,"lon":-96.97386},"geometry":{"type":"Polygon","coordinates":[[[-97.01779,42.4201],[-97.01753,42.43807],[-96.99836,42.43797],[-96.99566,42.44317],[-96.99594,42.46702],[-97.01567,42.46709],[-97.01574,42.4816],[-96.996,42.48148],[-96.99598,42.52508],[-97.0153,42.52508],[-97.01523,42.56856],[-96.95684,42.5686],[-96.95686,42.55412],[-96.93734,42.55392],[-96.93715,42.52506],[-96.95679,42.52512],[-96.95683,42.49581],[-96.9373,42.49574],[-96.93707,42.4668],[-96.91748,42.46678],[-96.91752,42.43789],[-96.93003,42.43791],[-96.93011,42.42379],[-96.93989,42.42362],[-96.93992,42.41643],[-96.95931,42.41652],[-96.95932,42.40935],[-96.99092,42.40967],[-96.99283,42.41294],[-96.99837,42.41305],[-96.99837,42.38883],[-97.00678,42.38446],[-97.01798,42.3902],[-97.01779,42.4201]]]}},{"type":"Feature","id":"68045","properties":{"zip":"68045","pop":null,"city":"","county":"Burt","state":"Nebraska","area":73.7,"lat":41.82729,"lon":-96.49526},"geometry":{"type":"Polygon","coordinates":[[[-96.61349,41.84362],[-96.5939,41.84351],[-96.59386,41.90155],[-96.5552,41.90138],[-96.55522,41.88692],[-96.49298,41.8869],[-96.493,41.89398],[-96.50207,41.89402],[-96.50185,41.90125],[-96.49911,41.90132],[-96.49917,41.89939],[-96.49432,41.89663],[-96.49182,41.89665],[-96.4918,41.90017],[-96.4876,41.90017],[-96.48768,41.89472],[-96.473,41.89472],[-96.47295,41.90142],[-96.46328,41.90131],[-96.46333,41.88682],[-96.44434,41.88695],[-96.44437,41.89118],[-96.44025,41.89117],[-96.44019,41.89444],[-96.42493,41.89445],[-96.4249,41.88698],[-96.38619,41.88699],[-96.3862,41.90142],[-96.36673,41.90143],[-96.36664,41.84336],[-96.38604,41.84343],[-96.38621,41.81444],[-96.40567,41.81456],[-96.40568,41.80007],[-96.44443,41.79991],[-96.44424,41.77084],[-96.46347,41.7708],[-96.46329,41.73188],[-96.45708,41.72723],[-96.48284,41.72739],[-96.48229,41.74184],[-96.57454,41.74205],[-96.57437,41.78555],[-96.5935,41.7856],[-96.59313,41.80013],[-96.57398,41.80007],[-96.57407,41.80368],[-96.5932,41.80378],[-96.59399,41.82903],[-96.61338,41.82913],[-96.61349,41.84362]]]}},{"type":"Feature","id":"68790","properties":{"zip":"68790","pop":null,"city":"","county":"Wayne","state":"Nebraska","area":47.75,"lat":42.17379,"lon":-97.18613},"geometry":{"type":"Polygon","coordinates":[[[-97.30103,42.19992],[-97.29069,42.19985],[-97.29086,42.22115],[-97.21277,42.22104],[-97.21274,42.25],[-97.1738,42.24995],[-97.17346,42.23594],[-97.15424,42.23544],[-97.1543,42.20647],[-97.11563,42.2067],[-97.11537,42.19189],[-97.09581,42.19188],[-97.09575,42.17744],[-97.11524,42.17742],[-97.11531,42.16295],[-97.09585,42.163],[-97.09583,42.11955],[-97.11539,42.11954],[-97.11531,42.1051],[-97.13475,42.10511],[-97.13469,42.09066],[-97.15444,42.09066],[-97.15453,42.10442],[-97.17375,42.10516],[-97.17359,42.11958],[-97.19303,42.11842],[-97.19305,42.13417],[-97.25176,42.13418],[-97.25189,42.16315],[-97.2712,42.16321],[-97.27137,42.17772],[-97.29087,42.17778],[-97.29067,42.19227],[-97.30101,42.19227],[-97.30103,42.19992]]]}},{"type":"Feature","id":"68936","properties":{"zip":"68936","pop":null,"city":"","county":"Furnas","state":"Nebraska","area":66.71,"lat":40.31614,"lon":-99.77849},"geometry":{"type":"Polygon","coordinates":[[[-99.85541,40.29305],[-99.85521,40.29899],[-99.82954,40.28918],[-99.79935,40.2841],[-99.80074,40.35107],[-99.79231,40.35106],[-99.79245,40.36514],[-99.79422,40.36799],[-99.79405,40.37266],[-99.79246,40.37327],[-99.79267,40.39453],[-99.82975,40.39451],[-99.83037,40.40903],[-99.81157,40.40904],[-99.81162,40.42356],[-99.83044,40.42353],[-99.83071,40.46722],[-99.8255,40.46588],[-99.77632,40.46744],[-99.7741,40.46462],[-99.77239,40.43847],[-99.737,40.43827],[-99.73966,40.42357],[-99.73864,40.39363],[-99.71955,40.39381],[-99.71668,40.3801],[-99.71637,40.33573],[-99.73573,40.33587],[-99.73417,40.32119],[-99.74242,40.32149],[-99.74183,40.2523],[-99.708,40.24355],[-99.70027,40.2455],[-99.6891,40.25166],[-99.68582,40.2504],[-99.68299,40.24406],[-99.67853,40.24139],[-99.65182,40.24596],[-99.6337,40.23833],[-99.6337,40.23428],[-99.65889,40.23437],[-99.67379,40.23932],[-99.68427,40.24039],[-99.68762,40.2363],[-99.68846,40.22072],[-99.69092,40.21945],[-99.79957,40.21907],[-99.79893,40.17567],[-99.81775,40.17564],[-99.81842,40.1903],[-99.83679,40.19053],[-99.83765,40.2186],[-99.85525,40.21924],[-99.85541,40.29305]]]}},{"type":"Feature","id":"68317","properties":{"zip":"68317","pop":null,"city":"","county":"Lancaster","state":"Nebraska","area":34.89,"lat":40.67323,"lon":-96.50456},"geometry":{"type":"Polygon","coordinates":[[[-96.57242,40.65441],[-96.55844,40.65446],[-96.55847,40.67971],[-96.56249,40.68643],[-96.5588,40.68701],[-96.55897,40.69064],[-96.56837,40.69056],[-96.56866,40.69721],[-96.55916,40.69721],[-96.55894,40.73342],[-96.54944,40.73322],[-96.54946,40.72615],[-96.53998,40.72613],[-96.53992,40.7334],[-96.53043,40.7334],[-96.53041,40.74065],[-96.52093,40.74066],[-96.52091,40.73339],[-96.46383,40.73321],[-96.46384,40.70145],[-96.45963,40.69487],[-96.45245,40.69137],[-96.45242,40.68788],[-96.44773,40.68489],[-96.44483,40.68512],[-96.44484,40.65344],[-96.42575,40.65349],[-96.42584,40.63895],[-96.44477,40.63895],[-96.44467,40.62445],[-96.48275,40.62442],[-96.48276,40.60997],[-96.52105,40.61041],[-96.52083,40.62501],[-96.55897,40.62553],[-96.55867,40.64],[-96.57241,40.63994],[-96.57242,40.65441]]]}},{"type":"Feature","id":"68351","properties":{"zip":"68351","pop":null,"city":"","county":"Fillmore","state":"Nebraska","area":68.55,"lat":40.65387,"lon":-97.43017},"geometry":{"type":"Polygon","coordinates":[[[-97.52129,40.67664],[-97.50236,40.67673],[-97.50238,40.68399],[-97.48323,40.68387],[-97.48291,40.74206],[-97.46368,40.74224],[-97.46338,40.75677],[-97.42535,40.75655],[-97.42543,40.76376],[-97.41126,40.76387],[-97.41118,40.75666],[-97.36842,40.75665],[-97.36854,40.56066],[-97.38774,40.56069],[-97.38773,40.55345],[-97.40664,40.55352],[-97.40657,40.53898],[-97.4257,40.53898],[-97.42565,40.55349],[-97.44459,40.55354],[-97.44463,40.53901],[-97.46367,40.53901],[-97.46361,40.58256],[-97.48299,40.58247],[-97.48316,40.61148],[-97.51172,40.61139],[-97.51182,40.65491],[-97.50234,40.65497],[-97.50237,40.66949],[-97.52133,40.66937],[-97.52129,40.67664]]]}},{"type":"Feature","id":"68755","properties":{"zip":"68755","pop":null,"city":"","county":"Boyd","state":"Nebraska","area":106.2,"lat":42.92326,"lon":-99.12965},"geometry":{"type":"Polygon","coordinates":[[[-99.25758,42.90198],[-99.25682,42.90493],[-99.25396,42.90485],[-99.25445,42.99814],[-99.08014,42.99835],[-99.07904,43.01175],[-99.07551,43.01087],[-99.07232,43.00638],[-99.06074,43.00514],[-99.06052,42.99832],[-98.97878,42.99828],[-98.97861,42.98768],[-98.95899,42.98771],[-98.95914,42.94426],[-98.9788,42.94416],[-98.97872,42.91527],[-98.9929,42.91532],[-98.99361,42.91271],[-98.99852,42.91009],[-98.99851,42.901],[-99.00143,42.89925],[-99.0213,42.89926],[-99.02117,42.88403],[-99.02848,42.87841],[-99.04198,42.87285],[-99.05364,42.8663],[-99.05676,42.86259],[-99.06711,42.86229],[-99.09629,42.85628],[-99.12058,42.84841],[-99.12804,42.84427],[-99.1538,42.84188],[-99.16611,42.83734],[-99.17881,42.82948],[-99.20771,42.82305],[-99.22573,42.81431],[-99.2492,42.80902],[-99.25704,42.8043],[-99.25758,42.90198]]]}},{"type":"Feature","id":"69041","properties":{"zip":"69041","pop":null,"city":"","county":"Dundy","state":"Nebraska","area":126.3,"lat":40.173,"lon":-101.73405},"geometry":{"type":"Polygon","coordinates":[[[-101.85334,40.17678],[-101.83706,40.17631],[-101.82929,40.18332],[-101.81548,40.18379],[-101.81242,40.1873],[-101.79655,40.18675],[-101.79635,40.26389],[-101.77743,40.26407],[-101.7778,40.34969],[-101.68301,40.34969],[-101.68283,40.32182],[-101.66378,40.32182],[-101.66327,40.10486],[-101.62568,40.10493],[-101.62562,40.0759],[-101.66283,40.07581],[-101.66323,40.03911],[-101.69635,40.04353],[-101.72025,40.04215],[-101.74843,40.03596],[-101.75281,40.02125],[-101.75088,40.01323],[-101.74668,40.0094],[-101.74611,40.00271],[-101.81281,40.00283],[-101.81557,40.17583],[-101.8482,40.17557],[-101.85334,40.17678]]]}},{"type":"Feature","id":"68940","properties":{"zip":"68940","pop":null,"city":"","county":"Phelps","state":"Nebraska","area":56.18,"lat":40.53811,"lon":-99.25085},"geometry":{"type":"Polygon","coordinates":[[[-99.32275,40.61268],[-99.31315,40.61274],[-99.3134,40.64243],[-99.30342,40.64228],[-99.3038,40.61279],[-99.2747,40.61275],[-99.27534,40.64213],[-99.23695,40.64214],[-99.2366,40.61254],[-99.19856,40.61234],[-99.1985,40.58323],[-99.21747,40.5832],[-99.21766,40.57579],[-99.20106,40.57581],[-99.20107,40.57365],[-99.19869,40.57364],[-99.19856,40.52511],[-99.17949,40.52501],[-99.17943,40.47062],[-99.19849,40.46791],[-99.19845,40.45215],[-99.21748,40.45203],[-99.21766,40.43754],[-99.27492,40.43788],[-99.27478,40.4741],[-99.28924,40.4742],[-99.28913,40.48151],[-99.30376,40.48156],[-99.30348,40.53258],[-99.31301,40.53258],[-99.31297,40.52533],[-99.32265,40.52528],[-99.3227,40.53983],[-99.3035,40.53987],[-99.30358,40.56898],[-99.32304,40.56885],[-99.32275,40.61268]]]}},{"type":"Feature","id":"69138","properties":{"zip":"69138","pop":null,"city":"","county":"Dawson","state":"Nebraska","area":247.75,"lat":40.9991,"lon":-100.17674},"geometry":{"type":"Polygon","coordinates":[[[-100.3629,41.0243],[-100.35422,41.03135],[-100.27161,41.03127],[-100.2716,41.0465],[-100.25739,41.04645],[-100.25898,41.06148],[-100.23812,41.06102],[-100.23524,41.23407],[-100.19669,41.23326],[-100.17766,41.23885],[-100.17763,41.2487],[-100.16056,41.24883],[-100.15851,41.24705],[-100.1581,41.22698],[-100.14627,41.22698],[-100.13899,41.22499],[-100.14201,41.20638],[-100.11972,41.20606],[-100.11924,41.19177],[-100.12403,41.19186],[-100.12457,41.18955],[-100.11925,41.18735],[-100.1191,41.18476],[-100.10981,41.18461],[-100.10949,41.17741],[-100.09297,41.17728],[-100.09141,41.17578],[-100.09208,41.16318],[-100.07546,41.16278],[-100.07433,41.16789],[-100.05479,41.16985],[-100.05423,41.16252],[-100.04537,41.16232],[-100.04545,41.1551],[-100.03122,41.15505],[-100.03131,41.14771],[-100.03594,41.14777],[-100.03624,41.1334],[-100.04576,41.1334],[-100.04599,41.11166],[-100.05573,41.11169],[-100.05581,41.10452],[-100.06548,41.10459],[-100.06577,41.083],[-100.04677,41.08273],[-100.04725,41.0547],[-100.05682,41.0547],[-100.05732,41.04688],[-100.03454,41.04693],[-100.03418,41.00446],[-100.04353,41.00447],[-100.04352,40.99709],[-100.03411,40.99706],[-100.03393,40.97502],[-100.0529,40.97513],[-100.05262,40.91693],[-100.07178,40.91695],[-100.07174,40.90226],[-100.09086,40.9022],[-100.09078,40.8954],[-100.0717,40.88868],[-100.07158,40.87979],[-100.05278,40.8729],[-100.05279,40.86611],[-100.07163,40.86577],[-100.07155,40.85722],[-100.08821,40.86215],[-100.09072,40.85823],[-100.09068,40.8304],[-100.12867,40.82962],[-100.12882,40.84403],[-100.14468,40.84275],[-100.14796,40.84408],[-100.14769,40.82944],[-100.16062,40.8295],[-100.1615,40.82071],[-100.16495,40.81386],[-100.16427,40.80581],[-100.1681,40.79378],[-100.16538,40.78645],[-100.22377,40.7868],[-100.22377,40.78489],[-100.22829,40.78684],[-100.26163,40.78669],[-100.26177,40.79102],[-100.2687,40.79243],[-100.27029,40.79532],[-100.27696,40.7964],[-100.27758,40.79873],[-100.29062,40.79633],[-100.29152,40.85423],[-100.30283,40.85925],[-100.30607,40.86259],[-100.31396,40.86102],[-100.31678,40.86419],[-100.3199,40.86457],[-100.3205,40.96746],[-100.26959,40.94537],[-100.26625,40.94896],[-100.2738,40.95486],[-100.27011,40.95921],[-100.27103,40.96093],[-100.29125,40.97286],[-100.30213,40.98451],[-100.29987,40.98722],[-100.31891,40.99908],[-100.33731,41.00116],[-100.34455,41.00422],[-100.36217,41.01776],[-100.36041,41.01989],[-100.3629,41.0243]]]}},{"type":"Feature","id":"68361","properties":{"zip":"68361","pop":null,"city":"Geneva","county":"Fillmore","state":"Nebraska","area":79.73,"lat":40.50759,"lon":-97.60142},"geometry":{"type":"Polygon","coordinates":[[[-97.74765,40.5101],[-97.7288,40.50998],[-97.72884,40.53886],[-97.70983,40.53883],[-97.70985,40.55331],[-97.69077,40.55333],[-97.69083,40.56784],[-97.67189,40.5678],[-97.67199,40.58228],[-97.61485,40.58217],[-97.61492,40.56769],[-97.59586,40.56774],[-97.59568,40.59669],[-97.56917,40.59759],[-97.56917,40.60006],[-97.56359,40.60007],[-97.56347,40.59875],[-97.55915,40.59874],[-97.55885,40.56786],[-97.53968,40.56798],[-97.53984,40.53887],[-97.50168,40.53898],[-97.50162,40.54534],[-97.49456,40.54192],[-97.49567,40.53942],[-97.4939,40.53846],[-97.49054,40.5402],[-97.48497,40.53645],[-97.4841,40.53382],[-97.4828,40.53456],[-97.48275,40.51012],[-97.49213,40.51023],[-97.49191,40.49567],[-97.4633,40.49576],[-97.46325,40.48845],[-97.47285,40.48842],[-97.47282,40.4812],[-97.48275,40.48108],[-97.48274,40.47385],[-97.47305,40.47392],[-97.47296,40.45937],[-97.48273,40.45934],[-97.48272,40.45207],[-97.52057,40.45205],[-97.52055,40.44476],[-97.51586,40.44477],[-97.51584,40.4375],[-97.52057,40.43748],[-97.52057,40.43051],[-97.52042,40.42305],[-97.51578,40.42305],[-97.51577,40.41593],[-97.52043,40.41593],[-97.52049,40.40851],[-97.53949,40.4087],[-97.53953,40.45193],[-97.59603,40.45187],[-97.59632,40.43171],[-97.60234,40.4317],[-97.60237,40.42295],[-97.64364,40.42308],[-97.64356,40.4303],[-97.63402,40.43026],[-97.63399,40.43742],[-97.653,40.43741],[-97.65287,40.48088],[-97.74749,40.48103],[-97.74765,40.5101]]]}},{"type":"Feature","id":"69169","properties":{"zip":"69169","pop":null,"city":"","county":"Lincoln","state":"Nebraska","area":159.71,"lat":40.82153,"lon":-101.1766},"geometry":{"type":"Polygon","coordinates":[[[-101.34225,40.83147],[-101.33136,40.82465],[-101.32309,40.82315],[-101.32361,40.87247],[-101.24869,40.87202],[-101.24841,40.86948],[-101.24822,40.88675],[-101.2774,40.88674],[-101.27738,40.89372],[-101.25737,40.89361],[-101.25753,40.90107],[-101.28606,40.90139],[-101.28676,40.95983],[-101.01952,40.96058],[-101.01953,40.93989],[-101.07664,40.93954],[-101.07731,40.87324],[-101.11546,40.8727],[-101.11566,40.85821],[-101.1345,40.85802],[-101.13415,40.82902],[-101.11499,40.82923],[-101.1147,40.81463],[-101.09564,40.8149],[-101.09523,40.80032],[-101.06708,40.80054],[-101.06751,40.77405],[-101.07696,40.77367],[-101.07809,40.77222],[-101.07508,40.77316],[-101.07283,40.77142],[-101.07361,40.77295],[-101.07133,40.77293],[-101.06242,40.76708],[-101.05993,40.75925],[-101.06227,40.75884],[-101.06188,40.75749],[-101.05479,40.75326],[-101.05367,40.75146],[-101.05509,40.74953],[-101.05109,40.74901],[-101.05155,40.74767],[-101.04935,40.7476],[-101.05004,40.74629],[-101.04586,40.74334],[-101.04596,40.74131],[-101.03636,40.73451],[-101.03509,40.72762],[-101.03209,40.72705],[-101.02803,40.72188],[-101.04543,40.72272],[-101.0488,40.72052],[-101.04732,40.70111],[-101.04558,40.69915],[-101.11822,40.6987],[-101.11828,40.69375],[-101.07858,40.66893],[-101.10126,40.66854],[-101.1016,40.61073],[-101.11866,40.61104],[-101.11903,40.64002],[-101.1371,40.64005],[-101.13694,40.65467],[-101.15689,40.65467],[-101.1577,40.69821],[-101.24796,40.6978],[-101.24732,40.76956],[-101.28436,40.77009],[-101.28425,40.79895],[-101.34038,40.79934],[-101.34225,40.83147]]]}},{"type":"Feature","id":"68122","properties":{"zip":"68122","pop":null,"city":"Omaha","county":"Douglas","state":"Nebraska","area":13.84,"lat":41.36438,"lon":-96.05036},"geometry":{"type":"Polygon","coordinates":[[[-96.08143,41.34291],[-96.08128,41.35016],[-96.06215,41.35007],[-96.06216,41.36503],[-96.08132,41.36467],[-96.08145,41.37916],[-96.07665,41.37916],[-96.07668,41.39317],[-96.0694,41.39316],[-96.0694,41.42222],[-96.05969,41.42223],[-96.0596,41.415],[-96.05019,41.41496],[-96.05033,41.42219],[-96.03821,41.42221],[-96.03381,41.41172],[-96.03362,41.40769],[-96.03569,41.40729],[-96.03693,41.40109],[-96.02143,41.40156],[-96.02388,41.39315],[-96.02381,41.38103],[-96.01899,41.38102],[-96.01898,41.37966],[-96.02381,41.37968],[-96.0238,41.36425],[-96.02053,41.36283],[-96.02139,41.35743],[-96.01904,41.35743],[-96.01904,41.35202],[-96.02265,41.35216],[-96.02224,41.35013],[-96.02382,41.35012],[-96.02383,41.32073],[-96.01817,41.31995],[-96.01705,41.31767],[-96.04004,41.3171],[-96.04097,41.31847],[-96.03675,41.31895],[-96.04167,41.31898],[-96.04496,41.31734],[-96.04367,41.32089],[-96.04897,41.32067],[-96.05248,41.31517],[-96.05947,41.31576],[-96.05913,41.31204],[-96.05739,41.31131],[-96.07063,41.31392],[-96.07052,41.31697],[-96.08133,41.3175],[-96.08121,41.33567],[-96.07931,41.33567],[-96.08143,41.34291]]]}},{"type":"Feature","id":"68883","properties":{"zip":"68883","pop":null,"city":"","county":"Hall","state":"Nebraska","area":143.14,"lat":40.81822,"lon":-98.58558},"geometry":{"type":"Polygon","coordinates":[[[-98.72174,40.78428],[-98.66465,40.80103],[-98.66553,40.8158],[-98.67903,40.8152],[-98.67894,40.81897],[-98.67418,40.81901],[-98.67418,40.82652],[-98.66904,40.82973],[-98.68372,40.8297],[-98.68449,40.9023],[-98.66557,40.90226],[-98.6654,40.94576],[-98.64609,40.94573],[-98.64638,40.93127],[-98.62717,40.93132],[-98.62707,40.93859],[-98.61757,40.93863],[-98.61744,40.94588],[-98.58868,40.94591],[-98.58873,40.96049],[-98.47444,40.96047],[-98.47414,40.93135],[-98.47598,40.93136],[-98.47599,40.92335],[-98.4741,40.92087],[-98.47401,40.90227],[-98.49316,40.90157],[-98.49314,40.87329],[-98.51223,40.8733],[-98.51221,40.85876],[-98.49785,40.85876],[-98.49784,40.84433],[-98.49309,40.84437],[-98.49365,40.79875],[-98.44616,40.81134],[-98.44442,40.78714],[-98.45593,40.78193],[-98.47001,40.77992],[-98.49275,40.77085],[-98.53071,40.75238],[-98.53069,40.74557],[-98.52592,40.74629],[-98.5256,40.7494],[-98.51173,40.74933],[-98.51159,40.72763],[-98.50223,40.72763],[-98.50223,40.7348],[-98.49264,40.73482],[-98.49263,40.72407],[-98.48297,40.72403],[-98.48278,40.7203],[-98.4926,40.72047],[-98.49256,40.6986],[-98.53482,40.69864],[-98.53509,40.66941],[-98.60272,40.66942],[-98.61011,40.67166],[-98.6101,40.68382],[-98.6292,40.68381],[-98.62915,40.69877],[-98.62615,40.69888],[-98.62613,40.72577],[-98.64022,40.7241],[-98.64532,40.72154],[-98.64565,40.71865],[-98.6644,40.71051],[-98.66446,40.71849],[-98.67411,40.71533],[-98.7077,40.71504],[-98.72153,40.71197],[-98.72153,40.72814],[-98.70284,40.72779],[-98.70279,40.73508],[-98.72151,40.73543],[-98.72174,40.78428]]]}},{"type":"Feature","id":"68324","properties":{"zip":"68324","pop":null,"city":"","county":"Otoe","state":"Nebraska","area":22.0,"lat":40.55409,"lon":-96.2902},"geometry":{"type":"Polygon","coordinates":[[[-96.34972,40.53738],[-96.34968,40.55539],[-96.346,40.5562],[-96.34578,40.56735],[-96.33644,40.56634],[-96.33596,40.57635],[-96.32254,40.57437],[-96.32203,40.58086],[-96.33161,40.58083],[-96.33126,40.60983],[-96.31267,40.60981],[-96.31244,40.59538],[-96.25546,40.59539],[-96.25565,40.56638],[-96.23643,40.56627],[-96.23648,40.50831],[-96.28394,40.50846],[-96.28396,40.51568],[-96.29345,40.51576],[-96.29342,40.52294],[-96.33128,40.52289],[-96.33129,40.52956],[-96.34974,40.53183],[-96.34972,40.53738]]]}},{"type":"Feature","id":"68138","properties":{"zip":"68138","pop":null,"city":"Chalco","county":"Sarpy","state":"Nebraska","area":8.76,"lat":41.15663,"lon":-96.13879},"geometry":{"type":"Polygon","coordinates":[[[-96.17758,41.13244],[-96.16898,41.13632],[-96.15873,41.14704],[-96.16701,41.14705],[-96.16227,41.1567],[-96.15739,41.1617],[-96.16414,41.16168],[-96.16109,41.16174],[-96.15724,41.16576],[-96.16053,41.17042],[-96.15837,41.17173],[-96.15833,41.19076],[-96.11003,41.19066],[-96.10898,41.18531],[-96.11955,41.17613],[-96.11012,41.17613],[-96.11011,41.17395],[-96.10321,41.17353],[-96.10741,41.16895],[-96.11949,41.16885],[-96.11959,41.15786],[-96.11012,41.15439],[-96.10918,41.14405],[-96.11399,41.14234],[-96.1161,41.13258],[-96.11959,41.13255],[-96.11957,41.12535],[-96.17708,41.12547],[-96.17758,41.13244]]]}},{"type":"Feature","id":"68746","properties":{"zip":"68746","pop":null,"city":"","county":"Boyd","state":"Nebraska","area":164.36,"lat":42.80737,"lon":-98.43531},"geometry":{"type":"Polygon","coordinates":[[[-98.56888,42.7724],[-98.56308,42.77569],[-98.56347,42.77941],[-98.5583,42.78143],[-98.54561,42.78046],[-98.5451,42.99845],[-98.49855,42.99856],[-98.49575,42.98803],[-98.49048,42.97795],[-98.46736,42.94756],[-98.44831,42.93643],[-98.44415,42.92924],[-98.43729,42.92839],[-98.43093,42.9315],[-98.42074,42.93192],[-98.34623,42.90275],[-98.33799,42.89776],[-98.32966,42.88844],[-98.30977,42.88256],[-98.31024,42.78462],[-98.30505,42.78464],[-98.3053,42.63987],[-98.34457,42.63996],[-98.34462,42.68334],[-98.42294,42.68354],[-98.43724,42.68347],[-98.43902,42.68201],[-98.43798,42.67883],[-98.44259,42.67216],[-98.44256,42.68348],[-98.5211,42.68296],[-98.52113,42.63951],[-98.54014,42.63938],[-98.5404,42.74115],[-98.56018,42.74094],[-98.56039,42.76277],[-98.56396,42.76275],[-98.5639,42.76617],[-98.56876,42.76675],[-98.56727,42.76817],[-98.57019,42.77089],[-98.56888,42.7724]]]}},{"type":"Feature","id":"68041","properties":{"zip":"68041","pop":null,"city":"","county":"Saunders","state":"Nebraska","area":33.66,"lat":41.2364,"lon":-96.48797},"geometry":{"type":"Polygon","coordinates":[[[-96.55052,41.21997],[-96.541,41.21983],[-96.54111,41.22728],[-96.52192,41.22713],[-96.52309,41.26347],[-96.54181,41.26357],[-96.54188,41.27824],[-96.54144,41.29295],[-96.52259,41.29284],[-96.52189,41.3216],[-96.50253,41.32135],[-96.5023,41.31773],[-96.49291,41.31759],[-96.49292,41.3212],[-96.44497,41.32085],[-96.44538,41.29181],[-96.46402,41.29179],[-96.46397,41.21919],[-96.45109,41.2192],[-96.44958,41.21385],[-96.44498,41.20923],[-96.44499,41.20123],[-96.45221,41.19754],[-96.45228,41.1855],[-96.44493,41.18544],[-96.44493,41.18291],[-96.42572,41.18304],[-96.42561,41.16121],[-96.44488,41.16121],[-96.44476,41.14668],[-96.49183,41.14705],[-96.4926,41.16167],[-96.50215,41.16174],[-96.50325,41.19106],[-96.52261,41.19125],[-96.52275,41.20562],[-96.55169,41.206],[-96.55052,41.21997]]]}},{"type":"Feature","id":"69042","properties":{"zip":"69042","pop":null,"city":"","county":"Frontier","state":"Nebraska","area":32.22,"lat":40.47548,"lon":-100.37901},"geometry":{"type":"Polygon","coordinates":[[[-100.44136,40.52723],[-100.32603,40.52638],[-100.32631,40.5047],[-100.32409,40.48124],[-100.32516,40.43822],[-100.32624,40.4158],[-100.33047,40.41573],[-100.33112,40.40872],[-100.36425,40.40961],[-100.36415,40.41645],[-100.37342,40.41737],[-100.37334,40.4241],[-100.38258,40.42396],[-100.38302,40.42857],[-100.38793,40.43265],[-100.38926,40.43856],[-100.43941,40.4389],[-100.44136,40.52723]]]}},{"type":"Feature","id":"68368","properties":{"zip":"68368","pop":null,"city":"","county":"Lancaster","state":"Nebraska","area":29.0,"lat":40.55596,"lon":-96.8167},"geometry":{"type":"Polygon","coordinates":[[[-96.89381,40.55251],[-96.88915,40.55256],[-96.8893,40.55971],[-96.88457,40.55968],[-96.88478,40.56691],[-96.87535,40.56685],[-96.87557,40.57415],[-96.86628,40.56679],[-96.85639,40.56675],[-96.85687,40.59577],[-96.8378,40.59569],[-96.83827,40.61039],[-96.8003,40.61017],[-96.80035,40.62462],[-96.78138,40.62482],[-96.78154,40.61752],[-96.77204,40.61755],[-96.7714,40.61308],[-96.77387,40.61272],[-96.77501,40.61029],[-96.78163,40.61026],[-96.78007,40.56661],[-96.76598,40.56658],[-96.76596,40.56296],[-96.77536,40.56297],[-96.77532,40.5521],[-96.77055,40.5521],[-96.77063,40.55935],[-96.76122,40.55935],[-96.76349,40.55918],[-96.76346,40.55209],[-96.74223,40.55211],[-96.74207,40.50877],[-96.76082,40.50881],[-96.76092,40.52307],[-96.77986,40.52308],[-96.7796,40.50878],[-96.79846,40.50862],[-96.81728,40.50887],[-96.81736,40.52308],[-96.8743,40.52341],[-96.87416,40.50893],[-96.89297,40.50893],[-96.89339,40.52354],[-96.88863,40.52351],[-96.88867,40.52714],[-96.88392,40.52715],[-96.88398,40.53073],[-96.89345,40.53078],[-96.88398,40.53099],[-96.88422,40.53431],[-96.89347,40.53441],[-96.89381,40.55251]]]}},{"type":"Feature","id":"68508","properties":{"zip":"68508","pop":null,"city":"Lincoln","county":"Lancaster","state":"Nebraska","area":2.36,"lat":40.81832,"lon":-96.70638},"geometry":{"type":"Polygon","coordinates":[[[-96.72527,40.80247],[-96.72281,40.81679],[-96.71817,40.82126],[-96.7166,40.82591],[-96.71216,40.8287],[-96.71214,40.8335],[-96.69178,40.83915],[-96.69172,40.83568],[-96.68891,40.83565],[-96.68871,40.83743],[-96.68559,40.8374],[-96.68501,40.83537],[-96.68222,40.83658],[-96.69812,40.82659],[-96.69816,40.82086],[-96.6965,40.82086],[-96.69607,40.82363],[-96.69258,40.82076],[-96.69532,40.80917],[-96.69368,40.80807],[-96.69391,40.80309],[-96.71886,40.8026],[-96.71989,40.8048],[-96.72414,40.79982],[-96.72527,40.80247]]]}},{"type":"Feature","id":"68792","properties":{"zip":"68792","pop":null,"city":"","county":"Cedar","state":"Nebraska","area":40.57,"lat":42.73321,"lon":-97.11428},"geometry":{"type":"Polygon","coordinates":[[[-97.23424,42.80127],[-97.23104,42.80128],[-97.23254,42.8083],[-97.2295,42.80823],[-97.22948,42.80483],[-97.22458,42.80467],[-97.2245,42.80723],[-97.21025,42.79927],[-97.2102,42.79749],[-97.20524,42.79753],[-97.20515,42.79391],[-97.20021,42.79395],[-97.20019,42.79031],[-97.19035,42.79035],[-97.19036,42.78672],[-97.17257,42.78665],[-97.16783,42.78042],[-97.17417,42.77631],[-97.17177,42.77115],[-97.16432,42.77121],[-97.16133,42.77351],[-97.1556,42.77131],[-97.14803,42.77806],[-97.15213,42.78149],[-97.14788,42.78662],[-97.14134,42.7867],[-97.13133,42.77193],[-97.09613,42.76934],[-97.06559,42.77219],[-97.01582,42.7616],[-97.01517,42.71296],[-97.0251,42.71642],[-97.02729,42.7054],[-97.03205,42.69885],[-97.07414,42.69886],[-97.07407,42.69323],[-97.05602,42.68733],[-97.05437,42.68385],[-97.09385,42.68465],[-97.0938,42.65564],[-97.11808,42.65574],[-97.11821,42.66335],[-97.12558,42.67198],[-97.13209,42.67557],[-97.13227,42.6844],[-97.1373,42.68461],[-97.13754,42.69895],[-97.14237,42.69891],[-97.1422,42.69193],[-97.14711,42.69197],[-97.14702,42.68561],[-97.152,42.68562],[-97.15219,42.69958],[-97.16191,42.70033],[-97.16199,42.70264],[-97.1805,42.70272],[-97.18363,42.70687],[-97.18356,42.71087],[-97.19133,42.71044],[-97.19324,42.76253],[-97.20909,42.76438],[-97.21282,42.76701],[-97.2129,42.77544],[-97.22202,42.77539],[-97.21974,42.79362],[-97.23428,42.79569],[-97.23424,42.80127]]]}},{"type":"Feature","id":"68522","properties":{"zip":"68522","pop":null,"city":"Lincoln","county":"Lancaster","state":"Nebraska","area":8.02,"lat":40.78942,"lon":-96.76242},"geometry":{"type":"Polygon","coordinates":[[[-96.80636,40.77137],[-96.79642,40.7905],[-96.79629,40.80789],[-96.78451,40.80659],[-96.77798,40.80805],[-96.77795,40.8137],[-96.73315,40.8137],[-96.73565,40.8118],[-96.75302,40.80999],[-96.74903,40.8045],[-96.74453,40.8028],[-96.72381,40.80635],[-96.72512,40.78815],[-96.73033,40.78746],[-96.72755,40.78455],[-96.72061,40.78446],[-96.72065,40.77788],[-96.72296,40.77748],[-96.72081,40.77018],[-96.73424,40.77035],[-96.73819,40.76833],[-96.73818,40.77024],[-96.74953,40.77041],[-96.74948,40.77453],[-96.75175,40.77458],[-96.78313,40.76837],[-96.79662,40.7679],[-96.79661,40.77012],[-96.80886,40.77019],[-96.80636,40.77137]]]}},{"type":"Feature","id":"68781","properties":{"zip":"68781","pop":null,"city":"","county":"Antelope","state":"Nebraska","area":95.69,"lat":42.02741,"lon":-97.84559},"geometry":{"type":"Polygon","coordinates":[[[-97.9315,42.10388],[-97.93148,42.11148],[-97.89275,42.11154],[-97.89271,42.11875],[-97.90239,42.11861],[-97.90255,42.12595],[-97.89274,42.12599],[-97.89305,42.17672],[-97.83486,42.17672],[-97.83486,42.16225],[-97.79589,42.16239],[-97.79586,42.1335],[-97.757,42.13358],[-97.757,42.09013],[-97.77628,42.0901],[-97.77607,42.07575],[-97.77805,42.07567],[-97.7761,42.06847],[-97.79548,42.06858],[-97.79545,42.04681],[-97.77596,42.04687],[-97.77596,42.03641],[-97.78154,42.03761],[-97.78212,42.0364],[-97.77945,42.03541],[-97.78145,42.03084],[-97.79213,42.02263],[-97.78989,42.02174],[-97.79211,42.01783],[-97.79536,42.01783],[-97.79533,42.00339],[-97.7759,42.00335],[-97.77554,41.97437],[-97.7951,41.97431],[-97.7951,41.95983],[-97.77554,41.95989],[-97.77541,41.94536],[-97.79508,41.94532],[-97.79503,41.93083],[-97.77541,41.93084],[-97.77543,41.90176],[-97.79488,41.9017],[-97.79478,41.88722],[-97.81433,41.88724],[-97.81439,41.89465],[-97.83341,41.89455],[-97.83319,41.88003],[-97.8526,41.87992],[-97.85255,41.87262],[-97.87186,41.87255],[-97.87192,41.88702],[-97.89124,41.88704],[-97.89161,41.91612],[-97.91102,41.9161],[-97.91115,41.93793],[-97.92091,41.93791],[-97.92099,41.94504],[-97.93069,41.94502],[-97.93073,41.96677],[-97.92088,41.96678],[-97.92091,41.974],[-97.91122,41.97404],[-97.91194,42.07529],[-97.90231,42.07538],[-97.90232,42.07898],[-97.9053,42.07895],[-97.90546,42.08986],[-97.91217,42.08983],[-97.91206,42.09702],[-97.93153,42.09697],[-97.9315,42.10388]]]}},{"type":"Feature","id":"69149","properties":{"zip":"69149","pop":null,"city":"","county":"Cheyenne","state":"Nebraska","area":243.43,"lat":41.22424,"lon":-102.66354},"geometry":{"type":"Polygon","coordinates":[[[-102.80184,41.11285],[-102.80174,41.13482],[-102.78272,41.13502],[-102.78261,41.16278],[-102.76344,41.1628],[-102.76296,41.39535],[-102.75325,41.39537],[-102.75301,41.43915],[-102.63653,41.43881],[-102.63674,41.39522],[-102.5327,41.39517],[-102.53291,41.28054],[-102.47544,41.28033],[-102.47649,41.22197],[-102.51479,41.22203],[-102.5146,41.1932],[-102.57235,41.19295],[-102.57255,41.16416],[-102.61095,41.16397],[-102.61021,41.04821],[-102.62087,41.048],[-102.62103,41.0026],[-102.79281,41.00232],[-102.79292,41.04785],[-102.8018,41.04783],[-102.80185,41.07675],[-102.7827,41.07681],[-102.78267,41.1058],[-102.80187,41.10583],[-102.80184,41.11285]]]}},{"type":"Feature","id":"68777","properties":{"zip":"68777","pop":null,"city":"","county":"Boyd","state":"Nebraska","area":134.72,"lat":42.86084,"lon":-98.68504},"geometry":{"type":"Polygon","coordinates":[[[-98.80414,42.80164],[-98.80353,42.82587],[-98.79259,42.82427],[-98.78171,42.8268],[-98.78157,42.90081],[-98.76206,42.90085],[-98.76155,42.92849],[-98.76211,42.94424],[-98.80132,42.94421],[-98.80141,42.99824],[-98.61428,42.99849],[-98.61427,42.97324],[-98.62411,42.97274],[-98.62412,42.94427],[-98.58466,42.9442],[-98.58468,42.92972],[-98.60438,42.92975],[-98.60439,42.90079],[-98.58464,42.90078],[-98.58475,42.84603],[-98.58723,42.84599],[-98.58716,42.83899],[-98.54535,42.8318],[-98.54561,42.78046],[-98.55589,42.78177],[-98.56347,42.77941],[-98.56308,42.77569],[-98.57019,42.77089],[-98.5674,42.76755],[-98.57774,42.76294],[-98.58109,42.75337],[-98.59674,42.75052],[-98.60149,42.74131],[-98.60826,42.74239],[-98.61102,42.74062],[-98.61885,42.7404],[-98.62057,42.74357],[-98.61841,42.75494],[-98.64301,42.7545],[-98.63239,42.74658],[-98.63462,42.73638],[-98.64751,42.7375],[-98.65574,42.73643],[-98.65746,42.73374],[-98.65742,42.74046],[-98.68191,42.74014],[-98.68192,42.72923],[-98.68675,42.72912],[-98.68681,42.72649],[-98.69562,42.7221],[-98.70616,42.72331],[-98.70832,42.72137],[-98.70681,42.71639],[-98.71654,42.71682],[-98.72634,42.71082],[-98.73608,42.71084],[-98.73632,42.75438],[-98.74503,42.75421],[-98.74503,42.76183],[-98.76371,42.76188],[-98.76424,42.75728],[-98.7688,42.75727],[-98.76882,42.75392],[-98.79498,42.75454],[-98.79479,42.78414],[-98.80411,42.78452],[-98.80414,42.80164]]]}},{"type":"Feature","id":"69365","properties":{"zip":"69365","pop":null,"city":"","county":"Sheridan","state":"Nebraska","area":37.35,"lat":42.9474,"lon":-102.46088},"geometry":{"type":"Polygon","coordinates":[[[-102.56609,42.97288],[-102.55212,42.97292],[-102.55634,42.98287],[-102.55639,42.99965],[-102.44051,42.99961],[-102.44014,42.99495],[-102.43307,42.99171],[-102.4154,42.9906],[-102.41151,42.97253],[-102.4055,42.96361],[-102.38999,42.95928],[-102.37947,42.95916],[-102.37952,42.94562],[-102.37722,42.94375],[-102.37957,42.93713],[-102.37956,42.9276],[-102.37433,42.92339],[-102.36016,42.92196],[-102.35973,42.90536],[-102.37049,42.90522],[-102.37876,42.9013],[-102.40223,42.8998],[-102.40823,42.89789],[-102.41067,42.89366],[-102.41519,42.89401],[-102.41428,42.88169],[-102.42025,42.87853],[-102.41809,42.87227],[-102.42001,42.86675],[-102.42689,42.86736],[-102.43547,42.87335],[-102.44302,42.87241],[-102.4471,42.87379],[-102.45134,42.87134],[-102.45611,42.87248],[-102.46264,42.87857],[-102.46279,42.8949],[-102.45639,42.89522],[-102.44637,42.90419],[-102.45223,42.91056],[-102.45616,42.91103],[-102.45564,42.91548],[-102.46424,42.91898],[-102.4636,42.92099],[-102.46756,42.92352],[-102.46653,42.91876],[-102.47391,42.91983],[-102.47247,42.92124],[-102.47448,42.9276],[-102.47128,42.92935],[-102.47449,42.93728],[-102.47903,42.9406],[-102.47781,42.93614],[-102.48256,42.93854],[-102.48641,42.93197],[-102.49404,42.93191],[-102.49597,42.92884],[-102.49517,42.92379],[-102.49226,42.92173],[-102.49696,42.91875],[-102.50699,42.91909],[-102.50709,42.92175],[-102.51065,42.92309],[-102.51206,42.92701],[-102.50822,42.92765],[-102.50168,42.93573],[-102.50397,42.9399],[-102.50976,42.94458],[-102.51399,42.94454],[-102.5285,42.9507],[-102.53599,42.94943],[-102.53646,42.94655],[-102.54225,42.94217],[-102.54293,42.93675],[-102.56487,42.93666],[-102.56609,42.97288]]]}},{"type":"Feature","id":"68722","properties":{"zip":"68722","pop":null,"city":"","county":"Boyd","state":"Nebraska","area":71.68,"lat":42.92068,"lon":-98.87122},"geometry":{"type":"Polygon","coordinates":[[[-99.0213,42.89926],[-99.00143,42.89925],[-98.99851,42.901],[-98.99852,42.91009],[-98.99361,42.91271],[-98.9929,42.91532],[-98.97872,42.91527],[-98.9788,42.94416],[-98.95914,42.94426],[-98.95899,42.98771],[-98.97861,42.98768],[-98.97878,42.99828],[-98.80141,42.99824],[-98.80132,42.94421],[-98.76211,42.94424],[-98.76206,42.90085],[-98.78157,42.90081],[-98.78171,42.8268],[-98.78968,42.82451],[-98.79717,42.82436],[-98.81828,42.83015],[-98.84297,42.84649],[-98.85391,42.84318],[-98.8778,42.84118],[-98.88844,42.84348],[-98.89285,42.84579],[-98.90047,42.85456],[-98.91353,42.86147],[-98.92738,42.875],[-98.93297,42.87875],[-98.94088,42.88075],[-98.94176,42.88403],[-98.94724,42.88579],[-98.95463,42.89408],[-98.96698,42.89672],[-98.98253,42.89644],[-98.99416,42.89436],[-99.00284,42.88807],[-99.00859,42.88842],[-99.02117,42.88403],[-99.0213,42.89926]]]}},{"type":"Feature","id":"68116","properties":{"zip":"68116","pop":null,"city":"Omaha","county":"Douglas","state":"Nebraska","area":6.41,"lat":41.29842,"lon":-96.1663},"geometry":{"type":"Polygon","coordinates":[[[-96.19666,41.29207],[-96.19644,41.30645],[-96.18682,41.30647],[-96.18708,41.32097],[-96.13887,41.32111],[-96.13881,41.27766],[-96.17724,41.27753],[-96.18044,41.27613],[-96.182,41.27754],[-96.19655,41.27757],[-96.19666,41.29207]]]}},{"type":"Feature","id":"69334","properties":{"zip":"69334","pop":null,"city":"","county":"Morrill","state":"Nebraska","area":231.88,"lat":41.82371,"lon":-103.28416},"geometry":{"type":"Polygon","coordinates":[[[-103.49416,41.69943],[-103.48516,41.69952],[-103.4845,41.74245],[-103.46055,41.74237],[-103.46037,41.75657],[-103.46505,41.75683],[-103.46507,41.75912],[-103.46989,41.76024],[-103.46968,41.76418],[-103.46047,41.75979],[-103.46039,41.77016],[-103.44493,41.76214],[-103.42218,41.76431],[-103.42128,41.79662],[-103.41142,41.79636],[-103.41137,41.79287],[-103.40635,41.79271],[-103.40631,41.79997],[-103.39169,41.80158],[-103.39178,41.79435],[-103.38213,41.79473],[-103.38099,41.83008],[-103.36153,41.83021],[-103.36334,42.00293],[-103.13164,42.00324],[-103.12941,41.97427],[-103.13047,41.91666],[-103.10192,41.91639],[-103.10215,41.90175],[-103.11199,41.9015],[-103.11207,41.89075],[-103.09233,41.89096],[-103.09236,41.88731],[-103.0876,41.8873],[-103.10828,41.87255],[-103.13178,41.87219],[-103.13113,41.84096],[-103.15375,41.80547],[-103.15703,41.79364],[-103.15342,41.78573],[-103.16862,41.78712],[-103.1689,41.76567],[-103.17866,41.76563],[-103.1787,41.76224],[-103.18733,41.76421],[-103.18663,41.7672],[-103.18845,41.76666],[-103.18825,41.74965],[-103.19154,41.7475],[-103.18953,41.74389],[-103.21563,41.7438],[-103.21552,41.72881],[-103.19635,41.72874],[-103.1965,41.69406],[-103.21545,41.69806],[-103.21535,41.6888],[-103.24455,41.6887],[-103.24411,41.68476],[-103.2152,41.67408],[-103.21499,41.65622],[-103.46614,41.65448],[-103.46669,41.66258],[-103.48529,41.66268],[-103.48515,41.67722],[-103.49412,41.67713],[-103.49416,41.69943]],[[-103.42217,41.74582],[-103.4159,41.74426],[-103.41703,41.74771],[-103.41449,41.74883],[-103.4196,41.74776],[-103.42217,41.74925],[-103.42217,41.74582]]]}},{"type":"Feature","id":"68108","properties":{"zip":"68108","pop":null,"city":"Omaha","county":"Douglas","state":"Nebraska","area":2.46,"lat":41.23744,"lon":-95.93118},"geometry":{"type":"MultiPolygon","coordinates":[[[[-95.9478,41.22605],[-95.94704,41.22606],[-95.94703,41.22458],[-95.94777,41.22458],[-95.9478,41.22605]]],[[[-95.95178,41.23066],[-95.95108,41.23426],[-95.94992,41.2319],[-95.94704,41.23182],[-95.94848,41.23302],[-95.94703,41.23424],[-95.94846,41.23785],[-95.94703,41.23822],[-95.94908,41.2387],[-95.94702,41.24105],[-95.94705,41.24896],[-95.94827,41.24878],[-95.94702,41.25239],[-95.93457,41.25233],[-95.93465,41.25088],[-95.92398,41.25225],[-95.92534,41.24954],[-95.91637,41.2483],[-95.91139,41.238],[-95.91096,41.2316],[-95.91401,41.23137],[-95.93187,41.21285],[-95.92778,41.22118],[-95.92952,41.22778],[-95.93333,41.2278],[-95.93334,41.22516],[-95.93857,41.22516],[-95.94049,41.22265],[-95.94397,41.22568],[-95.94224,41.22633],[-95.94704,41.22606],[-95.94705,41.22819],[-95.95178,41.23066]]]]}},{"type":"Feature","id":"68375","properties":{"zip":"68375","pop":null,"city":"","county":"Thayer","state":"Nebraska","area":22.64,"lat":40.03938,"lon":-97.48818},"geometry":{"type":"Polygon","coordinates":[[[-97.53877,40.08909],[-97.50107,40.08904],[-97.50089,40.07469],[-97.48215,40.07466],[-97.48179,40.08173],[-97.48152,40.08167],[-97.4755,40.07732],[-97.47229,40.07735],[-97.47035,40.07403],[-97.47197,40.07255],[-97.47017,40.07283],[-97.47102,40.06964],[-97.46738,40.06905],[-97.46735,40.06729],[-97.46465,40.06783],[-97.46532,40.06582],[-97.46233,40.06512],[-97.46286,40.06282],[-97.46053,40.06347],[-97.45981,40.06003],[-97.44445,40.05988],[-97.44445,40.05477],[-97.43246,40.05572],[-97.43129,40.05377],[-97.43534,40.05268],[-97.43599,40.04776],[-97.42793,40.05436],[-97.42498,40.055],[-97.42498,40.05266],[-97.42069,40.05256],[-97.4207,40.04528],[-97.42543,40.04528],[-97.4256,40.00951],[-97.43517,40.00954],[-97.43514,40.002],[-97.53865,40.00191],[-97.53877,40.08909]]]}},{"type":"Feature","id":"68460","properties":{"zip":"68460","pop":null,"city":"","county":"York","state":"Nebraska","area":83.22,"lat":40.89592,"lon":-97.43172},"geometry":{"type":"Polygon","coordinates":[[[-97.53011,41.00247],[-97.52072,41.00249],[-97.52071,41.01698],[-97.42533,41.01738],[-97.42547,41.00286],[-97.40607,41.00291],[-97.40629,40.9884],[-97.38695,40.98852],[-97.38707,40.97401],[-97.36812,40.97439],[-97.36833,40.87277],[-97.34963,40.87278],[-97.34906,40.82163],[-97.3684,40.8216],[-97.36842,40.77117],[-97.38751,40.77114],[-97.38777,40.75665],[-97.41118,40.75666],[-97.41126,40.76387],[-97.42543,40.76376],[-97.42535,40.75655],[-97.46338,40.75677],[-97.46357,40.81421],[-97.48273,40.81417],[-97.48279,40.82867],[-97.44509,40.82874],[-97.44518,40.84325],[-97.46408,40.84312],[-97.46406,40.85759],[-97.47301,40.85759],[-97.47305,40.86485],[-97.48257,40.86485],[-97.48254,40.90105],[-97.50157,40.90122],[-97.50178,40.94456],[-97.521,40.94456],[-97.52104,40.99535],[-97.53015,40.99525],[-97.53011,41.00247]]]}},{"type":"Feature","id":"68641","properties":{"zip":"68641","pop":null,"city":"","county":"Colfax","state":"Nebraska","area":73.94,"lat":41.73451,"lon":-97.0083},"geometry":{"type":"Polygon","coordinates":[[[-97.08736,41.75753],[-97.0778,41.7575],[-97.07753,41.8227],[-97.07278,41.82274],[-97.07248,41.82771],[-97.07274,41.83018],[-97.07778,41.83022],[-97.0779,41.85909],[-97.04842,41.85912],[-97.04845,41.86642],[-97.03917,41.86642],[-97.03934,41.87343],[-97.01968,41.87351],[-97.0005,41.87344],[-97.00035,41.85894],[-96.9617,41.85883],[-96.96165,41.82986],[-96.98095,41.8299],[-96.98118,41.77183],[-96.94241,41.77183],[-96.94243,41.75734],[-96.96198,41.75737],[-96.96178,41.74287],[-96.96399,41.74289],[-96.96401,41.72826],[-96.9449,41.72819],[-96.94462,41.59751],[-96.96395,41.59751],[-96.96403,41.583],[-97.02053,41.58315],[-97.02066,41.63416],[-97.02712,41.63421],[-97.02722,41.64124],[-97.03138,41.64118],[-97.0311,41.64567],[-97.02568,41.64559],[-97.0254,41.6558],[-97.04017,41.65573],[-97.04024,41.69911],[-97.04992,41.6991],[-97.0501,41.70648],[-97.05954,41.70645],[-97.0593,41.72809],[-97.07859,41.72807],[-97.07785,41.75024],[-97.08752,41.75036],[-97.08736,41.75753]]]}},{"type":"Feature","id":"68661","properties":{"zip":"68661","pop":null,"city":"","county":"Colfax","state":"Nebraska","area":111.27,"lat":41.4955,"lon":-97.08344},"geometry":{"type":"Polygon","coordinates":[[[-97.21435,41.52556],[-97.19505,41.52545],[-97.19468,41.56894],[-97.17056,41.5688],[-97.17053,41.5833],[-97.13677,41.58315],[-97.13675,41.59759],[-97.05925,41.59769],[-97.05916,41.58318],[-97.03982,41.5832],[-97.04007,41.6263],[-97.02063,41.62677],[-97.02053,41.58315],[-97.00274,41.58317],[-97.00273,41.52501],[-96.96409,41.52491],[-96.96395,41.51039],[-96.94461,41.51036],[-96.94466,41.49584],[-96.96395,41.49587],[-96.96394,41.48136],[-96.9446,41.48132],[-96.94461,41.46691],[-96.92534,41.46688],[-96.92524,41.46152],[-96.90598,41.46371],[-96.90591,41.45644],[-96.92649,41.45505],[-96.95473,41.44356],[-96.9647,41.4418],[-97.00559,41.41687],[-97.0231,41.41304],[-97.05683,41.41253],[-97.08205,41.39972],[-97.09121,41.39289],[-97.10643,41.38789],[-97.12065,41.38789],[-97.13785,41.38324],[-97.13676,41.41631],[-97.15613,41.41641],[-97.15622,41.41279],[-97.17059,41.41296],[-97.17065,41.42372],[-97.18494,41.42375],[-97.18507,41.40562],[-97.18957,41.40563],[-97.18984,41.4029],[-97.19449,41.40176],[-97.21375,41.40345],[-97.21388,41.42381],[-97.19452,41.42376],[-97.19476,41.50727],[-97.21413,41.50741],[-97.21435,41.52556]]]}},{"type":"Feature","id":"68810","properties":{"zip":"68810","pop":null,"city":"Alda","county":"Hall","state":"Nebraska","area":16.09,"lat":40.86237,"lon":-98.46753},"geometry":{"type":"Polygon","coordinates":[[[-98.51223,40.8733],[-98.49314,40.87329],[-98.49316,40.90157],[-98.47401,40.90227],[-98.47404,40.91683],[-98.43558,40.917],[-98.43564,40.90245],[-98.40695,40.90259],[-98.40697,40.89879],[-98.41654,40.89521],[-98.42607,40.89517],[-98.42613,40.88891],[-98.45512,40.8757],[-98.45519,40.85875],[-98.4361,40.85872],[-98.43608,40.85169],[-98.44566,40.85012],[-98.44616,40.81134],[-98.49365,40.79875],[-98.49309,40.84437],[-98.49784,40.84433],[-98.49785,40.85876],[-98.51221,40.85876],[-98.51223,40.8733]]]}},{"type":"Feature","id":"68826","properties":{"zip":"68826","pop":null,"city":"","county":"Merrick","state":"Nebraska","area":110.4,"lat":41.16337,"lon":-98.01907},"geometry":{"type":"Polygon","coordinates":[[[-98.13484,41.10415],[-98.11604,41.10427],[-98.11606,41.1188],[-98.09726,41.11876],[-98.09721,41.15693],[-98.1166,41.1619],[-98.11668,41.17695],[-98.09734,41.17695],[-98.09742,41.20567],[-98.07819,41.20576],[-98.07845,41.22058],[-98.09767,41.22051],[-98.09795,41.27141],[-98.07885,41.27142],[-98.07891,41.27865],[-98.05313,41.27853],[-98.05314,41.29312],[-98.00249,41.2935],[-98.00252,41.28637],[-97.9929,41.28623],[-97.99299,41.27911],[-97.98346,41.27906],[-97.98331,41.2637],[-97.97384,41.26373],[-97.97198,41.24904],[-97.92531,41.24913],[-97.92508,41.22007],[-97.90592,41.22012],[-97.90519,41.19109],[-97.8915,41.19109],[-97.89171,41.18233],[-97.88637,41.18553],[-97.88627,41.17665],[-97.88181,41.17663],[-97.88181,41.1692],[-97.87673,41.1692],[-97.87658,41.16238],[-97.92603,41.12501],[-97.93387,41.11576],[-97.94821,41.10676],[-97.94608,41.10597],[-97.95273,41.10093],[-97.94861,41.09136],[-97.9668,41.08562],[-97.97038,41.09084],[-98.01055,41.07276],[-98.03003,41.04974],[-98.05417,41.03779],[-98.07557,41.01863],[-98.08444,41.01618],[-98.08375,41.01499],[-98.08896,41.00966],[-98.09183,41.00941],[-98.09242,41.04622],[-98.1152,41.04618],[-98.11558,41.0607],[-98.13464,41.06066],[-98.13484,41.10415]]]}},{"type":"Feature","id":"68131","properties":{"zip":"68131","pop":null,"city":"Omaha","county":"Douglas","state":"Nebraska","area":1.54,"lat":41.26443,"lon":-95.96472},"geometry":{"type":"Polygon","coordinates":[[[-95.98439,41.25336],[-95.98041,41.25729],[-95.98007,41.27364],[-95.97611,41.27215],[-95.97239,41.27359],[-95.95335,41.27287],[-95.95334,41.2765],[-95.95184,41.2765],[-95.95174,41.27469],[-95.94857,41.27471],[-95.94856,41.27198],[-95.94703,41.272],[-95.94702,41.26796],[-95.95171,41.26795],[-95.95206,41.26423],[-95.94673,41.2634],[-95.94687,41.25868],[-95.94823,41.2587],[-95.94689,41.25765],[-95.94694,41.25396],[-95.94765,41.25663],[-95.96139,41.2567],[-95.97577,41.25602],[-95.97578,41.25241],[-95.98439,41.25336]]]}},{"type":"Feature","id":"68133","properties":{"zip":"68133","pop":null,"city":"Papillion","county":"Sarpy","state":"Nebraska","area":11.79,"lat":41.11811,"lon":-96.00279},"geometry":{"type":"Polygon","coordinates":[[[-96.0286,41.09249],[-96.02366,41.0925],[-96.02369,41.12804],[-96.01329,41.13734],[-96.02369,41.13729],[-96.02295,41.1508],[-96.01414,41.15031],[-96.01409,41.15163],[-96.02294,41.15322],[-96.02369,41.17619],[-96.01327,41.17649],[-96.014,41.18345],[-96.00583,41.18324],[-96.00517,41.16809],[-96.01034,41.17569],[-96.01233,41.17563],[-96.01412,41.16629],[-95.99514,41.16889],[-95.96689,41.14892],[-95.97177,41.14957],[-95.97857,41.14611],[-95.98599,41.14925],[-95.98597,41.14673],[-95.98173,41.14515],[-95.98265,41.14115],[-95.97614,41.14018],[-95.97619,41.13724],[-95.98013,41.13714],[-95.9812,41.13403],[-95.97854,41.12907],[-95.98447,41.12881],[-95.98468,41.12541],[-95.9809,41.12545],[-95.98088,41.12082],[-95.98584,41.1181],[-95.98584,41.11634],[-95.97618,41.11453],[-95.97668,41.11673],[-95.97139,41.12036],[-95.97138,41.11091],[-95.98052,41.1109],[-95.97956,41.1068],[-95.98175,41.10643],[-95.98132,41.10365],[-96.00444,41.10404],[-96.00398,41.09275],[-95.97624,41.09274],[-95.97621,41.08913],[-95.9905,41.0891],[-95.99046,41.08547],[-95.98574,41.08549],[-95.98556,41.07229],[-95.99632,41.07185],[-95.9954,41.06354],[-95.98898,41.05933],[-95.97522,41.0583],[-95.96616,41.05962],[-95.976,41.05439],[-95.98734,41.05272],[-96.00309,41.06052],[-96.01408,41.06343],[-96.01937,41.06795],[-96.02602,41.07042],[-96.02602,41.07434],[-96.0236,41.07434],[-96.02366,41.08159],[-96.02608,41.0816],[-96.02605,41.08424],[-96.02863,41.08618],[-96.0286,41.09249]]]}},{"type":"Feature","id":"68316","properties":{"zip":"68316","pop":null,"city":"","county":"York","state":"Nebraska","area":37.42,"lat":41.01689,"lon":-97.61578},"geometry":{"type":"Polygon","coordinates":[[[-97.71208,41.04662],[-97.69368,41.04662],[-97.69328,41.03195],[-97.67405,41.03191],[-97.67525,41.06113],[-97.63656,41.06126],[-97.63656,41.07581],[-97.59824,41.0757],[-97.59798,41.04665],[-97.54044,41.04675],[-97.54011,41.0314],[-97.50192,41.03149],[-97.50195,41.01697],[-97.52071,41.01698],[-97.52072,41.00249],[-97.53011,41.00247],[-97.53015,40.99525],[-97.52104,40.99535],[-97.52135,40.98797],[-97.55902,40.98815],[-97.55912,40.97364],[-97.61674,40.97372],[-97.61677,40.9882],[-97.63576,40.9883],[-97.63569,40.97378],[-97.71199,40.97397],[-97.71201,41.00298],[-97.67403,41.00291],[-97.67393,41.01741],[-97.70329,41.01747],[-97.70325,41.03194],[-97.71205,41.032],[-97.71208,41.04662]]]}},{"type":"Feature","id":"68766","properties":{"zip":"68766","pop":null,"city":"","county":"Holt","state":"Nebraska","area":80.4,"lat":42.42374,"lon":-98.40319},"geometry":{"type":"Polygon","coordinates":[[[-98.51615,42.43618],[-98.50101,42.4362],[-98.50107,42.46516],[-98.4914,42.46527],[-98.49152,42.49424],[-98.50124,42.49411],[-98.50117,42.52345],[-98.46206,42.52358],[-98.46216,42.50904],[-98.38379,42.50943],[-98.38377,42.51615],[-98.37458,42.51614],[-98.37439,42.50094],[-98.36392,42.50094],[-98.36387,42.49476],[-98.31958,42.49492],[-98.31957,42.48901],[-98.30528,42.49411],[-98.30546,42.43693],[-98.30024,42.43691],[-98.30033,42.39343],[-98.31992,42.3935],[-98.31993,42.379],[-98.34944,42.37901],[-98.34944,42.37148],[-98.33953,42.37144],[-98.33953,42.36448],[-98.35909,42.36449],[-98.35915,42.32829],[-98.33959,42.32827],[-98.33965,42.30651],[-98.39685,42.30656],[-98.39826,42.32109],[-98.41659,42.32094],[-98.41671,42.32825],[-98.42201,42.331],[-98.42996,42.33132],[-98.43727,42.33523],[-98.45597,42.3356],[-98.45634,42.35011],[-98.47016,42.35023],[-98.47283,42.35275],[-98.47563,42.35645],[-98.47598,42.42268],[-98.51512,42.42271],[-98.51615,42.43618]]]}},{"type":"Feature","id":"68422","properties":{"zip":"68422","pop":null,"city":"","county":"Gage","state":"Nebraska","area":39.76,"lat":40.38859,"lon":-96.69749},"geometry":{"type":"Polygon","coordinates":[[[-96.81845,40.39305],[-96.8089,40.39303],[-96.8088,40.4075],[-96.78969,40.40742],[-96.78936,40.43642],[-96.70437,40.43635],[-96.70467,40.42206],[-96.66602,40.42176],[-96.66614,40.40732],[-96.60961,40.40714],[-96.60966,40.39267],[-96.57175,40.3927],[-96.5719,40.36369],[-96.60989,40.36373],[-96.60993,40.34925],[-96.6144,40.34929],[-96.61448,40.33485],[-96.65246,40.33426],[-96.65251,40.34935],[-96.64786,40.34933],[-96.64778,40.36382],[-96.66662,40.36385],[-96.66674,40.35308],[-96.67619,40.3534],[-96.67641,40.34941],[-96.71795,40.34942],[-96.71897,40.36398],[-96.78045,40.36394],[-96.78024,40.37842],[-96.81851,40.37856],[-96.81845,40.39305]]]}},{"type":"Feature","id":"68033","properties":{"zip":"68033","pop":null,"city":"","county":"Saunders","state":"Nebraska","area":22.29,"lat":41.12936,"lon":-96.52423},"geometry":{"type":"Polygon","coordinates":[[[-96.56338,41.17661],[-96.53744,41.17721],[-96.53757,41.17958],[-96.53949,41.17998],[-96.5394,41.18482],[-96.5414,41.18384],[-96.54442,41.18751],[-96.54214,41.18785],[-96.54162,41.19176],[-96.50325,41.19106],[-96.50215,41.16174],[-96.4926,41.16167],[-96.49183,41.14705],[-96.48265,41.14697],[-96.48288,41.11774],[-96.46377,41.11765],[-96.46383,41.10311],[-96.48307,41.10317],[-96.48297,41.08864],[-96.50225,41.08877],[-96.50226,41.07788],[-96.50701,41.07788],[-96.50701,41.08151],[-96.52602,41.08154],[-96.52606,41.07428],[-96.56338,41.07453],[-96.56338,41.17661]]]}},{"type":"Feature","id":"69133","properties":{"zip":"69133","pop":null,"city":"","county":"Kimball","state":"Nebraska","area":134.5,"lat":41.21992,"lon":-103.47167},"geometry":{"type":"Polygon","coordinates":[[[-103.60533,41.11966],[-103.56709,41.11971],[-103.5671,41.13421],[-103.52972,41.13492],[-103.52619,41.29227],[-103.52928,41.30677],[-103.54902,41.30646],[-103.54921,41.32157],[-103.54881,41.33506],[-103.53965,41.33532],[-103.53957,41.34267],[-103.53036,41.34289],[-103.53038,41.36472],[-103.50638,41.36487],[-103.50625,41.37192],[-103.50186,41.3719],[-103.5018,41.37586],[-103.49213,41.3759],[-103.49202,41.39385],[-103.37762,41.39463],[-103.37759,41.32145],[-103.3756,41.30613],[-103.37608,41.19279],[-103.39535,41.19286],[-103.39553,41.17998],[-103.45295,41.17868],[-103.45296,41.12065],[-103.39486,41.12042],[-103.39509,41.09098],[-103.45296,41.09158],[-103.45298,41.06244],[-103.49051,41.06215],[-103.49109,41.04771],[-103.49731,41.04762],[-103.49755,41.00164],[-103.53489,41.00168],[-103.53527,41.04681],[-103.5672,41.04706],[-103.56724,41.07617],[-103.5865,41.07631],[-103.58635,41.09058],[-103.60566,41.09069],[-103.60533,41.11966]]]}},{"type":"Feature","id":"68431","properties":{"zip":"68431","pop":null,"city":"","county":"Richardson","state":"Nebraska","area":38.68,"lat":40.06757,"lon":-95.43408},"geometry":{"type":"Polygon","coordinates":[[[-95.52039,40.05772],[-95.50157,40.05802],[-95.50153,40.08697],[-95.48271,40.08693],[-95.48269,40.09413],[-95.46368,40.09402],[-95.46378,40.11578],[-95.48284,40.11588],[-95.48233,40.15209],[-95.46358,40.15191],[-95.46338,40.15382],[-95.46607,40.1546],[-95.46828,40.16032],[-95.46545,40.1691],[-95.47166,40.17466],[-95.47374,40.17456],[-95.4812,40.16371],[-95.48263,40.16442],[-95.48308,40.17435],[-95.4694,40.17567],[-95.46075,40.16917],[-95.44282,40.16326],[-95.43635,40.15872],[-95.43216,40.14102],[-95.42875,40.13558],[-95.41919,40.13059],[-95.40948,40.13005],[-95.39867,40.12642],[-95.39335,40.11921],[-95.39422,40.10826],[-95.40759,40.09803],[-95.41064,40.09153],[-95.40846,40.07916],[-95.40986,40.07432],[-95.41835,40.06651],[-95.42164,40.05895],[-95.41932,40.04844],[-95.41359,40.03842],[-95.40266,40.03057],[-95.39153,40.02706],[-95.38296,40.02711],[-95.36398,40.0315],[-95.34878,40.0293],[-95.33624,40.0191],[-95.31527,40.01207],[-95.31116,40.00781],[-95.30829,40.0],[-95.46374,40.0001],[-95.46385,40.01786],[-95.46814,40.02392],[-95.47822,40.02583],[-95.48128,40.02974],[-95.48603,40.03112],[-95.4917,40.03901],[-95.49597,40.03935],[-95.49662,40.04105],[-95.4929,40.04446],[-95.49365,40.04659],[-95.49778,40.04745],[-95.49834,40.05331],[-95.5072,40.05417],[-95.51008,40.05055],[-95.51333,40.05584],[-95.51638,40.05524],[-95.51304,40.0519],[-95.51471,40.05072],[-95.51864,40.05417],[-95.52043,40.04899],[-95.52039,40.05772]]]}},{"type":"Feature","id":"68429","properties":{"zip":"68429","pop":null,"city":"","county":"Jefferson","state":"Nebraska","area":14.79,"lat":40.06412,"lon":-97.37438},"geometry":{"type":"Polygon","coordinates":[[[-97.4445,40.07436],[-97.40676,40.07437],[-97.4071,40.10356],[-97.38815,40.10352],[-97.3882,40.11078],[-97.36914,40.11085],[-97.36912,40.08905],[-97.33139,40.08895],[-97.33124,40.06081],[-97.33285,40.05977],[-97.33124,40.05976],[-97.33113,40.03092],[-97.35001,40.03096],[-97.35049,40.00196],[-97.3692,40.00206],[-97.36909,40.05995],[-97.40072,40.05903],[-97.42498,40.055],[-97.42964,40.05326],[-97.43478,40.04732],[-97.43651,40.04985],[-97.43486,40.05044],[-97.43534,40.05268],[-97.43129,40.05377],[-97.43246,40.05572],[-97.44445,40.05477],[-97.4445,40.07436]]]}},{"type":"Feature","id":"68062","properties":{"zip":"68062","pop":null,"city":"","county":"Thurston","state":"Nebraska","area":29.13,"lat":42.19536,"lon":-96.67432},"geometry":{"type":"Polygon","coordinates":[[[-96.79401,42.19179],[-96.72574,42.19153],[-96.7262,42.21682],[-96.72132,42.21682],[-96.72121,42.20959],[-96.70648,42.20961],[-96.70644,42.20623],[-96.68719,42.20612],[-96.68726,42.26415],[-96.6678,42.26402],[-96.66781,42.24954],[-96.63165,42.24954],[-96.63414,42.24947],[-96.6382,42.24216],[-96.64028,42.24152],[-96.63969,42.23502],[-96.6095,42.23479],[-96.60946,42.20604],[-96.59976,42.20598],[-96.59958,42.1914],[-96.57045,42.19143],[-96.57042,42.17689],[-96.61427,42.17699],[-96.61421,42.16985],[-96.62395,42.1699],[-96.62398,42.17347],[-96.62887,42.17351],[-96.6288,42.16067],[-96.7071,42.16076],[-96.7071,42.15676],[-96.71358,42.15172],[-96.71885,42.15234],[-96.72003,42.15027],[-96.71849,42.14925],[-96.72071,42.14609],[-96.71938,42.14528],[-96.72355,42.14321],[-96.72222,42.14053],[-96.7249,42.1363],[-96.72434,42.13385],[-96.73039,42.13721],[-96.73057,42.13946],[-96.73709,42.14221],[-96.73526,42.14654],[-96.74391,42.16085],[-96.74737,42.16175],[-96.74743,42.16365],[-96.75153,42.16355],[-96.75366,42.16672],[-96.76558,42.1676],[-96.76865,42.16526],[-96.77382,42.17139],[-96.77504,42.17508],[-96.77378,42.17719],[-96.77952,42.18128],[-96.77994,42.18405],[-96.7858,42.18444],[-96.79614,42.19171],[-96.79401,42.19179]]]}},{"type":"Feature","id":"68652","properties":{"zip":"68652","pop":null,"city":"","county":"Boone","state":"Nebraska","area":107.71,"lat":41.86178,"lon":-98.0891},"geometry":{"type":"Polygon","coordinates":[[[-98.29563,41.90042],[-98.2956,41.91495],[-97.89161,41.91612],[-97.89124,41.88704],[-97.87192,41.88702],[-97.87186,41.87255],[-97.86212,41.87258],[-97.86212,41.86538],[-97.87179,41.86533],[-97.87167,41.83283],[-97.88134,41.83274],[-97.88138,41.83998],[-97.89106,41.83996],[-97.89106,41.84355],[-97.94919,41.8434],[-97.94909,41.82896],[-98.02609,41.82868],[-98.02639,41.85037],[-98.0458,41.85031],[-98.0454,41.76579],[-98.0529,41.76017],[-98.06381,41.75983],[-98.07529,41.76356],[-98.07528,41.7658],[-98.08114,41.76584],[-98.08438,41.78522],[-98.1803,41.78472],[-98.17973,41.82833],[-98.27692,41.82808],[-98.27739,41.88643],[-98.29565,41.88634],[-98.29563,41.90042]]]}},{"type":"Feature","id":"68405","properties":{"zip":"68405","pop":null,"city":"","county":"Seward","state":"Nebraska","area":60.87,"lat":40.76528,"lon":-97.07315},"geometry":{"type":"Polygon","coordinates":[[[-97.17787,40.79261],[-97.13963,40.7926],[-97.13963,40.79999],[-97.09228,40.79991],[-97.09219,40.81439],[-97.0828,40.81436],[-97.08273,40.82886],[-97.0923,40.82888],[-97.0923,40.83613],[-97.083,40.83606],[-97.08302,40.84357],[-97.07304,40.84342],[-97.07312,40.83964],[-97.07796,40.83966],[-97.0767,40.83246],[-97.06398,40.83297],[-97.06373,40.85778],[-97.00605,40.85776],[-97.00616,40.79969],[-96.96795,40.79957],[-96.96793,40.78138],[-96.97593,40.77749],[-96.97862,40.77407],[-97.00629,40.77439],[-97.00639,40.73784],[-96.9998,40.73067],[-96.98734,40.73065],[-96.9873,40.71977],[-96.99199,40.71977],[-96.99203,40.71621],[-96.99685,40.71623],[-96.9969,40.7101],[-97.00157,40.71002],[-97.00149,40.69811],[-97.02716,40.69818],[-97.02721,40.69069],[-97.04608,40.69085],[-97.04608,40.69415],[-97.06477,40.69448],[-97.06468,40.69823],[-97.13002,40.69837],[-97.12995,40.7047],[-97.13969,40.70487],[-97.13968,40.71289],[-97.14504,40.7129],[-97.14502,40.70576],[-97.15424,40.70569],[-97.15425,40.71288],[-97.15875,40.71289],[-97.15869,40.71953],[-97.16779,40.71968],[-97.16777,40.72762],[-97.17779,40.72761],[-97.17787,40.79261]]]}},{"type":"Feature","id":"68344","properties":{"zip":"68344","pop":null,"city":"","county":"Otoe","state":"Nebraska","area":25.42,"lat":40.5716,"lon":-96.39549},"geometry":{"type":"Polygon","coordinates":[[[-96.46367,40.55201],[-96.44472,40.55194],[-96.44484,40.58096],[-96.45423,40.58099],[-96.45434,40.5882],[-96.4541,40.59182],[-96.44486,40.59179],[-96.44467,40.62445],[-96.42578,40.62447],[-96.42565,40.60996],[-96.33126,40.60983],[-96.33161,40.58083],[-96.32203,40.58086],[-96.32254,40.57437],[-96.33596,40.57635],[-96.33644,40.56634],[-96.34578,40.56735],[-96.346,40.5562],[-96.34968,40.55539],[-96.34972,40.53738],[-96.36873,40.53744],[-96.36875,40.5229],[-96.42575,40.523],[-96.42575,40.53746],[-96.46366,40.5375],[-96.46367,40.55201]]]}},{"type":"Feature","id":"68410","properties":{"zip":"68410","pop":null,"city":"Nebraska City","county":"Otoe","state":"Nebraska","area":110.39,"lat":40.63728,"lon":-95.88596},"geometry":{"type":"Polygon","coordinates":[[[-96.00689,40.72949],[-96.00691,40.75512],[-95.99495,40.75514],[-95.9949,40.76964],[-95.96899,40.76968],[-95.96889,40.75517],[-95.9403,40.75517],[-95.94042,40.76969],[-95.90211,40.7696],[-95.90208,40.76238],[-95.89252,40.76234],[-95.89251,40.78413],[-95.83422,40.78378],[-95.8369,40.77648],[-95.84282,40.77109],[-95.86998,40.75964],[-95.88364,40.74783],[-95.8887,40.73629],[-95.88535,40.72109],[-95.88318,40.71758],[-95.85938,40.70806],[-95.85262,40.70226],[-95.84793,40.6942],[-95.84603,40.68261],[-95.8428,40.6775],[-95.82291,40.66724],[-95.80431,40.66489],[-95.78657,40.65725],[-95.77283,40.6425],[-95.76893,40.62126],[-95.74968,40.60684],[-95.74886,40.59996],[-95.75315,40.59284],[-95.76853,40.5833],[-95.77355,40.5782],[-95.7747,40.57357],[-95.76383,40.55387],[-95.76362,40.5483],[-95.76928,40.53666],[-95.76692,40.53156],[-95.75711,40.52599],[-95.74868,40.52428],[-95.73725,40.52393],[-95.72244,40.52812],[-95.71429,40.52721],[-95.70997,40.5238],[-95.74564,40.52321],[-95.75338,40.52415],[-95.76683,40.52928],[-95.77105,40.53729],[-95.78959,40.5365],[-95.799,40.53792],[-95.82123,40.53757],[-95.82114,40.52307],[-95.85876,40.523],[-95.85893,40.5375],[-95.87832,40.53765],[-95.87822,40.53008],[-95.88337,40.53008],[-95.88342,40.52295],[-95.89713,40.52293],[-95.89702,40.53738],[-95.95388,40.5376],[-95.95369,40.56662],[-95.97268,40.56667],[-95.97267,40.58107],[-95.99174,40.58119],[-95.99171,40.62453],[-95.97259,40.6245],[-95.97356,40.69705],[-95.96883,40.69706],[-95.96879,40.71159],[-95.95933,40.71157],[-95.9602,40.72612],[-96.00692,40.72609],[-96.00689,40.72949]]]}},{"type":"Feature","id":"68866","properties":{"zip":"68866","pop":null,"city":"","county":"Buffalo","state":"Nebraska","area":83.15,"lat":40.9687,"lon":-99.12291},"geometry":{"type":"Polygon","coordinates":[[[-99.27453,41.04691],[-99.24579,41.04692],[-99.24516,41.08816],[-99.24058,41.0903],[-99.22622,41.09029],[-99.22467,41.08878],[-99.21944,41.09025],[-99.21352,41.09598],[-99.2068,41.09738],[-99.20756,41.047],[-99.1028,41.04712],[-99.10231,41.01859],[-99.08321,41.01816],[-99.08302,41.00362],[-99.00782,41.00281],[-99.00784,40.9812],[-99.02712,40.98147],[-99.02712,40.98336],[-99.04575,40.97627],[-99.0457,40.97463],[-99.05525,40.97465],[-99.05543,40.96014],[-99.00798,40.95931],[-99.00826,40.94528],[-98.99866,40.94531],[-98.99869,40.93805],[-99.00843,40.93811],[-99.00781,40.9163],[-98.96954,40.91629],[-98.96943,40.90189],[-99.0079,40.90187],[-99.0073,40.87344],[-99.08458,40.87316],[-99.08484,40.90235],[-99.1038,40.90237],[-99.10358,40.87281],[-99.12255,40.87251],[-99.1229,40.88691],[-99.16058,40.88657],[-99.16005,40.91595],[-99.17898,40.91611],[-99.17857,40.94428],[-99.18797,40.94542],[-99.18861,40.94183],[-99.1978,40.94194],[-99.19784,40.94548],[-99.21676,40.94478],[-99.21705,40.96587],[-99.22152,40.96953],[-99.22206,40.97356],[-99.21966,40.97904],[-99.21714,40.98049],[-99.21696,40.98818],[-99.19783,40.98896],[-99.19799,41.01796],[-99.27353,41.01756],[-99.27453,41.04691]]]}},{"type":"Feature","id":"69162","properties":{"zip":"69162","pop":null,"city":"","county":"Cheyenne","state":"Nebraska","area":341.83,"lat":41.12996,"lon":-103.02835},"geometry":{"type":"Polygon","coordinates":[[[-103.36318,41.01864],[-103.26842,41.01849],[-103.26825,41.04762],[-103.2991,41.0476],[-103.2989,41.07524],[-103.31804,41.07671],[-103.31822,41.11267],[-103.32023,41.12501],[-103.31833,41.12812],[-103.31641,41.14434],[-103.31879,41.15232],[-103.22216,41.15011],[-103.22223,41.16373],[-103.21413,41.16367],[-103.20374,41.15962],[-103.20318,41.16361],[-103.14637,41.16372],[-103.14606,41.19678],[-103.18459,41.20632],[-103.18452,41.27936],[-103.12749,41.27969],[-103.12736,41.29408],[-102.97348,41.29401],[-102.97359,41.26483],[-102.91525,41.26419],[-102.91516,41.2495],[-102.82104,41.25076],[-102.8209,41.23626],[-102.76357,41.2362],[-102.76344,41.1628],[-102.78261,41.16278],[-102.78272,41.13502],[-102.80174,41.13482],[-102.80187,41.10583],[-102.78267,41.1058],[-102.7827,41.07681],[-102.80185,41.07675],[-102.8018,41.04783],[-102.79292,41.04785],[-102.79281,41.00232],[-103.36298,41.00184],[-103.36318,41.01864]]]}},{"type":"Feature","id":"69212","properties":{"zip":"69212","pop":null,"city":"","county":"Cherry","state":"Nebraska","area":175.19,"lat":42.98736,"lon":-100.80437},"geometry":{"type":"Polygon","coordinates":[[[-100.92883,42.7907],[-100.92189,42.79251],[-100.91822,42.79877],[-100.91879,42.80195],[-100.92523,42.8079],[-100.92515,42.85685],[-100.9055,42.85683],[-100.90515,42.9292],[-100.88589,42.92912],[-100.88677,42.9616],[-100.8631,42.96143],[-100.8622,42.97234],[-100.85248,42.97228],[-100.85254,42.97596],[-100.86742,42.9761],[-100.86734,42.98703],[-100.8576,42.98693],[-100.85757,42.98328],[-100.85268,42.98323],[-100.85261,42.97959],[-100.84768,42.97956],[-100.84818,42.99825],[-100.80691,42.99822],[-100.80667,43.03138],[-100.78693,43.03136],[-100.78696,43.07481],[-100.90499,43.07463],[-100.90498,43.13244],[-100.90635,43.13701],[-100.89819,43.13699],[-100.89818,43.14823],[-100.90529,43.14819],[-100.90789,43.15753],[-100.90762,43.17182],[-100.89275,43.17205],[-100.89265,43.17524],[-100.89038,43.17608],[-100.88938,43.17931],[-100.87957,43.17992],[-100.87878,43.18457],[-100.88148,43.18639],[-100.88054,43.18785],[-100.86303,43.18864],[-100.85486,43.19158],[-100.85063,43.19582],[-100.85043,43.20007],[-100.8564,43.20873],[-100.85663,43.21395],[-100.85369,43.21507],[-100.85679,43.21712],[-100.85404,43.22094],[-100.85627,43.22196],[-100.85628,43.22563],[-100.85375,43.2259],[-100.85474,43.22834],[-100.84965,43.23001],[-100.82716,43.22212],[-100.81714,43.22064],[-100.79993,43.21306],[-100.78759,43.20129],[-100.74913,43.20124],[-100.74901,43.18682],[-100.6897,43.18677],[-100.68914,43.20135],[-100.67186,43.20161],[-100.66641,43.19841],[-100.66041,43.19429],[-100.6601,43.15881],[-100.6891,43.15791],[-100.68893,43.12901],[-100.72852,43.12889],[-100.7282,43.07487],[-100.74795,43.07487],[-100.74788,42.99818],[-100.75002,42.9959],[-100.74995,42.9857],[-100.71012,42.98504],[-100.70973,42.97063],[-100.74972,42.97125],[-100.74936,42.93673],[-100.75206,42.93157],[-100.74899,42.93197],[-100.74897,42.9285],[-100.74505,42.92841],[-100.74664,42.92456],[-100.74912,42.92492],[-100.70808,42.91055],[-100.69527,42.90277],[-100.67005,42.89574],[-100.66975,42.86919],[-100.70869,42.86967],[-100.70898,42.81227],[-100.74837,42.812],[-100.7484,42.78845],[-100.76295,42.78928],[-100.76813,42.78669],[-100.78203,42.78676],[-100.78898,42.78005],[-100.7996,42.78131],[-100.83742,42.77203],[-100.84191,42.77524],[-100.85401,42.7783],[-100.86137,42.77692],[-100.88321,42.78219],[-100.88742,42.77992],[-100.898,42.78189],[-100.90031,42.78469],[-100.90982,42.78411],[-100.91491,42.78731],[-100.92104,42.78801],[-100.92563,42.78695],[-100.9252,42.78969],[-100.92883,42.7907]]]}},{"type":"Feature","id":"68352","properties":{"zip":"68352","pop":null,"city":"","county":"Jefferson","state":"Nebraska","area":209.76,"lat":40.15255,"lon":-97.2193},"geometry":{"type":"Polygon","coordinates":[[[-97.36919,40.14715],[-97.36914,40.20519],[-97.36316,40.2079],[-97.36423,40.2112],[-97.36104,40.2136],[-97.36122,40.21981],[-97.32168,40.21959],[-97.32153,40.23428],[-97.33103,40.23426],[-97.33097,40.24159],[-97.31191,40.24145],[-97.31193,40.24868],[-97.33092,40.24885],[-97.33125,40.26315],[-97.35023,40.26323],[-97.35006,40.27781],[-97.31221,40.27765],[-97.31227,40.26309],[-97.30277,40.26307],[-97.30272,40.28131],[-97.29321,40.28129],[-97.29323,40.28849],[-97.2837,40.2885],[-97.2836,40.29211],[-97.27438,40.2921],[-97.27448,40.30665],[-97.2365,40.30641],[-97.23665,40.32086],[-97.21767,40.32073],[-97.21763,40.30625],[-97.19875,40.30617],[-97.19888,40.32068],[-97.17997,40.32065],[-97.17979,40.3061],[-97.16105,40.30606],[-97.16101,40.29161],[-97.12375,40.29146],[-97.12377,40.27701],[-97.10493,40.27712],[-97.1054,40.17556],[-97.02961,40.17548],[-97.02968,40.11737],[-97.04858,40.11713],[-97.04856,40.08841],[-97.14259,40.08848],[-97.14189,40.00153],[-97.35049,40.00196],[-97.35001,40.03096],[-97.33113,40.03092],[-97.33124,40.05976],[-97.33285,40.05977],[-97.33124,40.06081],[-97.33139,40.08895],[-97.36912,40.08905],[-97.36919,40.14715]]]}},{"type":"Feature","id":"68930","properties":{"zip":"68930","pop":null,"city":"","county":"Webster","state":"Nebraska","area":106.91,"lat":40.28512,"lon":-98.41847},"geometry":{"type":"Polygon","coordinates":[[[-98.53854,40.27752],[-98.52944,40.27741],[-98.52934,40.29193],[-98.51991,40.29187],[-98.51954,40.35037],[-98.53437,40.35036],[-98.53427,40.36483],[-98.45863,40.36496],[-98.45867,40.37953],[-98.43971,40.37942],[-98.43967,40.3649],[-98.40164,40.36487],[-98.40161,40.37936],[-98.34309,40.37924],[-98.34437,40.41788],[-98.33501,40.41434],[-98.33489,40.42261],[-98.3255,40.42257],[-98.32549,40.42627],[-98.3161,40.42625],[-98.31613,40.41531],[-98.29712,40.41554],[-98.29708,40.42277],[-98.27804,40.42281],[-98.27791,40.40818],[-98.28755,40.40826],[-98.2876,40.37933],[-98.29711,40.37933],[-98.29699,40.36489],[-98.31585,40.36487],[-98.31605,40.35037],[-98.33132,40.35006],[-98.33036,40.33587],[-98.35879,40.33595],[-98.35882,40.32148],[-98.34921,40.32144],[-98.34934,40.30686],[-98.33942,40.307],[-98.33956,40.28531],[-98.34944,40.28531],[-98.34931,40.25253],[-98.33983,40.25248],[-98.33983,40.24883],[-98.29261,40.24884],[-98.29256,40.21993],[-98.34927,40.2199],[-98.34923,40.2054],[-98.38694,40.20544],[-98.38703,40.16183],[-98.42473,40.16169],[-98.42483,40.14717],[-98.48132,40.14707],[-98.48144,40.17599],[-98.45308,40.17619],[-98.45307,40.18534],[-98.4477,40.18537],[-98.44759,40.19434],[-98.46256,40.19434],[-98.46267,40.20508],[-98.44384,40.20529],[-98.44391,40.21977],[-98.53844,40.2197],[-98.53854,40.27752]]]}},{"type":"Feature","id":"68743","properties":{"zip":"68743","pop":null,"city":"","county":"Dakota","state":"Nebraska","area":39.64,"lat":42.47267,"lon":-96.62612},"geometry":{"type":"Polygon","coordinates":[[[-96.72223,42.52465],[-96.69431,42.52452],[-96.69082,42.51026],[-96.68289,42.50274],[-96.6831,42.47383],[-96.64167,42.4738],[-96.63792,42.47739],[-96.6336,42.47769],[-96.63353,42.47985],[-96.65351,42.49167],[-96.65339,42.50639],[-96.66349,42.50634],[-96.66373,42.50989],[-96.66975,42.50993],[-96.66957,42.52429],[-96.63149,42.52432],[-96.62596,42.51358],[-96.61149,42.50609],[-96.60347,42.50446],[-96.59112,42.50541],[-96.5679,42.51788],[-96.55778,42.52038],[-96.53804,42.51813],[-96.52514,42.51023],[-96.51589,42.49427],[-96.50652,42.48528],[-96.51179,42.48322],[-96.52257,42.47344],[-96.53818,42.47369],[-96.53721,42.45657],[-96.56071,42.44833],[-96.56079,42.44445],[-96.57042,42.44642],[-96.5706,42.44383],[-96.57154,42.44655],[-96.57518,42.4468],[-96.57531,42.44324],[-96.58286,42.44329],[-96.58577,42.43283],[-96.60108,42.4331],[-96.60623,42.4309],[-96.60724,42.4234],[-96.62911,42.42343],[-96.62937,42.40893],[-96.67727,42.40898],[-96.6771,42.43763],[-96.68285,42.43763],[-96.68308,42.44487],[-96.69267,42.44482],[-96.69294,42.44125],[-96.69768,42.44125],[-96.69769,42.44],[-96.72197,42.44424],[-96.72223,42.52465]]]}},{"type":"Feature","id":"68856","properties":{"zip":"68856","pop":null,"city":"","county":"Custer","state":"Nebraska","area":93.0,"lat":41.50174,"lon":-99.81679},"geometry":{"type":"Polygon","coordinates":[[[-100.02044,41.48088],[-100.00117,41.48102],[-100.00044,41.49553],[-99.92898,41.49567],[-99.92495,41.49759],[-99.92304,41.50184],[-99.92353,41.52449],[-99.90413,41.52438],[-99.90386,41.51035],[-99.88496,41.51015],[-99.88505,41.49568],[-99.82734,41.49582],[-99.82718,41.51033],[-99.84639,41.51064],[-99.8461,41.52495],[-99.86543,41.52501],[-99.86514,41.53949],[-99.82663,41.53925],[-99.82652,41.54592],[-99.83098,41.54647],[-99.83125,41.57528],[-99.82707,41.57527],[-99.82643,41.58287],[-99.80773,41.58258],[-99.80658,41.57541],[-99.7695,41.57527],[-99.76921,41.58226],[-99.76005,41.5825],[-99.75956,41.58587],[-99.75002,41.58624],[-99.75011,41.60048],[-99.74778,41.61129],[-99.71194,41.61117],[-99.71166,41.59704],[-99.68844,41.59931],[-99.67354,41.59569],[-99.67406,41.48127],[-99.69329,41.48153],[-99.69473,41.46706],[-99.72244,41.46701],[-99.72251,41.4453],[-99.73252,41.44532],[-99.75071,41.46712],[-99.77049,41.46695],[-99.77069,41.43792],[-99.8283,41.43748],[-99.82812,41.45199],[-99.85537,41.45204],[-99.85875,41.44847],[-99.86679,41.44792],[-99.86702,41.43769],[-99.88624,41.43754],[-99.88622,41.41893],[-99.89016,41.41573],[-99.88626,41.40863],[-99.88586,41.39842],[-99.89004,41.39385],[-99.90332,41.39393],[-99.9048,41.39464],[-99.90497,41.42289],[-99.98165,41.42332],[-99.98127,41.43732],[-99.99092,41.43746],[-99.991,41.44462],[-100.0006,41.44468],[-100.0007,41.45198],[-100.01301,41.45189],[-100.02012,41.45506],[-100.02044,41.48088]]]}},{"type":"Feature","id":"68759","properties":{"zip":"68759","pop":null,"city":"","county":"Rock","state":"Nebraska","area":221.63,"lat":42.75056,"lon":-99.33744},"geometry":{"type":"Polygon","coordinates":[[[-99.55208,42.97637],[-99.55167,42.98225],[-99.5487,42.9881],[-99.54972,42.99802],[-99.25445,42.99814],[-99.25396,42.90485],[-99.25682,42.90493],[-99.25758,42.90198],[-99.25685,42.78265],[-99.2458,42.7825],[-99.24459,42.43464],[-99.36227,42.43462],[-99.36169,42.54327],[-99.40101,42.54384],[-99.40143,42.58193],[-99.36233,42.59129],[-99.36257,42.625],[-99.36343,42.65217],[-99.40198,42.65266],[-99.40277,42.77158],[-99.3959,42.77232],[-99.37797,42.78221],[-99.36432,42.7824],[-99.34421,42.77943],[-99.33462,42.78133],[-99.33525,42.82563],[-99.41449,42.82516],[-99.41428,42.85383],[-99.43402,42.85415],[-99.43413,42.86848],[-99.45364,42.86829],[-99.4547,42.87763],[-99.45929,42.88272],[-99.45835,42.89632],[-99.41457,42.89771],[-99.41432,42.91221],[-99.37501,42.91255],[-99.37502,42.88358],[-99.33569,42.88362],[-99.33446,42.91851],[-99.37506,42.92813],[-99.45383,42.92625],[-99.45385,42.94055],[-99.55201,42.94037],[-99.55208,42.97637]]]}},{"type":"Feature","id":"68458","properties":{"zip":"68458","pop":null,"city":"","county":"Gage","state":"Nebraska","area":26.05,"lat":40.23105,"lon":-96.4874},"geometry":{"type":"Polygon","coordinates":[[[-96.55836,40.20777],[-96.55835,40.21879],[-96.53942,40.21871],[-96.53947,40.24775],[-96.50166,40.24717],[-96.50168,40.24885],[-96.52627,40.25442],[-96.53948,40.25459],[-96.53938,40.26956],[-96.52996,40.26952],[-96.53001,40.26596],[-96.52051,40.26599],[-96.52049,40.26956],[-96.50157,40.26956],[-96.50148,40.27679],[-96.4637,40.27666],[-96.46367,40.29114],[-96.44549,40.29127],[-96.44541,40.27675],[-96.42651,40.2769],[-96.42634,40.24796],[-96.44524,40.24771],[-96.44485,40.18978],[-96.46362,40.1897],[-96.46365,40.17518],[-96.50135,40.17513],[-96.50143,40.18971],[-96.53935,40.18965],[-96.53938,40.20417],[-96.55834,40.20426],[-96.55836,40.20777]]]}},{"type":"Feature","id":"68403","properties":{"zip":"68403","pop":null,"city":"Manley","county":"Cass","state":"Nebraska","area":0.58,"lat":40.92038,"lon":-96.16707},"geometry":{"type":"Polygon","coordinates":[[[-96.17819,40.92147],[-96.16862,40.9221],[-96.16865,40.92883],[-96.15903,40.92891],[-96.15904,40.91437],[-96.17817,40.9142],[-96.17819,40.92147]]]}},{"type":"Feature","id":"69036","properties":{"zip":"69036","pop":null,"city":"","county":"Red Willow","state":"Nebraska","area":18.94,"lat":40.02791,"lon":-100.29777},"geometry":{"type":"Polygon","coordinates":[[[-100.36201,40.04289],[-100.34333,40.04383],[-100.34306,40.06523],[-100.31427,40.06527],[-100.31415,40.05194],[-100.27994,40.0507],[-100.27795,40.053],[-100.27706,40.05134],[-100.25105,40.05096],[-100.23195,40.05242],[-100.23156,40.00333],[-100.22921,40.00169],[-100.36349,40.00178],[-100.36201,40.04289]]]}},{"type":"Feature","id":"68055","properties":{"zip":"68055","pop":null,"city":"","county":"Thurston","state":"Nebraska","area":35.4,"lat":42.05745,"lon":-96.47188},"geometry":{"type":"Polygon","coordinates":[[[-96.56064,42.09727],[-96.551,42.09723],[-96.55095,42.10446],[-96.52117,42.10438],[-96.52121,42.08992],[-96.48723,42.08984],[-96.48714,42.09712],[-96.48213,42.09712],[-96.48231,42.08984],[-96.46279,42.08977],[-96.4629,42.10431],[-96.41461,42.10431],[-96.41439,42.08981],[-96.4048,42.08985],[-96.40514,42.075],[-96.38584,42.07511],[-96.3856,42.06059],[-96.36621,42.06053],[-96.36636,42.03159],[-96.40524,42.03162],[-96.40525,42.028],[-96.41493,42.02802],[-96.41493,42.03163],[-96.42465,42.03165],[-96.42463,42.01671],[-96.55487,42.01588],[-96.55551,42.08996],[-96.56063,42.08998],[-96.56064,42.09727]]]}},{"type":"Feature","id":"68360","properties":{"zip":"68360","pop":null,"city":"","county":"Seward","state":"Nebraska","area":17.75,"lat":40.94611,"lon":-96.95665},"geometry":{"type":"Polygon","coordinates":[[[-97.00612,40.96644],[-96.98202,40.96697],[-96.98155,40.97963],[-96.97641,40.98797],[-96.94887,40.98786],[-96.94893,40.9951],[-96.92984,40.99515],[-96.92975,40.97341],[-96.91064,40.9732],[-96.91057,40.92989],[-96.9297,40.93003],[-96.92966,40.90102],[-96.98687,40.90108],[-96.98691,40.93009],[-97.00604,40.93014],[-97.00612,40.96644]]]}},{"type":"Feature","id":"69353","properties":{"zip":"69353","pop":null,"city":"McGrew","county":"Scotts Bluff","state":"Nebraska","area":0.05,"lat":41.74667,"lon":-103.41914},"geometry":{"type":"Polygon","coordinates":[[[-103.42217,41.74925],[-103.4196,41.74776],[-103.41449,41.74883],[-103.41703,41.74771],[-103.4159,41.74426],[-103.42217,41.74582],[-103.42217,41.74925]]]}},{"type":"Feature","id":"68981","properties":{"zip":"68981","pop":null,"city":"","county":"Franklin","state":"Nebraska","area":66.36,"lat":40.28606,"lon":-98.89241},"geometry":{"type":"Polygon","coordinates":[[[-99.00965,40.29232],[-98.95257,40.29252],[-98.95329,40.35043],[-98.89446,40.35042],[-98.89434,40.36491],[-98.87533,40.36487],[-98.87527,40.37937],[-98.79996,40.37938],[-98.79984,40.35033],[-98.81245,40.35037],[-98.81221,40.33515],[-98.80284,40.33517],[-98.80254,40.30606],[-98.82125,40.30607],[-98.82068,40.26289],[-98.84005,40.26293],[-98.83983,40.17572],[-98.89652,40.17585],[-98.89652,40.26318],[-98.9523,40.26342],[-98.95237,40.24882],[-98.94307,40.24869],[-98.94315,40.24138],[-98.91531,40.24149],[-98.9153,40.23419],[-98.95237,40.23421],[-98.95239,40.21962],[-98.99987,40.21975],[-98.99974,40.22346],[-98.99527,40.22348],[-98.9951,40.22707],[-98.99048,40.22703],[-98.99049,40.23421],[-99.00952,40.23442],[-99.00965,40.29232]]]}},{"type":"Feature","id":"69211","properties":{"zip":"69211","pop":null,"city":"","county":"Cherry","state":"Nebraska","area":275.57,"lat":42.8396,"lon":-101.31066},"geometry":{"type":"Polygon","coordinates":[[[-101.55131,42.79349],[-101.54853,42.80487],[-101.54591,42.80552],[-101.54818,42.8214],[-101.54105,42.83246],[-101.54006,42.83787],[-101.53106,42.84414],[-101.53446,42.84877],[-101.53406,42.85097],[-101.52174,42.85266],[-101.51726,42.85547],[-101.51398,42.87254],[-101.49451,42.87247],[-101.49479,42.91591],[-101.41565,42.91585],[-101.41571,42.93034],[-101.40596,42.93028],[-101.40598,42.93754],[-101.41577,42.93757],[-101.41598,42.95207],[-101.43557,42.95185],[-101.43562,42.94473],[-101.45555,42.9446],[-101.45653,42.96458],[-101.45058,42.9667],[-101.44285,42.97346],[-101.43902,42.98273],[-101.44682,42.99727],[-101.14081,42.99793],[-101.14111,42.7855],[-101.122,42.78545],[-101.12101,42.77374],[-101.11161,42.7593],[-101.1109,42.75461],[-101.11833,42.73947],[-101.11666,42.72746],[-101.12089,42.71448],[-101.13845,42.69611],[-101.15184,42.68841],[-101.17777,42.68601],[-101.18491,42.68346],[-101.2039,42.68369],[-101.21176,42.68205],[-101.24414,42.68647],[-101.25752,42.68648],[-101.26026,42.68232],[-101.2579,42.67563],[-101.26014,42.67563],[-101.25945,42.67352],[-101.26218,42.67157],[-101.26512,42.67039],[-101.26655,42.67174],[-101.26651,42.66473],[-101.27133,42.66479],[-101.27127,42.66127],[-101.28615,42.66134],[-101.28633,42.67218],[-101.32074,42.67248],[-101.32065,42.68521],[-101.3058,42.68515],[-101.30598,42.69708],[-101.30792,42.70058],[-101.33021,42.70184],[-101.35026,42.71091],[-101.37193,42.70821],[-101.38934,42.71079],[-101.39567,42.70788],[-101.4101,42.71234],[-101.42446,42.7125],[-101.42869,42.72146],[-101.43891,42.72433],[-101.43987,42.72849],[-101.44752,42.73403],[-101.46632,42.73785],[-101.47814,42.7447],[-101.50224,42.74973],[-101.5142,42.7572],[-101.51959,42.75806],[-101.52851,42.77303],[-101.54237,42.77731],[-101.54963,42.78304],[-101.55131,42.79349]]]}},{"type":"Feature","id":"68967","properties":{"zip":"68967","pop":null,"city":"","county":"Furnas","state":"Nebraska","area":145.81,"lat":40.2527,"lon":-99.63071},"geometry":{"type":"Polygon","coordinates":[[[-99.79957,40.21907],[-99.69092,40.21945],[-99.68846,40.22072],[-99.68762,40.2363],[-99.68427,40.24039],[-99.67379,40.23932],[-99.65889,40.23437],[-99.6337,40.23428],[-99.6337,40.23833],[-99.65182,40.24596],[-99.67853,40.24139],[-99.68299,40.24406],[-99.68582,40.2504],[-99.6891,40.25166],[-99.70027,40.2455],[-99.708,40.24355],[-99.72211,40.24637],[-99.72359,40.24874],[-99.73799,40.25086],[-99.74284,40.25395],[-99.74242,40.32149],[-99.73417,40.32119],[-99.73573,40.33587],[-99.71637,40.33573],[-99.71668,40.3801],[-99.66197,40.37974],[-99.66161,40.36557],[-99.64265,40.36571],[-99.64221,40.3512],[-99.50003,40.35101],[-99.49989,40.34399],[-99.49068,40.34344],[-99.48585,40.34347],[-99.48588,40.35088],[-99.48126,40.35086],[-99.48105,40.32878],[-99.46203,40.32893],[-99.46142,40.2783],[-99.47968,40.27855],[-99.48057,40.24863],[-99.51669,40.24904],[-99.51667,40.20539],[-99.53486,40.20533],[-99.53424,40.19074],[-99.57327,40.19135],[-99.5712,40.18187],[-99.57345,40.1791],[-99.57354,40.16206],[-99.59252,40.1621],[-99.5926,40.1476],[-99.6115,40.14774],[-99.61168,40.13325],[-99.65651,40.13253],[-99.65802,40.1395],[-99.66708,40.13997],[-99.66778,40.13607],[-99.67335,40.13619],[-99.67341,40.12953],[-99.6864,40.1296],[-99.68643,40.11811],[-99.70497,40.11756],[-99.70533,40.10405],[-99.74247,40.10402],[-99.74263,40.16204],[-99.7199,40.16102],[-99.71957,40.16724],[-99.72415,40.16845],[-99.7238,40.17664],[-99.79893,40.17567],[-99.79957,40.21907]]]}},{"type":"Feature","id":"68715","properties":{"zip":"68715","pop":null,"city":"","county":"Madison","state":"Nebraska","area":38.56,"lat":41.97004,"lon":-97.60883},"geometry":{"type":"Polygon","coordinates":[[[-97.69425,42.02718],[-97.69124,42.02759],[-97.69192,42.0305],[-97.68563,42.03091],[-97.68744,42.03448],[-97.67931,42.03404],[-97.67777,42.0375],[-97.67978,42.03787],[-97.68013,42.0404],[-97.67501,42.04024],[-97.66992,42.04311],[-97.66814,42.04093],[-97.65374,42.04413],[-97.64884,42.03932],[-97.63335,42.03515],[-97.6151,42.03895],[-97.61052,42.03838],[-97.60528,42.03358],[-97.60127,42.03284],[-97.59293,42.03573],[-97.59407,42.02912],[-97.5907,42.0209],[-97.58191,42.02021],[-97.56978,42.02605],[-97.56336,42.02188],[-97.5541,42.02514],[-97.54297,42.02326],[-97.54294,42.00348],[-97.58177,42.00354],[-97.58151,41.98912],[-97.54303,41.98897],[-97.54297,41.97449],[-97.56195,41.97445],[-97.56195,41.94546],[-97.52311,41.94544],[-97.52315,41.91641],[-97.54747,41.91644],[-97.54742,41.90915],[-97.56194,41.90934],[-97.56193,41.91646],[-97.61997,41.91661],[-97.62041,41.87321],[-97.63958,41.87325],[-97.63936,41.91655],[-97.65874,41.91652],[-97.6594,42.00344],[-97.6788,42.00337],[-97.67897,42.02512],[-97.69209,42.02513],[-97.69425,42.02718]]]}},{"type":"Feature","id":"68720","properties":{"zip":"68720","pop":null,"city":"","county":"Antelope","state":"Nebraska","area":48.6,"lat":42.34657,"lon":-98.01422},"geometry":{"type":"Polygon","coordinates":[[[-98.10702,42.39299],[-98.08727,42.39311],[-98.08735,42.38587],[-98.0776,42.38591],[-98.07767,42.39311],[-98.06785,42.39314],[-98.06781,42.40762],[-98.04923,42.40767],[-98.04929,42.42217],[-97.95124,42.42235],[-97.95116,42.2776],[-97.96092,42.27753],[-97.96091,42.27032],[-97.97068,42.27028],[-97.97068,42.27746],[-98.00963,42.27746],[-98.00965,42.26303],[-98.06785,42.26283],[-98.06789,42.30624],[-98.05816,42.30627],[-98.05813,42.32073],[-98.06788,42.32073],[-98.06788,42.32805],[-98.07759,42.32809],[-98.07746,42.33519],[-98.06788,42.33521],[-98.06789,42.34246],[-98.07754,42.34245],[-98.07752,42.34963],[-98.08738,42.34962],[-98.08742,42.37869],[-98.10697,42.37846],[-98.10702,42.39299]]]}},{"type":"Feature","id":"68937","properties":{"zip":"68937","pop":null,"city":"","county":"Gosper","state":"Nebraska","area":158.13,"lat":40.57253,"lon":-99.85498},"geometry":{"type":"Polygon","coordinates":[[[-100.0291,40.52566],[-100.01963,40.52553],[-100.01963,40.53995],[-99.98173,40.54095],[-99.9814,40.62692],[-99.94329,40.6269],[-99.94332,40.6555],[-99.92401,40.65533],[-99.92386,40.7],[-99.90107,40.70006],[-99.90137,40.74378],[-99.86305,40.74253],[-99.8631,40.72832],[-99.84434,40.72896],[-99.84415,40.71122],[-99.83475,40.70737],[-99.83475,40.70585],[-99.82536,40.70014],[-99.7846,40.70009],[-99.78446,40.68796],[-99.77848,40.68914],[-99.76943,40.68573],[-99.77253,40.68527],[-99.77007,40.68315],[-99.7716,40.6826],[-99.77196,40.6782],[-99.76718,40.67579],[-99.76718,40.6701],[-99.77688,40.67016],[-99.77676,40.66278],[-99.75791,40.66257],[-99.75668,40.56828],[-99.73746,40.56816],[-99.73735,40.55346],[-99.71826,40.55367],[-99.71852,40.5179],[-99.7095,40.51785],[-99.70937,40.51058],[-99.70057,40.51037],[-99.70095,40.47423],[-99.70708,40.47322],[-99.70487,40.45942],[-99.70963,40.4563],[-99.71076,40.45193],[-99.71485,40.45118],[-99.71554,40.4459],[-99.7183,40.44255],[-99.71815,40.43803],[-99.77239,40.43847],[-99.7741,40.46462],[-99.77632,40.46744],[-99.8255,40.46588],[-99.82689,40.46721],[-99.84962,40.46719],[-99.84982,40.48171],[-99.92222,40.4815],[-99.92484,40.47968],[-99.92476,40.46697],[-99.98131,40.46742],[-99.98149,40.49643],[-100.02877,40.49662],[-100.0291,40.52566]]]}},{"type":"Feature","id":"69038","properties":{"zip":"69038","pop":null,"city":"","county":"Frontier","state":"Nebraska","area":149.67,"lat":40.60944,"lon":-100.73687},"geometry":{"type":"Polygon","coordinates":[[[-100.8917,40.70024],[-100.61071,40.70011],[-100.61008,40.67079],[-100.59128,40.6706],[-100.59145,40.65632],[-100.58145,40.65615],[-100.58178,40.64174],[-100.58677,40.64185],[-100.58547,40.63609],[-100.59644,40.63706],[-100.59155,40.63473],[-100.592,40.61312],[-100.58239,40.613],[-100.58137,40.59105],[-100.57441,40.58761],[-100.56321,40.58961],[-100.55404,40.58657],[-100.55406,40.56942],[-100.56773,40.56969],[-100.569,40.56341],[-100.57364,40.56242],[-100.57387,40.5556],[-100.59137,40.55534],[-100.59349,40.5269],[-100.61235,40.5263],[-100.61065,40.49672],[-100.64591,40.49581],[-100.65032,40.51749],[-100.64954,40.52624],[-100.74502,40.52643],[-100.89061,40.52273],[-100.8917,40.70024]]]}},{"type":"Feature","id":"68366","properties":{"zip":"68366","pop":null,"city":"","county":"Cass","state":"Nebraska","area":41.32,"lat":40.98226,"lon":-96.44232},"geometry":{"type":"Polygon","coordinates":[[[-96.55846,41.04533],[-96.4445,41.0451],[-96.44435,41.03044],[-96.4299,41.03016],[-96.43023,41.01568],[-96.40674,41.01544],[-96.40677,40.99714],[-96.40299,41.00091],[-96.34959,41.00061],[-96.34961,40.99373],[-96.36873,40.98572],[-96.36913,40.95719],[-96.35002,40.95704],[-96.3504,40.94269],[-96.33159,40.94343],[-96.33168,40.92896],[-96.40805,40.92878],[-96.40854,40.91432],[-96.42749,40.91438],[-96.42749,40.89998],[-96.44648,40.89993],[-96.44643,40.91442],[-96.46373,40.91452],[-96.46373,40.92167],[-96.44597,40.92974],[-96.44555,40.94341],[-96.46374,40.94349],[-96.46376,40.95607],[-96.46616,40.95691],[-96.47235,40.95673],[-96.47487,40.95321],[-96.48081,40.95026],[-96.50163,40.95547],[-96.50163,40.96518],[-96.48284,40.96524],[-96.48289,40.98702],[-96.50192,40.98701],[-96.50193,41.00153],[-96.53059,41.00141],[-96.53076,41.01589],[-96.54415,41.01582],[-96.54589,41.01762],[-96.54463,41.02046],[-96.54928,41.02162],[-96.54818,41.02417],[-96.55116,41.0241],[-96.55204,41.02614],[-96.55018,41.02659],[-96.55026,41.0285],[-96.55262,41.02946],[-96.55598,41.03639],[-96.55419,41.03692],[-96.55408,41.04074],[-96.55846,41.04533]]]}},{"type":"Feature","id":"68106","properties":{"zip":"68106","pop":null,"city":"Omaha","county":"Douglas","state":"Nebraska","area":3.89,"lat":41.23873,"lon":-96.00229},"geometry":{"type":"Polygon","coordinates":[[[-96.02395,41.2467],[-96.02242,41.2467],[-96.0239,41.25603],[-96.00719,41.25534],[-96.00428,41.2596],[-96.00488,41.25448],[-96.00282,41.25598],[-95.98542,41.25611],[-95.98543,41.25244],[-95.98065,41.25335],[-95.98067,41.22751],[-95.98253,41.22427],[-95.98047,41.22352],[-95.99026,41.22159],[-96.0239,41.22151],[-96.0239,41.22708],[-96.01937,41.22703],[-96.01939,41.22897],[-96.02262,41.22885],[-96.02388,41.23066],[-96.02394,41.24027],[-96.02219,41.24084],[-96.02217,41.24421],[-96.0239,41.24456],[-96.02395,41.2467]]]}},{"type":"Feature","id":"68454","properties":{"zip":"68454","pop":null,"city":"","county":"Otoe","state":"Nebraska","area":43.19,"lat":40.69276,"lon":-96.28684},"geometry":{"type":"Polygon","coordinates":[[[-96.34959,40.69398],[-96.33176,40.6935],[-96.33179,40.697],[-96.32033,40.69699],[-96.32086,40.69866],[-96.31786,40.69993],[-96.30918,40.69943],[-96.31255,40.7068],[-96.32218,40.70883],[-96.32273,40.71134],[-96.33083,40.71132],[-96.33127,40.74057],[-96.3122,40.74065],[-96.3123,40.74769],[-96.3311,40.7476],[-96.3314,40.76205],[-96.32145,40.76223],[-96.32182,40.78351],[-96.29349,40.78353],[-96.29341,40.79808],[-96.27453,40.79816],[-96.27447,40.78365],[-96.23632,40.78373],[-96.23607,40.75483],[-96.25509,40.75467],[-96.25459,40.72235],[-96.24957,40.7178],[-96.2464,40.70112],[-96.24318,40.69757],[-96.23535,40.69699],[-96.23657,40.66671],[-96.25453,40.67342],[-96.2569,40.66804],[-96.25554,40.66716],[-96.25538,40.65326],[-96.23633,40.6533],[-96.23637,40.62423],[-96.25533,40.62425],[-96.25546,40.59539],[-96.31244,40.59538],[-96.31233,40.62431],[-96.32607,40.62387],[-96.32623,40.63157],[-96.33844,40.63157],[-96.33818,40.63821],[-96.34128,40.63829],[-96.34146,40.64562],[-96.34956,40.64582],[-96.34953,40.64878],[-96.3348,40.65431],[-96.3316,40.65806],[-96.3318,40.6823],[-96.34958,40.6823],[-96.34959,40.69398]]]}},{"type":"Feature","id":"68756","properties":{"zip":"68756","pop":null,"city":"","county":"Antelope","state":"Nebraska","area":90.3,"lat":42.18547,"lon":-97.97987},"geometry":{"type":"Polygon","coordinates":[[[-98.1066,42.16885],[-98.10656,42.17595],[-98.08702,42.17586],[-98.08719,42.21936],[-98.06779,42.21937],[-98.06785,42.26283],[-98.00965,42.26303],[-98.00963,42.27746],[-97.97068,42.27746],[-97.97068,42.27028],[-97.96091,42.27032],[-97.96092,42.27753],[-97.93216,42.2777],[-97.93219,42.26324],[-97.92244,42.26327],[-97.92254,42.25971],[-97.91764,42.25972],[-97.91756,42.25601],[-97.91264,42.2561],[-97.9126,42.2525],[-97.90287,42.25252],[-97.90285,42.24889],[-97.89311,42.24892],[-97.89319,42.25615],[-97.85446,42.25631],[-97.85453,42.23179],[-97.85628,42.22846],[-97.85446,42.22689],[-97.85455,42.17685],[-97.89305,42.17672],[-97.89274,42.12599],[-97.90255,42.12595],[-97.90239,42.11861],[-97.89271,42.11875],[-97.89275,42.11154],[-97.93148,42.11148],[-97.93164,42.1332],[-97.95087,42.13305],[-97.95106,42.08977],[-98.06769,42.08951],[-98.06775,42.12554],[-98.0774,42.12562],[-98.07741,42.12922],[-98.08706,42.12928],[-98.08718,42.14727],[-98.07744,42.14721],[-98.07734,42.1531],[-98.08943,42.15839],[-98.10666,42.16253],[-98.1066,42.16885]]]}},{"type":"Feature","id":"68065","properties":{"zip":"68065","pop":null,"city":"","county":"Saunders","state":"Nebraska","area":66.23,"lat":41.07655,"lon":-96.84845},"geometry":{"type":"Polygon","coordinates":[[[-96.95037,41.00267],[-96.94894,41.00386],[-96.94887,41.04619],[-96.94683,41.04634],[-96.94705,41.07514],[-96.92793,41.07505],[-96.92801,41.08951],[-96.90859,41.0898],[-96.90873,41.16243],[-96.87,41.16234],[-96.87027,41.17685],[-96.85113,41.17663],[-96.85086,41.16216],[-96.83188,41.16215],[-96.83189,41.14758],[-96.80321,41.14747],[-96.80329,41.13299],[-96.76487,41.13271],[-96.76468,41.11847],[-96.75516,41.11846],[-96.7553,41.07481],[-96.77439,41.07485],[-96.77464,41.04584],[-96.75737,41.0458],[-96.75777,41.03128],[-96.73865,41.03121],[-96.73867,41.00221],[-96.777,41.00229],[-96.77703,41.01679],[-96.80751,41.01693],[-96.80942,41.0222],[-96.81399,41.01995],[-96.81495,41.02202],[-96.81503,41.01959],[-96.824,41.02127],[-96.83068,41.02448],[-96.83348,41.02846],[-96.83405,41.00253],[-96.85314,41.0025],[-96.85315,41.01703],[-96.89152,41.01689],[-96.89141,41.00227],[-96.91073,41.00239],[-96.91078,41.01689],[-96.92109,41.01687],[-96.92144,41.00247],[-96.92981,41.00245],[-96.92984,40.99515],[-96.94893,40.9951],[-96.95037,41.00267]]]}},{"type":"Feature","id":"68752","properties":{"zip":"68752","pop":null,"city":"","county":"Madison","state":"Nebraska","area":100.35,"lat":42.02266,"lon":-97.71541},"geometry":{"type":"Polygon","coordinates":[[[-97.79598,42.17694],[-97.77646,42.17708],[-97.77646,42.19154],[-97.73761,42.19164],[-97.73757,42.17712],[-97.7182,42.17717],[-97.71806,42.1482],[-97.69886,42.14819],[-97.69877,42.13391],[-97.68889,42.13392],[-97.6889,42.11946],[-97.62088,42.11929],[-97.62112,42.07605],[-97.6014,42.07608],[-97.6013,42.04708],[-97.62077,42.04707],[-97.62672,42.04163],[-97.62679,42.03812],[-97.62199,42.03712],[-97.63049,42.03508],[-97.64884,42.03932],[-97.65374,42.04413],[-97.66814,42.04093],[-97.66992,42.04311],[-97.67501,42.04024],[-97.68013,42.0404],[-97.67978,42.03787],[-97.67777,42.0375],[-97.67931,42.03404],[-97.68744,42.03448],[-97.68563,42.03091],[-97.69192,42.0305],[-97.69124,42.02759],[-97.69425,42.02718],[-97.69209,42.02513],[-97.67897,42.02512],[-97.6788,42.00337],[-97.6594,42.00344],[-97.65874,41.91652],[-97.63936,41.91655],[-97.63958,41.87325],[-97.69754,41.87307],[-97.69809,41.88759],[-97.71703,41.88738],[-97.71906,41.88523],[-97.72704,41.88397],[-97.7271,41.88134],[-97.73653,41.87747],[-97.73653,41.87291],[-97.75581,41.87284],[-97.75594,41.88733],[-97.79478,41.88722],[-97.79488,41.9017],[-97.77543,41.90176],[-97.77541,41.93084],[-97.79503,41.93083],[-97.79508,41.94532],[-97.77541,41.94536],[-97.77554,41.95989],[-97.7951,41.95983],[-97.7951,41.97431],[-97.77554,41.97437],[-97.7759,42.00335],[-97.79533,42.00339],[-97.79536,42.01783],[-97.79211,42.01783],[-97.78989,42.02174],[-97.79213,42.02263],[-97.78145,42.03084],[-97.77945,42.03541],[-97.78212,42.0364],[-97.78154,42.03761],[-97.77596,42.03641],[-97.77596,42.04687],[-97.79545,42.04681],[-97.79548,42.06858],[-97.7761,42.06847],[-97.77805,42.07567],[-97.77607,42.07575],[-97.77628,42.0901],[-97.757,42.09013],[-97.757,42.13358],[-97.79586,42.1335],[-97.79598,42.17694]]]}},{"type":"Feature","id":"68753","properties":{"zip":"68753","pop":null,"city":"","county":"Keya Paha","state":"Nebraska","area":65.5,"lat":42.8449,"lon":-99.45591},"geometry":{"type":"Polygon","coordinates":[[[-99.57191,42.9115],[-99.49318,42.91236],[-99.49323,42.94044],[-99.45385,42.94055],[-99.45383,42.92625],[-99.37506,42.92813],[-99.33446,42.91851],[-99.33569,42.88362],[-99.37502,42.88358],[-99.37501,42.91255],[-99.41432,42.91221],[-99.41457,42.89771],[-99.45731,42.89707],[-99.45929,42.88272],[-99.4547,42.87763],[-99.45364,42.86829],[-99.43413,42.86848],[-99.43402,42.85415],[-99.41428,42.85383],[-99.41449,42.82516],[-99.33525,42.82563],[-99.33462,42.78133],[-99.34421,42.77943],[-99.36432,42.7824],[-99.37797,42.78221],[-99.3959,42.77232],[-99.41522,42.7721],[-99.43099,42.76167],[-99.43706,42.75362],[-99.4625,42.75163],[-99.47043,42.73832],[-99.48128,42.73319],[-99.48152,42.78101],[-99.53233,42.78137],[-99.53356,42.82488],[-99.55192,42.82489],[-99.55196,42.85374],[-99.53222,42.85383],[-99.53251,42.86773],[-99.53861,42.86807],[-99.54408,42.87564],[-99.54872,42.8762],[-99.5496,42.87874],[-99.57173,42.87868],[-99.57191,42.9115]]]}},{"type":"Feature","id":"68765","properties":{"zip":"68765","pop":null,"city":"","county":"Pierce","state":"Nebraska","area":98.57,"lat":42.33397,"lon":-97.62319},"geometry":{"type":"Polygon","coordinates":[[[-97.75717,42.2496],[-97.73762,42.24966],[-97.7373,42.2931],[-97.71787,42.29315],[-97.71779,42.30421],[-97.73731,42.31562],[-97.7373,42.32214],[-97.71774,42.3222],[-97.71781,42.35119],[-97.69894,42.35117],[-97.69892,42.37288],[-97.68888,42.37293],[-97.68906,42.38012],[-97.69892,42.38016],[-97.69884,42.40918],[-97.71781,42.40916],[-97.71776,42.43796],[-97.58312,42.4383],[-97.58251,42.42356],[-97.56307,42.42366],[-97.56281,42.40926],[-97.54331,42.40923],[-97.54317,42.36571],[-97.46527,42.36572],[-97.46541,42.32238],[-97.48483,42.32229],[-97.48487,42.30784],[-97.52362,42.30773],[-97.52359,42.30051],[-97.53351,42.30051],[-97.53339,42.29328],[-97.54331,42.29325],[-97.54337,42.26432],[-97.58229,42.26418],[-97.58349,42.27865],[-97.6012,42.27861],[-97.60179,42.23636],[-97.64014,42.25773],[-97.64025,42.22079],[-97.67921,42.22081],[-97.67926,42.23537],[-97.73297,42.23517],[-97.73296,42.23156],[-97.72781,42.2316],[-97.72786,42.22789],[-97.73771,42.22785],[-97.73769,42.23514],[-97.75716,42.23509],[-97.75717,42.2496]]]}},{"type":"Feature","id":"68358","properties":{"zip":"68358","pop":null,"city":"","county":"Lancaster","state":"Nebraska","area":34.64,"lat":40.5332,"lon":-96.60977},"geometry":{"type":"Polygon","coordinates":[[[-96.70847,40.53757],[-96.70435,40.53757],[-96.70462,40.55204],[-96.66714,40.5524],[-96.66745,40.5814],[-96.5918,40.58167],[-96.59126,40.55273],[-96.5724,40.55297],[-96.57249,40.56736],[-96.55828,40.56704],[-96.55814,40.5815],[-96.5393,40.58137],[-96.53932,40.56693],[-96.52029,40.56685],[-96.52057,40.55241],[-96.53957,40.55251],[-96.53977,40.54522],[-96.52075,40.54509],[-96.5209,40.52353],[-96.53998,40.52365],[-96.53957,40.5091],[-96.57209,40.50927],[-96.572,40.49464],[-96.58163,40.49294],[-96.58138,40.47988],[-96.59102,40.4797],[-96.59094,40.47248],[-96.60051,40.47252],[-96.60063,40.47973],[-96.62897,40.47973],[-96.62877,40.46527],[-96.64759,40.46535],[-96.64803,40.50207],[-96.65755,40.50145],[-96.65763,40.50884],[-96.6481,40.50882],[-96.64791,40.5234],[-96.7074,40.52308],[-96.70847,40.53757]]]}},{"type":"Feature","id":"68789","properties":{"zip":"68789","pop":null,"city":"","county":"Knox","state":"Nebraska","area":27.2,"lat":42.53637,"lon":-97.99192},"geometry":{"type":"Polygon","coordinates":[[[-98.09881,42.5211],[-98.09886,42.5243],[-98.09214,42.52433],[-98.09165,42.54061],[-98.08468,42.54693],[-98.08656,42.55039],[-98.08542,42.55529],[-98.07627,42.56056],[-98.07176,42.56684],[-98.07179,42.55346],[-98.03291,42.55355],[-98.03319,42.53906],[-97.97449,42.53919],[-97.97412,42.56768],[-97.96869,42.56827],[-97.96844,42.56999],[-97.96937,42.59724],[-97.94638,42.59731],[-97.9404,42.59947],[-97.93484,42.59849],[-97.92553,42.59278],[-97.90979,42.59271],[-97.90991,42.58991],[-97.91558,42.5899],[-97.91544,42.58277],[-97.91718,42.58277],[-97.91553,42.57584],[-97.90583,42.57579],[-97.90587,42.568],[-97.9156,42.56809],[-97.91615,42.52465],[-97.95501,42.52467],[-97.95504,42.5102],[-97.93574,42.51003],[-97.93575,42.48098],[-97.95523,42.48103],[-97.95512,42.49555],[-97.9944,42.49569],[-97.99437,42.51029],[-98.03335,42.51016],[-98.03349,42.49563],[-98.0725,42.49532],[-98.07238,42.50985],[-98.09451,42.50997],[-98.09288,42.5134],[-98.09988,42.51939],[-98.09881,42.5211]]]}},{"type":"Feature","id":"68102","properties":{"zip":"68102","pop":null,"city":"Omaha","county":"Douglas","state":"Nebraska","area":1.5,"lat":41.26216,"lon":-95.93221},"geometry":{"type":"Polygon","coordinates":[[[-95.94703,41.25311],[-95.94823,41.2587],[-95.94687,41.25868],[-95.94691,41.26167],[-95.93846,41.26374],[-95.93711,41.26689],[-95.94702,41.26796],[-95.94703,41.27526],[-95.93727,41.27317],[-95.93707,41.27],[-95.93527,41.27],[-95.93251,41.27686],[-95.93032,41.27686],[-95.93183,41.26806],[-95.92485,41.27278],[-95.91823,41.27428],[-95.91399,41.2714],[-95.92039,41.2684],[-95.92189,41.2646],[-95.92129,41.2585],[-95.91637,41.2483],[-95.92534,41.24954],[-95.92398,41.25225],[-95.93465,41.25088],[-95.93457,41.25233],[-95.94829,41.2524],[-95.94703,41.25311]],[[-95.94096,41.25657],[-95.9385,41.25655],[-95.93849,41.25761],[-95.94114,41.25762],[-95.94096,41.25657]]]}},{"type":"Feature","id":"68327","properties":{"zip":"68327","pop":null,"city":"","county":"Thayer","state":"Nebraska","area":36.98,"lat":40.01079,"lon":-97.62111},"geometry":{"type":"Polygon","coordinates":[[[-97.70824,40.03114],[-97.70823,40.0382],[-97.69862,40.03818],[-97.6986,40.04566],[-97.67082,40.04562],[-97.67086,40.07467],[-97.65197,40.07475],[-97.65185,40.04567],[-97.61409,40.04569],[-97.61401,40.06009],[-97.55778,40.06021],[-97.55772,40.04568],[-97.53885,40.04554],[-97.53865,40.00191],[-97.57519,40.00192],[-97.57563,39.95123],[-97.57896,39.9537],[-97.58202,39.95342],[-97.58245,39.95549],[-97.59091,39.95578],[-97.5896,39.95711],[-97.59336,39.95879],[-97.59287,39.95722],[-97.59466,39.9571],[-97.59775,39.96102],[-97.60119,39.95938],[-97.60772,39.95979],[-97.60774,39.95809],[-97.61001,39.95966],[-97.61332,39.95789],[-97.61418,39.9283],[-97.63581,39.92844],[-97.63274,39.93243],[-97.6323,39.95739],[-97.65096,39.95754],[-97.65075,39.97198],[-97.6696,39.9722],[-97.66924,40.00196],[-97.70834,40.00197],[-97.70824,40.03114]]]}},{"type":"Feature","id":"68365","properties":{"zip":"68365","pop":null,"city":"","county":"Fillmore","state":"Nebraska","area":38.49,"lat":40.61563,"lon":-97.73068},"geometry":{"type":"Polygon","coordinates":[[[-97.78605,40.59687],[-97.76726,40.5968],[-97.76719,40.69858],[-97.75902,40.69858],[-97.75905,40.70964],[-97.74964,40.70966],[-97.74969,40.71319],[-97.74101,40.71137],[-97.73068,40.7131],[-97.73045,40.69877],[-97.69138,40.69862],[-97.69122,40.65475],[-97.67215,40.65477],[-97.67212,40.63171],[-97.69112,40.63053],[-97.69077,40.55333],[-97.70985,40.55331],[-97.70983,40.53883],[-97.72884,40.53886],[-97.7288,40.50998],[-97.7667,40.51004],[-97.7669,40.55335],[-97.76214,40.55337],[-97.7622,40.56059],[-97.75749,40.56055],[-97.75749,40.56785],[-97.76698,40.56785],[-97.76709,40.58232],[-97.78598,40.58239],[-97.78605,40.59687]]]}},{"type":"Feature","id":"68123","properties":{"zip":"68123","pop":null,"city":"Bellevue","county":"Sarpy","state":"Nebraska","area":19.66,"lat":41.10081,"lon":-95.94768},"geometry":{"type":"Polygon","coordinates":[[[-96.00444,41.10404],[-95.98132,41.10365],[-95.98175,41.10643],[-95.97956,41.1068],[-95.98052,41.1109],[-95.97138,41.11091],[-95.97139,41.12036],[-95.97668,41.11673],[-95.97618,41.11453],[-95.98584,41.11634],[-95.98584,41.1181],[-95.98088,41.12082],[-95.9809,41.12545],[-95.98468,41.12541],[-95.98447,41.12881],[-95.97854,41.12907],[-95.9812,41.13403],[-95.98013,41.13714],[-95.97619,41.13724],[-95.97614,41.14018],[-95.98265,41.14115],[-95.98173,41.14515],[-95.98597,41.14673],[-95.98599,41.14925],[-95.97857,41.14611],[-95.97177,41.14957],[-95.96689,41.14892],[-95.98689,41.16169],[-95.96707,41.16181],[-95.96711,41.16384],[-95.96174,41.1641],[-95.96116,41.16736],[-95.95655,41.16913],[-95.95269,41.16911],[-95.95577,41.16478],[-95.9529,41.16324],[-95.94496,41.16354],[-95.94257,41.16466],[-95.94644,41.16552],[-95.94169,41.16566],[-95.94018,41.16229],[-95.93811,41.16222],[-95.93816,41.16742],[-95.93369,41.16742],[-95.93538,41.1619],[-95.93072,41.16226],[-95.93158,41.16449],[-95.92599,41.16494],[-95.9306,41.15508],[-95.93889,41.14808],[-95.93559,41.13495],[-95.935,41.11856],[-95.92876,41.11867],[-95.92641,41.12584],[-95.92772,41.11155],[-95.91526,41.10157],[-95.90858,41.09862],[-95.91266,41.08894],[-95.91092,41.08467],[-95.90488,41.08187],[-95.88984,41.08194],[-95.87264,41.07542],[-95.88051,41.06898],[-95.88346,41.06325],[-95.87949,41.0533],[-95.88921,41.05844],[-95.89666,41.05942],[-95.94614,41.05762],[-95.95972,41.06082],[-95.97522,41.0583],[-95.98898,41.05933],[-95.9954,41.06354],[-95.99632,41.07185],[-95.98556,41.07229],[-95.98574,41.08549],[-95.99046,41.08547],[-95.9905,41.0891],[-95.97621,41.08913],[-95.97624,41.09274],[-96.00398,41.09275],[-96.00444,41.10404]]]}},{"type":"Feature","id":"68349","properties":{"zip":"68349","pop":null,"city":"","county":"Cass","state":"Nebraska","area":36.81,"lat":40.82963,"lon":-96.30022},"geometry":{"type":"Polygon","coordinates":[[[-96.40748,40.79842],[-96.38827,40.79846],[-96.3888,40.82742],[-96.36989,40.82738],[-96.37033,40.85637],[-96.35116,40.85627],[-96.35135,40.87074],[-96.3323,40.87079],[-96.33209,40.88533],[-96.29392,40.88505],[-96.29409,40.87053],[-96.21637,40.87062],[-96.21685,40.82016],[-96.23654,40.81996],[-96.2365,40.81267],[-96.22169,40.81284],[-96.22157,40.80921],[-96.21676,40.80927],[-96.21657,40.79836],[-96.23642,40.7982],[-96.23632,40.78373],[-96.27447,40.78365],[-96.27453,40.79816],[-96.29341,40.79808],[-96.29349,40.78353],[-96.33164,40.7835],[-96.33181,40.79804],[-96.36934,40.79839],[-96.36901,40.78392],[-96.40714,40.78399],[-96.40748,40.79842]]]}},{"type":"Feature","id":"68355","properties":{"zip":"68355","pop":null,"city":"Falls City","county":"Richardson","state":"Nebraska","area":118.98,"lat":40.11668,"lon":-95.56702},"geometry":{"type":"Polygon","coordinates":[[[-95.70921,40.08739],[-95.67134,40.08747],[-95.67138,40.10207],[-95.65275,40.10201],[-95.65288,40.11613],[-95.64475,40.11574],[-95.6339,40.10851],[-95.63398,40.13103],[-95.67145,40.13118],[-95.6715,40.14576],[-95.65309,40.14565],[-95.65358,40.17491],[-95.64405,40.17493],[-95.6441,40.17855],[-95.64236,40.17856],[-95.64542,40.18218],[-95.64411,40.18218],[-95.64415,40.18946],[-95.65347,40.18946],[-95.65359,40.20391],[-95.59696,40.20404],[-95.59713,40.21854],[-95.57822,40.21855],[-95.57845,40.26187],[-95.54374,40.26069],[-95.52103,40.25008],[-95.49033,40.24897],[-95.4775,40.24272],[-95.47255,40.23608],[-95.46972,40.22791],[-95.47006,40.22151],[-95.48232,40.20067],[-95.48254,40.19228],[-95.4763,40.18199],[-95.4694,40.17567],[-95.48105,40.1755],[-95.48308,40.17435],[-95.48347,40.1703],[-95.4812,40.16371],[-95.47583,40.17225],[-95.47166,40.17466],[-95.46545,40.1691],[-95.46828,40.16032],[-95.46607,40.1546],[-95.46338,40.15382],[-95.46358,40.15191],[-95.48233,40.15209],[-95.48284,40.11588],[-95.46378,40.11578],[-95.46368,40.09402],[-95.48269,40.09413],[-95.48271,40.08693],[-95.50153,40.08697],[-95.50157,40.05802],[-95.52039,40.05772],[-95.52043,40.04899],[-95.51864,40.05417],[-95.51471,40.05072],[-95.51304,40.0519],[-95.51638,40.05524],[-95.51333,40.05584],[-95.51008,40.05055],[-95.5072,40.05417],[-95.49834,40.05331],[-95.49778,40.04745],[-95.49365,40.04659],[-95.4929,40.04446],[-95.49662,40.04105],[-95.49597,40.03935],[-95.4917,40.03901],[-95.48603,40.03112],[-95.48128,40.02974],[-95.47822,40.02583],[-95.46814,40.02392],[-95.46385,40.01786],[-95.46374,40.0001],[-95.67137,40.00033],[-95.67123,40.05082],[-95.65234,40.04656],[-95.6525,40.05873],[-95.68078,40.0687],[-95.681,40.07292],[-95.6903,40.07224],[-95.70497,40.07769],[-95.70924,40.0816],[-95.70921,40.08739]]]}},{"type":"Feature","id":"68357","properties":{"zip":"68357","pop":null,"city":"","county":"Gage","state":"Nebraska","area":38.49,"lat":40.31545,"lon":-96.54657},"geometry":{"type":"Polygon","coordinates":[[[-96.65239,40.3205],[-96.63342,40.32046],[-96.63352,40.33497],[-96.61448,40.33485],[-96.6144,40.34929],[-96.60993,40.34925],[-96.60989,40.36373],[-96.5719,40.36369],[-96.5206,40.36359],[-96.52055,40.34911],[-96.46379,40.34904],[-96.46372,40.32718],[-96.45504,40.32712],[-96.45495,40.3202],[-96.451,40.32024],[-96.45857,40.3135],[-96.46364,40.30239],[-96.4637,40.27666],[-96.50148,40.27679],[-96.50157,40.26956],[-96.52049,40.26956],[-96.52051,40.26599],[-96.53001,40.26596],[-96.52996,40.26952],[-96.53938,40.26956],[-96.53918,40.27685],[-96.54939,40.27695],[-96.56046,40.26669],[-96.57668,40.26255],[-96.57681,40.27336],[-96.58622,40.27336],[-96.58625,40.26973],[-96.59573,40.26971],[-96.59568,40.27697],[-96.61464,40.27693],[-96.61456,40.30591],[-96.65225,40.30606],[-96.65239,40.3205]]]}},{"type":"Feature","id":"68350","properties":{"zip":"68350","pop":null,"city":"","county":"Jefferson","state":"Nebraska","area":23.31,"lat":40.03964,"lon":-97.09181},"geometry":{"type":"Polygon","coordinates":[[[-97.14278,40.05669],[-97.14259,40.08848],[-97.06745,40.08852],[-97.06729,40.07382],[-97.07196,40.07408],[-97.07204,40.07017],[-97.06728,40.07021],[-97.06726,40.06457],[-97.06517,40.06262],[-97.06011,40.06245],[-97.0596,40.06035],[-97.06402,40.05938],[-97.05786,40.05938],[-97.05274,40.05581],[-97.058,40.05576],[-97.05789,40.03046],[-97.04869,40.03052],[-97.04863,40.02688],[-97.02959,40.02607],[-97.02491,40.02852],[-97.02492,40.02689],[-97.01361,40.02609],[-97.01063,40.02233],[-97.01084,40.00145],[-97.14189,40.00153],[-97.14278,40.05669]]]}},{"type":"Feature","id":"68780","properties":{"zip":"68780","pop":null,"city":"","county":"Holt","state":"Nebraska","area":211.94,"lat":42.64618,"lon":-99.14047},"geometry":{"type":"Polygon","coordinates":[[[-99.25704,42.8043],[-99.2492,42.80902],[-99.22573,42.81431],[-99.20771,42.82305],[-99.17881,42.82948],[-99.16611,42.83734],[-99.1538,42.84188],[-99.12804,42.84427],[-99.12058,42.84841],[-99.09629,42.85628],[-99.07978,42.85912],[-99.07985,42.82664],[-99.0603,42.82676],[-99.06016,42.78327],[-98.97156,42.7836],[-98.97173,42.76861],[-98.99151,42.76832],[-98.99105,42.71045],[-99.04986,42.71029],[-99.04984,42.69583],[-99.03028,42.69586],[-99.03002,42.63782],[-99.01035,42.63791],[-99.01033,42.60887],[-99.02986,42.6088],[-99.02988,42.59444],[-99.06943,42.59442],[-99.06923,42.57987],[-99.04952,42.57996],[-99.0495,42.56556],[-99.06905,42.56553],[-99.06875,42.47877],[-99.08843,42.47838],[-99.08818,42.43494],[-99.1774,42.4347],[-99.17744,42.42446],[-99.19725,42.42449],[-99.19725,42.42692],[-99.20661,42.42693],[-99.20662,42.42451],[-99.20248,42.4245],[-99.20249,42.42127],[-99.21207,42.42128],[-99.21206,42.42371],[-99.21692,42.42372],[-99.21688,42.43465],[-99.22669,42.4346],[-99.23407,42.43165],[-99.23406,42.43452],[-99.24459,42.43464],[-99.2458,42.7825],[-99.25685,42.78265],[-99.25704,42.8043]]]}},{"type":"Feature","id":"68127","properties":{"zip":"68127","pop":null,"city":"Omaha","county":"Douglas","state":"Nebraska","area":4.83,"lat":41.20614,"lon":-96.05248},"geometry":{"type":"Polygon","coordinates":[[[-96.08154,41.22154],[-96.02389,41.22168],[-96.02377,41.20528],[-96.02081,41.20526],[-96.02381,41.20206],[-96.02381,41.1907],[-96.0814,41.19076],[-96.08153,41.21932],[-96.07846,41.22106],[-96.08154,41.22154]]]}},{"type":"Feature","id":"68783","properties":{"zip":"68783","pop":null,"city":"","county":"Knox","state":"Nebraska","area":159.0,"lat":42.62519,"lon":-98.14609},"geometry":{"type":"Polygon","coordinates":[[[-98.30536,42.6109],[-98.30515,42.76038],[-98.29774,42.75965],[-98.28999,42.75566],[-98.27931,42.75517],[-98.26159,42.74926],[-98.25727,42.74956],[-98.24545,42.74427],[-98.21255,42.73893],[-98.20433,42.73097],[-98.19103,42.72871],[-98.16658,42.7114],[-98.15256,42.7092],[-98.13207,42.69514],[-98.12387,42.69439],[-98.11956,42.69105],[-98.10501,42.68609],[-98.08635,42.68461],[-98.07355,42.68585],[-98.0626,42.69006],[-98.05702,42.69561],[-98.05653,42.6984],[-97.99306,42.69842],[-97.99291,42.68402],[-97.97372,42.68411],[-97.97387,42.66962],[-97.95404,42.66978],[-97.95461,42.61179],[-97.91743,42.61173],[-97.92651,42.60497],[-97.94492,42.59749],[-97.96937,42.59724],[-97.96844,42.56999],[-97.96869,42.56827],[-97.97412,42.56768],[-97.97449,42.53919],[-98.03319,42.53906],[-98.03291,42.55355],[-98.07179,42.55346],[-98.07176,42.56684],[-98.07627,42.56056],[-98.08542,42.55529],[-98.08656,42.55039],[-98.08468,42.54693],[-98.09165,42.54061],[-98.09214,42.52433],[-98.11151,42.5243],[-98.11141,42.51899],[-98.12135,42.51911],[-98.12134,42.51454],[-98.11159,42.51455],[-98.11166,42.50996],[-98.14066,42.50977],[-98.14057,42.50633],[-98.16016,42.50626],[-98.16025,42.50978],[-98.18933,42.50954],[-98.189,42.52409],[-98.22849,42.52403],[-98.22809,42.53848],[-98.2477,42.53917],[-98.24726,42.55299],[-98.30535,42.55289],[-98.30536,42.6109]]]}},{"type":"Feature","id":"68128","properties":{"zip":"68128","pop":null,"city":"La Vista","county":"Sarpy","state":"Nebraska","area":5.08,"lat":41.17987,"lon":-96.07046},"geometry":{"type":"Polygon","coordinates":[[[-96.11961,41.16829],[-96.10741,41.16895],[-96.10321,41.17353],[-96.11011,41.17395],[-96.11012,41.17613],[-96.11955,41.17613],[-96.10898,41.18531],[-96.11003,41.19066],[-96.01416,41.19073],[-96.01327,41.17649],[-96.06194,41.17629],[-96.062,41.1623],[-96.08425,41.17568],[-96.09082,41.17611],[-96.09093,41.1669],[-96.10525,41.16702],[-96.10756,41.163],[-96.11056,41.1631],[-96.11012,41.15439],[-96.11271,41.15441],[-96.1161,41.15558],[-96.11674,41.15788],[-96.11959,41.15786],[-96.11961,41.16829]]]}},{"type":"Feature","id":"68784","properties":{"zip":"68784","pop":null,"city":"","county":"Dixon","state":"Nebraska","area":84.65,"lat":42.2576,"lon":-96.88657},"geometry":{"type":"Polygon","coordinates":[[[-96.99855,42.29329],[-96.97916,42.29319],[-96.97904,42.30768],[-96.98883,42.30772],[-96.98871,42.33306],[-96.99348,42.33308],[-96.99346,42.33671],[-96.99823,42.33672],[-96.99829,42.35127],[-96.95933,42.35127],[-96.95936,42.37293],[-96.95243,42.37146],[-96.94088,42.36172],[-96.93884,42.35127],[-96.90577,42.33],[-96.90093,42.32491],[-96.90078,42.35129],[-96.78406,42.35104],[-96.784,42.30763],[-96.79382,42.30761],[-96.79382,42.2931],[-96.80352,42.29306],[-96.8036,42.27149],[-96.79872,42.27145],[-96.79879,42.26417],[-96.8225,42.26429],[-96.82279,42.22959],[-96.81273,42.21669],[-96.80964,42.20681],[-96.80286,42.19641],[-96.78431,42.18407],[-96.78518,42.18216],[-96.79576,42.18203],[-96.79901,42.18021],[-96.80389,42.18147],[-96.80388,42.17732],[-96.82334,42.17744],[-96.82314,42.17096],[-96.82807,42.17095],[-96.828,42.16365],[-96.86221,42.16347],[-96.86211,42.1489],[-96.84685,42.14894],[-96.84741,42.14078],[-96.85226,42.14101],[-96.85248,42.1343],[-96.86216,42.13427],[-96.86215,42.13726],[-96.86744,42.13739],[-96.86752,42.13426],[-96.88179,42.13421],[-96.88182,42.12745],[-96.90114,42.12741],[-96.90115,42.11943],[-96.95979,42.11955],[-96.95964,42.13409],[-96.92065,42.13408],[-96.92071,42.16312],[-96.9401,42.1632],[-96.94012,42.17745],[-96.94008,42.19195],[-96.92065,42.19194],[-96.92074,42.22097],[-96.94004,42.22089],[-96.93986,42.23536],[-96.95919,42.23557],[-96.95931,42.24992],[-96.95001,42.2499],[-96.94979,42.25814],[-96.93994,42.25801],[-96.94003,42.26434],[-96.92052,42.26435],[-96.92063,42.27592],[-96.95235,42.27143],[-96.95959,42.26527],[-96.96551,42.26427],[-96.99854,42.26434],[-96.99855,42.29329]]]}},{"type":"Feature","id":"68786","properties":{"zip":"68786","pop":null,"city":"","county":"Knox","state":"Nebraska","area":92.03,"lat":42.50349,"lon":-97.55859},"geometry":{"type":"Polygon","coordinates":[[[-97.72033,42.50338],[-97.70079,42.50338],[-97.70086,42.51054],[-97.67174,42.51067],[-97.67166,42.52531],[-97.6227,42.52534],[-97.62268,42.53981],[-97.6423,42.5398],[-97.64235,42.55423],[-97.6033,42.55436],[-97.60336,42.56883],[-97.58351,42.56881],[-97.5835,42.58327],[-97.56392,42.5834],[-97.5639,42.59792],[-97.4855,42.59812],[-97.48543,42.5836],[-97.46564,42.58363],[-97.4654,42.5547],[-97.42625,42.55489],[-97.42619,42.5404],[-97.40659,42.54036],[-97.40693,42.51115],[-97.42657,42.511],[-97.4265,42.49657],[-97.43626,42.49652],[-97.43618,42.48949],[-97.42647,42.48952],[-97.42644,42.48212],[-97.43615,42.4821],[-97.43608,42.46768],[-97.48522,42.46753],[-97.4853,42.43858],[-97.50435,42.43855],[-97.50424,42.42361],[-97.54342,42.4237],[-97.54331,42.40923],[-97.56281,42.40926],[-97.56307,42.42366],[-97.58251,42.42356],[-97.58312,42.4383],[-97.72019,42.43796],[-97.72029,42.46694],[-97.70072,42.46724],[-97.70078,42.48155],[-97.72031,42.4815],[-97.72033,42.50338]]]}},{"type":"Feature","id":"68130","properties":{"zip":"68130","pop":null,"city":"Omaha","county":"Douglas","state":"Nebraska","area":5.96,"lat":41.23388,"lon":-96.19605},"geometry":{"type":"Polygon","coordinates":[[[-96.23442,41.24348],[-96.23223,41.24373],[-96.23174,41.24831],[-96.15477,41.24856],[-96.15784,41.2484],[-96.15777,41.2449],[-96.16106,41.24249],[-96.15301,41.23403],[-96.15874,41.23397],[-96.1576,41.2214],[-96.16267,41.22174],[-96.16339,41.21911],[-96.16815,41.2185],[-96.1771,41.22084],[-96.17712,41.2194],[-96.23434,41.2193],[-96.23442,41.24348]]]}},{"type":"Feature","id":"68132","properties":{"zip":"68132","pop":null,"city":"Omaha","county":"Douglas","state":"Nebraska","area":1.94,"lat":41.26507,"lon":-96.00152},"geometry":{"type":"Polygon","coordinates":[[[-96.02387,41.26328],[-96.02386,41.27371],[-95.98034,41.27317],[-95.98041,41.25729],[-95.9849,41.25245],[-95.98542,41.25611],[-96.00282,41.25598],[-96.00488,41.25448],[-96.00428,41.2596],[-96.01646,41.25964],[-96.01571,41.25604],[-96.0239,41.25603],[-96.02169,41.25965],[-96.02392,41.25964],[-96.02387,41.26328]]]}},{"type":"Feature","id":"68340","properties":{"zip":"68340","pop":null,"city":"","county":"Thayer","state":"Nebraska","area":41.81,"lat":40.12517,"lon":-97.7412},"geometry":{"type":"Polygon","coordinates":[[[-97.82084,40.11816],[-97.80258,40.11809],[-97.80285,40.1909],[-97.70793,40.19065],[-97.70797,40.16145],[-97.66118,40.16155],[-97.66117,40.13252],[-97.68971,40.13253],[-97.68953,40.0456],[-97.6986,40.04566],[-97.69862,40.03818],[-97.70823,40.0382],[-97.70825,40.04567],[-97.71764,40.04562],[-97.71758,40.0529],[-97.73656,40.05297],[-97.73656,40.05999],[-97.7461,40.06],[-97.74612,40.0636],[-97.75555,40.06357],[-97.75527,40.07449],[-97.78369,40.07469],[-97.78353,40.08907],[-97.80251,40.08909],[-97.80245,40.10355],[-97.82087,40.1036],[-97.82084,40.11816]]]}},{"type":"Feature","id":"68111","properties":{"zip":"68111","pop":null,"city":"Omaha","county":"Douglas","state":"Nebraska","area":3.95,"lat":41.29571,"lon":-95.96396},"geometry":{"type":"Polygon","coordinates":[[[-95.98288,41.31145],[-95.98094,41.31162],[-95.98055,41.31759],[-95.94692,41.31759],[-95.94697,41.2969],[-95.94818,41.29689],[-95.94698,41.29241],[-95.94938,41.29238],[-95.94698,41.29157],[-95.947,41.28604],[-95.94857,41.28472],[-95.94701,41.28473],[-95.94856,41.28012],[-95.94702,41.28012],[-95.94857,41.27835],[-95.94703,41.27653],[-95.94857,41.27471],[-95.95334,41.2765],[-95.95335,41.27287],[-95.98034,41.27317],[-95.98058,41.29591],[-95.9758,41.29772],[-95.97582,41.29957],[-95.98021,41.29954],[-95.98108,41.30932],[-95.98299,41.30932],[-95.98288,41.31145]]]}},{"type":"Feature","id":"68118","properties":{"zip":"68118","pop":null,"city":"Omaha","county":"Douglas","state":"Nebraska","area":3.01,"lat":41.263,"lon":-96.17719},"geometry":{"type":"Polygon","coordinates":[[[-96.19655,41.27757],[-96.182,41.27754],[-96.18044,41.27613],[-96.17949,41.27745],[-96.15806,41.27754],[-96.15786,41.24854],[-96.19629,41.24849],[-96.19655,41.27757]]]}},{"type":"Feature","id":"68341","properties":{"zip":"68341","pop":null,"city":"","county":"Gage","state":"Nebraska","area":74.08,"lat":40.38548,"lon":-96.91376},"geometry":{"type":"Polygon","coordinates":[[[-97.0464,40.43672],[-96.97047,40.43669],[-96.97038,40.4584],[-96.96166,40.45836],[-96.96096,40.45112],[-96.94196,40.44983],[-96.94211,40.43655],[-96.91366,40.43647],[-96.91347,40.45098],[-96.89393,40.45098],[-96.89405,40.44372],[-96.87985,40.44363],[-96.88,40.43648],[-96.83696,40.43642],[-96.83708,40.4293],[-96.81802,40.42926],[-96.81789,40.43642],[-96.78936,40.43642],[-96.78969,40.40742],[-96.8088,40.4075],[-96.8089,40.39303],[-96.81845,40.39305],[-96.81851,40.37856],[-96.78024,40.37842],[-96.78062,40.34947],[-96.80305,40.34955],[-96.80316,40.32091],[-96.84145,40.321],[-96.84146,40.30643],[-96.86051,40.30646],[-96.86052,40.321],[-96.89864,40.32087],[-96.89851,40.33538],[-96.97299,40.33512],[-96.97299,40.34962],[-97.04628,40.34965],[-97.0464,40.43672]]]}},{"type":"Feature","id":"68105","properties":{"zip":"68105","pop":null,"city":"Omaha","county":"Douglas","state":"Nebraska","area":2.69,"lat":41.24084,"lon":-95.96427},"geometry":{"type":"Polygon","coordinates":[[[-95.98109,41.22517],[-95.98065,41.25335],[-95.97578,41.25241],[-95.97577,41.25602],[-95.94765,41.25663],[-95.94702,41.24105],[-95.94908,41.2387],[-95.94703,41.23822],[-95.94846,41.23785],[-95.94703,41.23424],[-95.94848,41.23302],[-95.94704,41.23182],[-95.94992,41.2319],[-95.95108,41.23426],[-95.95222,41.22962],[-95.94705,41.22819],[-95.94777,41.22458],[-95.95424,41.22676],[-95.98253,41.22427],[-95.98109,41.22517]]]}},{"type":"Feature","id":"68769","properties":{"zip":"68769","pop":null,"city":"","county":"Pierce","state":"Nebraska","area":116.38,"lat":42.31579,"lon":-97.81636},"geometry":{"type":"Polygon","coordinates":[[[-97.95119,42.29204],[-97.95104,42.36435],[-97.92708,42.36443],[-97.92707,42.36812],[-97.91735,42.3682],[-97.91731,42.37897],[-97.89305,42.37915],[-97.89307,42.38281],[-97.88304,42.383],[-97.88311,42.39372],[-97.83447,42.39392],[-97.83443,42.43768],[-97.75938,42.43791],[-97.75937,42.44515],[-97.74978,42.44519],[-97.74998,42.4379],[-97.73019,42.43794],[-97.73002,42.45244],[-97.72023,42.45248],[-97.72019,42.43796],[-97.71776,42.43796],[-97.71781,42.40916],[-97.69884,42.40918],[-97.69892,42.38016],[-97.68906,42.38012],[-97.68888,42.37293],[-97.69892,42.37288],[-97.69894,42.35117],[-97.71781,42.35119],[-97.71774,42.3222],[-97.7373,42.32214],[-97.73731,42.31562],[-97.71779,42.30421],[-97.71787,42.29315],[-97.7373,42.2931],[-97.73762,42.24966],[-97.75717,42.2496],[-97.75716,42.23509],[-97.73769,42.23514],[-97.73765,42.20614],[-97.75711,42.2061],[-97.75702,42.19886],[-97.76676,42.1988],[-97.7667,42.19156],[-97.77646,42.19154],[-97.77646,42.17708],[-97.79598,42.17694],[-97.79589,42.16239],[-97.83486,42.16225],[-97.83486,42.17672],[-97.85455,42.17685],[-97.85446,42.22689],[-97.85628,42.22846],[-97.85453,42.23179],[-97.85446,42.25631],[-97.89319,42.25615],[-97.89311,42.24892],[-97.90285,42.24889],[-97.90287,42.25252],[-97.9126,42.2525],[-97.91264,42.2561],[-97.91756,42.25601],[-97.91764,42.25972],[-97.92254,42.25971],[-97.92244,42.26327],[-97.93219,42.26324],[-97.93216,42.2777],[-97.95116,42.2776],[-97.95119,42.29204]]]}},{"type":"Feature","id":"68771","properties":{"zip":"68771","pop":null,"city":"","county":"Cedar","state":"Nebraska","area":112.9,"lat":42.38417,"lon":-97.35706},"geometry":{"type":"Polygon","coordinates":[[[-97.4655,42.45308],[-97.46532,42.46751],[-97.43608,42.46768],[-97.43615,42.4821],[-97.42644,42.48212],[-97.42647,42.48952],[-97.43618,42.48949],[-97.43626,42.49652],[-97.4265,42.49657],[-97.42657,42.511],[-97.40693,42.51115],[-97.40651,42.52593],[-97.36744,42.52577],[-97.36751,42.49678],[-97.30884,42.49661],[-97.30885,42.46763],[-97.26979,42.46764],[-97.26985,42.45316],[-97.25024,42.45311],[-97.25025,42.43857],[-97.23251,42.43853],[-97.23243,42.42412],[-97.25178,42.4241],[-97.25189,42.35163],[-97.27133,42.35166],[-97.27139,42.302],[-97.28046,42.30209],[-97.28085,42.29356],[-97.29082,42.29359],[-97.29085,42.27901],[-97.31027,42.27901],[-97.31036,42.25006],[-97.32982,42.25016],[-97.32978,42.24337],[-97.33983,42.24346],[-97.33983,42.23574],[-97.34916,42.23578],[-97.34928,42.25024],[-97.36794,42.25036],[-97.36799,42.2357],[-97.38753,42.2358],[-97.38739,42.26474],[-97.39701,42.26468],[-97.39727,42.27919],[-97.41186,42.2791],[-97.41188,42.28634],[-97.42637,42.28628],[-97.42636,42.27902],[-97.43599,42.27909],[-97.43601,42.2935],[-97.44081,42.29349],[-97.44082,42.30073],[-97.436,42.30074],[-97.43601,42.30797],[-97.44567,42.30792],[-97.44565,42.37979],[-97.44773,42.38052],[-97.44572,42.38053],[-97.44621,42.40938],[-97.45582,42.40929],[-97.45571,42.43866],[-97.46545,42.43863],[-97.4655,42.45308]]]}},{"type":"Feature","id":"68774","properties":{"zip":"68774","pop":null,"city":"","county":"Cedar","state":"Nebraska","area":31.39,"lat":42.81401,"lon":-97.27775},"geometry":{"type":"Polygon","coordinates":[[[-97.39733,42.86462],[-97.37669,42.86519],[-97.36864,42.85842],[-97.35957,42.85482],[-97.33616,42.8568],[-97.30668,42.8676],[-97.28986,42.8555],[-97.26795,42.85258],[-97.24856,42.85539],[-97.23193,42.85133],[-97.21882,42.84585],[-97.21741,42.84352],[-97.21827,42.82956],[-97.21396,42.82014],[-97.21308,42.81301],[-97.21013,42.8093],[-97.20043,42.80548],[-97.16386,42.80126],[-97.15076,42.79557],[-97.14134,42.7867],[-97.14788,42.78662],[-97.15213,42.78149],[-97.14803,42.77806],[-97.1556,42.77131],[-97.16133,42.77351],[-97.16432,42.77121],[-97.17177,42.77115],[-97.17417,42.77631],[-97.16783,42.78042],[-97.17257,42.78665],[-97.19036,42.78672],[-97.19035,42.79035],[-97.20019,42.79031],[-97.20021,42.79395],[-97.20515,42.79391],[-97.20524,42.79753],[-97.2102,42.79749],[-97.21025,42.79927],[-97.2245,42.80723],[-97.22458,42.80467],[-97.22948,42.80483],[-97.2295,42.80823],[-97.23254,42.8083],[-97.23104,42.80128],[-97.23424,42.80127],[-97.23428,42.79569],[-97.21974,42.79362],[-97.22202,42.77539],[-97.2129,42.77544],[-97.21287,42.77174],[-97.29394,42.77169],[-97.29414,42.76459],[-97.30385,42.76417],[-97.30381,42.75718],[-97.30873,42.75719],[-97.3089,42.7717],[-97.34836,42.7721],[-97.34804,42.7867],[-97.35241,42.7867],[-97.35254,42.79771],[-97.34761,42.79771],[-97.34761,42.80131],[-97.31796,42.80127],[-97.31771,42.81569],[-97.31269,42.81567],[-97.3125,42.83025],[-97.30751,42.83019],[-97.3072,42.84475],[-97.31716,42.84477],[-97.31732,42.83756],[-97.3272,42.83764],[-97.32724,42.83052],[-97.36352,42.83029],[-97.36722,42.8355],[-97.36719,42.84466],[-97.39664,42.84457],[-97.39733,42.86462]]]}},{"type":"Feature","id":"68343","properties":{"zip":"68343","pop":null,"city":"","county":"Saline","state":"Nebraska","area":68.47,"lat":40.6199,"lon":-97.13192},"geometry":{"type":"Polygon","coordinates":[[[-97.21709,40.53167],[-97.21701,40.55327],[-97.19801,40.55325],[-97.19816,40.58228],[-97.21709,40.5823],[-97.21702,40.59658],[-97.19806,40.59678],[-97.1981,40.65467],[-97.17884,40.65472],[-97.17893,40.66922],[-97.18817,40.6692],[-97.18803,40.68374],[-97.19794,40.68372],[-97.19682,40.70588],[-97.20589,40.70593],[-97.20584,40.71298],[-97.19147,40.71299],[-97.19144,40.72053],[-97.18673,40.72049],[-97.18676,40.72762],[-97.16777,40.72762],[-97.16779,40.71968],[-97.15869,40.71953],[-97.15875,40.71289],[-97.15425,40.71288],[-97.15424,40.70569],[-97.14502,40.70576],[-97.14504,40.7129],[-97.13968,40.71289],[-97.13969,40.70487],[-97.12995,40.7047],[-97.13002,40.69837],[-97.06468,40.69823],[-97.06477,40.69448],[-97.04608,40.69415],[-97.04608,40.68669],[-97.05563,40.68653],[-97.05562,40.68186],[-97.0582,40.68177],[-97.05905,40.67588],[-97.04617,40.67583],[-97.04623,40.66856],[-97.02725,40.66865],[-97.02728,40.65414],[-97.04639,40.65407],[-97.04657,40.62515],[-97.05132,40.62518],[-97.05112,40.61794],[-97.06529,40.61805],[-97.06535,40.62527],[-97.08415,40.62537],[-97.08426,40.61088],[-97.06521,40.61077],[-97.06532,40.60363],[-97.07959,40.60361],[-97.07973,40.59999],[-97.07789,40.59222],[-97.07477,40.59218],[-97.07453,40.59638],[-97.06543,40.59634],[-97.06551,40.53833],[-97.10369,40.5385],[-97.10351,40.52401],[-97.12249,40.52412],[-97.12271,40.5386],[-97.1601,40.53874],[-97.16016,40.52421],[-97.19809,40.52419],[-97.19808,40.52745],[-97.20719,40.52788],[-97.20731,40.52422],[-97.21712,40.52421],[-97.21709,40.53167]]]}},{"type":"Feature","id":"68345","properties":{"zip":"68345","pop":null,"city":"","county":"Pawnee","state":"Nebraska","area":35.56,"lat":40.03686,"lon":-96.01928},"geometry":{"type":"Polygon","coordinates":[[[-96.12379,40.05817],[-96.08612,40.05864],[-96.08604,40.07308],[-96.06718,40.07313],[-96.06725,40.08749],[-96.04832,40.08757],[-96.04831,40.1093],[-96.02002,40.10945],[-96.01999,40.08769],[-96.00134,40.08772],[-96.00156,40.08073],[-96.01057,40.08054],[-96.01062,40.05896],[-96.01533,40.05868],[-96.01537,40.05141],[-96.01066,40.05141],[-96.00918,40.04421],[-95.99699,40.04424],[-95.9969,40.04061],[-96.0017,40.04062],[-96.00162,40.03699],[-96.01067,40.03702],[-96.01068,40.02971],[-95.97332,40.02973],[-95.97338,40.04431],[-95.90707,40.04419],[-95.90683,40.02963],[-95.89732,40.0296],[-95.8974,40.00048],[-96.10513,40.0005],[-96.10503,40.04417],[-96.1238,40.04358],[-96.12379,40.05817]]]}},{"type":"Feature","id":"68329","properties":{"zip":"68329","pop":null,"city":"","county":"Johnson","state":"Nebraska","area":49.33,"lat":40.50091,"lon":-96.1677},"geometry":{"type":"Polygon","coordinates":[[[-96.27437,40.50838],[-96.23648,40.50831],[-96.23647,40.53729],[-96.21757,40.5373],[-96.21749,40.55185],[-96.19841,40.55193],[-96.19833,40.57304],[-96.18867,40.57302],[-96.18889,40.56643],[-96.17948,40.56645],[-96.17946,40.58097],[-96.16032,40.58107],[-96.1604,40.56657],[-96.12237,40.56674],[-96.12246,40.5522],[-96.08623,40.55217],[-96.08609,40.53769],[-96.12254,40.53771],[-96.12269,40.52326],[-96.10493,40.52318],[-96.10493,40.49419],[-96.06689,40.49416],[-96.06656,40.45066],[-96.11673,40.45069],[-96.11606,40.45352],[-96.11885,40.45323],[-96.11885,40.4507],[-96.19883,40.45053],[-96.19886,40.43606],[-96.21791,40.43598],[-96.21797,40.45048],[-96.25544,40.45041],[-96.25544,40.49385],[-96.27437,40.4939],[-96.27437,40.50838]]]}},{"type":"Feature","id":"68112","properties":{"zip":"68112","pop":null,"city":"Omaha","county":"Douglas","state":"Nebraska","area":14.33,"lat":41.38169,"lon":-95.95799},"geometry":{"type":"Polygon","coordinates":[[[-95.99462,41.41833],[-95.99215,41.42203],[-95.98882,41.4225],[-95.98633,41.4274],[-95.981,41.42914],[-95.96421,41.4293],[-95.96401,41.45109],[-95.94819,41.45084],[-95.95052,41.44765],[-95.9501,41.44496],[-95.94727,41.44432],[-95.94058,41.43525],[-95.93415,41.43251],[-95.93084,41.41147],[-95.93869,41.39319],[-95.92929,41.3749],[-95.92879,41.3701],[-95.93099,41.3647],[-95.93549,41.3606],[-95.95489,41.3518],[-95.95669,41.3455],[-95.94689,41.3341],[-95.92694,41.32281],[-95.92763,41.31728],[-95.97576,41.31755],[-95.97578,41.32487],[-95.98544,41.32483],[-95.9854,41.33214],[-95.98056,41.33213],[-95.98031,41.3374],[-95.97863,41.33835],[-95.98052,41.33924],[-95.98053,41.3437],[-95.97858,41.34375],[-95.97784,41.34646],[-95.98211,41.34698],[-95.98194,41.35821],[-95.97923,41.35871],[-95.98022,41.36101],[-95.97815,41.36098],[-95.9782,41.36638],[-95.98357,41.36781],[-95.98336,41.37267],[-95.98253,41.37557],[-95.97698,41.37544],[-95.98265,41.38228],[-95.98445,41.38799],[-95.97603,41.38628],[-95.9758,41.3931],[-95.98319,41.3931],[-95.97806,41.39422],[-95.97732,41.40388],[-95.97364,41.40394],[-95.97368,41.40754],[-95.97504,41.40755],[-95.97526,41.41262],[-95.99462,41.41833]]]}},{"type":"Feature","id":"68778","properties":{"zip":"68778","pop":null,"city":"","county":"Keya Paha","state":"Nebraska","area":357.1,"lat":42.86971,"lon":-99.79487},"geometry":{"type":"Polygon","coordinates":[[[-100.139,42.81445],[-100.13381,42.81985],[-100.13521,42.82342],[-100.12908,42.82256],[-100.1165,42.82446],[-100.11698,42.83546],[-100.10973,42.8356],[-100.10951,42.84255],[-100.10174,42.84284],[-100.09977,42.84493],[-100.10062,42.86812],[-100.08106,42.86827],[-100.07976,42.99857],[-99.54972,42.99802],[-99.5487,42.9881],[-99.55167,42.98225],[-99.55208,42.97637],[-99.55201,42.94037],[-99.49323,42.94044],[-99.49318,42.91236],[-99.57191,42.9115],[-99.57173,42.87868],[-99.5496,42.87874],[-99.54872,42.8762],[-99.54408,42.87564],[-99.53861,42.86807],[-99.53251,42.86773],[-99.53222,42.85383],[-99.55196,42.85374],[-99.55192,42.82489],[-99.53356,42.82488],[-99.53233,42.78137],[-99.48152,42.78101],[-99.48128,42.73319],[-99.4866,42.73123],[-99.50311,42.73038],[-99.53749,42.71763],[-99.57075,42.72425],[-99.60176,42.72127],[-99.62049,42.72306],[-99.63804,42.73035],[-99.65986,42.73511],[-99.67205,42.73319],[-99.68597,42.72823],[-99.69294,42.73051],[-99.70858,42.72706],[-99.75249,42.73763],[-99.77833,42.73517],[-99.78997,42.73933],[-99.79553,42.73839],[-99.81925,42.74329],[-99.83726,42.75411],[-99.85153,42.75121],[-99.85505,42.75285],[-99.85874,42.76462],[-99.86216,42.769],[-99.88698,42.76794],[-99.89804,42.76546],[-99.91173,42.76842],[-99.92579,42.76782],[-99.94727,42.77299],[-99.96886,42.77247],[-99.9778,42.77529],[-99.99412,42.7847],[-100.00781,42.78857],[-100.02121,42.78553],[-100.03146,42.78774],[-100.04257,42.78501],[-100.05592,42.78544],[-100.06864,42.7904],[-100.08327,42.79208],[-100.11334,42.79968],[-100.11432,42.8034],[-100.11742,42.80536],[-100.13531,42.80857],[-100.139,42.81445]]]}},{"type":"Feature","id":"68779","properties":{"zip":"68779","pop":null,"city":"","county":"Stanton","state":"Nebraska","area":129.89,"lat":41.95162,"lon":-97.21172},"geometry":{"type":"Polygon","coordinates":[[[-97.33987,41.97481],[-97.29111,41.97499],[-97.291,42.0222],[-97.29328,42.02231],[-97.29333,42.02418],[-97.29098,42.02418],[-97.29095,42.03307],[-97.31036,42.03311],[-97.31043,42.04077],[-97.291,42.04046],[-97.29101,42.04751],[-97.31052,42.04754],[-97.31059,42.06205],[-97.29119,42.06199],[-97.29122,42.0765],[-97.27176,42.07648],[-97.27176,42.08355],[-97.26237,42.08357],[-97.2624,42.09082],[-97.17592,42.09067],[-97.17583,42.08299],[-97.16574,42.0828],[-97.16589,42.07644],[-97.13688,42.07649],[-97.13676,42.0406],[-97.12711,42.04071],[-97.12703,42.03288],[-97.13673,42.03284],[-97.13671,42.01854],[-97.11717,42.0186],[-97.11739,42.00408],[-97.12678,42.00405],[-97.12681,41.99697],[-97.1367,41.9966],[-97.1366,41.97862],[-97.12638,41.97955],[-97.11885,41.98283],[-97.11304,41.97952],[-97.10659,41.98174],[-97.10652,41.97903],[-97.10242,41.97895],[-97.10231,41.97503],[-97.0973,41.97501],[-97.09737,41.96055],[-97.0781,41.9604],[-97.07829,41.93892],[-97.07189,41.93886],[-97.07195,41.93141],[-97.09766,41.93163],[-97.09766,41.91708],[-97.07821,41.91704],[-97.07773,41.90243],[-97.09713,41.90248],[-97.09722,41.88801],[-97.11651,41.88809],[-97.11651,41.86639],[-97.12615,41.8664],[-97.12597,41.87353],[-97.13618,41.87348],[-97.13644,41.86619],[-97.14598,41.86606],[-97.14601,41.85169],[-97.15581,41.85173],[-97.15562,41.81542],[-97.23293,41.81539],[-97.23318,41.84469],[-97.28581,41.84457],[-97.28585,41.83765],[-97.29078,41.83764],[-97.29069,41.83003],[-97.30107,41.83002],[-97.3009,41.83761],[-97.31024,41.83758],[-97.31016,41.84087],[-97.31962,41.84101],[-97.31944,41.83763],[-97.32947,41.83753],[-97.32953,41.84439],[-97.32024,41.84543],[-97.32013,41.8502],[-97.32685,41.85029],[-97.32692,41.85173],[-97.32016,41.85175],[-97.32002,41.8556],[-97.32949,41.8558],[-97.32963,41.88814],[-97.32742,41.88815],[-97.32742,41.88989],[-97.32963,41.8899],[-97.32972,41.90242],[-97.31027,41.90245],[-97.31069,41.92496],[-97.32009,41.92496],[-97.31995,41.9314],[-97.31071,41.93145],[-97.30979,41.93518],[-97.29341,41.93521],[-97.29114,41.93408],[-97.29115,41.93155],[-97.28429,41.93155],[-97.28132,41.93397],[-97.28082,41.93771],[-97.2863,41.93774],[-97.28456,41.94206],[-97.29134,41.94526],[-97.31212,41.9454],[-97.31636,41.95263],[-97.32074,41.95573],[-97.32502,41.95424],[-97.326,41.95117],[-97.32828,41.95248],[-97.32993,41.9566],[-97.33984,41.96737],[-97.33987,41.97481]]]}},{"type":"Feature","id":"68107","properties":{"zip":"68107","pop":null,"city":"Omaha","county":"Douglas","state":"Nebraska","area":5.18,"lat":41.20873,"lon":-95.95104},"geometry":{"type":"MultiPolygon","coordinates":[[[[-95.98175,41.20533],[-95.98014,41.20534],[-95.98015,41.20375],[-95.98175,41.20356],[-95.98175,41.20533]]],[[[-95.99026,41.22159],[-95.95424,41.22676],[-95.94777,41.22458],[-95.94704,41.22606],[-95.94224,41.22633],[-95.94397,41.22568],[-95.94049,41.22265],[-95.93857,41.22516],[-95.93334,41.22516],[-95.93333,41.2278],[-95.92952,41.22778],[-95.92778,41.22118],[-95.93057,41.21784],[-95.93187,41.21285],[-95.91401,41.23137],[-95.91096,41.2316],[-95.91509,41.223],[-95.92489,41.2112],[-95.92749,41.2022],[-95.92331,41.1912],[-95.9819,41.19078],[-95.98233,41.19624],[-95.977,41.19809],[-95.97639,41.2126],[-95.98119,41.21257],[-95.98065,41.22177],[-95.99026,41.22159]]]]}},{"type":"Feature","id":"68066","properties":{"zip":"68066","pop":null,"city":"Wahoo","county":"Saunders","state":"Nebraska","area":68.4,"lat":41.18453,"lon":-96.62},"geometry":{"type":"Polygon","coordinates":[[[-96.71707,41.20543],[-96.69802,41.20547],[-96.69767,41.23465],[-96.67859,41.23463],[-96.67887,41.24915],[-96.64148,41.24916],[-96.6417,41.2784],[-96.62284,41.27816],[-96.62273,41.26361],[-96.5637,41.26367],[-96.56372,41.27098],[-96.56136,41.27097],[-96.56093,41.27829],[-96.54188,41.27824],[-96.54181,41.26357],[-96.52309,41.26347],[-96.52192,41.22713],[-96.54111,41.22728],[-96.541,41.21983],[-96.55052,41.21997],[-96.55169,41.206],[-96.52275,41.20562],[-96.52261,41.19125],[-96.54162,41.19176],[-96.54214,41.18785],[-96.54442,41.18751],[-96.5414,41.18384],[-96.5394,41.18482],[-96.53949,41.17998],[-96.53757,41.17958],[-96.53744,41.17721],[-96.56338,41.17661],[-96.56335,41.07819],[-96.57303,41.07813],[-96.57306,41.07448],[-96.58273,41.07442],[-96.58259,41.08894],[-96.60452,41.089],[-96.60468,41.091],[-96.6079,41.09145],[-96.61258,41.09611],[-96.62024,41.09778],[-96.62116,41.11084],[-96.63,41.11095],[-96.63174,41.10351],[-96.63985,41.10367],[-96.63989,41.11818],[-96.64953,41.11821],[-96.64956,41.12187],[-96.66875,41.122],[-96.66875,41.11832],[-96.69751,41.11833],[-96.69755,41.1111],[-96.69271,41.11112],[-96.69273,41.10749],[-96.69757,41.10748],[-96.69759,41.10384],[-96.71689,41.10376],[-96.71686,41.1147],[-96.71201,41.11504],[-96.71197,41.12189],[-96.7168,41.12187],[-96.71684,41.14724],[-96.69761,41.1473],[-96.69762,41.15454],[-96.71693,41.15453],[-96.71702,41.1618],[-96.69763,41.16177],[-96.69751,41.17638],[-96.71703,41.17636],[-96.71707,41.20543]]]}},{"type":"Feature","id":"68333","properties":{"zip":"68333","pop":null,"city":"Crete","county":"Saline","state":"Nebraska","area":84.74,"lat":40.62122,"lon":-96.94907},"geometry":{"type":"Polygon","coordinates":[[[-97.08415,40.62537],[-97.06535,40.62527],[-97.06529,40.61805],[-97.05112,40.61794],[-97.05132,40.62518],[-97.04657,40.62515],[-97.04639,40.65407],[-97.02728,40.65414],[-97.02725,40.66865],[-97.04623,40.66856],[-97.04617,40.67583],[-97.05905,40.67588],[-97.0593,40.67955],[-97.0582,40.68177],[-97.05562,40.68186],[-97.05563,40.68653],[-97.04608,40.68669],[-97.04608,40.69085],[-97.02721,40.69069],[-97.02716,40.69818],[-96.96133,40.69792],[-96.96124,40.68334],[-96.95168,40.68331],[-96.95096,40.69786],[-96.93212,40.69799],[-96.93277,40.66872],[-96.90173,40.66864],[-96.88362,40.68353],[-96.87449,40.6976],[-96.85546,40.69781],[-96.85692,40.69573],[-96.85714,40.68297],[-96.81924,40.68284],[-96.81955,40.66826],[-96.83833,40.66841],[-96.83836,40.63832],[-96.81936,40.63928],[-96.81953,40.65381],[-96.8062,40.65367],[-96.80316,40.65158],[-96.80487,40.64844],[-96.8036,40.64572],[-96.80098,40.64509],[-96.79495,40.63621],[-96.78981,40.63331],[-96.78797,40.62862],[-96.7909,40.62472],[-96.80035,40.62462],[-96.8003,40.61017],[-96.83827,40.61039],[-96.8378,40.59569],[-96.85687,40.59577],[-96.85639,40.56675],[-96.86628,40.56679],[-96.87557,40.57415],[-96.87535,40.56685],[-96.88478,40.56691],[-96.88457,40.55968],[-96.8893,40.55971],[-96.88915,40.55256],[-96.89381,40.55251],[-96.89401,40.55975],[-96.93123,40.55994],[-96.93114,40.56717],[-96.94066,40.56723],[-96.94079,40.55271],[-96.96927,40.5527],[-96.96945,40.53818],[-96.98848,40.53814],[-96.98834,40.55265],[-97.02744,40.55262],[-97.02755,40.53808],[-97.06551,40.53833],[-97.06543,40.59634],[-97.07453,40.59638],[-97.07477,40.59218],[-97.07789,40.59222],[-97.07973,40.59999],[-97.07959,40.60361],[-97.06532,40.60363],[-97.06521,40.61077],[-97.08426,40.61088],[-97.08415,40.62537]]]}},{"type":"Feature","id":"68335","properties":{"zip":"68335","pop":null,"city":"","county":"Thayer","state":"Nebraska","area":66.84,"lat":40.28245,"lon":-97.80298},"geometry":{"type":"Polygon","coordinates":[[[-97.91569,40.29268],[-97.87781,40.29266],[-97.87786,40.30723],[-97.85878,40.30731],[-97.8593,40.35051],[-97.82411,40.35054],[-97.82418,40.36505],[-97.80512,40.36501],[-97.80505,40.38668],[-97.78598,40.38663],[-97.78602,40.37951],[-97.74821,40.3795],[-97.74824,40.36501],[-97.72929,40.36505],[-97.72926,40.35054],[-97.72682,40.35054],[-97.72697,40.30701],[-97.73637,40.30708],[-97.73644,40.29982],[-97.74589,40.29982],[-97.74601,40.26349],[-97.74583,40.24891],[-97.72692,40.24891],[-97.72706,40.23441],[-97.74575,40.2344],[-97.74576,40.21982],[-97.72662,40.21989],[-97.72664,40.19086],[-97.82075,40.19089],[-97.82069,40.21502],[-97.82986,40.22061],[-97.84186,40.21532],[-97.84848,40.21845],[-97.86192,40.21907],[-97.86362,40.22426],[-97.86849,40.22609],[-97.87365,40.22529],[-97.87665,40.2273],[-97.87722,40.23067],[-97.88377,40.23413],[-97.89565,40.23468],[-97.89666,40.27804],[-97.91557,40.27809],[-97.91569,40.29268]]]}},{"type":"Feature","id":"68338","properties":{"zip":"68338","pop":null,"city":"","county":"Jefferson","state":"Nebraska","area":30.65,"lat":40.31863,"lon":-97.24867},"geometry":{"type":"Polygon","coordinates":[[[-97.36887,40.32134],[-97.33129,40.32135],[-97.33134,40.35028],[-97.31251,40.35022],[-97.31251,40.33584],[-97.29357,40.33584],[-97.29358,40.35017],[-97.19859,40.34998],[-97.19876,40.33519],[-97.16572,40.33483],[-97.16556,40.34575],[-97.16096,40.3457],[-97.16091,40.34983],[-97.12373,40.34978],[-97.12375,40.29146],[-97.16101,40.29161],[-97.16105,40.30606],[-97.17979,40.3061],[-97.17997,40.32065],[-97.19888,40.32068],[-97.19875,40.30617],[-97.21763,40.30625],[-97.21767,40.32073],[-97.23665,40.32086],[-97.2365,40.30641],[-97.27448,40.30665],[-97.27438,40.2921],[-97.2836,40.29211],[-97.2837,40.2885],[-97.29323,40.28849],[-97.29321,40.28129],[-97.30272,40.28131],[-97.30277,40.26307],[-97.31227,40.26309],[-97.31221,40.27765],[-97.35006,40.27781],[-97.34994,40.29961],[-97.36892,40.29915],[-97.36887,40.32134]]]}},{"type":"Feature","id":"68436","properties":{"zip":"68436","pop":null,"city":"","county":"Fillmore","state":"Nebraska","area":61.19,"lat":40.43358,"lon":-97.74425},"geometry":{"type":"Polygon","coordinates":[[[-97.8436,40.48108],[-97.83404,40.48109],[-97.83398,40.49562],[-97.81465,40.4955],[-97.81453,40.50278],[-97.80498,40.50267],[-97.80489,40.50988],[-97.74765,40.5101],[-97.74749,40.48103],[-97.65287,40.48088],[-97.653,40.43741],[-97.63399,40.43742],[-97.63402,40.43026],[-97.64356,40.4303],[-97.64364,40.42308],[-97.65314,40.42309],[-97.65335,40.36507],[-97.74824,40.36501],[-97.74821,40.3795],[-97.78602,40.37951],[-97.78598,40.38663],[-97.80505,40.38668],[-97.80512,40.36501],[-97.82418,40.36505],[-97.82425,40.43758],[-97.84326,40.43757],[-97.8436,40.48108]]]}},{"type":"Feature","id":"68437","properties":{"zip":"68437","pop":null,"city":"","county":"Richardson","state":"Nebraska","area":35.74,"lat":40.25124,"lon":-95.6355},"geometry":{"type":"Polygon","coordinates":[[[-95.72832,40.23284],[-95.70959,40.23282],[-95.70956,40.26202],[-95.69062,40.26208],[-95.69054,40.27662],[-95.6544,40.27653],[-95.65463,40.30185],[-95.66401,40.302],[-95.66405,40.30564],[-95.65944,40.30555],[-95.65932,40.30907],[-95.65608,40.3085],[-95.65492,40.30204],[-95.65468,40.30757],[-95.6461,40.30453],[-95.6215,40.31227],[-95.61134,40.31301],[-95.60513,40.31166],[-95.58179,40.29958],[-95.56216,40.29736],[-95.55162,40.28867],[-95.55149,40.28106],[-95.55627,40.27076],[-95.55633,40.26771],[-95.55247,40.2619],[-95.57845,40.26187],[-95.57822,40.21855],[-95.59713,40.21854],[-95.59696,40.20404],[-95.65359,40.20391],[-95.65347,40.18946],[-95.69043,40.18928],[-95.69069,40.21731],[-95.72828,40.21829],[-95.72832,40.23284]]]}},{"type":"Feature","id":"68815","properties":{"zip":"68815","pop":null,"city":"","county":"Valley","state":"Nebraska","area":123.34,"lat":41.42937,"lon":-99.1604},"geometry":{"type":"Polygon","coordinates":[[[-99.34319,41.38829],[-99.33399,41.38863],[-99.33378,41.39091],[-99.32661,41.39273],[-99.32466,41.39101],[-99.31832,41.39241],[-99.31819,41.39439],[-99.32904,41.39432],[-99.32817,41.46989],[-99.31918,41.47038],[-99.31625,41.46821],[-99.30205,41.46613],[-99.2703,41.46677],[-99.27062,41.4813],[-99.23158,41.48087],[-99.23158,41.48309],[-99.22446,41.48092],[-99.21229,41.48084],[-99.21244,41.52445],[-99.18318,41.52429],[-99.1833,41.53857],[-99.19215,41.53867],[-99.19289,41.55309],[-99.11611,41.5531],[-99.11613,41.52412],[-99.10639,41.52302],[-99.10634,41.48094],[-99.09673,41.48087],[-99.09659,41.45925],[-99.08727,41.45928],[-99.08723,41.46652],[-99.07785,41.4665],[-99.07754,41.48094],[-98.99304,41.48111],[-99.00101,41.47572],[-99.00142,41.43717],[-98.98178,41.43713],[-98.98193,41.39432],[-99.09975,41.3943],[-99.09979,41.39082],[-99.09219,41.38902],[-99.09161,41.38658],[-99.09447,41.38636],[-99.09475,41.38313],[-99.0988,41.38003],[-99.09752,41.37839],[-99.09833,41.36798],[-99.09194,41.36371],[-99.0843,41.35266],[-99.07148,41.35058],[-99.07098,41.33774],[-99.06938,41.33658],[-99.05177,41.3357],[-99.05197,41.32209],[-99.06163,41.32234],[-99.06875,41.32805],[-99.0756,41.32932],[-99.11837,41.3292],[-99.11845,41.32196],[-99.20409,41.32193],[-99.2036,41.36533],[-99.21605,41.36538],[-99.21631,41.37261],[-99.21327,41.3726],[-99.21312,41.37985],[-99.22289,41.37985],[-99.22302,41.3726],[-99.23754,41.37254],[-99.23766,41.36528],[-99.25207,41.36532],[-99.25211,41.3616],[-99.26171,41.36159],[-99.26166,41.37968],[-99.28097,41.37973],[-99.28065,41.38315],[-99.30019,41.38316],[-99.30053,41.37955],[-99.30956,41.37952],[-99.31006,41.37584],[-99.31849,41.37588],[-99.31867,41.37212],[-99.32818,41.37215],[-99.32815,41.37937],[-99.33779,41.3794],[-99.33778,41.38672],[-99.34347,41.38672],[-99.34319,41.38829]]]}},{"type":"Feature","id":"68313","properties":{"zip":"68313","pop":null,"city":"","county":"Seward","state":"Nebraska","area":58.47,"lat":40.78141,"lon":-97.27194},"geometry":{"type":"Polygon","coordinates":[[[-97.3877,40.76032],[-97.38751,40.77114],[-97.36842,40.77117],[-97.3684,40.8216],[-97.34906,40.82163],[-97.34921,40.84401],[-97.29189,40.84361],[-97.29197,40.85811],[-97.26365,40.85821],[-97.26365,40.85058],[-97.25387,40.85063],[-97.25389,40.82236],[-97.18758,40.82224],[-97.18764,40.8146],[-97.17803,40.81457],[-97.17802,40.82222],[-97.15895,40.82217],[-97.15882,40.80002],[-97.16831,40.80002],[-97.16845,40.7926],[-97.17787,40.79261],[-97.17779,40.72761],[-97.18676,40.72762],[-97.18673,40.72049],[-97.19144,40.72053],[-97.19147,40.71299],[-97.20584,40.71298],[-97.20589,40.70593],[-97.19682,40.70588],[-97.19684,40.69837],[-97.23499,40.69842],[-97.23495,40.74198],[-97.31096,40.74214],[-97.31095,40.72759],[-97.36843,40.72765],[-97.36842,40.75665],[-97.38777,40.75665],[-97.3877,40.76032]]]}},{"type":"Feature","id":"68439","properties":{"zip":"68439","pop":null,"city":"","county":"Seward","state":"Nebraska","area":27.21,"lat":40.99937,"lon":-97.21138},"geometry":{"type":"Polygon","coordinates":[[[-97.27296,41.0325],[-97.2537,41.03249],[-97.25351,41.04667],[-97.17758,41.04651],[-97.17781,41.02495],[-97.15837,41.02497],[-97.15839,41.00318],[-97.13927,41.00313],[-97.1392,40.95962],[-97.1679,40.95971],[-97.16793,40.97303],[-97.17749,40.97284],[-97.17746,40.95974],[-97.24348,40.95995],[-97.24359,40.95649],[-97.25364,40.95651],[-97.25362,40.95999],[-97.27279,40.95997],[-97.27296,41.0325]]]}},{"type":"Feature","id":"68817","properties":{"zip":"68817","pop":null,"city":"","county":"Sherman","state":"Nebraska","area":60.88,"lat":41.26132,"lon":-98.7938},"geometry":{"type":"Polygon","coordinates":[[[-98.88063,41.29103],[-98.88,41.2936],[-98.86472,41.29359],[-98.87974,41.30335],[-98.87765,41.30259],[-98.87602,41.30721],[-98.87377,41.30815],[-98.86056,41.3081],[-98.86017,41.33707],[-98.8211,41.33709],[-98.82087,41.35108],[-98.74661,41.35135],[-98.74635,41.30813],[-98.72085,41.30651],[-98.70852,41.29301],[-98.70886,41.26465],[-98.72801,41.26446],[-98.72946,41.17716],[-98.86129,41.17823],[-98.86089,41.26466],[-98.8323,41.26457],[-98.8414,41.27152],[-98.8432,41.2793],[-98.88062,41.27906],[-98.88063,41.29103]]]}},{"type":"Feature","id":"68318","properties":{"zip":"68318","pop":null,"city":"","county":"Gage","state":"Nebraska","area":33.05,"lat":40.15601,"lon":-96.64453},"geometry":{"type":"Polygon","coordinates":[[[-96.78467,40.13216],[-96.78459,40.1502],[-96.77513,40.15033],[-96.77509,40.15396],[-96.76091,40.15396],[-96.76086,40.16124],[-96.72772,40.16113],[-96.72775,40.1684],[-96.7088,40.16838],[-96.70881,40.19023],[-96.68991,40.19015],[-96.6899,40.17564],[-96.66049,40.17554],[-96.66153,40.1901],[-96.61437,40.19024],[-96.61467,40.17549],[-96.55827,40.17527],[-96.55822,40.18973],[-96.50143,40.18971],[-96.50135,40.17513],[-96.52034,40.17508],[-96.52031,40.1612],[-96.53919,40.16131],[-96.53928,40.13227],[-96.63352,40.13213],[-96.6335,40.13934],[-96.64557,40.13938],[-96.65176,40.13756],[-96.65532,40.13943],[-96.65263,40.13204],[-96.67178,40.13214],[-96.67368,40.13658],[-96.67869,40.13911],[-96.68994,40.13942],[-96.68998,40.11764],[-96.70891,40.11759],[-96.7088,40.13937],[-96.74686,40.13937],[-96.7468,40.11757],[-96.75594,40.11728],[-96.78469,40.11762],[-96.78467,40.13216]]]}},{"type":"Feature","id":"68818","properties":{"zip":"68818","pop":null,"city":"","county":"Hamilton","state":"Nebraska","area":138.11,"lat":40.82213,"lon":-98.01039},"geometry":{"type":"Polygon","coordinates":[[[-98.20644,40.84326],[-98.14959,40.84375],[-98.14977,40.85828],[-98.13149,40.85782],[-98.13085,40.87303],[-98.11241,40.87231],[-98.11227,40.87908],[-98.09313,40.87581],[-98.09288,40.88681],[-98.11198,40.88678],[-98.11215,40.91576],[-98.13128,40.91572],[-98.13172,40.94461],[-98.09332,40.94476],[-98.0936,40.95913],[-98.07438,40.95937],[-98.07431,40.95215],[-98.05508,40.95219],[-98.055,40.94506],[-98.02428,40.94504],[-98.01743,40.96002],[-97.9406,40.95934],[-97.94056,40.94482],[-97.93122,40.94521],[-97.93116,40.9378],[-97.94054,40.93771],[-97.94047,40.90885],[-97.92148,40.90887],[-97.92149,40.87252],[-97.94037,40.86973],[-97.94029,40.82185],[-97.94996,40.82201],[-97.94994,40.81434],[-97.95927,40.81434],[-97.95907,40.79981],[-97.94017,40.79988],[-97.94023,40.81438],[-97.92126,40.81433],[-97.92113,40.78538],[-97.86391,40.78543],[-97.86381,40.72739],[-97.89776,40.72746],[-97.89799,40.71296],[-97.90184,40.71297],[-97.90196,40.70598],[-97.91108,40.70586],[-97.9111,40.69851],[-97.92111,40.69851],[-97.92095,40.71299],[-97.94012,40.71296],[-97.93841,40.66954],[-97.95738,40.66953],[-97.95744,40.68402],[-97.97652,40.68414],[-97.97646,40.66963],[-97.99563,40.66965],[-97.99567,40.65511],[-98.0336,40.6551],[-98.03364,40.69844],[-98.03527,40.69846],[-98.03528,40.71287],[-98.01617,40.71291],[-98.01599,40.74191],[-98.03487,40.74177],[-98.03512,40.72732],[-98.05403,40.72738],[-98.05381,40.74189],[-98.07309,40.74184],[-98.07309,40.75636],[-98.09213,40.75642],[-98.09218,40.77093],[-98.07311,40.77085],[-98.07312,40.78534],[-98.09217,40.78532],[-98.09233,40.79982],[-98.07318,40.79981],[-98.07381,40.82185],[-98.11158,40.82191],[-98.11149,40.81429],[-98.14972,40.81452],[-98.14981,40.82207],[-98.18755,40.82194],[-98.18759,40.82891],[-98.20643,40.82878],[-98.20644,40.84326]]]}},{"type":"Feature","id":"68820","properties":{"zip":"68820","pop":null,"city":"","county":"Howard","state":"Nebraska","area":30.72,"lat":41.10644,"lon":-98.70042},"geometry":{"type":"Polygon","coordinates":[[[-98.74917,41.10522],[-98.74713,41.1192],[-98.7485,41.17732],[-98.72946,41.17716],[-98.72889,41.19175],[-98.7194,41.19166],[-98.71947,41.19508],[-98.71013,41.19509],[-98.71006,41.19948],[-98.70488,41.19948],[-98.70489,41.1916],[-98.70878,41.19163],[-98.71017,41.18732],[-98.71027,41.17712],[-98.70054,41.17703],[-98.70063,41.16263],[-98.71032,41.16257],[-98.71019,41.14806],[-98.67193,41.14782],[-98.67189,41.11958],[-98.65267,41.11955],[-98.65278,41.10504],[-98.63375,41.10551],[-98.63362,41.09049],[-98.61391,41.09054],[-98.61375,41.06999],[-98.64492,41.06523],[-98.65381,41.06607],[-98.65628,41.06407],[-98.65736,41.05912],[-98.66053,41.05882],[-98.67225,41.06181],[-98.67551,41.06481],[-98.68056,41.06455],[-98.68243,41.06268],[-98.67639,41.06097],[-98.67614,41.05948],[-98.68014,41.05815],[-98.6818,41.05546],[-98.68853,41.05392],[-98.69951,41.05718],[-98.70584,41.05617],[-98.70523,41.05335],[-98.70208,41.05117],[-98.70262,41.04663],[-98.74853,41.04664],[-98.74917,41.10522]]]}},{"type":"Feature","id":"68137","properties":{"zip":"68137","pop":null,"city":"Omaha","county":"Douglas","state":"Nebraska","area":6.31,"lat":41.20598,"lon":-96.11949},"geometry":{"type":"Polygon","coordinates":[[[-96.15829,41.19518],[-96.15803,41.21262],[-96.15432,41.21688],[-96.15758,41.22137],[-96.14406,41.22127],[-96.144,41.21953],[-96.13875,41.21951],[-96.13856,41.22481],[-96.13,41.21803],[-96.1336,41.22336],[-96.12887,41.22166],[-96.07846,41.22106],[-96.08153,41.21932],[-96.0814,41.19076],[-96.15833,41.19076],[-96.15829,41.19518]]]}},{"type":"Feature","id":"68322","properties":{"zip":"68322","pop":null,"city":"","county":"Thayer","state":"Nebraska","area":47.03,"lat":40.3346,"lon":-97.55357},"geometry":{"type":"Polygon","coordinates":[[[-97.6723,40.36503],[-97.65335,40.36507],[-97.65333,40.37953],[-97.57749,40.37956],[-97.57723,40.39403],[-97.52044,40.39399],[-97.52024,40.35063],[-97.44139,40.3506],[-97.43848,40.34846],[-97.43853,40.34666],[-97.44033,40.34663],[-97.43874,40.33808],[-97.44479,40.34009],[-97.44512,40.29221],[-97.50121,40.2922],[-97.50119,40.26333],[-97.51053,40.26332],[-97.51054,40.2777],[-97.52023,40.2778],[-97.52039,40.29233],[-97.54851,40.29251],[-97.5485,40.28477],[-97.55786,40.28478],[-97.55785,40.27801],[-97.5766,40.27797],[-97.57658,40.2925],[-97.61336,40.29279],[-97.61336,40.30734],[-97.63211,40.3075],[-97.63202,40.33657],[-97.67008,40.33634],[-97.6723,40.36503]]]}},{"type":"Feature","id":"68413","properties":{"zip":"68413","pop":null,"city":"","county":"Cass","state":"Nebraska","area":42.08,"lat":40.83781,"lon":-96.01062},"geometry":{"type":"Polygon","coordinates":[[[-96.07358,40.79851],[-96.04988,40.79862],[-96.05001,40.8059],[-96.05474,40.8059],[-96.05485,40.82771],[-96.06443,40.82762],[-96.06398,40.9366],[-96.04489,40.93676],[-96.04481,40.92585],[-96.03534,40.92579],[-96.03533,40.91855],[-96.04477,40.91857],[-96.04473,40.91495],[-96.00689,40.91486],[-96.00689,40.90029],[-95.97827,40.90041],[-95.97828,40.88588],[-95.96871,40.88592],[-95.9687,40.87134],[-95.94988,40.87136],[-95.94994,40.82761],[-95.959,40.82775],[-95.95951,40.81322],[-95.98827,40.81317],[-95.98831,40.81004],[-95.98346,40.8091],[-95.98337,40.80552],[-95.97882,40.79863],[-95.94998,40.79868],[-95.94977,40.78408],[-95.94041,40.78411],[-95.9403,40.75517],[-95.96889,40.75517],[-95.96899,40.76968],[-95.97809,40.76967],[-95.9949,40.76964],[-95.99495,40.75514],[-96.00691,40.75512],[-96.00704,40.76272],[-96.01624,40.7627],[-96.01627,40.76971],[-96.04502,40.76964],[-96.04527,40.77693],[-96.05495,40.77693],[-96.05444,40.78408],[-96.07349,40.78406],[-96.07358,40.79851]]]}},{"type":"Feature","id":"68970","properties":{"zip":"68970","pop":null,"city":"","county":"Webster","state":"Nebraska","area":117.67,"lat":40.10165,"lon":-98.52293},"geometry":{"type":"Polygon","coordinates":[[[-98.65154,40.1271],[-98.6508,40.14723],[-98.61339,40.14719],[-98.61365,40.17616],[-98.59475,40.17623],[-98.59481,40.19076],[-98.55701,40.19089],[-98.55721,40.21986],[-98.44391,40.21977],[-98.44384,40.20529],[-98.46267,40.20508],[-98.46256,40.19434],[-98.44759,40.19434],[-98.4477,40.18537],[-98.45307,40.18534],[-98.45308,40.17619],[-98.48144,40.17599],[-98.48132,40.14707],[-98.42483,40.14717],[-98.42473,40.16169],[-98.40598,40.16144],[-98.40596,40.12566],[-98.39648,40.12562],[-98.39655,40.11833],[-98.38712,40.11829],[-98.38701,40.08929],[-98.40578,40.08921],[-98.40601,40.07693],[-98.41588,40.07928],[-98.4242,40.07833],[-98.42472,40.03859],[-98.4199,40.03856],[-98.41999,40.03143],[-98.41495,40.0314],[-98.41516,40.00239],[-98.61382,40.0024],[-98.6132,40.06019],[-98.65077,40.06021],[-98.65089,40.08699],[-98.6436,40.08699],[-98.6442,40.09762],[-98.65089,40.09759],[-98.65154,40.1271]]]}},{"type":"Feature","id":"68418","properties":{"zip":"68418","pop":null,"city":"","county":"Otoe","state":"Nebraska","area":52.13,"lat":40.6957,"lon":-96.38436},"geometry":{"type":"Polygon","coordinates":[[[-96.46379,40.70421],[-96.46381,40.75496],[-96.44362,40.75487],[-96.44348,40.74043],[-96.38647,40.74042],[-96.38788,40.77065],[-96.39241,40.77316],[-96.39481,40.78057],[-96.39856,40.78401],[-96.36901,40.78392],[-96.36934,40.79839],[-96.33181,40.79804],[-96.33164,40.7835],[-96.32182,40.78351],[-96.32145,40.76223],[-96.3314,40.76205],[-96.3311,40.7476],[-96.3123,40.74769],[-96.3122,40.74065],[-96.33127,40.74057],[-96.33083,40.71132],[-96.32273,40.71134],[-96.32218,40.70883],[-96.31255,40.7068],[-96.30918,40.69943],[-96.31786,40.69993],[-96.32086,40.69866],[-96.32033,40.69699],[-96.33179,40.697],[-96.33176,40.6935],[-96.34959,40.69398],[-96.34958,40.6823],[-96.3318,40.6823],[-96.3316,40.65806],[-96.3348,40.65431],[-96.34953,40.64878],[-96.34956,40.64582],[-96.34146,40.64562],[-96.34128,40.63829],[-96.33818,40.63821],[-96.33844,40.63157],[-96.32623,40.63157],[-96.32607,40.62387],[-96.31233,40.62431],[-96.31231,40.60981],[-96.42565,40.60996],[-96.42578,40.62447],[-96.44467,40.62445],[-96.44477,40.63895],[-96.42584,40.63895],[-96.42575,40.65349],[-96.44484,40.65344],[-96.44483,40.68512],[-96.44773,40.68489],[-96.45242,40.68788],[-96.45245,40.69137],[-96.45963,40.69487],[-96.46379,40.70421]]]}},{"type":"Feature","id":"68828","properties":{"zip":"68828","pop":null,"city":"","county":"Custer","state":"Nebraska","area":60.6,"lat":41.55631,"lon":-99.24775},"geometry":{"type":"Polygon","coordinates":[[[-99.38545,41.55385],[-99.30863,41.55354],[-99.30847,41.56816],[-99.29885,41.56818],[-99.29907,41.58194],[-99.30446,41.58792],[-99.29967,41.59595],[-99.30134,41.59969],[-99.32342,41.6093],[-99.33269,41.60847],[-99.3509,41.61812],[-99.36667,41.62256],[-99.36665,41.62513],[-99.35462,41.62066],[-99.34022,41.61885],[-99.33523,41.61214],[-99.31736,41.61187],[-99.29861,41.60908],[-99.2949,41.60464],[-99.28606,41.60082],[-99.28645,41.60375],[-99.28319,41.60805],[-99.27414,41.6078],[-99.27279,41.60893],[-99.27546,41.61155],[-99.2695,41.61149],[-99.26928,41.62431],[-99.2758,41.63209],[-99.2669,41.62152],[-99.26432,41.61015],[-99.25414,41.60191],[-99.24847,41.60083],[-99.24226,41.61043],[-99.22654,41.61381],[-99.22519,41.61789],[-99.22519,41.62543],[-99.22848,41.62979],[-99.22845,41.63428],[-99.23124,41.63639],[-99.23129,41.65434],[-99.18333,41.65418],[-99.18307,41.63977],[-99.19274,41.63969],[-99.19268,41.62553],[-99.11577,41.62518],[-99.11577,41.61065],[-99.13514,41.61061],[-99.13515,41.59611],[-99.17385,41.59613],[-99.17378,41.56765],[-99.13527,41.56748],[-99.13539,41.56028],[-99.13338,41.55627],[-99.13546,41.55311],[-99.19289,41.55309],[-99.19215,41.53867],[-99.1833,41.53857],[-99.18318,41.52429],[-99.21244,41.52445],[-99.21229,41.48084],[-99.22446,41.48092],[-99.23158,41.48309],[-99.23158,41.48087],[-99.27062,41.4813],[-99.2703,41.46677],[-99.30205,41.46613],[-99.31625,41.46821],[-99.31918,41.47038],[-99.32817,41.46989],[-99.32781,41.52178],[-99.33053,41.5235],[-99.33966,41.51915],[-99.34718,41.52048],[-99.34723,41.52488],[-99.35681,41.52475],[-99.35676,41.53937],[-99.38561,41.53943],[-99.38545,41.55385]]]}},{"type":"Feature","id":"68831","properties":{"zip":"68831","pop":null,"city":"","county":"Howard","state":"Nebraska","area":54.89,"lat":41.10931,"lon":-98.54669},"geometry":{"type":"Polygon","coordinates":[[[-98.67193,41.14782],[-98.64316,41.14853],[-98.64315,41.15201],[-98.63378,41.15196],[-98.63374,41.15592],[-98.61438,41.15586],[-98.61381,41.19133],[-98.6043,41.19152],[-98.60437,41.18394],[-98.59504,41.18389],[-98.59524,41.17694],[-98.57346,41.17681],[-98.57353,41.1694],[-98.54263,41.1691],[-98.54284,41.16515],[-98.53387,41.16299],[-98.53386,41.15595],[-98.52789,41.15604],[-98.52821,41.14893],[-98.51863,41.14907],[-98.51847,41.13024],[-98.5001,41.14032],[-98.49644,41.14824],[-98.4878,41.15096],[-98.47331,41.16213],[-98.46809,41.17327],[-98.4578,41.18367],[-98.45397,41.16375],[-98.46099,41.16371],[-98.46013,41.11254],[-98.46477,41.11231],[-98.4648,41.10522],[-98.44084,41.10572],[-98.44092,41.09718],[-98.46004,41.09729],[-98.46016,41.0828],[-98.45047,41.08273],[-98.45052,41.07549],[-98.44103,41.07547],[-98.44117,41.04638],[-98.51232,41.04658],[-98.51178,41.03257],[-98.56925,41.03246],[-98.56955,41.04664],[-98.5564,41.04663],[-98.55645,41.07569],[-98.53722,41.07555],[-98.53704,41.09699],[-98.52815,41.09764],[-98.52733,41.1068],[-98.5322,41.11149],[-98.54573,41.09698],[-98.55508,41.09251],[-98.55653,41.08142],[-98.56154,41.07729],[-98.56516,41.0773],[-98.57474,41.08229],[-98.58086,41.07959],[-98.58058,41.07349],[-98.58623,41.06938],[-98.59696,41.07325],[-98.61375,41.06999],[-98.61391,41.09054],[-98.63362,41.09049],[-98.63375,41.10551],[-98.65278,41.10504],[-98.65267,41.11955],[-98.67189,41.11958],[-98.67193,41.14782]]]}},{"type":"Feature","id":"68423","properties":{"zip":"68423","pop":null,"city":"","county":"Seward","state":"Nebraska","area":42.61,"lat":40.80108,"lon":-96.95117},"geometry":{"type":"Polygon","coordinates":[[[-97.00629,40.77439],[-96.97862,40.77407],[-96.97593,40.77749],[-96.96793,40.78138],[-96.96795,40.79957],[-97.00616,40.79969],[-97.00602,40.84324],[-96.96779,40.84313],[-96.96772,40.8721],[-96.94866,40.87208],[-96.94863,40.88652],[-96.96781,40.88691],[-96.96786,40.90111],[-96.92966,40.90102],[-96.9297,40.93003],[-96.91057,40.92989],[-96.91049,40.872],[-96.90013,40.87126],[-96.90204,40.86929],[-96.8994,40.86082],[-96.89601,40.86138],[-96.89466,40.8587],[-96.8919,40.85889],[-96.89197,40.843],[-96.91058,40.84295],[-96.91062,40.82941],[-96.91618,40.82844],[-96.91637,40.82086],[-96.9204,40.82095],[-96.91066,40.82059],[-96.91093,40.74147],[-96.92998,40.74151],[-96.93009,40.71245],[-96.9492,40.71243],[-96.94918,40.698],[-96.95158,40.69669],[-96.95168,40.68331],[-96.96124,40.68334],[-96.96133,40.69792],[-97.00149,40.69811],[-97.00157,40.71002],[-96.9969,40.7101],[-96.99685,40.71623],[-96.99203,40.71621],[-96.99199,40.71977],[-96.9873,40.71977],[-96.98734,40.73065],[-96.9998,40.73067],[-97.00639,40.73784],[-97.00629,40.77439]]]}},{"type":"Feature","id":"68424","properties":{"zip":"68424","pop":null,"city":"","county":"Jefferson","state":"Nebraska","area":49.44,"lat":40.30113,"lon":-97.01825},"geometry":{"type":"Polygon","coordinates":[[[-97.12383,40.30594],[-97.12373,40.34978],[-96.97299,40.34962],[-96.97299,40.33512],[-96.89851,40.33538],[-96.89864,40.32087],[-96.91614,40.32073],[-96.91619,40.30621],[-96.93524,40.30615],[-96.93586,40.24825],[-96.95414,40.2483],[-96.95428,40.21922],[-96.97324,40.21917],[-96.97324,40.23369],[-96.99227,40.2336],[-96.99202,40.26266],[-97.02905,40.26261],[-97.02914,40.24812],[-97.04829,40.24806],[-97.048,40.26259],[-97.06695,40.26256],[-97.06686,40.27708],[-97.12377,40.27701],[-97.12383,40.30594]]]}},{"type":"Feature","id":"68428","properties":{"zip":"68428","pop":null,"city":"","county":"Lancaster","state":"Nebraska","area":45.36,"lat":40.97239,"lon":-96.79613},"geometry":{"type":"Polygon","coordinates":[[[-96.92981,41.00245],[-96.92144,41.00247],[-96.92109,41.01687],[-96.91078,41.01689],[-96.91073,41.00239],[-96.89141,41.00227],[-96.89152,41.01689],[-96.85315,41.01703],[-96.85314,41.0025],[-96.83405,41.00253],[-96.83348,41.02846],[-96.83068,41.02448],[-96.824,41.02127],[-96.81503,41.01959],[-96.81495,41.02202],[-96.81399,41.01995],[-96.80942,41.0222],[-96.80751,41.01693],[-96.77703,41.01679],[-96.777,41.00229],[-96.73867,41.00221],[-96.73865,41.03121],[-96.71986,41.03133],[-96.71983,41.01675],[-96.70065,41.01688],[-96.70058,40.99148],[-96.71968,40.99132],[-96.71979,41.0022],[-96.72924,41.00221],[-96.72928,40.98768],[-96.75915,40.9876],[-96.76023,40.98703],[-96.75831,40.9874],[-96.758,40.98457],[-96.75322,40.98283],[-96.74663,40.97348],[-96.7005,40.97315],[-96.70043,40.95859],[-96.68134,40.95861],[-96.68165,40.91507],[-96.71996,40.91543],[-96.71991,40.92267],[-96.72951,40.92261],[-96.72955,40.91536],[-96.73914,40.91529],[-96.73907,40.92981],[-96.79553,40.9298],[-96.79565,40.91534],[-96.81476,40.91558],[-96.81465,40.94459],[-96.85317,40.94494],[-96.85312,40.95814],[-96.88664,40.95764],[-96.90537,40.96496],[-96.91062,40.9654],[-96.91064,40.9732],[-96.92975,40.97341],[-96.92981,41.00245]]]}},{"type":"Feature","id":"68430","properties":{"zip":"68430","pop":null,"city":"Lincoln","county":"Lancaster","state":"Nebraska","area":34.87,"lat":40.66598,"lon":-96.66003},"geometry":{"type":"Polygon","coordinates":[[[-96.75182,40.68292],[-96.74238,40.68297],[-96.74094,40.69749],[-96.72063,40.69744],[-96.72049,40.71198],[-96.69348,40.712],[-96.692,40.71429],[-96.68499,40.70464],[-96.68251,40.70464],[-96.68251,40.71008],[-96.68537,40.71006],[-96.68541,40.71194],[-96.66344,40.71185],[-96.66347,40.69736],[-96.56866,40.69721],[-96.56837,40.69056],[-96.55897,40.69064],[-96.5588,40.68701],[-96.56249,40.68643],[-96.55847,40.67971],[-96.55844,40.65446],[-96.57242,40.65441],[-96.57253,40.61822],[-96.59122,40.61823],[-96.59254,40.63992],[-96.62002,40.63971],[-96.62002,40.64771],[-96.62405,40.64804],[-96.62457,40.64488],[-96.62943,40.64485],[-96.62945,40.65411],[-96.64857,40.65399],[-96.64857,40.63961],[-96.66751,40.63948],[-96.66725,40.62495],[-96.70573,40.625],[-96.7059,40.61275],[-96.70779,40.61275],[-96.70757,40.61051],[-96.7346,40.61044],[-96.73276,40.62288],[-96.73437,40.62493],[-96.73372,40.6431],[-96.74318,40.64303],[-96.7427,40.66844],[-96.74796,40.66847],[-96.74805,40.67314],[-96.75222,40.67661],[-96.75182,40.68292]]]}},{"type":"Feature","id":"68305","properties":{"zip":"68305","pop":null,"city":"","county":"Nemaha","state":"Nebraska","area":110.64,"lat":40.3639,"lon":-95.85792},"geometry":{"type":"Polygon","coordinates":[[[-96.02919,40.31948],[-96.01024,40.31936],[-96.01036,40.33387],[-95.96414,40.33371],[-95.96418,40.34923],[-95.97135,40.34922],[-95.97144,40.36444],[-95.95246,40.36372],[-95.95255,40.3927],[-95.97154,40.39272],[-95.97162,40.40724],[-95.95259,40.40722],[-95.9526,40.43621],[-95.89588,40.4361],[-95.89614,40.45084],[-95.87675,40.45076],[-95.87693,40.45787],[-95.85793,40.45795],[-95.85868,40.49418],[-95.83998,40.49433],[-95.83949,40.4798],[-95.80148,40.47966],[-95.80116,40.46519],[-95.78218,40.46505],[-95.78185,40.4362],[-95.7441,40.43621],[-95.74393,40.40726],[-95.75336,40.40728],[-95.75333,40.39271],[-95.74384,40.39271],[-95.74381,40.3783],[-95.75325,40.37828],[-95.75327,40.37103],[-95.7438,40.37103],[-95.74381,40.36401],[-95.73563,40.36379],[-95.73407,40.34914],[-95.7477,40.34927],[-95.74755,40.33445],[-95.75699,40.33443],[-95.75697,40.30544],[-95.74746,40.30542],[-95.74747,40.29089],[-95.7844,40.29082],[-95.78442,40.27627],[-95.80336,40.27615],[-95.80344,40.26166],[-95.8982,40.26122],[-95.89817,40.29003],[-95.9549,40.29035],[-95.95486,40.30483],[-95.99258,40.30473],[-95.99259,40.29026],[-96.01016,40.29036],[-96.01028,40.30486],[-96.02909,40.30498],[-96.02919,40.31948]]]}},{"type":"Feature","id":"68147","properties":{"zip":"68147","pop":null,"city":"Bellevue","county":"Sarpy","state":"Nebraska","area":3.66,"lat":41.17652,"lon":-95.95686},"geometry":{"type":"Polygon","coordinates":[[[-95.98644,41.17078],[-95.98162,41.17079],[-95.98166,41.17442],[-95.97688,41.17537],[-95.97692,41.18435],[-95.98261,41.18341],[-95.9819,41.19078],[-95.93346,41.19098],[-95.9313,41.18375],[-95.93786,41.18369],[-95.93956,41.17643],[-95.92727,41.17646],[-95.92575,41.16734],[-95.92659,41.16384],[-95.93158,41.16449],[-95.93072,41.16226],[-95.93538,41.1619],[-95.93369,41.16742],[-95.93816,41.16742],[-95.93907,41.1622],[-95.94169,41.16566],[-95.94644,41.16552],[-95.94257,41.16466],[-95.94496,41.16354],[-95.9529,41.16324],[-95.95577,41.16478],[-95.95269,41.16911],[-95.95655,41.16913],[-95.96116,41.16736],[-95.96174,41.1641],[-95.96711,41.16384],[-95.96707,41.16181],[-95.98414,41.16173],[-95.98625,41.16428],[-95.98644,41.17078]]]}},{"type":"Feature","id":"68154","properties":{"zip":"68154","pop":null,"city":"Omaha","county":"Douglas","state":"Nebraska","area":5.16,"lat":41.26414,"lon":-96.11652},"geometry":{"type":"Polygon","coordinates":[[[-96.15806,41.27754],[-96.08339,41.27777],[-96.08133,41.27711],[-96.08139,41.26752],[-96.08376,41.26444],[-96.07619,41.26337],[-96.07642,41.25678],[-96.08509,41.2487],[-96.11957,41.24864],[-96.11961,41.26312],[-96.14851,41.26308],[-96.14824,41.24864],[-96.14343,41.24871],[-96.14347,41.2531],[-96.13866,41.25308],[-96.13862,41.24859],[-96.13689,41.24858],[-96.13862,41.24666],[-96.13864,41.24151],[-96.14263,41.24173],[-96.14365,41.2471],[-96.15786,41.24854],[-96.15806,41.27754]]]}},{"type":"Feature","id":"68950","properties":{"zip":"68950","pop":null,"city":"","county":"Adams","state":"Nebraska","area":37.4,"lat":40.4559,"lon":-98.66415},"geometry":{"type":"Polygon","coordinates":[[[-98.72412,40.48783],[-98.72396,40.50972],[-98.70531,40.50974],[-98.70521,40.52422],[-98.6291,40.52419],[-98.62901,40.50976],[-98.61956,40.50975],[-98.61957,40.50608],[-98.62904,40.50607],[-98.62908,40.49522],[-98.61022,40.49446],[-98.61024,40.39389],[-98.64785,40.39375],[-98.648,40.37929],[-98.66687,40.37928],[-98.66697,40.36479],[-98.68604,40.36484],[-98.68588,40.42283],[-98.70516,40.42291],[-98.70513,40.43727],[-98.72407,40.43729],[-98.72412,40.48783]]]}},{"type":"Feature","id":"68952","properties":{"zip":"68952","pop":null,"city":"","county":"Webster","state":"Nebraska","area":44.34,"lat":40.08438,"lon":-98.67599},"geometry":{"type":"Polygon","coordinates":[[[-98.72666,40.10381],[-98.72609,40.16964],[-98.72,40.16964],[-98.72006,40.16208],[-98.70727,40.16204],[-98.70754,40.16909],[-98.68868,40.16908],[-98.68902,40.17625],[-98.61365,40.17616],[-98.61339,40.14719],[-98.6508,40.14723],[-98.65154,40.1271],[-98.65089,40.09759],[-98.6442,40.09762],[-98.6436,40.08699],[-98.65089,40.08699],[-98.65077,40.06021],[-98.6132,40.06019],[-98.61382,40.0024],[-98.72637,40.00222],[-98.72604,40.08936],[-98.70745,40.08932],[-98.70751,40.10156],[-98.72659,40.10226],[-98.72666,40.10381]]]}},{"type":"Feature","id":"68376","properties":{"zip":"68376","pop":null,"city":"","county":"Richardson","state":"Nebraska","area":118.82,"lat":40.17099,"lon":-95.93807},"geometry":{"type":"Polygon","coordinates":[[[-96.04798,40.13105],[-96.04362,40.13107],[-96.04345,40.14386],[-96.04801,40.15266],[-96.018,40.15282],[-96.01969,40.15415],[-96.01983,40.15972],[-96.02904,40.1601],[-96.02909,40.20349],[-96.01023,40.20397],[-96.01022,40.21801],[-96.02906,40.21796],[-96.02898,40.26163],[-96.03369,40.26168],[-96.03368,40.27614],[-96.02823,40.27609],[-96.02896,40.29053],[-95.99259,40.29026],[-95.99258,40.30473],[-95.95486,40.30483],[-95.9549,40.29035],[-95.89817,40.29003],[-95.8982,40.26122],[-95.86024,40.26142],[-95.86033,40.24705],[-95.87913,40.24694],[-95.87898,40.23253],[-95.8036,40.23267],[-95.80356,40.2182],[-95.78453,40.21818],[-95.78444,40.18914],[-95.80339,40.18912],[-95.80327,40.17458],[-95.87875,40.17448],[-95.87897,40.1166],[-95.86005,40.11657],[-95.86005,40.09477],[-95.8412,40.09479],[-95.84113,40.0875],[-95.88038,40.0877],[-95.8791,40.05863],[-95.86973,40.05864],[-95.86964,40.04395],[-95.89724,40.0433],[-95.89732,40.0296],[-95.90683,40.02963],[-95.90707,40.04419],[-95.97338,40.04431],[-95.97332,40.02973],[-96.01068,40.02971],[-96.01067,40.03702],[-96.00162,40.03699],[-96.0017,40.04062],[-95.9969,40.04061],[-95.99699,40.04424],[-96.00918,40.04421],[-96.01066,40.05141],[-96.01537,40.05141],[-96.01533,40.05868],[-96.01062,40.05896],[-96.01057,40.08054],[-96.00156,40.08073],[-96.00134,40.08772],[-96.01999,40.08769],[-96.01982,40.13117],[-96.02918,40.13113],[-96.02936,40.12025],[-96.03882,40.12021],[-96.03876,40.12383],[-96.04822,40.1238],[-96.04798,40.13105]]]}},{"type":"Feature","id":"68377","properties":{"zip":"68377","pop":null,"city":"","county":"Jefferson","state":"Nebraska","area":40.94,"lat":40.21698,"lon":-97.02304},"geometry":{"type":"Polygon","coordinates":[[[-97.10488,40.26256],[-97.10493,40.27712],[-97.06686,40.27708],[-97.06695,40.26256],[-97.048,40.26259],[-97.04829,40.24806],[-97.02914,40.24812],[-97.02905,40.26261],[-96.99202,40.26266],[-96.99227,40.2336],[-96.97324,40.23369],[-96.97324,40.21917],[-96.95428,40.21922],[-96.95414,40.2483],[-96.93586,40.24825],[-96.93521,40.26274],[-96.92814,40.26272],[-96.92816,40.2591],[-96.92579,40.2591],[-96.92578,40.26091],[-96.91631,40.26089],[-96.91635,40.2177],[-96.9353,40.20958],[-96.93525,40.17558],[-96.95421,40.17558],[-96.95412,40.19012],[-96.97259,40.19008],[-96.97314,40.17553],[-96.98265,40.17552],[-96.9826,40.16826],[-96.992,40.1681],[-96.99203,40.16099],[-97.02965,40.16094],[-97.02961,40.17548],[-97.1054,40.17556],[-97.10488,40.26256]]]}},{"type":"Feature","id":"68955","properties":{"zip":"68955","pop":null,"city":"","county":"Adams","state":"Nebraska","area":72.05,"lat":40.59286,"lon":-98.53968},"geometry":{"type":"Polygon","coordinates":[[[-98.64817,40.56761],[-98.61009,40.56777],[-98.61009,40.59678],[-98.57332,40.59696],[-98.57257,40.59842],[-98.57316,40.61137],[-98.58746,40.61138],[-98.58755,40.60414],[-98.59226,40.60414],[-98.59226,40.60777],[-98.60164,40.6077],[-98.60158,40.61137],[-98.6101,40.6113],[-98.61011,40.62578],[-98.59223,40.62592],[-98.59221,40.64047],[-98.61011,40.64028],[-98.61011,40.67166],[-98.60272,40.66942],[-98.53509,40.66941],[-98.53482,40.69864],[-98.47725,40.69857],[-98.47747,40.64067],[-98.43948,40.64048],[-98.43966,40.60224],[-98.44192,40.60225],[-98.44045,40.59772],[-98.45882,40.59861],[-98.45894,40.5681],[-98.47801,40.5681],[-98.478,40.53904],[-98.49683,40.53902],[-98.49674,40.49546],[-98.55358,40.49533],[-98.55376,40.52441],[-98.57271,40.52436],[-98.57257,40.50977],[-98.5898,40.50961],[-98.58213,40.50969],[-98.58217,40.51698],[-98.5917,40.51693],[-98.59172,40.50961],[-98.62901,40.50976],[-98.6291,40.52419],[-98.64815,40.52414],[-98.64813,40.53656],[-98.64587,40.53857],[-98.64813,40.53865],[-98.64817,40.56761]]]}},{"type":"Feature","id":"68958","properties":{"zip":"68958","pop":null,"city":"","county":"Phelps","state":"Nebraska","area":55.64,"lat":40.5276,"lon":-99.50406},"geometry":{"type":"Polygon","coordinates":[[[-99.58739,40.52467],[-99.56847,40.52469],[-99.56757,40.51097],[-99.55005,40.51009],[-99.5495,40.52473],[-99.53088,40.52479],[-99.53073,40.55388],[-99.53988,40.55388],[-99.54011,40.56847],[-99.53067,40.56971],[-99.53061,40.58294],[-99.54925,40.58281],[-99.54902,40.59735],[-99.53054,40.59745],[-99.53036,40.62653],[-99.51268,40.62777],[-99.51248,40.64164],[-99.49356,40.63243],[-99.49337,40.65665],[-99.48385,40.65659],[-99.48388,40.64937],[-99.47431,40.64923],[-99.47449,40.63473],[-99.45543,40.63437],[-99.45561,40.60926],[-99.44623,40.60923],[-99.4459,40.60553],[-99.4553,40.60565],[-99.45481,40.55427],[-99.47395,40.55488],[-99.47357,40.54003],[-99.45616,40.5395],[-99.45559,40.51772],[-99.4461,40.51771],[-99.44604,40.5141],[-99.43647,40.51413],[-99.43635,40.5104],[-99.41975,40.5105],[-99.41976,40.50871],[-99.41791,40.50872],[-99.41782,40.48162],[-99.44543,40.48104],[-99.44535,40.47375],[-99.45011,40.4738],[-99.45014,40.46655],[-99.45507,40.46665],[-99.45481,40.4523],[-99.49317,40.45202],[-99.49297,40.4374],[-99.5494,40.43707],[-99.54881,40.45326],[-99.58682,40.4524],[-99.58739,40.52467]]]}},{"type":"Feature","id":"68378","properties":{"zip":"68378","pop":null,"city":"","county":"Nemaha","state":"Nebraska","area":41.63,"lat":40.39361,"lon":-96.02617},"geometry":{"type":"Polygon","coordinates":[[[-96.12296,40.43609],[-96.12287,40.4507],[-96.11885,40.4507],[-96.11885,40.45323],[-96.11606,40.45352],[-96.11673,40.45069],[-96.00951,40.4506],[-96.00947,40.43614],[-95.97216,40.4362],[-95.97192,40.45071],[-95.95296,40.45072],[-95.95259,40.40722],[-95.97162,40.40724],[-95.97154,40.39272],[-95.95255,40.3927],[-95.95246,40.36372],[-95.97144,40.36444],[-95.97135,40.34922],[-95.96418,40.34923],[-95.96414,40.33371],[-96.01036,40.33387],[-96.01024,40.31936],[-96.06704,40.31997],[-96.06708,40.33191],[-96.06861,40.33214],[-96.06707,40.33315],[-96.06601,40.34914],[-96.06624,40.40721],[-96.10423,40.40712],[-96.10425,40.42165],[-96.12289,40.42172],[-96.12296,40.43609]]]}},{"type":"Feature","id":"68978","properties":{"zip":"68978","pop":null,"city":"","county":"Nuckolls","state":"Nebraska","area":116.73,"lat":40.06336,"lon":-98.09381},"geometry":{"type":"Polygon","coordinates":[[[-98.25606,40.14009],[-98.25601,40.14741],[-98.23716,40.14747],[-98.23721,40.17645],[-98.18045,40.1765],[-98.18028,40.13306],[-98.12376,40.13309],[-98.12372,40.14757],[-98.08589,40.14754],[-98.08594,40.16204],[-98.06854,40.16217],[-98.06712,40.14766],[-98.00985,40.14732],[-98.00986,40.12566],[-97.93406,40.12542],[-97.93416,40.10365],[-97.95306,40.10368],[-97.95316,40.08911],[-97.97206,40.08927],[-97.97235,40.00211],[-98.04277,40.00219],[-98.04275,39.99722],[-98.04463,39.9965],[-98.04281,39.99112],[-98.04254,39.9721],[-98.06127,39.97233],[-98.06132,39.94321],[-98.15633,39.94415],[-98.15623,39.97318],[-98.17516,39.97309],[-98.17513,39.98756],[-98.15623,39.98766],[-98.15684,40.00245],[-98.19872,40.00259],[-98.19884,40.05192],[-98.19214,40.046],[-98.19325,40.0498],[-98.19884,40.0521],[-98.19916,40.11841],[-98.20866,40.11843],[-98.20878,40.13304],[-98.2561,40.13306],[-98.25606,40.14009]]]}},{"type":"Feature","id":"69020","properties":{"zip":"69020","pop":null,"city":"","county":"Red Willow","state":"Nebraska","area":101.24,"lat":40.23535,"lon":-100.31461},"geometry":{"type":"Polygon","coordinates":[[[-100.42248,40.34975],[-100.42187,40.35102],[-100.3833,40.3515],[-100.38336,40.36588],[-100.42082,40.36566],[-100.41963,40.42435],[-100.42207,40.43244],[-100.41589,40.43885],[-100.38926,40.43856],[-100.38793,40.43265],[-100.38302,40.42857],[-100.38258,40.42396],[-100.37334,40.4241],[-100.37342,40.41737],[-100.36415,40.41645],[-100.36425,40.40961],[-100.33112,40.40872],[-100.33047,40.41573],[-100.32624,40.4158],[-100.32676,40.35048],[-100.31007,40.34989],[-100.31004,40.32749],[-100.29198,40.32759],[-100.29016,40.25272],[-100.29956,40.25092],[-100.2996,40.24859],[-100.3059,40.24747],[-100.30597,40.23062],[-100.27085,40.23382],[-100.27045,40.24081],[-100.25184,40.24108],[-100.25165,40.21929],[-100.21355,40.21946],[-100.21247,40.08261],[-100.23423,40.07174],[-100.24302,40.0642],[-100.27223,40.05154],[-100.27706,40.05134],[-100.27795,40.053],[-100.27994,40.0507],[-100.31415,40.05194],[-100.31427,40.06527],[-100.32386,40.06537],[-100.3239,40.08713],[-100.32154,40.08713],[-100.32399,40.09235],[-100.32479,40.11644],[-100.3344,40.11697],[-100.33557,40.17477],[-100.30719,40.1753],[-100.30882,40.24077],[-100.31712,40.24079],[-100.3181,40.25029],[-100.3324,40.2458],[-100.38438,40.24099],[-100.38436,40.29239],[-100.42111,40.29268],[-100.42248,40.34975]]]}},{"type":"Feature","id":"68381","properties":{"zip":"68381","pop":null,"city":"","county":"Gage","state":"Nebraska","area":44.3,"lat":40.07979,"lon":-96.48173},"geometry":{"type":"Polygon","coordinates":[[[-96.5506,40.00815],[-96.54858,40.00819],[-96.54849,40.01189],[-96.53913,40.01187],[-96.53926,40.03351],[-96.52984,40.03354],[-96.52994,40.04448],[-96.52037,40.04455],[-96.52052,40.05922],[-96.52287,40.0592],[-96.52282,40.06654],[-96.52042,40.06653],[-96.52037,40.13218],[-96.53928,40.13227],[-96.53919,40.16131],[-96.52031,40.1612],[-96.52034,40.17508],[-96.44495,40.17527],[-96.44522,40.15721],[-96.45442,40.15714],[-96.45448,40.14639],[-96.46374,40.14618],[-96.46367,40.13252],[-96.44506,40.13179],[-96.44504,40.05924],[-96.40731,40.05896],[-96.40698,40.0155],[-96.44487,40.01559],[-96.44503,40.00093],[-96.55064,40.00092],[-96.5506,40.00815]]]}},{"type":"Feature","id":"68959","properties":{"zip":"68959","pop":null,"city":"","county":"Kearney","state":"Nebraska","area":190.83,"lat":40.49008,"lon":-98.91485},"geometry":{"type":"Polygon","coordinates":[[[-99.10373,40.56838],[-99.0658,40.56836],[-99.06582,40.61195],[-99.0087,40.61197],[-99.00883,40.5974],[-98.9897,40.59765],[-98.98969,40.61201],[-98.95155,40.61203],[-98.95142,40.64101],[-98.87589,40.64062],[-98.87601,40.61095],[-98.83787,40.61115],[-98.83788,40.5534],[-98.81903,40.55342],[-98.81902,40.49533],[-98.80025,40.49528],[-98.79998,40.52441],[-98.76199,40.52428],[-98.76205,40.48067],[-98.72408,40.48074],[-98.724,40.42284],[-98.74295,40.423],[-98.74328,40.37948],[-98.78112,40.37942],[-98.78118,40.39395],[-98.80003,40.39395],[-98.79996,40.37938],[-98.87527,40.37937],[-98.87533,40.36487],[-98.89434,40.36491],[-98.89446,40.35042],[-98.97057,40.35061],[-98.97058,40.36497],[-98.98959,40.36494],[-98.98959,40.37227],[-98.99805,40.37232],[-98.99835,40.39402],[-99.00836,40.3941],[-99.0086,40.40855],[-99.04649,40.40862],[-99.04706,40.48927],[-99.02795,40.49194],[-99.02806,40.51017],[-99.08476,40.51035],[-99.08473,40.5393],[-99.10378,40.53934],[-99.10373,40.56838]]]}},{"type":"Feature","id":"68964","properties":{"zip":"68964","pop":null,"city":"","county":"Nuckolls","state":"Nebraska","area":21.6,"lat":40.23541,"lon":-97.90187},"geometry":{"type":"Polygon","coordinates":[[[-97.99108,40.26357],[-97.97217,40.26344],[-97.97232,40.29264],[-97.91569,40.29268],[-97.91557,40.27809],[-97.89666,40.27804],[-97.89565,40.23468],[-97.88377,40.23413],[-97.87722,40.23067],[-97.87665,40.2273],[-97.87365,40.22529],[-97.86849,40.22609],[-97.86362,40.22426],[-97.86192,40.21907],[-97.84848,40.21845],[-97.84186,40.21532],[-97.82986,40.22061],[-97.82069,40.21502],[-97.82075,40.19089],[-97.80285,40.1909],[-97.80305,40.17624],[-97.83976,40.17628],[-97.83965,40.19076],[-97.86244,40.19077],[-97.87653,40.19071],[-97.87751,40.17611],[-97.88517,40.1761],[-97.88385,40.18791],[-97.88618,40.18794],[-97.88613,40.19078],[-97.89419,40.19109],[-97.89443,40.19812],[-97.91042,40.19806],[-97.91042,40.20542],[-97.90543,40.20552],[-97.90588,40.22004],[-97.93417,40.21991],[-97.93438,40.23271],[-97.93429,40.23337],[-97.93425,40.24914],[-97.93431,40.24989],[-97.9924,40.24891],[-97.99108,40.26357]]]}},{"type":"Feature","id":"68402","properties":{"zip":"68402","pop":null,"city":"","county":"Lancaster","state":"Nebraska","area":24.76,"lat":40.90833,"lon":-96.85714},"geometry":{"type":"Polygon","coordinates":[[[-96.91062,40.9654],[-96.90537,40.96496],[-96.88664,40.95764],[-96.85312,40.95814],[-96.85317,40.94494],[-96.81465,40.94459],[-96.81476,40.91558],[-96.79565,40.91534],[-96.79577,40.89037],[-96.79618,40.88763],[-96.81499,40.88653],[-96.8151,40.87175],[-96.79591,40.87181],[-96.79602,40.85727],[-96.86305,40.85749],[-96.86285,40.87192],[-96.87241,40.87193],[-96.87245,40.88668],[-96.89168,40.88641],[-96.89151,40.87195],[-96.91049,40.872],[-96.91062,40.9654]]]}},{"type":"Feature","id":"68404","properties":{"zip":"68404","pop":null,"city":"","county":"Lancaster","state":"Nebraska","area":38.45,"lat":40.61902,"lon":-96.75569},"geometry":{"type":"Polygon","coordinates":[[[-96.83833,40.66841],[-96.81955,40.66826],[-96.81924,40.68284],[-96.83813,40.68299],[-96.83814,40.69776],[-96.83495,40.69775],[-96.83599,40.71223],[-96.79681,40.71214],[-96.79685,40.69764],[-96.79379,40.69917],[-96.79379,40.69763],[-96.75625,40.69754],[-96.75622,40.70116],[-96.75384,40.70115],[-96.75386,40.69753],[-96.74094,40.69749],[-96.74238,40.68297],[-96.75182,40.68292],[-96.75222,40.67661],[-96.74805,40.67314],[-96.74796,40.66847],[-96.7427,40.66844],[-96.74318,40.64303],[-96.73372,40.6431],[-96.73437,40.62493],[-96.73276,40.62288],[-96.7346,40.61044],[-96.70757,40.61051],[-96.70779,40.61275],[-96.7059,40.61275],[-96.70573,40.625],[-96.68681,40.62478],[-96.68686,40.61742],[-96.69746,40.61127],[-96.7022,40.60607],[-96.70118,40.59556],[-96.68659,40.5958],[-96.68626,40.58131],[-96.66745,40.5814],[-96.66714,40.5524],[-96.70462,40.55204],[-96.70435,40.53757],[-96.70847,40.53757],[-96.7074,40.52308],[-96.74196,40.5231],[-96.74223,40.55211],[-96.76346,40.55209],[-96.76349,40.55918],[-96.76122,40.55935],[-96.77063,40.55935],[-96.77055,40.5521],[-96.77532,40.5521],[-96.77536,40.56297],[-96.76596,40.56296],[-96.76598,40.56658],[-96.78007,40.56661],[-96.78163,40.61026],[-96.77501,40.61029],[-96.77387,40.61272],[-96.7714,40.61308],[-96.77204,40.61755],[-96.78154,40.61752],[-96.78138,40.62482],[-96.7909,40.62472],[-96.78797,40.62862],[-96.78981,40.63331],[-96.79495,40.63621],[-96.80098,40.64509],[-96.8036,40.64572],[-96.80487,40.64844],[-96.80316,40.65158],[-96.8062,40.65367],[-96.81953,40.65381],[-96.81936,40.63928],[-96.83836,40.63832],[-96.83833,40.66841]],[[-96.74819,40.62543],[-96.74112,40.62488],[-96.74101,40.62852],[-96.74814,40.62849],[-96.74819,40.62543]]]}},{"type":"Feature","id":"68972","properties":{"zip":"68972","pop":null,"city":"","county":"Franklin","state":"Nebraska","area":92.08,"lat":40.10354,"lon":-98.80268},"geometry":{"type":"Polygon","coordinates":[[[-98.95241,40.08217],[-98.95235,40.08942],[-98.87535,40.08911],[-98.8523,40.08239],[-98.83984,40.08246],[-98.83466,40.07681],[-98.82766,40.08033],[-98.81932,40.0885],[-98.80046,40.08637],[-98.78851,40.08983],[-98.80126,40.08979],[-98.80123,40.09686],[-98.83939,40.0962],[-98.83994,40.23347],[-98.72611,40.23423],[-98.72659,40.10226],[-98.70751,40.10156],[-98.70745,40.08932],[-98.72604,40.08936],[-98.72637,40.00222],[-98.91495,40.00224],[-98.91495,40.07683],[-98.95288,40.07437],[-98.95241,40.08217]]]}},{"type":"Feature","id":"68977","properties":{"zip":"68977","pop":null,"city":"","county":"Harlan","state":"Nebraska","area":76.65,"lat":40.06706,"lon":-99.63047},"geometry":{"type":"Polygon","coordinates":[[[-99.74247,40.10402],[-99.70533,40.10405],[-99.70497,40.11756],[-99.68643,40.11811],[-99.6864,40.1296],[-99.67341,40.12953],[-99.67335,40.13619],[-99.66778,40.13607],[-99.66708,40.13997],[-99.65802,40.1395],[-99.65651,40.13253],[-99.61168,40.13325],[-99.6115,40.14774],[-99.5926,40.1476],[-99.59252,40.1621],[-99.57354,40.16206],[-99.57337,40.16931],[-99.56387,40.16932],[-99.56408,40.16206],[-99.55493,40.16069],[-99.55457,40.08918],[-99.52102,40.08926],[-99.52005,40.08768],[-99.52021,40.0828],[-99.52512,40.07482],[-99.52245,40.05586],[-99.52714,40.03995],[-99.52296,40.00859],[-99.51788,40.00201],[-99.74116,40.00182],[-99.74247,40.10402]]]}},{"type":"Feature","id":"68942","properties":{"zip":"68942","pop":null,"city":"","county":"Webster","state":"Nebraska","area":106.44,"lat":40.09556,"lon":-98.31143},"geometry":{"type":"Polygon","coordinates":[[[-98.42473,40.04594],[-98.4242,40.07833],[-98.41588,40.07928],[-98.40601,40.07693],[-98.40578,40.08921],[-98.38701,40.08929],[-98.38712,40.11829],[-98.39655,40.11833],[-98.39648,40.12562],[-98.40596,40.12566],[-98.40636,40.13016],[-98.40598,40.16144],[-98.38703,40.16183],[-98.38694,40.20544],[-98.34923,40.2054],[-98.34927,40.2199],[-98.29256,40.21993],[-98.29257,40.22715],[-98.27354,40.2271],[-98.2736,40.17642],[-98.2561,40.17637],[-98.25604,40.16195],[-98.26404,40.16189],[-98.26413,40.1474],[-98.25601,40.14741],[-98.2561,40.13306],[-98.20878,40.13304],[-98.20866,40.11843],[-98.19916,40.11841],[-98.19884,40.0521],[-98.19325,40.0498],[-98.19214,40.046],[-98.19884,40.05192],[-98.19872,40.00259],[-98.41516,40.00239],[-98.41495,40.0314],[-98.41999,40.03143],[-98.4199,40.03856],[-98.42472,40.03859],[-98.42473,40.04594]]]}},{"type":"Feature","id":"68944","properties":{"zip":"68944","pop":null,"city":"","county":"Clay","state":"Nebraska","area":82.4,"lat":40.63741,"lon":-98.0949},"geometry":{"type":"Polygon","coordinates":[[[-98.22193,40.63321],[-98.22183,40.64043],[-98.20278,40.64055],[-98.20281,40.64766],[-98.19365,40.64774],[-98.19366,40.66947],[-98.18399,40.66949],[-98.18408,40.69835],[-98.14969,40.69836],[-98.1497,40.71285],[-98.13035,40.71285],[-98.13054,40.6984],[-98.11154,40.69841],[-98.11157,40.71291],[-98.10203,40.71293],[-98.10202,40.69957],[-98.09262,40.69841],[-98.09224,40.74197],[-98.05381,40.74189],[-98.05403,40.72738],[-98.03512,40.72732],[-98.03487,40.74177],[-98.01599,40.74191],[-98.01617,40.71291],[-98.03528,40.71287],[-98.03527,40.69846],[-98.03364,40.69844],[-98.0336,40.6551],[-97.99567,40.65511],[-97.99563,40.66965],[-97.97646,40.66963],[-97.97644,40.64059],[-97.98556,40.64058],[-97.98528,40.61156],[-97.97629,40.61156],[-97.9763,40.59718],[-97.99525,40.59723],[-97.99523,40.56106],[-98.03319,40.56104],[-98.03331,40.56825],[-98.07057,40.56821],[-98.07064,40.58274],[-98.08974,40.58275],[-98.0895,40.56097],[-98.10871,40.56095],[-98.1086,40.55359],[-98.16537,40.55373],[-98.16539,40.58273],[-98.2034,40.58242],[-98.20324,40.61176],[-98.22225,40.61167],[-98.22193,40.63321]]]}},{"type":"Feature","id":"68135","properties":{"zip":"68135","pop":null,"city":"Omaha","county":"Douglas","state":"Nebraska","area":6.02,"lat":41.20514,"lon":-96.19583},"geometry":{"type":"Polygon","coordinates":[[[-96.23434,41.2193],[-96.17712,41.2194],[-96.1771,41.22084],[-96.16815,41.2185],[-96.16339,41.21911],[-96.16267,41.22174],[-96.1576,41.2214],[-96.15432,41.21688],[-96.15803,41.21262],[-96.15833,41.19076],[-96.23429,41.19035],[-96.23434,41.2193]]]}},{"type":"Feature","id":"68407","properties":{"zip":"68407","pop":null,"city":"","county":"Cass","state":"Nebraska","area":34.75,"lat":40.921,"lon":-96.26266},"geometry":{"type":"Polygon","coordinates":[[[-96.3515,40.90331],[-96.35074,40.92837],[-96.33168,40.92896],[-96.33146,40.95711],[-96.32193,40.95715],[-96.32196,40.96442],[-96.30746,40.9645],[-96.30754,40.97176],[-96.255,40.97195],[-96.25493,40.95742],[-96.19718,40.95772],[-96.19721,40.95055],[-96.18769,40.95061],[-96.1878,40.93607],[-96.17816,40.93606],[-96.17819,40.92874],[-96.16865,40.92883],[-96.16862,40.9221],[-96.17819,40.92147],[-96.17817,40.9142],[-96.18782,40.91421],[-96.18779,40.89251],[-96.19258,40.89249],[-96.19259,40.88516],[-96.19735,40.88542],[-96.19739,40.8925],[-96.21643,40.89249],[-96.21637,40.87062],[-96.29409,40.87053],[-96.29392,40.88505],[-96.31301,40.88525],[-96.31285,40.89975],[-96.35155,40.8997],[-96.3515,40.90331]]]}},{"type":"Feature","id":"68409","properties":{"zip":"68409","pop":null,"city":"","county":"Cass","state":"Nebraska","area":22.37,"lat":40.90908,"lon":-95.95075},"geometry":{"type":"Polygon","coordinates":[[[-96.04489,40.93676],[-96.02582,40.93657],[-96.02574,40.94386],[-95.92833,40.94414],[-95.92615,40.92959],[-95.91166,40.92966],[-95.9116,40.92301],[-95.90374,40.92277],[-95.90376,40.9181],[-95.89805,40.91706],[-95.89794,40.91511],[-95.88887,40.91509],[-95.88863,40.91304],[-95.89205,40.91285],[-95.89204,40.90781],[-95.88771,40.90776],[-95.88713,40.90416],[-95.88297,40.90412],[-95.88263,40.90237],[-95.86821,40.9018],[-95.86817,40.88592],[-95.87293,40.88594],[-95.87292,40.87151],[-95.93042,40.87141],[-95.9304,40.8786],[-95.93203,40.87864],[-95.94,40.87816],[-95.94,40.87136],[-95.9687,40.87134],[-95.96871,40.88592],[-95.97828,40.88588],[-95.97827,40.90041],[-96.00689,40.90029],[-96.00689,40.91486],[-96.04473,40.91495],[-96.04477,40.91857],[-96.03533,40.91855],[-96.03534,40.92579],[-96.04481,40.92585],[-96.04489,40.93676]]]}},{"type":"Feature","id":"68947","properties":{"zip":"68947","pop":null,"city":"","county":"Franklin","state":"Nebraska","area":71.2,"lat":40.30142,"lon":-99.05189},"geometry":{"type":"Polygon","coordinates":[[[-99.1234,40.34938],[-99.12262,40.37957],[-99.04638,40.37956],[-99.04649,40.40862],[-99.0086,40.40855],[-99.00836,40.3941],[-98.99835,40.39402],[-98.99805,40.37232],[-98.98959,40.37227],[-98.98959,40.36494],[-98.97058,40.36497],[-98.97057,40.35061],[-98.95329,40.35043],[-98.95257,40.29252],[-99.00965,40.29232],[-99.00952,40.23442],[-99.01905,40.23448],[-99.01786,40.20511],[-99.02266,40.20514],[-99.03524,40.19731],[-99.03539,40.19049],[-99.04719,40.19174],[-99.04737,40.20496],[-99.06036,40.20511],[-99.06033,40.19753],[-99.12302,40.1976],[-99.1234,40.34938]]]}},{"type":"Feature","id":"68813","properties":{"zip":"68813","pop":null,"city":"","county":"Custer","state":"Nebraska","area":375.71,"lat":41.70473,"lon":-99.83554},"geometry":{"type":"Polygon","coordinates":[[[-100.11637,41.63788],[-100.10421,41.63537],[-100.08758,41.63935],[-100.08731,41.65372],[-100.09684,41.65356],[-100.09721,41.69767],[-100.01985,41.69766],[-100.01956,41.72673],[-100.00117,41.72651],[-100.00106,41.73045],[-99.9936,41.73033],[-100.00194,41.73719],[-100.00041,41.73913],[-99.80111,41.74027],[-99.80157,41.77056],[-99.80483,41.77303],[-99.8258,41.77485],[-99.83492,41.77833],[-99.8401,41.78378],[-99.85215,41.79114],[-99.86835,41.79124],[-99.87958,41.79627],[-99.88743,41.79484],[-99.8984,41.79948],[-99.91382,41.80049],[-99.91798,41.80259],[-99.91849,41.88489],[-99.93779,41.88475],[-99.93804,41.92054],[-99.85683,41.93221],[-99.80108,41.9068],[-99.66541,41.90687],[-99.63817,41.8972],[-99.61978,41.88396],[-99.59113,41.85781],[-99.59113,41.82813],[-99.61014,41.82808],[-99.61007,41.79875],[-99.53151,41.79924],[-99.53141,41.77013],[-99.60454,41.76984],[-99.60429,41.74887],[-99.59943,41.74804],[-99.59942,41.74179],[-99.59693,41.73938],[-99.59688,41.71964],[-99.60197,41.71963],[-99.59701,41.70966],[-99.60183,41.70511],[-99.59718,41.69286],[-99.59746,41.66668],[-99.59868,41.66457],[-99.60384,41.66635],[-99.61634,41.66585],[-99.6163,41.6547],[-99.62609,41.65476],[-99.6261,41.65109],[-99.63575,41.65115],[-99.63571,41.65474],[-99.67327,41.65473],[-99.67383,41.66501],[-99.67934,41.66203],[-99.68053,41.66055],[-99.67807,41.65707],[-99.6792,41.6559],[-99.67328,41.65401],[-99.67354,41.59569],[-99.68844,41.59931],[-99.71166,41.59704],[-99.71194,41.61117],[-99.74778,41.61129],[-99.75011,41.60048],[-99.75002,41.58624],[-99.75956,41.58587],[-99.76005,41.5825],[-99.76921,41.58226],[-99.7695,41.57527],[-99.80658,41.57541],[-99.80773,41.58258],[-99.82643,41.58287],[-99.82707,41.57527],[-99.83125,41.57528],[-99.83098,41.54647],[-99.82652,41.54592],[-99.82663,41.53925],[-99.86514,41.53949],[-99.86543,41.52501],[-99.8461,41.52495],[-99.84639,41.51064],[-99.82718,41.51033],[-99.82734,41.49582],[-99.88505,41.49568],[-99.88496,41.51015],[-99.90386,41.51035],[-99.90413,41.52438],[-99.92353,41.52449],[-99.92304,41.50184],[-99.92495,41.49759],[-99.92898,41.49567],[-100.00044,41.49553],[-100.00117,41.48102],[-100.02044,41.48088],[-100.02012,41.45506],[-100.01301,41.45189],[-100.03008,41.45168],[-100.03003,41.45891],[-100.03975,41.45874],[-100.03972,41.48085],[-100.05896,41.4806],[-100.05875,41.49499],[-100.0777,41.49491],[-100.07789,41.56724],[-100.09753,41.56725],[-100.09722,41.61407],[-100.11642,41.61367],[-100.11637,41.63788]]]}},{"type":"Feature","id":"68948","properties":{"zip":"68948","pop":null,"city":"","county":"Furnas","state":"Nebraska","area":89.46,"lat":40.34167,"lon":-100.02635},"geometry":{"type":"Polygon","coordinates":[[[-100.0953,40.48959],[-100.09534,40.49677],[-100.0763,40.49669],[-100.07628,40.49413],[-100.06689,40.49517],[-100.06668,40.49743],[-99.98149,40.49643],[-99.98119,40.35123],[-99.96807,40.35124],[-99.96787,40.33609],[-99.98627,40.33596],[-99.98627,40.32212],[-99.99003,40.32145],[-99.96832,40.32159],[-99.96797,40.2776],[-99.98646,40.27819],[-99.98729,40.24848],[-99.96776,40.24844],[-99.96683,40.16146],[-99.97681,40.16212],[-99.97671,40.16593],[-99.98596,40.16599],[-99.98559,40.14725],[-100.00467,40.14706],[-100.00459,40.13289],[-100.02274,40.13303],[-100.02283,40.14751],[-100.05143,40.14724],[-100.05132,40.1545],[-100.0422,40.15438],[-100.04229,40.16928],[-100.05155,40.1694],[-100.05139,40.17619],[-100.04233,40.17621],[-100.04459,40.24966],[-100.02554,40.24994],[-100.02436,40.27797],[-100.00567,40.27801],[-100.00579,40.293],[-100.00708,40.29868],[-100.01451,40.29392],[-100.02167,40.29257],[-100.0294,40.29795],[-100.03546,40.29889],[-100.03707,40.29757],[-100.03739,40.29174],[-100.04042,40.28911],[-100.04798,40.28995],[-100.0515,40.29433],[-100.0561,40.29402],[-100.05811,40.28411],[-100.06152,40.28272],[-100.0631,40.28314],[-100.06298,40.29742],[-100.0725,40.29743],[-100.07266,40.30362],[-100.08086,40.30376],[-100.08098,40.35122],[-100.0948,40.35124],[-100.0953,40.48959]]]}},{"type":"Feature","id":"68814","properties":{"zip":"68814","pop":null,"city":"","county":"Custer","state":"Nebraska","area":153.05,"lat":41.30862,"lon":-99.41022},"geometry":{"type":"Polygon","coordinates":[[[-99.5433,41.35016],[-99.51025,41.35115],[-99.50544,41.34975],[-99.50543,41.35448],[-99.49579,41.3547],[-99.49595,41.34748],[-99.49102,41.34631],[-99.49094,41.39109],[-99.49317,41.40292],[-99.47878,41.40714],[-99.4731,41.41384],[-99.47315,41.41647],[-99.48161,41.41643],[-99.48139,41.45938],[-99.47979,41.45577],[-99.47654,41.45513],[-99.47763,41.45362],[-99.47416,41.45584],[-99.47349,41.45326],[-99.47161,41.45491],[-99.46814,41.45231],[-99.46694,41.45555],[-99.46276,41.45432],[-99.46229,41.45691],[-99.46214,41.46744],[-99.47181,41.46746],[-99.47326,41.47944],[-99.47181,41.48209],[-99.42381,41.48202],[-99.42523,41.476],[-99.42382,41.46723],[-99.41461,41.46713],[-99.4146,41.45992],[-99.4052,41.45983],[-99.40494,41.43171],[-99.38667,41.43066],[-99.38584,41.3793],[-99.37629,41.37987],[-99.37658,41.39429],[-99.31819,41.39439],[-99.31832,41.39241],[-99.32108,41.39111],[-99.32661,41.39273],[-99.33378,41.39091],[-99.33399,41.38863],[-99.34319,41.38829],[-99.34347,41.38672],[-99.33778,41.38672],[-99.33779,41.3794],[-99.32815,41.37937],[-99.32818,41.37215],[-99.31867,41.37212],[-99.31849,41.37588],[-99.31006,41.37584],[-99.30956,41.37952],[-99.30053,41.37955],[-99.30019,41.38316],[-99.28065,41.38315],[-99.28097,41.37973],[-99.26166,41.37968],[-99.26171,41.36159],[-99.25211,41.3616],[-99.25207,41.36532],[-99.23766,41.36528],[-99.23754,41.37254],[-99.22302,41.3726],[-99.22289,41.37985],[-99.21312,41.37985],[-99.21327,41.3726],[-99.21631,41.37261],[-99.21605,41.36538],[-99.2036,41.36533],[-99.20397,41.30744],[-99.31875,41.3069],[-99.31902,41.26322],[-99.33808,41.26321],[-99.33798,41.25483],[-99.33515,41.25271],[-99.33745,41.25043],[-99.33198,41.24882],[-99.33377,41.2419],[-99.33082,41.24089],[-99.32794,41.24444],[-99.3262,41.2439],[-99.32864,41.23919],[-99.32676,41.23818],[-99.32076,41.24024],[-99.31906,41.23598],[-99.31833,41.23912],[-99.31636,41.23946],[-99.31588,41.23626],[-99.30997,41.23566],[-99.31269,41.23466],[-99.314,41.23118],[-99.30566,41.23036],[-99.30507,41.22559],[-99.3282,41.23693],[-99.33788,41.24374],[-99.33789,41.2486],[-99.35726,41.24857],[-99.35723,41.23401],[-99.38301,41.23394],[-99.37677,41.22506],[-99.37796,41.17639],[-99.43449,41.17611],[-99.43499,41.14732],[-99.49183,41.14738],[-99.49155,41.15458],[-99.51063,41.15476],[-99.51017,41.16562],[-99.52013,41.16555],[-99.51982,41.18337],[-99.51418,41.18341],[-99.51437,41.19167],[-99.50999,41.19932],[-99.51003,41.20271],[-99.5162,41.20255],[-99.52384,41.20571],[-99.52386,41.2035],[-99.52756,41.20338],[-99.53016,41.2053],[-99.52913,41.28048],[-99.53874,41.28136],[-99.53924,41.33293],[-99.54336,41.33833],[-99.5433,41.35016]]]}},{"type":"Feature","id":"68144","properties":{"zip":"68144","pop":null,"city":"Omaha","county":"Douglas","state":"Nebraska","area":5.48,"lat":41.23481,"lon":-96.11921},"geometry":{"type":"Polygon","coordinates":[[[-96.16106,41.24249],[-96.15777,41.2449],[-96.15784,41.2484],[-96.14365,41.2471],[-96.14357,41.24249],[-96.13864,41.24151],[-96.13862,41.24666],[-96.13689,41.24858],[-96.08144,41.24872],[-96.08154,41.22154],[-96.12887,41.22166],[-96.1336,41.22336],[-96.13,41.21803],[-96.13856,41.22481],[-96.13875,41.21951],[-96.144,41.21953],[-96.14406,41.22127],[-96.15634,41.22042],[-96.15874,41.23397],[-96.15301,41.23403],[-96.16106,41.24249]]]}},{"type":"Feature","id":"69033","properties":{"zip":"69033","pop":null,"city":"","county":"Chase","state":"Nebraska","area":253.77,"lat":40.56445,"lon":-101.68684},"geometry":{"type":"Polygon","coordinates":[[[-101.91196,40.56704],[-101.8943,40.56755],[-101.89407,40.5528],[-101.87542,40.55199],[-101.87576,40.61038],[-101.8948,40.61071],[-101.89511,40.62527],[-101.85721,40.62437],[-101.85721,40.68314],[-101.87652,40.68391],[-101.87665,40.69852],[-101.74263,40.69947],[-101.7428,40.72874],[-101.68556,40.7288],[-101.68529,40.74321],[-101.66608,40.74312],[-101.66634,40.72871],[-101.62771,40.72878],[-101.62839,40.70022],[-101.49662,40.6985],[-101.49612,40.61051],[-101.57215,40.61022],[-101.57195,40.6253],[-101.59094,40.6251],[-101.59069,40.53764],[-101.57151,40.53808],[-101.57143,40.5236],[-101.53616,40.52362],[-101.53306,40.52196],[-101.53361,40.46607],[-101.57143,40.46562],[-101.57147,40.4801],[-101.59038,40.4798],[-101.59042,40.49425],[-101.6285,40.49434],[-101.62845,40.45123],[-101.53103,40.45152],[-101.51998,40.43531],[-101.51735,40.42721],[-101.51709,40.41652],[-101.53284,40.40353],[-101.53252,40.3789],[-101.55453,40.37887],[-101.56004,40.37559],[-101.56218,40.37742],[-101.57037,40.37819],[-101.57029,40.36443],[-101.5899,40.36369],[-101.58921,40.34993],[-101.72208,40.34987],[-101.72248,40.39253],[-101.70337,40.39266],[-101.70359,40.40723],[-101.68436,40.40773],[-101.68499,40.50872],[-101.6987,40.50726],[-101.74166,40.47209],[-101.74206,40.47446],[-101.74436,40.47462],[-101.75402,40.47172],[-101.76055,40.4725],[-101.76081,40.5087],[-101.77977,40.5086],[-101.77963,40.52305],[-101.81833,40.52295],[-101.81766,40.49404],[-101.83671,40.49399],[-101.83672,40.50824],[-101.85632,40.50832],[-101.87405,40.5082],[-101.87401,40.49379],[-101.89295,40.49375],[-101.89411,40.5232],[-101.91186,40.52341],[-101.91196,40.56704]]]}},{"type":"Feature","id":"68502","properties":{"zip":"68502","pop":null,"city":"Lincoln","county":"Lancaster","state":"Nebraska","area":5.12,"lat":40.78359,"lon":-96.7009},"geometry":{"type":"Polygon","coordinates":[[[-96.72878,40.78794],[-96.72512,40.78815],[-96.72414,40.79982],[-96.71989,40.8048],[-96.71886,40.8026],[-96.69068,40.80361],[-96.68008,40.80201],[-96.67539,40.79884],[-96.679,40.79894],[-96.67283,40.79167],[-96.67287,40.76881],[-96.68968,40.7691],[-96.70154,40.77151],[-96.70149,40.76767],[-96.70731,40.7684],[-96.71229,40.76181],[-96.71259,40.7556],[-96.7221,40.75563],[-96.72678,40.76499],[-96.72732,40.77029],[-96.72081,40.77018],[-96.72296,40.77748],[-96.72065,40.77788],[-96.72061,40.78446],[-96.72755,40.78455],[-96.73033,40.78746],[-96.72878,40.78794]]]}},{"type":"Feature","id":"68505","properties":{"zip":"68505","pop":null,"city":"Lincoln","county":"Lancaster","state":"Nebraska","area":3.32,"lat":40.8245,"lon":-96.61563},"geometry":{"type":"Polygon","coordinates":[[[-96.64339,40.81708],[-96.64414,40.82802],[-96.64268,40.82984],[-96.64414,40.82984],[-96.64413,40.83529],[-96.5868,40.83513],[-96.58712,40.8251],[-96.58933,40.81873],[-96.58678,40.81327],[-96.60609,40.8135],[-96.60767,40.81518],[-96.60812,40.81349],[-96.6221,40.81348],[-96.62505,40.81571],[-96.63068,40.81342],[-96.64182,40.81347],[-96.64414,40.81461],[-96.64339,40.81708]]]}},{"type":"Feature","id":"69043","properties":{"zip":"69043","pop":null,"city":"","county":"Hitchcock","state":"Nebraska","area":149.23,"lat":40.13491,"lon":-101.23756},"geometry":{"type":"Polygon","coordinates":[[[-101.36816,40.22015],[-101.3504,40.22028],[-101.35479,40.22845],[-101.35527,40.23399],[-101.36284,40.23567],[-101.36248,40.26332],[-101.32527,40.26342],[-101.32523,40.27097],[-101.31571,40.27085],[-101.31565,40.2785],[-101.30604,40.27843],[-101.30551,40.30831],[-101.28649,40.30807],[-101.2863,40.32274],[-101.26738,40.32165],[-101.26748,40.30727],[-101.23297,40.30802],[-101.23043,40.30641],[-101.22986,40.25662],[-101.22053,40.2563],[-101.22021,40.24918],[-101.1916,40.24895],[-101.1915,40.22749],[-101.18603,40.22718],[-101.18222,40.22343],[-101.1812,40.20564],[-101.17288,40.20586],[-101.17295,40.19089],[-101.13526,40.19071],[-101.13403,40.17611],[-101.14208,40.17474],[-101.1608,40.16134],[-101.21127,40.14971],[-101.21139,40.13],[-101.18243,40.12971],[-101.17238,40.13321],[-101.11674,40.13354],[-101.11683,40.08341],[-101.11234,40.08266],[-101.10963,40.07536],[-101.0979,40.07502],[-101.09803,40.00237],[-101.32404,40.0027],[-101.32526,40.17563],[-101.34422,40.17563],[-101.34435,40.18943],[-101.33427,40.18946],[-101.33427,40.1973],[-101.34353,40.19725],[-101.34354,40.20516],[-101.35352,40.20515],[-101.35356,40.21286],[-101.36295,40.21287],[-101.36314,40.21699],[-101.3674,40.217],[-101.36816,40.22015]]]}},{"type":"Feature","id":"68506","properties":{"zip":"68506","pop":null,"city":"Lincoln","county":"Lancaster","state":"Nebraska","area":5.39,"lat":40.78428,"lon":-96.63966},"geometry":{"type":"Polygon","coordinates":[[[-96.67647,40.79738],[-96.67662,40.79879],[-96.67288,40.79733],[-96.67429,40.79894],[-96.63073,40.79893],[-96.63064,40.79759],[-96.62498,40.79878],[-96.62498,40.79727],[-96.62361,40.79883],[-96.6061,40.79883],[-96.60616,40.76974],[-96.61576,40.76966],[-96.61587,40.76796],[-96.61934,40.76878],[-96.61988,40.76694],[-96.62164,40.76702],[-96.62207,40.7697],[-96.65393,40.76976],[-96.65547,40.76843],[-96.65563,40.76977],[-96.67287,40.76987],[-96.67283,40.79167],[-96.67647,40.79738]]]}},{"type":"Feature","id":"69044","properties":{"zip":"69044","pop":null,"city":"","county":"Hitchcock","state":"Nebraska","area":151.22,"lat":40.13168,"lon":-101.0284},"geometry":{"type":"Polygon","coordinates":[[[-101.21127,40.14971],[-101.16194,40.16094],[-101.14208,40.17474],[-101.13403,40.17611],[-101.13526,40.19071],[-101.17295,40.19089],[-101.17288,40.20586],[-101.15389,40.2065],[-101.15407,40.22147],[-101.15186,40.223],[-101.14988,40.23303],[-101.14055,40.23174],[-101.14072,40.22852],[-101.13499,40.22669],[-101.13501,40.23391],[-101.12601,40.23403],[-101.12601,40.24165],[-101.11658,40.24167],[-101.11645,40.26328],[-100.98447,40.26389],[-100.98434,40.24934],[-100.96708,40.24891],[-100.96671,40.21977],[-100.93753,40.22015],[-100.96677,40.20516],[-100.94768,40.20492],[-100.94768,40.19591],[-100.92876,40.19868],[-100.91503,40.19529],[-100.90992,40.1962],[-100.90992,40.14693],[-100.90903,40.13287],[-100.90749,40.13169],[-100.90926,40.13003],[-100.90913,40.08731],[-100.92805,40.08744],[-100.92854,40.04098],[-100.92412,40.0407],[-100.91851,40.044],[-100.90902,40.04584],[-100.89609,40.04263],[-100.89532,40.03713],[-100.89907,40.02984],[-100.89613,40.02721],[-100.89636,40.02221],[-100.89098,40.02173],[-100.8851,40.01386],[-100.88289,40.00219],[-101.09803,40.00237],[-101.0979,40.07502],[-101.10963,40.07536],[-101.11234,40.08266],[-101.11683,40.08341],[-101.11674,40.13354],[-101.17238,40.13321],[-101.18243,40.12971],[-101.21139,40.13],[-101.21127,40.14971]]]}},{"type":"Feature","id":"69045","properties":{"zip":"69045","pop":null,"city":"","county":"Chase","state":"Nebraska","area":250.2,"lat":40.44587,"lon":-101.36639},"geometry":{"type":"Polygon","coordinates":[[[-101.53211,40.35004],[-101.51317,40.35007],[-101.51329,40.36451],[-101.49438,40.36474],[-101.49465,40.37929],[-101.47539,40.3793],[-101.47568,40.42036],[-101.48453,40.42228],[-101.48571,40.43366],[-101.49048,40.43723],[-101.4907,40.45165],[-101.47639,40.45176],[-101.47644,40.52375],[-101.45692,40.52373],[-101.45832,40.65441],[-101.42034,40.65403],[-101.42045,40.66856],[-101.40179,40.66816],[-101.40116,40.63944],[-101.26949,40.63961],[-101.26932,40.58308],[-101.25953,40.58293],[-101.25954,40.57181],[-101.2692,40.5718],[-101.26888,40.55415],[-101.23091,40.55387],[-101.23052,40.51045],[-101.19086,40.50991],[-101.19075,40.50225],[-101.20016,40.50218],[-101.20028,40.49543],[-101.21191,40.49552],[-101.2115,40.42097],[-101.22973,40.40759],[-101.22982,40.389],[-101.23953,40.38879],[-101.24071,40.38246],[-101.24894,40.38476],[-101.24854,40.37035],[-101.24525,40.3657],[-101.24163,40.35071],[-101.26715,40.35079],[-101.26746,40.33615],[-101.28596,40.33626],[-101.28649,40.30807],[-101.30551,40.30831],[-101.30604,40.27843],[-101.31565,40.2785],[-101.31571,40.27085],[-101.32523,40.27097],[-101.32527,40.26342],[-101.36248,40.26332],[-101.3626,40.24887],[-101.38113,40.24935],[-101.38151,40.22044],[-101.40995,40.22032],[-101.40994,40.22262],[-101.41412,40.22262],[-101.41404,40.22584],[-101.40992,40.22578],[-101.40992,40.23364],[-101.40003,40.23363],[-101.40001,40.24808],[-101.47482,40.2479],[-101.4748,40.29862],[-101.53149,40.29856],[-101.53211,40.35004]]]}},{"type":"Feature","id":"69046","properties":{"zip":"69046","pop":null,"city":"","county":"Furnas","state":"Nebraska","area":90.54,"lat":40.06832,"lon":-100.10396},"geometry":{"type":"Polygon","coordinates":[[[-100.26945,40.05257],[-100.24302,40.0642],[-100.23423,40.07174],[-100.21247,40.08261],[-100.21247,40.10267],[-100.17478,40.10356],[-100.17565,40.1185],[-100.16634,40.1183],[-100.16584,40.14071],[-100.15604,40.14055],[-100.15616,40.14756],[-100.11834,40.14756],[-100.11836,40.15139],[-100.11234,40.15122],[-100.1124,40.14746],[-100.0994,40.14747],[-100.09955,40.16191],[-100.08963,40.16188],[-100.08938,40.17639],[-100.05139,40.17619],[-100.05155,40.1694],[-100.04229,40.16928],[-100.0422,40.15438],[-100.05132,40.1545],[-100.05143,40.14724],[-100.02283,40.14751],[-100.02268,40.11095],[-100.04202,40.11018],[-100.04208,40.10374],[-100.02769,40.1036],[-100.02774,40.0998],[-100.02273,40.09981],[-100.02282,40.06746],[-100.01297,40.06746],[-100.013,40.05957],[-99.96708,40.05976],[-99.96747,40.03067],[-99.95744,40.03072],[-99.9577,40.00175],[-100.22921,40.00169],[-100.23156,40.00333],[-100.23195,40.05242],[-100.27207,40.0516],[-100.26945,40.05257]]]}},{"type":"Feature","id":"68507","properties":{"zip":"68507","pop":null,"city":"Lincoln","county":"Lancaster","state":"Nebraska","area":8.37,"lat":40.85959,"lon":-96.61168},"geometry":{"type":"Polygon","coordinates":[[[-96.64422,40.85787],[-96.64377,40.87134],[-96.64229,40.87133],[-96.64288,40.8828],[-96.63568,40.88464],[-96.60523,40.88555],[-96.6056,40.87833],[-96.60289,40.87712],[-96.58642,40.88576],[-96.58656,40.87098],[-96.56751,40.87086],[-96.56755,40.85641],[-96.58658,40.85721],[-96.58665,40.85004],[-96.58187,40.84985],[-96.58193,40.84231],[-96.58671,40.84242],[-96.5868,40.83513],[-96.64413,40.83529],[-96.64282,40.84256],[-96.64413,40.84256],[-96.64422,40.85787]]]}},{"type":"Feature","id":"68512","properties":{"zip":"68512","pop":null,"city":"Lincoln","county":"Lancaster","state":"Nebraska","area":6.97,"lat":40.7376,"lon":-96.70556},"geometry":{"type":"Polygon","coordinates":[[[-96.73986,40.7412],[-96.73032,40.74113],[-96.72031,40.74612],[-96.7221,40.75563],[-96.71259,40.7556],[-96.71229,40.76181],[-96.70731,40.7684],[-96.70149,40.76767],[-96.70154,40.77151],[-96.68303,40.76946],[-96.68127,40.74164],[-96.68253,40.74164],[-96.68251,40.71188],[-96.68541,40.71194],[-96.68537,40.71006],[-96.68251,40.71008],[-96.68251,40.70464],[-96.68499,40.70464],[-96.692,40.71429],[-96.69348,40.712],[-96.72049,40.71198],[-96.72051,40.72638],[-96.72464,40.72655],[-96.73712,40.71205],[-96.73963,40.71204],[-96.73986,40.7412]]]}},{"type":"Feature","id":"69101","properties":{"zip":"69101","pop":null,"city":"North Platte","county":"Lincoln","state":"Nebraska","area":444.88,"lat":41.1501,"lon":-100.80308},"geometry":{"type":"Polygon","coordinates":[[[-101.00242,41.14049],[-100.99664,41.13744],[-100.92583,41.13381],[-100.92592,41.15554],[-100.97376,41.15799],[-100.97372,41.16277],[-100.98328,41.16276],[-100.98319,41.17725],[-100.94502,41.17727],[-100.94506,41.18079],[-100.93533,41.18121],[-100.9343,41.17725],[-100.92585,41.17726],[-100.92594,41.20062],[-100.94512,41.19819],[-100.94393,41.55071],[-100.89186,41.53095],[-100.88663,41.52491],[-100.88649,41.48506],[-100.87576,41.46735],[-100.87064,41.45293],[-100.8632,41.44328],[-100.86158,41.42827],[-100.86249,41.42462],[-100.8751,41.41608],[-100.88047,41.40969],[-100.88083,41.40355],[-100.87829,41.39418],[-100.7142,41.39353],[-100.71475,41.32141],[-100.70706,41.32188],[-100.70304,41.31914],[-100.69523,41.32199],[-100.6765,41.32214],[-100.67667,41.30041],[-100.63841,41.29948],[-100.63717,41.29296],[-100.64636,41.27844],[-100.60025,41.27837],[-100.59964,41.29251],[-100.5806,41.29228],[-100.58094,41.19034],[-100.60083,41.19078],[-100.60083,41.16204],[-100.63838,41.16236],[-100.63749,41.14797],[-100.64039,41.14797],[-100.64162,41.14197],[-100.64861,41.1301],[-100.65698,41.12093],[-100.65297,41.11901],[-100.65494,41.11918],[-100.65493,41.11156],[-100.66351,41.11199],[-100.66596,41.10816],[-100.6419,41.09341],[-100.64807,41.08968],[-100.6445,41.0882],[-100.64455,41.08474],[-100.6492,41.08612],[-100.64913,41.07579],[-100.64002,41.07579],[-100.63971,41.07372],[-100.63487,41.07373],[-100.63485,41.06853],[-100.63972,41.06853],[-100.6395,41.0613],[-100.62044,41.06119],[-100.62068,41.04994],[-100.63406,41.05505],[-100.64193,41.03576],[-100.64054,41.03038],[-100.64048,41.0262],[-100.6424,41.02439],[-100.64052,41.02439],[-100.64002,40.91589],[-100.65901,40.91682],[-100.65904,40.93089],[-100.66801,40.93097],[-100.66833,40.92386],[-100.67763,40.92387],[-100.67769,40.91669],[-100.811,40.91639],[-100.81095,40.84399],[-100.99198,40.84494],[-100.99235,40.85949],[-101.00193,40.85942],[-101.00075,40.89532],[-100.99182,40.89525],[-100.99133,40.90087],[-100.98189,40.90226],[-100.98161,40.90783],[-100.97926,40.90962],[-100.9819,40.91194],[-100.98205,40.94031],[-100.90583,40.9423],[-100.90571,41.04709],[-100.92605,41.04725],[-100.92604,41.07607],[-100.94487,41.07617],[-100.94466,41.11968],[-100.92582,41.11943],[-100.92591,41.13021],[-100.94671,41.13447],[-101.00245,41.13708],[-101.00242,41.14049]]]}},{"type":"Feature","id":"68854","properties":{"zip":"68854","pop":null,"city":"","county":"Hamilton","state":"Nebraska","area":52.88,"lat":41.00791,"lon":-98.0026},"geometry":{"type":"Polygon","coordinates":[[[-98.14417,40.98519],[-98.10065,41.00872],[-98.08896,41.00966],[-98.08375,41.01499],[-98.08444,41.01618],[-98.07557,41.01863],[-98.05417,41.03779],[-98.03003,41.04974],[-98.01055,41.07276],[-97.97038,41.09084],[-97.9668,41.08562],[-97.96301,41.08688],[-97.96272,41.07541],[-97.94347,41.07543],[-97.94316,41.06095],[-97.9239,41.06096],[-97.92375,41.04645],[-97.90282,41.0465],[-97.90313,41.02857],[-97.9124,41.02855],[-97.91228,41.02128],[-97.90318,41.02125],[-97.90307,41.00302],[-97.9213,41.00306],[-97.92168,40.96666],[-97.92653,40.96665],[-97.92656,40.95934],[-97.9313,40.95934],[-97.93122,40.94521],[-97.94056,40.94482],[-97.9406,40.95934],[-98.01743,40.96002],[-98.02428,40.94504],[-98.055,40.94506],[-98.05508,40.95219],[-98.07431,40.95215],[-98.07438,40.95937],[-98.11279,40.95885],[-98.11358,40.98779],[-98.12781,40.98752],[-98.14059,40.98269],[-98.14417,40.98519]]]}},{"type":"Feature","id":"68859","properties":{"zip":"68859","pop":null,"city":"","county":"Valley","state":"Nebraska","area":74.87,"lat":41.461,"lon":-98.81937},"geometry":{"type":"Polygon","coordinates":[[[-98.96223,41.42323],[-98.90513,41.42303],[-98.90488,41.46638],[-98.86647,41.4668],[-98.86637,41.52459],[-98.84759,41.52472],[-98.84756,41.55998],[-98.84063,41.56284],[-98.83558,41.56226],[-98.82876,41.56436],[-98.82748,41.57191],[-98.83398,41.5749],[-98.86645,41.57605],[-98.8667,41.58623],[-98.8613,41.58554],[-98.84881,41.57853],[-98.84249,41.58066],[-98.83139,41.58031],[-98.80787,41.58587],[-98.78809,41.58299],[-98.7781,41.57599],[-98.75123,41.5718],[-98.75156,41.39408],[-98.74433,41.39418],[-98.74661,41.35135],[-98.82087,41.35108],[-98.8202,41.39451],[-98.962,41.39435],[-98.96223,41.42323]]]}},{"type":"Feature","id":"69125","properties":{"zip":"69125","pop":null,"city":"","county":"Morrill","state":"Nebraska","area":143.83,"lat":41.59092,"lon":-102.85847},"geometry":{"type":"Polygon","coordinates":[[[-103.04161,41.52565],[-103.04149,41.55506],[-102.98447,41.55511],[-102.98447,41.54774],[-102.9747,41.54785],[-102.97472,41.55151],[-102.96513,41.55162],[-102.9652,41.55517],[-102.94572,41.55482],[-102.94499,41.59818],[-102.93514,41.5982],[-102.93536,41.61556],[-102.99368,41.63075],[-103.02177,41.63332],[-103.02652,41.63863],[-103.01104,41.63359],[-102.99386,41.63426],[-103.01149,41.63954],[-103.01177,41.64604],[-102.96404,41.62969],[-102.96388,41.63349],[-102.94469,41.63334],[-102.94553,41.69909],[-102.94151,41.69912],[-102.93242,41.70997],[-102.93456,41.71633],[-102.93829,41.72046],[-102.93352,41.73199],[-102.9358,41.74291],[-102.89731,41.74298],[-102.89625,41.73302],[-102.88451,41.7285],[-102.87303,41.72791],[-102.87339,41.71739],[-102.87009,41.71398],[-102.84942,41.71381],[-102.84982,41.7066],[-102.81176,41.7064],[-102.81053,41.72097],[-102.7914,41.72108],[-102.7914,41.71377],[-102.77211,41.71358],[-102.77374,41.69947],[-102.75408,41.6994],[-102.75443,41.68477],[-102.74433,41.68472],[-102.74423,41.67012],[-102.72465,41.67029],[-102.72448,41.65558],[-102.71459,41.65539],[-102.71437,41.64121],[-102.70486,41.64126],[-102.70482,41.62665],[-102.68523,41.62665],[-102.68529,41.61941],[-102.67556,41.61937],[-102.67561,41.61212],[-102.75294,41.61202],[-102.76172,41.60997],[-102.77533,41.60109],[-102.79047,41.60323],[-102.79191,41.55456],[-102.81512,41.55482],[-102.8085,41.55051],[-102.80424,41.55019],[-102.79121,41.55286],[-102.79392,41.5514],[-102.77244,41.55276],[-102.77255,41.52618],[-102.75087,41.52649],[-102.74279,41.5225],[-102.7407,41.51914],[-102.72989,41.51547],[-102.72287,41.51526],[-102.71898,41.51175],[-102.7134,41.51175],[-102.71535,41.49697],[-102.7233,41.49254],[-102.72425,41.48982],[-102.72376,41.47724],[-102.71588,41.47165],[-102.70835,41.4695],[-102.70357,41.46384],[-102.69933,41.45322],[-102.70001,41.44872],[-102.70472,41.4415],[-102.7034,41.43884],[-102.75224,41.43914],[-102.75238,41.45391],[-102.77116,41.45382],[-102.77133,41.48307],[-102.81014,41.48289],[-102.81068,41.52624],[-102.83883,41.52748],[-102.84815,41.52561],[-102.84896,41.50783],[-102.8585,41.50791],[-102.85823,41.51869],[-102.86783,41.51888],[-102.86723,41.48264],[-102.94494,41.48214],[-102.94486,41.47794],[-102.94713,41.48213],[-103.01103,41.48198],[-103.01197,41.48877],[-103.01707,41.49552],[-103.01702,41.50992],[-103.04157,41.51097],[-103.04161,41.52565]]]}},{"type":"Feature","id":"68503","properties":{"zip":"68503","pop":null,"city":"Lincoln","county":"Lancaster","state":"Nebraska","area":2.26,"lat":40.8245,"lon":-96.67402},"geometry":{"type":"Polygon","coordinates":[[[-96.69652,40.82857],[-96.68212,40.83614],[-96.67281,40.83529],[-96.67281,40.83723],[-96.67082,40.83723],[-96.65377,40.83315],[-96.65382,40.82212],[-96.65723,40.82212],[-96.65611,40.81353],[-96.69096,40.8136],[-96.69385,40.81471],[-96.69258,40.82076],[-96.69607,40.82363],[-96.69417,40.82448],[-96.69428,40.82815],[-96.69652,40.82857]]]}},{"type":"Feature","id":"68504","properties":{"zip":"68504","pop":null,"city":"Lincoln","county":"Lancaster","state":"Nebraska","area":5.43,"lat":40.85454,"lon":-96.66099},"geometry":{"type":"Polygon","coordinates":[[[-96.68222,40.83658],[-96.68204,40.84723],[-96.67982,40.84933],[-96.68205,40.85379],[-96.67968,40.85378],[-96.67966,40.85702],[-96.68198,40.85712],[-96.67695,40.85715],[-96.6766,40.86048],[-96.68195,40.86236],[-96.68198,40.88652],[-96.67863,40.88867],[-96.67493,40.88601],[-96.67481,40.88281],[-96.66384,40.87759],[-96.65313,40.87748],[-96.6491,40.88389],[-96.63568,40.88464],[-96.64288,40.8828],[-96.64414,40.82984],[-96.64268,40.82801],[-96.64414,40.82802],[-96.64414,40.81461],[-96.64182,40.81347],[-96.65611,40.81353],[-96.65723,40.82212],[-96.65382,40.82212],[-96.65377,40.83315],[-96.67082,40.83723],[-96.67281,40.83723],[-96.67281,40.83529],[-96.68171,40.83527],[-96.68222,40.83658]]]}},{"type":"Feature","id":"69023","properties":{"zip":"69023","pop":null,"city":"","county":"Chase","state":"Nebraska","area":172.96,"lat":40.4813,"lon":-101.89675},"geometry":{"type":"Polygon","coordinates":[[[-102.05184,40.39656],[-102.05155,40.625],[-101.89511,40.62527],[-101.8948,40.61071],[-101.87576,40.61038],[-101.87542,40.55199],[-101.89407,40.5528],[-101.8943,40.56755],[-101.91196,40.56704],[-101.91186,40.52341],[-101.89411,40.5232],[-101.89295,40.49375],[-101.87401,40.49379],[-101.87405,40.5082],[-101.85632,40.50832],[-101.83672,40.50824],[-101.83671,40.49399],[-101.81766,40.49404],[-101.81833,40.52295],[-101.77963,40.52305],[-101.77977,40.5086],[-101.76081,40.5087],[-101.76055,40.4725],[-101.75402,40.47172],[-101.74436,40.47462],[-101.74206,40.47446],[-101.74166,40.47209],[-101.6987,40.50726],[-101.68499,40.50872],[-101.68436,40.40773],[-101.70359,40.40723],[-101.70337,40.39266],[-101.72248,40.39253],[-101.72176,40.34964],[-101.75951,40.34963],[-101.7601,40.3641],[-101.77951,40.36417],[-101.7955,40.37841],[-101.79702,40.37445],[-101.80445,40.37343],[-101.82083,40.3927],[-101.85515,40.39271],[-101.85506,40.36394],[-101.87377,40.36397],[-101.87412,40.39281],[-101.94966,40.39286],[-101.9496,40.40731],[-101.96861,40.40722],[-101.96859,40.39278],[-102.05157,40.39303],[-102.05184,40.39656]]]}},{"type":"Feature","id":"69024","properties":{"zip":"69024","pop":null,"city":"","county":"Hitchcock","state":"Nebraska","area":216.23,"lat":40.23928,"lon":-100.85599},"geometry":{"type":"Polygon","coordinates":[[[-101.00327,40.29111],[-100.98461,40.2852],[-100.98506,40.37833],[-100.96618,40.37821],[-100.96603,40.41637],[-100.96065,40.41672],[-100.95501,40.41235],[-100.94792,40.41065],[-100.94214,40.40686],[-100.90932,40.40683],[-100.90945,40.43593],[-100.78073,40.43738],[-100.78007,40.40489],[-100.76694,40.40507],[-100.76688,40.39776],[-100.76214,40.39771],[-100.76206,40.37974],[-100.77041,40.37954],[-100.76862,40.36438],[-100.74785,40.36499],[-100.74586,40.35726],[-100.73167,40.35745],[-100.73021,40.34947],[-100.74469,40.34941],[-100.7441,40.2795],[-100.74091,40.25723],[-100.74188,40.21613],[-100.76068,40.22155],[-100.76084,40.18925],[-100.76332,40.18948],[-100.76481,40.18627],[-100.77579,40.18995],[-100.77994,40.19334],[-100.7814,40.19809],[-100.78577,40.19869],[-100.78774,40.19579],[-100.78669,40.19003],[-100.79076,40.18124],[-100.79002,40.17681],[-100.79243,40.17506],[-100.81738,40.17441],[-100.81599,40.11406],[-100.77783,40.11431],[-100.77786,40.12156],[-100.7592,40.12195],[-100.75863,40.12525],[-100.75883,40.0023],[-100.88289,40.00219],[-100.8851,40.01386],[-100.89098,40.02173],[-100.89636,40.02221],[-100.89613,40.02721],[-100.89907,40.02984],[-100.89532,40.03713],[-100.89609,40.04263],[-100.90902,40.04584],[-100.91851,40.044],[-100.92412,40.0407],[-100.92854,40.04098],[-100.92805,40.08744],[-100.90913,40.08731],[-100.90926,40.13003],[-100.90749,40.13169],[-100.90903,40.13287],[-100.90992,40.14693],[-100.90992,40.1962],[-100.91503,40.19529],[-100.92876,40.19868],[-100.94768,40.19591],[-100.94768,40.20492],[-100.96677,40.20516],[-100.93753,40.22015],[-100.96671,40.21977],[-100.96708,40.24891],[-100.98434,40.24934],[-100.98447,40.26389],[-101.00314,40.26388],[-101.00327,40.29111]]]}},{"type":"Feature","id":"69027","properties":{"zip":"69027","pop":null,"city":"","county":"Chase","state":"Nebraska","area":76.17,"lat":40.49845,"lon":-101.52641},"geometry":{"type":"Polygon","coordinates":[[[-101.6285,40.49434],[-101.59042,40.49425],[-101.59038,40.4798],[-101.57147,40.4801],[-101.57143,40.46562],[-101.53361,40.46607],[-101.53306,40.52196],[-101.53616,40.52362],[-101.57143,40.5236],[-101.57151,40.53808],[-101.59069,40.53764],[-101.59094,40.6251],[-101.57195,40.6253],[-101.57215,40.61022],[-101.49612,40.61051],[-101.49617,40.65433],[-101.45832,40.65441],[-101.45692,40.52373],[-101.47644,40.52375],[-101.47639,40.45176],[-101.4907,40.45165],[-101.49048,40.43723],[-101.48571,40.43366],[-101.48453,40.42228],[-101.47568,40.42036],[-101.47539,40.3793],[-101.49465,40.37929],[-101.49438,40.36474],[-101.51329,40.36451],[-101.51317,40.35007],[-101.53211,40.35004],[-101.53149,40.29856],[-101.54968,40.29852],[-101.54991,40.32191],[-101.58802,40.32189],[-101.5899,40.36369],[-101.57029,40.36443],[-101.57037,40.37819],[-101.56218,40.37742],[-101.56004,40.37559],[-101.55453,40.37887],[-101.53252,40.3789],[-101.53284,40.40353],[-101.51709,40.41652],[-101.51735,40.42721],[-101.51998,40.43531],[-101.53103,40.45152],[-101.62845,40.45123],[-101.6285,40.49434]]]}},{"type":"Feature","id":"69028","properties":{"zip":"69028","pop":null,"city":"","county":"Frontier","state":"Nebraska","area":129.49,"lat":40.64115,"lon":-100.04701},"geometry":{"type":"Polygon","coordinates":[[[-100.16279,40.70019],[-100.10945,40.7002],[-100.10936,40.77208],[-100.09055,40.77202],[-100.09048,40.78669],[-100.06961,40.78706],[-100.07144,40.78259],[-100.06854,40.7848],[-100.06683,40.78244],[-100.06853,40.7807],[-100.06503,40.78084],[-100.06355,40.77781],[-100.0667,40.77395],[-100.07124,40.77446],[-100.07079,40.77048],[-100.06557,40.77218],[-100.06638,40.76528],[-100.04279,40.76465],[-100.0427,40.75731],[-100.0334,40.75739],[-100.0334,40.76476],[-100.03324,40.76114],[-100.02847,40.76116],[-100.02847,40.76482],[-100.01975,40.76494],[-100.01531,40.75988],[-100.01434,40.75503],[-100.00826,40.75704],[-100.00796,40.7545],[-100.00358,40.75114],[-99.99536,40.75074],[-99.99517,40.74323],[-99.90138,40.74289],[-99.90107,40.70006],[-99.92386,40.7],[-99.92401,40.65533],[-99.94332,40.6555],[-99.94329,40.6269],[-99.9814,40.62692],[-99.98173,40.54095],[-100.01963,40.53995],[-100.01963,40.52553],[-100.0291,40.52566],[-100.02877,40.49662],[-100.06668,40.49743],[-100.06689,40.49517],[-100.07628,40.49413],[-100.0763,40.49669],[-100.12375,40.49688],[-100.12379,40.51133],[-100.15214,40.51165],[-100.15201,40.55605],[-100.13418,40.55558],[-100.13349,40.57323],[-100.13456,40.5847],[-100.1381,40.58519],[-100.13772,40.59181],[-100.14862,40.59263],[-100.14948,40.59631],[-100.14836,40.60597],[-100.14647,40.60751],[-100.14789,40.61427],[-100.15125,40.6144],[-100.1524,40.6286],[-100.15059,40.63141],[-100.15393,40.64066],[-100.15129,40.64605],[-100.15368,40.66052],[-100.15335,40.66312],[-100.1507,40.66448],[-100.15238,40.66775],[-100.15236,40.68595],[-100.13696,40.68552],[-100.14339,40.69107],[-100.16279,40.70019]]]}},{"type":"Feature","id":"69029","properties":{"zip":"69029","pop":null,"city":"","county":"Frontier","state":"Nebraska","area":150.95,"lat":40.68537,"lon":-100.24267},"geometry":{"type":"Polygon","coordinates":[[[-100.39217,40.87606],[-100.38863,40.87773],[-100.38524,40.88733],[-100.38029,40.88898],[-100.37842,40.89829],[-100.36839,40.88246],[-100.36201,40.85883],[-100.34371,40.85128],[-100.33912,40.84399],[-100.31989,40.84426],[-100.3199,40.86457],[-100.31678,40.86419],[-100.31396,40.86102],[-100.30607,40.86259],[-100.30283,40.85925],[-100.29152,40.85423],[-100.29062,40.79633],[-100.27758,40.79873],[-100.27696,40.7964],[-100.27029,40.79532],[-100.2687,40.79243],[-100.26177,40.79102],[-100.26163,40.78669],[-100.22829,40.78684],[-100.22377,40.78489],[-100.22377,40.7868],[-100.09048,40.78669],[-100.09055,40.77202],[-100.10936,40.77208],[-100.10945,40.7002],[-100.16279,40.70019],[-100.14339,40.69107],[-100.13696,40.68552],[-100.15236,40.68595],[-100.15238,40.66775],[-100.1507,40.66448],[-100.15335,40.66312],[-100.15368,40.66052],[-100.15129,40.64605],[-100.15393,40.64066],[-100.15059,40.63141],[-100.1524,40.6286],[-100.15125,40.6144],[-100.14702,40.61275],[-100.14647,40.60751],[-100.14988,40.59974],[-100.14862,40.59263],[-100.13793,40.59205],[-100.1381,40.58519],[-100.13456,40.5847],[-100.13418,40.55558],[-100.1993,40.55622],[-100.19954,40.53406],[-100.21005,40.53373],[-100.21039,40.52646],[-100.26818,40.52661],[-100.26829,40.51893],[-100.28734,40.51908],[-100.28712,40.51178],[-100.29148,40.5118],[-100.29129,40.49718],[-100.28682,40.49689],[-100.28665,40.48603],[-100.32442,40.48534],[-100.32631,40.5047],[-100.32551,40.54097],[-100.28849,40.54059],[-100.28749,40.55513],[-100.29676,40.55524],[-100.29681,40.54798],[-100.30615,40.54818],[-100.3061,40.56264],[-100.28737,40.5625],[-100.28647,40.58237],[-100.2922,40.58328],[-100.28949,40.59165],[-100.29346,40.59186],[-100.29679,40.59575],[-100.30074,40.59582],[-100.30105,40.5991],[-100.30553,40.59906],[-100.30524,40.61372],[-100.32442,40.6136],[-100.32397,40.62795],[-100.32581,40.62953],[-100.32386,40.63208],[-100.32314,40.64844],[-100.32495,40.65216],[-100.32279,40.65538],[-100.32262,40.68506],[-100.33254,40.68585],[-100.33226,40.6985],[-100.33584,40.70538],[-100.3312,40.70699],[-100.32011,40.72873],[-100.3223,40.73183],[-100.32307,40.73924],[-100.32863,40.74688],[-100.33065,40.74687],[-100.33512,40.75708],[-100.34143,40.76195],[-100.34463,40.76802],[-100.34426,40.77354],[-100.34704,40.78186],[-100.35439,40.7937],[-100.36357,40.80059],[-100.37367,40.81914],[-100.37752,40.82272],[-100.3777,40.84009],[-100.38194,40.85238],[-100.39031,40.86561],[-100.39217,40.87606]]]}},{"type":"Feature","id":"69030","properties":{"zip":"69030","pop":null,"city":"","county":"Dundy","state":"Nebraska","area":273.0,"lat":40.20311,"lon":-101.92582},"geometry":{"type":"Polygon","coordinates":[[[-102.05191,40.16267],[-102.05157,40.39303],[-101.96859,40.39278],[-101.96861,40.40722],[-101.9496,40.40731],[-101.94966,40.39286],[-101.87412,40.39281],[-101.87377,40.36397],[-101.85506,40.36394],[-101.85515,40.39271],[-101.82083,40.3927],[-101.80445,40.37343],[-101.79702,40.37445],[-101.7955,40.37841],[-101.77951,40.36417],[-101.7601,40.3641],[-101.75951,40.34963],[-101.7778,40.34969],[-101.77743,40.26407],[-101.79635,40.26389],[-101.79655,40.18675],[-101.81242,40.1873],[-101.81548,40.18379],[-101.82929,40.18332],[-101.83706,40.17631],[-101.85334,40.17678],[-101.8482,40.17557],[-101.81557,40.17583],[-101.81281,40.00283],[-102.05174,40.00308],[-102.05191,40.16267]]]}},{"type":"Feature","id":"69032","properties":{"zip":"69032","pop":null,"city":"","county":"Hayes","state":"Nebraska","area":236.54,"lat":40.56769,"lon":-101.04713},"geometry":{"type":"Polygon","coordinates":[[[-101.26949,40.63961],[-101.23145,40.63986],[-101.23181,40.69785],[-101.1577,40.69821],[-101.15689,40.65467],[-101.13694,40.65467],[-101.1371,40.64005],[-101.11903,40.64002],[-101.11866,40.61104],[-101.1016,40.61073],[-101.10126,40.66854],[-101.07858,40.66893],[-101.11828,40.69375],[-101.11822,40.6987],[-100.8917,40.70024],[-100.89057,40.48099],[-100.86594,40.48103],[-100.86512,40.46668],[-100.83234,40.46651],[-100.83,40.46511],[-100.8262,40.44925],[-100.81605,40.44844],[-100.81044,40.4451],[-100.78084,40.44084],[-100.78073,40.43738],[-100.90945,40.43593],[-100.90932,40.40683],[-100.94214,40.40686],[-100.94792,40.41065],[-100.95501,40.41235],[-100.96065,40.41672],[-100.96774,40.41691],[-100.97486,40.42451],[-100.98048,40.42603],[-100.98389,40.4369],[-101.05657,40.43726],[-101.05868,40.44635],[-101.05335,40.46587],[-101.09883,40.46574],[-101.0987,40.45148],[-101.11746,40.45138],[-101.11746,40.43693],[-101.13525,40.43697],[-101.13651,40.49498],[-101.20028,40.49543],[-101.20016,40.50218],[-101.19075,40.50225],[-101.19086,40.50991],[-101.23052,40.51045],[-101.23091,40.55387],[-101.26888,40.55415],[-101.2692,40.5718],[-101.25954,40.57181],[-101.25953,40.58293],[-101.26932,40.58308],[-101.26949,40.63961]]]}},{"type":"Feature","id":"68870","properties":{"zip":"68870","pop":null,"city":"","county":"Buffalo","state":"Nebraska","area":33.49,"lat":40.84533,"lon":-99.15828},"geometry":{"type":"Polygon","coordinates":[[[-99.23609,40.81496],[-99.21697,40.80764],[-99.21694,40.815],[-99.198,40.81511],[-99.19801,40.82962],[-99.217,40.82958],[-99.21697,40.87314],[-99.19793,40.87308],[-99.1977,40.91648],[-99.16005,40.91595],[-99.16058,40.88657],[-99.1229,40.88691],[-99.12255,40.87251],[-99.10358,40.87281],[-99.1038,40.90237],[-99.08484,40.90235],[-99.08458,40.87316],[-99.04568,40.8734],[-99.04561,40.84426],[-99.07691,40.84445],[-99.07688,40.84636],[-99.07975,40.84636],[-99.07976,40.84447],[-99.12237,40.84415],[-99.12258,40.85144],[-99.12733,40.85134],[-99.1271,40.84408],[-99.16068,40.84352],[-99.16003,40.80068],[-99.14084,40.80062],[-99.14078,40.78612],[-99.15478,40.78616],[-99.15458,40.77873],[-99.15972,40.78079],[-99.15981,40.77189],[-99.21717,40.77153],[-99.21724,40.78627],[-99.23608,40.78634],[-99.23609,40.81496]]]}},{"type":"Feature","id":"68871","properties":{"zip":"68871","pop":null,"city":"","county":"Sherman","state":"Nebraska","area":48.9,"lat":41.14048,"lon":-98.84779},"geometry":{"type":"Polygon","coordinates":[[[-98.97715,41.1703],[-98.95895,41.17011],[-98.95824,41.17734],[-98.93931,41.17727],[-98.9401,41.19215],[-98.9144,41.19239],[-98.91335,41.19856],[-98.91039,41.19876],[-98.91043,41.2004],[-98.91644,41.20889],[-98.90188,41.1919],[-98.86132,41.19239],[-98.86129,41.17823],[-98.86005,41.17788],[-98.7485,41.17732],[-98.74713,41.1192],[-98.74917,41.10522],[-98.74877,41.0691],[-98.75816,41.06806],[-98.77334,41.07674],[-98.7866,41.07491],[-98.78895,41.07778],[-98.80088,41.08282],[-98.80117,41.08932],[-98.80417,41.09195],[-98.81654,41.0918],[-98.8198,41.09621],[-98.83205,41.10134],[-98.83597,41.11045],[-98.84576,41.10507],[-98.92011,41.10487],[-98.92115,41.11936],[-98.91955,41.13397],[-98.92998,41.13393],[-98.93002,41.12675],[-98.93935,41.12682],[-98.93944,41.11939],[-98.9583,41.1194],[-98.95843,41.14821],[-98.97721,41.14836],[-98.97715,41.1703]]]}},{"type":"Feature","id":"68450","properties":{"zip":"68450","pop":null,"city":"","county":"Johnson","state":"Nebraska","area":101.09,"lat":40.36198,"lon":-96.22396},"geometry":{"type":"Polygon","coordinates":[[[-96.36976,40.34826],[-96.36905,40.35989],[-96.35961,40.35988],[-96.35961,40.36352],[-96.36433,40.36353],[-96.36434,40.36709],[-96.35013,40.36491],[-96.35008,40.37798],[-96.33141,40.37806],[-96.3313,40.39254],[-96.31233,40.39243],[-96.31232,40.40694],[-96.30283,40.40694],[-96.3028,40.41419],[-96.29328,40.4142],[-96.2932,40.42145],[-96.26956,40.4213],[-96.26958,40.42865],[-96.26487,40.42867],[-96.26481,40.42132],[-96.25535,40.42145],[-96.25544,40.43595],[-96.27427,40.43592],[-96.27438,40.45043],[-96.21797,40.45048],[-96.21791,40.43598],[-96.20102,40.43588],[-96.19886,40.43606],[-96.19883,40.45053],[-96.12287,40.4507],[-96.12289,40.42172],[-96.10425,40.42165],[-96.10423,40.40712],[-96.06624,40.40721],[-96.06707,40.34181],[-96.08614,40.34184],[-96.0862,40.34906],[-96.10395,40.349],[-96.10399,40.36352],[-96.14192,40.36349],[-96.14149,40.30941],[-96.14923,40.30949],[-96.14923,40.30586],[-96.15577,40.30758],[-96.15576,40.31031],[-96.15304,40.31153],[-96.15443,40.31284],[-96.16041,40.31315],[-96.16066,40.29133],[-96.17953,40.29134],[-96.17947,40.30584],[-96.1985,40.30573],[-96.19847,40.27677],[-96.23618,40.27647],[-96.23619,40.26195],[-96.25517,40.26207],[-96.25517,40.27665],[-96.35065,40.27703],[-96.35098,40.33509],[-96.36984,40.335],[-96.36976,40.34826]]]}},{"type":"Feature","id":"68463","properties":{"zip":"68463","pop":null,"city":"","county":"Cass","state":"Nebraska","area":43.91,"lat":40.87587,"lon":-96.13535},"geometry":{"type":"Polygon","coordinates":[[[-96.21749,40.88412],[-96.21596,40.88654],[-96.21643,40.89249],[-96.19739,40.8925],[-96.19735,40.88542],[-96.19259,40.88516],[-96.19258,40.89249],[-96.18779,40.89251],[-96.18782,40.91421],[-96.15904,40.91437],[-96.15903,40.92891],[-96.13989,40.929],[-96.1398,40.95804],[-96.12065,40.95816],[-96.12069,40.94365],[-96.08333,40.94369],[-96.08327,40.92923],[-96.06383,40.92927],[-96.06443,40.82762],[-96.08342,40.82769],[-96.08333,40.82044],[-96.11189,40.82039],[-96.11204,40.82763],[-96.15927,40.82755],[-96.15936,40.81306],[-96.20729,40.81302],[-96.20732,40.8203],[-96.21212,40.82023],[-96.21211,40.82387],[-96.21685,40.8238],[-96.21749,40.88412]]]}},{"type":"Feature","id":"68850","properties":{"zip":"68850","pop":null,"city":"","county":"Dawson","state":"Nebraska","area":203.07,"lat":40.8255,"lon":-99.73575},"geometry":{"type":"Polygon","coordinates":[[[-99.90135,40.75085],[-99.90133,40.75774],[-99.88226,40.75764],[-99.88233,40.78674],[-99.87897,40.79222],[-99.8867,40.79626],[-99.88204,40.80126],[-99.85698,40.78681],[-99.85385,40.7868],[-99.85383,40.79401],[-99.84428,40.79395],[-99.84437,40.78683],[-99.80604,40.78663],[-99.80598,40.79041],[-99.82508,40.7969],[-99.82515,40.84513],[-99.83282,40.84513],[-99.83472,40.84722],[-99.83575,40.86469],[-99.83728,40.8664],[-99.84526,40.86646],[-99.84535,40.87366],[-99.82625,40.87354],[-99.82587,40.88711],[-99.84498,40.88716],[-99.84512,40.89809],[-99.83557,40.89809],[-99.8355,40.8908],[-99.82585,40.89094],[-99.82595,40.90165],[-99.8356,40.90167],[-99.83581,40.931],[-99.82615,40.93107],[-99.82608,40.94536],[-99.83574,40.94541],[-99.83603,40.95294],[-99.82643,40.95294],[-99.82633,40.96062],[-99.84605,40.96064],[-99.84526,40.93084],[-99.88333,40.93102],[-99.88344,40.94551],[-99.89063,40.9465],[-99.89052,40.95355],[-99.88787,40.96008],[-99.88061,40.96813],[-99.88589,40.97676],[-99.88685,40.98501],[-99.88438,40.98942],[-99.86533,40.9894],[-99.86373,41.01728],[-99.84941,41.01787],[-99.84953,41.0323],[-99.84478,41.03216],[-99.84443,41.04668],[-99.81558,41.04668],[-99.81575,41.0249],[-99.80623,41.02485],[-99.80623,41.01741],[-99.81162,41.01746],[-99.81255,41.01249],[-99.80569,41.00995],[-99.78641,41.00987],[-99.78129,41.00457],[-99.76996,41.00167],[-99.76602,40.99855],[-99.75515,41.00066],[-99.74705,40.99971],[-99.74938,40.99042],[-99.74685,40.97969],[-99.74745,40.96811],[-99.72996,40.96733],[-99.72981,40.96055],[-99.69215,40.95947],[-99.69329,40.91665],[-99.69137,40.88846],[-99.65413,40.88739],[-99.65423,40.91823],[-99.63498,40.92831],[-99.6354,40.91669],[-99.62672,40.91651],[-99.6259,40.91511],[-99.62543,40.88725],[-99.59676,40.88739],[-99.59707,40.85137],[-99.58731,40.85136],[-99.58737,40.83696],[-99.57808,40.83696],[-99.57937,40.8082],[-99.55942,40.80768],[-99.5597,40.78623],[-99.57872,40.78654],[-99.57859,40.77923],[-99.59766,40.77918],[-99.59764,40.75234],[-99.59937,40.75236],[-99.59939,40.75017],[-99.59765,40.75016],[-99.5979,40.72906],[-99.61689,40.72907],[-99.61682,40.71448],[-99.63587,40.71457],[-99.63589,40.70243],[-99.58639,40.69554],[-99.58656,40.67806],[-99.60029,40.67979],[-99.6223,40.6861],[-99.64346,40.68491],[-99.64325,40.67721],[-99.65381,40.67648],[-99.65381,40.66996],[-99.64344,40.67005],[-99.64333,40.65568],[-99.73753,40.65586],[-99.73741,40.66356],[-99.77676,40.66278],[-99.77688,40.67016],[-99.76718,40.6701],[-99.76718,40.67579],[-99.77196,40.6782],[-99.7716,40.6826],[-99.77007,40.68315],[-99.77253,40.68527],[-99.76943,40.68573],[-99.77066,40.68683],[-99.77848,40.68914],[-99.78446,40.68796],[-99.7846,40.70009],[-99.82536,40.70014],[-99.83475,40.70585],[-99.83475,40.70737],[-99.84415,40.71122],[-99.84434,40.72896],[-99.8631,40.72832],[-99.86305,40.74253],[-99.90137,40.74378],[-99.90135,40.75085]]]}},{"type":"Feature","id":"68464","properties":{"zip":"68464","pop":null,"city":"","county":"Saline","state":"Nebraska","area":61.87,"lat":40.42243,"lon":-97.19566},"geometry":{"type":"Polygon","coordinates":[[[-97.27407,40.40809],[-97.25493,40.40811],[-97.25492,40.42271],[-97.27405,40.4227],[-97.2739,40.4372],[-97.2549,40.43717],[-97.25487,40.45169],[-97.23613,40.45167],[-97.23609,40.46618],[-97.25487,40.46619],[-97.25473,40.52419],[-97.20731,40.52422],[-97.20719,40.52788],[-97.19808,40.52745],[-97.19809,40.52419],[-97.16016,40.52421],[-97.16035,40.51635],[-97.15087,40.51645],[-97.15069,40.50953],[-97.14687,40.5096],[-97.1473,40.50224],[-97.15082,40.50247],[-97.15101,40.495],[-97.1603,40.49487],[-97.16033,40.48032],[-97.17916,40.48038],[-97.17923,40.46598],[-97.16051,40.46516],[-97.16193,40.46005],[-97.16041,40.45886],[-97.16038,40.45144],[-97.13163,40.45141],[-97.1319,40.43675],[-97.1414,40.43676],[-97.14129,40.39335],[-97.10331,40.39316],[-97.10343,40.37869],[-97.09287,40.37954],[-97.08526,40.37873],[-97.08585,40.37685],[-97.0844,40.3769],[-97.08447,40.35067],[-97.16091,40.34983],[-97.16096,40.3457],[-97.16556,40.34575],[-97.16572,40.33483],[-97.19876,40.33519],[-97.19859,40.34998],[-97.27396,40.3501],[-97.27407,40.40809]]]}},{"type":"Feature","id":"68442","properties":{"zip":"68442","pop":null,"city":"","county":"Richardson","state":"Nebraska","area":27.57,"lat":40.23901,"lon":-95.7729},"geometry":{"type":"Polygon","coordinates":[[[-95.87913,40.24694],[-95.86033,40.24705],[-95.86024,40.26142],[-95.80344,40.26166],[-95.80336,40.27615],[-95.78442,40.27627],[-95.7844,40.29082],[-95.74747,40.29089],[-95.74751,40.27638],[-95.72858,40.2764],[-95.72858,40.28369],[-95.71892,40.28375],[-95.71909,40.27649],[-95.70949,40.27658],[-95.70959,40.23282],[-95.72832,40.23284],[-95.72834,40.17461],[-95.76623,40.17464],[-95.76628,40.18919],[-95.78444,40.18914],[-95.78453,40.21818],[-95.80356,40.2182],[-95.8036,40.23267],[-95.87898,40.23253],[-95.87913,40.24694]]]}},{"type":"Feature","id":"68853","properties":{"zip":"68853","pop":null,"city":"","county":"Sherman","state":"Nebraska","area":152.45,"lat":41.28978,"lon":-98.9862},"geometry":{"type":"Polygon","coordinates":[[[-99.20409,41.32193],[-99.11845,41.32196],[-99.11837,41.3292],[-99.0756,41.32932],[-99.06875,41.32805],[-99.06163,41.32234],[-99.05197,41.32209],[-99.05177,41.3357],[-99.06938,41.33658],[-99.07098,41.33774],[-99.07148,41.35058],[-99.0843,41.35266],[-99.09194,41.36371],[-99.09833,41.36798],[-99.09752,41.37839],[-99.0988,41.38003],[-99.09475,41.38313],[-99.09447,41.38636],[-99.09161,41.38658],[-99.09219,41.38902],[-99.09979,41.39082],[-99.09975,41.3943],[-98.8202,41.39451],[-98.8211,41.33709],[-98.86017,41.33707],[-98.86056,41.3081],[-98.87377,41.30815],[-98.87602,41.30721],[-98.87765,41.30259],[-98.87974,41.30335],[-98.86472,41.29359],[-98.88,41.2936],[-98.88062,41.27906],[-98.8432,41.2793],[-98.8414,41.27152],[-98.8323,41.26457],[-98.86089,41.26466],[-98.86132,41.19239],[-98.90188,41.1919],[-98.91644,41.20889],[-98.91043,41.2004],[-98.91039,41.19876],[-98.91335,41.19856],[-98.9144,41.19239],[-98.9401,41.19215],[-98.93931,41.17727],[-98.95824,41.17734],[-98.95895,41.17011],[-98.97715,41.1703],[-98.97716,41.13381],[-98.99606,41.13374],[-98.99533,41.16369],[-99.0143,41.16361],[-99.01441,41.17833],[-99.08978,41.17766],[-99.08928,41.26462],[-99.10792,41.26418],[-99.10965,41.27882],[-99.18473,41.27858],[-99.18897,41.29273],[-99.2037,41.2929],[-99.20409,41.32193]]]}},{"type":"Feature","id":"68855","properties":{"zip":"68855","pop":null,"city":"","county":"Custer","state":"Nebraska","area":121.43,"lat":41.16246,"lon":-99.32631},"geometry":{"type":"Polygon","coordinates":[[[-99.50204,41.1185],[-99.50132,41.14741],[-99.43499,41.14732],[-99.43449,41.17611],[-99.37796,41.17639],[-99.37677,41.22506],[-99.38301,41.23394],[-99.35723,41.23401],[-99.35726,41.24857],[-99.33789,41.2486],[-99.33788,41.24374],[-99.3282,41.23693],[-99.30507,41.22559],[-99.30566,41.23036],[-99.314,41.23118],[-99.31269,41.23466],[-99.30997,41.23566],[-99.31588,41.23626],[-99.31636,41.23946],[-99.31833,41.23912],[-99.31906,41.23598],[-99.32076,41.24024],[-99.32676,41.23818],[-99.32864,41.23919],[-99.3262,41.2439],[-99.32794,41.24444],[-99.33082,41.24089],[-99.33377,41.2419],[-99.33198,41.24882],[-99.33745,41.25043],[-99.33515,41.25271],[-99.33798,41.25483],[-99.33808,41.26321],[-99.31902,41.26322],[-99.31875,41.3069],[-99.20397,41.30744],[-99.20513,41.20606],[-99.2253,41.20527],[-99.22877,41.20593],[-99.22549,41.20862],[-99.22733,41.21063],[-99.23152,41.20906],[-99.23103,41.21306],[-99.25263,41.21342],[-99.25258,41.2059],[-99.26217,41.20592],[-99.26252,41.16385],[-99.2645,41.16236],[-99.24385,41.16258],[-99.24453,41.13356],[-99.22562,41.13354],[-99.22622,41.09029],[-99.24339,41.09019],[-99.24516,41.08816],[-99.24579,41.04692],[-99.31254,41.0469],[-99.31245,41.05406],[-99.34106,41.05408],[-99.34089,41.06124],[-99.37907,41.06106],[-99.37929,41.04667],[-99.40909,41.04651],[-99.40547,41.05241],[-99.40875,41.05351],[-99.41257,41.05169],[-99.42378,41.0514],[-99.42587,41.05381],[-99.42111,41.06234],[-99.4306,41.06119],[-99.43415,41.06441],[-99.4343,41.07161],[-99.43909,41.07003],[-99.4447,41.07173],[-99.45578,41.07887],[-99.45813,41.07889],[-99.458,41.07559],[-99.46027,41.07412],[-99.46293,41.07525],[-99.46434,41.08971],[-99.45475,41.08969],[-99.45479,41.08519],[-99.44521,41.08524],[-99.44518,41.08974],[-99.44039,41.08976],[-99.44027,41.09696],[-99.45947,41.09686],[-99.45939,41.10403],[-99.49531,41.10572],[-99.50219,41.10929],[-99.50204,41.1185]]]}},{"type":"Feature","id":"68858","properties":{"zip":"68858","pop":null,"city":"","county":"Buffalo","state":"Nebraska","area":47.81,"lat":40.96162,"lon":-99.3781},"geometry":{"type":"Polygon","coordinates":[[[-99.42599,41.04647],[-99.37929,41.04667],[-99.37907,41.06106],[-99.34089,41.06124],[-99.34106,41.05408],[-99.31245,41.05406],[-99.31173,41.02639],[-99.30643,41.02486],[-99.31186,41.0248],[-99.31181,41.01749],[-99.32896,41.01734],[-99.33087,41.01886],[-99.33087,41.02464],[-99.34982,41.02481],[-99.34966,40.98866],[-99.33068,40.98836],[-99.33082,40.9312],[-99.34029,40.93123],[-99.34023,40.91679],[-99.34688,40.91678],[-99.34024,40.90734],[-99.34024,40.90232],[-99.33645,40.90229],[-99.32124,40.88368],[-99.32143,40.87343],[-99.38771,40.87316],[-99.38799,40.85873],[-99.42597,40.85858],[-99.42599,41.04647]]]}},{"type":"Feature","id":"68860","properties":{"zip":"68860","pop":null,"city":"","county":"Custer","state":"Nebraska","area":140.78,"lat":41.1337,"lon":-99.79162},"geometry":{"type":"Polygon","coordinates":[[[-99.96125,41.08599],[-99.95953,41.09874],[-99.95189,41.11334],[-99.95028,41.15667],[-99.94087,41.1583],[-99.94044,41.16762],[-99.94233,41.17267],[-99.93896,41.19055],[-99.93254,41.19063],[-99.9283,41.20924],[-99.92242,41.21264],[-99.92736,41.2195],[-99.92729,41.22504],[-99.91529,41.21966],[-99.90794,41.21903],[-99.89755,41.22545],[-99.8839,41.22687],[-99.88365,41.23425],[-99.8741,41.23419],[-99.87396,41.21961],[-99.66352,41.21926],[-99.66384,41.1849],[-99.66522,41.18408],[-99.65991,41.18583],[-99.65997,41.18809],[-99.6542,41.18849],[-99.6375,41.185],[-99.63761,41.18154],[-99.64022,41.18059],[-99.63148,41.17737],[-99.62891,41.17339],[-99.629,41.169],[-99.61122,41.16879],[-99.61187,41.1635],[-99.6093,41.16191],[-99.62599,41.16192],[-99.62608,41.15086],[-99.61319,41.14593],[-99.60678,41.14543],[-99.60611,41.14057],[-99.60663,41.13751],[-99.61455,41.12782],[-99.61788,41.11395],[-99.62302,41.10665],[-99.62694,41.10392],[-99.63192,41.10543],[-99.63794,41.10151],[-99.64954,41.09973],[-99.65293,41.09393],[-99.65591,41.09317],[-99.65728,41.08381],[-99.65514,41.08114],[-99.65661,41.07557],[-99.7039,41.07546],[-99.70384,41.06101],[-99.71185,41.06112],[-99.71361,41.05774],[-99.71316,41.04665],[-99.71075,41.04626],[-99.71096,41.03195],[-99.76709,41.0319],[-99.76764,41.02821],[-99.77143,41.02677],[-99.77277,41.02204],[-99.77733,41.02099],[-99.77735,41.02827],[-99.78676,41.0283],[-99.78682,41.03197],[-99.81583,41.03226],[-99.81558,41.04668],[-99.89487,41.04717],[-99.8946,41.07573],[-99.96119,41.07577],[-99.96125,41.08599]]]}},{"type":"Feature","id":"68446","properties":{"zip":"68446","pop":null,"city":"","county":"Otoe","state":"Nebraska","area":74.12,"lat":40.64999,"lon":-96.17533},"geometry":{"type":"Polygon","coordinates":[[[-96.25564,40.66928],[-96.25453,40.67342],[-96.23657,40.66671],[-96.23535,40.69699],[-96.24318,40.69757],[-96.2464,40.70112],[-96.24957,40.7178],[-96.25459,40.72235],[-96.25509,40.75467],[-96.17838,40.75504],[-96.17848,40.75871],[-96.16869,40.75847],[-96.16833,40.75496],[-96.15901,40.755],[-96.15907,40.74051],[-96.14029,40.74055],[-96.14044,40.726],[-96.17814,40.72601],[-96.17814,40.71154],[-96.12115,40.71156],[-96.122,40.66848],[-96.06828,40.67547],[-96.0674,40.59566],[-96.1223,40.59575],[-96.12237,40.56674],[-96.1604,40.56657],[-96.16032,40.58107],[-96.17946,40.58097],[-96.17948,40.56645],[-96.18889,40.56643],[-96.18867,40.57302],[-96.19833,40.57304],[-96.19841,40.55193],[-96.21749,40.55185],[-96.21757,40.5373],[-96.23647,40.53729],[-96.23643,40.56627],[-96.25565,40.56638],[-96.25533,40.62425],[-96.23637,40.62423],[-96.23633,40.6533],[-96.25538,40.65326],[-96.25554,40.66716],[-96.2569,40.66804],[-96.25564,40.66928]]]}},{"type":"Feature","id":"68447","properties":{"zip":"68447","pop":null,"city":"","county":"Pawnee","state":"Nebraska","area":41.72,"lat":40.20045,"lon":-96.07369},"geometry":{"type":"Polygon","coordinates":[[[-96.15183,40.16771],[-96.15164,40.19315],[-96.14695,40.19315],[-96.14695,40.19679],[-96.1327,40.19681],[-96.13266,40.20403],[-96.12314,40.20409],[-96.12289,40.24038],[-96.1057,40.23832],[-96.1045,40.26212],[-96.08561,40.26221],[-96.08558,40.26583],[-96.09034,40.26581],[-96.09036,40.27304],[-96.08558,40.27306],[-96.08574,40.2912],[-96.02896,40.29053],[-96.02823,40.27609],[-96.03368,40.27614],[-96.03369,40.26168],[-96.02898,40.26163],[-96.02906,40.21796],[-96.01022,40.21801],[-96.01023,40.20397],[-96.02909,40.20349],[-96.02904,40.1601],[-96.01983,40.15972],[-96.01969,40.15415],[-96.018,40.15282],[-96.04801,40.15266],[-96.04345,40.14386],[-96.04362,40.13107],[-96.04798,40.13105],[-96.04822,40.1238],[-96.03876,40.12383],[-96.03882,40.12021],[-96.02936,40.12025],[-96.02918,40.13113],[-96.01982,40.13117],[-96.02002,40.10945],[-96.08598,40.10911],[-96.08571,40.15256],[-96.10934,40.15269],[-96.10953,40.16672],[-96.1264,40.1605],[-96.14236,40.1604],[-96.14236,40.15686],[-96.15195,40.15689],[-96.15183,40.16771]]]}},{"type":"Feature","id":"68864","properties":{"zip":"68864","pop":null,"city":"","county":"Merrick","state":"Nebraska","area":133.03,"lat":41.26084,"lon":-98.24044},"geometry":{"type":"Polygon","coordinates":[[[-98.36462,41.27566],[-98.35415,41.27407],[-98.34254,41.27629],[-98.3179,41.27392],[-98.29677,41.28036],[-98.2967,41.28542],[-98.3064,41.28508],[-98.30619,41.31453],[-98.32557,41.31459],[-98.32562,41.32164],[-98.31571,41.32175],[-98.31573,41.33619],[-98.30636,41.33617],[-98.30603,41.35065],[-98.29681,41.35072],[-98.29659,41.35737],[-98.28661,41.35734],[-98.28658,41.3939],[-98.29142,41.39389],[-98.29151,41.42287],[-98.27349,41.4229],[-98.27389,41.39386],[-98.16187,41.39418],[-98.15146,41.39227],[-98.13712,41.38601],[-98.13506,41.38271],[-98.13619,41.32261],[-98.14529,41.32223],[-98.14586,41.30805],[-98.17482,41.30756],[-98.17508,41.29327],[-98.1658,41.29325],[-98.1658,41.28567],[-98.15496,41.29102],[-98.15478,41.28953],[-98.14901,41.29049],[-98.14301,41.29328],[-98.13157,41.29318],[-98.1257,41.28847],[-98.11664,41.29363],[-98.11654,41.27858],[-98.08848,41.27867],[-98.08854,41.28581],[-98.07884,41.28585],[-98.07885,41.27142],[-98.09795,41.27141],[-98.09792,41.24964],[-98.11722,41.24949],[-98.11699,41.24254],[-98.13026,41.24265],[-98.13042,41.23534],[-98.13626,41.23535],[-98.13625,41.24948],[-98.15558,41.24935],[-98.15519,41.20596],[-98.13594,41.20601],[-98.13582,41.19148],[-98.17428,41.19133],[-98.17404,41.16224],[-98.19309,41.16216],[-98.19297,41.13314],[-98.34449,41.1336],[-98.34447,41.14794],[-98.36371,41.14823],[-98.36375,41.17734],[-98.35429,41.17697],[-98.35425,41.18424],[-98.34469,41.18419],[-98.34469,41.19132],[-98.35667,41.19132],[-98.35644,41.2057],[-98.36369,41.20566],[-98.36462,41.27566]]]}},{"type":"Feature","id":"68624","properties":{"zip":"68624","pop":null,"city":"","county":"Butler","state":"Nebraska","area":54.55,"lat":41.34979,"lon":-97.22832},"geometry":{"type":"Polygon","coordinates":[[[-97.3682,41.33822],[-97.36822,41.35166],[-97.35015,41.35113],[-97.34987,41.38026],[-97.34684,41.38023],[-97.3396,41.3846],[-97.31974,41.38593],[-97.30271,41.38373],[-97.29278,41.37998],[-97.29284,41.38591],[-97.29565,41.38749],[-97.30814,41.38853],[-97.31628,41.39514],[-97.32233,41.39379],[-97.30772,41.39903],[-97.29292,41.39677],[-97.28083,41.39239],[-97.278,41.39035],[-97.27805,41.38804],[-97.26813,41.38611],[-97.266,41.38936],[-97.25352,41.38421],[-97.22618,41.38361],[-97.19927,41.38584],[-97.17846,41.37682],[-97.15429,41.38256],[-97.13722,41.3832],[-97.12065,41.38789],[-97.10643,41.38789],[-97.09121,41.39289],[-97.08205,41.39972],[-97.0597,41.41099],[-97.06161,41.36529],[-97.08097,41.36508],[-97.08094,41.35065],[-97.1004,41.35055],[-97.10037,41.33601],[-97.13811,41.33681],[-97.13817,41.32963],[-97.15754,41.32992],[-97.15768,41.32265],[-97.20567,41.32331],[-97.20574,41.30895],[-97.23467,41.30882],[-97.23459,41.29368],[-97.25365,41.29394],[-97.25319,41.27945],[-97.27254,41.27952],[-97.2729,41.29396],[-97.28141,41.29394],[-97.28599,41.30801],[-97.36812,41.30831],[-97.36816,41.32263],[-97.35005,41.32211],[-97.35023,41.33666],[-97.3682,41.33822]]]}},{"type":"Feature","id":"68627","properties":{"zip":"68627","pop":null,"city":"","county":"Boone","state":"Nebraska","area":109.06,"lat":41.54443,"lon":-98.17036},"geometry":{"type":"Polygon","coordinates":[[[-98.32974,41.56736],[-98.29131,41.56738],[-98.29126,41.59636],[-98.19542,41.59592],[-98.19535,41.61046],[-98.21311,41.61052],[-98.21439,41.6136],[-98.2146,41.6468],[-98.19526,41.64663],[-98.19524,41.6394],[-98.08033,41.63955],[-98.08031,41.62509],[-98.06098,41.62512],[-98.06114,41.58185],[-98.04239,41.58198],[-98.04235,41.57476],[-98.02298,41.57498],[-98.02275,41.54599],[-98.01314,41.54605],[-98.01307,41.53874],[-98.00342,41.53886],[-98.00314,41.5106],[-98.02247,41.51057],[-98.02258,41.52416],[-98.06145,41.52387],[-98.06156,41.50936],[-98.07599,41.50941],[-98.07669,41.52366],[-98.09584,41.5238],[-98.07354,41.49554],[-98.0906,41.49473],[-98.09011,41.47391],[-98.0961,41.47394],[-98.09966,41.47053],[-98.09966,41.46664],[-98.11886,41.4666],[-98.11903,41.44489],[-98.12903,41.44491],[-98.12914,41.45164],[-98.14347,41.45164],[-98.14347,41.44492],[-98.15737,41.44489],[-98.15743,41.46664],[-98.21509,41.46662],[-98.21395,41.4502],[-98.21524,41.43735],[-98.25356,41.43793],[-98.25298,41.46642],[-98.26289,41.46643],[-98.26293,41.48097],[-98.29134,41.48073],[-98.29148,41.49871],[-98.29614,41.50032],[-98.29901,41.49833],[-98.30545,41.50224],[-98.31013,41.50222],[-98.31051,41.53837],[-98.32976,41.53841],[-98.32974,41.56736]]]}},{"type":"Feature","id":"68629","properties":{"zip":"68629","pop":null,"city":"","county":"Colfax","state":"Nebraska","area":106.47,"lat":41.71339,"lon":-97.12935},"geometry":{"type":"Polygon","coordinates":[[[-97.21396,41.56903],[-97.21393,41.58342],[-97.1946,41.5834],[-97.19447,41.61624],[-97.19881,41.61632],[-97.19896,41.62682],[-97.19443,41.62678],[-97.19442,41.63087],[-97.19444,41.64126],[-97.19943,41.64133],[-97.19945,41.64829],[-97.20401,41.64834],[-97.20393,41.65174],[-97.21401,41.65191],[-97.21407,41.72832],[-97.19455,41.72819],[-97.19401,41.74303],[-97.1941,41.75046],[-97.20883,41.7506],[-97.2089,41.75752],[-97.21338,41.75752],[-97.21342,41.765],[-97.20414,41.76505],[-97.20384,41.77243],[-97.20887,41.77243],[-97.20875,41.7865],[-97.2135,41.7865],[-97.2136,41.81541],[-97.15562,41.81542],[-97.15581,41.85173],[-97.14601,41.85169],[-97.14598,41.86606],[-97.13644,41.86619],[-97.13618,41.87348],[-97.12597,41.87353],[-97.12615,41.8664],[-97.11651,41.86639],[-97.11651,41.88809],[-97.09722,41.88801],[-97.09713,41.90248],[-97.07773,41.90243],[-97.07778,41.83022],[-97.07274,41.83018],[-97.07278,41.82274],[-97.07753,41.8227],[-97.0778,41.7575],[-97.08736,41.75753],[-97.08752,41.75036],[-97.07785,41.75024],[-97.07859,41.72807],[-97.0593,41.72809],[-97.05954,41.70645],[-97.0501,41.70648],[-97.04992,41.6991],[-97.04024,41.69911],[-97.04017,41.65573],[-97.0254,41.6558],[-97.02568,41.64559],[-97.0311,41.64567],[-97.03138,41.64118],[-97.02722,41.64124],[-97.02712,41.63421],[-97.02066,41.63416],[-97.02063,41.62677],[-97.04007,41.6263],[-97.03982,41.5832],[-97.05916,41.58318],[-97.05925,41.59769],[-97.13675,41.59759],[-97.13677,41.58315],[-97.17053,41.5833],[-97.17056,41.5688],[-97.19468,41.56894],[-97.1949,41.55448],[-97.21415,41.55465],[-97.21396,41.56903]]]}},{"type":"Feature","id":"68631","properties":{"zip":"68631","pop":null,"city":"","county":"Platte","state":"Nebraska","area":28.91,"lat":41.68745,"lon":-97.35076},"geometry":{"type":"Polygon","coordinates":[[[-97.40703,41.65282],[-97.40218,41.65277],[-97.4022,41.65637],[-97.37794,41.65628],[-97.37785,41.69972],[-97.38737,41.69971],[-97.38739,41.70607],[-97.39708,41.70619],[-97.39718,41.71412],[-97.38743,41.71419],[-97.40685,41.71434],[-97.40689,41.72737],[-97.39703,41.72833],[-97.39702,41.74316],[-97.36807,41.74321],[-97.36806,41.77219],[-97.33934,41.77221],[-97.33902,41.77949],[-97.31007,41.7795],[-97.31007,41.77223],[-97.32925,41.77216],[-97.33041,41.74239],[-97.33,41.69977],[-97.31073,41.69973],[-97.31064,41.68519],[-97.29147,41.68521],[-97.29143,41.67069],[-97.31063,41.6707],[-97.31054,41.61267],[-97.36826,41.61279],[-97.36829,41.62726],[-97.38751,41.62741],[-97.38753,41.64184],[-97.40708,41.64192],[-97.40703,41.65282]]]}},{"type":"Feature","id":"68514","properties":{"zip":"68514","pop":null,"city":"Lincoln","county":"Lancaster","state":"Nebraska","area":5.06,"lat":40.93394,"lon":-96.65065},"geometry":{"type":"Polygon","coordinates":[[[-96.6628,40.90404],[-96.66197,40.97286],[-96.63343,40.97266],[-96.63395,40.95824],[-96.64342,40.9583],[-96.64327,40.94366],[-96.63395,40.94361],[-96.63411,40.92915],[-96.64332,40.92919],[-96.64344,40.8842],[-96.65075,40.88301],[-96.65065,40.88],[-96.65313,40.87748],[-96.65313,40.88699],[-96.65054,40.88845],[-96.64907,40.88596],[-96.64448,40.88721],[-96.64448,40.89097],[-96.64719,40.89099],[-96.64719,40.89292],[-96.66275,40.89318],[-96.6628,40.90404]]]}},{"type":"Feature","id":"68841","properties":{"zip":"68841","pop":null,"city":"","county":"Hamilton","state":"Nebraska","area":51.53,"lat":40.76314,"lon":-98.16682},"geometry":{"type":"Polygon","coordinates":[[[-98.26395,40.72732],[-98.26389,40.77077],[-98.24474,40.77098],[-98.24488,40.7853],[-98.22574,40.78531],[-98.22582,40.79976],[-98.24509,40.79989],[-98.24517,40.821],[-98.14981,40.82207],[-98.14972,40.81452],[-98.11149,40.81429],[-98.11158,40.82191],[-98.07381,40.82185],[-98.07318,40.79981],[-98.09233,40.79982],[-98.09217,40.78532],[-98.07312,40.78534],[-98.07311,40.77085],[-98.09218,40.77093],[-98.09213,40.75642],[-98.07309,40.75636],[-98.07309,40.74184],[-98.09224,40.74197],[-98.09262,40.69841],[-98.10202,40.69957],[-98.10203,40.71293],[-98.11157,40.71291],[-98.11154,40.69841],[-98.13054,40.6984],[-98.13035,40.71285],[-98.1497,40.71285],[-98.14969,40.69836],[-98.18804,40.69835],[-98.18777,40.71285],[-98.1973,40.71282],[-98.19734,40.72004],[-98.20678,40.72005],[-98.20681,40.72725],[-98.21467,40.72731],[-98.23186,40.71286],[-98.26404,40.71286],[-98.26395,40.72732]]]}},{"type":"Feature","id":"68517","properties":{"zip":"68517","pop":null,"city":"Lincoln","county":"Lancaster","state":"Nebraska","area":19.98,"lat":40.93339,"lon":-96.60485},"geometry":{"type":"Polygon","coordinates":[[[-96.64344,40.8842],[-96.64332,40.92919],[-96.63411,40.92915],[-96.63395,40.94361],[-96.64327,40.94366],[-96.64342,40.9583],[-96.63395,40.95824],[-96.63343,40.97266],[-96.64273,40.97272],[-96.64205,40.98715],[-96.58504,40.9868],[-96.58575,40.97235],[-96.56662,40.97222],[-96.56727,40.95775],[-96.55669,40.95777],[-96.56728,40.94991],[-96.56714,40.89584],[-96.57178,40.89341],[-96.56744,40.89157],[-96.56748,40.88526],[-96.58642,40.88576],[-96.60289,40.87712],[-96.6056,40.87833],[-96.60535,40.88557],[-96.64344,40.8842]]]}},{"type":"Feature","id":"68521","properties":{"zip":"68521","pop":null,"city":"Lincoln","county":"Lancaster","state":"Nebraska","area":9.93,"lat":40.86187,"lon":-96.71543},"geometry":{"type":"Polygon","coordinates":[[[-96.76483,40.87939],[-96.74878,40.87967],[-96.74873,40.88373],[-96.74394,40.88369],[-96.74396,40.88185],[-96.74116,40.88144],[-96.73918,40.88627],[-96.73177,40.88463],[-96.70103,40.88634],[-96.70104,40.89343],[-96.68252,40.89331],[-96.68195,40.86236],[-96.6766,40.86048],[-96.67695,40.85715],[-96.68198,40.85712],[-96.67966,40.85702],[-96.67968,40.85378],[-96.68205,40.85379],[-96.67982,40.84933],[-96.68204,40.84723],[-96.68222,40.83658],[-96.68501,40.83537],[-96.68559,40.8374],[-96.68871,40.83743],[-96.68891,40.83565],[-96.69172,40.83568],[-96.69178,40.83915],[-96.73054,40.82978],[-96.74477,40.8312],[-96.74585,40.83182],[-96.73973,40.83913],[-96.74362,40.84531],[-96.7443,40.86014],[-96.76488,40.87344],[-96.76483,40.87939]]]}},{"type":"Feature","id":"68882","properties":{"zip":"68882","pop":null,"city":"","county":"Greeley","state":"Nebraska","area":100.86,"lat":41.42361,"lon":-98.40366},"geometry":{"type":"Polygon","coordinates":[[[-98.58316,41.39402],[-98.5785,41.39403],[-98.57843,41.43729],[-98.55908,41.43787],[-98.55945,41.46539],[-98.5402,41.46603],[-98.53991,41.48051],[-98.5387,41.47796],[-98.52078,41.46617],[-98.48264,41.46622],[-98.48274,41.48071],[-98.40639,41.48053],[-98.40639,41.48782],[-98.36808,41.48783],[-98.36801,41.50953],[-98.3105,41.50942],[-98.31013,41.50222],[-98.30545,41.50224],[-98.29901,41.49833],[-98.29338,41.50031],[-98.29148,41.49871],[-98.29134,41.48073],[-98.26293,41.48097],[-98.26289,41.46643],[-98.25298,41.46642],[-98.25356,41.43793],[-98.23452,41.43757],[-98.23447,41.43029],[-98.22477,41.43038],[-98.22475,41.42327],[-98.23398,41.42309],[-98.2342,41.40127],[-98.25353,41.40127],[-98.25342,41.42298],[-98.29151,41.42287],[-98.29142,41.39389],[-98.28658,41.3939],[-98.28661,41.35734],[-98.29659,41.35737],[-98.29681,41.35072],[-98.30603,41.35065],[-98.30636,41.33617],[-98.32513,41.33691],[-98.32555,41.33371],[-98.33475,41.3235],[-98.3358,41.31453],[-98.34435,41.31445],[-98.34428,41.36511],[-98.38722,41.36497],[-98.38738,41.35079],[-98.40098,41.35065],[-98.40102,41.34321],[-98.41074,41.34337],[-98.41071,41.35061],[-98.42007,41.3506],[-98.42006,41.35797],[-98.43987,41.35803],[-98.43984,41.36526],[-98.45842,41.36531],[-98.45835,41.38486],[-98.4611,41.38517],[-98.46455,41.39132],[-98.46945,41.3941],[-98.51491,41.39412],[-98.51569,41.36511],[-98.53493,41.36478],[-98.53542,41.35797],[-98.5443,41.35831],[-98.54518,41.36551],[-98.58331,41.36564],[-98.58316,41.39402]]]}},{"type":"Feature","id":"68927","properties":{"zip":"68927","pop":null,"city":"","county":"Phelps","state":"Nebraska","area":115.18,"lat":40.51139,"lon":-99.62666},"geometry":{"type":"Polygon","coordinates":[[[-99.73966,40.42357],[-99.737,40.43827],[-99.71815,40.43803],[-99.7183,40.44255],[-99.71554,40.4459],[-99.71485,40.45118],[-99.71076,40.45193],[-99.70963,40.4563],[-99.70487,40.45942],[-99.70708,40.47322],[-99.70095,40.47423],[-99.70057,40.51037],[-99.70937,40.51058],[-99.7095,40.51785],[-99.71852,40.5179],[-99.71874,40.52534],[-99.68064,40.52531],[-99.67952,40.53918],[-99.69883,40.53905],[-99.69904,40.55366],[-99.67963,40.54612],[-99.68,40.56104],[-99.66133,40.56072],[-99.66211,40.59792],[-99.6809,40.5977],[-99.68109,40.62691],[-99.66259,40.62654],[-99.66258,40.64111],[-99.64344,40.64114],[-99.64344,40.67005],[-99.65381,40.66996],[-99.65381,40.67648],[-99.64325,40.67721],[-99.64346,40.68491],[-99.6223,40.6861],[-99.60029,40.67979],[-99.58639,40.67802],[-99.58644,40.67107],[-99.56724,40.67119],[-99.56696,40.66391],[-99.58635,40.66369],[-99.5863,40.65636],[-99.56673,40.6568],[-99.5672,40.64159],[-99.53027,40.64101],[-99.53054,40.59745],[-99.54902,40.59735],[-99.54925,40.58281],[-99.53061,40.58294],[-99.53067,40.56971],[-99.54011,40.56847],[-99.53988,40.55388],[-99.53073,40.55388],[-99.53088,40.52479],[-99.5495,40.52473],[-99.55005,40.51009],[-99.56757,40.51097],[-99.56847,40.52469],[-99.58739,40.52467],[-99.58682,40.4524],[-99.54881,40.45326],[-99.54959,40.43685],[-99.57828,40.43719],[-99.5789,40.39373],[-99.57593,40.35121],[-99.64221,40.3512],[-99.64265,40.36571],[-99.66161,40.36557],[-99.66197,40.37974],[-99.71668,40.3801],[-99.71955,40.39381],[-99.73864,40.39363],[-99.73966,40.42357]]]}},{"type":"Feature","id":"68939","properties":{"zip":"68939","pop":null,"city":"","county":"Franklin","state":"Nebraska","area":102.7,"lat":40.10979,"lon":-98.96167},"geometry":{"type":"Polygon","coordinates":[[[-99.12928,40.05369],[-99.11955,40.05289],[-99.09644,40.05667],[-99.09505,40.06016],[-99.06208,40.06047],[-99.0393,40.06503],[-99.03759,40.06963],[-99.03748,40.08499],[-99.03619,40.08498],[-99.03746,40.08907],[-99.01373,40.08897],[-99.01371,40.0924],[-99.0094,40.09254],[-99.0094,40.11793],[-98.98581,40.11786],[-98.98581,40.13247],[-98.97174,40.13227],[-98.97157,40.17598],[-99.03395,40.17598],[-99.03388,40.18325],[-99.02766,40.18324],[-99.02776,40.19041],[-99.03539,40.19049],[-99.03524,40.19731],[-99.02266,40.20514],[-99.01786,40.20511],[-99.01905,40.23448],[-98.99049,40.23421],[-98.99048,40.22703],[-98.9951,40.22707],[-98.99527,40.22348],[-98.99974,40.22346],[-98.99987,40.21975],[-98.97159,40.21959],[-98.95239,40.21962],[-98.95237,40.23421],[-98.9153,40.23419],[-98.91531,40.24149],[-98.94315,40.24138],[-98.94307,40.24869],[-98.95237,40.24882],[-98.9523,40.26342],[-98.89652,40.26318],[-98.89652,40.17585],[-98.83983,40.17572],[-98.83939,40.0962],[-98.80123,40.09686],[-98.80126,40.08979],[-98.78851,40.08983],[-98.80046,40.08637],[-98.81932,40.0885],[-98.82766,40.08033],[-98.83466,40.07681],[-98.83984,40.08246],[-98.8523,40.08239],[-98.87535,40.08911],[-98.95235,40.08942],[-98.95288,40.07437],[-98.91495,40.07683],[-98.91495,40.00224],[-99.12307,40.00216],[-99.12249,40.02899],[-99.12714,40.03435],[-99.12928,40.05369]]]}},{"type":"Feature","id":"68621","properties":{"zip":"68621","pop":null,"city":"","county":"Dodge","state":"Nebraska","area":25.31,"lat":41.48948,"lon":-96.63916},"geometry":{"type":"Polygon","coordinates":[[[-96.71309,41.56808],[-96.67437,41.56798],[-96.67435,41.5535],[-96.65546,41.55364],[-96.65545,41.54635],[-96.63622,41.54634],[-96.6356,41.52457],[-96.61631,41.52445],[-96.61669,41.50994],[-96.59733,41.50974],[-96.59738,41.49522],[-96.57807,41.49516],[-96.57799,41.45447],[-96.57435,41.45437],[-96.57381,41.4515],[-96.55869,41.45146],[-96.55868,41.44693],[-96.5985,41.44999],[-96.59865,41.44741],[-96.6004,41.44818],[-96.60604,41.44426],[-96.6036,41.44204],[-96.60573,41.43357],[-96.634,41.43436],[-96.64033,41.43618],[-96.65573,41.42941],[-96.67434,41.42618],[-96.67433,41.4445],[-96.65789,41.44595],[-96.69237,41.46624],[-96.67409,41.46639],[-96.67432,41.54624],[-96.70327,41.54638],[-96.70325,41.55364],[-96.71292,41.55364],[-96.71309,41.56808]]]}},{"type":"Feature","id":"68622","properties":{"zip":"68622","pop":null,"city":"","county":"Wheeler","state":"Nebraska","area":226.48,"lat":41.92202,"lon":-98.53304},"geometry":{"type":"Polygon","coordinates":[[[-98.76108,42.05847],[-98.74212,42.05869],[-98.74212,42.05172],[-98.7231,42.05172],[-98.7227,42.06495],[-98.7318,42.06525],[-98.73194,42.0733],[-98.72283,42.0734],[-98.7227,42.08076],[-98.71359,42.08096],[-98.71327,42.08851],[-98.65027,42.08859],[-98.64554,42.0825],[-98.64516,42.05769],[-98.64282,42.05388],[-98.54868,41.98674],[-98.36419,41.98735],[-98.36419,41.98013],[-98.35415,41.98026],[-98.35428,41.97285],[-98.33501,41.97296],[-98.33515,41.95853],[-98.29557,41.95853],[-98.29576,41.74118],[-98.31532,41.74112],[-98.31486,41.79938],[-98.37291,41.7987],[-98.37291,41.79366],[-98.38071,41.79872],[-98.4493,41.79855],[-98.45049,41.82756],[-98.50032,41.82742],[-98.50882,41.82932],[-98.51069,41.87094],[-98.54784,41.87089],[-98.54727,41.82706],[-98.70233,41.82672],[-98.70309,41.91356],[-98.76062,41.9138],[-98.76108,42.05847]]]}},{"type":"Feature","id":"68833","properties":{"zip":"68833","pop":null,"city":"","county":"Blaine","state":"Nebraska","area":307.15,"lat":41.80287,"lon":-100.09432},"geometry":{"type":"Polygon","coordinates":[[[-100.32809,41.73992],[-100.26547,41.73986],[-100.26626,41.90113],[-100.26323,41.90062],[-100.26317,41.90313],[-100.2663,41.90321],[-100.26637,41.90847],[-100.24401,41.90501],[-100.18509,41.88157],[-100.17053,41.8848],[-100.1586,41.90004],[-100.14965,41.89835],[-100.11205,41.8984],[-100.10068,41.90496],[-100.09158,41.90667],[-100.08679,41.9051],[-100.08302,41.90115],[-100.07213,41.89842],[-100.0535,41.89877],[-100.05338,41.90623],[-100.04421,41.91697],[-100.04308,41.92117],[-100.03003,41.9213],[-100.02862,41.92908],[-100.02998,41.94988],[-100.02783,41.95709],[-100.01449,41.9728],[-100.01505,41.99979],[-100.05126,41.99961],[-100.05508,42.00318],[-100.07215,42.00307],[-100.07282,42.00885],[-100.10198,42.01975],[-100.10617,42.02302],[-100.12071,42.01968],[-100.12072,42.02848],[-100.10449,42.02843],[-100.09205,42.02482],[-100.09122,42.08551],[-100.02431,42.08559],[-100.02427,42.07827],[-99.99551,42.0787],[-99.99517,42.07234],[-99.95699,42.0723],[-99.95675,42.05085],[-99.938,42.0512],[-99.93878,41.97202],[-99.95715,41.97239],[-99.95714,41.92819],[-99.93824,41.92825],[-99.93779,41.88475],[-99.91849,41.88489],[-99.91798,41.80259],[-99.91382,41.80049],[-99.8984,41.79948],[-99.88743,41.79484],[-99.87958,41.79627],[-99.86835,41.79124],[-99.85215,41.79114],[-99.8401,41.78378],[-99.83663,41.77899],[-99.8258,41.77485],[-99.80483,41.77303],[-99.80157,41.77056],[-99.80111,41.74027],[-100.00041,41.73913],[-100.00194,41.73719],[-99.9936,41.73033],[-100.00106,41.73045],[-100.00117,41.72651],[-100.01956,41.72673],[-100.01985,41.69766],[-100.09721,41.69767],[-100.09684,41.65356],[-100.08731,41.65372],[-100.08758,41.63935],[-100.10421,41.63537],[-100.11637,41.63788],[-100.11642,41.61367],[-100.09722,41.61407],[-100.09753,41.56725],[-100.19397,41.56683],[-100.19386,41.58999],[-100.19952,41.60003],[-100.19968,41.60841],[-100.20124,41.60963],[-100.24102,41.61046],[-100.25292,41.61738],[-100.25281,41.62486],[-100.30836,41.62525],[-100.30818,41.68262],[-100.32898,41.68298],[-100.32809,41.73992]]]}},{"type":"Feature","id":"68835","properties":{"zip":"68835","pop":null,"city":"","county":"Howard","state":"Nebraska","area":73.99,"lat":41.33331,"lon":-98.6177},"geometry":{"type":"Polygon","coordinates":[[[-98.74661,41.35135],[-98.74551,41.37237],[-98.72754,41.37241],[-98.7201,41.36406],[-98.71777,41.36552],[-98.68919,41.36542],[-98.68666,41.39406],[-98.63583,41.39398],[-98.63783,41.40495],[-98.63586,41.40745],[-98.63585,41.42292],[-98.60536,41.42265],[-98.59752,41.42645],[-98.59765,41.45149],[-98.55934,41.45241],[-98.55908,41.43787],[-98.57843,41.43729],[-98.5785,41.39403],[-98.58316,41.39402],[-98.58331,41.36564],[-98.54518,41.36551],[-98.5443,41.35831],[-98.53542,41.35797],[-98.53493,41.36478],[-98.51569,41.36511],[-98.51578,41.30698],[-98.47809,41.30688],[-98.47821,41.29929],[-98.48983,41.29932],[-98.48998,41.28621],[-98.49748,41.28619],[-98.4975,41.27851],[-98.47832,41.27855],[-98.47896,41.26728],[-98.48527,41.26664],[-98.49116,41.27062],[-98.50198,41.27392],[-98.51269,41.26759],[-98.51677,41.26703],[-98.52675,41.27376],[-98.55316,41.27939],[-98.5563,41.28569],[-98.55557,41.29307],[-98.56288,41.29347],[-98.56477,41.28996],[-98.5624,41.28569],[-98.5645,41.2857],[-98.56449,41.28387],[-98.56232,41.28168],[-98.56639,41.28168],[-98.56633,41.27938],[-98.56831,41.27856],[-98.55544,41.27103],[-98.55511,41.25678],[-98.57399,41.25671],[-98.57392,41.24971],[-98.61225,41.24928],[-98.61227,41.26378],[-98.65037,41.26442],[-98.65023,41.29323],[-98.67001,41.29309],[-98.67055,41.27872],[-98.70888,41.27913],[-98.70852,41.29301],[-98.71546,41.2991],[-98.71765,41.30467],[-98.7276,41.30798],[-98.74635,41.30813],[-98.74661,41.35135]]]}},{"type":"Feature","id":"68840","properties":{"zip":"68840","pop":null,"city":"","county":"Buffalo","state":"Nebraska","area":116.61,"lat":40.75725,"lon":-98.88027},"geometry":{"type":"Polygon","coordinates":[[[-99.0277,40.65843],[-99.02767,40.66106],[-99.00853,40.66714],[-99.00851,40.67036],[-99.00332,40.67029],[-99.00012,40.6736],[-98.98955,40.67619],[-98.9895,40.67995],[-98.97057,40.68237],[-98.96944,40.70647],[-98.95529,40.70643],[-98.95518,40.71371],[-98.9504,40.71364],[-98.95018,40.78612],[-98.96923,40.7862],[-98.96928,40.81528],[-98.95961,40.81528],[-98.9596,40.81888],[-98.96925,40.81891],[-98.96922,40.82256],[-98.9884,40.82254],[-98.9884,40.8552],[-98.97879,40.85522],[-98.9788,40.85159],[-98.96919,40.85162],[-98.96919,40.86606],[-98.97875,40.86608],[-98.97872,40.87337],[-98.9501,40.87301],[-98.95013,40.8875],[-98.92196,40.88753],[-98.92206,40.88271],[-98.91887,40.87953],[-98.91939,40.87313],[-98.85508,40.87313],[-98.85526,40.88753],[-98.83602,40.88746],[-98.83601,40.87298],[-98.79816,40.87316],[-98.79769,40.82962],[-98.75974,40.82964],[-98.7598,40.81514],[-98.77877,40.81513],[-98.7789,40.79705],[-98.76936,40.79706],[-98.76939,40.7866],[-98.75987,40.78617],[-98.75994,40.77335],[-98.77894,40.76816],[-98.77893,40.77888],[-98.79325,40.7789],[-98.79336,40.77163],[-98.79809,40.77164],[-98.79807,40.76292],[-98.81704,40.75772],[-98.81722,40.7425],[-98.79811,40.74252],[-98.79806,40.70838],[-98.78316,40.70956],[-98.78099,40.70573],[-98.80044,40.69684],[-98.81592,40.69279],[-98.8219,40.68753],[-98.84159,40.67855],[-98.84772,40.67779],[-98.84767,40.66638],[-98.84146,40.66998],[-98.83329,40.67028],[-98.82593,40.67497],[-98.80363,40.67568],[-98.80057,40.67777],[-98.80056,40.66949],[-98.81962,40.66931],[-98.81947,40.64049],[-98.80045,40.64042],[-98.80029,40.61129],[-98.87601,40.61095],[-98.87589,40.64062],[-98.95142,40.64101],[-98.95154,40.65937],[-99.00036,40.66035],[-99.02771,40.65576],[-99.0277,40.65843]]]}},{"type":"Feature","id":"68922","properties":{"zip":"68922","pop":null,"city":"","county":"Furnas","state":"Nebraska","area":122.56,"lat":40.33664,"lon":-99.8997},"geometry":{"type":"Polygon","coordinates":[[[-99.9895,40.32196],[-99.98627,40.32212],[-99.98627,40.33596],[-99.96787,40.33609],[-99.96807,40.35124],[-99.98119,40.35123],[-99.98131,40.46742],[-99.92476,40.46697],[-99.92484,40.47968],[-99.92222,40.4815],[-99.86809,40.48179],[-99.84982,40.48171],[-99.84962,40.46719],[-99.83071,40.46722],[-99.83044,40.42353],[-99.81162,40.42356],[-99.81157,40.40904],[-99.83037,40.40903],[-99.82975,40.39451],[-99.79267,40.39453],[-99.79246,40.37327],[-99.79405,40.37266],[-99.79422,40.36799],[-99.79245,40.36514],[-99.79231,40.35106],[-99.80074,40.35107],[-99.79935,40.2841],[-99.82954,40.28918],[-99.85521,40.29899],[-99.85521,40.20471],[-99.86361,40.20579],[-99.86369,40.21324],[-99.87354,40.21326],[-99.87332,40.17529],[-99.89207,40.17539],[-99.89469,40.16099],[-99.91382,40.16082],[-99.91078,40.17547],[-99.96687,40.17603],[-99.96776,40.24844],[-99.98729,40.24848],[-99.98646,40.27819],[-99.96797,40.2776],[-99.96832,40.32159],[-99.9895,40.32196]]]}},{"type":"Feature","id":"68843","properties":{"zip":"68843","pop":null,"city":"","county":"Hamilton","state":"Nebraska","area":60.59,"lat":40.90338,"lon":-97.88019},"geometry":{"type":"Polygon","coordinates":[[[-97.95927,40.81434],[-97.94994,40.81434],[-97.94996,40.82201],[-97.94029,40.82185],[-97.94037,40.86973],[-97.92149,40.87252],[-97.92148,40.90887],[-97.94047,40.90885],[-97.94054,40.93771],[-97.93116,40.9378],[-97.9313,40.95934],[-97.92656,40.95934],[-97.92653,40.96665],[-97.92168,40.96666],[-97.9213,41.00306],[-97.89343,41.00311],[-97.89351,41.01035],[-97.88405,41.01041],[-97.88414,41.01764],[-97.86464,41.01906],[-97.86463,41.01758],[-97.82624,41.0174],[-97.82614,40.95943],[-97.84526,40.95939],[-97.84543,40.94505],[-97.82612,40.94492],[-97.82611,40.9014],[-97.80752,40.90145],[-97.8071,40.85797],[-97.826,40.85821],[-97.82591,40.84343],[-97.86451,40.84345],[-97.86432,40.8326],[-97.87359,40.83261],[-97.87361,40.82898],[-97.88313,40.82899],[-97.88312,40.82124],[-97.84498,40.82122],[-97.84493,40.81445],[-97.86405,40.81444],[-97.86391,40.78543],[-97.92113,40.78538],[-97.92126,40.81433],[-97.94023,40.81438],[-97.94017,40.79988],[-97.95907,40.79981],[-97.95927,40.81434]]]}},{"type":"Feature","id":"68878","properties":{"zip":"68878","pop":null,"city":"","county":"Dawson","state":"Nebraska","area":92.0,"lat":40.98632,"lon":-99.50571},"geometry":{"type":"Polygon","coordinates":[[[-99.62214,40.98863],[-99.5772,40.98875],[-99.57767,41.04546],[-99.57942,41.04844],[-99.57943,41.06239],[-99.58174,41.06832],[-99.57895,41.07894],[-99.5786,41.09617],[-99.55987,41.09829],[-99.55959,41.12775],[-99.55672,41.12751],[-99.55522,41.12427],[-99.55003,41.12412],[-99.5504,41.11959],[-99.54803,41.11911],[-99.5447,41.12201],[-99.54083,41.12039],[-99.54108,41.11726],[-99.53833,41.11667],[-99.53599,41.11084],[-99.53171,41.11098],[-99.53296,41.11282],[-99.52916,41.11376],[-99.52368,41.10901],[-99.52553,41.10601],[-99.51851,41.10407],[-99.51547,41.09921],[-99.5072,41.09572],[-99.5053,41.09279],[-99.50005,41.09572],[-99.49457,41.09566],[-99.49352,41.09449],[-99.49683,41.09166],[-99.49595,41.08998],[-99.48736,41.08931],[-99.48581,41.08392],[-99.47174,41.07948],[-99.46873,41.08161],[-99.46446,41.08134],[-99.46121,41.07397],[-99.458,41.07559],[-99.45813,41.07889],[-99.45578,41.07887],[-99.4447,41.07173],[-99.43909,41.07003],[-99.4343,41.07161],[-99.43415,41.06441],[-99.4306,41.06119],[-99.42111,41.06234],[-99.42587,41.05381],[-99.42378,41.0514],[-99.41257,41.05169],[-99.40875,41.05351],[-99.40547,41.05241],[-99.40909,41.04651],[-99.42599,41.04647],[-99.42575,40.87309],[-99.53947,40.87235],[-99.53964,40.88672],[-99.55873,40.88714],[-99.55864,40.90102],[-99.57788,40.90094],[-99.57627,40.92155],[-99.57021,40.92755],[-99.56778,40.94531],[-99.5965,40.9454],[-99.5962,40.9671],[-99.62214,40.98863]]]}},{"type":"Feature","id":"68879","properties":{"zip":"68879","pop":null,"city":"","county":"Loup","state":"Nebraska","area":136.5,"lat":41.87417,"lon":-99.50103},"geometry":{"type":"Polygon","coordinates":[[[-99.68643,41.95996],[-99.60908,41.95938],[-99.60896,41.97199],[-99.45412,41.97191],[-99.45386,42.01096],[-99.38784,41.95277],[-99.38601,41.94938],[-99.38732,41.92766],[-99.38389,41.90595],[-99.38398,41.88254],[-99.37982,41.83397],[-99.37977,41.79906],[-99.37606,41.79905],[-99.37595,41.75787],[-99.37811,41.75573],[-99.37851,41.76305],[-99.37992,41.76295],[-99.37971,41.74151],[-99.45357,41.74122],[-99.45382,41.75581],[-99.52181,41.75557],[-99.52167,41.7702],[-99.53141,41.77013],[-99.53151,41.79924],[-99.61007,41.79875],[-99.61014,41.82808],[-99.59113,41.82813],[-99.59113,41.85781],[-99.61978,41.88396],[-99.63922,41.89788],[-99.66541,41.90687],[-99.68647,41.90723],[-99.68643,41.95996]]]}},{"type":"Feature","id":"68524","properties":{"zip":"68524","pop":null,"city":"Lincoln","county":"Lancaster","state":"Nebraska","area":22.45,"lat":40.87145,"lon":-96.80274},"geometry":{"type":"Polygon","coordinates":[[[-96.91058,40.84295],[-96.89197,40.843],[-96.8919,40.85889],[-96.89466,40.8587],[-96.89601,40.86138],[-96.8994,40.86082],[-96.90204,40.86929],[-96.90115,40.87197],[-96.89151,40.87195],[-96.89168,40.88641],[-96.87245,40.88668],[-96.87241,40.87193],[-96.86285,40.87192],[-96.86305,40.85749],[-96.79602,40.85727],[-96.79591,40.87181],[-96.8151,40.87175],[-96.81528,40.88222],[-96.81499,40.88653],[-96.79618,40.88763],[-96.79553,40.9298],[-96.73907,40.92981],[-96.73913,40.90075],[-96.74876,40.90078],[-96.74873,40.89353],[-96.73912,40.89346],[-96.73936,40.88404],[-96.74116,40.88144],[-96.74396,40.88185],[-96.74394,40.88369],[-96.74873,40.88373],[-96.74878,40.87967],[-96.76483,40.87939],[-96.76488,40.87344],[-96.7443,40.86014],[-96.74362,40.84531],[-96.73973,40.83913],[-96.74585,40.83182],[-96.75541,40.83223],[-96.75799,40.8253],[-96.76448,40.82421],[-96.76693,40.82699],[-96.76695,40.83938],[-96.76831,40.84076],[-96.76831,40.8387],[-96.77059,40.84046],[-96.77783,40.84047],[-96.77784,40.8357],[-96.80013,40.83551],[-96.80415,40.84138],[-96.79734,40.84138],[-96.79733,40.84276],[-96.80569,40.8428],[-96.8059,40.82829],[-96.81557,40.8283],[-96.81463,40.8329],[-96.81823,40.83659],[-96.86231,40.83692],[-96.87083,40.8342],[-96.87527,40.8357],[-96.9106,40.83574],[-96.91058,40.84295]]]}},{"type":"Feature","id":"68901","properties":{"zip":"68901","pop":null,"city":"Hastings","county":"Adams","state":"Nebraska","area":114.71,"lat":40.59088,"lon":-98.36597},"geometry":{"type":"Polygon","coordinates":[[[-98.49683,40.53902],[-98.478,40.53904],[-98.47801,40.5681],[-98.45894,40.5681],[-98.45882,40.59861],[-98.44045,40.59772],[-98.44192,40.60225],[-98.43966,40.60224],[-98.43948,40.64048],[-98.47747,40.64067],[-98.47725,40.69857],[-98.4737,40.69856],[-98.47349,40.70589],[-98.45925,40.70585],[-98.45915,40.71305],[-98.45437,40.71304],[-98.45441,40.69852],[-98.41623,40.69845],[-98.41626,40.71293],[-98.35906,40.71289],[-98.35918,40.69838],[-98.33529,40.69836],[-98.33549,40.68407],[-98.31635,40.68397],[-98.31637,40.66947],[-98.33553,40.66954],[-98.33555,40.66229],[-98.33556,40.65504],[-98.31639,40.65495],[-98.31641,40.64043],[-98.26038,40.64034],[-98.26012,40.58226],[-98.16539,40.58273],[-98.16536,40.53924],[-98.27827,40.53875],[-98.27823,40.52426],[-98.29726,40.5243],[-98.29754,40.53536],[-98.30423,40.53882],[-98.35452,40.53895],[-98.35431,40.50987],[-98.37321,40.50997],[-98.37302,40.49545],[-98.35405,40.49537],[-98.35378,40.48085],[-98.40194,40.48085],[-98.40204,40.49535],[-98.42099,40.49514],[-98.42095,40.48053],[-98.47776,40.48101],[-98.478,40.4954],[-98.49674,40.49546],[-98.49683,40.53902]]]}},{"type":"Feature","id":"68527","properties":{"zip":"68527","pop":null,"city":"Lincoln","county":"Lancaster","state":"Nebraska","area":22.39,"lat":40.84575,"lon":-96.51745},"geometry":{"type":"Polygon","coordinates":[[[-96.58921,40.82209],[-96.58712,40.8251],[-96.58671,40.84242],[-96.58193,40.84231],[-96.58187,40.84985],[-96.58665,40.85004],[-96.58658,40.85721],[-96.56755,40.85641],[-96.56751,40.87086],[-96.54005,40.87078],[-96.54,40.88525],[-96.48278,40.88542],[-96.48291,40.87094],[-96.44527,40.87097],[-96.44618,40.84182],[-96.46372,40.84197],[-96.46373,40.81295],[-96.58698,40.8131],[-96.58921,40.82209]]]}},{"type":"Feature","id":"68929","properties":{"zip":"68929","pop":null,"city":"","county":"Franklin","state":"Nebraska","area":45.67,"lat":40.15244,"lon":-99.07122},"geometry":{"type":"Polygon","coordinates":[[[-99.17926,40.21996],[-99.12293,40.21972],[-99.12302,40.1976],[-99.06033,40.19753],[-99.06036,40.20511],[-99.04737,40.20496],[-99.04719,40.19174],[-99.02776,40.19041],[-99.02766,40.18324],[-99.03388,40.18325],[-99.03395,40.17598],[-98.97157,40.17598],[-98.97174,40.13227],[-98.98581,40.13247],[-98.98581,40.11786],[-99.0094,40.11793],[-99.0094,40.09254],[-99.01371,40.0924],[-99.01373,40.08897],[-99.03746,40.08907],[-99.03619,40.08498],[-99.03748,40.08499],[-99.03759,40.06963],[-99.0393,40.06503],[-99.0662,40.06029],[-99.06628,40.10377],[-99.10395,40.10371],[-99.10445,40.14718],[-99.14158,40.14719],[-99.1419,40.15422],[-99.15851,40.1544],[-99.16111,40.16041],[-99.16053,40.17633],[-99.1792,40.17638],[-99.17926,40.21996]]]}},{"type":"Feature","id":"68932","properties":{"zip":"68932","pop":null,"city":"","county":"Franklin","state":"Nebraska","area":72.28,"lat":40.30252,"lon":-98.73849},"geometry":{"type":"Polygon","coordinates":[[[-98.84005,40.26293],[-98.82068,40.26289],[-98.82125,40.30607],[-98.80254,40.30606],[-98.80284,40.33517],[-98.81221,40.33515],[-98.81245,40.35037],[-98.79984,40.35033],[-98.80003,40.39395],[-98.78118,40.39395],[-98.78112,40.37942],[-98.74328,40.37948],[-98.74295,40.423],[-98.724,40.42284],[-98.72407,40.43729],[-98.70513,40.43727],[-98.70516,40.42291],[-98.68588,40.42283],[-98.68604,40.36484],[-98.66697,40.36479],[-98.66705,40.35031],[-98.68914,40.35033],[-98.68954,40.33546],[-98.70857,40.33548],[-98.70853,40.3063],[-98.65151,40.3067],[-98.65153,40.24857],[-98.6893,40.24858],[-98.68868,40.16908],[-98.70754,40.16909],[-98.70727,40.16204],[-98.72006,40.16208],[-98.72,40.16964],[-98.72609,40.16964],[-98.72611,40.23423],[-98.83994,40.23347],[-98.84005,40.26293]]]}},{"type":"Feature","id":"68935","properties":{"zip":"68935","pop":null,"city":"","county":"Clay","state":"Nebraska","area":92.63,"lat":40.38059,"lon":-97.95859},"geometry":{"type":"Polygon","coordinates":[[[-98.08595,40.35053],[-98.05215,40.35065],[-98.05185,40.37969],[-98.03302,40.3797],[-98.03303,40.45229],[-98.05142,40.45229],[-98.05146,40.4668],[-97.97598,40.46655],[-97.97598,40.48105],[-97.91934,40.48102],[-97.91938,40.50315],[-97.9004,40.50318],[-97.90028,40.46657],[-97.86225,40.46651],[-97.8623,40.42317],[-97.88134,40.42308],[-97.88132,40.42712],[-97.88616,40.42719],[-97.88613,40.42307],[-97.90026,40.42304],[-97.90024,40.40852],[-97.88131,40.40856],[-97.8813,40.39405],[-97.86231,40.39411],[-97.86221,40.35051],[-97.8593,40.35051],[-97.85878,40.30731],[-97.87786,40.30723],[-97.87781,40.29266],[-97.98191,40.29259],[-97.98193,40.28012],[-97.98495,40.27808],[-97.98535,40.28086],[-97.98308,40.28127],[-97.9826,40.2834],[-97.98425,40.28694],[-97.99572,40.2896],[-98.00903,40.28638],[-98.01385,40.29034],[-98.00933,40.29814],[-98.02035,40.29817],[-98.03105,40.30685],[-98.03571,40.30504],[-98.04023,40.3075],[-98.08587,40.30756],[-98.08595,40.35053]]]}},{"type":"Feature","id":"68528","properties":{"zip":"68528","pop":null,"city":"Lincoln","county":"Lancaster","state":"Nebraska","area":13.01,"lat":40.82241,"lon":-96.81754},"geometry":{"type":"Polygon","coordinates":[[[-96.91637,40.82086],[-96.91618,40.82844],[-96.91062,40.82941],[-96.9106,40.83574],[-96.87527,40.8357],[-96.87083,40.8342],[-96.86231,40.83692],[-96.81823,40.83659],[-96.81463,40.8329],[-96.81557,40.8283],[-96.8059,40.82829],[-96.80569,40.8428],[-96.79733,40.84276],[-96.79734,40.84138],[-96.80415,40.84138],[-96.80013,40.83551],[-96.77784,40.8357],[-96.77783,40.84047],[-96.77059,40.84046],[-96.76831,40.8387],[-96.76831,40.84076],[-96.76695,40.83938],[-96.76693,40.82699],[-96.76448,40.82421],[-96.75799,40.8253],[-96.75738,40.83024],[-96.7537,40.83293],[-96.73066,40.82977],[-96.71214,40.83368],[-96.71216,40.8287],[-96.7166,40.82591],[-96.71817,40.82126],[-96.72281,40.81679],[-96.72381,40.80635],[-96.74453,40.8028],[-96.74903,40.8045],[-96.75302,40.80999],[-96.73565,40.8118],[-96.73315,40.8137],[-96.77795,40.8137],[-96.77798,40.80805],[-96.78451,40.80659],[-96.79629,40.80789],[-96.80838,40.81367],[-96.81568,40.81374],[-96.81569,40.81013],[-96.82534,40.81066],[-96.82785,40.80653],[-96.83491,40.8066],[-96.83491,40.81025],[-96.84435,40.81024],[-96.84435,40.81388],[-96.85959,40.81389],[-96.86335,40.81085],[-96.86335,40.8139],[-96.87294,40.81393],[-96.87294,40.80566],[-96.88313,40.80161],[-96.89208,40.8069],[-96.89209,40.81388],[-96.91069,40.81392],[-96.91066,40.82059],[-96.9204,40.82095],[-96.91637,40.82086]]]}},{"type":"Feature","id":"68663","properties":{"zip":"68663","pop":null,"city":"","county":"Merrick","state":"Nebraska","area":77.53,"lat":41.31186,"lon":-97.6992},"geometry":{"type":"Polygon","coordinates":[[[-97.84898,41.32158],[-97.82982,41.32176],[-97.82999,41.38935],[-97.82394,41.39141],[-97.82114,41.38946],[-97.8115,41.3893],[-97.81115,41.37996],[-97.79175,41.37997],[-97.79172,41.35102],[-97.70403,41.35195],[-97.70377,41.39488],[-97.59846,41.39507],[-97.59816,41.30822],[-97.57978,41.30824],[-97.5798,41.26458],[-97.59801,41.26457],[-97.59801,41.27912],[-97.61727,41.27908],[-97.61727,41.27621],[-97.62666,41.27548],[-97.62672,41.26454],[-97.63657,41.2645],[-97.63641,41.25001],[-97.65565,41.24997],[-97.65557,41.24308],[-97.67966,41.24295],[-97.67984,41.23569],[-97.69408,41.23556],[-97.69476,41.22102],[-97.71388,41.22101],[-97.71373,41.18826],[-97.733,41.1882],[-97.73309,41.19185],[-97.7381,41.19185],[-97.73811,41.19569],[-97.733,41.1957],[-97.73299,41.19785],[-97.75232,41.19543],[-97.75256,41.22648],[-97.74856,41.23033],[-97.7429,41.23183],[-97.74298,41.24183],[-97.75055,41.25178],[-97.73639,41.26225],[-97.74342,41.26431],[-97.74313,41.27078],[-97.75293,41.2707],[-97.75297,41.27869],[-97.77269,41.27821],[-97.77299,41.29274],[-97.79131,41.29301],[-97.79125,41.30824],[-97.84863,41.3078],[-97.84898,41.32158]]]}},{"type":"Feature","id":"68669","properties":{"zip":"68669","pop":null,"city":"","county":"Butler","state":"Nebraska","area":46.95,"lat":41.07787,"lon":-97.23612},"geometry":{"type":"Polygon","coordinates":[[[-97.36813,41.08327],[-97.36812,41.09772],[-97.31079,41.09763],[-97.31061,41.09028],[-97.29151,41.09014],[-97.29145,41.07938],[-97.28188,41.07932],[-97.28187,41.07577],[-97.27959,41.07575],[-97.27947,41.06847],[-97.27234,41.06846],[-97.27267,41.10471],[-97.26314,41.10493],[-97.26317,41.11219],[-97.25848,41.1123],[-97.25839,41.11957],[-97.23472,41.11911],[-97.23436,41.1341],[-97.21518,41.13408],[-97.21507,41.14859],[-97.17691,41.14829],[-97.17707,41.11899],[-97.1576,41.11896],[-97.15765,41.10448],[-97.13841,41.10462],[-97.13817,41.07555],[-97.11912,41.07544],[-97.11905,41.04644],[-97.10058,41.04642],[-97.10133,41.03866],[-97.11149,41.03869],[-97.11152,41.03214],[-97.12057,41.03219],[-97.12063,41.04645],[-97.15832,41.0465],[-97.15837,41.02497],[-97.17781,41.02495],[-97.17758,41.04651],[-97.25351,41.04667],[-97.2537,41.03249],[-97.33051,41.0325],[-97.33048,41.04687],[-97.36812,41.04695],[-97.36813,41.08327]]]}},{"type":"Feature","id":"68665","properties":{"zip":"68665","pop":null,"city":"","county":"Greeley","state":"Nebraska","area":130.99,"lat":41.70551,"lon":-98.41453},"geometry":{"type":"Polygon","coordinates":[[[-98.54784,41.87089],[-98.50957,41.87029],[-98.50992,41.84202],[-98.50782,41.82847],[-98.45049,41.82756],[-98.4493,41.79855],[-98.38071,41.79872],[-98.37291,41.79366],[-98.37291,41.7987],[-98.31486,41.79938],[-98.31532,41.74112],[-98.29094,41.74121],[-98.29103,41.68323],[-98.31058,41.68318],[-98.31049,41.66871],[-98.29105,41.66877],[-98.29113,41.64702],[-98.33907,41.647],[-98.33929,41.65402],[-98.34896,41.65413],[-98.34881,41.618],[-98.31067,41.61789],[-98.31036,41.62468],[-98.30095,41.62524],[-98.30071,41.62902],[-98.29116,41.62696],[-98.29131,41.56738],[-98.42512,41.56747],[-98.42521,41.59608],[-98.43443,41.59609],[-98.43475,41.60311],[-98.44431,41.60317],[-98.44432,41.59621],[-98.44918,41.59621],[-98.44908,41.61042],[-98.46337,41.61044],[-98.46338,41.61737],[-98.45374,41.61747],[-98.45384,41.63211],[-98.46387,41.6321],[-98.46403,41.64673],[-98.47354,41.64666],[-98.47353,41.6541],[-98.52134,41.65447],[-98.52135,41.68335],[-98.54094,41.68335],[-98.54658,41.7405],[-98.52735,41.74058],[-98.52825,41.82754],[-98.54727,41.82706],[-98.54784,41.87089]]]}},{"type":"Feature","id":"68643","properties":{"zip":"68643","pop":null,"city":"","county":"Platte","state":"Nebraska","area":74.45,"lat":41.70234,"lon":-97.25919},"geometry":{"type":"Polygon","coordinates":[[[-97.33009,41.74321],[-97.32925,41.77216],[-97.31007,41.77223],[-97.3101,41.78665],[-97.30095,41.78663],[-97.30094,41.79397],[-97.29107,41.79396],[-97.29104,41.81553],[-97.31027,41.8156],[-97.31051,41.82302],[-97.30132,41.82292],[-97.30114,41.83002],[-97.32939,41.83001],[-97.32947,41.83753],[-97.31944,41.83763],[-97.31962,41.84101],[-97.31016,41.84087],[-97.31024,41.83758],[-97.3009,41.83761],[-97.30107,41.83002],[-97.29069,41.83003],[-97.29078,41.83764],[-97.28585,41.83765],[-97.28581,41.84457],[-97.23318,41.84469],[-97.23293,41.81539],[-97.2136,41.81541],[-97.2135,41.7865],[-97.20875,41.7865],[-97.20887,41.77243],[-97.20384,41.77243],[-97.20414,41.76505],[-97.21342,41.765],[-97.21338,41.75752],[-97.2089,41.75752],[-97.20883,41.7506],[-97.1941,41.75046],[-97.19455,41.72819],[-97.21407,41.72832],[-97.21401,41.65191],[-97.20393,41.65174],[-97.20401,41.64834],[-97.19945,41.64829],[-97.19943,41.64133],[-97.19444,41.64126],[-97.19442,41.63087],[-97.19443,41.62678],[-97.19896,41.62682],[-97.19881,41.61632],[-97.19447,41.61624],[-97.1946,41.5834],[-97.21393,41.58342],[-97.21415,41.55465],[-97.25256,41.55466],[-97.25256,41.56911],[-97.27719,41.56894],[-97.27834,41.57073],[-97.27562,41.57125],[-97.27891,41.57402],[-97.27574,41.57784],[-97.27849,41.57974],[-97.27579,41.58105],[-97.28009,41.58506],[-97.27774,41.58709],[-97.28022,41.58846],[-97.27769,41.59092],[-97.27955,41.58998],[-97.28114,41.59452],[-97.29104,41.59447],[-97.29104,41.59811],[-97.30078,41.59812],[-97.30096,41.61272],[-97.31054,41.61267],[-97.31063,41.6707],[-97.29143,41.67069],[-97.29147,41.68521],[-97.31064,41.68519],[-97.31073,41.69973],[-97.33,41.69977],[-97.33009,41.74321]]]}},{"type":"Feature","id":"68719","properties":{"zip":"68719","pop":null,"city":"","county":"Boyd","state":"Nebraska","area":38.01,"lat":42.96446,"lon":-98.57435},"geometry":{"type":"Polygon","coordinates":[[[-98.64572,43.03577],[-98.57763,43.03908],[-98.56023,43.04286],[-98.56414,43.04762],[-98.56414,43.05104],[-98.55748,43.05897],[-98.52487,43.03935],[-98.51125,43.02532],[-98.5021,43.01228],[-98.49906,43.00594],[-98.49855,42.99856],[-98.5451,42.99845],[-98.54535,42.8318],[-98.58716,42.83899],[-98.58723,42.84599],[-98.58475,42.84603],[-98.58464,42.90078],[-98.60439,42.90079],[-98.60438,42.92975],[-98.58468,42.92972],[-98.58466,42.9442],[-98.62412,42.94427],[-98.62411,42.97274],[-98.61427,42.97324],[-98.61428,42.99849],[-98.64547,42.99846],[-98.64572,43.03577]]]}},{"type":"Feature","id":"68659","properties":{"zip":"68659","pop":null,"city":"","county":"Colfax","state":"Nebraska","area":26.38,"lat":41.54394,"lon":-96.94441},"geometry":{"type":"Polygon","coordinates":[[[-97.00274,41.58317],[-96.96403,41.583],[-96.96395,41.59751],[-96.94462,41.59751],[-96.94453,41.61202],[-96.9253,41.61196],[-96.92538,41.62648],[-96.90603,41.62635],[-96.90602,41.61186],[-96.91575,41.61189],[-96.91581,41.60477],[-96.906,41.60479],[-96.90596,41.58288],[-96.92519,41.58296],[-96.92519,41.57945],[-96.92462,41.56847],[-96.90596,41.56836],[-96.90598,41.46371],[-96.92524,41.46152],[-96.92534,41.46688],[-96.94461,41.46691],[-96.9446,41.48132],[-96.96394,41.48136],[-96.96395,41.49587],[-96.94466,41.49584],[-96.94461,41.51036],[-96.96395,41.51039],[-96.96409,41.52491],[-97.00273,41.52501],[-97.00274,41.58317]]]}},{"type":"Feature","id":"68647","properties":{"zip":"68647","pop":null,"city":"","county":"Platte","state":"Nebraska","area":46.92,"lat":41.51966,"lon":-97.62012},"geometry":{"type":"Polygon","coordinates":[[[-97.70386,41.45375],[-97.70397,41.45555],[-97.69929,41.45777],[-97.6956,41.46299],[-97.69591,41.4831],[-97.67655,41.48294],[-97.67641,41.52668],[-97.69604,41.52658],[-97.696,41.54107],[-97.67666,41.54123],[-97.67714,41.56941],[-97.63855,41.56951],[-97.63879,41.61298],[-97.58127,41.61294],[-97.5811,41.58404],[-97.5943,41.58404],[-97.59186,41.58229],[-97.59293,41.58052],[-97.59029,41.57932],[-97.58432,41.57972],[-97.58167,41.57901],[-97.58119,41.57613],[-97.57387,41.57671],[-97.57144,41.57516],[-97.56957,41.56943],[-97.57637,41.56948],[-97.57598,41.56707],[-97.56301,41.55528],[-97.56251,41.54755],[-97.55658,41.54315],[-97.55654,41.54051],[-97.56155,41.5405],[-97.56136,41.50809],[-97.55164,41.50806],[-97.55166,41.50431],[-97.56133,41.50437],[-97.56133,41.49695],[-97.54189,41.49689],[-97.5407,41.48239],[-97.52263,41.48239],[-97.52307,41.47357],[-97.54196,41.47375],[-97.54199,41.46885],[-97.55677,41.46747],[-97.56638,41.46024],[-97.59216,41.46561],[-97.60043,41.46133],[-97.60773,41.45345],[-97.6138,41.45134],[-97.64932,41.45137],[-97.65444,41.44746],[-97.65456,41.44292],[-97.66378,41.438],[-97.67364,41.43928],[-97.67199,41.4395],[-97.6813,41.44413],[-97.68192,41.45466],[-97.68994,41.45307],[-97.70386,41.45375]]]}},{"type":"Feature","id":"68648","properties":{"zip":"68648","pop":null,"city":"","county":"Saunders","state":"Nebraska","area":30.36,"lat":41.40494,"lon":-96.78954},"geometry":{"type":"Polygon","coordinates":[[[-96.86995,41.39403],[-96.8674,41.39401],[-96.86733,41.42543],[-96.84801,41.42808],[-96.8476,41.44478],[-96.85169,41.44452],[-96.85465,41.44567],[-96.83376,41.4457],[-96.8152,41.43959],[-96.79751,41.44471],[-96.78863,41.44452],[-96.7743,41.45007],[-96.74647,41.44958],[-96.73158,41.44484],[-96.71021,41.43068],[-96.70347,41.42995],[-96.69374,41.42574],[-96.69375,41.42258],[-96.71301,41.42262],[-96.7132,41.40812],[-96.73253,41.40816],[-96.73253,41.39365],[-96.73597,41.39366],[-96.73645,41.36532],[-96.75572,41.36534],[-96.75594,41.3507],[-96.79371,41.35054],[-96.79365,41.35782],[-96.80081,41.35786],[-96.80087,41.35057],[-96.80277,41.35059],[-96.804,41.35419],[-96.80786,41.3549],[-96.80803,41.35131],[-96.80798,41.35792],[-96.8032,41.35788],[-96.80317,41.36151],[-96.79361,41.36142],[-96.79357,41.36505],[-96.82235,41.36533],[-96.82234,41.36665],[-96.83203,41.36543],[-96.83191,41.37999],[-96.8705,41.37972],[-96.86995,41.39403]]]}},{"type":"Feature","id":"68660","properties":{"zip":"68660","pop":null,"city":"","county":"Boone","state":"Nebraska","area":98.89,"lat":41.57395,"lon":-97.86792},"geometry":{"type":"Polygon","coordinates":[[[-98.02298,41.57498],[-98.01342,41.57503],[-98.01337,41.58223],[-98.00396,41.58229],[-98.00401,41.58944],[-97.98453,41.58981],[-97.98458,41.59692],[-97.94612,41.59722],[-97.94614,41.60441],[-97.8889,41.60444],[-97.88903,41.61169],[-97.89376,41.61205],[-97.89385,41.61921],[-97.88925,41.62624],[-97.88874,41.68424],[-97.86941,41.68461],[-97.86935,41.69186],[-97.8742,41.69184],[-97.87413,41.69904],[-97.83076,41.6992],[-97.83082,41.68471],[-97.8123,41.68479],[-97.81264,41.65577],[-97.77404,41.65602],[-97.77358,41.64111],[-97.75444,41.64122],[-97.75438,41.61945],[-97.74483,41.61959],[-97.74484,41.62679],[-97.7352,41.62698],[-97.73516,41.61248],[-97.71576,41.61284],[-97.71567,41.57663],[-97.71938,41.57657],[-97.71958,41.58376],[-97.73482,41.58354],[-97.73476,41.56908],[-97.75403,41.56884],[-97.7541,41.58323],[-97.77332,41.58307],[-97.7733,41.57591],[-97.7829,41.57581],[-97.78306,41.56854],[-97.77329,41.56859],[-97.77268,41.5433],[-97.77753,41.54324],[-97.77753,41.53956],[-97.7919,41.5395],[-97.79147,41.52636],[-97.79814,41.52614],[-97.79417,41.52157],[-97.7907,41.5075],[-97.78048,41.48808],[-97.79158,41.48899],[-97.79616,41.49612],[-97.81109,41.49613],[-97.81083,41.5106],[-97.82988,41.51055],[-97.83008,41.48125],[-97.88797,41.48136],[-97.88784,41.46691],[-97.92645,41.46693],[-97.92649,41.48142],[-97.94564,41.48149],[-97.94457,41.5112],[-98.00314,41.5106],[-98.00342,41.53886],[-98.01307,41.53874],[-98.01314,41.54605],[-98.02275,41.54599],[-98.02298,41.57498]]]}},{"type":"Feature","id":"68022","properties":{"zip":"68022","pop":null,"city":"Omaha","county":"Douglas","state":"Nebraska","area":29.02,"lat":41.27723,"lon":-96.24554},"geometry":{"type":"Polygon","coordinates":[[[-96.30944,41.19261],[-96.29856,41.20159],[-96.29352,41.21028],[-96.28453,41.21613],[-96.27646,41.23341],[-96.27124,41.23458],[-96.26755,41.23774],[-96.26524,41.24943],[-96.25854,41.25832],[-96.27412,41.27279],[-96.27664,41.27951],[-96.2754,41.28647],[-96.28315,41.29363],[-96.2877,41.3063],[-96.2747,41.3062],[-96.27393,41.30929],[-96.27514,41.33533],[-96.28262,41.33543],[-96.28236,41.35612],[-96.26798,41.35708],[-96.2679,41.36433],[-96.23423,41.36421],[-96.23433,41.34979],[-96.2306,41.34981],[-96.23048,41.33897],[-96.20644,41.33907],[-96.2064,41.33543],[-96.23433,41.33531],[-96.23439,41.32084],[-96.18708,41.32097],[-96.18682,41.30647],[-96.19644,41.30645],[-96.19629,41.24849],[-96.23303,41.24722],[-96.23223,41.24373],[-96.23442,41.24348],[-96.23429,41.19035],[-96.30951,41.19011],[-96.30944,41.19261]]]}},{"type":"Feature","id":"68649","properties":{"zip":"68649","pop":null,"city":"","county":"Dodge","state":"Nebraska","area":78.66,"lat":41.50792,"lon":-96.78896},"geometry":{"type":"Polygon","coordinates":[[[-96.90598,41.53219],[-96.90598,41.53932],[-96.88688,41.53938],[-96.88679,41.55002],[-96.88045,41.55263],[-96.87465,41.55978],[-96.86757,41.56335],[-96.86736,41.58279],[-96.84805,41.58285],[-96.84806,41.59732],[-96.79007,41.59738],[-96.79008,41.56829],[-96.71309,41.56808],[-96.71292,41.55364],[-96.70325,41.55364],[-96.70327,41.54638],[-96.67432,41.54624],[-96.67409,41.46639],[-96.69237,41.46624],[-96.65789,41.44595],[-96.67433,41.4445],[-96.67434,41.42618],[-96.69244,41.42568],[-96.71021,41.43068],[-96.73158,41.44484],[-96.74647,41.44958],[-96.7743,41.45007],[-96.78863,41.44452],[-96.79751,41.44471],[-96.8152,41.43959],[-96.83376,41.4457],[-96.85296,41.44518],[-96.86199,41.44931],[-96.8842,41.45279],[-96.90586,41.45339],[-96.90598,41.53219]]]}},{"type":"Feature","id":"68651","properties":{"zip":"68651","pop":null,"city":"","county":"Polk","state":"Nebraska","area":91.29,"lat":41.22444,"lon":-97.57471},"geometry":{"type":"Polygon","coordinates":[[[-97.75226,41.18751],[-97.74365,41.18753],[-97.74257,41.19777],[-97.73299,41.19785],[-97.733,41.1957],[-97.73811,41.19569],[-97.7381,41.19185],[-97.73309,41.19185],[-97.733,41.1882],[-97.71373,41.18826],[-97.71388,41.22101],[-97.69476,41.22102],[-97.69408,41.23556],[-97.67984,41.23569],[-97.67966,41.24295],[-97.65557,41.24308],[-97.65565,41.24997],[-97.63641,41.25001],[-97.63657,41.2645],[-97.62672,41.26454],[-97.62666,41.27548],[-97.61727,41.27621],[-97.61727,41.27908],[-97.59801,41.27912],[-97.59801,41.26457],[-97.5798,41.26458],[-97.57978,41.30824],[-97.59816,41.30822],[-97.59822,41.32804],[-97.57011,41.337],[-97.50717,41.33728],[-97.50258,41.33941],[-97.50264,41.3082],[-97.46442,41.30824],[-97.46447,41.29391],[-97.47431,41.2938],[-97.47395,41.2647],[-97.48346,41.26469],[-97.48342,41.25014],[-97.46461,41.24985],[-97.46467,41.23558],[-97.4834,41.23561],[-97.48355,41.19951],[-97.47355,41.19935],[-97.47364,41.19199],[-97.46444,41.19204],[-97.46465,41.134],[-97.50315,41.13392],[-97.50308,41.14834],[-97.52229,41.14835],[-97.52231,41.14123],[-97.54153,41.14117],[-97.54152,41.14838],[-97.56058,41.14836],[-97.56057,41.15562],[-97.57975,41.15574],[-97.57971,41.16288],[-97.61771,41.16282],[-97.61769,41.1483],[-97.65609,41.1483],[-97.65595,41.17735],[-97.6751,41.17736],[-97.67519,41.16282],[-97.69436,41.16278],[-97.69437,41.14827],[-97.71351,41.1483],[-97.71358,41.16282],[-97.74276,41.16278],[-97.74278,41.17727],[-97.75212,41.17724],[-97.75226,41.18751]]]}},{"type":"Feature","id":"68653","properties":{"zip":"68653","pop":null,"city":"","county":"Platte","state":"Nebraska","area":42.35,"lat":41.55552,"lon":-97.48881},"geometry":{"type":"Polygon","coordinates":[[[-97.5943,41.58404],[-97.5811,41.58404],[-97.58129,41.59852],[-97.57169,41.59851],[-97.57165,41.59486],[-97.56675,41.59485],[-97.56669,41.59124],[-97.55705,41.59124],[-97.55717,41.59851],[-97.46517,41.59852],[-97.46515,41.61314],[-97.40733,41.61298],[-97.40697,41.59845],[-97.38759,41.59837],[-97.38757,41.58387],[-97.40697,41.58393],[-97.40701,41.56943],[-97.42645,41.5695],[-97.42639,41.55486],[-97.407,41.55506],[-97.40695,41.51862],[-97.43972,41.51857],[-97.43128,41.51305],[-97.43233,41.51065],[-97.43437,41.51315],[-97.43449,41.51067],[-97.43853,41.51143],[-97.44519,41.50691],[-97.44641,41.50944],[-97.4484,41.50807],[-97.44823,41.50955],[-97.45059,41.50886],[-97.45112,41.51044],[-97.45678,41.5105],[-97.45641,41.50898],[-97.45935,41.50856],[-97.46498,41.50966],[-97.46524,41.52596],[-97.48432,41.52642],[-97.48415,41.49692],[-97.49687,41.49692],[-97.50333,41.49921],[-97.50334,41.49694],[-97.52249,41.49675],[-97.52263,41.48239],[-97.5407,41.48239],[-97.54189,41.49689],[-97.56133,41.49695],[-97.56133,41.50437],[-97.55166,41.50431],[-97.55164,41.50806],[-97.56136,41.50809],[-97.56155,41.5405],[-97.55654,41.54051],[-97.55658,41.54315],[-97.56251,41.54755],[-97.56301,41.55528],[-97.57598,41.56707],[-97.57637,41.56948],[-97.56957,41.56943],[-97.57144,41.57516],[-97.57387,41.57671],[-97.58119,41.57613],[-97.58167,41.57901],[-97.58432,41.57972],[-97.59029,41.57932],[-97.59293,41.58052],[-97.59186,41.58229],[-97.5943,41.58404]]]}},{"type":"Feature","id":"68005","properties":{"zip":"68005","pop":null,"city":"Bellevue","county":"Sarpy","state":"Nebraska","area":14.97,"lat":41.14175,"lon":-95.89397},"geometry":{"type":"Polygon","coordinates":[[[-95.93956,41.17643],[-95.93786,41.18369],[-95.9313,41.18375],[-95.93346,41.19098],[-95.92331,41.1912],[-95.91829,41.1867],[-95.90969,41.1844],[-95.86479,41.1883],[-95.85679,41.1871],[-95.84409,41.1806],[-95.84129,41.175],[-95.84189,41.1711],[-95.84619,41.1667],[-95.85279,41.1654],[-95.86734,41.16873],[-95.87191,41.16812],[-95.88129,41.1599],[-95.88349,41.1549],[-95.88209,41.144],[-95.86869,41.1247],[-95.86589,41.1179],[-95.86545,41.10127],[-95.86259,41.0884],[-95.86546,41.08037],[-95.88138,41.0652],[-95.88214,41.05884],[-95.88346,41.06325],[-95.88221,41.06656],[-95.87264,41.07542],[-95.88984,41.08194],[-95.90814,41.08295],[-95.91266,41.08894],[-95.90913,41.09916],[-95.90597,41.10202],[-95.89242,41.10707],[-95.88951,41.11124],[-95.87808,41.11118],[-95.878,41.11849],[-95.90341,41.11925],[-95.90747,41.12157],[-95.90712,41.12825],[-95.90423,41.13392],[-95.9074,41.13343],[-95.90853,41.13611],[-95.92155,41.13638],[-95.92635,41.13548],[-95.92641,41.12584],[-95.92876,41.11867],[-95.935,41.11856],[-95.93559,41.13495],[-95.93889,41.14808],[-95.93469,41.15064],[-95.92729,41.1601],[-95.9261,41.17374],[-95.92727,41.17646],[-95.93956,41.17643]],[[-95.90731,41.13953],[-95.90252,41.13951],[-95.90161,41.14276],[-95.90507,41.14349],[-95.9048,41.14118],[-95.90735,41.14205],[-95.90731,41.13953]]]}},{"type":"Feature","id":"68638","properties":{"zip":"68638","pop":null,"city":"","county":"Nance","state":"Nebraska","area":117.06,"lat":41.36846,"lon":-97.98965},"geometry":{"type":"Polygon","coordinates":[[[-98.17482,41.30756],[-98.14586,41.30805],[-98.14529,41.32223],[-98.13619,41.32261],[-98.13506,41.38271],[-98.13712,41.38601],[-98.10643,41.37212],[-98.10602,41.39423],[-98.06115,41.39443],[-98.06115,41.44486],[-98.04218,41.44502],[-98.04215,41.43786],[-98.01314,41.43797],[-98.01315,41.45238],[-98.00343,41.45266],[-98.00314,41.5106],[-97.94457,41.5112],[-97.94564,41.48149],[-97.92649,41.48142],[-97.92638,41.45252],[-97.89777,41.45244],[-97.89746,41.44558],[-97.90727,41.44559],[-97.90746,41.4312],[-97.89759,41.43113],[-97.89763,41.39341],[-97.91247,41.38696],[-97.94453,41.38712],[-97.94447,41.36931],[-97.93551,41.3698],[-97.92293,41.37962],[-97.91651,41.38184],[-97.87985,41.37995],[-97.87263,41.38255],[-97.86145,41.39095],[-97.84947,41.39216],[-97.83512,41.38992],[-97.82986,41.39131],[-97.82982,41.32176],[-97.84898,41.32158],[-97.84863,41.3078],[-97.89827,41.30822],[-97.89794,41.29363],[-97.95428,41.29368],[-97.95434,41.28579],[-97.95924,41.28563],[-97.95916,41.27834],[-97.96413,41.27831],[-97.96411,41.26375],[-97.98331,41.2637],[-97.98346,41.27906],[-97.99299,41.27911],[-97.9929,41.28623],[-98.00252,41.28637],[-98.00249,41.2935],[-98.05314,41.29312],[-98.05313,41.27853],[-98.07891,41.27865],[-98.07884,41.28585],[-98.08854,41.28581],[-98.08848,41.27867],[-98.11654,41.27858],[-98.11664,41.29363],[-98.1257,41.28847],[-98.13157,41.29318],[-98.14301,41.29328],[-98.14901,41.29049],[-98.15478,41.28953],[-98.15496,41.29102],[-98.1658,41.28567],[-98.1658,41.29325],[-98.17508,41.29327],[-98.17482,41.30756]]]}},{"type":"Feature","id":"68007","properties":{"zip":"68007","pop":null,"city":"Bennington","county":"Douglas","state":"Nebraska","area":28.69,"lat":41.37183,"lon":-96.19528},"geometry":{"type":"Polygon","coordinates":[[[-96.27131,41.43675],[-96.25207,41.43664],[-96.25202,41.4149],[-96.23283,41.4149],[-96.2328,41.40765],[-96.21347,41.40766],[-96.21349,41.39607],[-96.20407,41.39475],[-96.20049,41.39479],[-96.20031,41.39746],[-96.20391,41.39775],[-96.20386,41.40765],[-96.15592,41.4077],[-96.15527,41.41606],[-96.14804,41.41924],[-96.14676,41.42227],[-96.13673,41.42221],[-96.13658,41.39314],[-96.13307,41.39316],[-96.13414,41.34221],[-96.12882,41.33563],[-96.12922,41.32846],[-96.13893,41.32848],[-96.13887,41.32111],[-96.23439,41.32084],[-96.23433,41.33531],[-96.2064,41.33543],[-96.20644,41.33907],[-96.23048,41.33897],[-96.2306,41.34981],[-96.23433,41.34979],[-96.23423,41.36421],[-96.2536,41.36437],[-96.25341,41.37898],[-96.26797,41.37895],[-96.26788,41.39314],[-96.27118,41.39592],[-96.27131,41.43675]]]}},{"type":"Feature","id":"68642","properties":{"zip":"68642","pop":null,"city":"","county":"Platte","state":"Nebraska","area":96.06,"lat":41.68718,"lon":-97.51234},"geometry":{"type":"Polygon","coordinates":[[[-97.6479,41.76455],[-97.63918,41.7647],[-97.63924,41.77168],[-97.56155,41.7719],[-97.56161,41.78635],[-97.50362,41.78635],[-97.50366,41.77189],[-97.46519,41.77215],[-97.46447,41.74309],[-97.39702,41.74316],[-97.39703,41.72833],[-97.40689,41.72737],[-97.40685,41.71434],[-97.38743,41.71419],[-97.39718,41.71412],[-97.39708,41.70619],[-97.38739,41.70607],[-97.38737,41.69971],[-97.37785,41.69972],[-97.37794,41.65628],[-97.4022,41.65637],[-97.40218,41.65277],[-97.40703,41.65282],[-97.40733,41.61298],[-97.46515,41.61314],[-97.46517,41.59852],[-97.55717,41.59851],[-97.55705,41.59124],[-97.56669,41.59124],[-97.56675,41.59485],[-97.57165,41.59486],[-97.57169,41.59851],[-97.58129,41.59852],[-97.58127,41.61294],[-97.63879,41.61298],[-97.63885,41.62747],[-97.62929,41.62756],[-97.62934,41.64188],[-97.60023,41.64199],[-97.6003,41.65649],[-97.61968,41.65646],[-97.61961,41.6856],[-97.60008,41.6856],[-97.59998,41.69766],[-97.5979,41.7001],[-97.58107,41.69995],[-97.58075,41.72167],[-97.61947,41.72194],[-97.61961,41.74277],[-97.63886,41.74272],[-97.63916,41.75718],[-97.6479,41.7572],[-97.6479,41.76455]]]}},{"type":"Feature","id":"68008","properties":{"zip":"68008","pop":null,"city":"Blair","county":"Washington","state":"Nebraska","area":93.49,"lat":41.54572,"lon":-96.17414},"geometry":{"type":"Polygon","coordinates":[[[-96.30973,41.59277],[-96.29041,41.59273],[-96.29018,41.61805],[-96.28064,41.61632],[-96.28066,41.61082],[-96.25169,41.61067],[-96.25619,41.61238],[-96.25329,41.61823],[-96.24062,41.62352],[-96.23401,41.62248],[-96.22882,41.61648],[-96.22438,41.61428],[-96.21305,41.61825],[-96.21296,41.62514],[-96.21764,41.62886],[-96.21768,41.63251],[-96.21285,41.63249],[-96.21284,41.63638],[-96.22021,41.6361],[-96.21724,41.64004],[-96.20797,41.64012],[-96.208,41.64336],[-96.19836,41.64337],[-96.19834,41.63976],[-96.17943,41.63977],[-96.17945,41.63243],[-96.17443,41.63243],[-96.17401,41.66118],[-96.14492,41.66102],[-96.14496,41.66827],[-96.13903,41.66824],[-96.13921,41.66099],[-96.13575,41.66097],[-96.13587,41.65373],[-96.11095,41.65389],[-96.09525,41.65028],[-96.09773,41.63963],[-96.1007,41.63551],[-96.11623,41.62157],[-96.11795,41.61736],[-96.11756,41.61],[-96.10939,41.59687],[-96.1015,41.59158],[-96.08868,41.58752],[-96.08184,41.58041],[-96.08241,41.57123],[-96.09361,41.55827],[-96.09659,41.5454],[-96.08981,41.53164],[-96.08265,41.52597],[-96.07416,41.52395],[-96.06458,41.51672],[-96.06465,41.5143],[-96.05961,41.50903],[-96.05946,41.5014],[-96.0598,41.49811],[-96.06282,41.49804],[-96.06823,41.50526],[-96.07872,41.50546],[-96.07869,41.50135],[-96.08244,41.50068],[-96.08435,41.49658],[-96.08831,41.49661],[-96.08825,41.4873],[-96.09362,41.48692],[-96.09115,41.48223],[-96.09191,41.48033],[-96.08614,41.47674],[-96.07881,41.47522],[-96.0804,41.47206],[-96.07876,41.46505],[-96.08336,41.45712],[-96.08128,41.45591],[-96.0789,41.44825],[-96.0789,41.43668],[-96.09819,41.43669],[-96.09819,41.42175],[-96.10279,41.42176],[-96.10578,41.41822],[-96.10248,41.41845],[-96.10248,41.41622],[-96.09819,41.41547],[-96.10122,41.41436],[-96.09821,41.4077],[-96.10401,41.40832],[-96.11188,41.4149],[-96.11742,41.4149],[-96.11745,41.40768],[-96.13666,41.40771],[-96.13673,41.42221],[-96.14676,41.42227],[-96.14804,41.41924],[-96.15527,41.41606],[-96.15583,41.41284],[-96.15587,41.44394],[-96.16953,41.44393],[-96.16951,41.45115],[-96.17501,41.45115],[-96.17494,41.47289],[-96.19764,41.47385],[-96.20206,41.49524],[-96.21054,41.50912],[-96.23261,41.5092],[-96.23266,41.49848],[-96.24236,41.49853],[-96.24236,41.50172],[-96.25187,41.50173],[-96.25183,41.50928],[-96.25861,41.50928],[-96.25866,41.51476],[-96.26157,41.51476],[-96.26147,41.5238],[-96.30968,41.52374],[-96.30972,41.56733],[-96.2904,41.56733],[-96.29041,41.57461],[-96.29471,41.57461],[-96.29471,41.5764],[-96.29041,41.5764],[-96.29042,41.58186],[-96.30975,41.58188],[-96.30973,41.59277]]]}},{"type":"Feature","id":"68015","properties":{"zip":"68015","pop":null,"city":"","county":"Saunders","state":"Nebraska","area":41.65,"lat":41.38342,"lon":-96.64751},"geometry":{"type":"Polygon","coordinates":[[[-96.75572,41.36534],[-96.73645,41.36532],[-96.73597,41.39366],[-96.73253,41.39365],[-96.73253,41.40816],[-96.7132,41.40812],[-96.71301,41.42262],[-96.69375,41.42258],[-96.69374,41.42574],[-96.6727,41.42609],[-96.65573,41.42941],[-96.64033,41.43618],[-96.634,41.43436],[-96.60778,41.43307],[-96.60403,41.43455],[-96.57769,41.43416],[-96.55914,41.42988],[-96.55989,41.3934],[-96.54096,41.39338],[-96.54123,41.37913],[-96.56022,41.37961],[-96.5603,41.36532],[-96.56328,41.36513],[-96.56336,41.37964],[-96.58235,41.3799],[-96.5828,41.35084],[-96.60208,41.35074],[-96.60346,41.33617],[-96.62118,41.33626],[-96.62127,41.32168],[-96.6594,41.32217],[-96.65946,41.33643],[-96.67859,41.3363],[-96.67839,41.35081],[-96.69801,41.3508],[-96.69806,41.33629],[-96.72233,41.33636],[-96.72217,41.3472],[-96.73192,41.34722],[-96.7319,41.35084],[-96.75594,41.3507],[-96.75572,41.36534]]]}},{"type":"Feature","id":"68632","properties":{"zip":"68632","pop":null,"city":"David City","county":"Butler","state":"Nebraska","area":116.66,"lat":41.24264,"lon":-97.13293},"geometry":{"type":"Polygon","coordinates":[[[-97.31063,41.27938],[-97.25319,41.27945],[-97.25365,41.29394],[-97.23459,41.29368],[-97.23467,41.30882],[-97.20574,41.30895],[-97.20567,41.32331],[-97.15768,41.32265],[-97.15754,41.32992],[-97.13817,41.32963],[-97.13811,41.33681],[-97.10037,41.33601],[-97.1004,41.35055],[-97.08094,41.35065],[-97.08097,41.36508],[-97.02303,41.36493],[-97.02323,41.33599],[-97.0339,41.33785],[-97.04245,41.33636],[-97.04232,41.3506],[-97.05588,41.35074],[-97.05589,41.3435],[-97.05207,41.34308],[-97.0516,41.3363],[-97.0482,41.33633],[-97.04621,41.32836],[-97.0377,41.32158],[-97.04269,41.32149],[-97.04289,41.30723],[-97.02364,41.3071],[-97.02356,41.29262],[-97.00553,41.29299],[-97.00545,41.2673],[-96.98639,41.26707],[-96.98537,41.23469],[-97.0424,41.23462],[-97.04213,41.22011],[-97.06131,41.22025],[-97.06235,41.17721],[-97.04299,41.17703],[-97.04256,41.14787],[-97.06202,41.14795],[-97.06217,41.13331],[-97.08135,41.13339],[-97.08144,41.1189],[-97.13853,41.11912],[-97.13841,41.10462],[-97.15765,41.10448],[-97.1576,41.11896],[-97.17707,41.11899],[-97.17691,41.14829],[-97.19602,41.14843],[-97.19579,41.18476],[-97.18855,41.19084],[-97.17664,41.19191],[-97.17634,41.20639],[-97.2146,41.20672],[-97.21449,41.22113],[-97.25284,41.22144],[-97.25276,41.2287],[-97.2627,41.22874],[-97.26258,41.236],[-97.27859,41.236],[-97.27859,41.22813],[-97.30569,41.22833],[-97.3057,41.23592],[-97.31033,41.23592],[-97.31063,41.27938]]]}},{"type":"Feature","id":"68017","properties":{"zip":"68017","pop":null,"city":"","county":"Saunders","state":"Nebraska","area":55.8,"lat":41.05942,"lon":-96.66174},"geometry":{"type":"Polygon","coordinates":[[[-96.77439,41.07485],[-96.7553,41.07481],[-96.75516,41.11846],[-96.76468,41.11847],[-96.76478,41.12578],[-96.75518,41.12571],[-96.75517,41.1221],[-96.74556,41.12202],[-96.74555,41.12564],[-96.73592,41.12557],[-96.73595,41.13264],[-96.71677,41.13272],[-96.7168,41.12187],[-96.71197,41.12189],[-96.71201,41.11504],[-96.71686,41.1147],[-96.71689,41.10376],[-96.69759,41.10384],[-96.69757,41.10748],[-96.69273,41.10749],[-96.69271,41.11112],[-96.69755,41.1111],[-96.69751,41.11833],[-96.66875,41.11832],[-96.66875,41.122],[-96.64956,41.12187],[-96.64953,41.11821],[-96.63989,41.11818],[-96.63985,41.10367],[-96.63174,41.10351],[-96.63,41.11095],[-96.62116,41.11084],[-96.62024,41.09778],[-96.61258,41.09611],[-96.6079,41.09145],[-96.60468,41.091],[-96.60452,41.089],[-96.58259,41.08894],[-96.58273,41.07442],[-96.57306,41.07448],[-96.57303,41.07813],[-96.56335,41.07819],[-96.56338,41.07453],[-96.52606,41.07428],[-96.52602,41.08154],[-96.51175,41.08152],[-96.51177,41.07425],[-96.51654,41.07426],[-96.51654,41.07064],[-96.52129,41.07066],[-96.52134,41.05977],[-96.51656,41.05976],[-96.52133,41.05887],[-96.52134,41.04525],[-96.60111,41.04544],[-96.60137,41.04101],[-96.5918,41.041],[-96.59201,41.03739],[-96.60158,41.0374],[-96.60195,41.03017],[-96.58287,41.03015],[-96.58369,41.0157],[-96.6028,41.01572],[-96.60417,40.98685],[-96.64205,40.98715],[-96.64273,40.97272],[-96.66197,40.97286],[-96.66053,41.00179],[-96.64927,41.00167],[-96.64932,41.00504],[-96.6438,41.00898],[-96.64087,41.01605],[-96.68138,41.01649],[-96.68137,40.99475],[-96.7006,40.99506],[-96.70065,41.01688],[-96.71983,41.01675],[-96.71986,41.03133],[-96.75777,41.03128],[-96.75737,41.0458],[-96.77464,41.04584],[-96.77439,41.07485]]]}},{"type":"Feature","id":"68003","properties":{"zip":"68003","pop":null,"city":"","county":"Saunders","state":"Nebraska","area":85.11,"lat":41.07165,"lon":-96.3802},"geometry":{"type":"Polygon","coordinates":[[[-96.52134,41.04887],[-96.52133,41.05887],[-96.51656,41.05976],[-96.52134,41.05977],[-96.52129,41.07066],[-96.51654,41.07064],[-96.51654,41.07426],[-96.51177,41.07425],[-96.51175,41.08152],[-96.50701,41.08151],[-96.50701,41.07788],[-96.50226,41.07788],[-96.50225,41.08877],[-96.48297,41.08864],[-96.48307,41.10317],[-96.46383,41.10311],[-96.46377,41.11765],[-96.48288,41.11774],[-96.48265,41.14697],[-96.44476,41.14668],[-96.44488,41.16121],[-96.42561,41.16121],[-96.42517,41.14693],[-96.40646,41.14672],[-96.40646,41.17576],[-96.38707,41.17577],[-96.38704,41.19033],[-96.33989,41.19016],[-96.33985,41.18653],[-96.32468,41.18588],[-96.32285,41.18124],[-96.32085,41.16196],[-96.31593,41.14395],[-96.3199,41.1321],[-96.31108,41.11441],[-96.31688,41.10851],[-96.32733,41.10343],[-96.33674,41.09531],[-96.3398,41.0825],[-96.33815,41.078],[-96.32488,41.05907],[-96.31919,41.045],[-96.31128,41.03643],[-96.2973,41.0268],[-96.28439,41.02175],[-96.27365,41.01987],[-96.27373,41.01779],[-96.28586,41.02014],[-96.2931,41.02052],[-96.26689,41.01629],[-96.25511,41.012],[-96.24568,41.0046],[-96.25053,41.00476],[-96.25055,41.00204],[-96.25491,41.0009],[-96.25494,40.99737],[-96.24536,40.99739],[-96.24331,41.00125],[-96.24103,40.99984],[-96.23613,40.98656],[-96.25145,40.98646],[-96.25075,40.98085],[-96.25326,40.97194],[-96.30754,40.97176],[-96.30746,40.9645],[-96.32196,40.96442],[-96.32193,40.95715],[-96.33146,40.95711],[-96.33159,40.94343],[-96.3504,40.94269],[-96.35002,40.95704],[-96.36913,40.95719],[-96.36873,40.98572],[-96.34961,40.99373],[-96.34959,41.00061],[-96.40299,41.00091],[-96.40677,40.99714],[-96.40674,41.01544],[-96.43023,41.01568],[-96.4299,41.03016],[-96.44435,41.03044],[-96.4445,41.0451],[-96.52134,41.04525],[-96.52134,41.04887]],[[-96.45437,41.1001],[-96.44834,41.09911],[-96.43639,41.08617],[-96.42576,41.08192],[-96.42609,41.09584],[-96.43527,41.09641],[-96.43533,41.10316],[-96.45439,41.10308],[-96.45437,41.1001]]]}},{"type":"Feature","id":"68635","properties":{"zip":"68635","pop":null,"city":"","county":"Butler","state":"Nebraska","area":36.48,"lat":41.08543,"lon":-97.02304},"geometry":{"type":"Polygon","coordinates":[[[-97.13853,41.11912],[-97.08144,41.1189],[-97.08154,41.10439],[-96.96622,41.10429],[-96.96637,41.1332],[-96.90886,41.13327],[-96.90859,41.0898],[-96.92801,41.08951],[-96.92793,41.07505],[-96.94705,41.07514],[-96.94701,41.04617],[-97.02334,41.04632],[-97.02354,41.05362],[-97.04263,41.05358],[-97.04282,41.06083],[-97.05568,41.06093],[-97.0684,41.04976],[-97.0758,41.04633],[-97.11905,41.04644],[-97.11912,41.07544],[-97.13817,41.07555],[-97.13853,41.11912]]]}},{"type":"Feature","id":"68731","properties":{"zip":"68731","pop":null,"city":"Dakota City","county":"Dakota","state":"Nebraska","area":27.32,"lat":42.40996,"lon":-96.48352},"geometry":{"type":"Polygon","coordinates":[[[-96.57518,42.4468],[-96.57154,42.44655],[-96.5706,42.44383],[-96.57042,42.44642],[-96.56079,42.44445],[-96.56071,42.44833],[-96.53889,42.45561],[-96.53721,42.45657],[-96.53818,42.47369],[-96.52283,42.47357],[-96.52237,42.44824],[-96.47805,42.44842],[-96.47532,42.44503],[-96.46742,42.44253],[-96.46774,42.44092],[-96.46312,42.44085],[-96.46322,42.43727],[-96.4348,42.43719],[-96.43274,42.41659],[-96.42873,42.41657],[-96.42875,42.42272],[-96.41702,42.42269],[-96.41689,42.42982],[-96.41422,42.42977],[-96.41396,42.43346],[-96.40438,42.43342],[-96.40441,42.42272],[-96.39881,42.42249],[-96.41181,42.41089],[-96.41551,42.40029],[-96.41498,42.39344],[-96.40915,42.38149],[-96.40844,42.37609],[-96.41507,42.36437],[-96.50226,42.3648],[-96.50274,42.36117],[-96.50444,42.36118],[-96.52645,42.37941],[-96.52179,42.3793],[-96.52192,42.40079],[-96.54134,42.40093],[-96.54147,42.42234],[-96.56898,42.42335],[-96.56939,42.43066],[-96.57518,42.4468]]]}},{"type":"Feature","id":"68733","properties":{"zip":"68733","pop":null,"city":"","county":"Thurston","state":"Nebraska","area":69.13,"lat":42.28279,"lon":-96.72244},"geometry":{"type":"Polygon","coordinates":[[[-96.84252,42.35845],[-96.83759,42.35843],[-96.83747,42.36563],[-96.78392,42.36559],[-96.78378,42.38007],[-96.72612,42.38006],[-96.72596,42.35112],[-96.68693,42.35107],[-96.68714,42.33662],[-96.68481,42.33664],[-96.68712,42.33463],[-96.68722,42.32216],[-96.70694,42.32202],[-96.70696,42.3075],[-96.69386,42.30761],[-96.69046,42.31125],[-96.68739,42.31167],[-96.67552,42.3115],[-96.66043,42.31882],[-96.65796,42.32211],[-96.6304,42.32196],[-96.62879,42.32137],[-96.62877,42.31471],[-96.6092,42.31482],[-96.60899,42.33657],[-96.58997,42.33646],[-96.58967,42.29296],[-96.58026,42.29291],[-96.57922,42.28936],[-96.57028,42.28937],[-96.5702,42.26383],[-96.64832,42.26399],[-96.64816,42.24938],[-96.66781,42.24954],[-96.6678,42.26402],[-96.68726,42.26415],[-96.68719,42.20612],[-96.70644,42.20623],[-96.70648,42.20961],[-96.72121,42.20959],[-96.72132,42.21682],[-96.7262,42.21682],[-96.72574,42.19153],[-96.79614,42.19171],[-96.80457,42.19879],[-96.80964,42.20681],[-96.81273,42.21669],[-96.82279,42.22959],[-96.8225,42.26429],[-96.79879,42.26417],[-96.79872,42.27145],[-96.8036,42.27149],[-96.80352,42.29306],[-96.79382,42.2931],[-96.79382,42.30761],[-96.784,42.30763],[-96.78406,42.35104],[-96.84256,42.35119],[-96.84252,42.35845]]]}},{"type":"Feature","id":"68059","properties":{"zip":"68059","pop":null,"city":"Springfield","county":"Sarpy","state":"Nebraska","area":37.17,"lat":41.06686,"lon":-96.15939},"geometry":{"type":"Polygon","coordinates":[[[-96.23517,41.02334],[-96.23512,41.0305],[-96.22599,41.03051],[-96.22599,41.0453],[-96.21515,41.04531],[-96.21515,41.07437],[-96.22467,41.07435],[-96.22478,41.0816],[-96.21518,41.08162],[-96.21516,41.10344],[-96.19608,41.1034],[-96.19601,41.11798],[-96.18651,41.11803],[-96.18649,41.11443],[-96.17694,41.11449],[-96.17708,41.12547],[-96.11957,41.12535],[-96.11951,41.11804],[-96.10078,41.11798],[-96.10079,41.12532],[-96.09551,41.1253],[-96.09545,41.12059],[-96.09073,41.12063],[-96.0907,41.11801],[-96.07154,41.11807],[-96.07153,41.10921],[-96.07667,41.10709],[-96.07679,41.10347],[-96.08107,41.10345],[-96.08089,41.078],[-96.08581,41.078],[-96.08584,41.06064],[-96.10024,41.05978],[-96.10019,41.05325],[-96.10986,41.0484],[-96.11908,41.03856],[-96.13125,41.03139],[-96.14469,41.0176],[-96.15335,41.01588],[-96.20765,40.99563],[-96.21894,40.99431],[-96.23296,41.00086],[-96.23517,41.02334]]]}},{"type":"Feature","id":"68735","properties":{"zip":"68735","pop":null,"city":"","county":"Holt","state":"Nebraska","area":260.56,"lat":42.14907,"lon":-98.454},"geometry":{"type":"Polygon","coordinates":[[[-98.69056,42.17571],[-98.65091,42.17566],[-98.65096,42.19021],[-98.61269,42.19032],[-98.61248,42.21927],[-98.58432,42.21924],[-98.57551,42.22436],[-98.57376,42.22353],[-98.57422,42.22635],[-98.5712,42.23043],[-98.56834,42.22984],[-98.56705,42.23238],[-98.56437,42.2327],[-98.56099,42.23084],[-98.55764,42.23175],[-98.55822,42.22933],[-98.55607,42.22826],[-98.5526,42.22925],[-98.55332,42.23321],[-98.54612,42.23148],[-98.54512,42.22666],[-98.54217,42.22704],[-98.53885,42.23181],[-98.53267,42.22522],[-98.52454,42.22666],[-98.52438,42.23417],[-98.51521,42.234],[-98.51449,42.27734],[-98.47604,42.27759],[-98.47594,42.32798],[-98.46662,42.32794],[-98.4666,42.33557],[-98.43727,42.33523],[-98.42996,42.33132],[-98.42201,42.331],[-98.41671,42.32825],[-98.41659,42.32094],[-98.39826,42.32109],[-98.39685,42.30656],[-98.33965,42.30651],[-98.33959,42.32827],[-98.32974,42.32822],[-98.32982,42.32099],[-98.26188,42.32078],[-98.26219,42.27734],[-98.2427,42.27738],[-98.24282,42.24826],[-98.23304,42.24825],[-98.23313,42.2338],[-98.24289,42.23383],[-98.24286,42.22654],[-98.25748,42.22653],[-98.25751,42.23016],[-98.26238,42.23015],[-98.26243,42.21925],[-98.27204,42.21929],[-98.27201,42.21666],[-98.27755,42.22284],[-98.28077,42.22387],[-98.2812,42.22683],[-98.28876,42.22677],[-98.29384,42.23246],[-98.3005,42.23476],[-98.30052,42.17576],[-98.31997,42.17572],[-98.32001,42.16126],[-98.33954,42.16139],[-98.33961,42.14686],[-98.32001,42.14684],[-98.31998,42.13881],[-98.32921,42.13862],[-98.32917,42.13235],[-98.3395,42.13238],[-98.3395,42.10338],[-98.32004,42.10329],[-98.32007,42.08877],[-98.29882,42.08886],[-98.29883,42.0845],[-98.31174,42.08454],[-98.31172,42.08065],[-98.31519,42.08064],[-98.31516,42.06663],[-98.29924,42.06665],[-98.29903,42.05702],[-98.29546,42.05702],[-98.29554,42.03098],[-98.3154,42.03084],[-98.3154,42.03397],[-98.33469,42.03399],[-98.33487,41.98738],[-98.54868,41.98674],[-98.64428,42.05538],[-98.64554,42.0825],[-98.65142,42.09126],[-98.65145,42.1176],[-98.67094,42.11766],[-98.67096,42.16128],[-98.69071,42.16102],[-98.69056,42.17571]]]}},{"type":"Feature","id":"68061","properties":{"zip":"68061","pop":null,"city":"","county":"Burt","state":"Nebraska","area":110.04,"lat":41.80072,"lon":-96.21165},"geometry":{"type":"Polygon","coordinates":[[[-96.34735,41.73401],[-96.34735,41.74176],[-96.32894,41.74177],[-96.32786,41.77089],[-96.34559,41.77085],[-96.34727,41.77195],[-96.34725,41.77837],[-96.32783,41.77825],[-96.32795,41.79985],[-96.32013,41.79982],[-96.31868,41.80722],[-96.31284,41.8072],[-96.31286,41.79977],[-96.30874,41.79982],[-96.30857,41.82893],[-96.31787,41.82892],[-96.31778,41.85063],[-96.30766,41.84545],[-96.2896,41.84347],[-96.28984,41.91619],[-96.22715,41.91668],[-96.22992,41.90216],[-96.19282,41.90201],[-96.19268,41.91672],[-96.13986,41.91672],[-96.1591,41.91006],[-96.16199,41.90555],[-96.16176,41.90182],[-96.14883,41.88813],[-96.14448,41.87185],[-96.13525,41.86313],[-96.1162,41.85487],[-96.11025,41.84885],[-96.10791,41.84034],[-96.11081,41.82817],[-96.10759,41.82068],[-96.09827,41.81421],[-96.07555,41.80781],[-96.06966,41.80351],[-96.06488,41.79623],[-96.06641,41.78891],[-96.07754,41.77782],[-96.0783,41.7616],[-96.08467,41.75331],[-96.10277,41.74634],[-96.10539,41.74152],[-96.13606,41.74169],[-96.13537,41.68304],[-96.17405,41.68308],[-96.17433,41.71955],[-96.22295,41.71955],[-96.2229,41.71219],[-96.34759,41.7124],[-96.34735,41.73401]]]}},{"type":"Feature","id":"68037","properties":{"zip":"68037","pop":null,"city":"","county":"Cass","state":"Nebraska","area":41.42,"lat":40.98438,"lon":-96.12689},"geometry":{"type":"Polygon","coordinates":[[[-96.255,40.97195],[-96.25192,40.9746],[-96.25145,40.98646],[-96.23613,40.98656],[-96.23591,41.0009],[-96.23338,40.99854],[-96.22959,40.99959],[-96.21894,40.99431],[-96.20765,40.99563],[-96.15335,41.01588],[-96.14469,41.0176],[-96.13125,41.03139],[-96.1208,41.03799],[-96.12246,41.03184],[-96.12069,41.03165],[-96.12069,41.02006],[-96.12383,41.01877],[-96.12255,41.01781],[-96.12394,41.0176],[-96.12435,41.01165],[-96.12123,41.00165],[-96.09267,41.00183],[-96.09251,41.03666],[-96.09709,41.03668],[-96.09694,41.04014],[-96.09248,41.0424],[-96.09221,41.04564],[-96.0903,41.04556],[-96.0889,41.04919],[-96.09031,41.05441],[-96.06801,41.06064],[-96.06803,41.05822],[-96.062,41.05862],[-96.06198,41.05685],[-96.0333,41.05665],[-96.03319,41.04924],[-96.0428,41.04925],[-96.04278,41.0456],[-96.04453,41.04559],[-96.04469,41.02375],[-96.0543,41.02376],[-96.05431,41.01643],[-96.04471,41.01649],[-96.04473,41.00926],[-96.03514,41.0092],[-96.0351,41.00198],[-96.04474,41.00197],[-96.04489,40.94397],[-96.06408,40.94379],[-96.06383,40.92927],[-96.08327,40.92923],[-96.08333,40.94369],[-96.12069,40.94365],[-96.12065,40.95816],[-96.12548,40.95814],[-96.1398,40.95804],[-96.13989,40.929],[-96.17819,40.92874],[-96.17816,40.93606],[-96.1878,40.93607],[-96.18769,40.95061],[-96.19721,40.95055],[-96.19718,40.95772],[-96.25493,40.95742],[-96.255,40.97195]]]}},{"type":"Feature","id":"68736","properties":{"zip":"68736","pop":null,"city":"","county":"Cedar","state":"Nebraska","area":42.45,"lat":42.74481,"lon":-97.37133},"geometry":{"type":"Polygon","coordinates":[[[-97.44611,42.69982],[-97.42632,42.69979],[-97.42639,42.70337],[-97.40852,42.70379],[-97.40664,42.70608],[-97.40673,42.7576],[-97.42627,42.75762],[-97.42622,42.78666],[-97.40673,42.78664],[-97.40656,42.80116],[-97.38194,42.80116],[-97.38196,42.80844],[-97.38689,42.80843],[-97.38683,42.80477],[-97.40649,42.80481],[-97.40065,42.8446],[-97.36719,42.84466],[-97.36722,42.8355],[-97.36352,42.83029],[-97.32724,42.83052],[-97.3272,42.83764],[-97.31732,42.83756],[-97.31716,42.84477],[-97.3072,42.84475],[-97.30751,42.83019],[-97.3125,42.83025],[-97.31269,42.81567],[-97.31771,42.81569],[-97.31796,42.80127],[-97.34761,42.80131],[-97.34761,42.79771],[-97.35254,42.79771],[-97.35241,42.7867],[-97.34804,42.7867],[-97.34836,42.7721],[-97.3089,42.7717],[-97.3086,42.74994],[-97.32359,42.75013],[-97.32359,42.75375],[-97.32855,42.75377],[-97.32816,42.72844],[-97.30841,42.72832],[-97.30834,42.69929],[-97.28861,42.69925],[-97.28854,42.68522],[-97.3674,42.68518],[-97.36739,42.6707],[-97.38694,42.67068],[-97.38693,42.65619],[-97.44596,42.65619],[-97.44611,42.69982]]]}},{"type":"Feature","id":"68739","properties":{"zip":"68739","pop":null,"city":"","county":"Cedar","state":"Nebraska","area":173.17,"lat":42.62833,"lon":-97.26263},"geometry":{"type":"Polygon","coordinates":[[[-97.48561,42.64172],[-97.4657,42.64166],[-97.46577,42.65613],[-97.38693,42.65619],[-97.38694,42.67068],[-97.36739,42.6707],[-97.3674,42.68518],[-97.28854,42.68522],[-97.28861,42.69925],[-97.30834,42.69929],[-97.30841,42.72832],[-97.32816,42.72844],[-97.32855,42.75377],[-97.32359,42.75375],[-97.32359,42.75013],[-97.3086,42.74994],[-97.30873,42.75719],[-97.30381,42.75718],[-97.30385,42.76417],[-97.29414,42.76459],[-97.29394,42.77169],[-97.21287,42.77174],[-97.21282,42.76701],[-97.20909,42.76438],[-97.19324,42.76253],[-97.19133,42.71044],[-97.18356,42.71087],[-97.18363,42.70687],[-97.1805,42.70272],[-97.16199,42.70264],[-97.16191,42.70033],[-97.15219,42.69958],[-97.152,42.68562],[-97.14702,42.68561],[-97.14711,42.69197],[-97.1422,42.69193],[-97.14237,42.69891],[-97.13754,42.69895],[-97.1373,42.68461],[-97.13227,42.6844],[-97.13209,42.67557],[-97.12558,42.67198],[-97.11821,42.66335],[-97.11808,42.65574],[-97.0938,42.65564],[-97.09385,42.68465],[-97.05437,42.68385],[-97.05473,42.64095],[-97.03514,42.64093],[-97.03522,42.62641],[-97.01557,42.62652],[-97.01557,42.61205],[-96.99594,42.61199],[-96.99603,42.56865],[-97.03475,42.56856],[-97.03513,42.58934],[-97.04129,42.58634],[-97.04376,42.58234],[-97.05145,42.58165],[-97.06453,42.58351],[-97.0744,42.59056],[-97.07435,42.5834],[-97.11349,42.58324],[-97.11344,42.56875],[-97.13281,42.56877],[-97.13275,42.59774],[-97.15251,42.598],[-97.15261,42.58346],[-97.17245,42.58402],[-97.17242,42.56951],[-97.21173,42.56918],[-97.21187,42.5765],[-97.2314,42.57643],[-97.23124,42.56907],[-97.24991,42.56918],[-97.25006,42.55148],[-97.25648,42.55466],[-97.26968,42.55471],[-97.26974,42.52572],[-97.29454,42.52574],[-97.29271,42.52375],[-97.29484,42.52064],[-97.29252,42.51826],[-97.29891,42.51356],[-97.29912,42.51112],[-97.28923,42.51114],[-97.28923,42.49669],[-97.36751,42.49678],[-97.36744,42.52577],[-97.40651,42.52593],[-97.40659,42.54036],[-97.42619,42.5404],[-97.42625,42.55489],[-97.4654,42.5547],[-97.46564,42.58363],[-97.48543,42.5836],[-97.48561,42.64172]]]}},{"type":"Feature","id":"68741","properties":{"zip":"68741","pop":null,"city":"","county":"Dakota","state":"Nebraska","area":51.09,"lat":42.35709,"lon":-96.59379},"geometry":{"type":"Polygon","coordinates":[[[-96.70694,42.32202],[-96.68722,42.32216],[-96.68712,42.33463],[-96.68481,42.33664],[-96.68714,42.33662],[-96.68714,42.3746],[-96.68077,42.38005],[-96.68738,42.38003],[-96.68712,42.38732],[-96.67745,42.39455],[-96.67727,42.40898],[-96.62937,42.40893],[-96.62911,42.42343],[-96.60724,42.4234],[-96.60623,42.4309],[-96.60108,42.4331],[-96.58577,42.43283],[-96.58286,42.44329],[-96.57531,42.44324],[-96.57518,42.44633],[-96.56939,42.43066],[-96.56898,42.42335],[-96.54147,42.42234],[-96.54134,42.40093],[-96.52192,42.40079],[-96.52179,42.3793],[-96.52645,42.37941],[-96.50444,42.36118],[-96.5165,42.36222],[-96.52664,42.37227],[-96.53147,42.37252],[-96.53145,42.36874],[-96.54081,42.3688],[-96.54076,42.34372],[-96.50194,42.34325],[-96.50205,42.31929],[-96.50054,42.31788],[-96.50205,42.31781],[-96.50189,42.31591],[-96.49241,42.31314],[-96.4894,42.31864],[-96.49067,42.30276],[-96.48641,42.28519],[-96.49315,42.28585],[-96.49282,42.29037],[-96.49692,42.29675],[-96.4968,42.30571],[-96.5048,42.30483],[-96.51531,42.29826],[-96.52114,42.29758],[-96.52178,42.27743],[-96.57027,42.27759],[-96.57028,42.28937],[-96.57922,42.28936],[-96.58026,42.29291],[-96.58967,42.29296],[-96.58997,42.33646],[-96.60899,42.33657],[-96.6092,42.31482],[-96.62877,42.31471],[-96.62879,42.32137],[-96.6304,42.32196],[-96.65796,42.32211],[-96.66043,42.31882],[-96.67552,42.3115],[-96.68739,42.31167],[-96.69046,42.31125],[-96.69386,42.30761],[-96.70696,42.3075],[-96.70694,42.32202]]]}},{"type":"Feature","id":"68046","properties":{"zip":"68046","pop":null,"city":"Papillion","county":"Sarpy","state":"Nebraska","area":22.02,"lat":41.12216,"lon":-96.06134},"geometry":{"type":"Polygon","coordinates":[[[-96.11959,41.13255],[-96.1161,41.13258],[-96.11399,41.14234],[-96.10918,41.14405],[-96.11056,41.1631],[-96.10756,41.163],[-96.10525,41.16702],[-96.09093,41.1669],[-96.09082,41.17611],[-96.08425,41.17568],[-96.062,41.1623],[-96.06194,41.17629],[-96.02369,41.17619],[-96.02294,41.15322],[-96.01409,41.15163],[-96.01414,41.15031],[-96.02295,41.1508],[-96.02369,41.13729],[-96.01329,41.13734],[-96.02369,41.12804],[-96.02366,41.0925],[-96.0286,41.09249],[-96.02863,41.08618],[-96.02605,41.08424],[-96.02608,41.0816],[-96.02366,41.08159],[-96.0236,41.07434],[-96.02602,41.07434],[-96.02602,41.07042],[-96.01937,41.06795],[-96.01408,41.06343],[-96.0078,41.06208],[-96.00787,41.06069],[-96.01806,41.06148],[-96.03406,41.066],[-96.05626,41.06536],[-96.07365,41.05805],[-96.10019,41.05325],[-96.10024,41.05978],[-96.08584,41.06064],[-96.08581,41.078],[-96.08089,41.078],[-96.08107,41.10345],[-96.07679,41.10347],[-96.07667,41.10709],[-96.07153,41.10921],[-96.07154,41.11807],[-96.0907,41.11801],[-96.09073,41.12063],[-96.09545,41.12059],[-96.09551,41.1253],[-96.10079,41.12532],[-96.10078,41.11798],[-96.11951,41.11804],[-96.11959,41.13255]]]}},{"type":"Feature","id":"68047","properties":{"zip":"68047","pop":null,"city":"","county":"Thurston","state":"Nebraska","area":93.22,"lat":42.1059,"lon":-96.73251},"geometry":{"type":"Polygon","coordinates":[[[-96.90118,42.10496],[-96.90114,42.12741],[-96.88182,42.12745],[-96.88179,42.13421],[-96.86752,42.13426],[-96.86744,42.13739],[-96.86215,42.13726],[-96.86216,42.13427],[-96.85248,42.1343],[-96.85226,42.14101],[-96.84741,42.14078],[-96.84685,42.14894],[-96.86211,42.1489],[-96.86221,42.16347],[-96.828,42.16365],[-96.82807,42.17095],[-96.82314,42.17096],[-96.82334,42.17744],[-96.80388,42.17732],[-96.80389,42.18147],[-96.79715,42.18033],[-96.79576,42.18203],[-96.78518,42.18216],[-96.78431,42.18407],[-96.77994,42.18405],[-96.77952,42.18128],[-96.77378,42.17719],[-96.77504,42.17508],[-96.77382,42.17139],[-96.76865,42.16526],[-96.76558,42.1676],[-96.75366,42.16672],[-96.75153,42.16355],[-96.74743,42.16365],[-96.74737,42.16175],[-96.74391,42.16085],[-96.73526,42.14654],[-96.73709,42.14221],[-96.73057,42.13946],[-96.73039,42.13721],[-96.72434,42.13385],[-96.7249,42.1363],[-96.72222,42.14053],[-96.72355,42.14321],[-96.71938,42.14528],[-96.72071,42.14609],[-96.71849,42.14925],[-96.72003,42.15027],[-96.71885,42.15234],[-96.71358,42.15172],[-96.7071,42.15676],[-96.7071,42.16076],[-96.6288,42.16067],[-96.62887,42.17351],[-96.62398,42.17347],[-96.62395,42.1699],[-96.61421,42.16985],[-96.61427,42.17699],[-96.58988,42.17693],[-96.58989,42.13361],[-96.57038,42.1336],[-96.57035,42.14085],[-96.57521,42.14086],[-96.57521,42.14357],[-96.57036,42.14357],[-96.57033,42.16092],[-96.56033,42.16096],[-96.55881,42.1565],[-96.55099,42.15174],[-96.551,42.09723],[-96.56064,42.09727],[-96.56063,42.08998],[-96.65737,42.09011],[-96.65739,42.07559],[-96.6476,42.07537],[-96.64754,42.06819],[-96.64273,42.06813],[-96.64267,42.05374],[-96.67111,42.05413],[-96.67112,42.04684],[-96.68083,42.04688],[-96.68087,42.03964],[-96.67549,42.03963],[-96.67562,42.03239],[-96.70994,42.03253],[-96.71005,42.01675],[-96.72942,42.01697],[-96.72949,42.03259],[-96.76833,42.03244],[-96.76829,42.01707],[-96.78718,42.0171],[-96.787,42.03241],[-96.79663,42.03243],[-96.7966,42.03969],[-96.80636,42.03967],[-96.80626,42.04689],[-96.84476,42.0468],[-96.84451,42.06124],[-96.86406,42.06144],[-96.86389,42.07593],[-96.88344,42.07605],[-96.88375,42.09047],[-96.88651,42.09047],[-96.88661,42.09768],[-96.89007,42.09777],[-96.88998,42.10065],[-96.90119,42.1008],[-96.90118,42.10496]]]}},{"type":"Feature","id":"68718","properties":{"zip":"68718","pop":null,"city":"","county":"Knox","state":"Nebraska","area":165.62,"lat":42.66198,"lon":-97.69853},"geometry":{"type":"Polygon","coordinates":[[[-97.83885,42.78667],[-97.77925,42.78676],[-97.77943,42.77116],[-97.75978,42.77128],[-97.75955,42.78674],[-97.77425,42.78677],[-97.77451,42.79314],[-97.78324,42.79406],[-97.78688,42.80092],[-97.78167,42.80898],[-97.78164,42.81588],[-97.77886,42.81589],[-97.77934,42.85103],[-97.72067,42.84745],[-97.72035,42.78668],[-97.64314,42.78658],[-97.6432,42.7279],[-97.60395,42.72818],[-97.60374,42.69919],[-97.58364,42.69938],[-97.5836,42.68461],[-97.56412,42.68483],[-97.56409,42.66292],[-97.54947,42.66303],[-97.54954,42.6704],[-97.52491,42.67053],[-97.52479,42.62708],[-97.50519,42.62713],[-97.50509,42.61268],[-97.48552,42.61267],[-97.4855,42.59812],[-97.5639,42.59792],[-97.56392,42.5834],[-97.5835,42.58327],[-97.58351,42.56881],[-97.60336,42.56883],[-97.6033,42.55436],[-97.64235,42.55423],[-97.6423,42.5398],[-97.62268,42.53981],[-97.6227,42.52534],[-97.67166,42.52531],[-97.67174,42.51067],[-97.70086,42.51054],[-97.70093,42.51766],[-97.71054,42.5177],[-97.71045,42.52511],[-97.72029,42.52505],[-97.7206,42.53953],[-97.78918,42.53926],[-97.7892,42.5419],[-97.7985,42.54189],[-97.7986,42.54472],[-97.80856,42.54465],[-97.80855,42.55145],[-97.81548,42.55432],[-97.81842,42.55358],[-97.81838,42.56792],[-97.82841,42.56798],[-97.82832,42.58244],[-97.83801,42.58244],[-97.83787,42.61166],[-97.77944,42.61176],[-97.77953,42.65533],[-97.79909,42.6553],[-97.79921,42.62625],[-97.82811,42.62601],[-97.82817,42.63321],[-97.83781,42.63321],[-97.83794,42.6697],[-97.82795,42.66964],[-97.82794,42.67711],[-97.80836,42.67709],[-97.80836,42.68072],[-97.81849,42.68087],[-97.81843,42.68397],[-97.80835,42.68412],[-97.80744,42.69061],[-97.79894,42.69191],[-97.79882,42.72731],[-97.81834,42.72692],[-97.81847,42.74151],[-97.83718,42.74144],[-97.83885,42.78667]]]}},{"type":"Feature","id":"68723","properties":{"zip":"68723","pop":null,"city":"","county":"Wayne","state":"Nebraska","area":48.88,"lat":42.28761,"lon":-97.21456},"geometry":{"type":"Polygon","coordinates":[[[-97.31037,42.26453],[-97.31027,42.27901],[-97.29085,42.27901],[-97.29082,42.29359],[-97.28085,42.29356],[-97.28046,42.30209],[-97.27139,42.302],[-97.27133,42.35166],[-97.15446,42.35146],[-97.15444,42.33693],[-97.13487,42.33686],[-97.13482,42.32237],[-97.1153,42.32243],[-97.11528,42.29342],[-97.13481,42.29339],[-97.13477,42.24988],[-97.1393,42.24987],[-97.13981,42.23547],[-97.17232,42.2353],[-97.1738,42.24995],[-97.21274,42.25],[-97.21277,42.22104],[-97.29086,42.22115],[-97.29083,42.23563],[-97.31026,42.23562],[-97.31037,42.26453]]]}},{"type":"Feature","id":"68031","properties":{"zip":"68031","pop":null,"city":"","county":"Dodge","state":"Nebraska","area":89.21,"lat":41.64041,"lon":-96.53045},"geometry":{"type":"Polygon","coordinates":[[[-96.67441,41.58248],[-96.6167,41.58214],[-96.61691,41.61533],[-96.62374,41.61541],[-96.6239,41.62212],[-96.62667,41.62408],[-96.62672,41.63299],[-96.63624,41.633],[-96.63623,41.63487],[-96.62671,41.63478],[-96.62669,41.63628],[-96.61436,41.62935],[-96.61468,41.63265],[-96.61711,41.6331],[-96.61715,41.64022],[-96.63242,41.64021],[-96.64108,41.6476],[-96.61707,41.64746],[-96.61711,41.64384],[-96.61227,41.64378],[-96.61214,41.65463],[-96.61412,41.65468],[-96.61692,41.65909],[-96.61777,41.7057],[-96.60885,41.70567],[-96.60802,41.71291],[-96.57848,41.71267],[-96.57881,41.74207],[-96.50397,41.74188],[-96.5053,41.73823],[-96.5114,41.73824],[-96.51169,41.7345],[-96.50781,41.73428],[-96.50697,41.73036],[-96.50192,41.73086],[-96.50232,41.69817],[-96.48293,41.69821],[-96.48284,41.72739],[-96.44438,41.72716],[-96.44478,41.68363],[-96.40573,41.68353],[-96.40581,41.59636],[-96.44436,41.5964],[-96.44432,41.56753],[-96.47843,41.56746],[-96.48332,41.58194],[-96.54103,41.5819],[-96.54108,41.56119],[-96.54561,41.56397],[-96.55354,41.56274],[-96.56152,41.56468],[-96.56617,41.56181],[-96.57373,41.56164],[-96.57792,41.56512],[-96.57798,41.5533],[-96.59748,41.55342],[-96.59743,41.54614],[-96.61687,41.54628],[-96.61631,41.52445],[-96.6356,41.52457],[-96.63622,41.54634],[-96.65545,41.54635],[-96.65546,41.55364],[-96.67435,41.5535],[-96.67441,41.58248]],[[-96.50744,41.60672],[-96.50221,41.60593],[-96.50219,41.61409],[-96.50733,41.61357],[-96.50744,41.60672]]]}},{"type":"Feature","id":"68036","properties":{"zip":"68036","pop":null,"city":"","county":"Butler","state":"Nebraska","area":49.39,"lat":41.39033,"lon":-96.95085},"geometry":{"type":"Polygon","coordinates":[[[-97.06167,41.39026],[-97.06001,41.3949],[-97.0597,41.41099],[-97.05683,41.41253],[-97.0231,41.41304],[-97.00559,41.41687],[-96.9647,41.4418],[-96.95473,41.44356],[-96.92649,41.45505],[-96.90591,41.45644],[-96.90586,41.45339],[-96.8842,41.45279],[-96.86199,41.44931],[-96.85169,41.44452],[-96.8476,41.44478],[-96.84801,41.42808],[-96.86733,41.42543],[-96.8674,41.39401],[-96.86995,41.39403],[-96.87051,41.36589],[-96.88506,41.36521],[-96.88501,41.36162],[-96.88018,41.36161],[-96.88015,41.35068],[-96.90848,41.35073],[-96.90853,41.32179],[-96.92779,41.32165],[-96.92762,41.32706],[-96.9374,41.32526],[-96.93732,41.3216],[-96.94624,41.32157],[-96.94706,41.35065],[-96.95727,41.35075],[-96.95551,41.34459],[-96.95873,41.33957],[-96.95549,41.33615],[-96.96579,41.33615],[-96.96635,41.32161],[-96.98542,41.32162],[-96.98496,41.33616],[-97.02323,41.33599],[-97.02303,41.36493],[-97.06161,41.36529],[-97.06167,41.39026]]]}},{"type":"Feature","id":"68038","properties":{"zip":"68038","pop":null,"city":"","county":"Burt","state":"Nebraska","area":79.12,"lat":41.95456,"lon":-96.44312},"geometry":{"type":"Polygon","coordinates":[[[-96.59387,41.91257],[-96.59386,41.91596],[-96.57452,41.91592],[-96.57446,41.93045],[-96.55515,41.93031],[-96.55519,41.98826],[-96.54158,41.98863],[-96.54092,42.00281],[-96.55523,42.00276],[-96.55487,42.01588],[-96.42463,42.01671],[-96.42465,42.03165],[-96.41493,42.03163],[-96.41493,42.02802],[-96.40525,42.028],[-96.40524,42.03162],[-96.37605,42.0316],[-96.37607,42.01629],[-96.32893,42.01551],[-96.32863,41.95928],[-96.29651,41.96007],[-96.29925,41.95082],[-96.31177,41.94478],[-96.31355,41.91603],[-96.34726,41.91578],[-96.34733,41.90129],[-96.3862,41.90142],[-96.38619,41.88699],[-96.4249,41.88698],[-96.42493,41.89445],[-96.44019,41.89444],[-96.44025,41.89117],[-96.44437,41.89118],[-96.44434,41.88695],[-96.46333,41.88682],[-96.46328,41.90131],[-96.47295,41.90142],[-96.473,41.89472],[-96.48768,41.89472],[-96.4876,41.90017],[-96.4918,41.90017],[-96.49182,41.89665],[-96.49432,41.89663],[-96.49917,41.89939],[-96.49911,41.90132],[-96.50185,41.90125],[-96.50207,41.89402],[-96.493,41.89398],[-96.49298,41.8869],[-96.55522,41.88692],[-96.5552,41.90138],[-96.59386,41.90155],[-96.59387,41.91257]]]}},{"type":"Feature","id":"68701","properties":{"zip":"68701","pop":null,"city":"Norfolk","county":"Madison","state":"Nebraska","area":141.72,"lat":42.02026,"lon":-97.44101},"geometry":{"type":"Polygon","coordinates":[[[-97.62672,42.04163],[-97.62077,42.04707],[-97.6013,42.04708],[-97.6014,42.07608],[-97.62112,42.07605],[-97.62093,42.0903],[-97.54321,42.09048],[-97.54308,42.10516],[-97.52362,42.10507],[-97.52356,42.11935],[-97.50414,42.11969],[-97.50404,42.13419],[-97.48457,42.13407],[-97.48512,42.14852],[-97.48309,42.14851],[-97.47585,42.13408],[-97.44554,42.13425],[-97.44559,42.12876],[-97.42643,42.12916],[-97.42626,42.1271],[-97.40705,42.12712],[-97.40698,42.13074],[-97.3974,42.13074],[-97.39741,42.1344],[-97.36823,42.13444],[-97.36826,42.08183],[-97.36208,42.08611],[-97.34955,42.08336],[-97.3496,42.0909],[-97.30991,42.0909],[-97.31059,42.0766],[-97.29122,42.0765],[-97.29119,42.06199],[-97.31059,42.06205],[-97.31052,42.04754],[-97.29101,42.04751],[-97.291,42.04046],[-97.31043,42.04077],[-97.31036,42.03311],[-97.29095,42.03307],[-97.29098,42.02418],[-97.29333,42.02418],[-97.29328,42.02231],[-97.291,42.0222],[-97.29111,41.97499],[-97.33987,41.97481],[-97.33984,41.96737],[-97.326,41.95117],[-97.32502,41.95424],[-97.32074,41.95573],[-97.3102,41.94456],[-97.30192,41.94617],[-97.28627,41.944],[-97.28456,41.94206],[-97.2863,41.93774],[-97.28082,41.93771],[-97.28132,41.93397],[-97.28429,41.93155],[-97.29115,41.93155],[-97.29114,41.93408],[-97.29341,41.93521],[-97.30979,41.93518],[-97.31098,41.93878],[-97.33966,41.93883],[-97.33998,41.93151],[-97.36818,41.93148],[-97.36816,41.90246],[-97.37819,41.9024],[-97.37814,41.89488],[-97.36817,41.89499],[-97.36817,41.88796],[-97.40655,41.88791],[-97.40679,41.90238],[-97.44571,41.90245],[-97.44578,41.91653],[-97.45967,41.91647],[-97.46366,41.90395],[-97.46119,41.90202],[-97.48433,41.90192],[-97.48439,41.93087],[-97.49379,41.93093],[-97.49383,41.92365],[-97.51342,41.92366],[-97.51343,41.9164],[-97.52315,41.91641],[-97.52311,41.94544],[-97.56195,41.94546],[-97.56195,41.97445],[-97.54297,41.97449],[-97.54303,41.98897],[-97.58151,41.98912],[-97.58177,42.00354],[-97.54294,42.00348],[-97.54297,42.02326],[-97.5541,42.02514],[-97.56336,42.02188],[-97.56978,42.02605],[-97.58191,42.02021],[-97.5907,42.0209],[-97.59407,42.02912],[-97.59293,42.03573],[-97.60127,42.03284],[-97.60528,42.03358],[-97.61052,42.03838],[-97.625,42.03722],[-97.62679,42.03812],[-97.62672,42.04163]]]}},{"type":"Feature","id":"68727","properties":{"zip":"68727","pop":null,"city":"","county":"Cedar","state":"Nebraska","area":49.32,"lat":42.51156,"lon":-97.20595},"geometry":{"type":"Polygon","coordinates":[[[-97.30884,42.49661],[-97.28923,42.49669],[-97.28923,42.51114],[-97.29912,42.51112],[-97.29891,42.51356],[-97.29252,42.51826],[-97.29484,42.52064],[-97.29271,42.52375],[-97.29454,42.52574],[-97.26974,42.52572],[-97.26968,42.55471],[-97.25648,42.55466],[-97.25006,42.55148],[-97.24991,42.56918],[-97.23124,42.56907],[-97.2314,42.57643],[-97.21187,42.5765],[-97.21173,42.56918],[-97.17242,42.56951],[-97.17245,42.58402],[-97.15261,42.58346],[-97.15251,42.598],[-97.13275,42.59774],[-97.13282,42.52538],[-97.11331,42.52535],[-97.11381,42.51081],[-97.13285,42.51088],[-97.13291,42.49639],[-97.114,42.49633],[-97.11381,42.48185],[-97.13292,42.4819],[-97.13293,42.46736],[-97.17209,42.46731],[-97.17199,42.4529],[-97.19151,42.4529],[-97.19152,42.43843],[-97.21196,42.43851],[-97.21107,42.45291],[-97.23057,42.45296],[-97.23066,42.43851],[-97.25025,42.43857],[-97.25024,42.45311],[-97.26985,42.45316],[-97.26979,42.46764],[-97.30885,42.46763],[-97.30884,42.49661]]]}},{"type":"Feature","id":"68729","properties":{"zip":"68729","pop":null,"city":"","county":"Knox","state":"Nebraska","area":123.72,"lat":42.47478,"lon":-97.90788},"geometry":{"type":"Polygon","coordinates":[[[-98.1506,42.48081],[-98.13112,42.4809],[-98.13108,42.49569],[-98.12419,42.49974],[-98.12614,42.49974],[-98.12614,42.50263],[-98.12346,42.50261],[-98.12638,42.50987],[-98.11166,42.50996],[-98.11159,42.51455],[-98.12134,42.51454],[-98.12135,42.51911],[-98.11141,42.51899],[-98.11151,42.5243],[-98.10497,42.52433],[-98.09886,42.5243],[-98.09988,42.51939],[-98.09288,42.5134],[-98.09451,42.50997],[-98.07238,42.50985],[-98.0725,42.49532],[-98.03349,42.49563],[-98.03335,42.51016],[-97.99437,42.51029],[-97.9944,42.49569],[-97.95512,42.49555],[-97.95523,42.48103],[-97.93575,42.48098],[-97.93574,42.51003],[-97.95504,42.5102],[-97.95501,42.52467],[-97.91615,42.52465],[-97.9156,42.56809],[-97.88622,42.56755],[-97.88614,42.55178],[-97.87678,42.56817],[-97.86333,42.58098],[-97.84283,42.5771],[-97.84024,42.56091],[-97.84314,42.5558],[-97.838,42.55596],[-97.83801,42.58244],[-97.82832,42.58244],[-97.82841,42.56798],[-97.81838,42.56792],[-97.81842,42.55358],[-97.81548,42.55432],[-97.80855,42.55145],[-97.80856,42.54465],[-97.7986,42.54472],[-97.7985,42.54189],[-97.7892,42.5419],[-97.78918,42.53926],[-97.7206,42.53953],[-97.72029,42.52505],[-97.71045,42.52511],[-97.71054,42.5177],[-97.70093,42.51766],[-97.70079,42.50338],[-97.72033,42.50338],[-97.72031,42.4815],[-97.70078,42.48155],[-97.70072,42.46724],[-97.72029,42.46694],[-97.72023,42.45248],[-97.73002,42.45244],[-97.73019,42.43794],[-97.74998,42.4379],[-97.74978,42.44519],[-97.75937,42.44515],[-97.75938,42.43791],[-97.83443,42.43768],[-97.83447,42.39392],[-97.88311,42.39372],[-97.88304,42.383],[-97.89307,42.38281],[-97.89305,42.37915],[-97.91731,42.37897],[-97.91735,42.3682],[-97.92707,42.36812],[-97.92708,42.36443],[-97.95104,42.36435],[-97.95124,42.42235],[-98.04929,42.42217],[-98.04923,42.40767],[-98.06781,42.40762],[-98.06794,42.43728],[-98.13909,42.43724],[-98.1363,42.45064],[-98.1419,42.45543],[-98.15058,42.45532],[-98.1506,42.48081]]]}},{"type":"Feature","id":"68714","properties":{"zip":"68714","pop":null,"city":"","county":"Rock","state":"Nebraska","area":618.34,"lat":42.36956,"lon":-99.50262},"geometry":{"type":"Polygon","coordinates":[[[-99.77509,42.73503],[-99.75249,42.73763],[-99.70858,42.72706],[-99.69294,42.73051],[-99.68597,42.72823],[-99.67205,42.73319],[-99.65986,42.73511],[-99.63804,42.73035],[-99.62049,42.72306],[-99.60176,42.72127],[-99.57075,42.72425],[-99.53749,42.71763],[-99.50311,42.73038],[-99.4866,42.73123],[-99.48128,42.73319],[-99.47043,42.73832],[-99.4625,42.75163],[-99.43706,42.75362],[-99.43099,42.76167],[-99.42022,42.76972],[-99.41522,42.7721],[-99.40277,42.77158],[-99.40198,42.65266],[-99.36343,42.65217],[-99.36257,42.625],[-99.36233,42.59129],[-99.40143,42.58193],[-99.40101,42.54384],[-99.36169,42.54327],[-99.36227,42.43462],[-99.23406,42.43452],[-99.23462,42.20228],[-99.46762,42.20229],[-99.46755,42.08664],[-99.45392,42.08666],[-99.45412,41.97191],[-99.60896,41.97199],[-99.60908,41.95938],[-99.68643,41.95996],[-99.68696,42.08608],[-99.66238,42.08601],[-99.66393,42.42739],[-99.65461,42.42752],[-99.65459,42.4346],[-99.61704,42.43453],[-99.6172,42.46337],[-99.59767,42.46346],[-99.59769,42.49243],[-99.6565,42.49229],[-99.65657,42.52103],[-99.63695,42.52099],[-99.63715,42.54997],[-99.61756,42.55022],[-99.61776,42.57908],[-99.67663,42.57901],[-99.67747,42.6903],[-99.69335,42.68779],[-99.6937,42.68585],[-99.69047,42.68584],[-99.69041,42.68148],[-99.69808,42.68148],[-99.69805,42.67409],[-99.70207,42.67409],[-99.70218,42.68148],[-99.71018,42.67704],[-99.71607,42.67873],[-99.71644,42.67562],[-99.71861,42.67475],[-99.72527,42.67761],[-99.72454,42.67297],[-99.72767,42.67558],[-99.72971,42.67368],[-99.73284,42.67604],[-99.7381,42.67295],[-99.74791,42.67419],[-99.74862,42.68156],[-99.75258,42.68352],[-99.76487,42.6837],[-99.76554,42.69463],[-99.77541,42.69474],[-99.77509,42.73503]]]}},{"type":"Feature","id":"68717","properties":{"zip":"68717","pop":null,"city":"","county":"Cedar","state":"Nebraska","area":13.39,"lat":42.38966,"lon":-97.21919},"geometry":{"type":"Polygon","coordinates":[[[-97.25178,42.4241],[-97.23243,42.42412],[-97.23057,42.45296],[-97.21107,42.45291],[-97.213,42.4134],[-97.19341,42.41698],[-97.20359,42.41469],[-97.20324,42.40953],[-97.19348,42.40949],[-97.19361,42.38048],[-97.17402,42.38043],[-97.17393,42.35144],[-97.25189,42.35163],[-97.25178,42.4241]]]}},{"type":"Feature","id":"68441","properties":{"zip":"68441","pop":null,"city":"","county":"Pawnee","state":"Nebraska","area":51.18,"lat":40.2258,"lon":-96.25463},"geometry":{"type":"Polygon","coordinates":[[[-96.38852,40.27693],[-96.25517,40.27665],[-96.25517,40.26207],[-96.19374,40.26232],[-96.19378,40.25682],[-96.18891,40.25686],[-96.18894,40.25505],[-96.18101,40.25505],[-96.18097,40.2591],[-96.1796,40.25916],[-96.17975,40.24776],[-96.16089,40.24769],[-96.16104,40.2404],[-96.12289,40.24038],[-96.12314,40.20409],[-96.1801,40.20409],[-96.18055,40.18955],[-96.19904,40.18953],[-96.19943,40.15331],[-96.2181,40.15316],[-96.21809,40.14591],[-96.23217,40.14588],[-96.23214,40.15317],[-96.2368,40.15319],[-96.23667,40.18215],[-96.24143,40.18222],[-96.24143,40.18573],[-96.25567,40.18581],[-96.25571,40.16766],[-96.27462,40.1677],[-96.27474,40.16052],[-96.28428,40.16061],[-96.2842,40.16425],[-96.29371,40.16437],[-96.29315,40.20408],[-96.31194,40.2043],[-96.31174,40.21565],[-96.31427,40.21812],[-96.35036,40.21901],[-96.3503,40.23354],[-96.3694,40.23357],[-96.36943,40.24811],[-96.38836,40.24831],[-96.38852,40.27693]]]}},{"type":"Feature","id":"69120","properties":{"zip":"69120","pop":null,"city":"","county":"Custer","state":"Nebraska","area":277.49,"lat":41.42588,"lon":-100.23388},"geometry":{"type":"Polygon","coordinates":[[[-100.44661,41.3208],[-100.44661,41.3651],[-100.4276,41.36549],[-100.42705,41.37906],[-100.42724,41.38627],[-100.44674,41.38629],[-100.44671,41.39348],[-100.4434,41.39348],[-100.44266,41.40781],[-100.42411,41.40794],[-100.42399,41.41464],[-100.43308,41.41499],[-100.43325,41.42963],[-100.44333,41.42997],[-100.44305,41.45152],[-100.40447,41.45114],[-100.4048,41.46515],[-100.33824,41.46454],[-100.33843,41.47146],[-100.3187,41.47127],[-100.3189,41.55169],[-100.36712,41.55271],[-100.36639,41.5957],[-100.30845,41.5956],[-100.30836,41.62525],[-100.25281,41.62486],[-100.25292,41.61738],[-100.24102,41.61046],[-100.20124,41.60963],[-100.19968,41.60841],[-100.19952,41.60003],[-100.19386,41.58999],[-100.19397,41.56683],[-100.07789,41.56724],[-100.0777,41.49491],[-100.05875,41.49499],[-100.05896,41.4806],[-100.03972,41.48085],[-100.03975,41.45874],[-100.03003,41.45891],[-100.03008,41.45168],[-100.0007,41.45198],[-100.0006,41.44468],[-99.991,41.44462],[-99.99092,41.43746],[-99.98127,41.43732],[-99.98165,41.42332],[-99.99158,41.4233],[-99.99282,41.42015],[-99.99051,41.41744],[-99.98547,41.41612],[-99.98649,41.41107],[-99.99298,41.41093],[-99.99857,41.40655],[-100.00454,41.41546],[-100.0104,41.41994],[-100.01116,41.42366],[-100.03946,41.42379],[-100.04187,41.41648],[-100.03981,41.41361],[-100.04113,41.40791],[-100.03928,41.40562],[-100.03951,41.39775],[-100.04665,41.40024],[-100.06831,41.40053],[-100.06634,41.39342],[-100.0833,41.39348],[-100.08296,41.33602],[-100.12057,41.33552],[-100.12059,41.30696],[-100.11132,41.30697],[-100.11126,41.29976],[-100.10214,41.29975],[-100.1022,41.29266],[-100.13918,41.29213],[-100.13922,41.26344],[-100.15838,41.26275],[-100.15836,41.25331],[-100.16088,41.25196],[-100.16056,41.24883],[-100.17763,41.2487],[-100.17766,41.23885],[-100.19669,41.23326],[-100.23524,41.23407],[-100.23434,41.27739],[-100.27346,41.27947],[-100.35047,41.27716],[-100.35048,41.30682],[-100.44684,41.30624],[-100.44661,41.3208]]]}},{"type":"Feature","id":"68064","properties":{"zip":"68064","pop":null,"city":"Valley","county":"Douglas","state":"Nebraska","area":41.91,"lat":41.34926,"lon":-96.35538},"geometry":{"type":"Polygon","coordinates":[[[-96.47072,41.39324],[-96.3675,41.39317],[-96.36746,41.40048],[-96.3482,41.40053],[-96.34822,41.39318],[-96.26788,41.39314],[-96.26797,41.37895],[-96.25341,41.37898],[-96.2536,41.36437],[-96.2679,41.36433],[-96.26798,41.35708],[-96.28236,41.35612],[-96.28262,41.33543],[-96.27514,41.33533],[-96.2747,41.3062],[-96.30973,41.30643],[-96.31017,41.29886],[-96.32583,41.30506],[-96.32602,41.29547],[-96.33065,41.29548],[-96.33072,41.29185],[-96.35444,41.29168],[-96.35555,41.29496],[-96.3629,41.29945],[-96.37846,41.29935],[-96.38583,41.29202],[-96.40094,41.29199],[-96.41821,41.3172],[-96.4256,41.31613],[-96.42554,41.32079],[-96.44497,41.32085],[-96.44491,41.34983],[-96.44214,41.34979],[-96.43046,41.33534],[-96.41811,41.33537],[-96.41942,41.34331],[-96.41531,41.34392],[-96.42222,41.35308],[-96.4224,41.35476],[-96.41869,41.34935],[-96.42294,41.35723],[-96.43203,41.36055],[-96.43511,41.36355],[-96.43508,41.369],[-96.45951,41.38032],[-96.47072,41.39324]]]}},{"type":"Feature","id":"68307","properties":{"zip":"68307","pop":null,"city":"","county":"Cass","state":"Nebraska","area":31.99,"lat":40.78769,"lon":-96.14053},"geometry":{"type":"Polygon","coordinates":[[[-96.23654,40.81996],[-96.21685,40.82016],[-96.21685,40.8238],[-96.21211,40.82387],[-96.21212,40.82023],[-96.20732,40.8203],[-96.20729,40.81302],[-96.15936,40.81306],[-96.15927,40.82755],[-96.11204,40.82763],[-96.11189,40.82039],[-96.08333,40.82044],[-96.08342,40.82769],[-96.05485,40.82771],[-96.05474,40.8059],[-96.05001,40.8059],[-96.04988,40.79862],[-96.07358,40.79851],[-96.07349,40.78406],[-96.05444,40.78408],[-96.05495,40.77693],[-96.04527,40.77693],[-96.04502,40.76964],[-96.05055,40.76969],[-96.04984,40.75518],[-96.10254,40.75512],[-96.10277,40.74059],[-96.12119,40.74056],[-96.12119,40.75506],[-96.14019,40.75505],[-96.1402,40.76957],[-96.15927,40.76952],[-96.15901,40.755],[-96.16833,40.75496],[-96.16869,40.75847],[-96.17848,40.75871],[-96.17838,40.75504],[-96.23607,40.75483],[-96.23642,40.7982],[-96.21657,40.79836],[-96.21676,40.80927],[-96.22157,40.80921],[-96.22169,40.81284],[-96.2365,40.81267],[-96.23654,40.81996]]]}},{"type":"Feature","id":"69131","properties":{"zip":"69131","pop":null,"city":"","county":"Cheyenne","state":"Nebraska","area":191.83,"lat":41.42166,"lon":-103.00052},"geometry":{"type":"Polygon","coordinates":[[[-103.30968,41.45299],[-103.2349,41.45284],[-103.23302,41.49649],[-103.21378,41.49682],[-103.21424,41.48219],[-103.16091,41.48248],[-103.1614,41.49316],[-103.15805,41.49715],[-103.15552,41.51],[-103.15555,41.52558],[-103.08017,41.52532],[-103.08078,41.50938],[-103.07811,41.50093],[-103.08013,41.49954],[-103.08273,41.47371],[-103.0714,41.4655],[-103.06299,41.46475],[-103.04865,41.453],[-103.02192,41.45276],[-103.02183,41.46288],[-103.03165,41.4745],[-103.03173,41.48174],[-103.02679,41.48171],[-103.02682,41.48535],[-103.02188,41.48532],[-103.019,41.48907],[-103.02192,41.48904],[-103.02198,41.49626],[-103.01704,41.49628],[-103.01523,41.49454],[-103.01197,41.48877],[-103.01103,41.48198],[-102.94713,41.48213],[-102.94486,41.47794],[-102.94494,41.48214],[-102.86723,41.48264],[-102.86783,41.51888],[-102.85823,41.51869],[-102.8585,41.50791],[-102.84896,41.50783],[-102.84815,41.52561],[-102.83883,41.52748],[-102.81068,41.52624],[-102.81014,41.48289],[-102.77133,41.48307],[-102.77116,41.45382],[-102.75238,41.45391],[-102.75325,41.39537],[-102.76296,41.39535],[-102.764,41.32283],[-102.82104,41.32267],[-102.82098,41.33716],[-102.83586,41.339],[-102.8401,41.3438],[-102.84008,41.35173],[-102.97397,41.35217],[-102.97403,41.33761],[-102.99241,41.33765],[-102.99235,41.35209],[-103.01172,41.35225],[-103.0116,41.33775],[-103.0887,41.33754],[-103.08835,41.35201],[-103.14681,41.35194],[-103.14674,41.3663],[-103.20484,41.36612],[-103.20474,41.39467],[-103.29425,41.39437],[-103.29317,41.42334],[-103.27397,41.42352],[-103.27365,41.43057],[-103.29195,41.43057],[-103.29195,41.43816],[-103.3116,41.43821],[-103.30968,41.45299]]]}},{"type":"Feature","id":"69021","properties":{"zip":"69021","pop":null,"city":"","county":"Dundy","state":"Nebraska","area":234.43,"lat":40.1396,"lon":-101.53614},"geometry":{"type":"Polygon","coordinates":[[[-101.75283,40.02203],[-101.74843,40.03596],[-101.72025,40.04215],[-101.69283,40.04353],[-101.66323,40.03911],[-101.66283,40.07581],[-101.62562,40.0759],[-101.62568,40.10493],[-101.66327,40.10486],[-101.66378,40.32182],[-101.68283,40.32182],[-101.68301,40.34969],[-101.58817,40.34993],[-101.58802,40.32189],[-101.54991,40.32191],[-101.54968,40.29852],[-101.4748,40.29862],[-101.47482,40.2479],[-101.40001,40.24808],[-101.40003,40.23363],[-101.40992,40.23364],[-101.40992,40.22578],[-101.41404,40.22584],[-101.41412,40.22262],[-101.40994,40.22262],[-101.40995,40.22032],[-101.47442,40.21943],[-101.49247,40.22195],[-101.4929,40.16302],[-101.47931,40.16309],[-101.47853,40.15814],[-101.47438,40.15528],[-101.45345,40.15532],[-101.4428,40.14956],[-101.41767,40.14701],[-101.41751,40.13673],[-101.41419,40.1259],[-101.40872,40.11935],[-101.40857,40.11012],[-101.37805,40.12169],[-101.36139,40.12516],[-101.32519,40.12575],[-101.32404,40.0027],[-101.74611,40.00271],[-101.74668,40.0094],[-101.75088,40.01323],[-101.75283,40.02203]]]}},{"type":"Feature","id":"68788","properties":{"zip":"68788","pop":null,"city":"","county":"Cuming","state":"Nebraska","area":141.02,"lat":41.83868,"lon":-96.7257},"geometry":{"type":"Polygon","coordinates":[[[-96.92283,41.82968],[-96.92287,41.84419],[-96.90338,41.84419],[-96.90334,41.85869],[-96.89429,41.85874],[-96.89424,41.87326],[-96.86508,41.87313],[-96.86495,41.85864],[-96.82616,41.85882],[-96.82621,41.87337],[-96.80689,41.87338],[-96.80664,41.89472],[-96.78744,41.88406],[-96.78737,41.9145],[-96.79082,41.9164],[-96.78725,41.91658],[-96.78725,41.9311],[-96.72894,41.93097],[-96.72918,41.98902],[-96.70977,41.9889],[-96.70968,41.97442],[-96.67104,41.97439],[-96.67101,41.94539],[-96.61353,41.94506],[-96.61322,41.93055],[-96.60353,41.93053],[-96.60352,41.92326],[-96.59382,41.9232],[-96.5939,41.84351],[-96.61349,41.84362],[-96.61338,41.82913],[-96.59399,41.82903],[-96.5932,41.80378],[-96.57407,41.80368],[-96.57398,41.80007],[-96.59313,41.80013],[-96.5935,41.7856],[-96.57437,41.78555],[-96.57452,41.75654],[-96.59389,41.7566],[-96.59385,41.7421],[-96.61332,41.74219],[-96.61325,41.74584],[-96.61807,41.74589],[-96.61807,41.74938],[-96.62771,41.74947],[-96.6278,41.74222],[-96.77188,41.74251],[-96.77181,41.73543],[-96.78093,41.73545],[-96.78089,41.74254],[-96.82622,41.74263],[-96.82611,41.75718],[-96.83575,41.75718],[-96.83578,41.76447],[-96.84561,41.76446],[-96.84564,41.7572],[-96.86496,41.75724],[-96.8648,41.77173],[-96.88414,41.77171],[-96.8841,41.80072],[-96.87444,41.80075],[-96.87446,41.80289],[-96.87977,41.80291],[-96.87986,41.80783],[-96.88426,41.80779],[-96.88441,41.81517],[-96.92299,41.81526],[-96.92283,41.82968]]]}},{"type":"Feature","id":"68370","properties":{"zip":"68370","pop":null,"city":"","county":"Thayer","state":"Nebraska","area":124.78,"lat":40.1415,"lon":-97.55565},"geometry":{"type":"Polygon","coordinates":[[[-97.72662,40.21989],[-97.68965,40.21992],[-97.68963,40.20911],[-97.67104,40.20905],[-97.67068,40.23095],[-97.66102,40.23083],[-97.66109,40.23454],[-97.63116,40.23463],[-97.63267,40.24184],[-97.62321,40.24184],[-97.6231,40.24916],[-97.61359,40.24911],[-97.6137,40.23453],[-97.59472,40.23457],[-97.59478,40.22001],[-97.53916,40.21979],[-97.53881,40.20525],[-97.44461,40.20513],[-97.44479,40.14705],[-97.4273,40.14394],[-97.41339,40.14343],[-97.40728,40.14612],[-97.40901,40.14981],[-97.40729,40.15428],[-97.40722,40.19063],[-97.36912,40.19071],[-97.36914,40.11085],[-97.3882,40.11078],[-97.38815,40.10352],[-97.4071,40.10356],[-97.40676,40.07437],[-97.4445,40.07436],[-97.44445,40.05988],[-97.45981,40.06003],[-97.46053,40.06347],[-97.46286,40.06282],[-97.46233,40.06512],[-97.46532,40.06582],[-97.46465,40.06783],[-97.46735,40.06729],[-97.46738,40.06905],[-97.47102,40.06964],[-97.47017,40.07283],[-97.47197,40.07255],[-97.47035,40.07403],[-97.47229,40.07735],[-97.4755,40.07732],[-97.48152,40.08167],[-97.48215,40.07466],[-97.50089,40.07469],[-97.50107,40.08904],[-97.53877,40.08909],[-97.53885,40.04554],[-97.55772,40.04568],[-97.55778,40.06021],[-97.61401,40.06009],[-97.61409,40.04569],[-97.65185,40.04567],[-97.65197,40.07475],[-97.67086,40.07467],[-97.67082,40.04562],[-97.68953,40.0456],[-97.68971,40.13253],[-97.66117,40.13252],[-97.66118,40.16155],[-97.70797,40.16145],[-97.70793,40.19065],[-97.72664,40.19086],[-97.72662,40.21989]]]}},{"type":"Feature","id":"68845","properties":{"zip":"68845","pop":null,"city":"Kearney","county":"Buffalo","state":"Nebraska","area":94.6,"lat":40.71586,"lon":-99.17059},"geometry":{"type":"Polygon","coordinates":[[[-99.31227,40.78656],[-99.25517,40.78646],[-99.25521,40.772],[-99.2362,40.77191],[-99.23608,40.78634],[-99.21724,40.78627],[-99.21717,40.77153],[-99.15981,40.77189],[-99.15972,40.78079],[-99.15458,40.77873],[-99.15478,40.78616],[-99.14078,40.78612],[-99.14084,40.80062],[-99.16003,40.80068],[-99.16068,40.84352],[-99.1271,40.84408],[-99.12733,40.85134],[-99.12258,40.85144],[-99.12237,40.84415],[-99.10352,40.84439],[-99.10351,40.83717],[-99.08454,40.83717],[-99.08441,40.82992],[-99.09392,40.82992],[-99.09381,40.82267],[-99.08428,40.82268],[-99.08379,40.76473],[-99.08628,40.75394],[-99.0838,40.75102],[-99.08384,40.73475],[-99.08696,40.73474],[-99.0872,40.73256],[-99.08384,40.73257],[-99.08391,40.72125],[-99.08737,40.72125],[-99.08677,40.71623],[-99.08396,40.71622],[-99.08539,40.71541],[-99.08398,40.7139],[-99.08543,40.71065],[-99.08401,40.71061],[-99.08434,40.70154],[-99.08572,40.70155],[-99.08438,40.69936],[-99.08714,40.69938],[-99.08718,40.6977],[-99.08443,40.69765],[-99.08518,40.69495],[-99.08726,40.69477],[-99.08524,40.69348],[-99.08511,40.6778],[-99.08616,40.66941],[-99.08866,40.66949],[-99.0866,40.66748],[-99.09519,40.66739],[-99.09516,40.66591],[-99.09019,40.66546],[-99.08818,40.66132],[-99.08628,40.6613],[-99.0848,40.6324],[-99.08989,40.6324],[-99.08986,40.62969],[-99.08479,40.62872],[-99.08477,40.61194],[-99.2366,40.61254],[-99.23695,40.64214],[-99.25616,40.64211],[-99.25625,40.65691],[-99.23704,40.65695],[-99.23669,40.66537],[-99.25575,40.66649],[-99.25522,40.70421],[-99.27425,40.70675],[-99.2742,40.71424],[-99.28363,40.71427],[-99.28356,40.72515],[-99.27405,40.7251],[-99.27412,40.7432],[-99.29789,40.74332],[-99.29795,40.75057],[-99.29319,40.75054],[-99.29327,40.77222],[-99.31228,40.77229],[-99.31227,40.78656]],[[-99.11128,40.69944],[-99.09458,40.69952],[-99.09387,40.70464],[-99.11076,40.7012],[-99.11128,40.69944]]]}},{"type":"Feature","id":"68662","properties":{"zip":"68662","pop":null,"city":"","county":"Polk","state":"Nebraska","area":69.98,"lat":41.20707,"lon":-97.41542},"geometry":{"type":"Polygon","coordinates":[[[-97.48347,41.2092],[-97.4834,41.23561],[-97.46467,41.23558],[-97.46461,41.24985],[-97.48342,41.25014],[-97.48346,41.26469],[-97.47395,41.2647],[-97.47431,41.2938],[-97.46447,41.29391],[-97.46452,41.32273],[-97.39837,41.32402],[-97.36816,41.32263],[-97.36812,41.30831],[-97.34956,41.30752],[-97.349,41.23588],[-97.38737,41.23548],[-97.38724,41.22107],[-97.36802,41.22106],[-97.36809,41.13398],[-97.34968,41.13396],[-97.34961,41.12666],[-97.35562,41.12668],[-97.3556,41.11941],[-97.36805,41.11948],[-97.36813,41.07597],[-97.40626,41.07592],[-97.40649,41.09041],[-97.41616,41.09046],[-97.41626,41.08329],[-97.42569,41.08324],[-97.42562,41.07599],[-97.44464,41.07581],[-97.44498,41.09033],[-97.46435,41.0905],[-97.46491,41.11949],[-97.45459,41.11943],[-97.45476,41.13402],[-97.46465,41.134],[-97.46444,41.19204],[-97.47364,41.19199],[-97.47355,41.19935],[-97.48355,41.19951],[-97.48347,41.2092]]]}},{"type":"Feature","id":"68834","properties":{"zip":"68834","pop":null,"city":"","county":"Dawson","state":"Nebraska","area":87.27,"lat":41.0182,"lon":-99.65054},"geometry":{"type":"Polygon","coordinates":[[[-99.81583,41.03226],[-99.78682,41.03197],[-99.78676,41.0283],[-99.77735,41.02827],[-99.77733,41.02099],[-99.77277,41.02204],[-99.77143,41.02677],[-99.76764,41.02821],[-99.76709,41.0319],[-99.71096,41.03195],[-99.71075,41.04626],[-99.71316,41.04665],[-99.71361,41.05774],[-99.71185,41.06112],[-99.70384,41.06101],[-99.7039,41.07546],[-99.65661,41.07557],[-99.65514,41.08114],[-99.65728,41.08381],[-99.65591,41.09317],[-99.65293,41.09393],[-99.64954,41.09973],[-99.63794,41.10151],[-99.63192,41.10543],[-99.62694,41.10392],[-99.62302,41.10665],[-99.61788,41.11395],[-99.61455,41.12782],[-99.60663,41.13751],[-99.60611,41.14057],[-99.60678,41.14543],[-99.61319,41.14593],[-99.62608,41.15086],[-99.62599,41.16192],[-99.6093,41.16191],[-99.61187,41.1635],[-99.61122,41.16879],[-99.629,41.169],[-99.62891,41.17339],[-99.63148,41.17737],[-99.64022,41.18059],[-99.63761,41.18154],[-99.6375,41.185],[-99.64412,41.18599],[-99.64473,41.1875],[-99.65997,41.18809],[-99.65991,41.18583],[-99.66384,41.18331],[-99.66535,41.18454],[-99.66384,41.1849],[-99.66352,41.21926],[-99.62549,41.21978],[-99.62553,41.20495],[-99.62099,41.20467],[-99.62062,41.19071],[-99.61814,41.18589],[-99.61945,41.17715],[-99.6084,41.17422],[-99.6067,41.15541],[-99.60043,41.15212],[-99.59807,41.14825],[-99.59818,41.14272],[-99.59576,41.13985],[-99.59131,41.14006],[-99.58447,41.13472],[-99.58326,41.1377],[-99.57124,41.13754],[-99.56897,41.13158],[-99.56214,41.13234],[-99.55959,41.12775],[-99.55987,41.09829],[-99.5786,41.09617],[-99.57895,41.07894],[-99.58174,41.06832],[-99.57943,41.06239],[-99.57942,41.04844],[-99.57767,41.04546],[-99.5772,40.98875],[-99.62214,40.98863],[-99.5962,40.9671],[-99.5965,40.9454],[-99.56778,40.94531],[-99.57021,40.92755],[-99.57627,40.92155],[-99.57795,40.91246],[-99.57771,40.88727],[-99.62543,40.88725],[-99.6259,40.91511],[-99.62672,40.91651],[-99.6354,40.91669],[-99.63498,40.92831],[-99.65423,40.91823],[-99.65413,40.88739],[-99.69137,40.88846],[-99.69329,40.91665],[-99.69215,40.95947],[-99.72981,40.96055],[-99.72996,40.96733],[-99.74745,40.96811],[-99.74685,40.97969],[-99.74938,40.99042],[-99.74705,40.99971],[-99.75515,41.00066],[-99.76602,40.99855],[-99.76996,41.00167],[-99.78129,41.00457],[-99.78641,41.00987],[-99.80569,41.00995],[-99.81255,41.01249],[-99.81162,41.01746],[-99.80623,41.01741],[-99.80623,41.02485],[-99.81575,41.0249],[-99.81583,41.03226]]]}},{"type":"Feature","id":"68019","properties":{"zip":"68019","pop":null,"city":"","county":"Burt","state":"Nebraska","area":58.34,"lat":41.77971,"lon":-96.37325},"geometry":{"type":"Polygon","coordinates":[[[-96.46348,41.75628],[-96.46347,41.7708],[-96.44424,41.77084],[-96.44443,41.79991],[-96.40568,41.80007],[-96.40567,41.81456],[-96.38621,41.81444],[-96.38604,41.84343],[-96.36664,41.84336],[-96.36673,41.90143],[-96.28988,41.90149],[-96.2896,41.84347],[-96.30766,41.84545],[-96.31778,41.85063],[-96.31787,41.82892],[-96.30857,41.82893],[-96.30874,41.79982],[-96.31286,41.79977],[-96.31284,41.8072],[-96.31868,41.80722],[-96.32013,41.79982],[-96.32795,41.79985],[-96.32783,41.77825],[-96.34725,41.77837],[-96.34727,41.77195],[-96.34559,41.77085],[-96.32786,41.77089],[-96.32894,41.74177],[-96.34735,41.74176],[-96.34759,41.7124],[-96.32882,41.71233],[-96.32861,41.68331],[-96.34772,41.68343],[-96.34773,41.67643],[-96.36713,41.67641],[-96.3671,41.66889],[-96.38641,41.66889],[-96.38646,41.68339],[-96.44478,41.68363],[-96.44438,41.72716],[-96.45708,41.72723],[-96.46329,41.73188],[-96.46348,41.75628]]]}},{"type":"Feature","id":"68773","properties":{"zip":"68773","pop":null,"city":"","county":"Antelope","state":"Nebraska","area":38.41,"lat":42.36245,"lon":-98.11991},"geometry":{"type":"Polygon","coordinates":[[[-98.18426,42.42707],[-98.17912,42.4288],[-98.16523,42.42885],[-98.1656,42.43731],[-98.06794,42.43728],[-98.06785,42.39314],[-98.07767,42.39311],[-98.0776,42.38591],[-98.08735,42.38587],[-98.08727,42.39311],[-98.10702,42.39299],[-98.10697,42.37846],[-98.08742,42.37869],[-98.08738,42.34962],[-98.07752,42.34963],[-98.07754,42.34245],[-98.06789,42.34246],[-98.06788,42.33521],[-98.07746,42.33519],[-98.07759,42.32809],[-98.06788,42.32805],[-98.06788,42.32073],[-98.05813,42.32073],[-98.05816,42.30627],[-98.06789,42.30624],[-98.06785,42.26283],[-98.11656,42.26276],[-98.11637,42.29181],[-98.10688,42.2918],[-98.10681,42.30628],[-98.14575,42.3062],[-98.14581,42.3207],[-98.16509,42.32066],[-98.16521,42.33063],[-98.18422,42.33067],[-98.18421,42.33508],[-98.16522,42.33508],[-98.16538,42.36389],[-98.18419,42.36398],[-98.18426,42.42707]]]}},{"type":"Feature","id":"68315","properties":{"zip":"68315","pop":null,"city":"","county":"Thayer","state":"Nebraska","area":26.39,"lat":40.24606,"lon":-97.53838},"geometry":{"type":"Polygon","coordinates":[[[-97.61359,40.24911],[-97.61325,40.26369],[-97.59449,40.26305],[-97.5963,40.26799],[-97.60027,40.26856],[-97.60078,40.27092],[-97.60371,40.27161],[-97.60372,40.27825],[-97.61317,40.27933],[-97.61336,40.29279],[-97.57658,40.2925],[-97.5766,40.27797],[-97.55785,40.27801],[-97.55786,40.28478],[-97.5485,40.28477],[-97.54851,40.29251],[-97.52039,40.29233],[-97.52023,40.2778],[-97.51054,40.2777],[-97.51053,40.26332],[-97.50119,40.26333],[-97.50117,40.27056],[-97.49178,40.27059],[-97.49165,40.26286],[-97.48219,40.26288],[-97.48226,40.22718],[-97.44465,40.22718],[-97.44461,40.20513],[-97.53881,40.20525],[-97.53916,40.21979],[-97.59478,40.22001],[-97.59472,40.23457],[-97.6137,40.23453],[-97.61359,40.24911]]]}},{"type":"Feature","id":"68067","properties":{"zip":"68067","pop":null,"city":"","county":"Thurston","state":"Nebraska","area":44.99,"lat":42.1519,"lon":-96.48606},"geometry":{"type":"Polygon","coordinates":[[[-96.58983,42.16078],[-96.58988,42.17693],[-96.57042,42.17689],[-96.57045,42.19143],[-96.531,42.19127],[-96.53084,42.20579],[-96.52097,42.20577],[-96.52117,42.22758],[-96.50657,42.22751],[-96.50656,42.22388],[-96.51142,42.22391],[-96.51141,42.22028],[-96.48221,42.22023],[-96.48235,42.19117],[-96.47311,42.19114],[-96.47206,42.21218],[-96.47067,42.21322],[-96.46278,42.20965],[-96.46282,42.19109],[-96.41698,42.19125],[-96.40174,42.18032],[-96.39512,42.18037],[-96.39748,42.1701],[-96.39498,42.16604],[-96.39608,42.13338],[-96.39034,42.13334],[-96.39034,42.12972],[-96.39525,42.12973],[-96.39521,42.12611],[-96.38543,42.12609],[-96.38543,42.11886],[-96.39298,42.11901],[-96.40507,42.12427],[-96.40499,42.10431],[-96.4629,42.10431],[-96.46279,42.08977],[-96.48231,42.08984],[-96.48213,42.09712],[-96.48714,42.09712],[-96.48723,42.08984],[-96.52121,42.08992],[-96.52117,42.10438],[-96.55095,42.10446],[-96.55099,42.15174],[-96.55881,42.1565],[-96.56033,42.16096],[-96.57033,42.16092],[-96.57036,42.14357],[-96.57521,42.14357],[-96.57521,42.14086],[-96.57035,42.14085],[-96.57038,42.1336],[-96.58989,42.13361],[-96.58983,42.16078]]]}},{"type":"Feature","id":"68710","properties":{"zip":"68710","pop":null,"city":"","county":"Dixon","state":"Nebraska","area":59.65,"lat":42.43896,"lon":-96.84783},"geometry":{"type":"Polygon","coordinates":[[[-96.95679,42.52512],[-96.8981,42.5246],[-96.89801,42.49587],[-96.88382,42.49584],[-96.87749,42.49969],[-96.86665,42.49965],[-96.86666,42.50323],[-96.85927,42.50324],[-96.85929,42.51063],[-96.83457,42.51039],[-96.8347,42.50618],[-96.82961,42.50585],[-96.8258,42.50339],[-96.81225,42.50292],[-96.80999,42.49601],[-96.78074,42.49575],[-96.78065,42.48113],[-96.77576,42.48095],[-96.77565,42.47789],[-96.761,42.47589],[-96.77072,42.47398],[-96.77066,42.46674],[-96.75828,42.46668],[-96.75358,42.46266],[-96.76709,42.45797],[-96.77182,42.45278],[-96.78068,42.44828],[-96.7715,42.45216],[-96.761,42.45216],[-96.76142,42.43774],[-96.76525,42.43774],[-96.76523,42.42721],[-96.7553,42.42626],[-96.75539,42.42352],[-96.74591,42.42338],[-96.74568,42.40897],[-96.7428,42.4089],[-96.74565,42.40638],[-96.74553,42.38003],[-96.78378,42.38007],[-96.78392,42.36559],[-96.83747,42.36563],[-96.83759,42.35843],[-96.84252,42.35845],[-96.84256,42.35119],[-96.90078,42.35129],[-96.90075,42.36581],[-96.89118,42.36574],[-96.89119,42.37299],[-96.90073,42.373],[-96.90075,42.38029],[-96.86206,42.38026],[-96.86226,42.40936],[-96.92037,42.40932],[-96.92046,42.39476],[-96.93969,42.39544],[-96.93989,42.42362],[-96.93011,42.42379],[-96.93003,42.43791],[-96.91752,42.43789],[-96.91748,42.46678],[-96.93707,42.4668],[-96.9373,42.49574],[-96.95683,42.49581],[-96.95679,42.52512]]]}},{"type":"Feature","id":"69026","properties":{"zip":"69026","pop":null,"city":"","county":"Red Willow","state":"Nebraska","area":60.71,"lat":40.01962,"lon":-100.41312},"geometry":{"type":"Polygon","coordinates":[[[-100.53446,40.03835],[-100.52969,40.03841],[-100.5297,40.03126],[-100.47855,40.03174],[-100.47696,40.08973],[-100.45803,40.08966],[-100.45815,40.10423],[-100.43941,40.10448],[-100.43959,40.1185],[-100.38236,40.11761],[-100.38122,40.07286],[-100.35266,40.07267],[-100.35255,40.06519],[-100.34306,40.06523],[-100.34333,40.04383],[-100.36201,40.04289],[-100.36349,40.00178],[-100.34618,40.00176],[-100.34685,39.95875],[-100.30981,39.95876],[-100.30803,39.94975],[-100.30959,39.91519],[-100.38495,39.91524],[-100.3849,39.9226],[-100.36613,39.92254],[-100.36587,39.95868],[-100.38468,39.95848],[-100.38481,39.94421],[-100.40284,39.94441],[-100.40261,39.97298],[-100.4592,39.97305],[-100.45906,39.95834],[-100.47804,39.95839],[-100.47763,40.00175],[-100.53292,40.00187],[-100.53446,40.03835]]]}},{"type":"Feature","id":"68023","properties":{"zip":"68023","pop":null,"city":"","county":"Washington","state":"Nebraska","area":31.19,"lat":41.46185,"lon":-96.02231},"geometry":{"type":"Polygon","coordinates":[[[-96.09819,41.43669],[-96.0789,41.43668],[-96.0789,41.44825],[-96.08128,41.45591],[-96.08336,41.45712],[-96.07876,41.46505],[-96.0804,41.47206],[-96.07881,41.47522],[-96.08614,41.47674],[-96.09191,41.48033],[-96.09115,41.48223],[-96.09362,41.48692],[-96.08825,41.4873],[-96.08831,41.49661],[-96.08435,41.49658],[-96.08244,41.50068],[-96.07869,41.50135],[-96.07872,41.50546],[-96.06823,41.50526],[-96.06282,41.49804],[-96.0598,41.49811],[-96.05961,41.50903],[-96.06465,41.5143],[-96.06458,41.51672],[-96.05369,41.50886],[-96.04812,41.50727],[-96.0381,41.50799],[-96.03488,41.5117],[-96.03444,41.52105],[-96.03171,41.52218],[-96.02931,41.52798],[-96.02666,41.54037],[-96.01915,41.54514],[-96.00511,41.54325],[-95.99997,41.53948],[-95.99267,41.51729],[-95.99283,41.512],[-95.9979,41.50479],[-96.01599,41.49266],[-96.01982,41.48803],[-96.01176,41.47621],[-96.00471,41.47234],[-95.98296,41.46978],[-95.96233,41.46281],[-95.94647,41.46617],[-95.9368,41.46519],[-95.92571,41.45938],[-95.92028,41.45157],[-95.91987,41.44792],[-95.92183,41.44206],[-95.93317,41.42943],[-95.92972,41.41133],[-95.93749,41.3931],[-95.93858,41.39606],[-95.93084,41.41147],[-95.9338,41.43091],[-95.93654,41.43446],[-95.94058,41.43525],[-95.94727,41.44432],[-95.9501,41.44496],[-95.95052,41.44765],[-95.94819,41.45084],[-95.96401,41.45109],[-95.96421,41.4293],[-95.981,41.42914],[-95.98815,41.42626],[-95.98882,41.4225],[-95.99215,41.42203],[-95.99462,41.41833],[-95.99843,41.40286],[-96.00362,41.39874],[-96.00656,41.39308],[-96.01126,41.39312],[-96.01187,41.39678],[-96.02184,41.39662],[-96.02143,41.40156],[-96.03693,41.40109],[-96.03569,41.40729],[-96.03362,41.40769],[-96.03381,41.41172],[-96.03821,41.42221],[-96.05033,41.42219],[-96.05019,41.41496],[-96.0596,41.415],[-96.05969,41.42223],[-96.09818,41.42218],[-96.09819,41.43669]]]}},{"type":"Feature","id":"68949","properties":{"zip":"68949","pop":null,"city":"","county":"Phelps","state":"Nebraska","area":166.13,"lat":40.43199,"lon":-99.39466},"geometry":{"type":"Polygon","coordinates":[[[-99.57927,40.42373],[-99.57828,40.43719],[-99.49297,40.4374],[-99.49317,40.45202],[-99.45481,40.4523],[-99.45507,40.46665],[-99.45014,40.46655],[-99.45011,40.4738],[-99.44535,40.47375],[-99.44543,40.48104],[-99.41782,40.48162],[-99.41791,40.50872],[-99.41976,40.50871],[-99.41975,40.5105],[-99.43635,40.5104],[-99.43647,40.51413],[-99.44604,40.5141],[-99.4461,40.51771],[-99.45559,40.51772],[-99.45616,40.5395],[-99.47357,40.54003],[-99.47395,40.55488],[-99.45481,40.55427],[-99.4547,40.57613],[-99.44535,40.57613],[-99.44548,40.57254],[-99.43613,40.57257],[-99.43564,40.58341],[-99.39876,40.58354],[-99.39835,40.56899],[-99.37999,40.56851],[-99.37974,40.5978],[-99.36055,40.59779],[-99.36101,40.62787],[-99.34265,40.62799],[-99.34218,40.62023],[-99.33252,40.62],[-99.33215,40.61251],[-99.32275,40.61268],[-99.32304,40.56885],[-99.30358,40.56898],[-99.3035,40.53987],[-99.3227,40.53983],[-99.32265,40.52528],[-99.31297,40.52533],[-99.31301,40.53258],[-99.30348,40.53258],[-99.30376,40.48156],[-99.28913,40.48151],[-99.28924,40.4742],[-99.27478,40.4741],[-99.27492,40.43788],[-99.19851,40.43765],[-99.19842,40.42323],[-99.21798,40.42309],[-99.21824,40.40851],[-99.25491,40.40874],[-99.25584,40.41622],[-99.27489,40.41656],[-99.27482,40.40877],[-99.25557,40.39985],[-99.25544,40.39433],[-99.2748,40.39458],[-99.27475,40.38004],[-99.30335,40.37969],[-99.3027,40.35063],[-99.29255,40.35062],[-99.2925,40.33619],[-99.27443,40.33594],[-99.27414,40.32154],[-99.29247,40.32169],[-99.29244,40.3144],[-99.28497,40.31445],[-99.28478,40.30714],[-99.33852,40.30722],[-99.33969,40.29992],[-99.34447,40.29979],[-99.3445,40.2927],[-99.34914,40.29259],[-99.34915,40.30725],[-99.35865,40.30717],[-99.35857,40.2998],[-99.36838,40.29967],[-99.36833,40.30711],[-99.4056,40.30842],[-99.4055,40.29997],[-99.433,40.30043],[-99.43289,40.29307],[-99.46145,40.29287],[-99.46203,40.32893],[-99.48105,40.32878],[-99.48126,40.35086],[-99.48588,40.35088],[-99.48585,40.34347],[-99.49068,40.34344],[-99.49989,40.34399],[-99.50003,40.35101],[-99.57644,40.35148],[-99.57927,40.42373]],[[-99.47808,40.3682],[-99.4777,40.36493],[-99.46857,40.36504],[-99.46721,40.37176],[-99.47787,40.37178],[-99.47808,40.3682]]]}},{"type":"Feature","id":"68973","properties":{"zip":"68973","pop":null,"city":"","county":"Adams","state":"Nebraska","area":36.05,"lat":40.45014,"lon":-98.55963},"geometry":{"type":"Polygon","coordinates":[[[-98.62908,40.49848],[-98.62904,40.50607],[-98.61957,40.50608],[-98.61956,40.50975],[-98.59172,40.50961],[-98.5917,40.51693],[-98.58217,40.51698],[-98.58213,40.50969],[-98.5898,40.50961],[-98.57257,40.50977],[-98.57271,40.52436],[-98.55376,40.52441],[-98.55358,40.49533],[-98.49674,40.49546],[-98.4966,40.46647],[-98.47759,40.4665],[-98.47764,40.452],[-98.49655,40.45198],[-98.49654,40.43751],[-98.5155,40.43746],[-98.51549,40.40852],[-98.52479,40.40838],[-98.52493,40.37937],[-98.53424,40.37926],[-98.53422,40.38649],[-98.54368,40.38655],[-98.54366,40.39379],[-98.57215,40.39385],[-98.57225,40.3649],[-98.59123,40.36483],[-98.59118,40.39379],[-98.61024,40.39389],[-98.61022,40.49446],[-98.62908,40.49522],[-98.62908,40.49848]]]}},{"type":"Feature","id":"68004","properties":{"zip":"68004","pop":null,"city":"","county":"Cuming","state":"Nebraska","area":57.7,"lat":42.00885,"lon":-96.62983},"geometry":{"type":"Polygon","coordinates":[[[-96.76833,42.03244],[-96.72949,42.03259],[-96.72942,42.01697],[-96.71005,42.01675],[-96.70994,42.03253],[-96.67562,42.03239],[-96.67549,42.03963],[-96.68087,42.03964],[-96.68083,42.04688],[-96.67112,42.04684],[-96.67111,42.05413],[-96.64267,42.05374],[-96.64273,42.06813],[-96.64754,42.06819],[-96.6476,42.07537],[-96.65739,42.07559],[-96.65737,42.09011],[-96.55551,42.08996],[-96.55523,42.00276],[-96.54092,42.00281],[-96.54158,41.98863],[-96.55519,41.98826],[-96.55515,41.93031],[-96.57446,41.93045],[-96.57452,41.91592],[-96.59386,41.91596],[-96.59382,41.9232],[-96.60352,41.92326],[-96.60353,41.93053],[-96.61322,41.93055],[-96.61353,41.94506],[-96.67101,41.94539],[-96.67104,41.97439],[-96.70968,41.97442],[-96.70977,41.9889],[-96.74872,41.98915],[-96.74879,41.99636],[-96.76817,41.99634],[-96.76833,42.03244]]]}},{"type":"Feature","id":"68301","properties":{"zip":"68301","pop":null,"city":"","county":"Gage","state":"Nebraska","area":82.22,"lat":40.4685,"lon":-96.52247},"geometry":{"type":"Polygon","coordinates":[[[-96.64759,40.46535],[-96.62877,40.46527],[-96.62897,40.47973],[-96.60063,40.47973],[-96.60051,40.47252],[-96.59094,40.47248],[-96.59102,40.4797],[-96.58138,40.47988],[-96.58163,40.49294],[-96.572,40.49464],[-96.57209,40.50927],[-96.53957,40.5091],[-96.53998,40.52365],[-96.5209,40.52353],[-96.52075,40.54509],[-96.53977,40.54522],[-96.53957,40.55251],[-96.52057,40.55241],[-96.52057,40.59568],[-96.50164,40.59557],[-96.502,40.61018],[-96.48276,40.60997],[-96.48275,40.62442],[-96.44467,40.62445],[-96.44486,40.59179],[-96.4541,40.59182],[-96.45434,40.5882],[-96.45423,40.58099],[-96.44484,40.58096],[-96.44472,40.55194],[-96.46367,40.55201],[-96.46366,40.5375],[-96.42575,40.53746],[-96.42575,40.523],[-96.46363,40.52301],[-96.46379,40.34904],[-96.52055,40.34911],[-96.5206,40.36359],[-96.5719,40.36369],[-96.57175,40.3927],[-96.60966,40.39267],[-96.60961,40.40714],[-96.61908,40.40719],[-96.61892,40.42165],[-96.62831,40.42167],[-96.62843,40.43635],[-96.64743,40.43643],[-96.64759,40.46535]]]}},{"type":"Feature","id":"68827","properties":{"zip":"68827","pop":null,"city":"","county":"Merrick","state":"Nebraska","area":46.08,"lat":41.04241,"lon":-98.1811},"geometry":{"type":"Polygon","coordinates":[[[-98.26899,41.07897],[-98.25937,41.07899],[-98.25957,41.08971],[-98.21163,41.08963],[-98.21187,41.10413],[-98.1943,41.10415],[-98.19272,41.10578],[-98.1926,41.11776],[-98.17361,41.11864],[-98.17378,41.13315],[-98.15486,41.13323],[-98.15411,41.10412],[-98.13484,41.10415],[-98.13464,41.06066],[-98.11558,41.0607],[-98.1152,41.04618],[-98.09242,41.04622],[-98.09183,41.00941],[-98.10065,41.00872],[-98.13265,40.99015],[-98.14627,40.98428],[-98.15166,40.97547],[-98.16683,40.95814],[-98.16777,40.96474],[-98.18235,40.96636],[-98.18232,40.96457],[-98.18719,40.9646],[-98.18724,40.96989],[-98.17765,40.9698],[-98.17745,40.97338],[-98.17313,40.97328],[-98.17312,40.97683],[-98.16806,40.97681],[-98.16814,40.98043],[-98.15859,40.98093],[-98.15894,40.98848],[-98.14938,40.98801],[-98.14962,40.99236],[-98.17032,40.98775],[-98.18174,40.98066],[-98.18725,40.97491],[-98.18739,40.98802],[-98.21426,40.98811],[-98.23796,40.97375],[-98.24448,40.97373],[-98.24447,41.0028],[-98.26376,41.00281],[-98.26392,41.0173],[-98.24456,41.01727],[-98.24465,41.0461],[-98.26566,41.0459],[-98.2683,41.0475],[-98.26857,41.05341],[-98.2494,41.0534],[-98.2497,41.07509],[-98.26893,41.07536],[-98.26899,41.07897]]]}},{"type":"Feature","id":"69154","properties":{"zip":"69154","pop":null,"city":"","county":"Garden","state":"Nebraska","area":318.62,"lat":41.46408,"lon":-102.35356},"geometry":{"type":"Polygon","coordinates":[[[-102.55171,41.39541],[-102.55359,41.40232],[-102.5508,41.40828],[-102.55162,41.4111],[-102.54061,41.42957],[-102.53827,41.43558],[-102.53894,41.43939],[-102.53434,41.44809],[-102.51299,41.43276],[-102.5075,41.43068],[-102.50916,41.42774],[-102.50838,41.42253],[-102.51458,41.41937],[-102.5134,41.41502],[-102.51802,41.41306],[-102.51989,41.40987],[-102.51769,41.4023],[-102.52314,41.39803],[-102.52167,41.3956],[-102.44393,41.39501],[-102.44383,41.5348],[-102.44574,41.56477],[-102.4432,41.74212],[-102.43725,41.74273],[-102.42922,41.7396],[-102.4227,41.74225],[-102.41818,41.73562],[-102.39903,41.72645],[-102.37812,41.72505],[-102.36731,41.71881],[-102.35211,41.72241],[-102.34305,41.71669],[-102.33729,41.71533],[-102.33723,41.71385],[-102.30522,41.7059],[-102.29424,41.70158],[-102.28195,41.68491],[-102.25638,41.67969],[-102.24723,41.6827],[-102.23835,41.68256],[-102.22529,41.67974],[-102.2229,41.67745],[-102.21358,41.67716],[-102.21252,41.40991],[-102.20422,41.40968],[-102.20337,41.40256],[-102.19863,41.40174],[-102.1987,41.39497],[-102.19619,41.39204],[-102.18836,41.388],[-102.17833,41.38759],[-102.17247,41.37691],[-102.17914,41.37658],[-102.18114,41.37192],[-102.18749,41.36803],[-102.1973,41.36676],[-102.19806,41.35305],[-102.24559,41.37121],[-102.24694,41.27923],[-102.28527,41.27922],[-102.2852,41.25051],[-102.30384,41.2504],[-102.30392,41.23605],[-102.34185,41.23625],[-102.34197,41.25062],[-102.361,41.25076],[-102.36136,41.22188],[-102.47649,41.22197],[-102.47544,41.28033],[-102.53291,41.28054],[-102.5327,41.39517],[-102.59089,41.39519],[-102.55171,41.39541]]]}},{"type":"Feature","id":"68825","properties":{"zip":"68825","pop":null,"city":"","county":"Custer","state":"Nebraska","area":225.32,"lat":41.27346,"lon":-99.95753},"geometry":{"type":"Polygon","coordinates":[[[-100.16088,41.25196],[-100.15836,41.25331],[-100.15838,41.26275],[-100.13922,41.26344],[-100.13918,41.29213],[-100.1022,41.29266],[-100.10214,41.29975],[-100.11126,41.29976],[-100.11132,41.30697],[-100.12059,41.30696],[-100.12057,41.33552],[-100.08296,41.33602],[-100.0833,41.39348],[-100.06634,41.39342],[-100.06831,41.40053],[-100.04665,41.40024],[-100.03951,41.39775],[-100.03928,41.40562],[-100.04113,41.40791],[-100.03981,41.41361],[-100.04187,41.41648],[-100.03946,41.42379],[-100.01116,41.42366],[-100.0104,41.41994],[-100.00454,41.41546],[-99.99857,41.40655],[-99.99298,41.41093],[-99.98649,41.41107],[-99.98484,41.41472],[-99.99282,41.42015],[-99.99158,41.4233],[-99.90497,41.42289],[-99.9048,41.39464],[-99.90332,41.39393],[-99.81596,41.39433],[-99.81591,41.37931],[-99.79662,41.37933],[-99.79593,41.36339],[-99.79256,41.36012],[-99.79225,41.35734],[-99.79692,41.35732],[-99.79721,41.33798],[-99.80368,41.33431],[-99.80103,41.32126],[-99.7853,41.32042],[-99.78216,41.31816],[-99.782,41.31106],[-99.77839,41.30515],[-99.78152,41.2998],[-99.77035,41.29939],[-99.75879,41.30657],[-99.75838,41.29218],[-99.74406,41.29203],[-99.74418,41.29927],[-99.73938,41.29921],[-99.73922,41.27753],[-99.72002,41.27752],[-99.72094,41.21972],[-99.87396,41.21961],[-99.8741,41.23419],[-99.88365,41.23425],[-99.8839,41.22687],[-99.89755,41.22545],[-99.90794,41.21903],[-99.91529,41.21966],[-99.92729,41.22504],[-99.92736,41.2195],[-99.92242,41.21264],[-99.9283,41.20924],[-99.93254,41.19063],[-99.93896,41.19055],[-99.94233,41.17267],[-99.94044,41.16762],[-99.94087,41.1583],[-99.95028,41.15667],[-99.95189,41.11334],[-99.95953,41.09874],[-99.96125,41.08599],[-99.96119,41.07577],[-99.93237,41.07573],[-99.93284,41.05431],[-99.93442,41.05418],[-99.96125,41.05427],[-99.96122,41.06017],[-100.00827,41.06018],[-100.00812,41.09733],[-100.01737,41.09736],[-100.01723,41.10454],[-100.02695,41.10463],[-100.02685,41.11895],[-100.04591,41.11886],[-100.04576,41.1334],[-100.03624,41.1334],[-100.03594,41.14777],[-100.03131,41.14771],[-100.03122,41.15505],[-100.04545,41.1551],[-100.04537,41.16232],[-100.05423,41.16252],[-100.05479,41.16985],[-100.07433,41.16789],[-100.07546,41.16278],[-100.09208,41.16318],[-100.09141,41.17578],[-100.09297,41.17728],[-100.10949,41.17741],[-100.10981,41.18461],[-100.1191,41.18476],[-100.11925,41.18735],[-100.12457,41.18955],[-100.12403,41.19186],[-100.11924,41.19177],[-100.11972,41.20606],[-100.14201,41.20638],[-100.13899,41.22499],[-100.14627,41.22698],[-100.1581,41.22698],[-100.15851,41.24705],[-100.16088,41.25196]]]}},{"type":"Feature","id":"68791","properties":{"zip":"68791","pop":null,"city":"","county":"Cuming","state":"Nebraska","area":103.83,"lat":41.99105,"lon":-96.93241},"geometry":{"type":"Polygon","coordinates":[[[-97.05805,42.09057],[-96.9791,42.09053],[-96.97915,42.09747],[-96.96958,42.0973],[-96.96977,42.09053],[-96.95968,42.09054],[-96.95969,42.10503],[-96.95019,42.10504],[-96.94981,42.11393],[-96.94022,42.11373],[-96.94023,42.11958],[-96.90115,42.11943],[-96.90119,42.1008],[-96.88998,42.10065],[-96.89007,42.09777],[-96.88661,42.09768],[-96.88651,42.09047],[-96.88375,42.09047],[-96.88344,42.07605],[-96.86389,42.07593],[-96.86406,42.06144],[-96.84451,42.06124],[-96.84476,42.0468],[-96.80626,42.04689],[-96.80636,42.03967],[-96.7966,42.03969],[-96.79663,42.03243],[-96.787,42.03241],[-96.78718,42.0171],[-96.76829,42.01707],[-96.76824,42.00349],[-96.7872,42.00334],[-96.78719,41.99622],[-96.81633,41.9963],[-96.81641,42.00339],[-96.82608,42.00339],[-96.82624,41.99631],[-96.83586,41.99629],[-96.83598,41.98918],[-96.84565,41.98929],[-96.84537,41.98199],[-96.84907,41.98201],[-96.84884,41.97483],[-96.85457,41.9748],[-96.85498,41.96033],[-96.84996,41.96033],[-96.85034,41.94279],[-96.86015,41.9429],[-96.86195,41.94795],[-96.86471,41.9484],[-96.86976,41.94645],[-96.86496,41.94577],[-96.86496,41.93859],[-96.87469,41.93856],[-96.87463,41.92764],[-96.88432,41.92766],[-96.88432,41.93094],[-96.90332,41.93123],[-96.90324,41.91672],[-96.92268,41.91675],[-96.92265,41.87317],[-96.90339,41.87318],[-96.90338,41.84419],[-96.96164,41.8443],[-96.9617,41.85883],[-97.00035,41.85894],[-97.0005,41.87344],[-97.01968,41.87351],[-97.01953,42.00994],[-96.99548,42.00874],[-96.99557,42.02841],[-96.99781,42.03058],[-97.01961,42.02973],[-97.01954,42.07646],[-97.05815,42.07655],[-97.05805,42.09057]]]}},{"type":"Feature","id":"69128","properties":{"zip":"69128","pop":null,"city":"","county":"Kimball","state":"Nebraska","area":296.28,"lat":41.23258,"lon":-103.90617},"geometry":{"type":"Polygon","coordinates":[[[-104.05342,41.17054],[-104.05229,41.39321],[-103.98397,41.3936],[-103.98559,41.48074],[-103.85058,41.48042],[-103.85067,41.42243],[-103.83128,41.42175],[-103.83208,41.39325],[-103.81683,41.39323],[-103.81597,41.37901],[-103.79724,41.3788],[-103.79735,41.18941],[-103.79663,41.1912],[-103.74044,41.19192],[-103.7397,41.09114],[-103.70149,41.09121],[-103.70147,41.06201],[-103.79692,41.06166],[-103.79686,41.04734],[-103.82062,41.04732],[-103.82107,41.01802],[-103.85858,41.01822],[-103.85904,41.00168],[-103.97225,41.00159],[-103.97314,41.04726],[-103.95001,41.0472],[-103.95061,41.10509],[-104.04561,41.10499],[-104.04552,41.09049],[-104.05303,41.0906],[-104.05342,41.17054]]]}},{"type":"Feature","id":"69129","properties":{"zip":"69129","pop":null,"city":"","county":"Deuel","state":"Nebraska","area":260.62,"lat":41.14098,"lon":-102.37833},"geometry":{"type":"Polygon","coordinates":[[[-102.62087,41.048],[-102.61021,41.04821],[-102.61095,41.16397],[-102.57255,41.16416],[-102.57235,41.19295],[-102.5146,41.1932],[-102.51479,41.22203],[-102.36136,41.22188],[-102.361,41.25076],[-102.34197,41.25062],[-102.34185,41.23625],[-102.30392,41.23605],[-102.30384,41.2504],[-102.2852,41.25051],[-102.28527,41.27922],[-102.24694,41.27923],[-102.24622,41.35721],[-102.24086,41.35797],[-102.21303,41.35107],[-102.20854,41.34604],[-102.2003,41.34302],[-102.19742,41.33913],[-102.1901,41.33531],[-102.17567,41.32297],[-102.15325,41.3165],[-102.13532,41.31791],[-102.12614,41.31629],[-102.12364,41.29644],[-102.11442,41.2718],[-102.10379,41.25121],[-102.09391,41.23892],[-102.09384,41.23604],[-102.10339,41.23596],[-102.10339,41.22874],[-102.09381,41.22875],[-102.09379,41.22154],[-102.22734,41.22157],[-102.22761,41.12037],[-102.24683,41.12044],[-102.24717,41.09136],[-102.266,41.09141],[-102.26586,41.04775],[-102.29759,41.04782],[-102.29759,41.04565],[-102.24202,41.04061],[-102.24149,41.01875],[-102.25984,41.01879],[-102.25984,41.00237],[-102.62103,41.0026],[-102.62087,41.048]]]}},{"type":"Feature","id":"69135","properties":{"zip":"69135","pop":null,"city":"","county":"Cherry","state":"Nebraska","area":51.47,"lat":42.21129,"lon":-100.31044},"geometry":{"type":"Polygon","coordinates":[[[-100.45859,42.32086],[-100.44416,42.31552],[-100.42668,42.30036],[-100.40581,42.29777],[-100.39006,42.29008],[-100.36447,42.28869],[-100.34635,42.28027],[-100.31325,42.27077],[-100.28297,42.25271],[-100.2769,42.24651],[-100.25556,42.23453],[-100.23883,42.23351],[-100.22876,42.21648],[-100.21987,42.21574],[-100.21122,42.20829],[-100.20664,42.20231],[-100.20669,42.18437],[-100.20195,42.16567],[-100.21651,42.16509],[-100.21627,42.15719],[-100.21185,42.15027],[-100.21023,42.1295],[-100.21699,42.12181],[-100.2253,42.11722],[-100.22718,42.11216],[-100.24547,42.10133],[-100.24717,42.08608],[-100.28533,42.08622],[-100.28407,42.21647],[-100.40129,42.21774],[-100.40073,42.26149],[-100.4585,42.26183],[-100.45859,42.32086]]]}},{"type":"Feature","id":"69140","properties":{"zip":"69140","pop":null,"city":"","county":"Perkins","state":"Nebraska","area":198.31,"lat":40.84131,"lon":-101.77247},"geometry":{"type":"Polygon","coordinates":[[[-101.99371,40.85821],[-101.93611,40.85826],[-101.937,40.90161],[-101.87842,40.90152],[-101.87883,40.88691],[-101.84094,40.88682],[-101.83888,40.90121],[-101.84022,40.93039],[-101.83801,40.94481],[-101.84206,40.95933],[-101.8424,41.00282],[-101.82334,41.00283],[-101.82296,40.91552],[-101.72765,40.91555],[-101.72833,41.00328],[-101.671,41.00363],[-101.6711,40.99571],[-101.65195,40.99555],[-101.65177,41.00346],[-101.59413,41.00301],[-101.59541,40.95935],[-101.61463,40.95964],[-101.61197,40.88697],[-101.63098,40.88687],[-101.63013,40.87229],[-101.59193,40.87266],[-101.59086,40.85172],[-101.60939,40.85177],[-101.62902,40.84587],[-101.62554,40.82926],[-101.64687,40.82892],[-101.64672,40.78633],[-101.66591,40.78631],[-101.66577,40.76127],[-101.66412,40.75774],[-101.63093,40.73424],[-101.62771,40.72878],[-101.66634,40.72871],[-101.66608,40.74312],[-101.68529,40.74321],[-101.68556,40.7288],[-101.7428,40.72874],[-101.74263,40.69947],[-101.89548,40.69865],[-101.8965,40.75655],[-101.91668,40.7568],[-101.91622,40.80253],[-101.93548,40.79721],[-101.93552,40.80031],[-101.99314,40.80025],[-101.99371,40.85821]]]}},{"type":"Feature","id":"69167","properties":{"zip":"69167","pop":null,"city":"","county":"McPherson","state":"Nebraska","area":464.38,"lat":41.58747,"lon":-101.0227},"geometry":{"type":"Polygon","coordinates":[[[-101.40662,41.714],[-101.40647,41.7432],[-100.77623,41.73998],[-100.77662,41.73526],[-100.77216,41.72657],[-100.76954,41.71499],[-100.77102,41.59735],[-100.7673,41.59177],[-100.77313,41.58643],[-100.77604,41.58039],[-100.77617,41.57001],[-100.77928,41.56685],[-100.7137,41.56663],[-100.71374,41.48108],[-100.72331,41.48622],[-100.72354,41.47996],[-100.73218,41.48],[-100.73234,41.47292],[-100.71387,41.47287],[-100.71371,41.44338],[-100.71808,41.44359],[-100.71805,41.43328],[-100.7274,41.43337],[-100.72755,41.43593],[-100.73246,41.43609],[-100.7326,41.42534],[-100.72762,41.4253],[-100.72791,41.42171],[-100.71344,41.42165],[-100.71324,41.39351],[-100.87829,41.39418],[-100.88083,41.40355],[-100.88047,41.40969],[-100.8751,41.41608],[-100.86249,41.42462],[-100.86158,41.42827],[-100.8632,41.44328],[-100.87064,41.45293],[-100.87576,41.46735],[-100.88649,41.48506],[-100.88663,41.52491],[-100.89186,41.53095],[-100.94393,41.55071],[-100.9449,41.39452],[-101.17579,41.39502],[-101.17525,41.5684],[-101.32988,41.56886],[-101.33025,41.58321],[-101.32534,41.58333],[-101.32538,41.58678],[-101.33031,41.58667],[-101.3313,41.65657],[-101.40674,41.65606],[-101.40662,41.714]]]}},{"type":"Feature","id":"69168","properties":{"zip":"69168","pop":null,"city":"","county":"Perkins","state":"Nebraska","area":111.92,"lat":40.74788,"lon":-101.98121},"geometry":{"type":"Polygon","coordinates":[[[-102.11289,40.77863],[-102.05133,40.779],[-102.0515,40.91602],[-101.93729,40.91596],[-101.93611,40.85826],[-101.99371,40.85821],[-101.99314,40.80025],[-101.93552,40.80031],[-101.93548,40.79721],[-101.91622,40.80253],[-101.91668,40.7568],[-101.8965,40.75655],[-101.89548,40.69865],[-101.87665,40.69852],[-101.87652,40.68391],[-101.85721,40.68314],[-101.85721,40.62437],[-102.05155,40.625],[-102.05129,40.74959],[-102.11322,40.74946],[-102.11289,40.77863]]]}},{"type":"Feature","id":"69170","properties":{"zip":"69170","pop":null,"city":"","county":"Lincoln","state":"Nebraska","area":161.55,"lat":40.79567,"lon":-100.74075},"geometry":{"type":"Polygon","coordinates":[[[-100.9055,40.84465],[-100.81095,40.84399],[-100.811,40.91639],[-100.67769,40.91669],[-100.67763,40.92387],[-100.66833,40.92386],[-100.66831,40.93092],[-100.65904,40.93089],[-100.65901,40.91682],[-100.64002,40.91589],[-100.63999,40.88685],[-100.62111,40.88672],[-100.6209,40.82923],[-100.61365,40.8292],[-100.61971,40.82109],[-100.61298,40.82065],[-100.60718,40.82431],[-100.60369,40.82408],[-100.59782,40.81853],[-100.59371,40.81997],[-100.58361,40.81868],[-100.58363,40.81577],[-100.5885,40.81461],[-100.58813,40.81053],[-100.5914,40.80825],[-100.58873,40.80282],[-100.59077,40.79868],[-100.58802,40.7962],[-100.58708,40.79052],[-100.58345,40.7893],[-100.58445,40.75747],[-100.58034,40.7489],[-100.58557,40.74444],[-100.57917,40.735],[-100.57205,40.72956],[-100.57054,40.7257],[-100.58043,40.72272],[-100.58071,40.7193],[-100.58348,40.71732],[-100.58377,40.70018],[-100.90554,40.70022],[-100.9055,40.84465]]]}},{"type":"Feature","id":"69143","properties":{"zip":"69143","pop":null,"city":"","county":"Lincoln","state":"Nebraska","area":196.55,"lat":41.19184,"lon":-101.01929},"geometry":{"type":"Polygon","coordinates":[[[-101.15528,41.39502],[-100.94467,41.39451],[-100.94512,41.19819],[-100.92594,41.20062],[-100.92585,41.17726],[-100.9343,41.17725],[-100.93533,41.18121],[-100.94506,41.18079],[-100.94502,41.17727],[-100.98319,41.17725],[-100.98328,41.16276],[-100.97372,41.16277],[-100.97376,41.15799],[-100.92592,41.15554],[-100.92583,41.13381],[-100.99664,41.13744],[-101.00242,41.14049],[-101.00245,41.13708],[-100.94671,41.13447],[-100.92591,41.13021],[-100.92582,41.11943],[-100.94466,41.11968],[-100.94487,41.07617],[-100.92604,41.07607],[-100.92605,41.04725],[-100.90571,41.04709],[-100.90583,40.9423],[-100.98205,40.94031],[-100.98187,40.9457],[-100.98023,40.94578],[-100.99169,40.94608],[-100.99172,40.95321],[-101.00116,40.95333],[-101.00114,40.9892],[-101.01925,40.98936],[-101.0193,41.00364],[-101.0763,41.00367],[-101.07675,41.04736],[-101.07889,41.04739],[-101.07879,41.09078],[-101.08842,41.09081],[-101.08832,41.11968],[-101.07877,41.11965],[-101.07915,41.16354],[-101.09,41.16292],[-101.09838,41.15988],[-101.09801,41.20641],[-101.11738,41.20818],[-101.11776,41.30848],[-101.15528,41.30807],[-101.15528,41.39502]]]}},{"type":"Feature","id":"69144","properties":{"zip":"69144","pop":null,"city":"","county":"Keith","state":"Nebraska","area":116.03,"lat":41.31697,"lon":-101.60263},"geometry":{"type":"Polygon","coordinates":[[[-101.73003,41.32219],[-101.7241,41.3295],[-101.72272,41.33758],[-101.73,41.35186],[-101.72995,41.36625],[-101.72778,41.37364],[-101.72993,41.37918],[-101.72995,41.39081],[-101.72879,41.39393],[-101.72317,41.3966],[-101.72129,41.39987],[-101.72238,41.42258],[-101.71711,41.42906],[-101.70854,41.43434],[-101.68523,41.43485],[-101.67606,41.43141],[-101.6625,41.42949],[-101.6469,41.43253],[-101.63316,41.44042],[-101.62645,41.44682],[-101.62369,41.44201],[-101.61499,41.43729],[-101.61427,41.42642],[-101.60484,41.42789],[-101.59313,41.4235],[-101.59227,41.41342],[-101.59001,41.41004],[-101.59087,41.40594],[-101.59428,41.40261],[-101.59267,41.39533],[-101.50045,41.39535],[-101.50062,41.20704],[-101.50027,41.21431],[-101.48133,41.21431],[-101.48111,41.1937],[-101.4839,41.18765],[-101.50045,41.18245],[-101.50045,41.17593],[-101.54302,41.18728],[-101.5453,41.18973],[-101.57974,41.201],[-101.58351,41.20437],[-101.58986,41.20312],[-101.5964,41.20505],[-101.60017,41.20201],[-101.59641,41.19282],[-101.59607,41.17814],[-101.61574,41.1781],[-101.61568,41.21191],[-101.62523,41.21168],[-101.62506,41.22684],[-101.62662,41.23094],[-101.6327,41.23456],[-101.64115,41.24787],[-101.6548,41.25751],[-101.65607,41.26442],[-101.65895,41.26586],[-101.65934,41.26913],[-101.65482,41.2721],[-101.65476,41.2756],[-101.66103,41.27913],[-101.6648,41.28822],[-101.67009,41.2913],[-101.67167,41.29953],[-101.69701,41.30956],[-101.6952,41.29812],[-101.6977,41.29516],[-101.70988,41.29469],[-101.7154,41.29095],[-101.71959,41.29287],[-101.72087,41.29167],[-101.71824,41.27545],[-101.72671,41.28149],[-101.72993,41.28763],[-101.73003,41.32219]]]}},{"type":"Feature","id":"69145","properties":{"zip":"69145","pop":null,"city":"","county":"Kimball","state":"Nebraska","area":309.91,"lat":41.24907,"lon":-103.67093},"geometry":{"type":"Polygon","coordinates":[[[-103.85856,41.00373],[-103.85858,41.01822],[-103.82107,41.01802],[-103.82062,41.04732],[-103.79686,41.04734],[-103.79692,41.06166],[-103.70147,41.06201],[-103.70149,41.09121],[-103.7397,41.09114],[-103.74044,41.19192],[-103.79663,41.1912],[-103.79735,41.18941],[-103.79724,41.3788],[-103.81597,41.37901],[-103.81683,41.39323],[-103.83208,41.39325],[-103.83128,41.42175],[-103.85067,41.42243],[-103.85058,41.48042],[-103.79286,41.48036],[-103.79318,41.45182],[-103.78838,41.45173],[-103.7739,41.45199],[-103.77392,41.45903],[-103.75464,41.45927],[-103.75463,41.46625],[-103.77379,41.46674],[-103.77416,41.47434],[-103.76735,41.47756],[-103.76672,41.48028],[-103.65832,41.48022],[-103.65955,41.42215],[-103.62071,41.42225],[-103.62069,41.45152],[-103.58063,41.45176],[-103.5624,41.44335],[-103.534,41.44419],[-103.52651,41.4509],[-103.52036,41.45004],[-103.51937,41.44212],[-103.52177,41.44141],[-103.52296,41.43191],[-103.54222,41.42908],[-103.54555,41.42628],[-103.54264,41.42089],[-103.54503,41.42],[-103.54981,41.4221],[-103.55033,41.41687],[-103.55814,41.40846],[-103.57122,41.40758],[-103.57223,41.39384],[-103.50049,41.3946],[-103.49202,41.39385],[-103.49128,41.39172],[-103.49213,41.3759],[-103.5018,41.37586],[-103.50186,41.3719],[-103.50625,41.37192],[-103.50638,41.36487],[-103.53038,41.36472],[-103.53036,41.34289],[-103.53957,41.34267],[-103.53965,41.33532],[-103.54881,41.33506],[-103.54902,41.30646],[-103.52928,41.30677],[-103.52619,41.29227],[-103.52972,41.13492],[-103.5671,41.13421],[-103.56709,41.11971],[-103.60533,41.11966],[-103.60566,41.09069],[-103.58635,41.09058],[-103.5865,41.07631],[-103.56724,41.07617],[-103.5672,41.04706],[-103.53527,41.04681],[-103.53489,41.00168],[-103.85904,41.00168],[-103.85856,41.00373]]]}},{"type":"Feature","id":"69151","properties":{"zip":"69151","pop":null,"city":"","county":"Lincoln","state":"Nebraska","area":232.16,"lat":41.10144,"lon":-100.52016},"geometry":{"type":"Polygon","coordinates":[[[-100.6635,41.11042],[-100.66351,41.11199],[-100.65493,41.11156],[-100.65494,41.11918],[-100.65297,41.11901],[-100.65698,41.12093],[-100.64861,41.1301],[-100.64162,41.14197],[-100.64039,41.14797],[-100.63749,41.14797],[-100.63838,41.16236],[-100.60083,41.16204],[-100.60083,41.19078],[-100.58094,41.19034],[-100.5806,41.29228],[-100.562,41.29224],[-100.56202,41.30667],[-100.45671,41.30626],[-100.45656,41.2919],[-100.44699,41.29169],[-100.44684,41.30624],[-100.35048,41.30682],[-100.35251,41.13286],[-100.4673,41.13312],[-100.46751,41.04614],[-100.45203,41.04629],[-100.45254,41.02873],[-100.47248,41.03487],[-100.50274,41.04745],[-100.52546,41.05142],[-100.52546,41.03622],[-100.516,41.03021],[-100.5086,41.02796],[-100.50852,40.88503],[-100.48995,40.88506],[-100.48953,40.82949],[-100.53118,40.82982],[-100.53467,40.84168],[-100.54099,40.8492],[-100.55437,40.84623],[-100.55751,40.85097],[-100.5643,40.85378],[-100.56468,40.82922],[-100.58367,40.82915],[-100.58228,40.8219],[-100.58782,40.81853],[-100.59371,40.81997],[-100.59782,40.81853],[-100.60369,40.82408],[-100.60718,40.82431],[-100.61298,40.82065],[-100.61971,40.82109],[-100.61365,40.8292],[-100.6209,40.82923],[-100.62111,40.88672],[-100.63999,40.88685],[-100.64052,41.02439],[-100.6424,41.02439],[-100.64048,41.0262],[-100.64193,41.03576],[-100.63406,41.05505],[-100.62068,41.04994],[-100.62044,41.06119],[-100.6395,41.0613],[-100.63972,41.06853],[-100.63485,41.06853],[-100.63487,41.07373],[-100.63971,41.07372],[-100.64002,41.07579],[-100.64913,41.07579],[-100.6492,41.08612],[-100.64455,41.08474],[-100.6445,41.0882],[-100.64807,41.08968],[-100.6419,41.09341],[-100.66596,41.10816],[-100.6635,41.11042]]]}},{"type":"Feature","id":"69155","properties":{"zip":"69155","pop":null,"city":"","county":"Keith","state":"Nebraska","area":277.95,"lat":41.18971,"lon":-101.39012},"geometry":{"type":"Polygon","coordinates":[[[-101.59918,41.20301],[-101.5964,41.20505],[-101.58986,41.20312],[-101.58351,41.20437],[-101.57974,41.201],[-101.5453,41.18973],[-101.54302,41.18728],[-101.50045,41.17593],[-101.50045,41.18245],[-101.4839,41.18765],[-101.48111,41.1937],[-101.48133,41.21431],[-101.50027,41.21431],[-101.50062,41.20704],[-101.50045,41.39535],[-101.40726,41.39542],[-101.40727,41.40985],[-101.42095,41.41012],[-101.42608,41.41356],[-101.42978,41.42259],[-101.42631,41.42424],[-101.42645,41.43743],[-101.38722,41.43863],[-101.38762,41.41002],[-101.37739,41.41022],[-101.37739,41.41278],[-101.37278,41.41278],[-101.37278,41.41617],[-101.36715,41.41617],[-101.36657,41.39545],[-101.26969,41.39493],[-101.27038,41.04739],[-101.25016,41.04738],[-101.24876,40.95952],[-101.32495,40.95962],[-101.32639,41.00323],[-101.36517,41.004],[-101.36469,40.97445],[-101.38387,40.97454],[-101.38406,40.98909],[-101.47841,40.98859],[-101.47889,41.01764],[-101.51678,41.01767],[-101.51698,41.03215],[-101.47912,41.03214],[-101.47937,41.04747],[-101.50008,41.0475],[-101.50012,41.07843],[-101.48119,41.07846],[-101.48107,41.09829],[-101.50969,41.09843],[-101.50986,41.10555],[-101.51935,41.10557],[-101.51934,41.11252],[-101.48458,41.10489],[-101.46666,41.10444],[-101.44269,41.10905],[-101.44313,41.11987],[-101.46723,41.11933],[-101.47375,41.11629],[-101.48497,41.1151],[-101.49543,41.11683],[-101.49976,41.12014],[-101.51063,41.12331],[-101.52022,41.12207],[-101.53776,41.12469],[-101.5517,41.12107],[-101.56117,41.12453],[-101.57702,41.12616],[-101.57683,41.12966],[-101.58536,41.13491],[-101.59021,41.13506],[-101.59034,41.14022],[-101.59717,41.15087],[-101.59641,41.19282],[-101.60017,41.20201],[-101.59918,41.20301]]]}},{"type":"Feature","id":"69156","properties":{"zip":"69156","pop":null,"city":"","county":"Cheyenne","state":"Nebraska","area":275.73,"lat":41.2768,"lon":-103.346},"geometry":{"type":"Polygon","coordinates":[[[-103.57192,41.3963],[-103.57122,41.40758],[-103.55814,41.40846],[-103.55033,41.41687],[-103.54981,41.4221],[-103.54503,41.42],[-103.54264,41.42089],[-103.54555,41.42628],[-103.54222,41.42908],[-103.52296,41.43191],[-103.52177,41.44141],[-103.51937,41.44212],[-103.52135,41.44869],[-103.52025,41.45581],[-103.52232,41.46201],[-103.52236,41.4815],[-103.50314,41.48157],[-103.50371,41.51222],[-103.52265,41.5233],[-103.52182,41.58399],[-103.48348,41.58338],[-103.48395,41.55461],[-103.41868,41.55451],[-103.41881,41.5495],[-103.42131,41.54524],[-103.42012,41.53184],[-103.41492,41.51871],[-103.41046,41.51722],[-103.41033,41.51161],[-103.41808,41.50096],[-103.40597,41.49798],[-103.40525,41.50106],[-103.39783,41.50524],[-103.39576,41.50891],[-103.39056,41.50853],[-103.38092,41.5127],[-103.37578,41.51167],[-103.37282,41.5124],[-103.37165,41.51611],[-103.36718,41.51589],[-103.36901,41.43777],[-103.29195,41.43816],[-103.29195,41.43057],[-103.27365,41.43057],[-103.27397,41.42352],[-103.29317,41.42334],[-103.29425,41.39437],[-103.20474,41.39467],[-103.20484,41.36612],[-103.14674,41.3663],[-103.14691,41.33758],[-103.16631,41.33756],[-103.16629,41.30887],[-103.1469,41.30882],[-103.14662,41.27921],[-103.18452,41.27936],[-103.18459,41.20632],[-103.14606,41.19678],[-103.14637,41.16372],[-103.20318,41.16361],[-103.20374,41.15962],[-103.21413,41.16367],[-103.22223,41.16373],[-103.22216,41.15011],[-103.31879,41.15232],[-103.31641,41.14434],[-103.31833,41.12812],[-103.32023,41.12501],[-103.31822,41.11267],[-103.31804,41.07671],[-103.2989,41.07524],[-103.2991,41.0476],[-103.26825,41.04762],[-103.26842,41.01849],[-103.36318,41.01864],[-103.36298,41.00184],[-103.49755,41.00164],[-103.49731,41.04762],[-103.49109,41.04771],[-103.49051,41.06215],[-103.45298,41.06244],[-103.45296,41.09158],[-103.39509,41.09098],[-103.39486,41.12042],[-103.45296,41.12065],[-103.45295,41.17868],[-103.39553,41.17998],[-103.39535,41.19286],[-103.37608,41.19279],[-103.3756,41.30613],[-103.37759,41.32145],[-103.37762,41.39463],[-103.57223,41.39384],[-103.57192,41.3963]]]}},{"type":"Feature","id":"69157","properties":{"zip":"69157","pop":null,"city":"","county":"Blaine","state":"Nebraska","area":146.59,"lat":42.02466,"lon":-100.14814},"geometry":{"type":"Polygon","coordinates":[[[-100.26762,42.08615],[-100.24717,42.08608],[-100.24547,42.10133],[-100.22718,42.11216],[-100.2253,42.11722],[-100.21699,42.12181],[-100.21023,42.1295],[-100.21185,42.15027],[-100.21627,42.15719],[-100.21651,42.16509],[-100.21499,42.16588],[-100.16778,42.16596],[-100.16765,42.15873],[-100.01067,42.15858],[-100.01061,42.08561],[-100.09122,42.08551],[-100.09205,42.02482],[-100.10449,42.02843],[-100.12072,42.02848],[-100.12071,42.01968],[-100.10617,42.02302],[-100.10198,42.01975],[-100.07282,42.00885],[-100.07215,42.00307],[-100.05508,42.00318],[-100.05126,41.99961],[-100.01505,41.99979],[-100.01449,41.9728],[-100.02783,41.95709],[-100.02998,41.94988],[-100.02862,41.92908],[-100.03003,41.9213],[-100.04308,41.92117],[-100.04421,41.91697],[-100.05338,41.90623],[-100.0535,41.89877],[-100.07213,41.89842],[-100.08302,41.90115],[-100.08679,41.9051],[-100.09158,41.90667],[-100.10068,41.90496],[-100.11205,41.8984],[-100.14965,41.89835],[-100.1586,41.90004],[-100.17053,41.8848],[-100.18509,41.88157],[-100.24401,41.90501],[-100.26637,41.90847],[-100.26762,42.08615]]]}},{"type":"Feature","id":"69161","properties":{"zip":"69161","pop":null,"city":"","county":"Cherry","state":"Nebraska","area":114.09,"lat":42.12034,"lon":-100.7667},"geometry":{"type":"Polygon","coordinates":[[[-100.86804,42.1611],[-100.83893,42.16124],[-100.83869,42.17209],[-100.80925,42.1722],[-100.80928,42.32049],[-100.79023,42.32056],[-100.79014,42.3062],[-100.77085,42.30626],[-100.77075,42.26276],[-100.74143,42.26281],[-100.74144,42.27729],[-100.72189,42.27724],[-100.72186,42.27364],[-100.73164,42.27361],[-100.73163,42.27],[-100.72674,42.27002],[-100.72671,42.26282],[-100.7218,42.26285],[-100.72195,42.25556],[-100.71703,42.25559],[-100.71696,42.25924],[-100.70716,42.25924],[-100.70727,42.25194],[-100.72202,42.25192],[-100.72211,42.24827],[-100.71222,42.24835],[-100.71286,42.14641],[-100.63525,42.14616],[-100.63688,42.08709],[-100.67385,42.08737],[-100.67436,42.0146],[-100.69383,42.01464],[-100.69402,42.02945],[-100.74083,42.02928],[-100.74081,42.03701],[-100.74966,42.03701],[-100.74966,42.00004],[-100.82755,42.00044],[-100.8227,41.89432],[-100.83699,41.89443],[-100.84154,41.88824],[-100.84383,41.8877],[-100.84613,42.08817],[-100.86963,42.08821],[-100.86804,42.1611]]]}},{"type":"Feature","id":"69165","properties":{"zip":"69165","pop":null,"city":"","county":"Lincoln","state":"Nebraska","area":387.83,"lat":41.35119,"lon":-101.27267},"geometry":{"type":"Polygon","coordinates":[[[-101.59937,41.62653],[-101.59341,41.62922],[-101.5897,41.64036],[-101.59539,41.64559],[-101.5989,41.65443],[-101.59898,41.67093],[-101.59675,41.67592],[-101.59356,41.67803],[-101.58084,41.68132],[-101.57308,41.68614],[-101.57094,41.6907],[-101.57345,41.69823],[-101.57207,41.704],[-101.57325,41.71054],[-101.57106,41.719],[-101.56518,41.72154],[-101.55984,41.72791],[-101.54836,41.72972],[-101.53856,41.73395],[-101.53509,41.73343],[-101.52895,41.72686],[-101.52317,41.71619],[-101.51797,41.71322],[-101.51632,41.70891],[-101.5095,41.70299],[-101.50166,41.69888],[-101.49837,41.70044],[-101.48151,41.68706],[-101.4754,41.69021],[-101.45038,41.69344],[-101.46226,41.70898],[-101.46714,41.71995],[-101.46066,41.71934],[-101.45056,41.72447],[-101.434,41.72148],[-101.40664,41.72565],[-101.40674,41.65606],[-101.3313,41.65657],[-101.33031,41.58667],[-101.32538,41.58678],[-101.32534,41.58333],[-101.33025,41.58321],[-101.32988,41.56886],[-101.17525,41.5684],[-101.17579,41.39502],[-101.15528,41.39502],[-101.15528,41.30807],[-101.11776,41.30848],[-101.11738,41.20818],[-101.09801,41.20641],[-101.09838,41.15988],[-101.09,41.16292],[-101.07915,41.16354],[-101.07877,41.11965],[-101.08832,41.11968],[-101.08842,41.09081],[-101.07879,41.09078],[-101.07889,41.04739],[-101.07675,41.04736],[-101.0763,41.00367],[-101.0193,41.00364],[-101.01952,40.96058],[-101.24864,40.95964],[-101.25016,41.04738],[-101.27038,41.04739],[-101.26969,41.39493],[-101.36657,41.39545],[-101.36715,41.41617],[-101.37278,41.41617],[-101.37278,41.41278],[-101.37739,41.41278],[-101.37739,41.41022],[-101.38762,41.41002],[-101.38722,41.43863],[-101.42645,41.43743],[-101.42637,41.46151],[-101.42154,41.46761],[-101.42301,41.47312],[-101.42632,41.47532],[-101.42618,41.49217],[-101.42803,41.49922],[-101.44374,41.51242],[-101.44916,41.52328],[-101.44206,41.52513],[-101.4397,41.52998],[-101.43674,41.53747],[-101.43633,41.55092],[-101.42258,41.55672],[-101.42281,41.56238],[-101.43022,41.56957],[-101.41484,41.57743],[-101.42239,41.58331],[-101.43242,41.58937],[-101.49259,41.59296],[-101.51025,41.59832],[-101.52373,41.59784],[-101.54104,41.5929],[-101.59587,41.594],[-101.59937,41.59486],[-101.59937,41.62653]]]}},{"type":"Feature","id":"68044","properties":{"zip":"68044","pop":null,"city":"","county":"Dodge","state":"Nebraska","area":27.39,"lat":41.54799,"lon":-96.44865},"geometry":{"type":"Polygon","coordinates":[[[-96.54102,41.56738],[-96.54103,41.5819],[-96.48332,41.58194],[-96.47843,41.56746],[-96.44432,41.56753],[-96.44436,41.5964],[-96.38651,41.59635],[-96.38652,41.56738],[-96.36722,41.56737],[-96.36725,41.55282],[-96.38657,41.55282],[-96.3865,41.51666],[-96.42216,41.51669],[-96.42178,41.52094],[-96.42625,41.52551],[-96.42793,41.53515],[-96.43337,41.53515],[-96.43479,41.49493],[-96.44459,41.49493],[-96.44451,41.48772],[-96.45409,41.4877],[-96.45426,41.4804],[-96.45382,41.50205],[-96.45983,41.50212],[-96.4644,41.48039],[-96.48297,41.48043],[-96.48298,41.52408],[-96.49746,41.52407],[-96.49744,41.53495],[-96.50227,41.54558],[-96.51277,41.54876],[-96.52179,41.55542],[-96.54108,41.56119],[-96.54102,41.56738]]]}},{"type":"Feature","id":"69216","properties":{"zip":"69216","pop":null,"city":"","county":"Cherry","state":"Nebraska","area":148.04,"lat":42.94066,"lon":-100.96899},"geometry":{"type":"Polygon","coordinates":[[[-101.12264,42.80464],[-101.11458,42.81517],[-101.11358,42.82791],[-101.10241,42.83005],[-101.10263,42.92266],[-101.0974,42.92268],[-101.09737,42.92729],[-101.09053,42.926],[-101.08804,42.92865],[-101.08795,42.94616],[-101.08396,42.94944],[-101.08097,42.96472],[-101.08279,42.97343],[-101.08739,42.97995],[-101.09501,42.98406],[-101.10341,42.99598],[-101.11099,42.99794],[-101.03344,42.99786],[-101.03511,43.00189],[-101.03043,43.00353],[-101.02759,43.00363],[-101.02386,43.00051],[-101.01533,43.00357],[-101.01166,43.00303],[-101.00881,43.00725],[-101.0129,43.01024],[-101.00589,43.01707],[-101.00617,43.05408],[-101.00052,43.05385],[-100.99574,43.04678],[-100.98731,43.04206],[-100.98165,43.04794],[-100.96421,43.04624],[-100.96439,43.09918],[-100.95095,43.09823],[-100.94756,43.10048],[-100.94766,43.10374],[-100.90501,43.10378],[-100.90499,43.07463],[-100.78696,43.07481],[-100.78693,43.03136],[-100.80667,43.03138],[-100.80691,42.99822],[-100.84818,42.99825],[-100.84768,42.97956],[-100.85261,42.97959],[-100.85268,42.98323],[-100.85757,42.98328],[-100.8576,42.98693],[-100.86734,42.98703],[-100.86742,42.9761],[-100.85254,42.97596],[-100.85248,42.97228],[-100.8622,42.97234],[-100.8631,42.96143],[-100.88677,42.9616],[-100.88589,42.92912],[-100.90515,42.9292],[-100.9055,42.85683],[-100.92515,42.85685],[-100.92523,42.8079],[-100.91879,42.80195],[-100.91822,42.79877],[-100.92189,42.79251],[-100.92883,42.7907],[-100.9252,42.78969],[-100.92563,42.78695],[-100.93264,42.7886],[-100.9444,42.78814],[-100.95032,42.79193],[-100.95599,42.79261],[-100.96273,42.79106],[-100.9687,42.79386],[-100.97733,42.79252],[-100.98322,42.79482],[-100.98884,42.79356],[-100.99579,42.79496],[-100.99941,42.79172],[-101.01229,42.79278],[-101.01863,42.78983],[-101.02755,42.79157],[-101.02735,42.78521],[-101.03083,42.78426],[-101.03627,42.78955],[-101.04642,42.78994],[-101.05428,42.79568],[-101.07944,42.79415],[-101.09196,42.80334],[-101.12264,42.80464]]]}},{"type":"Feature","id":"69150","properties":{"zip":"69150","pop":null,"city":"","county":"Perkins","state":"Nebraska","area":128.46,"lat":40.82754,"lon":-101.54616},"geometry":{"type":"Polygon","coordinates":[[[-101.66591,40.78631],[-101.64672,40.78633],[-101.64687,40.82892],[-101.62554,40.82926],[-101.62902,40.84587],[-101.60939,40.85177],[-101.59086,40.85172],[-101.59193,40.87266],[-101.63013,40.87229],[-101.63098,40.88687],[-101.61197,40.88697],[-101.61463,40.95964],[-101.59541,40.95935],[-101.59455,40.98846],[-101.56569,40.98829],[-101.56496,41.00279],[-101.53616,41.00292],[-101.53631,40.9884],[-101.49766,40.98847],[-101.49864,40.95929],[-101.49599,40.93],[-101.47641,40.92963],[-101.47508,40.85029],[-101.45593,40.84929],[-101.4543,40.78472],[-101.43509,40.78473],[-101.43797,40.71244],[-101.47616,40.71263],[-101.47661,40.69826],[-101.62839,40.70022],[-101.62847,40.7315],[-101.66412,40.75774],[-101.66577,40.76127],[-101.66591,40.78631]]]}},{"type":"Feature","id":"69340","properties":{"zip":"69340","pop":null,"city":"","county":"Sheridan","state":"Nebraska","area":256.78,"lat":42.15182,"lon":-102.21371},"geometry":{"type":"Polygon","coordinates":[[[-102.38533,42.05317],[-102.37903,42.05649],[-102.35792,42.0613],[-102.37838,42.05709],[-102.37836,42.0626],[-102.3613,42.06263],[-102.36119,42.0663],[-102.35545,42.06629],[-102.35491,42.09606],[-102.37141,42.09592],[-102.37184,42.12735],[-102.35007,42.13041],[-102.34442,42.13858],[-102.3488,42.14746],[-102.34046,42.15669],[-102.33417,42.15574],[-102.32985,42.1658],[-102.34159,42.16606],[-102.34363,42.18086],[-102.34143,42.19264],[-102.34556,42.20232],[-102.35138,42.20621],[-102.35525,42.21336],[-102.36205,42.21839],[-102.36744,42.23434],[-102.35634,42.23806],[-102.35732,42.24241],[-102.35471,42.25081],[-102.35648,42.2539],[-102.34731,42.25596],[-102.34321,42.25357],[-102.33612,42.25344],[-102.33218,42.2563],[-102.31202,42.26277],[-102.30526,42.26941],[-102.29314,42.27069],[-102.27352,42.27766],[-102.26231,42.27757],[-102.25974,42.28392],[-102.25388,42.29044],[-102.2457,42.29471],[-102.248,42.29903],[-102.25156,42.30044],[-102.27148,42.30512],[-102.28133,42.304],[-102.28341,42.30565],[-102.27763,42.30987],[-102.26179,42.31857],[-102.24597,42.32432],[-102.21841,42.32865],[-102.2013,42.32802],[-102.20153,42.33933],[-102.19086,42.33651],[-102.18349,42.34],[-102.17731,42.33678],[-102.17414,42.3414],[-102.15841,42.33994],[-102.15018,42.34823],[-102.13474,42.34031],[-102.11166,42.34401],[-102.07366,42.34682],[-102.07408,42.34151],[-102.06413,42.34453],[-102.03892,42.34197],[-101.98727,42.34207],[-101.98148,42.33567],[-101.98153,42.33172],[-101.97728,42.32995],[-101.97272,42.32316],[-101.95929,42.31268],[-101.93993,42.31298],[-101.94005,42.30222],[-101.9364,42.29912],[-101.93159,42.28421],[-101.9242,42.27701],[-101.92561,42.27078],[-102.03914,42.26961],[-102.03966,42.18395],[-102.07727,42.18213],[-102.0945,42.17683],[-102.09809,42.17195],[-102.1046,42.16922],[-102.10784,42.16554],[-102.11423,42.16403],[-102.11805,42.16745],[-102.11773,42.15841],[-102.14336,42.1555],[-102.14462,42.154],[-102.14349,42.14819],[-102.1455,42.14526],[-102.16263,42.1389],[-102.17097,42.13348],[-102.17039,42.12874],[-102.17796,42.1246],[-102.17973,42.11424],[-102.17643,42.10814],[-102.18041,42.10185],[-102.17874,42.09917],[-102.18543,42.09611],[-102.18768,42.09252],[-102.18739,42.08736],[-102.18315,42.08071],[-102.18544,42.07947],[-102.18484,42.07813],[-102.1713,42.07522],[-102.16562,42.07192],[-102.16665,42.06887],[-102.17934,42.06639],[-102.19009,42.05784],[-102.1875,42.04689],[-102.19098,42.0442],[-102.18967,42.03829],[-102.2179,42.04254],[-102.21986,42.0367],[-102.21938,42.02297],[-102.22752,42.01735],[-102.23079,42.00825],[-102.23947,42.00825],[-102.24242,41.85419],[-102.2492,41.85739],[-102.26379,41.85859],[-102.2803,41.8535],[-102.28614,41.85693],[-102.29344,41.8558],[-102.30421,41.84946],[-102.3128,41.84924],[-102.31955,41.85361],[-102.32494,41.85231],[-102.32615,41.85038],[-102.33847,41.85486],[-102.33635,41.86421],[-102.34362,41.872],[-102.34956,41.88874],[-102.34755,41.89766],[-102.33855,41.90106],[-102.33879,41.90682],[-102.34422,41.91486],[-102.35708,41.92144],[-102.35875,41.92821],[-102.36379,41.93569],[-102.37451,41.94467],[-102.37574,41.95452],[-102.38193,41.9658],[-102.38083,41.97199],[-102.38345,41.98175],[-102.38139,41.98828],[-102.37464,41.98543],[-102.3654,41.98021],[-102.36619,41.97619],[-102.34792,41.96553],[-102.32468,41.96883],[-102.32225,41.97273],[-102.33188,41.97899],[-102.32289,41.98482],[-102.32722,41.98542],[-102.33488,41.99047],[-102.33693,41.99909],[-102.34551,42.00422],[-102.34409,42.00778],[-102.35777,42.00769],[-102.35708,42.01621],[-102.35013,42.01692],[-102.3488,42.02296],[-102.34487,42.0257],[-102.34688,42.03478],[-102.35568,42.03439],[-102.37374,42.03797],[-102.37642,42.04292],[-102.38896,42.05154],[-102.38533,42.05317]]]}},{"type":"Feature","id":"69351","properties":{"zip":"69351","pop":null,"city":"","county":"Sheridan","state":"Nebraska","area":568.01,"lat":42.11706,"lon":-102.42084},"geometry":{"type":"Polygon","coordinates":[[[-102.67718,41.99066],[-102.67758,42.00528],[-102.5543,42.00701],[-102.55437,42.01043],[-102.55921,42.01038],[-102.55882,42.0212],[-102.574,42.02151],[-102.57411,42.01782],[-102.5791,42.01787],[-102.57906,42.02161],[-102.58366,42.02161],[-102.58366,42.02917],[-102.60345,42.02893],[-102.60328,42.03641],[-102.61081,42.03605],[-102.61059,42.04683],[-102.58839,42.04758],[-102.58846,42.04395],[-102.57859,42.04394],[-102.57796,42.06903],[-102.58857,42.06919],[-102.58997,42.07302],[-102.58851,42.08098],[-102.58675,42.08116],[-102.58698,42.09303],[-102.57611,42.0995],[-102.57322,42.10651],[-102.57675,42.11279],[-102.58255,42.11685],[-102.58661,42.11697],[-102.58668,42.12483],[-102.59251,42.13257],[-102.59339,42.14414],[-102.58686,42.15906],[-102.58103,42.16375],[-102.57807,42.1703],[-102.57276,42.17426],[-102.55984,42.17729],[-102.55728,42.18743],[-102.54726,42.19685],[-102.54812,42.20979],[-102.55302,42.22308],[-102.55153,42.22801],[-102.56444,42.23069],[-102.56735,42.23592],[-102.56665,42.24399],[-102.56947,42.2508],[-102.57312,42.25349],[-102.57774,42.26216],[-102.58417,42.26301],[-102.59219,42.26915],[-102.5941,42.27906],[-102.60112,42.28493],[-102.59806,42.29511],[-102.59948,42.2988],[-102.58722,42.30089],[-102.57546,42.29709],[-102.56717,42.2974],[-102.55836,42.29401],[-102.55482,42.29619],[-102.54692,42.29563],[-102.53303,42.29809],[-102.50242,42.29042],[-102.4843,42.28932],[-102.47961,42.29109],[-102.45679,42.29236],[-102.45382,42.29608],[-102.44295,42.29873],[-102.43035,42.29564],[-102.43512,42.31347],[-102.43044,42.32178],[-102.43096,42.33325],[-102.42594,42.34443],[-102.42337,42.36126],[-102.42772,42.36167],[-102.43943,42.37041],[-102.44805,42.38096],[-102.46076,42.37986],[-102.46716,42.38307],[-102.47537,42.3836],[-102.47534,42.40183],[-102.48733,42.40176],[-102.48721,42.4064],[-102.51456,42.41746],[-102.51425,42.44119],[-102.51923,42.44382],[-102.52468,42.44144],[-102.53698,42.44109],[-102.5365,42.47209],[-102.49844,42.47765],[-102.49862,42.49226],[-102.48731,42.48649],[-102.47338,42.49142],[-102.46955,42.49451],[-102.46941,42.49681],[-102.43549,42.49871],[-102.43207,42.51125],[-102.43605,42.51556],[-102.45807,42.52852],[-102.45978,42.54321],[-102.35456,42.54337],[-102.35121,42.54558],[-102.35112,42.55047],[-102.33272,42.54834],[-102.32301,42.55366],[-102.31439,42.55031],[-102.30297,42.54252],[-102.29792,42.53351],[-102.28791,42.52933],[-102.28325,42.52442],[-102.27182,42.52295],[-102.25822,42.51777],[-102.22366,42.52206],[-102.21687,42.525],[-102.20268,42.52438],[-102.20417,42.51684],[-102.2031,42.45383],[-102.20761,42.44858],[-102.21081,42.43135],[-102.20627,42.42073],[-102.20528,42.39138],[-102.20217,42.37796],[-102.20313,42.36394],[-102.20099,42.35489],[-102.20366,42.34961],[-102.2013,42.32802],[-102.21841,42.32865],[-102.24597,42.32432],[-102.26179,42.31857],[-102.28341,42.30565],[-102.28133,42.304],[-102.27148,42.30512],[-102.25156,42.30044],[-102.24527,42.29623],[-102.25539,42.28881],[-102.26231,42.27757],[-102.27352,42.27766],[-102.29314,42.27069],[-102.30526,42.26941],[-102.31202,42.26277],[-102.33218,42.2563],[-102.33612,42.25344],[-102.34321,42.25357],[-102.34731,42.25596],[-102.35648,42.2539],[-102.35471,42.25081],[-102.35732,42.24241],[-102.35634,42.23806],[-102.36526,42.23568],[-102.36757,42.23327],[-102.36485,42.2302],[-102.36205,42.21839],[-102.35525,42.21336],[-102.35138,42.20621],[-102.34556,42.20232],[-102.34143,42.19264],[-102.34363,42.18086],[-102.34159,42.16606],[-102.32985,42.1658],[-102.33417,42.15574],[-102.34046,42.15669],[-102.3488,42.14746],[-102.34442,42.13858],[-102.35007,42.13041],[-102.37184,42.12735],[-102.37141,42.09592],[-102.35491,42.09606],[-102.35545,42.06629],[-102.36119,42.0663],[-102.3613,42.06263],[-102.37836,42.0626],[-102.37838,42.05709],[-102.36595,42.06057],[-102.35792,42.0613],[-102.37903,42.05649],[-102.38896,42.05154],[-102.37642,42.04292],[-102.37374,42.03797],[-102.35568,42.03439],[-102.34688,42.03478],[-102.34487,42.0257],[-102.3488,42.02296],[-102.35013,42.01692],[-102.35708,42.01621],[-102.35777,42.00769],[-102.34409,42.00778],[-102.34551,42.00422],[-102.33693,41.99909],[-102.33488,41.99047],[-102.32722,41.98542],[-102.32289,41.98482],[-102.33188,41.97899],[-102.32225,41.97273],[-102.32468,41.96883],[-102.34792,41.96553],[-102.36619,41.97619],[-102.3654,41.98021],[-102.37464,41.98543],[-102.38139,41.98828],[-102.38345,41.98175],[-102.38083,41.97199],[-102.38193,41.9658],[-102.37574,41.95452],[-102.37451,41.94467],[-102.36379,41.93569],[-102.35875,41.92821],[-102.35708,41.92144],[-102.34422,41.91486],[-102.33879,41.90682],[-102.33855,41.90106],[-102.34755,41.89766],[-102.34956,41.88874],[-102.34362,41.872],[-102.33635,41.86421],[-102.33847,41.85486],[-102.32615,41.85038],[-102.32494,41.85231],[-102.31955,41.85361],[-102.3128,41.84924],[-102.30421,41.84946],[-102.29344,41.8558],[-102.28614,41.85693],[-102.2803,41.8535],[-102.26379,41.85859],[-102.2492,41.85739],[-102.24242,41.85419],[-102.24004,41.74264],[-102.21465,41.74289],[-102.21358,41.67716],[-102.2229,41.67745],[-102.22529,41.67974],[-102.2425,41.68293],[-102.25638,41.67969],[-102.26998,41.68167],[-102.28195,41.68491],[-102.29424,41.70158],[-102.33723,41.71385],[-102.33729,41.71533],[-102.34305,41.71669],[-102.35211,41.72241],[-102.36731,41.71881],[-102.37812,41.72505],[-102.40224,41.7276],[-102.41818,41.73562],[-102.4227,41.74225],[-102.42922,41.7396],[-102.43725,41.74273],[-102.44108,41.7413],[-102.4432,41.74281],[-102.46199,41.74397],[-102.46273,41.75404],[-102.45843,41.76211],[-102.4474,41.7696],[-102.44159,41.76879],[-102.4427,41.77157],[-102.45082,41.77587],[-102.45372,41.78294],[-102.45703,41.78575],[-102.46159,41.78612],[-102.46847,41.79019],[-102.47326,41.78943],[-102.48307,41.79167],[-102.48663,41.79053],[-102.49164,41.78477],[-102.4962,41.78376],[-102.49879,41.7804],[-102.51421,41.77953],[-102.52411,41.7846],[-102.52632,41.78883],[-102.53886,41.79743],[-102.5504,41.80034],[-102.55393,41.79972],[-102.55976,41.79456],[-102.57576,41.80028],[-102.58133,41.79915],[-102.57983,41.8031],[-102.58076,41.80985],[-102.5775,41.81978],[-102.58316,41.82821],[-102.58136,41.83621],[-102.58423,41.85291],[-102.59092,41.8618],[-102.58824,41.87562],[-102.59475,41.88478],[-102.60033,41.88332],[-102.61164,41.88591],[-102.61531,41.88407],[-102.63026,41.88993],[-102.64073,41.88868],[-102.64819,41.88528],[-102.65799,41.88812],[-102.6708,41.88411],[-102.6739,41.87588],[-102.6784,41.87489],[-102.67718,41.99066]]]}},{"type":"Feature","id":"69352","properties":{"zip":"69352","pop":null,"city":"","county":"Scotts Bluff","state":"Nebraska","area":100.57,"lat":41.80403,"lon":-103.9718},"geometry":{"type":"Polygon","coordinates":[[[-104.05303,41.88546],[-104.05284,41.94817],[-104.04983,41.94813],[-104.05096,41.94952],[-104.04899,41.95045],[-104.04601,41.94972],[-104.04691,41.9874],[-104.03685,41.98739],[-104.02686,41.97467],[-104.0067,41.96451],[-104.00085,41.95956],[-103.99415,41.95854],[-103.97971,41.95152],[-103.97919,41.94324],[-103.98711,41.93903],[-103.98669,41.92557],[-104.00179,41.92365],[-104.0023,41.9217],[-104.00536,41.92102],[-104.00478,41.91667],[-104.00642,41.91476],[-103.98638,41.91474],[-103.98564,41.88573],[-103.96706,41.8858],[-103.96515,41.88018],[-103.96179,41.87815],[-103.94752,41.87432],[-103.94714,41.85685],[-103.88941,41.85697],[-103.88879,41.82795],[-103.86924,41.82794],[-103.86653,41.74047],[-103.85102,41.74058],[-103.85161,41.69793],[-104.05283,41.69782],[-104.05303,41.88546]]]}},{"type":"Feature","id":"69356","properties":{"zip":"69356","pop":null,"city":"","county":"Scotts Bluff","state":"Nebraska","area":98.2,"lat":41.89295,"lon":-103.45079},"geometry":{"type":"Polygon","coordinates":[[[-103.55092,41.87457],[-103.53821,41.87425],[-103.53774,41.90384],[-103.54908,41.90427],[-103.54857,41.91235],[-103.52849,41.93138],[-103.53902,41.93156],[-103.53993,41.95342],[-103.53484,41.95444],[-103.5193,41.94527],[-103.51685,41.94915],[-103.51976,41.95526],[-103.51956,42.00373],[-103.36334,42.00293],[-103.36153,41.83021],[-103.38099,41.83008],[-103.38213,41.79473],[-103.39178,41.79435],[-103.39169,41.80158],[-103.40631,41.79997],[-103.40635,41.79271],[-103.41137,41.79287],[-103.41142,41.79636],[-103.42128,41.79662],[-103.42218,41.76431],[-103.44493,41.76214],[-103.4741,41.77867],[-103.49343,41.7786],[-103.50646,41.78793],[-103.51614,41.78802],[-103.51912,41.78993],[-103.51926,41.80066],[-103.52893,41.80074],[-103.52889,41.80792],[-103.51932,41.80795],[-103.51946,41.81533],[-103.53901,41.81904],[-103.5392,41.84251],[-103.55231,41.85221],[-103.55092,41.87457]]]}},{"type":"Feature","id":"69357","properties":{"zip":"69357","pop":null,"city":"","county":"Sioux","state":"Nebraska","area":272.49,"lat":42.07749,"lon":-103.79553},"geometry":{"type":"Polygon","coordinates":[[[-103.9291,41.92954],[-103.9096,41.93043],[-103.90972,41.93471],[-103.90204,41.93624],[-103.89949,41.93919],[-103.8918,41.93852],[-103.87407,41.94392],[-103.87116,41.94232],[-103.85242,41.94271],[-103.85286,41.96678],[-103.86221,41.97088],[-103.86308,41.98587],[-103.85315,41.98591],[-103.85325,41.99319],[-103.83887,41.99338],[-103.83875,41.99686],[-103.83385,41.99701],[-103.83385,42.00061],[-103.88272,42.00051],[-103.88288,42.01494],[-103.87325,42.01492],[-103.8742,42.05848],[-103.89445,42.05866],[-103.89412,42.08349],[-103.89643,42.08757],[-103.89619,42.14899],[-103.91526,42.14957],[-103.91443,42.26891],[-103.90621,42.27337],[-103.90871,42.27817],[-103.91432,42.28264],[-103.91411,42.32244],[-103.91729,42.32544],[-103.91367,42.32825],[-103.91373,42.34888],[-103.77705,42.3498],[-103.77557,42.33396],[-103.7772,42.27337],[-103.77971,42.26281],[-103.73811,42.263],[-103.73782,42.17585],[-103.64371,42.1771],[-103.64101,42.0166],[-103.64436,42.0024],[-103.69823,42.00201],[-103.69741,41.95819],[-103.67798,41.95841],[-103.67766,41.9439],[-103.68657,41.9338],[-103.68819,41.93123],[-103.68725,41.92932],[-103.69139,41.92682],[-103.7088,41.91962],[-103.71587,41.91916],[-103.71624,41.92069],[-103.71618,41.91487],[-103.73535,41.91441],[-103.73558,41.9113],[-103.7289,41.90664],[-103.73073,41.89926],[-103.74639,41.90277],[-103.73989,41.89598],[-103.72719,41.89049],[-103.72222,41.88494],[-103.72089,41.86179],[-103.71429,41.85866],[-103.71628,41.84428],[-103.71546,41.82971],[-103.78966,41.82874],[-103.78964,41.82569],[-103.78273,41.82149],[-103.77277,41.82138],[-103.77269,41.81151],[-103.85167,41.81332],[-103.85002,41.80623],[-103.8687,41.80602],[-103.86924,41.82794],[-103.88879,41.82795],[-103.88941,41.85697],[-103.90727,41.85691],[-103.90548,41.86401],[-103.89488,41.87088],[-103.90728,41.87142],[-103.90868,41.87485],[-103.90942,41.91493],[-103.92881,41.9149],[-103.9291,41.92954]]]}},{"type":"Feature","id":"69358","properties":{"zip":"69358","pop":null,"city":"","county":"Sioux","state":"Nebraska","area":146.15,"lat":42.07508,"lon":-103.96613},"geometry":{"type":"Polygon","coordinates":[[[-104.05279,42.24996],[-104.05278,42.26091],[-103.91458,42.26186],[-103.91526,42.14957],[-103.89619,42.14899],[-103.89643,42.08757],[-103.89412,42.08349],[-103.89445,42.05866],[-103.8742,42.05848],[-103.87325,42.01492],[-103.88288,42.01494],[-103.88272,42.00051],[-103.83385,42.00061],[-103.83385,41.99701],[-103.83875,41.99686],[-103.83887,41.99338],[-103.85325,41.99319],[-103.85315,41.98591],[-103.86308,41.98587],[-103.86221,41.97088],[-103.85286,41.96678],[-103.85242,41.94271],[-103.87116,41.94232],[-103.87407,41.94392],[-103.8918,41.93852],[-103.89949,41.93919],[-103.90204,41.93624],[-103.90972,41.93471],[-103.9096,41.93043],[-103.9291,41.92954],[-103.92881,41.9149],[-103.90942,41.91493],[-103.90868,41.87485],[-103.90728,41.87142],[-103.89488,41.87088],[-103.90548,41.86401],[-103.90727,41.85691],[-103.94714,41.85685],[-103.94752,41.87432],[-103.96179,41.87815],[-103.96515,41.88018],[-103.96706,41.8858],[-103.98564,41.88573],[-103.98638,41.91474],[-104.00642,41.91476],[-104.00478,41.91667],[-104.00536,41.92102],[-104.0023,41.9217],[-104.00179,41.92365],[-103.98669,41.92557],[-103.98711,41.93903],[-103.97919,41.94324],[-103.97971,41.95152],[-103.99415,41.95854],[-104.00085,41.95956],[-104.0067,41.96451],[-104.02686,41.97467],[-104.03685,41.98739],[-104.04691,41.9874],[-104.04601,41.94972],[-104.04899,41.95045],[-104.05096,41.94952],[-104.04983,41.94813],[-104.05284,41.94817],[-104.05279,42.24996]]]}},{"type":"Feature","id":"69361","properties":{"zip":"69361","pop":null,"city":"Scottsbluff","county":"Sioux","state":"Nebraska","area":178.48,"lat":42.01243,"lon":-103.56805},"geometry":{"type":"Polygon","coordinates":[[[-103.74639,41.90277],[-103.73073,41.89926],[-103.7289,41.90664],[-103.73558,41.9113],[-103.73535,41.91441],[-103.71618,41.91487],[-103.71624,41.92069],[-103.71587,41.91916],[-103.7088,41.91962],[-103.69139,41.92682],[-103.68725,41.92932],[-103.68819,41.93123],[-103.68657,41.9338],[-103.67766,41.9439],[-103.67798,41.95841],[-103.69741,41.95819],[-103.69823,42.00201],[-103.64436,42.0024],[-103.64101,42.0166],[-103.64371,42.1771],[-103.44433,42.17799],[-103.44411,42.09071],[-103.40159,42.09041],[-103.40152,42.00354],[-103.51956,42.00373],[-103.51976,41.95526],[-103.51685,41.94915],[-103.5193,41.94527],[-103.53484,41.95444],[-103.53993,41.95342],[-103.53902,41.93156],[-103.52849,41.93138],[-103.54857,41.91235],[-103.54908,41.90427],[-103.53774,41.90384],[-103.53821,41.87425],[-103.55092,41.87457],[-103.55231,41.85221],[-103.5392,41.84251],[-103.53901,41.81904],[-103.51946,41.81533],[-103.51932,41.80795],[-103.52889,41.80792],[-103.52893,41.80074],[-103.51926,41.80066],[-103.51912,41.78993],[-103.5261,41.7918],[-103.52772,41.79419],[-103.53607,41.79548],[-103.53656,41.79804],[-103.53929,41.79806],[-103.54163,41.80089],[-103.54557,41.79996],[-103.54882,41.80377],[-103.55481,41.80284],[-103.55666,41.80739],[-103.56331,41.80768],[-103.56401,41.81184],[-103.56761,41.81123],[-103.57028,41.81289],[-103.5693,41.81495],[-103.57969,41.81864],[-103.59107,41.82785],[-103.60211,41.8319],[-103.60594,41.83595],[-103.63983,41.83919],[-103.64584,41.84502],[-103.66265,41.85165],[-103.67513,41.84995],[-103.6869,41.85126],[-103.71082,41.85665],[-103.72065,41.86136],[-103.72339,41.88752],[-103.73989,41.89598],[-103.74639,41.90277]]]}},{"type":"Feature","id":"69214","properties":{"zip":"69214","pop":null,"city":"","county":"Brown","state":"Nebraska","area":388.44,"lat":42.4912,"lon":-100.0792},"geometry":{"type":"Polygon","coordinates":[[[-100.28122,42.60691],[-100.24633,42.60758],[-100.24196,42.61503],[-100.2421,42.62328],[-100.23602,42.63473],[-100.22018,42.63131],[-100.18317,42.61594],[-100.18327,42.78101],[-100.19858,42.78102],[-100.19848,42.8461],[-100.18778,42.83761],[-100.16332,42.83344],[-100.1632,42.82876],[-100.16081,42.82752],[-100.14931,42.83212],[-100.14468,42.82935],[-100.14403,42.82413],[-100.13443,42.82122],[-100.13478,42.81834],[-100.139,42.81445],[-100.13531,42.80857],[-100.11742,42.80536],[-100.11432,42.8034],[-100.11334,42.79968],[-100.08327,42.79208],[-100.06864,42.7904],[-100.05592,42.78544],[-100.04257,42.78501],[-100.03146,42.78774],[-100.02121,42.78553],[-100.00781,42.78857],[-99.99412,42.7847],[-99.97254,42.77329],[-99.95254,42.77264],[-99.95086,42.593],[-99.95242,42.58495],[-99.9582,42.57059],[-99.97209,42.56825],[-99.98313,42.55967],[-99.99297,42.55999],[-99.99776,42.55344],[-99.99415,42.54941],[-99.94958,42.54952],[-99.94918,42.43379],[-99.97388,42.43352],[-99.97319,42.0853],[-100.01061,42.08561],[-100.01067,42.15858],[-100.16765,42.15873],[-100.16754,42.43328],[-100.18317,42.4335],[-100.18316,42.50571],[-100.18796,42.50749],[-100.18832,42.51172],[-100.19906,42.51548],[-100.20402,42.52151],[-100.21067,42.52197],[-100.21335,42.52405],[-100.22081,42.52382],[-100.22738,42.52679],[-100.23696,42.52518],[-100.2424,42.52831],[-100.24191,42.52456],[-100.24466,42.52068],[-100.26081,42.52085],[-100.26118,42.52887],[-100.263,42.5316],[-100.27038,42.53855],[-100.27118,42.54267],[-100.27787,42.54482],[-100.27688,42.56427],[-100.26839,42.57617],[-100.26587,42.59219],[-100.25532,42.5972],[-100.2665,42.60195],[-100.27393,42.60198],[-100.28117,42.60518],[-100.28122,42.60691]]]}},{"type":"Feature","id":"69221","properties":{"zip":"69221","pop":null,"city":"","county":"Cherry","state":"Nebraska","area":214.91,"lat":42.63518,"lon":-100.31042},"geometry":{"type":"Polygon","coordinates":[[[-100.43399,42.82452],[-100.1985,42.82405],[-100.19858,42.78102],[-100.18327,42.78101],[-100.18317,42.61594],[-100.22018,42.63131],[-100.23602,42.63473],[-100.2421,42.62328],[-100.24196,42.61503],[-100.24633,42.60758],[-100.28122,42.60691],[-100.28117,42.60518],[-100.27393,42.60198],[-100.26246,42.60091],[-100.25532,42.5972],[-100.26587,42.59219],[-100.26839,42.57617],[-100.27688,42.56427],[-100.27787,42.54482],[-100.27118,42.54267],[-100.27038,42.53855],[-100.263,42.5316],[-100.26118,42.52887],[-100.26081,42.52085],[-100.24466,42.52068],[-100.24191,42.52456],[-100.2424,42.52831],[-100.23696,42.52518],[-100.22738,42.52679],[-100.22081,42.52382],[-100.21335,42.52405],[-100.21067,42.52197],[-100.20402,42.52151],[-100.19906,42.51548],[-100.18832,42.51172],[-100.18796,42.50749],[-100.18316,42.50571],[-100.18317,42.4335],[-100.4196,42.43485],[-100.418,42.50689],[-100.41782,42.78186],[-100.4343,42.78263],[-100.43399,42.82452]]]}},{"type":"Feature","id":"69367","properties":{"zip":"69367","pop":null,"city":"","county":"Dawes","state":"Nebraska","area":172.6,"lat":42.81658,"lon":-103.32348},"geometry":{"type":"Polygon","coordinates":[[[-103.5051,43.00077],[-103.40449,43.00074],[-103.40475,42.9744],[-103.34533,42.97428],[-103.34544,42.90129],[-103.32554,42.90121],[-103.32581,42.87221],[-103.33562,42.87227],[-103.33553,42.85744],[-103.3457,42.85726],[-103.34544,42.82853],[-103.32595,42.82845],[-103.32596,42.84301],[-103.17838,42.84331],[-103.17392,42.83262],[-103.17055,42.83196],[-103.17062,42.82522],[-103.16701,42.82001],[-103.20454,42.81557],[-103.21517,42.80485],[-103.22771,42.80285],[-103.23302,42.79945],[-103.18119,42.79816],[-103.1672,42.79947],[-103.16705,42.79291],[-103.14701,42.8024],[-103.14726,42.78522],[-103.12753,42.78512],[-103.12547,42.64015],[-103.17511,42.63977],[-103.17511,42.63627],[-103.18516,42.63619],[-103.18511,42.63965],[-103.20478,42.6396],[-103.20455,42.6542],[-103.20635,42.65495],[-103.23988,42.65362],[-103.24172,42.65766],[-103.2443,42.65765],[-103.24492,42.67158],[-103.2352,42.67166],[-103.23546,42.6825],[-103.22456,42.6825],[-103.22484,42.69344],[-103.2349,42.69347],[-103.23499,42.69718],[-103.31593,42.69739],[-103.316,42.70461],[-103.32594,42.70465],[-103.326,42.72307],[-103.34966,42.71336],[-103.36457,42.70441],[-103.36463,42.73228],[-103.36868,42.73671],[-103.36869,42.74102],[-103.36475,42.74107],[-103.3649,42.7553],[-103.40388,42.75563],[-103.40401,42.80392],[-103.40617,42.81389],[-103.50335,42.8139],[-103.5051,43.00077]]]}},{"type":"Feature","id":"69123","properties":{"zip":"69123","pop":null,"city":"","county":"Lincoln","state":"Nebraska","area":194.99,"lat":41.04964,"lon":-100.36626},"geometry":{"type":"Polygon","coordinates":[[[-100.52546,41.05142],[-100.50274,41.04745],[-100.47248,41.03487],[-100.45254,41.02873],[-100.45203,41.04629],[-100.46751,41.04614],[-100.4673,41.13312],[-100.35251,41.13286],[-100.35067,41.27716],[-100.27346,41.27947],[-100.23434,41.27739],[-100.23758,41.16194],[-100.23812,41.06102],[-100.25898,41.06148],[-100.25739,41.04645],[-100.2716,41.0465],[-100.27161,41.03127],[-100.35422,41.03135],[-100.3629,41.0243],[-100.36041,41.01989],[-100.36217,41.01776],[-100.34455,41.00422],[-100.33731,41.00116],[-100.31891,40.99908],[-100.29987,40.98722],[-100.30213,40.98451],[-100.29125,40.97286],[-100.27103,40.96093],[-100.27011,40.95921],[-100.2738,40.95486],[-100.26625,40.94896],[-100.26959,40.94537],[-100.3205,40.96746],[-100.31989,40.84426],[-100.33912,40.84399],[-100.34371,40.85128],[-100.36201,40.85883],[-100.36839,40.88246],[-100.37842,40.89829],[-100.38029,40.88898],[-100.38524,40.88733],[-100.38863,40.87773],[-100.39217,40.87606],[-100.39238,40.87281],[-100.39031,40.86561],[-100.38053,40.84864],[-100.3777,40.84009],[-100.37694,40.82943],[-100.42008,40.82908],[-100.42186,40.84518],[-100.4197,40.86017],[-100.4332,40.85999],[-100.44816,40.86324],[-100.45815,40.87977],[-100.46257,40.89321],[-100.47024,40.89167],[-100.47215,40.88515],[-100.50852,40.88503],[-100.5086,41.02796],[-100.516,41.03021],[-100.52546,41.03622],[-100.52546,41.05142]]]}},{"type":"Feature","id":"68734","properties":{"zip":"68734","pop":null,"city":"","county":"Holt","state":"Nebraska","area":41.34,"lat":42.42521,"lon":-98.8044},"geometry":{"type":"Polygon","coordinates":[[[-98.88577,42.3937],[-98.88254,42.39878],[-98.87491,42.40255],[-98.86939,42.4115],[-98.86344,42.41358],[-98.86064,42.42051],[-98.86191,42.42417],[-98.85765,42.43113],[-98.85888,42.43193],[-98.85644,42.43241],[-98.85648,42.43559],[-98.82728,42.43569],[-98.82434,42.43762],[-98.82416,42.44974],[-98.83429,42.44982],[-98.83379,42.47911],[-98.79468,42.47908],[-98.79478,42.49376],[-98.81425,42.49379],[-98.81436,42.5084],[-98.77531,42.5083],[-98.77534,42.52278],[-98.75572,42.52282],[-98.75565,42.53733],[-98.73617,42.53735],[-98.73623,42.50839],[-98.75572,42.50822],[-98.75562,42.47915],[-98.73596,42.47928],[-98.73588,42.43577],[-98.74938,42.43573],[-98.7494,42.4225],[-98.769,42.42241],[-98.76883,42.35074],[-98.88544,42.35007],[-98.88577,42.3937]]]}},{"type":"Feature","id":"68776","properties":{"zip":"68776","pop":null,"city":"South Sioux City","county":"Dakota","state":"Nebraska","area":17.02,"lat":42.46012,"lon":-96.44438},"geometry":{"type":"Polygon","coordinates":[[[-96.5228,42.46984],[-96.52257,42.47344],[-96.5177,42.47873],[-96.50652,42.48528],[-96.4895,42.48011],[-96.47879,42.47964],[-96.44551,42.49063],[-96.40941,42.48759],[-96.39611,42.4841],[-96.38601,42.47449],[-96.38131,42.46169],[-96.38071,42.44639],[-96.38761,42.43249],[-96.39881,42.42249],[-96.40441,42.42272],[-96.40438,42.43342],[-96.41396,42.43346],[-96.41422,42.42977],[-96.41689,42.42982],[-96.41702,42.42269],[-96.42875,42.42272],[-96.42873,42.41657],[-96.43274,42.41659],[-96.4348,42.43719],[-96.46322,42.43727],[-96.46312,42.44085],[-96.46774,42.44092],[-96.46742,42.44253],[-96.47532,42.44503],[-96.47805,42.44842],[-96.52237,42.44824],[-96.5228,42.46984]]]}},{"type":"Feature","id":"69341","properties":{"zip":"69341","pop":null,"city":"Gering","county":"Scotts Bluff","state":"Nebraska","area":154.63,"lat":41.74151,"lon":-103.67947},"geometry":{"type":"Polygon","coordinates":[[[-103.8687,41.80602],[-103.85002,41.80623],[-103.85167,41.81332],[-103.77269,41.81151],[-103.77277,41.82138],[-103.78273,41.82149],[-103.78964,41.82569],[-103.78966,41.82874],[-103.71546,41.82971],[-103.71628,41.84428],[-103.71429,41.85866],[-103.68527,41.85102],[-103.67513,41.84995],[-103.66505,41.85203],[-103.64584,41.84502],[-103.63983,41.83919],[-103.60594,41.83595],[-103.60211,41.8319],[-103.59107,41.82785],[-103.57969,41.81864],[-103.5693,41.81495],[-103.57028,41.81289],[-103.56761,41.81123],[-103.56401,41.81184],[-103.56331,41.80768],[-103.55666,41.80739],[-103.55481,41.80284],[-103.54882,41.80377],[-103.54557,41.79996],[-103.54163,41.80089],[-103.53929,41.79806],[-103.53656,41.79804],[-103.53607,41.79548],[-103.52772,41.79419],[-103.5261,41.7918],[-103.51614,41.78802],[-103.50646,41.78793],[-103.49343,41.7786],[-103.4741,41.77867],[-103.46904,41.77459],[-103.46047,41.77174],[-103.46047,41.75979],[-103.46968,41.76418],[-103.46989,41.76024],[-103.46507,41.75912],[-103.46505,41.75683],[-103.46037,41.75657],[-103.46055,41.74237],[-103.4845,41.74245],[-103.48516,41.69952],[-103.67128,41.69792],[-103.67672,41.68111],[-103.67653,41.65441],[-103.65308,41.65475],[-103.65244,41.65337],[-103.64097,41.65259],[-103.63808,41.65065],[-103.63737,41.64957],[-103.64,41.64903],[-103.63756,41.64754],[-103.61833,41.64831],[-103.6182,41.62428],[-103.61574,41.61864],[-103.62778,41.61764],[-103.62706,41.61206],[-103.62217,41.60772],[-103.62108,41.60001],[-103.61844,41.59739],[-103.61845,41.5828],[-103.65212,41.58284],[-103.73551,41.63691],[-103.73561,41.64159],[-103.73401,41.64266],[-103.73676,41.6436],[-103.73606,41.64576],[-103.73826,41.64539],[-103.74034,41.64976],[-103.74879,41.65419],[-103.75398,41.65391],[-103.75435,41.65643],[-103.75862,41.65598],[-103.75892,41.65836],[-103.76395,41.65757],[-103.8091,41.69793],[-103.85161,41.69793],[-103.85102,41.74058],[-103.86653,41.74047],[-103.8687,41.80602]],[[-103.51914,41.77867],[-103.51525,41.77871],[-103.51533,41.78301],[-103.51284,41.78267],[-103.51914,41.78558],[-103.51914,41.77867]]]}},{"type":"Feature","id":"68924","properties":{"zip":"68924","pop":null,"city":"","county":"Kearney","state":"Nebraska","area":81.69,"lat":40.4956,"lon":-99.12473},"geometry":{"type":"Polygon","coordinates":[[[-99.21747,40.5832],[-99.1985,40.58323],[-99.19856,40.61234],[-99.06582,40.61195],[-99.0658,40.56836],[-99.10373,40.56838],[-99.10378,40.53934],[-99.08473,40.5393],[-99.08476,40.51035],[-99.02806,40.51017],[-99.02795,40.49194],[-99.04706,40.48927],[-99.04638,40.37956],[-99.10347,40.3796],[-99.10349,40.39414],[-99.16073,40.39387],[-99.16074,40.40842],[-99.19901,40.40873],[-99.19851,40.43765],[-99.21766,40.43754],[-99.21748,40.45203],[-99.19845,40.45215],[-99.19849,40.46791],[-99.17943,40.47062],[-99.17949,40.52501],[-99.19856,40.52511],[-99.19869,40.57364],[-99.20107,40.57365],[-99.20106,40.57581],[-99.21766,40.57579],[-99.21747,40.5832]]]}},{"type":"Feature","id":"68865","properties":{"zip":"68865","pop":null,"city":"","county":"Hamilton","state":"Nebraska","area":46.02,"lat":40.89338,"lon":-98.187},"geometry":{"type":"Polygon","coordinates":[[[-98.28264,40.83605],[-98.28258,40.86868],[-98.27513,40.87958],[-98.23626,40.91341],[-98.22676,40.91801],[-98.21547,40.93052],[-98.20694,40.93659],[-98.16978,40.95477],[-98.15166,40.97547],[-98.14627,40.98428],[-98.14417,40.98519],[-98.14059,40.98269],[-98.12781,40.98752],[-98.11358,40.98779],[-98.11279,40.95885],[-98.0936,40.95913],[-98.09332,40.94476],[-98.13172,40.94461],[-98.13128,40.91572],[-98.11215,40.91576],[-98.11198,40.88678],[-98.09288,40.88681],[-98.09313,40.87581],[-98.11227,40.87908],[-98.11241,40.87231],[-98.13085,40.87303],[-98.13149,40.85782],[-98.14977,40.85828],[-98.14959,40.84375],[-98.20644,40.84326],[-98.20643,40.82878],[-98.18759,40.82891],[-98.18755,40.82194],[-98.24517,40.821],[-98.24521,40.82882],[-98.28265,40.82881],[-98.28264,40.83605]]]}},{"type":"Feature","id":"68401","properties":{"zip":"68401","pop":null,"city":"","county":"York","state":"Nebraska","area":29.99,"lat":40.74233,"lon":-97.58568},"geometry":{"type":"Polygon","coordinates":[[[-97.69259,40.75656],[-97.67379,40.75673],[-97.67382,40.77121],[-97.63563,40.7709],[-97.6356,40.75644],[-97.59748,40.7565],[-97.59759,40.77099],[-97.57821,40.77111],[-97.57827,40.76385],[-97.55914,40.76375],[-97.5593,40.77094],[-97.53965,40.77046],[-97.53952,40.76324],[-97.52092,40.76353],[-97.52096,40.78525],[-97.5019,40.78524],[-97.50184,40.76345],[-97.49237,40.76591],[-97.49241,40.77075],[-97.47303,40.77088],[-97.47293,40.7639],[-97.46336,40.76408],[-97.46368,40.74224],[-97.48291,40.74206],[-97.48289,40.7276],[-97.55926,40.72763],[-97.55924,40.71318],[-97.59529,40.71318],[-97.59607,40.69873],[-97.61619,40.69875],[-97.61647,40.71312],[-97.69255,40.71314],[-97.69259,40.75656]]]}},{"type":"Feature","id":"68801","properties":{"zip":"68801","pop":null,"city":"Grand Island","county":"Hall","state":"Nebraska","area":69.66,"lat":40.94939,"lon":-98.29309},"geometry":{"type":"Polygon","coordinates":[[[-98.3784,40.90255],[-98.35395,40.9022],[-98.35397,40.91011],[-98.35203,40.91092],[-98.35897,40.92091],[-98.35889,40.94214],[-98.35551,40.94367],[-98.35885,40.94584],[-98.35971,40.96034],[-98.33983,40.96016],[-98.33974,40.97463],[-98.35893,40.97473],[-98.35901,40.989],[-98.3397,40.98898],[-98.33992,41.00327],[-98.35873,41.0027],[-98.35906,41.01764],[-98.34002,41.01761],[-98.33996,41.0461],[-98.28717,41.04636],[-98.28711,41.06082],[-98.28339,41.06081],[-98.28324,41.06806],[-98.27363,41.06808],[-98.27372,41.07534],[-98.2497,41.07509],[-98.2494,41.0534],[-98.26857,41.05341],[-98.2683,41.0475],[-98.26566,41.0459],[-98.24465,41.0461],[-98.24456,41.01727],[-98.26392,41.0173],[-98.26376,41.00281],[-98.24447,41.0028],[-98.24448,40.97373],[-98.23796,40.97375],[-98.21426,40.98811],[-98.18739,40.98802],[-98.18725,40.97491],[-98.18174,40.98066],[-98.17032,40.98775],[-98.14962,40.99236],[-98.14938,40.98801],[-98.15894,40.98848],[-98.15859,40.98093],[-98.16814,40.98043],[-98.16806,40.97681],[-98.17312,40.97683],[-98.17313,40.97328],[-98.17745,40.97338],[-98.17765,40.9698],[-98.18724,40.96989],[-98.18719,40.9646],[-98.18232,40.96457],[-98.18235,40.96636],[-98.16777,40.96474],[-98.16683,40.95814],[-98.16978,40.95477],[-98.20694,40.93659],[-98.21547,40.93052],[-98.22676,40.91801],[-98.23626,40.91341],[-98.27513,40.87958],[-98.28258,40.86868],[-98.28335,40.87326],[-98.2889,40.87262],[-98.30239,40.86648],[-98.31573,40.85624],[-98.33978,40.84923],[-98.34034,40.82587],[-98.37824,40.82035],[-98.3784,40.90255]]]}},{"type":"Feature","id":"68056","properties":{"zip":"68056","pop":null,"city":"Bellevue","county":"Sarpy","state":"Nebraska","area":0.04,"lat":41.14113,"lon":-95.90443},"geometry":{"type":"Polygon","coordinates":[[[-95.90735,41.14205],[-95.9048,41.14118],[-95.90507,41.14349],[-95.90347,41.14352],[-95.90157,41.14129],[-95.90252,41.13951],[-95.90731,41.13953],[-95.90735,41.14205]]]}},{"type":"Feature","id":"68466","properties":{"zip":"68466","pop":null,"city":"","county":"Gage","state":"Nebraska","area":81.09,"lat":40.07112,"lon":-96.63765},"geometry":{"type":"Polygon","coordinates":[[[-96.78425,40.11768],[-96.7468,40.11757],[-96.74686,40.13937],[-96.7088,40.13937],[-96.70891,40.11759],[-96.68998,40.11764],[-96.68994,40.13942],[-96.67869,40.13911],[-96.67368,40.13658],[-96.67178,40.13214],[-96.65263,40.13204],[-96.65532,40.13943],[-96.65176,40.13756],[-96.64557,40.13938],[-96.6335,40.13934],[-96.63352,40.13213],[-96.52037,40.13218],[-96.52042,40.06653],[-96.52282,40.06654],[-96.52287,40.0592],[-96.52052,40.05922],[-96.52037,40.04455],[-96.52994,40.04448],[-96.52984,40.03354],[-96.53926,40.03351],[-96.53913,40.01187],[-96.54849,40.01189],[-96.54858,40.00819],[-96.5506,40.00815],[-96.55064,40.00092],[-96.72764,40.00128],[-96.72736,40.04504],[-96.74599,40.04546],[-96.74601,40.08823],[-96.76489,40.08831],[-96.76577,40.1034],[-96.78417,40.10298],[-96.78425,40.11768]],[[-96.57862,40.04828],[-96.57676,40.04606],[-96.56764,40.04606],[-96.56762,40.05185],[-96.57832,40.05195],[-96.57862,40.04828]]]}},{"type":"Feature","id":"68367","properties":{"zip":"68367","pop":null,"city":"","county":"Polk","state":"Nebraska","area":46.44,"lat":41.03806,"lon":-97.40124},"geometry":{"type":"Polygon","coordinates":[[[-97.50268,41.105],[-97.48372,41.10492],[-97.48403,41.13398],[-97.45476,41.13402],[-97.45459,41.11943],[-97.46491,41.11949],[-97.46435,41.0905],[-97.44498,41.09033],[-97.44464,41.07581],[-97.42562,41.07599],[-97.42569,41.08324],[-97.41626,41.08329],[-97.41616,41.09046],[-97.40649,41.09041],[-97.40626,41.07592],[-97.36813,41.07597],[-97.36812,41.04695],[-97.33048,41.04687],[-97.33051,41.0325],[-97.27296,41.0325],[-97.27281,40.97446],[-97.29202,40.97448],[-97.29208,40.98897],[-97.34937,40.98895],[-97.34931,40.97444],[-97.38707,40.97401],[-97.38695,40.98852],[-97.40629,40.9884],[-97.40607,41.00291],[-97.42547,41.00286],[-97.42533,41.01738],[-97.50195,41.01697],[-97.50268,41.105]]]}},{"type":"Feature","id":"68339","properties":{"zip":"68339","pop":null,"city":"","county":"Lancaster","state":"Nebraska","area":34.47,"lat":40.73209,"lon":-96.86694},"geometry":{"type":"Polygon","coordinates":[[[-96.9492,40.71243],[-96.93009,40.71245],[-96.92998,40.74151],[-96.91093,40.74147],[-96.91075,40.79049],[-96.87295,40.80086],[-96.87297,40.78487],[-96.8539,40.78484],[-96.85385,40.77747],[-96.83471,40.77747],[-96.83477,40.78264],[-96.83217,40.77931],[-96.83284,40.77587],[-96.83012,40.77062],[-96.79661,40.77012],[-96.79673,40.74113],[-96.77808,40.74129],[-96.77782,40.71216],[-96.78762,40.71215],[-96.78643,40.71038],[-96.79004,40.69762],[-96.79379,40.69763],[-96.79379,40.69917],[-96.79685,40.69764],[-96.79681,40.71214],[-96.83599,40.71223],[-96.83495,40.69775],[-96.83814,40.69776],[-96.83813,40.68299],[-96.85714,40.68297],[-96.85692,40.69573],[-96.85546,40.69781],[-96.87449,40.6976],[-96.88362,40.68353],[-96.90173,40.66864],[-96.93277,40.66872],[-96.93212,40.69799],[-96.94918,40.698],[-96.9492,40.71243]]]}},{"type":"Feature","id":"68761","properties":{"zip":"68761","pop":null,"city":"","county":"Antelope","state":"Nebraska","area":42.92,"lat":42.02302,"lon":-97.96016},"geometry":{"type":"Polygon","coordinates":[[[-98.02835,42.08944],[-97.95106,42.08977],[-97.95087,42.13305],[-97.93164,42.1332],[-97.93153,42.09697],[-97.91206,42.09702],[-97.91217,42.08983],[-97.90546,42.08986],[-97.9053,42.07895],[-97.90232,42.07898],[-97.90231,42.07538],[-97.91194,42.07529],[-97.91122,41.97404],[-97.92091,41.974],[-97.92088,41.96678],[-97.93073,41.96677],[-97.93069,41.94502],[-97.92099,41.94504],[-97.92091,41.93791],[-97.91115,41.93793],[-97.91102,41.9161],[-97.96894,41.91575],[-97.96923,41.94477],[-97.98865,41.94476],[-97.98761,41.98815],[-97.96182,41.98833],[-97.96274,41.99964],[-97.96499,42.00273],[-98.00811,42.00237],[-98.0081,42.00957],[-98.02747,42.00945],[-98.02835,42.08944]]]}},{"type":"Feature","id":"68767","properties":{"zip":"68767","pop":null,"city":"","county":"Pierce","state":"Nebraska","area":143.61,"lat":42.19691,"lon":-97.53626},"geometry":{"type":"Polygon","coordinates":[[[-97.76676,42.1988],[-97.75702,42.19886],[-97.75711,42.2061],[-97.73765,42.20614],[-97.73771,42.22785],[-97.72786,42.22789],[-97.72781,42.2316],[-97.73296,42.23156],[-97.73297,42.23517],[-97.67926,42.23537],[-97.67921,42.22081],[-97.64025,42.22079],[-97.64014,42.25773],[-97.60121,42.23717],[-97.6012,42.27861],[-97.58349,42.27865],[-97.58229,42.26418],[-97.54337,42.26432],[-97.54331,42.29325],[-97.53339,42.29328],[-97.53351,42.30051],[-97.52359,42.30051],[-97.52362,42.30773],[-97.48487,42.30784],[-97.48483,42.32229],[-97.44567,42.32236],[-97.44567,42.30792],[-97.43601,42.30797],[-97.436,42.30074],[-97.44082,42.30073],[-97.44081,42.29349],[-97.43601,42.2935],[-97.43599,42.27909],[-97.42636,42.27902],[-97.42637,42.28628],[-97.41188,42.28634],[-97.41186,42.2791],[-97.39727,42.27919],[-97.39701,42.26468],[-97.38739,42.26474],[-97.38753,42.2358],[-97.36799,42.2357],[-97.36804,42.22138],[-97.3589,42.22131],[-97.35887,42.21479],[-97.34924,42.21451],[-97.34924,42.20684],[-97.36808,42.20687],[-97.36822,42.17794],[-97.36804,42.16341],[-97.34926,42.16305],[-97.34922,42.15633],[-97.36373,42.15648],[-97.36394,42.14883],[-97.35905,42.14875],[-97.35943,42.11971],[-97.36822,42.11993],[-97.36823,42.13444],[-97.39741,42.1344],[-97.3974,42.13074],[-97.40698,42.13074],[-97.40705,42.12712],[-97.42626,42.1271],[-97.42643,42.12916],[-97.44559,42.12876],[-97.44554,42.13425],[-97.47585,42.13408],[-97.48309,42.14851],[-97.48512,42.14852],[-97.48457,42.13407],[-97.50404,42.13419],[-97.50414,42.11969],[-97.52356,42.11935],[-97.52362,42.10507],[-97.54308,42.10516],[-97.54321,42.09048],[-97.62093,42.0903],[-97.62088,42.11929],[-97.6889,42.11946],[-97.68889,42.13392],[-97.69877,42.13391],[-97.69886,42.14819],[-97.71806,42.1482],[-97.7182,42.17717],[-97.73757,42.17712],[-97.73761,42.19164],[-97.7667,42.19156],[-97.76676,42.1988]]]}},{"type":"Feature","id":"68770","properties":{"zip":"68770","pop":null,"city":"","county":"Dixon","state":"Nebraska","area":75.58,"lat":42.56283,"lon":-96.76908},"geometry":{"type":"Polygon","coordinates":[[[-96.93724,42.53948],[-96.89848,42.5393],[-96.89838,42.54661],[-96.87905,42.54665],[-96.87907,42.55391],[-96.88853,42.55389],[-96.88883,42.57902],[-96.88393,42.57921],[-96.88395,42.58218],[-96.8643,42.58672],[-96.86429,42.59021],[-96.82014,42.59019],[-96.82014,42.60818],[-96.81034,42.60818],[-96.81036,42.61167],[-96.80536,42.61163],[-96.80542,42.61521],[-96.80056,42.61529],[-96.80077,42.64422],[-96.79575,42.64419],[-96.7953,42.64786],[-96.79081,42.64785],[-96.79081,42.65055],[-96.78862,42.65219],[-96.78074,42.65119],[-96.78095,42.66355],[-96.76406,42.66199],[-96.74695,42.66622],[-96.72802,42.66688],[-96.69764,42.65914],[-96.68708,42.65209],[-96.68908,42.64408],[-96.69685,42.6376],[-96.70949,42.62193],[-96.71131,42.61738],[-96.71099,42.60813],[-96.70642,42.59941],[-96.68575,42.57794],[-96.67595,42.5716],[-96.65875,42.56643],[-96.64813,42.56088],[-96.63533,42.54764],[-96.63149,42.52432],[-96.66957,42.52429],[-96.67078,42.52075],[-96.66975,42.50993],[-96.66373,42.50989],[-96.66349,42.50634],[-96.65339,42.50639],[-96.65351,42.49167],[-96.63353,42.47985],[-96.6336,42.47769],[-96.63792,42.47739],[-96.64167,42.4738],[-96.6831,42.47383],[-96.68289,42.50274],[-96.69082,42.51026],[-96.69431,42.52452],[-96.74183,42.52465],[-96.74151,42.49561],[-96.76103,42.49566],[-96.761,42.47589],[-96.77565,42.47789],[-96.77576,42.48095],[-96.78065,42.48113],[-96.78074,42.49575],[-96.80999,42.49601],[-96.81225,42.50292],[-96.8258,42.50339],[-96.82961,42.50585],[-96.8347,42.50618],[-96.83457,42.51039],[-96.85929,42.51063],[-96.85927,42.50324],[-96.86666,42.50323],[-96.86665,42.49965],[-96.87749,42.49969],[-96.88382,42.49584],[-96.89801,42.49587],[-96.8981,42.5246],[-96.93715,42.52506],[-96.93724,42.53948]]]}},{"type":"Feature","id":"68320","properties":{"zip":"68320","pop":null,"city":"","county":"Nemaha","state":"Nebraska","area":42.76,"lat":40.48151,"lon":-95.95324},"geometry":{"type":"Polygon","coordinates":[[[-96.06689,40.50865],[-96.04318,40.50872],[-96.04313,40.50148],[-96.02887,40.50104],[-96.02892,40.5087],[-96.00988,40.50856],[-96.00994,40.51579],[-96.00622,40.51582],[-96.00628,40.5088],[-95.99198,40.50875],[-95.99186,40.50176],[-95.98676,40.50179],[-95.98679,40.50511],[-95.98263,40.50515],[-95.98264,40.5231],[-95.97292,40.5231],[-95.9729,40.51959],[-95.96319,40.51971],[-95.96323,40.5231],[-95.86938,40.52297],[-95.8684,40.51619],[-95.86521,40.51793],[-95.86553,40.52298],[-95.84015,40.52302],[-95.83998,40.49433],[-95.85868,40.49418],[-95.85793,40.45795],[-95.87693,40.45787],[-95.87675,40.45076],[-95.89614,40.45084],[-95.89588,40.4361],[-95.9526,40.43621],[-95.95296,40.45072],[-95.97192,40.45071],[-95.97216,40.4362],[-96.00947,40.43614],[-96.00951,40.4506],[-96.06656,40.45066],[-96.06689,40.50865]]]}},{"type":"Feature","id":"68434","properties":{"zip":"68434","pop":null,"city":"Seward","county":"Seward","state":"Nebraska","area":119.85,"lat":40.90948,"lon":-97.11678},"geometry":{"type":"Polygon","coordinates":[[[-97.27279,40.95997],[-97.25362,40.95999],[-97.25364,40.95651],[-97.24359,40.95649],[-97.24348,40.95995],[-97.17746,40.95974],[-97.17749,40.97284],[-97.16793,40.97303],[-97.1679,40.95971],[-97.1392,40.95962],[-97.13927,41.00313],[-97.15839,41.00318],[-97.15832,41.0465],[-97.12063,41.04645],[-97.12057,41.03219],[-97.11152,41.03214],[-97.11149,41.03869],[-97.10133,41.03866],[-97.10058,41.04642],[-97.08214,41.04638],[-97.08222,41.03184],[-97.08686,41.03191],[-97.08712,41.01738],[-97.1117,41.01761],[-97.11102,41.00308],[-97.10131,41.00302],[-97.10127,40.97398],[-97.07191,40.9739],[-97.07189,40.98158],[-97.06309,40.98162],[-97.06305,41.00285],[-97.03464,41.00275],[-97.03435,41.00988],[-97.00623,41.00968],[-97.00603,40.984],[-96.99184,40.98453],[-96.99186,40.98109],[-96.9969,40.98109],[-96.99695,40.97389],[-97.00668,40.97286],[-97.00604,40.93014],[-96.98691,40.93009],[-96.98687,40.90108],[-96.96786,40.90111],[-96.96781,40.88691],[-96.94863,40.88652],[-96.94866,40.87208],[-96.96772,40.8721],[-96.96779,40.84313],[-97.00602,40.84324],[-97.00605,40.85776],[-97.06373,40.85778],[-97.06398,40.83297],[-97.0767,40.83246],[-97.07796,40.83966],[-97.07312,40.83964],[-97.07304,40.84342],[-97.08302,40.84357],[-97.083,40.83606],[-97.0923,40.83613],[-97.0923,40.82888],[-97.08273,40.82886],[-97.0828,40.81436],[-97.09219,40.81439],[-97.09228,40.79991],[-97.13963,40.79999],[-97.13963,40.7926],[-97.16845,40.7926],[-97.16831,40.80002],[-97.15882,40.80002],[-97.15895,40.82217],[-97.17802,40.82222],[-97.17803,40.81457],[-97.18764,40.8146],[-97.18758,40.82224],[-97.25389,40.82236],[-97.25387,40.85825],[-97.24443,40.85828],[-97.24433,40.86516],[-97.23482,40.86513],[-97.23469,40.8947],[-97.22515,40.89495],[-97.22508,40.90173],[-97.23463,40.90178],[-97.23457,40.9091],[-97.25374,40.90928],[-97.25375,40.91639],[-97.27297,40.91634],[-97.27279,40.95997]],[[-97.23515,40.8292],[-97.21613,40.82937],[-97.21612,40.84392],[-97.23506,40.84375],[-97.23515,40.8292]]]}},{"type":"Feature","id":"68326","properties":{"zip":"68326","pop":null,"city":"","county":"Thayer","state":"Nebraska","area":41.81,"lat":40.28569,"lon":-97.68232},"geometry":{"type":"Polygon","coordinates":[[[-97.74589,40.29982],[-97.73644,40.29982],[-97.73637,40.30708],[-97.72697,40.30701],[-97.72682,40.35054],[-97.72926,40.35054],[-97.72929,40.36505],[-97.6723,40.36503],[-97.67008,40.33634],[-97.63202,40.33657],[-97.63211,40.3075],[-97.61336,40.30734],[-97.61317,40.27933],[-97.60372,40.27825],[-97.60371,40.27161],[-97.60078,40.27092],[-97.60027,40.26856],[-97.5963,40.26799],[-97.59449,40.26305],[-97.61325,40.26369],[-97.61359,40.24911],[-97.6231,40.24916],[-97.62321,40.24184],[-97.63267,40.24184],[-97.63116,40.23463],[-97.66109,40.23454],[-97.66102,40.23083],[-97.67068,40.23095],[-97.67104,40.20905],[-97.68963,40.20911],[-97.68965,40.21992],[-97.74576,40.21982],[-97.74575,40.2344],[-97.72706,40.23441],[-97.72692,40.24891],[-97.74583,40.24891],[-97.74589,40.29982]]]}},{"type":"Feature","id":"68421","properties":{"zip":"68421","pop":null,"city":"","county":"Nemaha","state":"Nebraska","area":38.25,"lat":40.49202,"lon":-95.74435},"geometry":{"type":"Polygon","coordinates":[[[-95.84015,40.52302],[-95.82114,40.52307],[-95.82123,40.53757],[-95.799,40.53792],[-95.78959,40.5365],[-95.77105,40.53729],[-95.76683,40.52928],[-95.75338,40.52415],[-95.70997,40.5238],[-95.70859,40.52155],[-95.69721,40.52848],[-95.69505,40.53312],[-95.69728,40.53699],[-95.69415,40.55694],[-95.68711,40.56066],[-95.67175,40.56263],[-95.66549,40.55669],[-95.6621,40.54996],[-95.65585,40.54661],[-95.65341,40.54189],[-95.65226,40.53811],[-95.65567,40.52356],[-95.66169,40.51731],[-95.69997,40.50527],[-95.69473,40.4936],[-95.69676,40.47885],[-95.69313,40.4694],[-95.66541,40.45118],[-95.65819,40.44188],[-95.65606,40.43593],[-95.78185,40.4362],[-95.78218,40.46505],[-95.80116,40.46519],[-95.80148,40.47966],[-95.83949,40.4798],[-95.84015,40.52302]]]}},{"type":"Feature","id":"68842","properties":{"zip":"68842","pop":null,"city":"","county":"Greeley","state":"Nebraska","area":137.04,"lat":41.58069,"lon":-98.53462},"geometry":{"type":"Polygon","coordinates":[[[-98.75222,41.74037],[-98.69451,41.74043],[-98.69444,41.6893],[-98.68454,41.68942],[-98.68459,41.68232],[-98.66588,41.68232],[-98.66579,41.67506],[-98.64637,41.67508],[-98.64644,41.67221],[-98.64208,41.67218],[-98.64197,41.67521],[-98.63646,41.67511],[-98.63642,41.68325],[-98.52135,41.68335],[-98.52134,41.65447],[-98.47353,41.6541],[-98.47354,41.64666],[-98.46403,41.64673],[-98.46387,41.6321],[-98.45384,41.63211],[-98.45374,41.61747],[-98.46338,41.61737],[-98.46337,41.61044],[-98.44908,41.61042],[-98.44918,41.59621],[-98.44432,41.59621],[-98.44431,41.60317],[-98.43475,41.60311],[-98.43443,41.59609],[-98.42521,41.59608],[-98.42512,41.56747],[-98.32974,41.56736],[-98.32976,41.53841],[-98.31051,41.53837],[-98.3105,41.50942],[-98.36801,41.50953],[-98.36808,41.48783],[-98.40639,41.48782],[-98.40639,41.48053],[-98.48274,41.48071],[-98.48264,41.46622],[-98.52078,41.46617],[-98.5387,41.47796],[-98.53993,41.48075],[-98.59753,41.48059],[-98.59771,41.50921],[-98.63574,41.50951],[-98.63599,41.55289],[-98.6744,41.55291],[-98.67444,41.56519],[-98.66508,41.56928],[-98.66521,41.58177],[-98.61735,41.58195],[-98.61692,41.63761],[-98.61822,41.63992],[-98.62675,41.63983],[-98.62749,41.65398],[-98.73275,41.65402],[-98.73287,41.66117],[-98.7518,41.66105],[-98.75222,41.74037]]]}},{"type":"Feature","id":"68713","properties":{"zip":"68713","pop":null,"city":"","county":"Holt","state":"Nebraska","area":437.78,"lat":42.54053,"lon":-98.97179},"geometry":{"type":"Polygon","coordinates":[[[-99.23433,42.31931],[-99.23407,42.43165],[-99.22669,42.4346],[-99.21688,42.43465],[-99.21692,42.42372],[-99.21206,42.42371],[-99.21207,42.42128],[-99.20249,42.42127],[-99.20248,42.4245],[-99.20662,42.42451],[-99.20661,42.42693],[-99.19725,42.42692],[-99.19725,42.42449],[-99.17744,42.42446],[-99.1774,42.4347],[-99.08818,42.43494],[-99.08843,42.47838],[-99.06875,42.47877],[-99.06905,42.56553],[-99.0495,42.56556],[-99.04952,42.57996],[-99.06923,42.57987],[-99.06943,42.59442],[-99.02988,42.59444],[-99.02986,42.6088],[-99.01033,42.60887],[-99.01035,42.63791],[-99.03002,42.63782],[-99.03028,42.69586],[-99.04984,42.69583],[-99.04986,42.71029],[-98.99105,42.71045],[-98.99151,42.76832],[-98.97173,42.76861],[-98.97156,42.7836],[-99.06016,42.78327],[-99.0603,42.82676],[-99.07985,42.82664],[-99.07978,42.85912],[-99.06711,42.86229],[-99.05676,42.86259],[-99.05364,42.8663],[-99.03124,42.87676],[-99.01679,42.88626],[-99.00284,42.88807],[-98.99416,42.89436],[-98.96698,42.89672],[-98.95463,42.89408],[-98.94724,42.88579],[-98.94176,42.88403],[-98.94088,42.88075],[-98.93297,42.87875],[-98.92738,42.875],[-98.91353,42.86147],[-98.90047,42.85456],[-98.89285,42.84579],[-98.88844,42.84348],[-98.8778,42.84118],[-98.85391,42.84318],[-98.84297,42.84649],[-98.81828,42.83015],[-98.80353,42.82587],[-98.80411,42.78452],[-98.79479,42.78414],[-98.79502,42.72555],[-98.77538,42.72536],[-98.77519,42.71086],[-98.79524,42.71084],[-98.79519,42.69661],[-98.77522,42.69659],[-98.77561,42.58785],[-98.76043,42.58745],[-98.75886,42.58366],[-98.76076,42.58253],[-98.75306,42.56727],[-98.75406,42.56524],[-98.7527,42.56407],[-98.75618,42.55994],[-98.75445,42.5574],[-98.75168,42.55736],[-98.75281,42.55404],[-98.75717,42.55425],[-98.75521,42.55168],[-98.75772,42.55024],[-98.75564,42.54946],[-98.75511,42.5447],[-98.77542,42.54458],[-98.77531,42.5083],[-98.81436,42.5084],[-98.81425,42.49379],[-98.79478,42.49376],[-98.79468,42.47908],[-98.83379,42.47911],[-98.83429,42.44982],[-98.82416,42.44974],[-98.82434,42.43762],[-98.82728,42.43569],[-98.85648,42.43559],[-98.85644,42.43241],[-98.85888,42.43193],[-98.85765,42.43113],[-98.86191,42.42417],[-98.86064,42.42051],[-98.86344,42.41358],[-98.86939,42.4115],[-98.87491,42.40255],[-98.88254,42.39878],[-98.88399,42.39446],[-98.88819,42.39334],[-98.89066,42.39462],[-98.89038,42.39082],[-98.89217,42.38883],[-98.89841,42.38844],[-98.89987,42.38582],[-98.90754,42.38683],[-98.90918,42.38341],[-98.91135,42.38442],[-98.92187,42.38203],[-98.92161,42.38047],[-98.92463,42.3793],[-98.92492,42.32068],[-98.92615,42.32068],[-98.92657,42.30775],[-98.92495,42.30415],[-98.92486,42.27729],[-98.95089,42.27686],[-98.94388,42.27371],[-98.9438,42.26256],[-98.92437,42.26266],[-98.92338,42.23351],[-98.94344,42.23339],[-98.94335,42.22053],[-98.96069,42.21977],[-98.96313,42.21554],[-98.98353,42.21552],[-98.98361,42.21937],[-99.00153,42.21921],[-99.00151,42.26206],[-99.23437,42.26127],[-99.23433,42.31931]]]}},{"type":"Feature","id":"68974","properties":{"zip":"68974","pop":null,"city":"","county":"Nuckolls","state":"Nebraska","area":26.68,"lat":40.13235,"lon":-97.86459},"geometry":{"type":"Polygon","coordinates":[[[-97.93422,40.08913],[-97.93411,40.13271],[-97.89447,40.13262],[-97.89656,40.13482],[-97.89642,40.14714],[-97.87768,40.14715],[-97.87759,40.16165],[-97.89652,40.16166],[-97.89643,40.17615],[-97.87751,40.17611],[-97.87653,40.19071],[-97.83965,40.19076],[-97.83976,40.17628],[-97.80305,40.17624],[-97.80258,40.11809],[-97.82084,40.11816],[-97.82096,40.08913],[-97.83987,40.08911],[-97.83967,40.10366],[-97.8587,40.10367],[-97.85879,40.08913],[-97.91556,40.08899],[-97.9156,40.07458],[-97.93429,40.0746],[-97.93422,40.08913]]]}},{"type":"Feature","id":"68979","properties":{"zip":"68979","pop":null,"city":"","county":"Clay","state":"Nebraska","area":103.35,"lat":40.59717,"lon":-97.85325},"geometry":{"type":"Polygon","coordinates":[[[-97.95726,40.53189],[-97.95724,40.56094],[-97.93824,40.56088],[-97.93825,40.58255],[-97.91975,40.58257],[-97.9198,40.66941],[-97.93841,40.66954],[-97.94012,40.71296],[-97.92095,40.71299],[-97.92111,40.69851],[-97.9111,40.69851],[-97.91108,40.70586],[-97.90196,40.70598],[-97.90184,40.71297],[-97.89799,40.71296],[-97.89776,40.72746],[-97.86381,40.72739],[-97.8638,40.71301],[-97.7877,40.71309],[-97.78758,40.69857],[-97.76719,40.69858],[-97.76726,40.5968],[-97.78605,40.59687],[-97.78598,40.58239],[-97.76709,40.58232],[-97.76698,40.56785],[-97.75749,40.56785],[-97.75749,40.56055],[-97.7622,40.56059],[-97.76214,40.55337],[-97.7669,40.55335],[-97.7667,40.51004],[-97.80489,40.50988],[-97.80498,40.50267],[-97.81453,40.50278],[-97.81465,40.4955],[-97.83398,40.49562],[-97.83404,40.48109],[-97.8436,40.48108],[-97.84326,40.43757],[-97.86228,40.43756],[-97.86225,40.46651],[-97.90028,40.46657],[-97.9004,40.50318],[-97.91938,40.50315],[-97.91942,40.51003],[-97.93821,40.51005],[-97.93824,40.52456],[-97.95727,40.5246],[-97.95726,40.53189]]]}},{"type":"Feature","id":"68836","properties":{"zip":"68836","pop":null,"city":"","county":"Buffalo","state":"Nebraska","area":113.75,"lat":40.70698,"lon":-99.37866},"geometry":{"type":"Polygon","coordinates":[[[-99.52057,40.68215],[-99.51221,40.68205],[-99.51181,40.68454],[-99.50397,40.6829],[-99.50102,40.69306],[-99.48342,40.69288],[-99.48391,40.69079],[-99.47356,40.69015],[-99.47355,40.69313],[-99.48368,40.69318],[-99.47349,40.69971],[-99.45562,40.69972],[-99.45563,40.72856],[-99.44586,40.72857],[-99.44582,40.74115],[-99.45522,40.74311],[-99.45546,40.75748],[-99.46487,40.75739],[-99.46426,40.82957],[-99.4263,40.82986],[-99.42606,40.85848],[-99.40261,40.85881],[-99.40064,40.85211],[-99.40097,40.84418],[-99.36925,40.84417],[-99.36976,40.81543],[-99.35071,40.81555],[-99.3505,40.80121],[-99.33133,40.80116],[-99.33132,40.78657],[-99.31227,40.78656],[-99.31228,40.77229],[-99.29327,40.77222],[-99.29319,40.75054],[-99.29795,40.75057],[-99.29789,40.74332],[-99.27412,40.7432],[-99.27405,40.7251],[-99.28356,40.72515],[-99.28363,40.71427],[-99.2742,40.71424],[-99.27439,40.69719],[-99.26102,40.69266],[-99.26042,40.6895],[-99.25569,40.68798],[-99.25575,40.66649],[-99.23669,40.66537],[-99.23704,40.65695],[-99.25625,40.65691],[-99.25616,40.64211],[-99.27534,40.64213],[-99.2747,40.61275],[-99.3038,40.61279],[-99.30342,40.64228],[-99.3134,40.64243],[-99.31315,40.61274],[-99.33215,40.61251],[-99.33252,40.62],[-99.34218,40.62023],[-99.34265,40.62799],[-99.36101,40.62787],[-99.36055,40.59779],[-99.37974,40.5978],[-99.37999,40.56851],[-99.39835,40.56899],[-99.39876,40.58354],[-99.43564,40.58341],[-99.43613,40.57257],[-99.44548,40.57254],[-99.44535,40.57613],[-99.4547,40.57613],[-99.4553,40.60565],[-99.4459,40.60553],[-99.44623,40.60923],[-99.45561,40.60926],[-99.45543,40.63437],[-99.47449,40.63473],[-99.47426,40.65647],[-99.45535,40.65611],[-99.45521,40.67667],[-99.47034,40.67457],[-99.49832,40.6749],[-99.51029,40.67704],[-99.52062,40.67575],[-99.52057,40.68215]]]}},{"type":"Feature","id":"68359","properties":{"zip":"68359","pop":null,"city":"","county":"Saline","state":"Nebraska","area":91.28,"lat":40.6306,"lon":-97.28337},"geometry":{"type":"Polygon","coordinates":[[[-97.38774,40.56069],[-97.36854,40.56066],[-97.36843,40.72765],[-97.31095,40.72759],[-97.31096,40.74214],[-97.23495,40.74198],[-97.23499,40.69842],[-97.19782,40.69838],[-97.19794,40.68372],[-97.18803,40.68374],[-97.18817,40.6692],[-97.17893,40.66922],[-97.17884,40.65472],[-97.1981,40.65467],[-97.19806,40.59678],[-97.21702,40.59658],[-97.21709,40.5823],[-97.19816,40.58228],[-97.19801,40.55325],[-97.21701,40.55327],[-97.21712,40.52421],[-97.25473,40.52419],[-97.25476,40.50971],[-97.27388,40.50978],[-97.27376,40.52099],[-97.28326,40.52112],[-97.28325,40.52428],[-97.29274,40.52425],[-97.29267,40.53874],[-97.29734,40.53873],[-97.29756,40.53518],[-97.30695,40.53521],[-97.30702,40.53149],[-97.31173,40.53158],[-97.31167,40.53881],[-97.34968,40.53894],[-97.34964,40.55343],[-97.38773,40.55345],[-97.38774,40.56069]],[[-97.35463,40.71632],[-97.35052,40.71584],[-97.35053,40.71314],[-97.34916,40.71314],[-97.34937,40.69859],[-97.33031,40.69857],[-97.33006,40.71311],[-97.34672,40.71312],[-97.34915,40.71418],[-97.34915,40.71918],[-97.35463,40.71632]]]}},{"type":"Feature","id":"68938","properties":{"zip":"68938","pop":null,"city":"","county":"Clay","state":"Nebraska","area":53.87,"lat":40.42094,"lon":-98.12347},"geometry":{"type":"Polygon","coordinates":[[[-98.24148,40.39389],[-98.22251,40.3939],[-98.22356,40.39817],[-98.23198,40.40224],[-98.23512,40.40162],[-98.23617,40.40338],[-98.2391,40.40205],[-98.24079,40.40486],[-98.22247,40.40479],[-98.22241,40.42295],[-98.18449,40.42296],[-98.18438,40.43753],[-98.17802,40.43753],[-98.17805,40.44102],[-98.17516,40.4407],[-98.17486,40.45207],[-98.16532,40.45208],[-98.16534,40.51019],[-98.10854,40.51039],[-98.1083,40.46666],[-98.05146,40.4668],[-98.05142,40.45229],[-98.03303,40.45229],[-98.03302,40.3797],[-98.05185,40.37969],[-98.05215,40.35065],[-98.10406,40.3505],[-98.10901,40.35784],[-98.10893,40.37953],[-98.14668,40.37949],[-98.14705,40.36589],[-98.15031,40.36528],[-98.16227,40.37456],[-98.18106,40.37465],[-98.18444,40.37794],[-98.19106,40.37742],[-98.19496,40.38352],[-98.20373,40.38347],[-98.20364,40.3649],[-98.24162,40.36488],[-98.24148,40.39389]]]}},{"type":"Feature","id":"68025","properties":{"zip":"68025","pop":null,"city":"Fremont","county":"Dodge","state":"Nebraska","area":97.16,"lat":41.43749,"lon":-96.49158},"geometry":{"type":"Polygon","coordinates":[[[-96.61687,41.54628],[-96.59743,41.54614],[-96.59748,41.55342],[-96.57798,41.5533],[-96.57792,41.56512],[-96.57373,41.56164],[-96.56617,41.56181],[-96.56152,41.56468],[-96.55354,41.56274],[-96.54561,41.56397],[-96.54431,41.562],[-96.53686,41.56118],[-96.52745,41.55622],[-96.52179,41.55542],[-96.51277,41.54876],[-96.50227,41.54558],[-96.49744,41.53495],[-96.49746,41.52407],[-96.48298,41.52408],[-96.48297,41.48043],[-96.4644,41.48039],[-96.45983,41.50212],[-96.45382,41.50205],[-96.45426,41.4804],[-96.45409,41.4877],[-96.44451,41.48772],[-96.44459,41.49493],[-96.42522,41.49486],[-96.42521,41.48034],[-96.40594,41.48046],[-96.40562,41.46582],[-96.38642,41.46575],[-96.38645,41.45858],[-96.37988,41.4584],[-96.37993,41.45123],[-96.3672,41.45095],[-96.36734,41.4367],[-96.32892,41.43662],[-96.32901,41.39314],[-96.34822,41.39318],[-96.3482,41.40053],[-96.36746,41.40048],[-96.3675,41.39317],[-96.47072,41.39324],[-96.45951,41.38032],[-96.43508,41.369],[-96.43511,41.36355],[-96.42101,41.35523],[-96.41869,41.34935],[-96.4224,41.35476],[-96.42222,41.35308],[-96.41531,41.34392],[-96.41942,41.34331],[-96.41811,41.33537],[-96.43046,41.33534],[-96.44214,41.34979],[-96.44491,41.34983],[-96.44497,41.32085],[-96.49292,41.3212],[-96.49291,41.31759],[-96.5023,41.31773],[-96.50253,41.32135],[-96.55586,41.32186],[-96.55581,41.32903],[-96.56372,41.32759],[-96.56369,41.33623],[-96.5606,41.33625],[-96.56037,41.34169],[-96.55088,41.34152],[-96.55076,41.35057],[-96.56039,41.35073],[-96.56022,41.37961],[-96.54123,41.37913],[-96.54096,41.39338],[-96.55989,41.3934],[-96.55914,41.42988],[-96.57769,41.43416],[-96.6047,41.43446],[-96.6036,41.44204],[-96.60604,41.44426],[-96.6004,41.44818],[-96.59865,41.44741],[-96.5985,41.44999],[-96.55868,41.44693],[-96.55869,41.45146],[-96.57381,41.4515],[-96.57435,41.45437],[-96.57799,41.45447],[-96.57807,41.49516],[-96.59738,41.49522],[-96.59733,41.50974],[-96.61669,41.50994],[-96.61687,41.54628]]]}},{"type":"Feature","id":"68178","properties":{"zip":"68178","pop":null,"city":"Omaha","county":"Douglas","state":"Nebraska","area":0.16,"lat":41.26527,"lon":-95.9446},"geometry":{"type":"Polygon","coordinates":[[[-95.95181,41.2669],[-95.94368,41.26797],[-95.93711,41.26689],[-95.93846,41.26374],[-95.94691,41.26167],[-95.94673,41.2634],[-95.95206,41.26423],[-95.95181,41.2669]]]}},{"type":"Feature","id":"68846","properties":{"zip":"68846","pop":null,"city":"","county":"Hamilton","state":"Nebraska","area":23.03,"lat":41.06506,"lon":-97.88532},"geometry":{"type":"Polygon","coordinates":[[[-97.96364,41.08724],[-97.94382,41.09225],[-97.92439,41.10099],[-97.90499,41.10689],[-97.90497,41.10454],[-97.88572,41.10446],[-97.88575,41.11465],[-97.88037,41.11899],[-97.84708,41.11914],[-97.84709,41.04655],[-97.82629,41.04658],[-97.82624,41.0174],[-97.86463,41.01758],[-97.86464,41.01906],[-97.88414,41.01764],[-97.88405,41.01041],[-97.89351,41.01035],[-97.89343,41.00311],[-97.90307,41.00302],[-97.90318,41.02125],[-97.91228,41.02128],[-97.9124,41.02855],[-97.90313,41.02857],[-97.90282,41.0465],[-97.92375,41.04645],[-97.9239,41.06096],[-97.94316,41.06095],[-97.94347,41.07543],[-97.96272,41.07541],[-97.96364,41.08724]]]}},{"type":"Feature","id":"68457","properties":{"zip":"68457","pop":null,"city":"","county":"Richardson","state":"Nebraska","area":28.71,"lat":40.1561,"lon":-95.71099},"geometry":{"type":"Polygon","coordinates":[[[-95.80339,40.18912],[-95.76628,40.18919],[-95.76623,40.17464],[-95.72834,40.17461],[-95.72828,40.21829],[-95.69069,40.21731],[-95.69043,40.18928],[-95.64415,40.18946],[-95.64411,40.18218],[-95.64542,40.18218],[-95.64236,40.17856],[-95.6441,40.17855],[-95.64405,40.17493],[-95.65358,40.17491],[-95.65309,40.14565],[-95.6715,40.14576],[-95.67145,40.13118],[-95.63398,40.13103],[-95.6339,40.10851],[-95.64475,40.11574],[-95.65288,40.11613],[-95.65275,40.10201],[-95.67138,40.10207],[-95.67141,40.11662],[-95.71872,40.11646],[-95.7186,40.10918],[-95.75597,40.10923],[-95.75628,40.11641],[-95.76582,40.11663],[-95.76609,40.16038],[-95.78434,40.16009],[-95.7844,40.17461],[-95.80327,40.17458],[-95.80339,40.18912]]]}},{"type":"Feature","id":"68462","properties":{"zip":"68462","pop":null,"city":"Waverly","county":"Lancaster","state":"Nebraska","area":41.93,"lat":40.94803,"lon":-96.52801},"geometry":{"type":"Polygon","coordinates":[[[-96.6028,41.01572],[-96.58369,41.0157],[-96.58287,41.03015],[-96.60195,41.03017],[-96.60158,41.0374],[-96.59201,41.03739],[-96.5918,41.041],[-96.60137,41.04101],[-96.60111,41.04544],[-96.55846,41.04533],[-96.55408,41.04074],[-96.55419,41.03692],[-96.55598,41.03639],[-96.55262,41.02946],[-96.55026,41.0285],[-96.55018,41.02659],[-96.55204,41.02614],[-96.55116,41.0241],[-96.54818,41.02417],[-96.54928,41.02162],[-96.54463,41.02046],[-96.54589,41.01762],[-96.54415,41.01582],[-96.53076,41.01589],[-96.53059,41.00141],[-96.50193,41.00153],[-96.50192,40.98701],[-96.48289,40.98702],[-96.48284,40.96524],[-96.50163,40.96518],[-96.50163,40.95547],[-96.48081,40.95026],[-96.47487,40.95321],[-96.47235,40.95673],[-96.46616,40.95691],[-96.46376,40.95607],[-96.46374,40.94349],[-96.44555,40.94341],[-96.44597,40.92974],[-96.46373,40.92167],[-96.46373,40.91452],[-96.44643,40.91442],[-96.44612,40.88546],[-96.46371,40.88548],[-96.46371,40.87095],[-96.48291,40.87094],[-96.48278,40.88542],[-96.54,40.88525],[-96.54005,40.87078],[-96.58656,40.87098],[-96.58642,40.88542],[-96.56748,40.88526],[-96.56744,40.89157],[-96.57178,40.89341],[-96.56714,40.89584],[-96.56728,40.94991],[-96.55669,40.95777],[-96.56727,40.95775],[-96.56662,40.97222],[-96.58575,40.97235],[-96.58504,40.9868],[-96.60417,40.98685],[-96.6028,41.01572]]]}},{"type":"Feature","id":"68862","properties":{"zip":"68862","pop":null,"city":"","county":"Valley","state":"Nebraska","area":224.99,"lat":41.60359,"lon":-98.93841},"geometry":{"type":"Polygon","coordinates":[[[-99.17385,41.59613],[-99.13515,41.59611],[-99.13514,41.61061],[-99.09685,41.61087],[-99.09687,41.62532],[-99.0392,41.62595],[-99.03894,41.64755],[-99.03628,41.648],[-99.03469,41.65426],[-99.02991,41.65437],[-99.02996,41.66884],[-98.99371,41.66895],[-98.98592,41.66179],[-98.9625,41.66206],[-98.96431,41.65445],[-98.95827,41.65346],[-98.95949,41.65443],[-98.95778,41.65504],[-98.95333,41.65327],[-98.95252,41.65089],[-98.94897,41.66116],[-98.95335,41.66739],[-98.96156,41.67199],[-98.96819,41.68148],[-98.99144,41.69075],[-99.0058,41.69164],[-99.00685,41.70454],[-99.00093,41.70551],[-99.00073,41.74048],[-98.99506,41.74046],[-98.99501,41.74808],[-99.00423,41.74811],[-99.00428,41.74048],[-99.04831,41.74048],[-99.04892,41.77981],[-99.03621,41.77432],[-99.02197,41.77314],[-99.01253,41.77418],[-98.99096,41.78151],[-98.9904,41.75827],[-98.98479,41.75506],[-98.97131,41.75498],[-98.9703,41.75341],[-98.96595,41.75901],[-98.95695,41.75493],[-98.933,41.75482],[-98.93293,41.75811],[-98.93284,41.75491],[-98.92539,41.75489],[-98.92222,41.75587],[-98.92326,41.7578],[-98.9161,41.76498],[-98.91378,41.77649],[-98.89493,41.77645],[-98.89489,41.7621],[-98.8922,41.75923],[-98.88511,41.75829],[-98.88254,41.75481],[-98.88034,41.75476],[-98.88086,41.75884],[-98.87528,41.75789],[-98.87529,41.74037],[-98.75222,41.74037],[-98.75123,41.5718],[-98.7781,41.57599],[-98.78809,41.58299],[-98.80787,41.58587],[-98.83139,41.58031],[-98.84249,41.58066],[-98.84881,41.57853],[-98.8613,41.58554],[-98.8667,41.58623],[-98.86645,41.57605],[-98.83398,41.5749],[-98.82748,41.57191],[-98.82876,41.56436],[-98.83558,41.56226],[-98.84063,41.56284],[-98.84756,41.55998],[-98.84759,41.52472],[-98.86637,41.52459],[-98.86647,41.4668],[-98.90488,41.46638],[-98.90513,41.42303],[-98.96223,41.42323],[-98.962,41.39435],[-98.98193,41.39432],[-98.98178,41.43713],[-99.00142,41.43717],[-99.00101,41.47572],[-98.99304,41.48111],[-99.07754,41.48094],[-99.07785,41.4665],[-99.08723,41.46652],[-99.08727,41.45928],[-99.09659,41.45925],[-99.09673,41.48087],[-99.10634,41.48094],[-99.10639,41.52302],[-99.11613,41.52412],[-99.11611,41.5531],[-99.13546,41.55311],[-99.13338,41.55627],[-99.13539,41.56028],[-99.13527,41.56748],[-99.17378,41.56765],[-99.17385,41.59613]]]}},{"type":"Feature","id":"68314","properties":{"zip":"68314","pop":null,"city":"","county":"Seward","state":"Nebraska","area":24.13,"lat":41.01644,"lon":-97.02468},"geometry":{"type":"Polygon","coordinates":[[[-97.1117,41.01761],[-97.08712,41.01738],[-97.08686,41.03191],[-97.08222,41.03184],[-97.08214,41.04638],[-97.0758,41.04633],[-97.0684,41.04976],[-97.05568,41.06093],[-97.04282,41.06083],[-97.04263,41.05358],[-97.02354,41.05362],[-97.02334,41.04632],[-96.94887,41.04619],[-96.94894,41.00386],[-96.95049,40.99992],[-96.94898,40.99883],[-96.94887,40.98786],[-96.97641,40.98797],[-96.98155,40.97963],[-96.98202,40.96697],[-97.00612,40.96644],[-97.00612,40.97389],[-96.99695,40.97389],[-96.9969,40.98109],[-96.99186,40.98109],[-96.99184,40.98453],[-97.00603,40.984],[-97.00623,41.00968],[-97.03435,41.00988],[-97.03464,41.00275],[-97.06305,41.00285],[-97.06309,40.98162],[-97.07189,40.98158],[-97.07191,40.9739],[-97.10127,40.97398],[-97.10131,41.00302],[-97.11102,41.00308],[-97.1117,41.01761]]]}},{"type":"Feature","id":"68824","properties":{"zip":"68824","pop":null,"city":"","county":"Hall","state":"Nebraska","area":68.34,"lat":41.0054,"lon":-98.61403},"geometry":{"type":"Polygon","coordinates":[[[-98.72198,41.04667],[-98.70262,41.04663],[-98.70208,41.05117],[-98.70523,41.05335],[-98.70584,41.05617],[-98.70241,41.05745],[-98.68853,41.05392],[-98.6818,41.05546],[-98.68014,41.05815],[-98.67614,41.05948],[-98.67639,41.06097],[-98.68243,41.06268],[-98.68056,41.06455],[-98.67551,41.06481],[-98.67225,41.06181],[-98.65736,41.05912],[-98.65628,41.06407],[-98.65381,41.06607],[-98.64492,41.06523],[-98.63084,41.06859],[-98.6204,41.06822],[-98.60128,41.07322],[-98.58623,41.06938],[-98.58058,41.07349],[-98.58086,41.07959],[-98.57474,41.08229],[-98.56516,41.0773],[-98.56154,41.07729],[-98.55653,41.08142],[-98.55508,41.09251],[-98.54573,41.09698],[-98.5322,41.11149],[-98.52733,41.1068],[-98.52815,41.09764],[-98.53704,41.09699],[-98.53722,41.07555],[-98.55645,41.07569],[-98.5564,41.04663],[-98.56955,41.04664],[-98.56925,41.03246],[-98.51178,41.03257],[-98.51232,41.04658],[-98.49279,41.04649],[-98.49312,40.96049],[-98.58873,40.96049],[-98.58868,40.94591],[-98.61744,40.94588],[-98.61757,40.93863],[-98.62707,40.93859],[-98.62717,40.93132],[-98.64638,40.93127],[-98.64609,40.94573],[-98.6654,40.94576],[-98.66575,40.9313],[-98.68467,40.93128],[-98.68471,40.94581],[-98.72183,40.94575],[-98.72198,41.04667]]]}},{"type":"Feature","id":"68832","properties":{"zip":"68832","pop":null,"city":"","county":"Hall","state":"Nebraska","area":77.44,"lat":40.76957,"lon":-98.36612},"geometry":{"type":"Polygon","coordinates":[[[-98.53071,40.75238],[-98.49275,40.77085],[-98.47001,40.77992],[-98.45593,40.78193],[-98.44442,40.78714],[-98.44616,40.81134],[-98.40494,40.82356],[-98.38511,40.81952],[-98.34034,40.82587],[-98.33978,40.84923],[-98.31573,40.85624],[-98.30239,40.86648],[-98.28766,40.87292],[-98.28257,40.8724],[-98.28265,40.82881],[-98.24521,40.82882],[-98.24509,40.79989],[-98.22582,40.79976],[-98.22574,40.78531],[-98.24488,40.7853],[-98.24474,40.77098],[-98.26389,40.77077],[-98.26395,40.72732],[-98.32081,40.72738],[-98.32091,40.71286],[-98.3019,40.71281],[-98.3019,40.69832],[-98.35918,40.69838],[-98.35906,40.71289],[-98.37817,40.71293],[-98.41626,40.71293],[-98.41623,40.69845],[-98.45441,40.69852],[-98.45437,40.71304],[-98.45915,40.71305],[-98.45925,40.70585],[-98.47349,40.70589],[-98.4737,40.69856],[-98.49256,40.6986],[-98.4926,40.72047],[-98.48278,40.7203],[-98.48297,40.72403],[-98.49263,40.72407],[-98.49264,40.73482],[-98.50223,40.7348],[-98.50223,40.72763],[-98.51159,40.72763],[-98.51173,40.74933],[-98.5256,40.7494],[-98.52592,40.74629],[-98.53069,40.74557],[-98.53071,40.75238]]]}},{"type":"Feature","id":"68050","properties":{"zip":"68050","pop":null,"city":"","county":"Saunders","state":"Nebraska","area":43.08,"lat":41.30595,"lon":-96.84308},"geometry":{"type":"Polygon","coordinates":[[[-96.90899,41.26794],[-96.90848,41.35073],[-96.88015,41.35068],[-96.88018,41.36161],[-96.88501,41.36162],[-96.88506,41.36521],[-96.87051,41.36589],[-96.8705,41.37972],[-96.83191,41.37999],[-96.83203,41.36543],[-96.82234,41.36665],[-96.82235,41.36533],[-96.79357,41.36505],[-96.79361,41.36142],[-96.80317,41.36151],[-96.8032,41.35788],[-96.80798,41.35792],[-96.80803,41.35131],[-96.80786,41.3549],[-96.804,41.35419],[-96.80277,41.35059],[-96.80087,41.35057],[-96.80081,41.35786],[-96.79365,41.35782],[-96.79371,41.35054],[-96.7754,41.35053],[-96.77549,41.32154],[-96.75611,41.32168],[-96.75679,41.28177],[-96.77556,41.28228],[-96.77552,41.27854],[-96.79403,41.27808],[-96.79398,41.26361],[-96.83259,41.2641],[-96.83203,41.23504],[-96.85135,41.23508],[-96.85115,41.22054],[-96.86317,41.22054],[-96.86323,41.22426],[-96.86563,41.22427],[-96.86557,41.22057],[-96.87037,41.22062],[-96.87046,41.22796],[-96.86088,41.22789],[-96.86098,41.2352],[-96.87062,41.23522],[-96.87083,41.24932],[-96.89018,41.25003],[-96.88983,41.23542],[-96.90863,41.23489],[-96.90899,41.26794]]]}},{"type":"Feature","id":"68124","properties":{"zip":"68124","pop":null,"city":"Omaha","county":"Douglas","state":"Nebraska","area":4.25,"lat":41.23528,"lon":-96.05228},"geometry":{"type":"Polygon","coordinates":[[[-96.08153,41.22192],[-96.08144,41.24872],[-96.02245,41.24877],[-96.02242,41.2467],[-96.02395,41.2467],[-96.0239,41.24456],[-96.02217,41.24421],[-96.02219,41.24084],[-96.02394,41.24027],[-96.02388,41.23066],[-96.02262,41.22885],[-96.01939,41.22897],[-96.01937,41.22703],[-96.0239,41.22708],[-96.02389,41.22168],[-96.08153,41.22192]]]}},{"type":"Feature","id":"68920","properties":{"zip":"68920","pop":null,"city":"","county":"Harlan","state":"Nebraska","area":99.22,"lat":40.1548,"lon":-99.33518},"geometry":{"type":"Polygon","coordinates":[[[-99.46265,40.07872],[-99.45575,40.08931],[-99.40465,40.08942],[-99.40478,40.10463],[-99.38656,40.1036],[-99.38657,40.1327],[-99.40511,40.13273],[-99.40497,40.14724],[-99.38653,40.14727],[-99.38653,40.16179],[-99.40515,40.16153],[-99.40523,40.19065],[-99.38706,40.19069],[-99.38716,40.2491],[-99.3777,40.24912],[-99.3777,40.25641],[-99.36826,40.25653],[-99.36829,40.24914],[-99.35005,40.24917],[-99.34928,40.26361],[-99.33983,40.26364],[-99.33991,40.27816],[-99.36825,40.27814],[-99.36838,40.29967],[-99.35857,40.2998],[-99.35865,40.30717],[-99.34915,40.30725],[-99.34914,40.29259],[-99.3445,40.2927],[-99.34447,40.29979],[-99.33969,40.29992],[-99.33852,40.30722],[-99.29261,40.30664],[-99.28478,40.30714],[-99.28483,40.3091],[-99.28171,40.3071],[-99.23625,40.30727],[-99.23593,40.27827],[-99.24078,40.27796],[-99.23954,40.26917],[-99.24109,40.26336],[-99.17929,40.2635],[-99.17926,40.21996],[-99.21654,40.21992],[-99.21669,40.23434],[-99.22662,40.23458],[-99.28282,40.23441],[-99.28285,40.21987],[-99.31136,40.22006],[-99.3114,40.16184],[-99.32995,40.16218],[-99.32973,40.11193],[-99.3285,40.10467],[-99.32522,40.1038],[-99.29226,40.1037],[-99.29185,40.00195],[-99.41406,40.00192],[-99.41419,40.03086],[-99.4219,40.03073],[-99.42362,40.03805],[-99.41424,40.03824],[-99.41433,40.0455],[-99.44138,40.04553],[-99.44158,40.05296],[-99.46024,40.0539],[-99.46227,40.05664],[-99.46265,40.07872]]]}},{"type":"Feature","id":"68114","properties":{"zip":"68114","pop":null,"city":"Omaha","county":"Douglas","state":"Nebraska","area":4.4,"lat":41.26329,"lon":-96.0521},"geometry":{"type":"Polygon","coordinates":[[[-96.08509,41.2487],[-96.07642,41.25678],[-96.07619,41.26337],[-96.08376,41.26444],[-96.08139,41.26752],[-96.08133,41.27779],[-96.03812,41.27779],[-96.03794,41.27497],[-96.03614,41.27514],[-96.03536,41.27778],[-96.02386,41.2778],[-96.02392,41.25964],[-96.02169,41.25965],[-96.0239,41.25798],[-96.02393,41.24878],[-96.08509,41.2487]]]}},{"type":"Feature","id":"69127","properties":{"zip":"69127","pop":null,"city":"","county":"Keith","state":"Nebraska","area":160.97,"lat":41.10227,"lon":-101.90766},"geometry":{"type":"Polygon","coordinates":[[[-102.05582,41.06929],[-102.00671,41.07541],[-101.98092,41.08088],[-101.97922,41.08214],[-101.97935,41.10325],[-101.96005,41.10426],[-101.96004,41.11987],[-102.01746,41.11989],[-102.01745,41.19234],[-101.99821,41.19241],[-101.99828,41.21886],[-101.97928,41.20754],[-101.9792,41.21854],[-101.9751,41.22494],[-101.96669,41.26966],[-101.97844,41.27114],[-101.99116,41.27685],[-102.01393,41.27954],[-102.05548,41.29053],[-102.05546,41.29918],[-102.04281,41.29909],[-102.02843,41.29145],[-101.95191,41.27514],[-101.78696,41.22789],[-101.80671,41.22845],[-101.8067,41.12],[-101.78732,41.12002],[-101.78733,41.10892],[-101.8138,41.10452],[-101.80092,41.09669],[-101.80702,41.09587],[-101.80667,41.07656],[-101.82587,41.07649],[-101.82579,41.0475],[-101.8425,41.04725],[-101.84213,41.0319],[-101.80482,41.03191],[-101.80481,41.00289],[-101.8424,41.00282],[-101.84206,40.95933],[-101.83801,40.94481],[-101.84022,40.93039],[-101.83888,40.90121],[-101.84094,40.88682],[-101.87883,40.88691],[-101.87842,40.90152],[-101.89873,40.90111],[-101.89555,40.91625],[-101.8966,40.94511],[-101.89954,40.95977],[-101.97565,40.95967],[-101.97621,41.00325],[-102.01429,41.00331],[-102.01444,41.04737],[-102.01725,41.04736],[-102.01737,41.06183],[-101.98871,41.06192],[-101.98874,41.06302],[-102.01494,41.06231],[-102.02722,41.06121],[-102.05555,41.05331],[-102.05582,41.06929]]]}},{"type":"Feature","id":"69025","properties":{"zip":"69025","pop":null,"city":"","county":"Frontier","state":"Nebraska","area":181.5,"lat":40.61963,"lon":-100.50813},"geometry":{"type":"Polygon","coordinates":[[[-100.61192,40.52664],[-100.59349,40.5269],[-100.59137,40.55534],[-100.57387,40.5556],[-100.57364,40.56242],[-100.569,40.56341],[-100.56773,40.56969],[-100.55406,40.56942],[-100.55404,40.58657],[-100.56321,40.58961],[-100.57441,40.58761],[-100.58137,40.59105],[-100.58239,40.613],[-100.592,40.61312],[-100.59155,40.63473],[-100.59644,40.63706],[-100.58547,40.63609],[-100.58677,40.64185],[-100.58178,40.64174],[-100.58145,40.65615],[-100.59145,40.65632],[-100.59128,40.6706],[-100.61008,40.67079],[-100.61071,40.70011],[-100.58377,40.70018],[-100.58348,40.71732],[-100.58071,40.7193],[-100.58043,40.72272],[-100.57054,40.7257],[-100.57205,40.72956],[-100.57917,40.735],[-100.58557,40.74444],[-100.58034,40.7489],[-100.58445,40.75747],[-100.58345,40.7893],[-100.58708,40.79052],[-100.58802,40.7962],[-100.59077,40.79868],[-100.58873,40.80282],[-100.5914,40.80825],[-100.58813,40.81053],[-100.5885,40.81461],[-100.58363,40.81577],[-100.58465,40.81974],[-100.58203,40.8233],[-100.58367,40.82915],[-100.56468,40.82922],[-100.5643,40.85378],[-100.55751,40.85097],[-100.55437,40.84623],[-100.54099,40.8492],[-100.53467,40.84168],[-100.53118,40.82982],[-100.48953,40.82949],[-100.49038,40.80063],[-100.45147,40.80069],[-100.4514,40.77399],[-100.45798,40.76746],[-100.45401,40.75322],[-100.45525,40.74642],[-100.4509,40.74325],[-100.44178,40.74323],[-100.44154,40.70028],[-100.39928,40.70029],[-100.39956,40.69264],[-100.40446,40.69264],[-100.40444,40.68713],[-100.4005,40.68714],[-100.39969,40.68546],[-100.40057,40.64206],[-100.38144,40.64228],[-100.38165,40.62771],[-100.38876,40.62758],[-100.39105,40.62542],[-100.39296,40.6131],[-100.4011,40.6129],[-100.40126,40.60319],[-100.40587,40.60313],[-100.40652,40.5843],[-100.40426,40.57769],[-100.41164,40.57275],[-100.40247,40.57069],[-100.4008,40.5642],[-100.40222,40.56256],[-100.40266,40.542],[-100.38864,40.5406],[-100.38889,40.53005],[-100.38383,40.52941],[-100.38386,40.52688],[-100.44136,40.52723],[-100.43941,40.4389],[-100.47734,40.43952],[-100.47757,40.42334],[-100.53401,40.42304],[-100.53546,40.41592],[-100.5534,40.41759],[-100.5537,40.43914],[-100.61049,40.438],[-100.61192,40.52664]]]}},{"type":"Feature","id":"68961","properties":{"zip":"68961","pop":null,"city":"","county":"Nuckolls","state":"Nebraska","area":101.2,"lat":40.2068,"lon":-98.03494},"geometry":{"type":"Polygon","coordinates":[[[-98.18045,40.1765],[-98.16155,40.17661],[-98.16157,40.22012],[-98.14273,40.22011],[-98.14281,40.24912],[-98.12401,40.24925],[-98.12386,40.29306],[-98.1048,40.29293],[-98.10487,40.30744],[-98.04023,40.3075],[-98.03571,40.30504],[-98.03105,40.30685],[-98.02035,40.29817],[-98.00933,40.29814],[-98.01385,40.29034],[-98.00903,40.28638],[-97.99572,40.2896],[-97.98425,40.28694],[-97.9826,40.2834],[-97.98308,40.28127],[-97.98535,40.28086],[-97.98495,40.27808],[-97.98193,40.28012],[-97.98191,40.29259],[-97.97232,40.29264],[-97.97217,40.26344],[-97.99108,40.26357],[-97.9924,40.24891],[-97.93431,40.24989],[-97.93417,40.21991],[-97.90588,40.22004],[-97.90543,40.20552],[-97.91042,40.20542],[-97.91042,40.19806],[-97.89443,40.19812],[-97.89419,40.19109],[-97.88613,40.19078],[-97.88618,40.18794],[-97.88385,40.18791],[-97.88517,40.1761],[-97.89643,40.17615],[-97.89652,40.16166],[-97.87759,40.16165],[-97.87768,40.14715],[-97.89642,40.14714],[-97.89656,40.13482],[-97.89447,40.13262],[-97.93411,40.13271],[-97.93406,40.12542],[-98.00986,40.12566],[-98.00985,40.14732],[-98.06712,40.14766],[-98.06854,40.16217],[-98.08594,40.16204],[-98.08589,40.14754],[-98.12372,40.14757],[-98.12376,40.13309],[-98.18028,40.13306],[-98.18045,40.1765]]]}},{"type":"Feature","id":"68724","properties":{"zip":"68724","pop":null,"city":"","county":"Knox","state":"Nebraska","area":31.07,"lat":42.62759,"lon":-97.88499},"geometry":{"type":"Polygon","coordinates":[[[-97.9541,42.66253],[-97.95392,42.69863],[-97.9344,42.69852],[-97.93435,42.68041],[-97.91155,42.68044],[-97.90453,42.68236],[-97.8984,42.681],[-97.89652,42.67626],[-97.88737,42.66738],[-97.88721,42.66323],[-97.87713,42.66301],[-97.87672,42.65876],[-97.86934,42.6584],[-97.8578,42.65353],[-97.8578,42.65551],[-97.83784,42.6555],[-97.83781,42.63321],[-97.82817,42.63321],[-97.82811,42.62601],[-97.79921,42.62625],[-97.79909,42.6553],[-97.77953,42.65533],[-97.77944,42.61176],[-97.83787,42.61166],[-97.838,42.55596],[-97.84314,42.5558],[-97.84024,42.56091],[-97.84283,42.5771],[-97.86333,42.58098],[-97.87678,42.56817],[-97.88614,42.55178],[-97.88622,42.56755],[-97.90587,42.568],[-97.90583,42.57579],[-97.91553,42.57584],[-97.91718,42.58277],[-97.91544,42.58277],[-97.91558,42.5899],[-97.90991,42.58991],[-97.90979,42.59271],[-97.92553,42.59278],[-97.93484,42.59849],[-97.9404,42.59947],[-97.92651,42.60497],[-97.91743,42.61173],[-97.95461,42.61179],[-97.9541,42.66253]]]}},{"type":"Feature","id":"68725","properties":{"zip":"68725","pop":null,"city":"","county":"Holt","state":"Nebraska","area":128.93,"lat":42.20107,"lon":-98.77707},"geometry":{"type":"Polygon","coordinates":[[[-98.92349,42.19967],[-98.91942,42.19701],[-98.91562,42.19802],[-98.91031,42.19544],[-98.90355,42.19578],[-98.89494,42.1974],[-98.89174,42.20143],[-98.88486,42.20222],[-98.88491,42.2046],[-98.89579,42.20457],[-98.89578,42.21218],[-98.90394,42.21219],[-98.90394,42.21908],[-98.88514,42.21914],[-98.88501,42.26297],[-98.82755,42.26233],[-98.8279,42.35051],[-98.71909,42.34963],[-98.71913,42.34303],[-98.70104,42.343],[-98.70103,42.32895],[-98.71036,42.32897],[-98.71057,42.32077],[-98.69073,42.32073],[-98.69071,42.16102],[-98.67096,42.16128],[-98.67094,42.11766],[-98.65145,42.1176],[-98.65027,42.08859],[-98.71327,42.08851],[-98.71359,42.08096],[-98.7227,42.08076],[-98.72283,42.0734],[-98.73194,42.0733],[-98.7318,42.06525],[-98.7227,42.06495],[-98.7231,42.05172],[-98.74212,42.05172],[-98.74212,42.05869],[-98.76108,42.05847],[-98.76116,42.08852],[-98.88484,42.08833],[-98.8848,42.19009],[-98.9235,42.18996],[-98.92349,42.19967]]]}},{"type":"Feature","id":"68048","properties":{"zip":"68048","pop":null,"city":"Plattsmouth","county":"Cass","state":"Nebraska","area":74.29,"lat":40.98313,"lon":-95.93461},"geometry":{"type":"Polygon","coordinates":[[[-96.06801,41.06064],[-96.05626,41.06536],[-96.03406,41.066],[-96.01806,41.06148],[-96.00309,41.06052],[-95.98734,41.05272],[-95.98199,41.0525],[-95.97182,41.05594],[-95.96729,41.05944],[-95.95972,41.06082],[-95.94737,41.05762],[-95.89666,41.05942],[-95.88921,41.05844],[-95.87949,41.0533],[-95.86178,41.03943],[-95.85965,41.03569],[-95.85992,41.0254],[-95.86949,41.0094],[-95.86729,41.0016],[-95.86012,40.99524],[-95.83891,40.98648],[-95.83354,40.98266],[-95.82907,40.97569],[-95.82983,40.96386],[-95.83795,40.95062],[-95.84028,40.93994],[-95.83974,40.93278],[-95.83777,40.92471],[-95.83304,40.91724],[-95.81871,40.90682],[-95.81089,40.89791],[-95.80947,40.89123],[-95.81208,40.88424],[-95.81959,40.87744],[-95.84045,40.87132],[-95.87292,40.87151],[-95.87293,40.88594],[-95.86817,40.88592],[-95.86821,40.9018],[-95.88263,40.90237],[-95.88297,40.90412],[-95.88713,40.90416],[-95.88771,40.90776],[-95.89204,40.90781],[-95.89205,40.91285],[-95.88863,40.91304],[-95.88887,40.91509],[-95.89794,40.91511],[-95.89805,40.91706],[-95.90376,40.9181],[-95.90374,40.92277],[-95.9116,40.92301],[-95.91166,40.92966],[-95.92615,40.92959],[-95.92833,40.94414],[-96.02574,40.94386],[-96.02582,40.93657],[-96.06398,40.9366],[-96.06408,40.94379],[-96.04489,40.94397],[-96.04474,41.00197],[-96.0351,41.00198],[-96.03514,41.0092],[-96.04473,41.00926],[-96.04471,41.01649],[-96.05431,41.01643],[-96.0543,41.02376],[-96.04469,41.02375],[-96.04453,41.04559],[-96.04278,41.0456],[-96.0428,41.04925],[-96.03319,41.04924],[-96.0333,41.05665],[-96.06198,41.05685],[-96.062,41.05862],[-96.06803,41.05822],[-96.06801,41.06064]]]}},{"type":"Feature","id":"68742","properties":{"zip":"68742","pop":null,"city":"","county":"Holt","state":"Nebraska","area":29.32,"lat":42.35704,"lon":-98.51434},"geometry":{"type":"Polygon","coordinates":[[[-98.59896,42.43298],[-98.59177,42.43326],[-98.59115,42.43086],[-98.57737,42.42311],[-98.57107,42.42567],[-98.57209,42.42441],[-98.5695,42.42258],[-98.56502,42.42777],[-98.55394,42.42112],[-98.54999,42.42114],[-98.5482,42.41913],[-98.55036,42.41837],[-98.54909,42.41645],[-98.54391,42.41787],[-98.54483,42.41375],[-98.53563,42.41405],[-98.53662,42.40992],[-98.53398,42.40699],[-98.53394,42.42276],[-98.47598,42.42268],[-98.47563,42.35645],[-98.47016,42.35023],[-98.45634,42.35011],[-98.45597,42.3356],[-98.4666,42.33557],[-98.46662,42.32794],[-98.47594,42.32798],[-98.47604,42.27759],[-98.5147,42.27745],[-98.51517,42.2992],[-98.52477,42.29921],[-98.52474,42.30651],[-98.5535,42.30649],[-98.55394,42.33548],[-98.57357,42.33525],[-98.5733,42.34999],[-98.55377,42.35005],[-98.55362,42.40045],[-98.59896,42.43298]]]}},{"type":"Feature","id":"68740","properties":{"zip":"68740","pop":null,"city":"","county":"Wayne","state":"Nebraska","area":49.53,"lat":42.14567,"lon":-97.29254},"geometry":{"type":"Polygon","coordinates":[[[-97.3684,42.09092],[-97.36822,42.11993],[-97.35943,42.11971],[-97.35905,42.14875],[-97.36394,42.14883],[-97.36373,42.15648],[-97.34922,42.15633],[-97.34926,42.16305],[-97.36804,42.16341],[-97.36808,42.20687],[-97.34924,42.20684],[-97.34924,42.21451],[-97.35887,42.21479],[-97.3589,42.22131],[-97.36804,42.22138],[-97.36794,42.25036],[-97.34928,42.25024],[-97.34916,42.23578],[-97.33983,42.23574],[-97.33983,42.24346],[-97.32978,42.24337],[-97.32982,42.25016],[-97.31036,42.25006],[-97.31026,42.23562],[-97.29083,42.23563],[-97.29069,42.19985],[-97.30103,42.19992],[-97.30101,42.19227],[-97.29067,42.19227],[-97.29087,42.17778],[-97.27137,42.17772],[-97.2712,42.16321],[-97.25189,42.16315],[-97.25176,42.13418],[-97.19305,42.13417],[-97.19303,42.11842],[-97.17359,42.11958],[-97.17375,42.10516],[-97.15453,42.10442],[-97.15444,42.09066],[-97.13681,42.09065],[-97.13688,42.07649],[-97.16589,42.07644],[-97.16574,42.0828],[-97.17583,42.08299],[-97.17592,42.09067],[-97.2624,42.09082],[-97.26237,42.08357],[-97.27176,42.08355],[-97.27176,42.07648],[-97.29122,42.0765],[-97.31059,42.0766],[-97.30991,42.0909],[-97.3496,42.0909],[-97.34955,42.08336],[-97.36208,42.08611],[-97.36826,42.08183],[-97.3684,42.09092]]]}},{"type":"Feature","id":"68510","properties":{"zip":"68510","pop":null,"city":"Lincoln","county":"Lancaster","state":"Nebraska","area":3.52,"lat":40.80668,"lon":-96.64879},"geometry":{"type":"Polygon","coordinates":[[[-96.69387,40.81026],[-96.69385,40.81471],[-96.63068,40.81342],[-96.62505,40.81571],[-96.6221,40.81348],[-96.61321,40.81346],[-96.60812,40.81349],[-96.60767,40.81518],[-96.60605,40.81494],[-96.6061,40.79883],[-96.62361,40.79883],[-96.62498,40.79727],[-96.62498,40.79878],[-96.63064,40.79759],[-96.63073,40.79893],[-96.67429,40.79894],[-96.67288,40.79733],[-96.67662,40.79879],[-96.6767,40.7962],[-96.679,40.79894],[-96.67539,40.79884],[-96.68008,40.80201],[-96.69391,40.80309],[-96.69368,40.80807],[-96.69532,40.80917],[-96.69387,40.81026]]]}},{"type":"Feature","id":"68020","properties":{"zip":"68020","pop":null,"city":"","county":"Burt","state":"Nebraska","area":58.85,"lat":41.97616,"lon":-96.25627},"geometry":{"type":"Polygon","coordinates":[[[-96.37605,42.0316],[-96.36636,42.03159],[-96.36621,42.06053],[-96.32888,42.06085],[-96.32588,42.06415],[-96.30914,42.06619],[-96.29211,42.04705],[-96.2729,42.04728],[-96.26864,42.04231],[-96.25609,42.03808],[-96.24683,42.04162],[-96.23212,42.03914],[-96.22382,42.03335],[-96.22173,42.0262],[-96.22787,42.01865],[-96.23886,42.01232],[-96.24193,42.00697],[-96.24204,42.00091],[-96.23649,41.99643],[-96.22546,41.99473],[-96.21523,42.0067],[-96.20608,42.00927],[-96.19456,42.00866],[-96.18807,42.00632],[-96.18357,41.99999],[-96.19214,41.98446],[-96.1906,41.98072],[-96.18627,41.97742],[-96.1772,41.97633],[-96.15654,41.98014],[-96.14123,41.97806],[-96.1295,41.97167],[-96.12919,41.96514],[-96.13332,41.95573],[-96.14458,41.94154],[-96.13661,41.92717],[-96.13674,41.92083],[-96.13986,41.91672],[-96.19268,41.91672],[-96.19282,41.90201],[-96.22992,41.90216],[-96.22715,41.91668],[-96.23561,41.91668],[-96.28984,41.91619],[-96.28988,41.90149],[-96.34733,41.90129],[-96.34726,41.91578],[-96.31355,41.91603],[-96.31177,41.94478],[-96.29925,41.95082],[-96.29651,41.96007],[-96.32863,41.95928],[-96.32893,42.01551],[-96.37607,42.01629],[-96.37605,42.0316]]]}},{"type":"Feature","id":"69347","properties":{"zip":"69347","pop":null,"city":"","county":"Sheridan","state":"Nebraska","area":348.78,"lat":42.59691,"lon":-102.67536},"geometry":{"type":"Polygon","coordinates":[[[-102.89099,42.57599],[-102.89077,42.60472],[-102.88595,42.60475],[-102.88593,42.61198],[-102.85188,42.61224],[-102.8518,42.63288],[-102.8518,42.64045],[-102.88135,42.64065],[-102.88126,42.64792],[-102.88595,42.64794],[-102.88592,42.65517],[-102.89058,42.65516],[-102.89055,42.66245],[-102.88097,42.66244],[-102.88109,42.66616],[-102.88588,42.66607],[-102.88574,42.66968],[-102.88116,42.66975],[-102.8813,42.67697],[-102.8906,42.67678],[-102.89065,42.68045],[-102.87856,42.68018],[-102.88134,42.68414],[-102.84218,42.68442],[-102.84209,42.68923],[-102.83717,42.68926],[-102.83711,42.69528],[-102.83223,42.69534],[-102.83221,42.69899],[-102.77371,42.69973],[-102.77337,42.78527],[-102.79266,42.78516],[-102.79274,42.84512],[-102.77394,42.84592],[-102.77393,42.84236],[-102.74486,42.8426],[-102.74302,42.84691],[-102.74118,42.84295],[-102.73524,42.84273],[-102.73418,42.8706],[-102.70489,42.87062],[-102.70479,42.87788],[-102.69489,42.87788],[-102.69482,42.88151],[-102.69978,42.8815],[-102.69971,42.88875],[-102.7022,42.88874],[-102.70223,42.89237],[-102.67526,42.8925],[-102.6753,42.8707],[-102.67237,42.87048],[-102.67349,42.86579],[-102.66139,42.8628],[-102.66068,42.86044],[-102.65534,42.85713],[-102.65225,42.8471],[-102.64684,42.83924],[-102.64727,42.83619],[-102.65202,42.83587],[-102.64499,42.8356],[-102.64493,42.83294],[-102.63895,42.82444],[-102.63868,42.82073],[-102.63274,42.81743],[-102.6299,42.82056],[-102.59885,42.82128],[-102.58803,42.82749],[-102.57923,42.82775],[-102.56938,42.8124],[-102.54891,42.80741],[-102.53848,42.79846],[-102.53839,42.78532],[-102.59507,42.78525],[-102.5929,42.78112],[-102.59741,42.77388],[-102.5779,42.77362],[-102.57775,42.75936],[-102.53813,42.75937],[-102.53803,42.73036],[-102.55762,42.73024],[-102.55745,42.71578],[-102.53788,42.71585],[-102.53783,42.70961],[-102.55742,42.70692],[-102.55742,42.68687],[-102.5378,42.68686],[-102.53768,42.6434],[-102.55739,42.64335],[-102.55719,42.6072],[-102.53781,42.60724],[-102.53698,42.44109],[-102.52468,42.44144],[-102.51923,42.44382],[-102.51425,42.44119],[-102.51456,42.41746],[-102.48721,42.4064],[-102.48733,42.40176],[-102.47534,42.40183],[-102.47537,42.3836],[-102.46716,42.38307],[-102.46076,42.37986],[-102.44805,42.38096],[-102.43943,42.37041],[-102.42772,42.36167],[-102.42337,42.36126],[-102.42594,42.34443],[-102.43096,42.33325],[-102.43044,42.32178],[-102.43512,42.31347],[-102.43035,42.29564],[-102.44295,42.29873],[-102.45382,42.29608],[-102.45679,42.29236],[-102.47961,42.29109],[-102.47746,42.2945],[-102.47994,42.29667],[-102.47757,42.30134],[-102.48625,42.31432],[-102.48645,42.32058],[-102.48887,42.32521],[-102.49396,42.32807],[-102.49504,42.33207],[-102.51091,42.33558],[-102.52282,42.33343],[-102.52795,42.33834],[-102.5291,42.35041],[-102.53562,42.35543],[-102.56143,42.36424],[-102.56014,42.37118],[-102.55293,42.37554],[-102.55467,42.37881],[-102.57404,42.38518],[-102.6321,42.38629],[-102.63168,42.40541],[-102.63797,42.41337],[-102.6563,42.41333],[-102.67305,42.42198],[-102.68811,42.42188],[-102.68702,42.42316],[-102.70633,42.42465],[-102.70979,42.42662],[-102.71093,42.42185],[-102.74039,42.42243],[-102.74003,42.43998],[-102.87163,42.43892],[-102.86728,42.44707],[-102.86946,42.45571],[-102.87144,42.45614],[-102.87189,42.46768],[-102.8504,42.47687],[-102.8434,42.47516],[-102.83876,42.47575],[-102.83553,42.47881],[-102.82672,42.47768],[-102.81917,42.47984],[-102.82496,42.48615],[-102.83312,42.48522],[-102.84719,42.49002],[-102.84839,42.49299],[-102.8559,42.49411],[-102.86687,42.50402],[-102.86685,42.51102],[-102.85143,42.51114],[-102.85155,42.56898],[-102.89074,42.5686],[-102.89099,42.57599]]]}},{"type":"Feature","id":"68711","properties":{"zip":"68711","pop":null,"city":"","county":"Holt","state":"Nebraska","area":156.43,"lat":42.20342,"lon":-99.02414},"geometry":{"type":"Polygon","coordinates":[[[-99.23465,42.17444],[-99.23437,42.26127],[-99.00151,42.26206],[-99.00153,42.21921],[-98.98361,42.21937],[-98.98353,42.21552],[-98.96313,42.21554],[-98.96069,42.21977],[-98.94335,42.22053],[-98.94344,42.23339],[-98.92338,42.23351],[-98.92437,42.26266],[-98.9438,42.26256],[-98.94388,42.27371],[-98.95089,42.27686],[-98.92486,42.27729],[-98.92495,42.30415],[-98.92657,42.30775],[-98.92615,42.32068],[-98.92492,42.32068],[-98.92463,42.3793],[-98.92161,42.38047],[-98.92187,42.38203],[-98.91135,42.38442],[-98.90918,42.38341],[-98.90754,42.38683],[-98.89987,42.38582],[-98.89841,42.38844],[-98.89217,42.38883],[-98.89038,42.39082],[-98.89066,42.39462],[-98.88577,42.3937],[-98.88544,42.35007],[-98.8279,42.35051],[-98.82755,42.26233],[-98.88501,42.26297],[-98.88514,42.21914],[-98.90394,42.21908],[-98.90394,42.21219],[-98.89578,42.21218],[-98.89579,42.20457],[-98.88491,42.2046],[-98.88486,42.20222],[-98.89174,42.20143],[-98.89494,42.1974],[-98.90355,42.19578],[-98.91031,42.19544],[-98.91562,42.19802],[-98.91942,42.19701],[-98.92349,42.19967],[-98.9235,42.18996],[-98.8848,42.19009],[-98.88484,42.08833],[-99.0695,42.08822],[-99.06824,42.11482],[-99.06485,42.11684],[-99.04652,42.11722],[-99.04206,42.11884],[-99.04016,42.12208],[-99.04028,42.13171],[-99.11476,42.1317],[-99.11966,42.13524],[-99.14566,42.13425],[-99.15047,42.13504],[-99.15686,42.14357],[-99.17619,42.1425],[-99.1763,42.14603],[-99.19575,42.14572],[-99.19584,42.1396],[-99.17584,42.13964],[-99.17619,42.13147],[-99.16872,42.13155],[-99.16866,42.11854],[-99.19583,42.11839],[-99.19592,42.13127],[-99.2347,42.13112],[-99.23465,42.17444]]]}},{"type":"Feature","id":"68516","properties":{"zip":"68516","pop":null,"city":"Lincoln","county":"Lancaster","state":"Nebraska","area":14.41,"lat":40.73501,"lon":-96.64288},"geometry":{"type":"Polygon","coordinates":[[[-96.68303,40.76957],[-96.62207,40.7697],[-96.62164,40.76702],[-96.61988,40.76694],[-96.61934,40.76878],[-96.61587,40.76796],[-96.61576,40.76966],[-96.60616,40.76974],[-96.60612,40.75837],[-96.60316,40.75524],[-96.6061,40.75525],[-96.60628,40.69728],[-96.66347,40.69736],[-96.66344,40.71185],[-96.68251,40.71188],[-96.68253,40.74164],[-96.68127,40.74298],[-96.68253,40.74298],[-96.68303,40.76957]]]}},{"type":"Feature","id":"68636","properties":{"zip":"68636","pop":null,"city":"","county":"Antelope","state":"Nebraska","area":153.3,"lat":42.00486,"lon":-98.15678},"geometry":{"type":"Polygon","coordinates":[[[-98.36419,41.98735],[-98.33487,41.98738],[-98.33469,42.03399],[-98.3154,42.03397],[-98.3154,42.03084],[-98.29554,42.03098],[-98.29546,42.05702],[-98.29903,42.05702],[-98.29924,42.06665],[-98.31516,42.06663],[-98.31519,42.08064],[-98.31172,42.08065],[-98.31174,42.08454],[-98.29883,42.0845],[-98.29882,42.08886],[-98.30059,42.08885],[-98.3006,42.10341],[-98.28143,42.10347],[-98.28127,42.08889],[-98.23932,42.08898],[-98.23919,42.07449],[-98.20102,42.0746],[-98.20063,42.08912],[-98.18409,42.08917],[-98.18427,42.11814],[-98.08711,42.11843],[-98.08706,42.12928],[-98.07741,42.12922],[-98.0774,42.12562],[-98.06775,42.12554],[-98.06769,42.08951],[-98.02753,42.0886],[-98.02747,42.00945],[-98.0081,42.00957],[-98.00811,42.00237],[-97.96499,42.00273],[-97.96274,41.99964],[-97.96182,41.98833],[-97.98761,41.98815],[-97.98862,41.98591],[-97.98865,41.94476],[-97.96923,41.94477],[-97.96894,41.91575],[-98.04608,41.91525],[-98.2956,41.91495],[-98.29557,41.95853],[-98.33515,41.95853],[-98.33501,41.97296],[-98.35428,41.97285],[-98.35415,41.98026],[-98.36419,41.98013],[-98.36419,41.98735]]]}},{"type":"Feature","id":"68844","properties":{"zip":"68844","pop":null,"city":"","county":"Sherman","state":"Nebraska","area":35.87,"lat":41.05656,"lon":-99.05946},"geometry":{"type":"Polygon","coordinates":[[[-99.15036,41.05423],[-99.14558,41.05421],[-99.14559,41.06095],[-99.14983,41.06094],[-99.14995,41.08285],[-99.14049,41.08286],[-99.14019,41.10446],[-99.09182,41.10531],[-99.08994,41.09969],[-99.08268,41.09277],[-99.078,41.09617],[-99.07198,41.09619],[-99.07183,41.1012],[-99.06318,41.10463],[-99.0142,41.10495],[-99.01513,41.07599],[-98.978,41.07588],[-98.97796,41.04737],[-98.9886,41.04696],[-98.98881,41.03613],[-98.95991,41.02055],[-98.95971,41.01785],[-99.00777,41.01733],[-99.00782,41.00281],[-99.08302,41.00362],[-99.08321,41.01816],[-99.10231,41.01859],[-99.1028,41.04712],[-99.1503,41.04689],[-99.15036,41.05423]]]}},{"type":"Feature","id":"69152","properties":{"zip":"69152","pop":null,"city":"","county":"Hooker","state":"Nebraska","area":1048.88,"lat":42.0866,"lon":-101.12222},"geometry":{"type":"Polygon","coordinates":[[[-101.4586,42.40208],[-101.45755,42.40681],[-101.45575,42.40709],[-101.45688,42.41256],[-101.44847,42.41511],[-101.44296,42.40756],[-101.43954,42.40798],[-101.43487,42.40015],[-101.42532,42.3958],[-101.42505,42.39378],[-101.4104,42.39571],[-101.40896,42.39876],[-101.4024,42.40181],[-101.4038,42.41029],[-101.39546,42.41228],[-101.39424,42.41476],[-101.39836,42.41449],[-101.40478,42.41805],[-101.40347,42.4218],[-101.40672,42.42623],[-101.39553,42.42621],[-101.39387,42.44089],[-101.39234,42.44114],[-100.84887,42.43809],[-100.84854,42.42256],[-100.82891,42.42243],[-100.82897,42.3488],[-100.8092,42.34909],[-100.80925,42.1722],[-100.83869,42.17209],[-100.83893,42.16124],[-100.86804,42.1611],[-100.86963,42.08821],[-100.84613,42.08817],[-100.84246,41.7404],[-101.42592,41.74306],[-101.42656,42.09219],[-101.4122,42.09211],[-101.41246,42.26609],[-101.33345,42.26457],[-101.33685,42.29402],[-101.33643,42.34495],[-101.33462,42.35281],[-101.33623,42.35994],[-101.33575,42.38122],[-101.35399,42.38434],[-101.3982,42.3785],[-101.41663,42.38658],[-101.43551,42.3896],[-101.44026,42.38874],[-101.44967,42.38281],[-101.45015,42.38418],[-101.44404,42.38946],[-101.44396,42.39189],[-101.44623,42.39452],[-101.4541,42.39501],[-101.4586,42.40208]]]}},{"type":"Feature","id":"68071","properties":{"zip":"68071","pop":null,"city":"","county":"Thurston","state":"Nebraska","area":58.35,"lat":42.23606,"lon":-96.47451},"geometry":{"type":"Polygon","coordinates":[[[-96.64832,42.26399],[-96.5702,42.26383],[-96.57027,42.27759],[-96.35641,42.27649],[-96.34145,42.26911],[-96.33133,42.25943],[-96.32771,42.24999],[-96.33,42.24022],[-96.32287,42.23364],[-96.32283,42.23146],[-96.33632,42.21892],[-96.35814,42.21409],[-96.35909,42.2078],[-96.34917,42.19725],[-96.34772,42.19133],[-96.38538,42.19113],[-96.38535,42.17674],[-96.39502,42.17672],[-96.39512,42.18037],[-96.40174,42.18032],[-96.41698,42.19125],[-96.46282,42.19109],[-96.46278,42.20965],[-96.47067,42.21322],[-96.47206,42.21218],[-96.47311,42.19114],[-96.48235,42.19117],[-96.48221,42.22023],[-96.51141,42.22028],[-96.51142,42.22391],[-96.50656,42.22388],[-96.50657,42.22751],[-96.52117,42.22758],[-96.52097,42.20577],[-96.53084,42.20579],[-96.531,42.19127],[-96.59958,42.1914],[-96.59976,42.20598],[-96.60946,42.20604],[-96.6095,42.23479],[-96.63969,42.23502],[-96.64028,42.24152],[-96.6382,42.24216],[-96.63414,42.24947],[-96.63165,42.24954],[-96.64816,42.24938],[-96.64832,42.26399]]]}},{"type":"Feature","id":"68847","properties":{"zip":"68847","pop":null,"city":"Kearney","county":"Buffalo","state":"Nebraska","area":83.67,"lat":40.73463,"lon":-99.02276},"geometry":{"type":"Polygon","coordinates":[[[-99.10352,40.84439],[-99.07976,40.84447],[-99.07975,40.84636],[-99.07688,40.84636],[-99.07691,40.84445],[-99.04561,40.84426],[-99.04568,40.8734],[-98.97872,40.87337],[-98.97875,40.86608],[-98.96919,40.86606],[-98.96919,40.85162],[-98.9788,40.85159],[-98.97879,40.85522],[-98.9884,40.8552],[-98.9884,40.82254],[-98.96922,40.82256],[-98.96925,40.81891],[-98.9596,40.81888],[-98.95961,40.81528],[-98.96928,40.81528],[-98.96923,40.7862],[-98.95018,40.78612],[-98.9504,40.71364],[-98.95518,40.71371],[-98.95529,40.70643],[-98.96944,40.70647],[-98.97057,40.68237],[-98.9895,40.67995],[-98.98955,40.67619],[-99.00012,40.6736],[-99.00332,40.67029],[-99.00851,40.67036],[-99.00853,40.66714],[-99.02767,40.66106],[-99.02771,40.65576],[-99.00036,40.66035],[-98.95154,40.65937],[-98.95155,40.61203],[-98.98969,40.61201],[-98.9897,40.59765],[-99.00883,40.5974],[-99.0087,40.61197],[-99.08477,40.61194],[-99.08479,40.62872],[-99.08986,40.62969],[-99.08989,40.6324],[-99.0848,40.6324],[-99.08628,40.6613],[-99.08818,40.66132],[-99.09019,40.66546],[-99.09516,40.66591],[-99.09519,40.66739],[-99.0866,40.66748],[-99.08866,40.66949],[-99.08616,40.66941],[-99.08511,40.6778],[-99.08524,40.69348],[-99.08726,40.69477],[-99.08518,40.69495],[-99.08443,40.69765],[-99.08718,40.6977],[-99.08714,40.69938],[-99.08438,40.69936],[-99.08572,40.70155],[-99.08434,40.70154],[-99.08401,40.71061],[-99.08543,40.71065],[-99.08398,40.7139],[-99.08539,40.71541],[-99.08396,40.71622],[-99.08677,40.71623],[-99.08737,40.72125],[-99.08391,40.72125],[-99.08384,40.73257],[-99.0872,40.73256],[-99.08696,40.73474],[-99.08384,40.73475],[-99.0838,40.75102],[-99.08628,40.75394],[-99.08379,40.76473],[-99.08428,40.82268],[-99.09381,40.82267],[-99.09392,40.82992],[-99.08441,40.82992],[-99.08454,40.83717],[-99.10351,40.83717],[-99.10352,40.84439]]]}},{"type":"Feature","id":"69331","properties":{"zip":"69331","pop":null,"city":"","county":"Morrill","state":"Nebraska","area":172.63,"lat":41.85227,"lon":-102.96042},"geometry":{"type":"Polygon","coordinates":[[[-103.15667,41.79782],[-103.15264,41.8079],[-103.13113,41.84096],[-103.13178,41.87219],[-103.10828,41.87255],[-103.0876,41.8873],[-103.09236,41.88731],[-103.09233,41.89096],[-103.11207,41.89075],[-103.11199,41.9015],[-103.10215,41.90175],[-103.10192,41.91639],[-103.13047,41.91666],[-103.12941,41.97427],[-103.13164,42.00324],[-102.93671,42.00162],[-102.93725,41.92997],[-102.91712,41.92995],[-102.91721,41.91909],[-102.89751,41.91895],[-102.89754,41.92257],[-102.89258,41.92254],[-102.89256,41.91531],[-102.88763,41.91528],[-102.88762,41.89103],[-102.89253,41.89104],[-102.89257,41.89794],[-102.8975,41.89797],[-102.89742,41.88759],[-102.87778,41.88758],[-102.87789,41.87383],[-102.86874,41.86723],[-102.86619,41.85446],[-102.8642,41.85253],[-102.86285,41.83467],[-102.86012,41.82733],[-102.8603,41.8095],[-102.85382,41.80672],[-102.83054,41.80354],[-102.8255,41.80141],[-102.8262,41.79443],[-102.81022,41.79058],[-102.81009,41.80118],[-102.80516,41.80102],[-102.80519,41.79738],[-102.79558,41.79727],[-102.79559,41.79366],[-102.79049,41.79368],[-102.79072,41.80452],[-102.78604,41.80464],[-102.78599,41.81195],[-102.78209,41.81197],[-102.78117,41.79941],[-102.77751,41.79907],[-102.77216,41.7771],[-102.76959,41.77369],[-102.77425,41.75837],[-102.77228,41.75583],[-102.75884,41.75344],[-102.74747,41.74881],[-102.72692,41.75345],[-102.72304,41.74349],[-102.69414,41.74365],[-102.69414,41.73276],[-102.68458,41.73263],[-102.68465,41.72897],[-102.69414,41.72916],[-102.6951,41.69961],[-102.71481,41.69951],[-102.7157,41.68509],[-102.75443,41.68477],[-102.75408,41.6994],[-102.77374,41.69947],[-102.77211,41.71358],[-102.7914,41.71377],[-102.7914,41.72108],[-102.81053,41.72097],[-102.81176,41.7064],[-102.84982,41.7066],[-102.84942,41.71381],[-102.87009,41.71398],[-102.87339,41.71739],[-102.87303,41.72791],[-102.88451,41.7285],[-102.89625,41.73302],[-102.89731,41.74298],[-102.9358,41.74291],[-102.93675,41.769],[-102.95593,41.76887],[-102.95692,41.77171],[-102.97552,41.77146],[-102.97634,41.80043],[-102.99393,41.8004],[-102.99657,41.80756],[-103.02423,41.8076],[-103.02518,41.81475],[-103.07224,41.81546],[-103.07234,41.7897],[-103.07668,41.78644],[-103.15342,41.78573],[-103.15627,41.79061],[-103.15667,41.79782]]]}},{"type":"Feature","id":"68664","properties":{"zip":"68664","pop":null,"city":"Snyder","county":"Dodge","state":"Nebraska","area":0.36,"lat":41.7045,"lon":-96.78706},"geometry":{"type":"Polygon","coordinates":[[[-96.79479,41.70908],[-96.78251,41.70996],[-96.78247,41.7072],[-96.77637,41.70637],[-96.7791,41.70638],[-96.78069,41.69985],[-96.7925,41.69899],[-96.79479,41.70908]]]}},{"type":"Feature","id":"68745","properties":{"zip":"68745","pop":null,"city":"","county":"Cedar","state":"Nebraska","area":96.25,"lat":42.44663,"lon":-97.08785},"geometry":{"type":"Polygon","coordinates":[[[-97.21298,42.42407],[-97.21196,42.43851],[-97.19152,42.43843],[-97.19151,42.4529],[-97.17199,42.4529],[-97.17209,42.46731],[-97.13293,42.46736],[-97.13292,42.4819],[-97.11381,42.48185],[-97.114,42.49633],[-97.13291,42.49639],[-97.13285,42.51088],[-97.11381,42.51081],[-97.11331,42.52535],[-97.13282,42.52538],[-97.13281,42.56877],[-97.11344,42.56875],[-97.11349,42.58324],[-97.07435,42.5834],[-97.0744,42.59056],[-97.06453,42.58351],[-97.05145,42.58165],[-97.04376,42.58234],[-97.04129,42.58634],[-97.03513,42.58934],[-97.03475,42.56856],[-97.01523,42.56856],[-97.0153,42.52508],[-96.99598,42.52508],[-96.996,42.48148],[-97.01574,42.4816],[-97.01567,42.46709],[-96.99594,42.46702],[-96.99566,42.44317],[-96.99836,42.43797],[-97.01753,42.43807],[-97.01798,42.3902],[-97.00678,42.38446],[-97.00059,42.38655],[-96.99844,42.38537],[-96.99929,42.35127],[-97.05681,42.35114],[-97.05682,42.33674],[-97.07654,42.33689],[-97.07636,42.32242],[-97.13482,42.32237],[-97.13487,42.33686],[-97.15444,42.33693],[-97.15446,42.35146],[-97.17393,42.35144],[-97.17402,42.38043],[-97.19361,42.38048],[-97.19348,42.40949],[-97.20324,42.40953],[-97.20359,42.41469],[-97.19341,42.41698],[-97.213,42.4134],[-97.21298,42.42407]]]}},{"type":"Feature","id":"68331","properties":{"zip":"68331","pop":null,"city":"","county":"Gage","state":"Nebraska","area":37.22,"lat":40.47122,"lon":-96.70869},"geometry":{"type":"Polygon","coordinates":[[[-96.79872,40.46545],[-96.78944,40.46544],[-96.78935,40.47259],[-96.77981,40.47258],[-96.77966,40.49431],[-96.78919,40.49424],[-96.78933,40.50155],[-96.79597,40.50153],[-96.79608,40.50863],[-96.7796,40.50878],[-96.77986,40.52308],[-96.76092,40.52307],[-96.76082,40.50881],[-96.74207,40.50877],[-96.74196,40.5231],[-96.64791,40.5234],[-96.6481,40.50882],[-96.65763,40.50884],[-96.65755,40.50145],[-96.64803,40.50207],[-96.64743,40.43643],[-96.62843,40.43635],[-96.62831,40.42167],[-96.61892,40.42165],[-96.61908,40.40719],[-96.66614,40.40732],[-96.66602,40.42176],[-96.70467,40.42206],[-96.70437,40.43635],[-96.77986,40.43641],[-96.77988,40.45088],[-96.79879,40.45086],[-96.79872,40.46545]]]}},{"type":"Feature","id":"68876","properties":{"zip":"68876","pop":null,"city":"","county":"Buffalo","state":"Nebraska","area":69.62,"lat":40.82492,"lon":-98.74663},"geometry":{"type":"Polygon","coordinates":[[[-98.84772,40.67779],[-98.84159,40.67855],[-98.8219,40.68753],[-98.81592,40.69279],[-98.80044,40.69684],[-98.78099,40.70573],[-98.78316,40.70956],[-98.79806,40.70838],[-98.79811,40.74252],[-98.81722,40.7425],[-98.81704,40.75772],[-98.79807,40.76292],[-98.79809,40.77164],[-98.79336,40.77163],[-98.79325,40.7789],[-98.77893,40.77888],[-98.77894,40.76816],[-98.75994,40.77335],[-98.75987,40.78617],[-98.76939,40.7866],[-98.76936,40.79706],[-98.7789,40.79705],[-98.77877,40.81513],[-98.7598,40.81514],[-98.75974,40.82964],[-98.79769,40.82962],[-98.79816,40.87316],[-98.83601,40.87298],[-98.83602,40.88746],[-98.822,40.88756],[-98.82207,40.89482],[-98.81741,40.89476],[-98.81723,40.91659],[-98.78859,40.91665],[-98.78858,40.92391],[-98.78374,40.92394],[-98.78375,40.92757],[-98.77893,40.92762],[-98.77894,40.93122],[-98.77415,40.93126],[-98.77414,40.92764],[-98.75984,40.9241],[-98.75991,40.91683],[-98.74099,40.91686],[-98.74094,40.93858],[-98.73614,40.93858],[-98.7361,40.94586],[-98.68471,40.94581],[-98.68467,40.93128],[-98.66575,40.9313],[-98.66557,40.90226],[-98.68449,40.9023],[-98.68372,40.8297],[-98.66904,40.82973],[-98.67418,40.82652],[-98.67418,40.81901],[-98.67894,40.81897],[-98.67903,40.8152],[-98.66553,40.8158],[-98.66465,40.80103],[-98.72174,40.78428],[-98.72151,40.73543],[-98.70279,40.73508],[-98.70284,40.72779],[-98.72153,40.72814],[-98.72153,40.71187],[-98.72628,40.71187],[-98.7337,40.71505],[-98.74064,40.71411],[-98.74056,40.69893],[-98.74353,40.69893],[-98.74341,40.68824],[-98.74887,40.68873],[-98.75968,40.68397],[-98.77231,40.68336],[-98.78154,40.68025],[-98.79256,40.68055],[-98.80363,40.67568],[-98.82593,40.67497],[-98.83329,40.67028],[-98.84146,40.66998],[-98.84767,40.66638],[-98.84772,40.67779]]]}},{"type":"Feature","id":"68757","properties":{"zip":"68757","pop":null,"city":"","county":"Dixon","state":"Nebraska","area":94.3,"lat":42.65255,"lon":-96.92561},"geometry":{"type":"Polygon","coordinates":[[[-97.07414,42.69886],[-97.03205,42.69885],[-97.02729,42.7054],[-97.0251,42.71642],[-97.01517,42.71296],[-97.01582,42.7616],[-96.97912,42.76009],[-96.96888,42.75428],[-96.96123,42.74062],[-96.96129,42.73657],[-96.96583,42.7271],[-96.96353,42.72064],[-96.93759,42.7196],[-96.93345,42.72381],[-96.91828,42.73185],[-96.9068,42.7338],[-96.88684,42.72522],[-96.87279,42.7241],[-96.86044,42.7208],[-96.84342,42.71202],[-96.80622,42.70415],[-96.80165,42.69877],[-96.80048,42.69247],[-96.80218,42.67224],[-96.80099,42.66976],[-96.79324,42.66602],[-96.78095,42.66355],[-96.78074,42.65119],[-96.78862,42.65219],[-96.79081,42.65055],[-96.79081,42.64785],[-96.7953,42.64786],[-96.79575,42.64419],[-96.80077,42.64422],[-96.80056,42.61529],[-96.80542,42.61521],[-96.80536,42.61163],[-96.81036,42.61167],[-96.81034,42.60818],[-96.82014,42.60818],[-96.82014,42.59019],[-96.86429,42.59021],[-96.8643,42.58672],[-96.88183,42.58287],[-96.88395,42.58218],[-96.88393,42.57921],[-96.88883,42.57902],[-96.88853,42.55389],[-96.87907,42.55391],[-96.87905,42.54665],[-96.89838,42.54661],[-96.89848,42.5393],[-96.93724,42.53948],[-96.93734,42.55392],[-96.95686,42.55412],[-96.95684,42.5686],[-96.99603,42.56865],[-96.99594,42.61199],[-97.01557,42.61205],[-97.01557,42.62652],[-97.03522,42.62641],[-97.03514,42.64093],[-97.05473,42.64095],[-97.05433,42.68566],[-97.07407,42.69323],[-97.07414,42.69886]],[[-96.98499,42.69147],[-96.98418,42.68775],[-96.97639,42.68768],[-96.97895,42.69163],[-96.98102,42.69165],[-96.98113,42.69539],[-96.98674,42.69116],[-96.98499,42.69147]]]}},{"type":"Feature","id":"69153","properties":{"zip":"69153","pop":null,"city":"","county":"Keith","state":"Nebraska","area":188.89,"lat":41.08017,"lon":-101.67876},"geometry":{"type":"Polygon","coordinates":[[[-101.8425,41.04725],[-101.82579,41.0475],[-101.82587,41.07649],[-101.80667,41.07656],[-101.80702,41.09587],[-101.80092,41.09669],[-101.8138,41.10452],[-101.78733,41.10892],[-101.78732,41.12002],[-101.8067,41.12],[-101.80671,41.22845],[-101.7297,41.22617],[-101.7297,41.22482],[-101.66699,41.21603],[-101.66805,41.22498],[-101.66644,41.22715],[-101.66803,41.22758],[-101.66973,41.23392],[-101.66371,41.23434],[-101.66332,41.23086],[-101.66093,41.22958],[-101.66062,41.22189],[-101.65225,41.218],[-101.63824,41.21566],[-101.63478,41.21199],[-101.61568,41.21191],[-101.61574,41.1781],[-101.59607,41.17814],[-101.59717,41.15087],[-101.59034,41.14022],[-101.59021,41.13506],[-101.58536,41.13491],[-101.57683,41.12966],[-101.57702,41.12616],[-101.56117,41.12453],[-101.5517,41.12107],[-101.53776,41.12469],[-101.52022,41.12207],[-101.51063,41.12331],[-101.49976,41.12014],[-101.49543,41.11683],[-101.48497,41.1151],[-101.47375,41.11629],[-101.46723,41.11933],[-101.44313,41.11987],[-101.44269,41.10905],[-101.46666,41.10444],[-101.48458,41.10489],[-101.51934,41.11252],[-101.51935,41.10557],[-101.50986,41.10555],[-101.50969,41.09843],[-101.48107,41.09829],[-101.48119,41.07846],[-101.50012,41.07843],[-101.50008,41.0475],[-101.47937,41.04747],[-101.47912,41.03214],[-101.51698,41.03215],[-101.51678,41.01767],[-101.47889,41.01764],[-101.47895,40.95927],[-101.49864,40.95929],[-101.49766,40.98847],[-101.53631,40.9884],[-101.53607,41.00292],[-101.56496,41.00279],[-101.56569,40.98829],[-101.59455,40.98846],[-101.59413,41.00301],[-101.65177,41.00346],[-101.65195,40.99555],[-101.6711,40.99571],[-101.671,41.00363],[-101.72833,41.00328],[-101.72765,40.91555],[-101.82296,40.91552],[-101.82334,41.00283],[-101.80481,41.00289],[-101.80482,41.03191],[-101.84213,41.0319],[-101.8425,41.04725]]]}},{"type":"Feature","id":"68073","properties":{"zip":"68073","pop":null,"city":"","county":"Saunders","state":"Nebraska","area":34.96,"lat":41.23928,"lon":-96.40928},"geometry":{"type":"Polygon","coordinates":[[[-96.46402,41.29179],[-96.44538,41.29181],[-96.44497,41.32085],[-96.42554,41.32079],[-96.4256,41.31613],[-96.41821,41.3172],[-96.40094,41.29199],[-96.38583,41.29202],[-96.37908,41.29887],[-96.37559,41.2966],[-96.36057,41.28041],[-96.34999,41.2629],[-96.35004,41.25829],[-96.36547,41.23554],[-96.36138,41.21922],[-96.35366,41.20676],[-96.33255,41.19555],[-96.32468,41.18588],[-96.33985,41.18653],[-96.33989,41.19016],[-96.38704,41.19033],[-96.38707,41.17577],[-96.40646,41.17576],[-96.40555,41.14763],[-96.42517,41.14693],[-96.42572,41.18304],[-96.44493,41.18291],[-96.44493,41.18544],[-96.45228,41.1855],[-96.45221,41.19754],[-96.44499,41.20123],[-96.44498,41.20923],[-96.44958,41.21385],[-96.45109,41.2192],[-96.46397,41.21919],[-96.46402,41.29179]]]}},{"type":"Feature","id":"68960","properties":{"zip":"68960","pop":null,"city":"","county":"Franklin","state":"Nebraska","area":34.72,"lat":40.08557,"lon":-99.13867},"geometry":{"type":"Polygon","coordinates":[[[-99.20365,40.1507],[-99.202,40.15643],[-99.19393,40.15647],[-99.19396,40.16198],[-99.18885,40.16196],[-99.18909,40.15474],[-99.17918,40.15469],[-99.1792,40.17638],[-99.16053,40.17633],[-99.16111,40.16041],[-99.15851,40.1544],[-99.1419,40.15422],[-99.14158,40.14719],[-99.10445,40.14718],[-99.10395,40.10371],[-99.06628,40.10377],[-99.0662,40.06029],[-99.09505,40.06016],[-99.09644,40.05667],[-99.11955,40.05289],[-99.12928,40.05369],[-99.12714,40.03435],[-99.12249,40.02899],[-99.12307,40.00216],[-99.17913,40.00198],[-99.1792,40.14732],[-99.20501,40.14744],[-99.20365,40.1507]]]}},{"type":"Feature","id":"69001","properties":{"zip":"69001","pop":null,"city":"","county":"Red Willow","state":"Nebraska","area":357.42,"lat":40.25251,"lon":-100.65794},"geometry":{"type":"Polygon","coordinates":[[[-100.89061,40.52273],[-100.74502,40.52643],[-100.64954,40.52624],[-100.65032,40.51749],[-100.64591,40.49581],[-100.61065,40.49672],[-100.61049,40.438],[-100.5537,40.43914],[-100.55255,40.35005],[-100.53375,40.35007],[-100.53496,40.24876],[-100.52562,40.24877],[-100.52515,40.2347],[-100.49256,40.23516],[-100.49293,40.22781],[-100.49832,40.22745],[-100.49698,40.17629],[-100.47805,40.17644],[-100.47792,40.16218],[-100.49666,40.1626],[-100.49639,40.14799],[-100.51571,40.14706],[-100.51513,40.11879],[-100.49621,40.11881],[-100.49598,40.08961],[-100.47696,40.08973],[-100.47855,40.03174],[-100.5297,40.03126],[-100.52969,40.03841],[-100.53446,40.03835],[-100.53292,40.00187],[-100.75883,40.0023],[-100.75863,40.12525],[-100.7592,40.12195],[-100.77786,40.12156],[-100.77783,40.11431],[-100.81599,40.11406],[-100.81738,40.17441],[-100.79243,40.17506],[-100.79002,40.17681],[-100.79076,40.18124],[-100.78669,40.19003],[-100.78774,40.19579],[-100.78577,40.19869],[-100.7814,40.19809],[-100.77994,40.19334],[-100.77579,40.18995],[-100.76481,40.18627],[-100.76332,40.18948],[-100.76084,40.18925],[-100.76068,40.22155],[-100.74188,40.21613],[-100.74091,40.25723],[-100.7441,40.2795],[-100.74469,40.34941],[-100.73021,40.34947],[-100.73167,40.35745],[-100.74586,40.35726],[-100.74785,40.36499],[-100.76862,40.36438],[-100.77041,40.37954],[-100.76206,40.37974],[-100.76214,40.39771],[-100.76688,40.39776],[-100.76694,40.40507],[-100.78007,40.40489],[-100.78084,40.44084],[-100.81044,40.4451],[-100.81605,40.44844],[-100.8262,40.44925],[-100.83,40.46511],[-100.83234,40.46651],[-100.86512,40.46668],[-100.86594,40.48103],[-100.89057,40.48099],[-100.89061,40.52273]]]}},{"type":"Feature","id":"68760","properties":{"zip":"68760","pop":null,"city":"","county":"Knox","state":"Nebraska","area":158.11,"lat":42.76604,"lon":-98.03844},"geometry":{"type":"Polygon","coordinates":[[[-98.31031,42.86986],[-98.30977,42.88256],[-98.28001,42.875],[-98.25828,42.87439],[-98.24982,42.87184],[-98.24683,42.8684],[-98.21983,42.85316],[-98.18976,42.84163],[-98.16752,42.83693],[-98.14693,42.83982],[-98.13791,42.83273],[-98.12749,42.82013],[-98.10769,42.81063],[-98.09457,42.79931],[-98.06739,42.78476],[-98.06291,42.78112],[-98.05984,42.77277],[-98.05662,42.77078],[-98.03503,42.7642],[-98.01305,42.7623],[-98.00574,42.76417],[-98.00035,42.76326],[-97.97759,42.76992],[-97.95015,42.76962],[-97.93672,42.77575],[-97.92143,42.78835],[-97.90898,42.79491],[-97.88856,42.81725],[-97.87988,42.83539],[-97.87898,42.84367],[-97.87585,42.84772],[-97.877,42.85439],[-97.87534,42.85872],[-97.85796,42.86509],[-97.8285,42.8688],[-97.81708,42.86178],[-97.77934,42.85103],[-97.77886,42.81589],[-97.78164,42.81588],[-97.78167,42.80898],[-97.78688,42.80092],[-97.78324,42.79406],[-97.77451,42.79314],[-97.77425,42.78677],[-97.75955,42.78674],[-97.75978,42.77128],[-97.77943,42.77116],[-97.77925,42.78676],[-97.83885,42.78667],[-97.83718,42.74144],[-97.81847,42.74151],[-97.81834,42.72692],[-97.79882,42.72731],[-97.79894,42.69191],[-97.80744,42.69061],[-97.80835,42.68412],[-97.81843,42.68397],[-97.81849,42.68087],[-97.80836,42.68072],[-97.80836,42.67709],[-97.82794,42.67711],[-97.82795,42.66964],[-97.83794,42.6697],[-97.83784,42.6555],[-97.8578,42.65551],[-97.8578,42.65353],[-97.86934,42.6584],[-97.87672,42.65876],[-97.87713,42.66301],[-97.88721,42.66323],[-97.88737,42.66738],[-97.89652,42.67626],[-97.8984,42.681],[-97.90453,42.68236],[-97.91155,42.68044],[-97.93435,42.68041],[-97.9344,42.69852],[-97.95392,42.69863],[-97.95404,42.66978],[-97.97387,42.66962],[-97.97372,42.68411],[-97.99291,42.68402],[-97.99306,42.69842],[-98.05653,42.6984],[-98.05702,42.69561],[-98.0626,42.69006],[-98.07355,42.68585],[-98.08635,42.68461],[-98.10501,42.68609],[-98.11956,42.69105],[-98.12387,42.69439],[-98.13207,42.69514],[-98.15256,42.7092],[-98.16658,42.7114],[-98.19103,42.72871],[-98.20433,42.73097],[-98.21255,42.73893],[-98.24545,42.74427],[-98.25727,42.74956],[-98.26159,42.74926],[-98.27931,42.75517],[-98.28999,42.75566],[-98.29774,42.75965],[-98.30515,42.76038],[-98.30505,42.78464],[-98.31024,42.78462],[-98.31031,42.86986]]]}},{"type":"Feature","id":"68764","properties":{"zip":"68764","pop":null,"city":"","county":"Antelope","state":"Nebraska","area":97.72,"lat":42.39878,"lon":-98.23179},"geometry":{"type":"Polygon","coordinates":[[[-98.35911,42.34299],[-98.35909,42.36449],[-98.33953,42.36448],[-98.33953,42.37144],[-98.34944,42.37148],[-98.34944,42.37901],[-98.31993,42.379],[-98.31992,42.3935],[-98.30033,42.39343],[-98.30024,42.43691],[-98.30546,42.43693],[-98.30525,42.49654],[-98.30221,42.49499],[-98.26807,42.49477],[-98.26704,42.55294],[-98.24726,42.55299],[-98.2477,42.53917],[-98.22809,42.53848],[-98.22849,42.52403],[-98.189,42.52409],[-98.18933,42.50954],[-98.16025,42.50978],[-98.16016,42.50626],[-98.14057,42.50633],[-98.14066,42.50977],[-98.12483,42.50871],[-98.12346,42.50261],[-98.12614,42.50263],[-98.12614,42.49974],[-98.12419,42.49974],[-98.13108,42.49569],[-98.13112,42.4809],[-98.1506,42.48081],[-98.15058,42.45532],[-98.1419,42.45543],[-98.1363,42.45064],[-98.13909,42.43724],[-98.1656,42.43731],[-98.16523,42.42885],[-98.17912,42.4288],[-98.18426,42.42707],[-98.18419,42.36398],[-98.16538,42.36389],[-98.16522,42.33508],[-98.18421,42.33508],[-98.18422,42.33067],[-98.16521,42.33063],[-98.16509,42.32066],[-98.14581,42.3207],[-98.14575,42.3062],[-98.10681,42.30628],[-98.10688,42.2918],[-98.11637,42.29181],[-98.1166,42.27728],[-98.14577,42.27722],[-98.14577,42.26273],[-98.16527,42.26273],[-98.16537,42.27725],[-98.26219,42.27734],[-98.26188,42.32078],[-98.32982,42.32099],[-98.32974,42.32822],[-98.35915,42.32829],[-98.35911,42.34299]]]}},{"type":"Feature","id":"68966","properties":{"zip":"68966","pop":null,"city":"","county":"Harlan","state":"Nebraska","area":105.83,"lat":40.15762,"lon":-99.46256},"geometry":{"type":"Polygon","coordinates":[[[-99.57345,40.1791],[-99.5712,40.18187],[-99.57327,40.19135],[-99.53424,40.19074],[-99.53486,40.20533],[-99.51667,40.20539],[-99.51669,40.24904],[-99.48057,40.24863],[-99.47968,40.27855],[-99.46142,40.2783],[-99.46145,40.29287],[-99.43289,40.29307],[-99.433,40.30043],[-99.4055,40.29997],[-99.4056,40.30842],[-99.36833,40.30711],[-99.36825,40.27814],[-99.33991,40.27816],[-99.33983,40.26364],[-99.34928,40.26361],[-99.35005,40.24917],[-99.36829,40.24914],[-99.36826,40.25653],[-99.3777,40.25641],[-99.3777,40.24912],[-99.38716,40.2491],[-99.38706,40.19069],[-99.40523,40.19065],[-99.40515,40.16153],[-99.38653,40.16179],[-99.38653,40.14727],[-99.40497,40.14724],[-99.40511,40.13273],[-99.38657,40.1327],[-99.38656,40.1036],[-99.40478,40.10463],[-99.40465,40.08942],[-99.45575,40.08931],[-99.4621,40.08085],[-99.46227,40.05664],[-99.46024,40.0539],[-99.44158,40.05296],[-99.44138,40.04553],[-99.41433,40.0455],[-99.41424,40.03824],[-99.42362,40.03805],[-99.4219,40.03073],[-99.41419,40.03086],[-99.41406,40.00192],[-99.51788,40.00201],[-99.52296,40.00859],[-99.52714,40.03995],[-99.52245,40.05586],[-99.52512,40.07482],[-99.52021,40.0828],[-99.52005,40.08768],[-99.52102,40.08926],[-99.55457,40.08918],[-99.55493,40.16069],[-99.56408,40.16206],[-99.56387,40.16932],[-99.57337,40.16931],[-99.57345,40.1791]]]}},{"type":"Feature","id":"68371","properties":{"zip":"68371","pop":null,"city":"","county":"York","state":"Nebraska","area":59.68,"lat":40.77304,"lon":-97.78419},"geometry":{"type":"Polygon","coordinates":[[[-97.88313,40.82899],[-97.87361,40.82898],[-97.87359,40.83261],[-97.86432,40.8326],[-97.86451,40.84345],[-97.82591,40.84343],[-97.826,40.85821],[-97.78803,40.85791],[-97.78814,40.84342],[-97.74997,40.84369],[-97.75012,40.82204],[-97.71179,40.82154],[-97.71175,40.77107],[-97.69268,40.77108],[-97.69252,40.69861],[-97.73045,40.69877],[-97.73068,40.7131],[-97.74101,40.71137],[-97.74969,40.71319],[-97.74964,40.70966],[-97.75905,40.70964],[-97.75902,40.69858],[-97.78758,40.69857],[-97.7877,40.71309],[-97.8638,40.71301],[-97.86405,40.81444],[-97.84493,40.81445],[-97.84498,40.82122],[-97.88312,40.82124],[-97.88313,40.82899]]]}},{"type":"Feature","id":"68372","properties":{"zip":"68372","pop":null,"city":"Hickman","county":"Lancaster","state":"Nebraska","area":27.68,"lat":40.60496,"lon":-96.60535},"geometry":{"type":"Polygon","coordinates":[[[-96.7022,40.60607],[-96.69746,40.61127],[-96.68686,40.61742],[-96.68681,40.62478],[-96.66725,40.62495],[-96.66751,40.63948],[-96.64857,40.63961],[-96.64857,40.65399],[-96.62945,40.65411],[-96.62943,40.64485],[-96.62457,40.64488],[-96.62405,40.64804],[-96.62002,40.64771],[-96.62002,40.63971],[-96.59254,40.63992],[-96.59122,40.61823],[-96.57253,40.61822],[-96.57241,40.63994],[-96.55867,40.64],[-96.55897,40.62553],[-96.52083,40.62501],[-96.52029,40.56685],[-96.53932,40.56693],[-96.5393,40.58137],[-96.55814,40.5815],[-96.55828,40.56704],[-96.57249,40.56736],[-96.5724,40.55297],[-96.59126,40.55273],[-96.5918,40.58167],[-96.68626,40.58131],[-96.68659,40.5958],[-96.70118,40.59556],[-96.7022,40.60607]]]}},{"type":"Feature","id":"68070","properties":{"zip":"68070","pop":null,"city":"","county":"Saunders","state":"Nebraska","area":50.45,"lat":41.1924,"lon":-96.79977},"geometry":{"type":"Polygon","coordinates":[[[-96.90872,41.16922],[-96.90863,41.23489],[-96.88983,41.23542],[-96.89018,41.25003],[-96.87083,41.24932],[-96.87062,41.23522],[-96.86098,41.2352],[-96.86088,41.22789],[-96.87046,41.22796],[-96.87037,41.22062],[-96.86557,41.22057],[-96.86563,41.22427],[-96.86323,41.22426],[-96.86317,41.22054],[-96.85115,41.22054],[-96.85135,41.23508],[-96.83203,41.23504],[-96.83259,41.2641],[-96.81338,41.26405],[-96.81353,41.25681],[-96.79864,41.25653],[-96.79855,41.2492],[-96.7938,41.24908],[-96.79372,41.24183],[-96.80329,41.24202],[-96.8033,41.23473],[-96.80322,41.22755],[-96.79839,41.2275],[-96.79836,41.22392],[-96.79355,41.22388],[-96.79363,41.23458],[-96.74577,41.23454],[-96.74575,41.22745],[-96.73619,41.2274],[-96.73626,41.23466],[-96.69767,41.23465],[-96.69802,41.20547],[-96.71707,41.20543],[-96.71703,41.17636],[-96.69751,41.17638],[-96.69763,41.16177],[-96.71702,41.1618],[-96.71693,41.15453],[-96.69762,41.15454],[-96.69761,41.1473],[-96.71684,41.14724],[-96.71677,41.13272],[-96.73595,41.13264],[-96.73592,41.12557],[-96.74555,41.12564],[-96.74556,41.12202],[-96.75517,41.1221],[-96.75518,41.12571],[-96.76478,41.12578],[-96.76487,41.13271],[-96.80329,41.13299],[-96.80321,41.14747],[-96.83189,41.14758],[-96.83188,41.16215],[-96.85086,41.16216],[-96.85113,41.17663],[-96.87027,41.17685],[-96.87,41.16234],[-96.90873,41.16243],[-96.90872,41.16922]]]}},{"type":"Feature","id":"68803","properties":{"zip":"68803","pop":null,"city":"Grand Island","county":"Hall","state":"Nebraska","area":65.73,"lat":40.95353,"lon":-98.41597},"geometry":{"type":"Polygon","coordinates":[[[-98.49279,41.04649],[-98.33996,41.0461],[-98.34002,41.01761],[-98.35906,41.01764],[-98.35873,41.0027],[-98.33992,41.00327],[-98.3397,40.98898],[-98.35901,40.989],[-98.35893,40.97473],[-98.33974,40.97463],[-98.33983,40.96016],[-98.35971,40.96034],[-98.35885,40.94584],[-98.35551,40.94367],[-98.35889,40.94214],[-98.35897,40.92091],[-98.35203,40.91092],[-98.35397,40.91011],[-98.35395,40.9022],[-98.3784,40.90255],[-98.37824,40.82035],[-98.38943,40.82002],[-98.40494,40.82356],[-98.44616,40.81134],[-98.44566,40.85012],[-98.43608,40.85169],[-98.4361,40.85872],[-98.45519,40.85875],[-98.45512,40.8757],[-98.42613,40.88891],[-98.42607,40.89517],[-98.41654,40.89521],[-98.40697,40.89879],[-98.40695,40.90259],[-98.43564,40.90245],[-98.43558,40.917],[-98.47404,40.91683],[-98.47599,40.92335],[-98.47598,40.93136],[-98.47414,40.93135],[-98.47444,40.96047],[-98.49312,40.96049],[-98.49279,41.04649]]]}},{"type":"Feature","id":"68812","properties":{"zip":"68812","pop":null,"city":"","county":"Buffalo","state":"Nebraska","area":92.95,"lat":40.90512,"lon":-99.27897},"geometry":{"type":"Polygon","coordinates":[[[-99.40261,40.85881],[-99.38799,40.85873],[-99.38771,40.87316],[-99.32143,40.87343],[-99.32124,40.88368],[-99.33645,40.90229],[-99.34024,40.90232],[-99.34024,40.90734],[-99.34688,40.91678],[-99.34023,40.91679],[-99.34029,40.93123],[-99.33082,40.9312],[-99.33068,40.98836],[-99.34966,40.98866],[-99.34982,41.02481],[-99.33087,41.02464],[-99.33087,41.01886],[-99.32896,41.01734],[-99.31181,41.01749],[-99.31186,41.0248],[-99.30643,41.02486],[-99.31173,41.02639],[-99.31206,41.0469],[-99.27453,41.04691],[-99.27353,41.01756],[-99.19799,41.01796],[-99.19783,40.98896],[-99.21696,40.98818],[-99.21714,40.98049],[-99.22024,40.97816],[-99.22207,40.9707],[-99.21705,40.96587],[-99.21676,40.94478],[-99.19784,40.94548],[-99.1978,40.94194],[-99.18861,40.94183],[-99.18797,40.94542],[-99.17857,40.94428],[-99.17898,40.91611],[-99.1977,40.91648],[-99.19793,40.87308],[-99.21697,40.87314],[-99.217,40.82958],[-99.19801,40.82962],[-99.198,40.81511],[-99.21694,40.815],[-99.21697,40.80764],[-99.23609,40.81496],[-99.2362,40.77191],[-99.25521,40.772],[-99.25517,40.78646],[-99.33132,40.78657],[-99.33133,40.80116],[-99.3505,40.80121],[-99.35071,40.81555],[-99.36976,40.81543],[-99.36925,40.84417],[-99.40097,40.84418],[-99.40064,40.85211],[-99.40261,40.85881]]]}},{"type":"Feature","id":"68787","properties":{"zip":"68787","pop":null,"city":"Wayne","county":"Wayne","state":"Nebraska","area":106.33,"lat":42.21371,"lon":-97.0335},"geometry":{"type":"Polygon","coordinates":[[[-97.15424,42.23544],[-97.13981,42.23547],[-97.1393,42.24987],[-97.13477,42.24988],[-97.13481,42.29339],[-97.11528,42.29342],[-97.1153,42.32243],[-97.07636,42.32242],[-97.07654,42.33689],[-97.05682,42.33674],[-97.05681,42.35114],[-96.99829,42.35127],[-96.99823,42.33672],[-96.99346,42.33671],[-96.99348,42.33308],[-96.98871,42.33306],[-96.98883,42.30772],[-96.97904,42.30768],[-96.97916,42.29319],[-96.99855,42.29329],[-96.99854,42.26434],[-96.96551,42.26427],[-96.95959,42.26527],[-96.95235,42.27143],[-96.92063,42.27592],[-96.92052,42.26435],[-96.94003,42.26434],[-96.93994,42.25801],[-96.94979,42.25814],[-96.95001,42.2499],[-96.95931,42.24992],[-96.95919,42.23557],[-96.93986,42.23536],[-96.94004,42.22089],[-96.92074,42.22097],[-96.92065,42.19194],[-96.94008,42.19195],[-96.94012,42.17745],[-96.9401,42.1632],[-96.92071,42.16312],[-96.92065,42.13408],[-96.95964,42.13409],[-96.95979,42.11955],[-96.94023,42.11958],[-96.94022,42.11373],[-96.94981,42.11393],[-96.95019,42.10504],[-96.95969,42.10503],[-96.95968,42.09054],[-96.96977,42.09053],[-96.96958,42.0973],[-96.97915,42.09747],[-96.9791,42.09053],[-97.05706,42.0906],[-97.05693,42.10095],[-97.06705,42.101],[-97.06706,42.10509],[-97.11531,42.1051],[-97.11539,42.11954],[-97.09583,42.11955],[-97.09585,42.163],[-97.11531,42.16295],[-97.11524,42.17742],[-97.09575,42.17744],[-97.09581,42.19188],[-97.11537,42.19189],[-97.11563,42.2067],[-97.1543,42.20647],[-97.15424,42.23544]]]}},{"type":"Feature","id":"68336","properties":{"zip":"68336","pop":null,"city":"","county":"Lancaster","state":"Nebraska","area":12.72,"lat":40.96133,"lon":-96.68386},"geometry":{"type":"Polygon","coordinates":[[[-96.75915,40.9876],[-96.72928,40.98768],[-96.72924,41.00221],[-96.71979,41.0022],[-96.71968,40.99132],[-96.70058,40.99148],[-96.7006,40.99506],[-96.68137,40.99475],[-96.68138,41.01649],[-96.64087,41.01605],[-96.6438,41.00898],[-96.64932,41.00504],[-96.64927,41.00167],[-96.66053,41.00179],[-96.66271,40.95843],[-96.66275,40.89318],[-96.64719,40.89292],[-96.64719,40.89099],[-96.64448,40.89097],[-96.64448,40.88721],[-96.64907,40.88596],[-96.65054,40.88845],[-96.65313,40.88699],[-96.65313,40.87748],[-96.66813,40.87891],[-96.67481,40.88281],[-96.67493,40.88601],[-96.67863,40.88867],[-96.68213,40.88643],[-96.68134,40.95861],[-96.70043,40.95859],[-96.7005,40.97315],[-96.74663,40.97348],[-96.75322,40.98283],[-96.758,40.98457],[-96.75722,40.98581],[-96.75831,40.9874],[-96.76023,40.98703],[-96.75915,40.9876]]]}},{"type":"Feature","id":"68152","properties":{"zip":"68152","pop":null,"city":"Omaha","county":"Douglas","state":"Nebraska","area":10.15,"lat":41.36271,"lon":-96.00001},"geometry":{"type":"Polygon","coordinates":[[[-96.02391,41.32485],[-96.02382,41.35012],[-96.02224,41.35013],[-96.02265,41.35216],[-96.01904,41.35202],[-96.01904,41.35743],[-96.02139,41.35743],[-96.02053,41.36283],[-96.0238,41.36425],[-96.02381,41.37968],[-96.01898,41.37966],[-96.01899,41.38102],[-96.02381,41.38103],[-96.02388,41.39315],[-96.02184,41.39662],[-96.01187,41.39678],[-96.01126,41.39312],[-96.00656,41.39308],[-96.00362,41.39874],[-95.99843,41.40286],[-95.99462,41.41833],[-95.97526,41.41262],[-95.97364,41.40394],[-95.97732,41.40388],[-95.97806,41.39422],[-95.98319,41.3931],[-95.9758,41.3931],[-95.97603,41.38628],[-95.98445,41.38799],[-95.98265,41.38228],[-95.97698,41.37544],[-95.98253,41.37557],[-95.98336,41.37267],[-95.98357,41.36781],[-95.9782,41.36638],[-95.97815,41.36098],[-95.98022,41.36101],[-95.97923,41.35871],[-95.98194,41.35821],[-95.98211,41.34698],[-95.97784,41.34646],[-95.97858,41.34375],[-95.98053,41.3437],[-95.98052,41.33924],[-95.97863,41.33835],[-95.98031,41.3374],[-95.98056,41.33213],[-95.9854,41.33214],[-95.98544,41.32483],[-95.97578,41.32487],[-95.97576,41.31755],[-95.98537,41.31713],[-95.98518,41.32225],[-95.99474,41.31559],[-95.99753,41.31732],[-96.01705,41.31767],[-96.01817,41.31995],[-96.02383,41.32073],[-96.02391,41.32485]]]}},{"type":"Feature","id":"68620","properties":{"zip":"68620","pop":null,"city":"","county":"Boone","state":"Nebraska","area":208.55,"lat":41.72449,"lon":-98.05807},"geometry":{"type":"Polygon","coordinates":[[[-98.29582,41.7956],[-98.29565,41.88634],[-98.27739,41.88643],[-98.27692,41.82808],[-98.17973,41.82833],[-98.1803,41.78472],[-98.08438,41.78522],[-98.08114,41.76584],[-98.07528,41.7658],[-98.07529,41.76356],[-98.06381,41.75983],[-98.0529,41.76017],[-98.0454,41.76579],[-98.0458,41.85031],[-98.02639,41.85037],[-98.02609,41.82868],[-97.94909,41.82896],[-97.94919,41.8434],[-97.89106,41.84355],[-97.89106,41.83996],[-97.88138,41.83998],[-97.88134,41.83274],[-97.87167,41.83283],[-97.87171,41.82935],[-97.88118,41.82922],[-97.88126,41.81455],[-97.87168,41.81457],[-97.87138,41.78564],[-97.8617,41.78561],[-97.86168,41.7784],[-97.87132,41.77844],[-97.87126,41.75666],[-97.85195,41.75664],[-97.85198,41.74226],[-97.84987,41.74226],[-97.84998,41.71366],[-97.86906,41.71357],[-97.86929,41.69907],[-97.87413,41.69904],[-97.8742,41.69184],[-97.86935,41.69186],[-97.86941,41.68461],[-97.88874,41.68424],[-97.88925,41.62624],[-97.89385,41.61921],[-97.89376,41.61205],[-97.88903,41.61169],[-97.8889,41.60444],[-97.94614,41.60441],[-97.94612,41.59722],[-97.98458,41.59692],[-97.98453,41.58981],[-98.00401,41.58944],[-98.00396,41.58229],[-98.01337,41.58223],[-98.01342,41.57503],[-98.04235,41.57476],[-98.04239,41.58198],[-98.06114,41.58185],[-98.06098,41.62512],[-98.08031,41.62509],[-98.08033,41.63955],[-98.19524,41.6394],[-98.19547,41.66841],[-98.2147,41.66849],[-98.21476,41.69015],[-98.23417,41.6903],[-98.2343,41.71192],[-98.291,41.71217],[-98.29094,41.74121],[-98.29576,41.74118],[-98.29582,41.7956]]]}},{"type":"Feature","id":"68628","properties":{"zip":"68628","pop":null,"city":"","county":"Merrick","state":"Nebraska","area":83.34,"lat":41.21697,"lon":-97.84358},"geometry":{"type":"Polygon","coordinates":[[[-97.97384,41.26373],[-97.96411,41.26375],[-97.96413,41.27831],[-97.95916,41.27834],[-97.95924,41.28563],[-97.95434,41.28579],[-97.95428,41.29368],[-97.89794,41.29363],[-97.89827,41.30822],[-97.79125,41.30824],[-97.79131,41.29301],[-97.77299,41.29274],[-97.77269,41.27821],[-97.75297,41.27869],[-97.75293,41.2707],[-97.74313,41.27078],[-97.74342,41.26431],[-97.73639,41.26225],[-97.75055,41.25178],[-97.74298,41.24183],[-97.7429,41.23183],[-97.74856,41.23033],[-97.75256,41.22648],[-97.75232,41.19543],[-97.74348,41.1955],[-97.74365,41.18753],[-97.75226,41.18751],[-97.75212,41.17724],[-97.74278,41.17727],[-97.74276,41.16278],[-97.75192,41.16274],[-97.75188,41.14822],[-97.77119,41.14814],[-97.77102,41.13363],[-97.82811,41.13346],[-97.8281,41.11909],[-97.88037,41.11899],[-97.88575,41.11465],[-97.88572,41.10446],[-97.90497,41.10454],[-97.90499,41.10689],[-97.94861,41.09136],[-97.95273,41.10093],[-97.94608,41.10597],[-97.94821,41.10676],[-97.93387,41.11576],[-97.92603,41.12501],[-97.87658,41.16238],[-97.87673,41.1692],[-97.88181,41.1692],[-97.88181,41.17663],[-97.88627,41.17665],[-97.88637,41.18553],[-97.89171,41.18233],[-97.8915,41.19109],[-97.90519,41.19109],[-97.90592,41.22012],[-97.92508,41.22007],[-97.92531,41.24913],[-97.97198,41.24904],[-97.97384,41.26373]]]}},{"type":"Feature","id":"69034","properties":{"zip":"69034","pop":null,"city":"","county":"Red Willow","state":"Nebraska","area":144.12,"lat":40.24934,"lon":-100.43873},"geometry":{"type":"Polygon","coordinates":[[[-100.55296,40.37376],[-100.5534,40.41759],[-100.53546,40.41592],[-100.53401,40.42304],[-100.47757,40.42334],[-100.47734,40.43952],[-100.41589,40.43885],[-100.42207,40.43244],[-100.41963,40.42435],[-100.42082,40.36566],[-100.38336,40.36588],[-100.3833,40.3515],[-100.42187,40.35102],[-100.42111,40.29268],[-100.38436,40.29239],[-100.38438,40.24099],[-100.3324,40.2458],[-100.3181,40.25029],[-100.31712,40.24079],[-100.30882,40.24077],[-100.30719,40.1753],[-100.33557,40.17477],[-100.3344,40.11697],[-100.32479,40.11644],[-100.32399,40.09235],[-100.32154,40.08713],[-100.3239,40.08713],[-100.32386,40.06537],[-100.35255,40.06519],[-100.35266,40.07267],[-100.38122,40.07286],[-100.38236,40.11761],[-100.43959,40.1185],[-100.43941,40.10448],[-100.45815,40.10423],[-100.45803,40.08966],[-100.49598,40.08961],[-100.49621,40.11881],[-100.51513,40.11879],[-100.51571,40.14706],[-100.49639,40.14799],[-100.49666,40.1626],[-100.47792,40.16218],[-100.47805,40.17644],[-100.49698,40.17629],[-100.49832,40.22745],[-100.49293,40.22781],[-100.49256,40.23516],[-100.52515,40.2347],[-100.52562,40.24877],[-100.53496,40.24876],[-100.53375,40.35007],[-100.55255,40.35005],[-100.55296,40.37376]]]}},{"type":"Feature","id":"69040","properties":{"zip":"69040","pop":null,"city":"","county":"Hayes","state":"Nebraska","area":151.31,"lat":40.35572,"lon":-101.12031},"geometry":{"type":"Polygon","coordinates":[[[-101.28596,40.33626],[-101.26746,40.33615],[-101.26715,40.35079],[-101.24163,40.35071],[-101.24525,40.3657],[-101.24854,40.37035],[-101.24894,40.38476],[-101.24071,40.38246],[-101.23953,40.38879],[-101.22982,40.389],[-101.22973,40.40759],[-101.2115,40.42097],[-101.21191,40.49552],[-101.13651,40.49498],[-101.13525,40.43697],[-101.11746,40.43693],[-101.11746,40.45138],[-101.0987,40.45148],[-101.09883,40.46574],[-101.05335,40.46587],[-101.05868,40.44635],[-101.05657,40.43726],[-100.98389,40.4369],[-100.98048,40.42603],[-100.97486,40.42451],[-100.96557,40.41469],[-100.96618,40.37821],[-100.98506,40.37833],[-100.98461,40.2852],[-101.00327,40.29111],[-101.00314,40.26388],[-101.11645,40.26328],[-101.11658,40.24167],[-101.12601,40.24165],[-101.12601,40.23403],[-101.13501,40.23391],[-101.13499,40.22669],[-101.14072,40.22852],[-101.14055,40.23174],[-101.14988,40.23303],[-101.15186,40.223],[-101.15407,40.22147],[-101.15389,40.2065],[-101.1812,40.20564],[-101.18222,40.22343],[-101.18603,40.22718],[-101.1915,40.22749],[-101.1916,40.24895],[-101.22021,40.24918],[-101.22053,40.2563],[-101.22986,40.25662],[-101.23043,40.30641],[-101.23297,40.30802],[-101.26748,40.30727],[-101.26738,40.32165],[-101.2863,40.32274],[-101.28596,40.33626]]]}},{"type":"Feature","id":"68863","properties":{"zip":"68863","pop":null,"city":"","county":"Dawson","state":"Nebraska","area":86.71,"lat":40.76643,"lon":-99.52522},"geometry":{"type":"Polygon","coordinates":[[[-99.63587,40.71457],[-99.61682,40.71448],[-99.61689,40.72907],[-99.5979,40.72906],[-99.59765,40.75016],[-99.59939,40.75017],[-99.59937,40.75236],[-99.59764,40.75234],[-99.59766,40.77918],[-99.57859,40.77923],[-99.57872,40.78654],[-99.5597,40.78623],[-99.55942,40.80768],[-99.57937,40.8082],[-99.57808,40.83696],[-99.58737,40.83696],[-99.58731,40.85136],[-99.59707,40.85137],[-99.59676,40.88739],[-99.57771,40.88727],[-99.57788,40.90094],[-99.55864,40.90102],[-99.55873,40.88714],[-99.53964,40.88672],[-99.53947,40.87235],[-99.42575,40.87309],[-99.4263,40.82986],[-99.46426,40.82957],[-99.46487,40.75739],[-99.45546,40.75748],[-99.45522,40.74311],[-99.44582,40.74115],[-99.44586,40.72857],[-99.45563,40.72856],[-99.45562,40.69972],[-99.47349,40.69971],[-99.48368,40.69318],[-99.47355,40.69313],[-99.47356,40.69015],[-99.48391,40.69079],[-99.48342,40.69288],[-99.50102,40.69306],[-99.50397,40.6829],[-99.51181,40.68454],[-99.51221,40.68205],[-99.52057,40.68215],[-99.52062,40.67575],[-99.51029,40.67704],[-99.49832,40.6749],[-99.47034,40.67457],[-99.45521,40.67667],[-99.45535,40.65611],[-99.47426,40.65647],[-99.47431,40.64923],[-99.48388,40.64937],[-99.48385,40.65659],[-99.49337,40.65665],[-99.49356,40.63243],[-99.51248,40.64164],[-99.51268,40.62777],[-99.53036,40.62653],[-99.53027,40.64101],[-99.5672,40.64159],[-99.56673,40.6568],[-99.5863,40.65636],[-99.58635,40.66369],[-99.56696,40.66391],[-99.56724,40.67119],[-99.58644,40.67107],[-99.58639,40.69554],[-99.63589,40.70243],[-99.63587,40.71457]]]}},{"type":"Feature","id":"68869","properties":{"zip":"68869","pop":null,"city":"","county":"Buffalo","state":"Nebraska","area":160.45,"lat":40.9995,"lon":-98.88333},"geometry":{"type":"Polygon","coordinates":[[[-99.05525,40.97465],[-99.0457,40.97463],[-99.04575,40.97627],[-99.02712,40.98336],[-99.02712,40.98147],[-99.00784,40.9812],[-99.00777,41.01733],[-98.95971,41.01785],[-98.95991,41.02055],[-98.98881,41.03613],[-98.9886,41.04696],[-98.97796,41.04737],[-98.978,41.07588],[-99.01513,41.07599],[-99.0143,41.16361],[-98.99533,41.16369],[-98.99606,41.13374],[-98.97716,41.13381],[-98.97721,41.14836],[-98.95843,41.14821],[-98.9583,41.1194],[-98.93944,41.11939],[-98.93935,41.12682],[-98.93002,41.12675],[-98.92998,41.13393],[-98.91955,41.13397],[-98.92115,41.11936],[-98.92011,41.10487],[-98.84576,41.10507],[-98.83597,41.11045],[-98.83205,41.10134],[-98.8198,41.09621],[-98.81654,41.0918],[-98.80417,41.09195],[-98.80117,41.08932],[-98.80088,41.08282],[-98.78895,41.07778],[-98.7866,41.07491],[-98.77334,41.07674],[-98.75816,41.06806],[-98.74877,41.0691],[-98.74853,41.04664],[-98.72198,41.04667],[-98.72183,40.94575],[-98.7361,40.94586],[-98.73614,40.93858],[-98.74094,40.93858],[-98.74099,40.91686],[-98.75991,40.91683],[-98.75984,40.9241],[-98.77414,40.92764],[-98.77415,40.93126],[-98.77894,40.93122],[-98.77893,40.92762],[-98.78375,40.92757],[-98.78374,40.92394],[-98.78858,40.92391],[-98.78859,40.91665],[-98.81723,40.91659],[-98.81741,40.89476],[-98.82207,40.89482],[-98.822,40.88756],[-98.85526,40.88753],[-98.85508,40.87313],[-98.91939,40.87313],[-98.91887,40.87953],[-98.92206,40.88271],[-98.92196,40.88753],[-98.95013,40.8875],[-98.9501,40.87301],[-99.0073,40.87344],[-99.0079,40.90187],[-98.96943,40.90189],[-98.96954,40.91629],[-99.00781,40.9163],[-99.00843,40.93811],[-98.99869,40.93805],[-98.99866,40.94531],[-99.00826,40.94528],[-99.00798,40.95931],[-99.05543,40.96014],[-99.05525,40.97465]]]}},{"type":"Feature","id":"69122","properties":{"zip":"69122","pop":null,"city":"","county":"Deuel","state":"Nebraska","area":175.66,"lat":41.09716,"lon":-102.08832},"geometry":{"type":"Polygon","coordinates":[[[-102.24712,41.10569],[-102.24683,41.12044],[-102.22761,41.12037],[-102.22734,41.22157],[-102.0556,41.22155],[-102.05548,41.29053],[-102.0539,41.29099],[-102.04021,41.28551],[-101.99678,41.27642],[-101.99116,41.27685],[-101.97844,41.27114],[-101.96669,41.26966],[-101.9751,41.22494],[-101.9792,41.21854],[-101.97928,41.20754],[-101.99828,41.21886],[-101.99821,41.19241],[-102.01745,41.19234],[-102.01746,41.11989],[-101.96004,41.11987],[-101.96005,41.10426],[-101.97935,41.10325],[-101.97922,41.08214],[-101.98092,41.08088],[-102.00671,41.07541],[-102.05582,41.06929],[-102.05555,41.05331],[-102.02722,41.06121],[-102.01494,41.06231],[-101.98874,41.06302],[-102.01737,41.06183],[-102.01725,41.04736],[-102.01444,41.04737],[-102.01429,41.00331],[-101.97621,41.00325],[-101.97565,40.95967],[-101.89954,40.95977],[-101.8966,40.94511],[-101.89555,40.91625],[-101.89873,40.90111],[-101.937,40.90161],[-101.93729,40.91596],[-102.0515,40.91602],[-102.05161,41.00238],[-102.23303,41.00233],[-102.1812,41.031],[-102.24045,41.0406],[-102.24051,41.04773],[-102.24676,41.04809],[-102.24712,41.10569]]]}},{"type":"Feature","id":"68837","properties":{"zip":"68837","pop":null,"city":"","county":"Valley","state":"Nebraska","area":20.32,"lat":41.66138,"lon":-99.06057},"geometry":{"type":"Polygon","coordinates":[[[-99.1351,41.68673],[-99.12978,41.68675],[-99.12895,41.683],[-99.11544,41.68307],[-99.11415,41.6867],[-99.10448,41.6867],[-99.09994,41.69041],[-99.05495,41.68998],[-99.04133,41.69131],[-99.03585,41.69371],[-99.02658,41.69023],[-99.01775,41.69045],[-99.0058,41.68106],[-99.0058,41.69164],[-98.99144,41.69075],[-98.96819,41.68148],[-98.96156,41.67199],[-98.95106,41.66483],[-98.94917,41.6576],[-98.95252,41.65089],[-98.95333,41.65327],[-98.95778,41.65504],[-98.95949,41.65443],[-98.95827,41.65346],[-98.96431,41.65445],[-98.9625,41.66206],[-98.98592,41.66179],[-98.99371,41.66895],[-99.02996,41.66884],[-99.02991,41.65437],[-99.03469,41.65426],[-99.03628,41.648],[-99.03894,41.64755],[-99.0392,41.62595],[-99.09687,41.62532],[-99.09685,41.61087],[-99.11577,41.61065],[-99.11572,41.64727],[-99.12291,41.65656],[-99.12507,41.66858],[-99.13474,41.66863],[-99.1351,41.68673]]]}},{"type":"Feature","id":"68532","properties":{"zip":"68532","pop":null,"city":"","county":"Lancaster","state":"Nebraska","area":8.48,"lat":40.79565,"lon":-96.84368},"geometry":{"type":"Polygon","coordinates":[[[-96.91069,40.81392],[-96.89209,40.81388],[-96.89208,40.8069],[-96.88313,40.80161],[-96.87294,40.80566],[-96.87294,40.81393],[-96.86335,40.8139],[-96.86335,40.81085],[-96.85959,40.81389],[-96.84435,40.81388],[-96.84435,40.81024],[-96.83491,40.81025],[-96.83491,40.8066],[-96.82785,40.80653],[-96.82534,40.81066],[-96.81569,40.81013],[-96.81568,40.81374],[-96.80838,40.81367],[-96.7963,40.80824],[-96.79642,40.7905],[-96.80636,40.77137],[-96.83012,40.77062],[-96.83284,40.77587],[-96.83217,40.77931],[-96.83477,40.78264],[-96.83471,40.77747],[-96.85385,40.77747],[-96.8539,40.78484],[-96.87297,40.78487],[-96.87295,40.80086],[-96.91075,40.79049],[-96.91069,40.81392]]]}},{"type":"Feature","id":"68873","properties":{"zip":"68873","pop":null,"city":"","county":"Howard","state":"Nebraska","area":131.1,"lat":41.24687,"lon":-98.45159},"geometry":{"type":"Polygon","coordinates":[[[-98.61433,41.20582],[-98.59453,41.20595],[-98.59445,41.21281],[-98.60415,41.21287],[-98.60395,41.22039],[-98.61356,41.22037],[-98.61225,41.24928],[-98.57392,41.24971],[-98.57399,41.25671],[-98.55511,41.25678],[-98.55544,41.27103],[-98.56831,41.27856],[-98.56633,41.27938],[-98.56639,41.28168],[-98.56232,41.28168],[-98.56449,41.28387],[-98.5645,41.2857],[-98.5624,41.28569],[-98.56243,41.28726],[-98.56449,41.28728],[-98.56348,41.29331],[-98.55557,41.29307],[-98.5563,41.28569],[-98.55316,41.27939],[-98.52675,41.27376],[-98.51677,41.26703],[-98.51269,41.26759],[-98.50198,41.27392],[-98.49116,41.27062],[-98.48527,41.26664],[-98.47896,41.26728],[-98.47832,41.27855],[-98.4975,41.27851],[-98.49748,41.28619],[-98.48998,41.28621],[-98.48983,41.29932],[-98.47821,41.29929],[-98.47809,41.30688],[-98.51578,41.30698],[-98.51491,41.39412],[-98.46945,41.3941],[-98.46455,41.39132],[-98.4611,41.38517],[-98.45835,41.38486],[-98.45842,41.36531],[-98.43984,41.36526],[-98.43987,41.35803],[-98.42006,41.35797],[-98.42007,41.3506],[-98.41071,41.35061],[-98.41074,41.34337],[-98.40102,41.34321],[-98.40098,41.35065],[-98.38738,41.35079],[-98.38722,41.36497],[-98.34428,41.36511],[-98.34435,41.31445],[-98.33521,41.31522],[-98.33475,41.3235],[-98.32555,41.33371],[-98.32513,41.33691],[-98.31573,41.33619],[-98.31571,41.32175],[-98.32562,41.32164],[-98.32557,41.31459],[-98.30619,41.31453],[-98.3064,41.28508],[-98.2967,41.28542],[-98.29677,41.28036],[-98.3179,41.27392],[-98.34254,41.27629],[-98.35415,41.27407],[-98.36462,41.27566],[-98.36369,41.20566],[-98.35644,41.2057],[-98.35667,41.19132],[-98.34469,41.19132],[-98.34469,41.18419],[-98.35425,41.18424],[-98.35429,41.17697],[-98.36375,41.17734],[-98.36371,41.14823],[-98.34447,41.14794],[-98.34449,41.1336],[-98.36365,41.13368],[-98.36353,41.1192],[-98.40286,41.12001],[-98.40325,41.10548],[-98.42131,41.10546],[-98.42214,41.11995],[-98.45983,41.1198],[-98.46099,41.16371],[-98.45397,41.16375],[-98.4578,41.18367],[-98.46809,41.17327],[-98.47331,41.16213],[-98.4878,41.15096],[-98.49644,41.14824],[-98.5001,41.14032],[-98.51847,41.13024],[-98.51863,41.14907],[-98.52821,41.14893],[-98.52789,41.15604],[-98.53386,41.15595],[-98.53387,41.16299],[-98.54284,41.16515],[-98.54263,41.1691],[-98.57353,41.1694],[-98.57346,41.17681],[-98.59524,41.17694],[-98.59504,41.18389],[-98.60437,41.18394],[-98.6043,41.19152],[-98.61381,41.19133],[-98.61433,41.20582]]]}},{"type":"Feature","id":"68030","properties":{"zip":"68030","pop":null,"city":"","county":"Dakota","state":"Nebraska","area":29.21,"lat":42.31853,"lon":-96.45059},"geometry":{"type":"Polygon","coordinates":[[[-96.54081,42.3688],[-96.53145,42.36874],[-96.53147,42.37252],[-96.52664,42.37227],[-96.51435,42.36138],[-96.50274,42.36117],[-96.50226,42.3648],[-96.41507,42.36437],[-96.41817,42.35468],[-96.41389,42.34339],[-96.408,42.33741],[-96.38417,42.32587],[-96.37531,42.31834],[-96.36921,42.30834],[-96.36845,42.29185],[-96.36579,42.28587],[-96.35641,42.27649],[-96.52178,42.27743],[-96.52114,42.29758],[-96.51531,42.29826],[-96.5048,42.30483],[-96.4968,42.30571],[-96.49692,42.29675],[-96.49282,42.29037],[-96.49315,42.28585],[-96.48641,42.28519],[-96.49067,42.30276],[-96.4894,42.31864],[-96.49241,42.31314],[-96.50189,42.31591],[-96.50205,42.31781],[-96.50054,42.31788],[-96.50205,42.31929],[-96.50194,42.34325],[-96.54076,42.34372],[-96.54081,42.3688]]]}},{"type":"Feature","id":"69336","properties":{"zip":"69336","pop":null,"city":"","county":"Morrill","state":"Nebraska","area":288.84,"lat":41.61841,"lon":-103.15161},"geometry":{"type":"Polygon","coordinates":[[[-103.41696,41.50424],[-103.41049,41.50992],[-103.41046,41.51722],[-103.40795,41.52285],[-103.41237,41.53903],[-103.40609,41.54123],[-103.40672,41.5837],[-103.3682,41.58385],[-103.36987,41.65599],[-103.21499,41.65622],[-103.2152,41.67408],[-103.24411,41.68476],[-103.24455,41.6887],[-103.21535,41.6888],[-103.21545,41.69806],[-103.1965,41.69406],[-103.19635,41.72874],[-103.21552,41.72881],[-103.21563,41.7438],[-103.18953,41.74389],[-103.19154,41.7475],[-103.18825,41.74965],[-103.18845,41.76666],[-103.18663,41.7672],[-103.18733,41.76421],[-103.1787,41.76224],[-103.17866,41.76563],[-103.1689,41.76567],[-103.16862,41.78712],[-103.15342,41.78573],[-103.07529,41.78667],[-103.07234,41.7897],[-103.07224,41.81546],[-103.02518,41.81475],[-103.02423,41.8076],[-102.99657,41.80756],[-102.99393,41.8004],[-102.97634,41.80043],[-102.97552,41.77146],[-102.95692,41.77171],[-102.95593,41.76887],[-102.93675,41.769],[-102.93675,41.7503],[-102.93352,41.73199],[-102.93829,41.72046],[-102.93456,41.71633],[-102.93242,41.70997],[-102.94151,41.69912],[-102.94553,41.69909],[-102.94469,41.63334],[-102.96388,41.63349],[-102.96404,41.62969],[-103.01177,41.64604],[-103.01149,41.63954],[-102.99386,41.63426],[-103.01104,41.63359],[-103.02652,41.63863],[-103.02177,41.63332],[-102.99368,41.63075],[-102.93536,41.61556],[-102.93514,41.5982],[-102.94499,41.59818],[-102.94572,41.55482],[-102.9652,41.55517],[-102.96513,41.55162],[-102.97472,41.55151],[-102.9747,41.54785],[-102.98447,41.54774],[-102.98447,41.55511],[-103.04149,41.55506],[-103.04157,41.51097],[-103.01702,41.50992],[-103.01704,41.49628],[-103.02198,41.49626],[-103.02192,41.48904],[-103.019,41.48907],[-103.02188,41.48532],[-103.02682,41.48535],[-103.02679,41.48171],[-103.03173,41.48174],[-103.03165,41.4745],[-103.02183,41.46288],[-103.02192,41.45276],[-103.04865,41.453],[-103.06299,41.46475],[-103.0714,41.4655],[-103.08273,41.47371],[-103.08013,41.49954],[-103.07811,41.50093],[-103.08078,41.50938],[-103.08017,41.52532],[-103.15555,41.52558],[-103.15552,41.51],[-103.15805,41.49715],[-103.1614,41.49316],[-103.16091,41.48248],[-103.21424,41.48219],[-103.21378,41.49682],[-103.23302,41.49649],[-103.2349,41.45284],[-103.30968,41.45299],[-103.3116,41.43821],[-103.36901,41.43777],[-103.36718,41.51589],[-103.37165,41.51611],[-103.37282,41.5124],[-103.37578,41.51167],[-103.38092,41.5127],[-103.39056,41.50853],[-103.39576,41.50891],[-103.39783,41.50524],[-103.40525,41.50106],[-103.40597,41.49798],[-103.41808,41.50096],[-103.41696,41.50424]]]}},{"type":"Feature","id":"68018","properties":{"zip":"68018","pop":null,"city":"","county":"Saunders","state":"Nebraska","area":33.78,"lat":41.30209,"lon":-96.61579},"geometry":{"type":"Polygon","coordinates":[[[-96.69828,41.29298],[-96.69815,41.30735],[-96.67895,41.3073],[-96.67889,41.32183],[-96.69818,41.32184],[-96.69819,41.32907],[-96.67874,41.32911],[-96.67863,41.33402],[-96.69806,41.33893],[-96.69801,41.3508],[-96.67839,41.35081],[-96.67859,41.3363],[-96.65946,41.33643],[-96.6594,41.32217],[-96.62127,41.32168],[-96.62118,41.33626],[-96.60346,41.33617],[-96.60208,41.35074],[-96.5828,41.35084],[-96.58235,41.3799],[-96.56336,41.37964],[-96.56328,41.36513],[-96.5603,41.36532],[-96.56039,41.35073],[-96.55076,41.35057],[-96.55088,41.34152],[-96.56037,41.34169],[-96.5606,41.33625],[-96.56369,41.33623],[-96.56372,41.32759],[-96.55581,41.32903],[-96.55586,41.32186],[-96.52189,41.3216],[-96.52259,41.29284],[-96.54144,41.29295],[-96.54188,41.27824],[-96.56093,41.27829],[-96.56136,41.27097],[-96.56372,41.27098],[-96.5637,41.26367],[-96.62273,41.26361],[-96.62284,41.27816],[-96.6417,41.2784],[-96.64148,41.24916],[-96.67887,41.24915],[-96.67859,41.23463],[-96.69767,41.23465],[-96.69808,41.2638],[-96.67897,41.2637],[-96.67896,41.27822],[-96.69827,41.27839],[-96.69828,41.29298]]]}},{"type":"Feature","id":"69348","properties":{"zip":"69348","pop":null,"city":"","county":"Box Butte","state":"Nebraska","area":433.39,"lat":42.3299,"lon":-103.18779},"geometry":{"type":"Polygon","coordinates":[[[-103.66026,42.19329],[-103.65904,42.19662],[-103.66014,42.2676],[-103.65859,42.27176],[-103.65254,42.27711],[-103.64333,42.27954],[-103.5012,42.279],[-103.49162,42.2889],[-103.46662,42.30388],[-103.44722,42.32101],[-103.44181,42.32257],[-103.40587,42.32354],[-103.40582,42.33831],[-103.38611,42.33824],[-103.38631,42.35161],[-103.30742,42.35199],[-103.30844,42.42785],[-103.30407,42.42981],[-103.29998,42.43775],[-103.07242,42.43787],[-103.07238,42.44221],[-103.06749,42.44732],[-103.06714,42.45488],[-103.06642,42.54298],[-103.07106,42.55573],[-103.06734,42.56503],[-103.06727,42.57965],[-103.05907,42.57554],[-103.0522,42.57532],[-103.04789,42.57255],[-103.04789,42.56817],[-103.03798,42.56813],[-103.03798,42.56099],[-103.04784,42.56098],[-103.0478,42.55371],[-103.03807,42.55362],[-103.038,42.54265],[-103.03313,42.54265],[-103.03281,42.53887],[-103.00826,42.53909],[-103.00852,42.55369],[-103.01347,42.55368],[-103.01346,42.55727],[-103.00268,42.55376],[-102.9845,42.55772],[-102.97066,42.55506],[-102.9679,42.56849],[-102.933,42.56809],[-102.92954,42.5648],[-102.92684,42.56482],[-102.92142,42.56725],[-102.91055,42.56815],[-102.89585,42.57586],[-102.89071,42.57588],[-102.89074,42.5686],[-102.85155,42.56898],[-102.85143,42.51114],[-102.86685,42.51102],[-102.86687,42.50402],[-102.8559,42.49411],[-102.84839,42.49299],[-102.84719,42.49002],[-102.83312,42.48522],[-102.82496,42.48615],[-102.81917,42.47984],[-102.82672,42.47768],[-102.83553,42.47881],[-102.83876,42.47575],[-102.8434,42.47516],[-102.8504,42.47687],[-102.87189,42.46768],[-102.87144,42.45614],[-102.86946,42.45571],[-102.86728,42.44707],[-102.87193,42.43745],[-102.87036,42.38551],[-102.89159,42.38333],[-102.89163,42.37296],[-102.88945,42.32572],[-102.86926,42.32678],[-102.86785,42.29723],[-102.90787,42.29528],[-102.90703,42.27955],[-102.97487,42.27806],[-102.97492,42.2635],[-103.01414,42.26351],[-103.01422,42.23432],[-103.07297,42.23433],[-103.07322,42.19075],[-103.09256,42.19081],[-103.09268,42.17661],[-103.20973,42.17676],[-103.20965,42.15995],[-103.2129,42.16227],[-103.22924,42.16242],[-103.22943,42.23533],[-103.30764,42.23572],[-103.30782,42.16341],[-103.3274,42.16259],[-103.34435,42.14765],[-103.37872,42.14683],[-103.38124,42.14509],[-103.42465,42.15128],[-103.4258,42.16323],[-103.43379,42.16316],[-103.44034,42.15902],[-103.44432,42.15945],[-103.44433,42.17799],[-103.67204,42.17722],[-103.66026,42.19329]]]}},{"type":"Feature","id":"68029","properties":{"zip":"68029","pop":null,"city":"","county":"Washington","state":"Nebraska","area":59.05,"lat":41.65867,"lon":-96.27401},"geometry":{"type":"Polygon","coordinates":[[[-96.40573,41.68353],[-96.38646,41.68339],[-96.38641,41.66889],[-96.3671,41.66889],[-96.36713,41.67641],[-96.34773,41.67643],[-96.34772,41.68343],[-96.32861,41.68331],[-96.32882,41.71233],[-96.2229,41.71219],[-96.22295,41.71955],[-96.17433,41.71955],[-96.17405,41.68308],[-96.12171,41.68299],[-96.12098,41.67786],[-96.11812,41.6744],[-96.09793,41.65868],[-96.09525,41.65028],[-96.11095,41.65389],[-96.13587,41.65373],[-96.13575,41.66097],[-96.13921,41.66099],[-96.13903,41.66824],[-96.14496,41.66827],[-96.14492,41.66102],[-96.17401,41.66118],[-96.17443,41.63243],[-96.17945,41.63243],[-96.17943,41.63977],[-96.19834,41.63976],[-96.19836,41.64337],[-96.208,41.64336],[-96.20797,41.64012],[-96.21724,41.64004],[-96.22021,41.6361],[-96.21284,41.63638],[-96.21285,41.63249],[-96.21768,41.63251],[-96.21764,41.62886],[-96.21296,41.62514],[-96.21305,41.61825],[-96.22438,41.61428],[-96.22882,41.61648],[-96.23401,41.62248],[-96.24062,41.62352],[-96.25329,41.61823],[-96.25619,41.61238],[-96.25169,41.61067],[-96.28066,41.61082],[-96.28064,41.61632],[-96.29018,41.61805],[-96.29041,41.59273],[-96.30973,41.59277],[-96.30975,41.58188],[-96.34792,41.58185],[-96.34785,41.61812],[-96.38644,41.61807],[-96.38646,41.6253],[-96.40578,41.62539],[-96.40573,41.68353]]]}},{"type":"Feature","id":"68971","properties":{"zip":"68971","pop":null,"city":"","county":"Harlan","state":"Nebraska","area":80.01,"lat":40.11931,"lon":-99.24467},"geometry":{"type":"Polygon","coordinates":[[[-99.32995,40.16218],[-99.3114,40.16184],[-99.31136,40.22006],[-99.28285,40.21987],[-99.28282,40.23441],[-99.21669,40.23434],[-99.21654,40.21992],[-99.17926,40.21996],[-99.17918,40.15469],[-99.18909,40.15474],[-99.18885,40.16196],[-99.19396,40.16198],[-99.19393,40.15647],[-99.202,40.15643],[-99.20501,40.14744],[-99.1792,40.14732],[-99.17913,40.00198],[-99.29185,40.00195],[-99.29226,40.1037],[-99.3285,40.10467],[-99.32995,40.16218]]]}},{"type":"Feature","id":"68526","properties":{"zip":"68526","pop":null,"city":"Lincoln","county":"Lancaster","state":"Nebraska","area":9.25,"lat":40.73238,"lon":-96.58277},"geometry":{"type":"Polygon","coordinates":[[[-96.60655,40.73599],[-96.6061,40.75525],[-96.60316,40.75524],[-96.60612,40.75837],[-96.60616,40.76974],[-96.56789,40.76962],[-96.56794,40.75512],[-96.5589,40.75513],[-96.55893,40.74066],[-96.54941,40.74065],[-96.54891,40.73703],[-96.54944,40.73322],[-96.55894,40.73342],[-96.55916,40.69721],[-96.60628,40.69728],[-96.60655,40.73599]]]}},{"type":"Feature","id":"68347","properties":{"zip":"68347","pop":null,"city":"","county":"Cass","state":"Nebraska","area":23.79,"lat":40.80347,"lon":-96.42277},"geometry":{"type":"Polygon","coordinates":[[[-96.46376,40.78396],[-96.46372,40.84197],[-96.44618,40.84182],[-96.44527,40.87097],[-96.42651,40.87097],[-96.42741,40.85644],[-96.37033,40.85637],[-96.36989,40.82738],[-96.3888,40.82742],[-96.38827,40.79846],[-96.40748,40.79842],[-96.40714,40.78399],[-96.39856,40.78401],[-96.39481,40.78057],[-96.39241,40.77316],[-96.38788,40.77065],[-96.38647,40.74042],[-96.44348,40.74043],[-96.44362,40.75487],[-96.46381,40.75496],[-96.46376,40.78396]]]}},{"type":"Feature","id":"68633","properties":{"zip":"68633","pop":null,"city":"","county":"Dodge","state":"Nebraska","area":72.98,"lat":41.70591,"lon":-96.89672},"geometry":{"type":"Polygon","coordinates":[[[-96.98095,41.8299],[-96.96165,41.82986],[-96.96164,41.8443],[-96.92287,41.84419],[-96.92299,41.81526],[-96.88441,41.81517],[-96.88426,41.80779],[-96.87986,41.80783],[-96.87977,41.80291],[-96.87446,41.80289],[-96.87444,41.80075],[-96.8841,41.80072],[-96.88414,41.77171],[-96.8648,41.77173],[-96.86496,41.75724],[-96.84564,41.7572],[-96.84561,41.76446],[-96.83578,41.76447],[-96.83575,41.75718],[-96.82611,41.75718],[-96.82622,41.74263],[-96.7902,41.74257],[-96.79003,41.72833],[-96.8096,41.72843],[-96.80966,41.69674],[-96.80276,41.69418],[-96.80964,41.69167],[-96.80964,41.68445],[-96.82888,41.68443],[-96.8289,41.65524],[-96.86791,41.6552],[-96.8673,41.62639],[-96.84796,41.62635],[-96.84805,41.58285],[-96.86736,41.58279],[-96.86757,41.56335],[-96.87465,41.55978],[-96.88045,41.55263],[-96.88679,41.55002],[-96.88688,41.53938],[-96.90598,41.53932],[-96.90596,41.56836],[-96.92513,41.56921],[-96.92519,41.58296],[-96.90596,41.58288],[-96.906,41.60479],[-96.91581,41.60477],[-96.91575,41.61189],[-96.90602,41.61186],[-96.90603,41.62635],[-96.92538,41.62648],[-96.9253,41.61196],[-96.94453,41.61202],[-96.9449,41.72819],[-96.96401,41.72826],[-96.96399,41.74289],[-96.96178,41.74287],[-96.96198,41.75737],[-96.94243,41.75734],[-96.94241,41.77183],[-96.98118,41.77183],[-96.98095,41.8299]]]}},{"type":"Feature","id":"68926","properties":{"zip":"68926","pop":null,"city":"","county":"Furnas","state":"Nebraska","area":112.71,"lat":40.09327,"lon":-99.85145},"geometry":{"type":"Polygon","coordinates":[[[-99.96869,40.13134],[-99.96693,40.13137],[-99.96687,40.17603],[-99.91078,40.17547],[-99.91382,40.16082],[-99.89469,40.16099],[-99.89207,40.17539],[-99.87332,40.17529],[-99.87354,40.21326],[-99.86369,40.21324],[-99.86361,40.20579],[-99.85521,40.20471],[-99.85525,40.21924],[-99.83765,40.2186],[-99.83679,40.19053],[-99.81842,40.1903],[-99.81775,40.17564],[-99.7238,40.17664],[-99.72415,40.16845],[-99.71957,40.16724],[-99.7199,40.16102],[-99.74263,40.16204],[-99.74116,40.00182],[-99.9577,40.00175],[-99.95744,40.03072],[-99.96747,40.03067],[-99.96689,40.11788],[-99.9304,40.11783],[-99.93139,40.1264],[-99.96695,40.12886],[-99.96869,40.13134]]]}},{"type":"Feature","id":"68002","properties":{"zip":"68002","pop":null,"city":"","county":"Washington","state":"Nebraska","area":55.54,"lat":41.50163,"lon":-96.33969},"geometry":{"type":"Polygon","coordinates":[[[-96.43478,41.49581],[-96.43337,41.53515],[-96.42793,41.53515],[-96.42625,41.52551],[-96.42178,41.52094],[-96.42216,41.51669],[-96.3865,41.51666],[-96.38657,41.55282],[-96.36725,41.55282],[-96.36722,41.56737],[-96.38652,41.56738],[-96.38651,41.59635],[-96.40581,41.59636],[-96.40578,41.62539],[-96.38646,41.6253],[-96.38644,41.61807],[-96.34785,41.61812],[-96.34792,41.58185],[-96.29042,41.58186],[-96.29041,41.5764],[-96.29471,41.5764],[-96.29471,41.57461],[-96.29041,41.57461],[-96.2904,41.56733],[-96.30972,41.56733],[-96.30968,41.52374],[-96.26147,41.5238],[-96.26157,41.51476],[-96.25866,41.51476],[-96.25861,41.50928],[-96.28082,41.50928],[-96.28099,41.46582],[-96.27138,41.46579],[-96.27132,41.45126],[-96.25201,41.45116],[-96.25207,41.43664],[-96.27131,41.43675],[-96.27118,41.39592],[-96.26953,41.39314],[-96.32901,41.39314],[-96.32892,41.43662],[-96.36734,41.4367],[-96.3672,41.45095],[-96.37993,41.45123],[-96.37988,41.4584],[-96.38645,41.45858],[-96.38642,41.46575],[-96.40562,41.46582],[-96.40594,41.48046],[-96.42521,41.48034],[-96.42522,41.49486],[-96.43478,41.49581]]]}},{"type":"Feature","id":"69039","properties":{"zip":"69039","pop":null,"city":"","county":"Lincoln","state":"Nebraska","area":89.88,"lat":40.70128,"lon":-100.38528},"geometry":{"type":"Polygon","coordinates":[[[-100.48953,40.82949],[-100.48995,40.88506],[-100.47215,40.88515],[-100.47024,40.89167],[-100.46257,40.89321],[-100.45815,40.87977],[-100.44816,40.86324],[-100.4332,40.85999],[-100.4197,40.86017],[-100.42186,40.84518],[-100.42008,40.82908],[-100.37694,40.82943],[-100.37752,40.82272],[-100.37367,40.81914],[-100.36357,40.80059],[-100.35439,40.7937],[-100.34704,40.78186],[-100.34426,40.77354],[-100.34463,40.76802],[-100.34143,40.76195],[-100.33512,40.75708],[-100.33065,40.74687],[-100.32863,40.74688],[-100.32208,40.73606],[-100.32027,40.7263],[-100.32772,40.71595],[-100.3312,40.70699],[-100.33584,40.70538],[-100.33226,40.6985],[-100.33254,40.68585],[-100.32262,40.68506],[-100.32279,40.65538],[-100.32495,40.65216],[-100.32314,40.64844],[-100.32386,40.63208],[-100.32581,40.62953],[-100.32397,40.62795],[-100.32442,40.6136],[-100.30524,40.61372],[-100.30553,40.59906],[-100.30105,40.5991],[-100.30074,40.59582],[-100.29679,40.59575],[-100.29346,40.59186],[-100.28949,40.59165],[-100.2922,40.58328],[-100.28647,40.58237],[-100.28737,40.5625],[-100.3061,40.56264],[-100.30615,40.54818],[-100.29681,40.54798],[-100.29676,40.55524],[-100.28749,40.55513],[-100.28849,40.54059],[-100.32551,40.54097],[-100.32603,40.52638],[-100.36402,40.52654],[-100.38386,40.52688],[-100.38383,40.52941],[-100.38889,40.53005],[-100.38864,40.5406],[-100.40266,40.542],[-100.40222,40.56256],[-100.4008,40.5642],[-100.40247,40.57069],[-100.41164,40.57275],[-100.40426,40.57769],[-100.40652,40.5843],[-100.40587,40.60313],[-100.40126,40.60319],[-100.4011,40.6129],[-100.39296,40.6131],[-100.39105,40.62542],[-100.38876,40.62758],[-100.38165,40.62771],[-100.38144,40.64228],[-100.40057,40.64206],[-100.39969,40.68546],[-100.4005,40.68714],[-100.40444,40.68713],[-100.40446,40.69264],[-100.39956,40.69264],[-100.39928,40.70029],[-100.44154,40.70028],[-100.44178,40.74323],[-100.4509,40.74325],[-100.45525,40.74642],[-100.45401,40.75322],[-100.45798,40.76746],[-100.4514,40.77399],[-100.45147,40.80069],[-100.49038,40.80063],[-100.48953,40.82949]]]}}]}