{"type":"FeatureCollection","name":"zctas_46","features":[{"type":"Feature","id":"57780","properties":{"zip":"57780","pop":null,"city":"","county":"Pennington","state":"South Dakota","area":307.23,"lat":43.77733,"lon":-102.45844},"geometry":{"type":"Polygon","coordinates":[[[-102.81688,43.69121],[-102.8105,43.69741],[-102.80096,43.69877],[-102.80391,43.70694],[-102.80331,43.71023],[-102.79518,43.71329],[-102.79141,43.72184],[-102.77847,43.72051],[-102.77724,43.72685],[-102.77119,43.72842],[-102.7705,43.73089],[-102.77317,43.7337],[-102.76985,43.73893],[-102.75859,43.74114],[-102.75367,43.74668],[-102.75257,43.75174],[-102.74754,43.75641],[-102.73359,43.76419],[-102.7389,43.76975],[-102.73783,43.77174],[-102.7257,43.77581],[-102.7137,43.78472],[-102.70533,43.79256],[-102.70651,43.79653],[-102.70503,43.79762],[-102.69553,43.79815],[-102.69597,43.80075],[-102.6991,43.80247],[-102.70086,43.81198],[-102.69881,43.82311],[-102.68865,43.83955],[-102.68814,43.84268],[-102.69299,43.84484],[-102.6937,43.84792],[-102.68666,43.85354],[-102.68763,43.8556],[-102.70895,43.85626],[-102.69918,43.86615],[-102.69834,43.88195],[-102.68184,43.89896],[-102.68299,43.90635],[-102.67588,43.90288],[-102.64614,43.89984],[-102.63951,43.89378],[-102.64443,43.89263],[-102.64184,43.88775],[-102.64225,43.88017],[-102.63681,43.87904],[-102.6367,43.8649],[-102.61834,43.86493],[-102.61654,43.86309],[-102.61671,43.836],[-102.59134,43.83602],[-102.59713,43.84337],[-102.59709,43.86503],[-102.61671,43.86494],[-102.61698,43.91136],[-102.58263,43.91174],[-102.57982,43.91412],[-102.57842,43.92207],[-102.56983,43.92848],[-102.56749,43.93291],[-102.56248,43.93368],[-102.55306,43.92684],[-102.54968,43.92843],[-102.54591,43.93195],[-102.54309,43.93873],[-102.54478,43.94698],[-102.54236,43.94879],[-102.52856,43.95085],[-102.51568,43.95032],[-102.51014,43.95445],[-102.50085,43.95727],[-102.49765,43.96307],[-102.49667,43.90806],[-102.45764,43.90808],[-102.45758,43.89373],[-102.43016,43.89381],[-102.42288,43.89864],[-102.42086,43.90607],[-102.41654,43.90921],[-102.40436,43.91145],[-102.38484,43.9086],[-102.37942,43.91009],[-102.36612,43.90634],[-102.36236,43.90991],[-102.35839,43.90967],[-102.35291,43.91652],[-102.33125,43.9032],[-102.32121,43.90107],[-102.31591,43.90218],[-102.31497,43.90508],[-102.29754,43.90395],[-102.25925,43.88001],[-102.25801,43.87887],[-102.25876,43.80639],[-102.19877,43.80655],[-102.19853,43.7431],[-102.18881,43.73417],[-102.18863,43.7194],[-102.15353,43.71662],[-102.13793,43.71337],[-102.13756,43.70128],[-102.1402,43.70064],[-102.15374,43.70607],[-102.15705,43.70306],[-102.1561,43.6977],[-102.15914,43.69627],[-102.16755,43.69717],[-102.1665,43.69178],[-102.17015,43.68964],[-102.18949,43.68655],[-102.19431,43.68399],[-102.20357,43.68416],[-102.2011,43.67803],[-102.20332,43.6721],[-102.21172,43.67073],[-102.22209,43.6625],[-102.21796,43.66095],[-102.22087,43.65628],[-102.21888,43.65421],[-102.2196,43.65186],[-102.23229,43.64868],[-102.23295,43.64723],[-102.22769,43.64403],[-102.23551,43.63624],[-102.23275,43.62644],[-102.23579,43.62558],[-102.2391,43.63014],[-102.25242,43.63263],[-102.25819,43.62522],[-102.25204,43.62432],[-102.25077,43.6225],[-102.25797,43.62217],[-102.25998,43.61881],[-102.26331,43.6181],[-102.26479,43.61894],[-102.26486,43.62385],[-102.26707,43.62452],[-102.2707,43.61933],[-102.27921,43.61906],[-102.28651,43.61624],[-102.28466,43.61048],[-102.28719,43.60809],[-102.31385,43.61144],[-102.31693,43.60891],[-102.3132,43.60869],[-102.31221,43.6052],[-102.31795,43.60231],[-102.31939,43.59474],[-102.32144,43.59295],[-102.32289,43.59313],[-102.32412,43.59985],[-102.33685,43.60354],[-102.34119,43.60741],[-102.3488,43.60139],[-102.35152,43.59415],[-102.37983,43.68746],[-102.8094,43.68756],[-102.81596,43.68887],[-102.81688,43.69121]]]}},{"type":"Feature","id":"57021","properties":{"zip":"57021","pop":null,"city":"","county":"Turner","state":"South Dakota","area":21.87,"lat":43.27244,"lon":-96.97795},"geometry":{"type":"Polygon","coordinates":[[[-97.04246,43.24285],[-97.02323,43.2429],[-97.02399,43.27206],[-97.00389,43.27227],[-97.00388,43.28687],[-97.02419,43.28695],[-97.02432,43.31257],[-97.014,43.31257],[-97.01398,43.31659],[-96.98431,43.31499],[-96.98458,43.32979],[-96.96421,43.32987],[-96.964,43.3151],[-96.94408,43.31688],[-96.92445,43.31603],[-96.92452,43.24342],[-96.98506,43.24278],[-96.98226,43.22949],[-96.98231,43.21352],[-96.99244,43.21343],[-96.99272,43.19976],[-97.00461,43.19969],[-97.00227,43.20593],[-97.00255,43.21335],[-97.01305,43.21335],[-97.01325,43.22195],[-97.00825,43.22194],[-97.00828,43.22918],[-97.04237,43.22835],[-97.04246,43.24285]]]}},{"type":"Feature","id":"57702","properties":{"zip":"57702","pop":null,"city":"Rapid City","county":"Pennington","state":"South Dakota","area":206.83,"lat":44.03082,"lon":-103.38433},"geometry":{"type":"MultiPolygon","coordinates":[[[[-103.29453,44.13526],[-103.29302,44.13623],[-103.29337,44.13399],[-103.29709,44.13409],[-103.29453,44.13526]]],[[[-103.60139,44.08783],[-103.59766,44.09222],[-103.59366,44.1028],[-103.59265,44.11174],[-103.59427,44.11413],[-103.59179,44.12072],[-103.58794,44.12056],[-103.58442,44.11526],[-103.57676,44.11116],[-103.5713,44.1107],[-103.56666,44.10483],[-103.55783,44.10703],[-103.55754,44.11064],[-103.56039,44.11301],[-103.56301,44.12159],[-103.56849,44.12944],[-103.56444,44.13594],[-103.5616,44.13282],[-103.55029,44.12932],[-103.55129,44.13584],[-103.53703,44.13047],[-103.54781,44.14065],[-103.45245,44.14077],[-103.45254,44.18342],[-103.44279,44.18343],[-103.44264,44.17657],[-103.43266,44.1765],[-103.43266,44.16944],[-103.3938,44.16948],[-103.37691,44.1587],[-103.37415,44.15201],[-103.37248,44.15164],[-103.37405,44.15178],[-103.37187,44.14651],[-103.35991,44.14088],[-103.30278,44.14019],[-103.30164,44.13704],[-103.293,44.12949],[-103.28607,44.13484],[-103.29577,44.14088],[-103.30146,44.15116],[-103.30953,44.15363],[-103.31303,44.16063],[-103.312,44.16225],[-103.31464,44.16456],[-103.30574,44.15892],[-103.3031,44.15472],[-103.29815,44.15474],[-103.29006,44.17186],[-103.29201,44.18329],[-103.30734,44.18405],[-103.3073,44.18601],[-103.30273,44.1894],[-103.30449,44.18941],[-103.30557,44.19375],[-103.29707,44.19356],[-103.2967,44.19036],[-103.29202,44.18903],[-103.29208,44.1931],[-103.28112,44.19506],[-103.27855,44.20292],[-103.27493,44.20343],[-103.27195,44.20705],[-103.27198,44.18346],[-103.25525,44.1836],[-103.25461,44.14809],[-103.25077,44.14839],[-103.25123,44.14684],[-103.24935,44.14679],[-103.24754,44.15087],[-103.24341,44.1489],[-103.24174,44.15082],[-103.24071,44.1475],[-103.23125,44.14748],[-103.22976,44.14087],[-103.27197,44.14102],[-103.27181,44.12576],[-103.25177,44.12562],[-103.25178,44.12217],[-103.2472,44.12216],[-103.24703,44.10672],[-103.25158,44.10708],[-103.24709,44.10622],[-103.24726,44.1013],[-103.25095,44.09641],[-103.25195,44.08439],[-103.23745,44.08584],[-103.23782,44.0844],[-103.24572,44.08423],[-103.24541,44.07615],[-103.25075,44.0714],[-103.24871,44.06351],[-103.25006,44.06038],[-103.25215,44.06039],[-103.25216,44.05269],[-103.24483,44.05177],[-103.24608,44.04375],[-103.25695,44.04415],[-103.25899,44.04228],[-103.26415,44.04214],[-103.2624,44.04074],[-103.26601,44.03997],[-103.26623,44.02969],[-103.25791,44.0239],[-103.24962,44.02401],[-103.25056,44.01857],[-103.24719,44.01832],[-103.22504,44.03102],[-103.20716,44.03161],[-103.20112,44.03666],[-103.19192,44.0383],[-103.19152,44.024],[-103.18362,44.00942],[-103.15844,44.0093],[-103.15981,44.00874],[-103.15823,44.0026],[-103.16521,44.00307],[-103.167,44.00167],[-103.17326,44.00419],[-103.18113,44.0029],[-103.17977,43.99396],[-103.18097,43.97733],[-103.18845,43.94789],[-103.19686,43.93791],[-103.1995,43.93183],[-103.19955,43.90489],[-103.21894,43.90491],[-103.21911,43.91215],[-103.2996,43.91284],[-103.29891,43.88354],[-103.33842,43.88325],[-103.33855,43.89726],[-103.34549,43.89731],[-103.34834,43.90059],[-103.35197,43.89992],[-103.35253,43.90621],[-103.35505,43.90714],[-103.36364,43.90625],[-103.36575,43.90446],[-103.35906,43.89714],[-103.38931,43.89713],[-103.38961,43.89541],[-103.38684,43.89357],[-103.38828,43.89255],[-103.39967,43.89733],[-103.40312,43.90059],[-103.40325,43.90491],[-103.43131,43.90523],[-103.43678,43.90751],[-103.44173,43.9175],[-103.44275,43.92477],[-103.44533,43.9262],[-103.46002,43.92665],[-103.46597,43.92342],[-103.46607,43.91448],[-103.4899,43.91551],[-103.51291,43.92282],[-103.51323,43.93063],[-103.51023,43.93665],[-103.51402,43.9461],[-103.51385,43.95062],[-103.50832,43.9528],[-103.51791,43.95947],[-103.52231,43.96562],[-103.51445,43.97285],[-103.52328,43.9776],[-103.52785,43.98419],[-103.56639,44.00883],[-103.57079,44.00946],[-103.57485,44.02315],[-103.5716,44.02892],[-103.58649,44.03918],[-103.58954,44.0469],[-103.59707,44.05714],[-103.59046,44.05989],[-103.59582,44.06085],[-103.59979,44.07672],[-103.59431,44.08083],[-103.59696,44.08208],[-103.59858,44.08006],[-103.60137,44.08065],[-103.59714,44.08593],[-103.60028,44.08574],[-103.60139,44.08783]]]]}},{"type":"Feature","id":"57772","properties":{"zip":"57772","pop":null,"city":"","county":"Oglala Lakota","state":"South Dakota","area":364.8,"lat":43.48189,"lon":-102.51916},"geometry":{"type":"Polygon","coordinates":[[[-102.87693,43.66869],[-102.87173,43.66698],[-102.86342,43.66886],[-102.8619,43.66745],[-102.8631,43.66266],[-102.8605,43.6588],[-102.85247,43.65834],[-102.84894,43.66002],[-102.84886,43.66409],[-102.84677,43.66535],[-102.83187,43.65698],[-102.82786,43.65744],[-102.824,43.66412],[-102.81375,43.66759],[-102.8161,43.67352],[-102.80928,43.68256],[-102.80806,43.68569],[-102.8094,43.68756],[-102.37983,43.68746],[-102.34538,43.57076],[-102.35718,43.57077],[-102.35721,43.56356],[-102.36718,43.56362],[-102.3671,43.54277],[-102.36969,43.54096],[-102.37874,43.54186],[-102.38512,43.54604],[-102.38521,43.54899],[-102.39131,43.54878],[-102.41139,43.54206],[-102.42496,43.54123],[-102.43129,43.53285],[-102.44098,43.52773],[-102.44647,43.52775],[-102.44643,43.49889],[-102.42663,43.49882],[-102.42665,43.48437],[-102.39698,43.48431],[-102.39696,43.47703],[-102.42535,43.47711],[-102.42551,43.44442],[-102.41907,43.4403],[-102.41997,43.43858],[-102.41554,43.4355],[-102.41718,43.43401],[-102.41275,43.43205],[-102.41387,43.42969],[-102.41756,43.42901],[-102.41497,43.42765],[-102.41563,43.42626],[-102.41132,43.425],[-102.41057,43.4229],[-102.40684,43.42302],[-102.38336,43.43297],[-102.37711,43.43393],[-102.37364,43.43154],[-102.36418,43.41896],[-102.35856,43.40451],[-102.36806,43.39436],[-102.36676,43.38963],[-102.35452,43.39027],[-102.34539,43.39287],[-102.33326,43.39264],[-102.33385,43.38667],[-102.32642,43.37604],[-102.32616,43.37087],[-102.31864,43.36345],[-102.31895,43.36183],[-102.32748,43.35989],[-102.31977,43.35098],[-102.31418,43.34873],[-102.30784,43.34904],[-102.30641,43.34351],[-102.29866,43.33991],[-102.29784,43.33431],[-102.29326,43.32626],[-102.29598,43.31894],[-102.29354,43.30761],[-102.28861,43.30159],[-102.28683,43.294],[-102.28042,43.28561],[-102.27376,43.28684],[-102.27374,43.28516],[-102.27045,43.28696],[-102.26441,43.28164],[-102.22217,43.1296],[-102.32852,43.12943],[-102.38758,43.24607],[-102.39879,43.24908],[-102.40535,43.25924],[-102.40882,43.26152],[-102.41057,43.26852],[-102.41508,43.27307],[-102.41852,43.27074],[-102.42978,43.27049],[-102.43175,43.26756],[-102.4406,43.26658],[-102.44608,43.26808],[-102.45133,43.27354],[-102.46091,43.27911],[-102.46726,43.28164],[-102.47116,43.28072],[-102.46792,43.30407],[-102.47692,43.30541],[-102.4792,43.31003],[-102.48772,43.31304],[-102.49827,43.31334],[-102.52169,43.309],[-102.52745,43.30985],[-102.53374,43.31675],[-102.54327,43.31294],[-102.55158,43.31464],[-102.58226,43.31347],[-102.58217,43.41833],[-102.57841,43.41835],[-102.57816,43.42567],[-102.56393,43.42537],[-102.56514,43.42934],[-102.57027,43.43325],[-102.56847,43.43576],[-102.55416,43.43833],[-102.54794,43.4362],[-102.5437,43.43765],[-102.54103,43.44628],[-102.54792,43.44944],[-102.54428,43.45156],[-102.54427,43.46689],[-102.54198,43.47263],[-102.54373,43.47587],[-102.54309,43.47759],[-102.53583,43.48004],[-102.53584,43.49133],[-102.5327,43.50636],[-102.54884,43.50628],[-102.56175,43.50122],[-102.57655,43.50588],[-102.60847,43.50465],[-102.61871,43.50966],[-102.65754,43.52076],[-102.65475,43.52087],[-102.65488,43.52674],[-102.66015,43.53501],[-102.67471,43.53527],[-102.6745,43.53888],[-102.68546,43.5389],[-102.68646,43.53534],[-102.71435,43.5354],[-102.71446,43.52087],[-102.75823,43.52092],[-102.78539,43.55399],[-102.87618,43.55442],[-102.87693,43.66869]]]}},{"type":"Feature","id":"57007","properties":{"zip":"57007","pop":null,"city":"Brookings","county":"Brookings","state":"South Dakota","area":0.23,"lat":44.31939,"lon":-96.78407},"geometry":{"type":"Polygon","coordinates":[[[-96.78839,44.31876],[-96.78837,44.32587],[-96.78221,44.32583],[-96.78254,44.32063],[-96.77829,44.32016],[-96.77801,44.31466],[-96.78845,44.31415],[-96.78839,44.31876]]]}},{"type":"Feature","id":"57625","properties":{"zip":"57625","pop":null,"city":"","county":"Dewey","state":"South Dakota","area":988.81,"lat":44.95739,"lon":-101.00365},"geometry":{"type":"Polygon","coordinates":[[[-101.50014,44.77804],[-101.48262,44.78246],[-101.48413,44.78491],[-101.48223,44.79171],[-101.47926,44.79365],[-101.46085,44.79813],[-101.43135,44.79374],[-101.43466,44.80111],[-101.42088,44.80568],[-101.40016,44.8059],[-101.39588,44.80362],[-101.38046,44.80248],[-101.38018,44.93611],[-101.40022,44.93625],[-101.40057,44.94338],[-101.42073,44.94347],[-101.42073,44.9933],[-101.43545,44.9938],[-101.42073,44.99394],[-101.42077,45.01674],[-101.40037,45.01597],[-101.40031,45.02292],[-101.37997,45.02294],[-101.37992,45.03311],[-101.38353,45.03829],[-101.42403,45.03832],[-101.42515,45.05171],[-101.44119,45.05357],[-101.44314,45.05667],[-101.44187,45.06075],[-101.44533,45.06486],[-101.46574,45.06833],[-101.46593,45.08177],[-101.48619,45.08177],[-101.48685,45.21026],[-101.0097,45.21084],[-101.00884,45.21514],[-101.00595,45.21641],[-100.99833,45.21425],[-100.99935,45.21086],[-100.99452,45.21083],[-100.9943,45.21385],[-100.99727,45.21861],[-100.99257,45.2223],[-100.99041,45.22143],[-100.9886,45.21443],[-100.98679,45.21349],[-100.98413,45.21623],[-100.98327,45.21919],[-100.98503,45.22254],[-100.98392,45.22521],[-100.98005,45.22673],[-100.9826,45.23149],[-100.98157,45.23856],[-100.97787,45.24198],[-100.96445,45.23615],[-100.94719,45.2344],[-100.94251,45.22793],[-100.93352,45.23422],[-100.92563,45.23324],[-100.9256,45.23902],[-100.9279,45.24232],[-100.92454,45.24497],[-100.91761,45.24547],[-100.9153,45.24818],[-100.92324,45.25497],[-100.91119,45.25786],[-100.91574,45.26981],[-100.91507,45.2719],[-100.90823,45.26795],[-100.89958,45.26836],[-100.89528,45.26658],[-100.89956,45.2651],[-100.89971,45.26266],[-100.89482,45.26167],[-100.88616,45.26202],[-100.88531,45.26659],[-100.88201,45.2644],[-100.87796,45.26746],[-100.87748,45.27014],[-100.8641,45.2699],[-100.8495,45.26501],[-100.84716,45.21068],[-100.8742,45.21097],[-100.87336,45.08167],[-100.81082,45.08168],[-100.75138,45.11449],[-100.75066,45.08628],[-100.74554,45.08583],[-100.74515,45.08175],[-100.74363,45.02146],[-100.50548,45.02291],[-100.51121,45.12866],[-100.50151,45.12512],[-100.47428,45.1004],[-100.41618,45.07194],[-100.36382,45.06815],[-100.36397,45.06184],[-100.3539,45.05727],[-100.354,45.05265],[-100.34436,45.05258],[-100.34436,45.05473],[-100.3538,45.06543],[-100.33551,45.06015],[-100.29669,45.02814],[-100.29438,45.01458],[-100.31582,45.01563],[-100.36318,45.0291],[-100.38211,45.0297],[-100.39182,45.02601],[-100.40838,45.01181],[-100.42342,44.99205],[-100.42378,44.97311],[-100.41856,44.94916],[-100.41573,44.92354],[-100.41182,44.91093],[-100.393,44.87498],[-100.3953,44.86536],[-100.41868,44.84337],[-100.45879,44.82549],[-100.48747,44.80768],[-100.51486,44.78365],[-100.52964,44.7663],[-100.54764,44.76017],[-100.58544,44.7647],[-100.61097,44.7701],[-100.64174,44.79184],[-100.66164,44.81301],[-100.67639,44.82316],[-100.69332,44.82829],[-100.70223,44.82837],[-100.71481,44.82162],[-100.72423,44.80763],[-100.72918,44.79141],[-100.72882,44.7837],[-100.72402,44.77531],[-100.71764,44.77093],[-100.72997,44.7644],[-100.73637,44.76374],[-100.73937,44.76576],[-100.73978,44.76867],[-100.73626,44.7744],[-100.74359,44.77609],[-100.75305,44.77272],[-100.74962,44.76542],[-100.75214,44.76151],[-100.77275,44.7584],[-100.77607,44.76123],[-100.77107,44.76745],[-100.77219,44.77076],[-100.77508,44.77238],[-100.78235,44.76819],[-100.79796,44.76351],[-100.79945,44.765],[-100.79782,44.76994],[-100.81201,44.76802],[-100.81826,44.78045],[-100.8298,44.78325],[-100.83653,44.78226],[-100.84342,44.77697],[-100.84812,44.77725],[-100.85366,44.78072],[-100.85936,44.77741],[-100.88805,44.76973],[-100.8932,44.77186],[-100.89563,44.77788],[-100.909,44.7837],[-100.91185,44.78322],[-100.91179,44.77594],[-100.91719,44.76962],[-100.93137,44.76671],[-100.93984,44.76252],[-100.95519,44.76552],[-100.95826,44.76124],[-100.95511,44.75438],[-100.97538,44.75137],[-100.97973,44.74585],[-100.98174,44.73781],[-100.98771,44.73196],[-100.98977,44.73192],[-100.99692,44.73945],[-101.00155,44.73701],[-101.00639,44.72875],[-101.02261,44.72415],[-101.03594,44.72743],[-101.05555,44.74015],[-101.06292,44.74251],[-101.06974,44.74238],[-101.08324,44.73843],[-101.14131,44.747],[-101.14975,44.74233],[-101.15367,44.72883],[-101.16117,44.72207],[-101.23514,44.69057],[-101.23707,44.69648],[-101.23984,44.69849],[-101.24817,44.69899],[-101.26593,44.69343],[-101.26881,44.68901],[-101.27518,44.68516],[-101.28453,44.68548],[-101.29691,44.68967],[-101.31917,44.68052],[-101.32466,44.68146],[-101.32584,44.68832],[-101.32824,44.69096],[-101.33405,44.6897],[-101.33656,44.68432],[-101.33929,44.68347],[-101.35989,44.68902],[-101.36255,44.68499],[-101.35793,44.67666],[-101.35886,44.67292],[-101.37228,44.6738],[-101.37398,44.67097],[-101.37215,44.66737],[-101.36499,44.66195],[-101.36358,44.65777],[-101.36693,44.65581],[-101.37708,44.6587],[-101.38146,44.65367],[-101.38489,44.65369],[-101.3904,44.65767],[-101.39742,44.65678],[-101.39738,44.65992],[-101.40087,44.66047],[-101.40456,44.6602],[-101.40918,44.65646],[-101.41454,44.65907],[-101.41489,44.65725],[-101.41805,44.65828],[-101.4159,44.66494],[-101.40564,44.67335],[-101.40854,44.67483],[-101.40898,44.67703],[-101.40733,44.67769],[-101.41089,44.68622],[-101.4087,44.6897],[-101.41108,44.68867],[-101.41111,44.69028],[-101.41295,44.68977],[-101.41507,44.69205],[-101.49904,44.69303],[-101.50014,44.77804]]]}},{"type":"Feature","id":"57732","properties":{"zip":"57732","pop":null,"city":"Deadwood","county":"Lawrence","state":"South Dakota","area":89.7,"lat":44.23776,"lon":-103.64313},"geometry":{"type":"Polygon","coordinates":[[[-103.76896,44.27659],[-103.75045,44.27328],[-103.73526,44.27305],[-103.7469,44.27544],[-103.7496,44.27776],[-103.76311,44.2773],[-103.76108,44.28713],[-103.75376,44.29216],[-103.74993,44.29783],[-103.73762,44.30295],[-103.73504,44.30586],[-103.73539,44.30886],[-103.74405,44.31509],[-103.74757,44.32642],[-103.7578,44.33268],[-103.75539,44.34046],[-103.7596,44.34656],[-103.75365,44.34849],[-103.74979,44.35262],[-103.74616,44.351],[-103.7401,44.35233],[-103.73858,44.35471],[-103.74299,44.35745],[-103.74092,44.35849],[-103.74691,44.37997],[-103.75143,44.38257],[-103.75128,44.38483],[-103.76024,44.38241],[-103.7621,44.388],[-103.75696,44.38963],[-103.75269,44.39731],[-103.75266,44.39535],[-103.74999,44.39479],[-103.74532,44.39591],[-103.74467,44.39805],[-103.7329,44.39623],[-103.72066,44.39778],[-103.71624,44.40302],[-103.70703,44.40904],[-103.69643,44.41286],[-103.69551,44.40708],[-103.70498,44.39144],[-103.70245,44.37875],[-103.70825,44.37777],[-103.72945,44.36611],[-103.72812,44.36406],[-103.73639,44.35824],[-103.7166,44.34757],[-103.69085,44.32821],[-103.69296,44.33827],[-103.69694,44.34389],[-103.69424,44.3478],[-103.69398,44.35487],[-103.68901,44.35589],[-103.68736,44.35896],[-103.67797,44.36093],[-103.67841,44.36303],[-103.66799,44.36532],[-103.66333,44.36861],[-103.66445,44.36982],[-103.65989,44.37716],[-103.65479,44.37887],[-103.65501,44.3812],[-103.65029,44.3836],[-103.64713,44.38384],[-103.64699,44.37289],[-103.65957,44.37303],[-103.65926,44.34427],[-103.57647,44.3442],[-103.56938,44.34653],[-103.56942,44.34425],[-103.57429,44.34419],[-103.57431,44.27057],[-103.5933,44.27053],[-103.59304,44.26846],[-103.59862,44.26222],[-103.60222,44.26173],[-103.6151,44.26399],[-103.6212,44.26996],[-103.6311,44.26698],[-103.64368,44.26761],[-103.64881,44.27023],[-103.65322,44.2771],[-103.65799,44.27857],[-103.66632,44.27535],[-103.69576,44.27653],[-103.69346,44.26891],[-103.69521,44.26157],[-103.69169,44.26004],[-103.67758,44.26167],[-103.66036,44.25896],[-103.65835,44.25775],[-103.65913,44.25579],[-103.65527,44.24482],[-103.64664,44.23829],[-103.64177,44.23696],[-103.63968,44.24106],[-103.63328,44.24173],[-103.63011,44.23314],[-103.5985,44.18634],[-103.55308,44.14536],[-103.54593,44.14527],[-103.53384,44.15291],[-103.52413,44.15442],[-103.51689,44.15318],[-103.51616,44.15559],[-103.51797,44.15726],[-103.51309,44.16408],[-103.49787,44.16996],[-103.49007,44.17524],[-103.49633,44.17686],[-103.49747,44.18031],[-103.49954,44.17985],[-103.50136,44.18556],[-103.4992,44.19458],[-103.5044,44.19586],[-103.5,44.1966],[-103.50024,44.20043],[-103.49663,44.20489],[-103.47189,44.2036],[-103.4637,44.19916],[-103.45573,44.19998],[-103.45244,44.19834],[-103.45245,44.14077],[-103.54781,44.14065],[-103.53703,44.13047],[-103.55129,44.13584],[-103.55029,44.12932],[-103.5616,44.13282],[-103.56444,44.13594],[-103.56849,44.12944],[-103.56301,44.12159],[-103.56039,44.11301],[-103.55754,44.11064],[-103.55783,44.10703],[-103.56666,44.10483],[-103.5713,44.1107],[-103.57676,44.11116],[-103.58442,44.11526],[-103.58594,44.11909],[-103.59013,44.12144],[-103.59427,44.11413],[-103.59258,44.10783],[-103.5968,44.09405],[-103.60139,44.08783],[-103.60028,44.08574],[-103.61535,44.08325],[-103.6126,44.08496],[-103.61348,44.08923],[-103.61781,44.08757],[-103.61759,44.08525],[-103.62014,44.08633],[-103.62072,44.08915],[-103.6252,44.09043],[-103.62914,44.09471],[-103.63948,44.09726],[-103.63798,44.10247],[-103.63947,44.10397],[-103.64603,44.10667],[-103.65283,44.10616],[-103.64568,44.10725],[-103.64677,44.10972],[-103.64421,44.11123],[-103.64783,44.11454],[-103.65037,44.12293],[-103.65304,44.12447],[-103.65238,44.12844],[-103.65472,44.13374],[-103.65342,44.13468],[-103.65694,44.13768],[-103.65419,44.14076],[-103.71701,44.1409],[-103.7175,44.18351],[-103.73482,44.18346],[-103.73475,44.19098],[-103.73131,44.19433],[-103.7168,44.1922],[-103.69841,44.19989],[-103.68538,44.19607],[-103.66643,44.19664],[-103.66403,44.19976],[-103.66514,44.20112],[-103.65624,44.2039],[-103.65325,44.20798],[-103.67369,44.22657],[-103.68833,44.22314],[-103.69996,44.22285],[-103.71831,44.2274],[-103.73451,44.22745],[-103.7344,44.24826],[-103.76871,44.24905],[-103.76896,44.27659]]]}},{"type":"Feature","id":"57760","properties":{"zip":"57760","pop":null,"city":"","county":"Butte","state":"South Dakota","area":705.28,"lat":44.93061,"lon":-103.30341},"geometry":{"type":"Polygon","coordinates":[[[-103.6514,44.9014],[-103.65015,44.92797],[-103.58551,44.95662],[-103.5492,45.02039],[-103.54866,45.21296],[-103.3109,45.21296],[-103.3111,45.27073],[-103.22193,45.27043],[-103.212,45.25635],[-103.22255,45.24041],[-103.22245,45.20372],[-103.21814,45.20148],[-103.2076,45.20141],[-103.18318,45.19071],[-103.18072,45.19156],[-103.16827,45.18693],[-103.16636,45.18387],[-103.16249,45.18323],[-103.15162,45.17448],[-103.15372,45.17252],[-103.14758,45.1629],[-103.13329,45.15373],[-103.13833,45.14114],[-103.13135,45.12594],[-103.07956,45.12532],[-103.07989,45.0395],[-103.07681,45.0394],[-103.07667,44.96301],[-103.0721,44.96665],[-103.06071,44.96899],[-103.06079,44.98995],[-103.05794,44.99589],[-102.96247,44.99477],[-102.95891,44.98431],[-102.95856,44.96532],[-102.95875,44.74851],[-103.10497,44.74844],[-103.11457,44.751],[-103.12935,44.74309],[-103.1414,44.73107],[-103.15562,44.72923],[-103.16728,44.72482],[-103.20696,44.72125],[-103.2433,44.71242],[-103.23293,44.70624],[-103.21976,44.70375],[-103.2162,44.70058],[-103.21152,44.69954],[-103.2019,44.69241],[-103.1928,44.6822],[-103.185,44.67898],[-103.17526,44.67896],[-103.17046,44.67682],[-103.15982,44.66563],[-103.15845,44.66277],[-103.16829,44.66151],[-103.17513,44.65781],[-103.18578,44.64809],[-103.18636,44.63352],[-103.20586,44.63237],[-103.21507,44.63401],[-103.24735,44.62541],[-103.25665,44.62723],[-103.25642,44.6305],[-103.27315,44.63381],[-103.26966,44.63624],[-103.26596,44.63539],[-103.26363,44.63851],[-103.27509,44.64712],[-103.28638,44.64835],[-103.29245,44.64018],[-103.29668,44.6399],[-103.29997,44.64107],[-103.29699,44.64424],[-103.29716,44.64903],[-103.30191,44.65131],[-103.30625,44.65009],[-103.31257,44.65315],[-103.32148,44.64877],[-103.32596,44.64148],[-103.32911,44.64052],[-103.33242,44.64701],[-103.34137,44.64627],[-103.34417,44.63444],[-103.34699,44.63413],[-103.3497,44.63762],[-103.35465,44.63827],[-103.35699,44.6373],[-103.36079,44.62925],[-103.36542,44.62856],[-103.36834,44.62934],[-103.36864,44.63228],[-103.37363,44.63385],[-103.37279,44.6377],[-103.37611,44.63973],[-103.38735,44.63599],[-103.38844,44.63384],[-103.3867,44.63027],[-103.39286,44.62665],[-103.3969,44.62767],[-103.39596,44.63191],[-103.39747,44.63287],[-103.40633,44.62993],[-103.4086,44.63127],[-103.40488,44.63383],[-103.40601,44.63681],[-103.41199,44.63927],[-103.41616,44.63664],[-103.42453,44.63534],[-103.43989,44.63979],[-103.44163,44.64206],[-103.44108,44.64696],[-103.44559,44.65123],[-103.45407,44.64589],[-103.45722,44.64079],[-103.46115,44.63997],[-103.46326,44.64507],[-103.46125,44.65118],[-103.46402,44.65311],[-103.47036,44.65077],[-103.47516,44.65466],[-103.47181,44.65764],[-103.47253,44.66034],[-103.47791,44.66251],[-103.47884,44.66465],[-103.47393,44.66812],[-103.47237,44.67253],[-103.47581,44.67471],[-103.47954,44.67419],[-103.48027,44.67593],[-103.47766,44.67619],[-103.47746,44.68006],[-103.48057,44.68176],[-103.48123,44.679],[-103.48454,44.68],[-103.48584,44.68383],[-103.49036,44.6837],[-103.49434,44.68693],[-103.49566,44.68656],[-103.49428,44.68205],[-103.49828,44.68378],[-103.49764,44.68548],[-103.50025,44.68779],[-103.50426,44.68613],[-103.50196,44.68452],[-103.50231,44.68185],[-103.50493,44.68057],[-103.50654,44.68421],[-103.51603,44.68583],[-103.51536,44.68718],[-103.51742,44.68832],[-103.5188,44.68685],[-103.5212,44.68902],[-103.52175,44.68715],[-103.5238,44.68761],[-103.52545,44.6913],[-103.52329,44.69254],[-103.52411,44.69444],[-103.5264,44.69376],[-103.52939,44.69676],[-103.53379,44.69586],[-103.53261,44.69742],[-103.53536,44.69777],[-103.53499,44.69558],[-103.53864,44.69512],[-103.53841,44.69897],[-103.54228,44.69895],[-103.54335,44.7017],[-103.54607,44.69975],[-103.54888,44.7051],[-103.54743,44.70938],[-103.54223,44.71257],[-103.54745,44.71763],[-103.54747,44.73427],[-103.56758,44.73432],[-103.56806,44.86565],[-103.64949,44.86566],[-103.6514,44.9014]]]}},{"type":"Feature","id":"57785","properties":{"zip":"57785","pop":null,"city":"","county":"Meade","state":"South Dakota","area":408.97,"lat":44.41901,"lon":-103.21535},"geometry":{"type":"Polygon","coordinates":[[[-103.73641,44.35911],[-103.72812,44.36406],[-103.72945,44.36611],[-103.70825,44.37777],[-103.70245,44.37875],[-103.70498,44.39144],[-103.69551,44.40708],[-103.69544,44.41435],[-103.69709,44.41579],[-103.61202,44.41566],[-103.58077,44.42321],[-103.56898,44.42366],[-103.56906,44.42674],[-103.58058,44.43],[-103.60331,44.44528],[-103.59295,44.44528],[-103.5988,44.45039],[-103.5736,44.42878],[-103.56894,44.42732],[-103.56884,44.44157],[-103.55928,44.43478],[-103.53959,44.43089],[-103.54206,44.44057],[-103.54933,44.44572],[-103.55113,44.44907],[-103.5491,44.45566],[-103.54202,44.4552],[-103.53829,44.45812],[-103.52953,44.45978],[-103.52798,44.46249],[-103.51829,44.4648],[-103.51809,44.46682],[-103.5085,44.46766],[-103.50859,44.45989],[-103.48834,44.4599],[-103.48955,44.45337],[-103.48778,44.43422],[-103.49116,44.43005],[-103.49011,44.4253],[-103.49192,44.41873],[-103.4916,44.41648],[-103.4887,44.41652],[-103.48873,44.41383],[-103.47519,44.41712],[-103.46779,44.42165],[-103.45902,44.42101],[-103.45711,44.42303],[-103.44852,44.42436],[-103.44805,44.42289],[-103.44724,44.46016],[-103.43467,44.4614],[-103.44764,44.47348],[-103.4477,44.48354],[-103.43302,44.4858],[-103.41433,44.49596],[-103.40832,44.4971],[-103.39721,44.49564],[-103.39484,44.4978],[-103.39392,44.49595],[-103.38596,44.49583],[-103.38692,44.49341],[-103.3813,44.49037],[-103.37923,44.49268],[-103.37709,44.48879],[-103.37515,44.4906],[-103.37006,44.48845],[-103.3707,44.49044],[-103.36422,44.48829],[-103.3578,44.48976],[-103.35496,44.48807],[-103.35156,44.48916],[-103.34984,44.48733],[-103.34715,44.48978],[-103.34695,44.51797],[-103.24638,44.51781],[-103.24619,44.50332],[-103.22618,44.50325],[-103.22612,44.51774],[-103.17791,44.51775],[-103.16818,44.5122],[-103.15739,44.51563],[-103.13685,44.51285],[-103.129,44.5176],[-103.12896,44.52067],[-103.1316,44.52219],[-103.14735,44.51508],[-103.14949,44.51591],[-103.1472,44.52003],[-103.14917,44.52276],[-103.16051,44.51957],[-103.16546,44.52034],[-103.167,44.53127],[-103.16335,44.53162],[-103.1608,44.52782],[-103.15412,44.52953],[-103.15683,44.5336],[-103.15628,44.5368],[-103.14931,44.54066],[-103.14976,44.54277],[-103.166,44.5515],[-103.16942,44.55562],[-103.16574,44.55852],[-103.15937,44.55873],[-103.15502,44.56705],[-103.16375,44.57144],[-103.17031,44.56504],[-103.18204,44.56426],[-103.18425,44.566],[-103.17792,44.56799],[-103.17798,44.57149],[-103.17197,44.57601],[-103.17289,44.582],[-103.17708,44.5823],[-103.18498,44.57126],[-103.19752,44.57318],[-103.19157,44.57832],[-103.194,44.58015],[-103.20638,44.57759],[-103.20984,44.57965],[-103.20478,44.58214],[-103.20702,44.58593],[-103.20482,44.58932],[-103.20562,44.5917],[-103.20853,44.5919],[-103.21121,44.58849],[-103.21928,44.5911],[-103.22446,44.59039],[-103.22277,44.59672],[-103.22579,44.59839],[-103.22587,44.6046],[-102.96412,44.60429],[-102.96538,44.51814],[-102.88605,44.51792],[-102.88805,44.51513],[-102.88318,44.5131],[-102.88678,44.51113],[-102.88499,44.50912],[-102.87755,44.50939],[-102.87729,44.50792],[-102.88158,44.50461],[-102.87749,44.50072],[-102.885,44.49999],[-102.88439,44.4977],[-102.87634,44.49678],[-102.87353,44.49825],[-102.87143,44.49759],[-102.87222,44.49349],[-102.87075,44.49201],[-102.86321,44.49322],[-102.86155,44.49121],[-102.86481,44.48835],[-102.86158,44.48356],[-102.86831,44.48314],[-102.8678,44.47948],[-102.86068,44.47873],[-102.86004,44.47727],[-102.8669,44.47272],[-102.85994,44.46927],[-102.85678,44.47359],[-102.85419,44.47213],[-102.85477,44.46925],[-102.85186,44.46769],[-102.85441,44.46289],[-102.86121,44.4631],[-102.86098,44.46111],[-102.85674,44.4591],[-102.85122,44.45844],[-102.85849,44.45306],[-102.85517,44.44996],[-102.84949,44.45247],[-102.84719,44.45224],[-102.84658,44.44998],[-102.84275,44.45019],[-102.84349,44.44369],[-102.84202,44.44125],[-102.83946,44.44027],[-102.83468,44.44246],[-102.83522,44.44059],[-102.83244,44.43844],[-102.83748,44.43535],[-102.83525,44.43224],[-102.83206,44.43275],[-102.83152,44.42715],[-102.82833,44.42543],[-102.82348,44.4277],[-102.82156,44.42623],[-102.82861,44.42084],[-102.82086,44.41679],[-102.8206,44.41227],[-102.82634,44.41051],[-102.83017,44.41169],[-102.83199,44.4095],[-102.82325,44.40687],[-102.82204,44.40335],[-102.81467,44.41014],[-102.81368,44.40671],[-102.81078,44.40792],[-102.80833,44.40518],[-102.80928,44.39843],[-102.81623,44.39962],[-102.82564,44.3945],[-102.841,44.39451],[-102.84322,44.39355],[-102.84343,44.38724],[-102.86358,44.38725],[-102.86365,44.3728],[-102.84345,44.37283],[-102.8434,44.35879],[-102.83836,44.35376],[-102.83772,44.35009],[-102.8436,44.34972],[-102.84623,44.34416],[-102.85834,44.34475],[-102.86108,44.34276],[-102.86283,44.33745],[-102.8662,44.33601],[-102.86903,44.33674],[-102.87459,44.3447],[-102.86866,44.34808],[-102.8694,44.34909],[-102.87812,44.34856],[-102.88586,44.3535],[-102.89048,44.35241],[-102.88981,44.34907],[-102.89345,44.34575],[-102.89966,44.34594],[-102.90638,44.35159],[-102.91122,44.35129],[-102.91333,44.34492],[-102.91986,44.34208],[-102.92228,44.34316],[-102.92116,44.34684],[-102.92266,44.3504],[-102.93961,44.35717],[-102.94952,44.35681],[-102.95283,44.36081],[-102.94259,44.36623],[-102.94411,44.37629],[-102.9599,44.3691],[-102.9644,44.36901],[-102.96831,44.37352],[-102.9692,44.34367],[-103.0906,44.34291],[-103.09023,44.25626],[-103.07051,44.25643],[-103.07068,44.23101],[-103.08092,44.23112],[-103.08084,44.22744],[-103.11087,44.22753],[-103.10984,44.25692],[-103.15135,44.25688],[-103.15153,44.28584],[-103.21053,44.28597],[-103.21148,44.29974],[-103.21298,44.30055],[-103.27697,44.3005],[-103.2771,44.29654],[-103.26974,44.29],[-103.26923,44.28307],[-103.26294,44.27987],[-103.2806,44.27267],[-103.28741,44.2726],[-103.29352,44.27501],[-103.29489,44.27814],[-103.30749,44.27766],[-103.31589,44.28001],[-103.32448,44.277],[-103.32401,44.27851],[-103.34122,44.27985],[-103.34431,44.2855],[-103.35235,44.2858],[-103.35248,44.30014],[-103.37516,44.29948],[-103.40014,44.3042],[-103.41273,44.30179],[-103.41344,44.30027],[-103.42837,44.30014],[-103.43306,44.31902],[-103.43561,44.32291],[-103.43675,44.31804],[-103.43389,44.29991],[-103.51496,44.2996],[-103.51512,44.29214],[-103.51866,44.29448],[-103.52305,44.29436],[-103.52467,44.29782],[-103.52146,44.29807],[-103.52168,44.29985],[-103.52706,44.29962],[-103.52658,44.30122],[-103.53482,44.30649],[-103.54011,44.30429],[-103.54914,44.30646],[-103.55905,44.29442],[-103.56902,44.30153],[-103.57322,44.3007],[-103.5743,44.29845],[-103.57429,44.34419],[-103.56942,44.34425],[-103.56938,44.34653],[-103.57647,44.3442],[-103.65926,44.34427],[-103.65957,44.37303],[-103.64699,44.37289],[-103.64713,44.38384],[-103.65501,44.3812],[-103.65479,44.37887],[-103.65989,44.37716],[-103.66445,44.36982],[-103.66333,44.36861],[-103.66799,44.36532],[-103.67841,44.36303],[-103.67797,44.36093],[-103.68736,44.35896],[-103.68901,44.35589],[-103.69398,44.35487],[-103.69424,44.3478],[-103.69694,44.34389],[-103.69296,44.33827],[-103.69085,44.32821],[-103.7166,44.34757],[-103.73641,44.35911]],[[-103.48174,44.41079],[-103.47636,44.41025],[-103.47214,44.40747],[-103.46668,44.40968],[-103.46986,44.41109],[-103.46976,44.41383],[-103.48174,44.41079]]]}},{"type":"Feature","id":"57245","properties":{"zip":"57245","pop":null,"city":"Kranzburg","county":"Codington","state":"South Dakota","area":0.18,"lat":44.89366,"lon":-96.91835},"geometry":{"type":"Polygon","coordinates":[[[-96.92347,44.89724],[-96.91323,44.89724],[-96.91327,44.89005],[-96.92345,44.89009],[-96.92347,44.89724]]]}},{"type":"Feature","id":"57257","properties":{"zip":"57257","pop":null,"city":"","county":"Roberts","state":"South Dakota","area":53.55,"lat":45.49974,"lon":-97.02977},"geometry":{"type":"Polygon","coordinates":[[[-97.20628,45.48594],[-97.18575,45.48609],[-97.18557,45.51514],[-97.1236,45.51529],[-97.1236,45.51894],[-97.1031,45.51868],[-97.10294,45.54394],[-96.9892,45.5438],[-96.9892,45.55835],[-96.89643,45.55793],[-96.89665,45.52659],[-96.92442,45.47027],[-96.95852,45.47093],[-96.95867,45.45636],[-96.9999,45.45659],[-96.99995,45.47118],[-97.01469,45.47118],[-97.01963,45.45604],[-97.04118,45.4414],[-97.04147,45.42851],[-97.10344,45.42846],[-97.10356,45.4404],[-97.10799,45.44019],[-97.10804,45.47883],[-97.14501,45.47845],[-97.14504,45.48191],[-97.15535,45.48186],[-97.15545,45.47838],[-97.20627,45.47843],[-97.20628,45.48594]]]}},{"type":"Feature","id":"57773","properties":{"zip":"57773","pop":null,"city":"Pringle","county":"Custer","state":"South Dakota","area":4.27,"lat":43.5945,"lon":-103.59306},"geometry":{"type":"Polygon","coordinates":[[[-103.6314,43.58051],[-103.62821,43.58669],[-103.63042,43.59021],[-103.62725,43.59951],[-103.62495,43.60261],[-103.61947,43.60255],[-103.61482,43.60791],[-103.61035,43.60871],[-103.59861,43.6057],[-103.59757,43.61395],[-103.59055,43.61434],[-103.59032,43.60967],[-103.58828,43.60772],[-103.5632,43.60865],[-103.56277,43.57316],[-103.58196,43.5807],[-103.59387,43.58226],[-103.5924,43.58511],[-103.59401,43.58675],[-103.60688,43.58834],[-103.61013,43.58746],[-103.61463,43.58237],[-103.62703,43.58078],[-103.63158,43.57737],[-103.6314,43.58051]]]}},{"type":"Feature","id":"57432","properties":{"zip":"57432","pop":null,"city":"","county":"Brown","state":"South Dakota","area":78.74,"lat":45.6839,"lon":-98.02453},"geometry":{"type":"Polygon","coordinates":[[[-98.18667,45.62492],[-98.1661,45.62498],[-98.16605,45.63217],[-98.15578,45.63225],[-98.15571,45.63967],[-98.14503,45.63961],[-98.14492,45.65389],[-98.13459,45.65391],[-98.13454,45.66828],[-98.12442,45.66846],[-98.12438,45.67571],[-98.09334,45.67567],[-98.09318,45.69009],[-98.08267,45.69018],[-98.08283,45.79172],[-97.97917,45.79158],[-97.97892,45.7843],[-97.95413,45.77757],[-97.93729,45.76955],[-97.91688,45.76969],[-97.91701,45.74803],[-97.93772,45.74802],[-97.93784,45.73347],[-97.9793,45.73355],[-97.97936,45.71905],[-97.96964,45.71907],[-97.96944,45.70455],[-97.96585,45.70455],[-97.94824,45.71681],[-97.94818,45.7113],[-97.93788,45.71135],[-97.93787,45.71897],[-97.91698,45.71891],[-97.91706,45.69692],[-97.9068,45.69688],[-97.90673,45.68988],[-97.91709,45.68991],[-97.91723,45.63185],[-97.9587,45.63184],[-97.95874,45.6174],[-97.97957,45.61748],[-97.97964,45.60299],[-97.95875,45.60289],[-97.95899,45.58842],[-98.04164,45.58857],[-98.04152,45.60304],[-98.10393,45.60325],[-98.10395,45.60881],[-98.13332,45.58876],[-98.14542,45.58877],[-98.14537,45.61778],[-98.18674,45.61781],[-98.18667,45.62492]]]}},{"type":"Feature","id":"57117","properties":{"zip":"57117","pop":null,"city":"Sioux Falls","county":"Minnehaha","state":"South Dakota","area":0.07,"lat":43.53124,"lon":-96.75497},"geometry":{"type":"Polygon","coordinates":[[[-96.7587,43.53303],[-96.75124,43.53306],[-96.75125,43.52943],[-96.75871,43.52943],[-96.7587,43.53303]]]}},{"type":"Feature","id":"57745","properties":{"zip":"57745","pop":null,"city":"","county":"Pennington","state":"South Dakota","area":277.32,"lat":44.01303,"lon":-103.78611},"geometry":{"type":"Polygon","coordinates":[[[-104.05466,44.03117],[-104.05466,44.14108],[-103.65419,44.14076],[-103.65694,44.13768],[-103.65342,44.13468],[-103.65472,44.13374],[-103.65238,44.12844],[-103.65304,44.12447],[-103.65037,44.12293],[-103.64783,44.11454],[-103.64421,44.11123],[-103.64677,44.10972],[-103.64568,44.10725],[-103.65308,44.10721],[-103.65283,44.10616],[-103.64603,44.10667],[-103.63947,44.10397],[-103.63798,44.10247],[-103.63948,44.09726],[-103.62914,44.09471],[-103.6252,44.09043],[-103.62072,44.08915],[-103.62014,44.08633],[-103.61759,44.08525],[-103.61781,44.08757],[-103.61348,44.08923],[-103.6126,44.08496],[-103.61535,44.08325],[-103.59714,44.08593],[-103.60137,44.08065],[-103.59858,44.08006],[-103.59696,44.08208],[-103.59431,44.08083],[-103.59979,44.07672],[-103.59582,44.06085],[-103.59046,44.05989],[-103.59707,44.05714],[-103.58954,44.0469],[-103.58649,44.03918],[-103.5716,44.02892],[-103.57485,44.02315],[-103.57079,44.00946],[-103.56639,44.00883],[-103.52785,43.98419],[-103.52328,43.9776],[-103.51445,43.97285],[-103.52231,43.96562],[-103.51791,43.95947],[-103.50832,43.9528],[-103.51385,43.95062],[-103.51402,43.9461],[-103.51023,43.93665],[-103.51323,43.93063],[-103.51291,43.92282],[-103.4899,43.91551],[-103.49278,43.90942],[-103.48511,43.90742],[-103.48243,43.90485],[-103.48524,43.89852],[-103.4804,43.8957],[-103.47914,43.89065],[-103.484,43.88582],[-103.48267,43.88113],[-103.48516,43.87896],[-103.48127,43.87663],[-103.48275,43.87003],[-103.48401,43.86799],[-103.4862,43.87009],[-103.48945,43.86803],[-103.49428,43.86106],[-103.48722,43.85632],[-103.57811,43.85582],[-103.58227,43.86156],[-103.58608,43.86341],[-103.58431,43.86918],[-103.57855,43.8734],[-103.57845,43.87789],[-103.57683,43.87826],[-103.58069,43.88241],[-103.58461,43.88331],[-103.58296,43.88714],[-103.59179,43.89569],[-103.59427,43.90247],[-103.58978,43.90749],[-103.58846,43.91278],[-103.59262,43.91077],[-103.60396,43.91158],[-103.61239,43.9098],[-103.61701,43.91025],[-103.61599,43.91281],[-103.61859,43.91558],[-103.62823,43.91034],[-103.63263,43.91369],[-103.63362,43.91224],[-103.63766,43.91221],[-103.63818,43.91431],[-103.64121,43.91473],[-103.64665,43.91349],[-103.65353,43.91933],[-103.65337,43.92656],[-103.65813,43.92835],[-103.65671,43.92737],[-103.65895,43.92485],[-103.66083,43.9264],[-103.666,43.92515],[-103.66548,43.92261],[-103.66826,43.92062],[-103.66625,43.91589],[-103.67616,43.90524],[-103.67619,43.91329],[-103.81698,43.91313],[-103.81685,43.88962],[-103.80999,43.88455],[-103.79875,43.88487],[-103.78729,43.88005],[-103.78182,43.88017],[-103.78364,43.87156],[-103.77867,43.85746],[-103.78576,43.85483],[-103.86339,43.8547],[-103.85976,43.8572],[-103.85985,43.86195],[-103.86238,43.86602],[-103.85825,43.87209],[-103.86219,43.87194],[-103.86692,43.87555],[-103.869,43.87514],[-103.8688,43.88059],[-103.88004,43.879],[-103.88505,43.88641],[-103.8906,43.88683],[-103.88992,43.88981],[-103.89911,43.89047],[-103.90131,43.89722],[-103.91261,43.91072],[-103.91584,43.91834],[-103.90877,43.94001],[-103.91142,43.94412],[-103.90964,43.94559],[-103.91012,43.9494],[-103.92788,43.95274],[-103.94286,43.94824],[-103.95126,43.94882],[-103.95222,43.95522],[-103.96408,43.96306],[-103.96344,43.96797],[-103.96591,43.97806],[-103.97016,43.98368],[-104.01082,43.98021],[-104.01611,43.98551],[-104.01925,43.98501],[-104.02105,43.97849],[-104.04424,43.97227],[-104.05488,43.97239],[-104.05466,44.03117]]]}},{"type":"Feature","id":"57470","properties":{"zip":"57470","pop":null,"city":"","county":"Hand","state":"South Dakota","area":106.96,"lat":44.87724,"lon":-98.86706},"geometry":{"type":"Polygon","coordinates":[[[-98.98795,44.8668],[-98.98788,44.89706],[-98.96105,44.89703],[-98.961,44.92597],[-98.85897,44.92601],[-98.8587,44.9695],[-98.94116,44.96974],[-98.93569,44.98407],[-98.94044,44.98416],[-98.94024,44.99848],[-98.91987,44.99852],[-98.91979,45.00166],[-98.90982,45.00283],[-98.90857,45.01301],[-98.8381,45.0129],[-98.83813,45.02737],[-98.7374,45.02731],[-98.73711,44.98384],[-98.77793,44.98375],[-98.77758,44.89703],[-98.7869,44.89705],[-98.78693,44.85232],[-98.80721,44.85259],[-98.80741,44.79443],[-98.82563,44.79467],[-98.82586,44.72206],[-98.94744,44.72175],[-98.94739,44.81575],[-98.93859,44.81581],[-98.93875,44.82347],[-98.96768,44.82337],[-98.96763,44.85235],[-98.98792,44.85233],[-98.98795,44.8668]]]}},{"type":"Feature","id":"57660","properties":{"zip":"57660","pop":null,"city":"","county":"Corson","state":"South Dakota","area":138.1,"lat":45.83053,"lon":-101.5331},"geometry":{"type":"Polygon","coordinates":[[[-101.70026,45.93747],[-101.70027,45.94438],[-101.64545,45.94435],[-101.64536,45.97321],[-101.66625,45.97334],[-101.66616,45.9934],[-101.6543,45.9936],[-101.65595,46.00473],[-101.64712,46.01156],[-101.66405,46.01141],[-101.66515,46.01164],[-101.66741,46.01384],[-101.66357,46.01582],[-101.66453,46.01164],[-101.65731,46.01221],[-101.65715,46.01481],[-101.66069,46.01401],[-101.65511,46.01698],[-101.65203,46.01428],[-101.64554,46.01515],[-101.6433,46.02065],[-101.65003,46.02399],[-101.64314,46.02463],[-101.64645,46.02751],[-101.64553,46.02964],[-101.64369,46.0281],[-101.63516,46.03009],[-101.63854,46.03235],[-101.63503,46.03562],[-101.63811,46.03713],[-101.63142,46.03795],[-101.63168,46.03601],[-101.62272,46.03703],[-101.62121,46.03525],[-101.62268,46.03301],[-101.61989,46.03013],[-101.61661,46.03088],[-101.61562,46.02892],[-101.61729,46.02675],[-101.61437,46.0236],[-101.61004,46.02323],[-101.61151,46.01889],[-101.60328,46.01677],[-101.60003,46.01343],[-101.59816,46.01446],[-101.59971,46.01677],[-101.59439,46.01759],[-101.5936,46.01561],[-101.5958,46.01471],[-101.59193,46.00955],[-101.58858,46.0101],[-101.59039,46.01309],[-101.58563,46.01184],[-101.58809,46.01652],[-101.58377,46.01569],[-101.5797,46.01812],[-101.5794,46.02073],[-101.57422,46.02294],[-101.57662,46.02493],[-101.57475,46.02553],[-101.57166,46.02182],[-101.56776,46.0237],[-101.56819,46.01908],[-101.56349,46.01796],[-101.56307,46.01647],[-101.56707,46.01439],[-101.56181,46.01279],[-101.56685,45.9892],[-101.5646,45.98501],[-101.56125,45.9652],[-101.56188,45.94423],[-101.43235,45.94379],[-101.43224,45.92012],[-101.53523,45.91941],[-101.45229,45.90363],[-101.45228,45.8189],[-101.41452,45.8188],[-101.41123,45.81491],[-101.41221,45.81076],[-101.40937,45.80604],[-101.41111,45.79752],[-101.41442,45.79214],[-101.4186,45.7898],[-101.4316,45.78916],[-101.43173,45.76109],[-101.37023,45.76035],[-101.36871,45.74657],[-101.33852,45.74635],[-101.33728,45.70062],[-101.33264,45.69418],[-101.33283,45.69187],[-101.34412,45.68565],[-101.34686,45.68229],[-101.34683,45.69233],[-101.35251,45.69443],[-101.36037,45.69394],[-101.35948,45.70026],[-101.37996,45.7015],[-101.38395,45.71434],[-101.39262,45.71474],[-101.39807,45.71014],[-101.40781,45.71401],[-101.41188,45.71367],[-101.4173,45.71011],[-101.41311,45.70512],[-101.41521,45.70055],[-101.42008,45.69849],[-101.4274,45.69967],[-101.43426,45.69569],[-101.45177,45.69662],[-101.45184,45.69461],[-101.4454,45.68948],[-101.44537,45.68658],[-101.45278,45.68216],[-101.4621,45.68395],[-101.47129,45.6887],[-101.47475,45.68843],[-101.47895,45.68479],[-101.48252,45.67158],[-101.48528,45.67154],[-101.49248,45.67793],[-101.50331,45.67652],[-101.49689,45.67137],[-101.49619,45.66872],[-101.50022,45.66344],[-101.50409,45.66441],[-101.50556,45.67267],[-101.51592,45.67713],[-101.51924,45.68125],[-101.5239,45.67961],[-101.53462,45.67215],[-101.53915,45.67119],[-101.5374,45.67014],[-101.53871,45.66936],[-101.54347,45.66846],[-101.53638,45.66395],[-101.53691,45.66179],[-101.5402,45.66179],[-101.54111,45.65872],[-101.54563,45.65864],[-101.54404,45.65785],[-101.54555,45.65579],[-101.54423,45.654],[-101.54619,45.65269],[-101.54429,45.65146],[-101.54721,45.64795],[-101.54549,45.64698],[-101.54687,45.64556],[-101.59389,45.64544],[-101.59365,45.73193],[-101.5762,45.73188],[-101.57619,45.84778],[-101.55587,45.84779],[-101.55593,45.8912],[-101.59714,45.89115],[-101.59712,45.86226],[-101.70044,45.86227],[-101.70026,45.93747]]]}},{"type":"Feature","id":"57197","properties":{"zip":"57197","pop":null,"city":"Sioux Falls","county":"Minnehaha","state":"South Dakota","area":0.06,"lat":43.52437,"lon":-96.73862},"geometry":{"type":"Polygon","coordinates":[[[-96.74124,43.52597],[-96.73625,43.52726],[-96.73623,43.52208],[-96.74123,43.52211],[-96.74124,43.52597]]]}},{"type":"Feature","id":"57264","properties":{"zip":"57264","pop":null,"city":"","county":"Grant","state":"South Dakota","area":31.3,"lat":45.10863,"lon":-96.80238},"geometry":{"type":"Polygon","coordinates":[[[-96.88346,45.15023],[-96.7424,45.1495],[-96.74221,45.13526],[-96.70127,45.13562],[-96.70097,45.12106],[-96.72156,45.12095],[-96.72071,45.06293],[-96.76087,45.06274],[-96.76101,45.07717],[-96.82177,45.078],[-96.82155,45.06356],[-96.8828,45.06377],[-96.88346,45.15023]]]}},{"type":"Feature","id":"57364","properties":{"zip":"57364","pop":null,"city":"New Holland","county":"Douglas","state":"South Dakota","area":0.78,"lat":43.43448,"lon":-98.61795},"geometry":{"type":"Polygon","coordinates":[[[-98.62878,43.44206],[-98.6089,43.44215],[-98.6089,43.4312],[-98.6036,43.43089],[-98.60361,43.42779],[-98.61119,43.42636],[-98.61117,43.42775],[-98.62875,43.42769],[-98.62878,43.44206]]]}},{"type":"Feature","id":"57567","properties":{"zip":"57567","pop":null,"city":"","county":"Haakon","state":"South Dakota","area":699.68,"lat":44.13522,"lon":-101.71522},"geometry":{"type":"Polygon","coordinates":[[[-102.00723,44.34378],[-102.00096,44.34383],[-102.00107,44.51093],[-101.99753,44.51304],[-101.99605,44.5189],[-101.98681,44.52475],[-101.97859,44.52275],[-101.97388,44.52684],[-101.96786,44.52508],[-101.95928,44.52845],[-101.9464,44.52866],[-101.93956,44.5351],[-101.93476,44.53163],[-101.93003,44.5309],[-101.93005,44.50888],[-101.91208,44.49051],[-101.91461,44.48756],[-101.92082,44.48649],[-101.92079,44.47526],[-101.91737,44.47361],[-101.89456,44.47359],[-101.83515,44.40511],[-101.82451,44.40138],[-101.69892,44.40128],[-101.69881,44.35795],[-101.6869,44.35805],[-101.67876,44.36031],[-101.67885,44.40125],[-101.58069,44.40121],[-101.54558,44.39886],[-101.52738,44.40258],[-101.50042,44.39476],[-101.46122,44.36633],[-101.46724,44.36197],[-101.47254,44.3618],[-101.47199,44.3588],[-101.47443,44.35478],[-101.48518,44.35094],[-101.49753,44.35262],[-101.5,44.35053],[-101.50049,44.34341],[-101.52714,44.34336],[-101.5271,44.32604],[-101.37686,44.34685],[-101.37738,44.32776],[-101.3793,44.32429],[-101.37612,44.31741],[-101.37378,44.29988],[-101.36727,44.29802],[-101.36661,44.26985],[-101.34715,44.26989],[-101.34705,44.22632],[-101.44701,44.22629],[-101.44743,44.198],[-101.46703,44.19739],[-101.46719,44.11073],[-101.47556,44.10374],[-101.48692,44.10316],[-101.48717,44.04815],[-101.48998,44.04778],[-101.49112,44.04491],[-101.4781,44.04616],[-101.48011,44.0453],[-101.48,44.04268],[-101.48238,44.04236],[-101.48006,44.03879],[-101.47456,44.04498],[-101.47144,44.04291],[-101.46762,44.04405],[-101.46952,44.04192],[-101.46773,44.04089],[-101.46244,44.04241],[-101.46015,44.04002],[-101.45784,44.04387],[-101.45728,44.04247],[-101.44568,44.04396],[-101.44382,44.04135],[-101.44854,44.03984],[-101.45019,44.03715],[-101.44375,44.03583],[-101.44129,44.03802],[-101.4336,44.03643],[-101.43231,44.03443],[-101.42507,44.03632],[-101.41805,44.04144],[-101.40663,44.04368],[-101.40727,43.99514],[-101.54159,43.99489],[-101.54196,43.9657],[-101.52271,43.96553],[-101.52266,43.93708],[-101.53621,43.93703],[-101.52274,43.92512],[-101.52264,43.87208],[-101.54187,43.87194],[-101.54196,43.87917],[-101.56117,43.87928],[-101.56188,43.89372],[-101.58197,43.89367],[-101.58205,43.87953],[-101.5837,43.87855],[-101.66121,43.87919],[-101.66122,43.86462],[-101.6811,43.86474],[-101.68297,43.85811],[-101.69132,43.85025],[-101.70109,43.85015],[-101.70132,43.87919],[-101.74145,43.87929],[-101.74134,43.86592],[-101.76126,43.86592],[-101.76113,43.83545],[-101.74116,43.83544],[-101.74136,43.749],[-101.76147,43.74843],[-101.76121,43.7345],[-101.81378,43.73505],[-101.81404,43.73148],[-101.79756,43.71621],[-101.79477,43.70671],[-101.80202,43.70572],[-101.81501,43.70751],[-101.85005,43.71848],[-101.85979,43.71972],[-101.88348,43.71974],[-101.89358,43.71686],[-101.91142,43.71967],[-101.93969,43.71956],[-101.93963,43.73227],[-101.9197,43.73417],[-101.9197,43.74141],[-101.89966,43.74121],[-101.89961,43.7487],[-101.88978,43.74876],[-101.89019,43.79219],[-101.90903,43.79207],[-101.9089,43.78414],[-101.94501,43.78426],[-101.93964,43.78968],[-101.93966,43.84976],[-101.95968,43.84991],[-101.95967,43.86792],[-101.98004,43.87674],[-101.97956,43.89338],[-101.93985,43.89316],[-101.93973,43.90407],[-101.93441,43.90187],[-101.90764,43.91085],[-101.89962,43.91112],[-101.89885,43.95693],[-101.9095,43.95712],[-101.90971,43.96374],[-101.89965,43.96396],[-101.89967,43.97973],[-101.88707,43.98097],[-101.88723,44.03821],[-101.9473,44.03853],[-101.94734,44.05197],[-101.88722,44.05268],[-101.88821,44.08164],[-101.90732,44.08226],[-101.9072,44.10928],[-101.90945,44.11108],[-101.90721,44.11164],[-101.9073,44.1396],[-101.84745,44.13894],[-101.84747,44.15391],[-101.87247,44.15436],[-101.87317,44.16864],[-101.88713,44.16939],[-101.88717,44.19757],[-101.92694,44.19741],[-101.92739,44.21961],[-101.9313,44.2222],[-101.9347,44.22879],[-101.94224,44.2345],[-101.94342,44.23821],[-101.94345,44.24074],[-101.86761,44.24084],[-101.8677,44.28426],[-101.88731,44.28491],[-101.88797,44.29871],[-101.9436,44.29867],[-101.94783,44.30149],[-101.95293,44.30147],[-101.96667,44.29839],[-101.99065,44.30069],[-101.99698,44.30305],[-102.00421,44.3096],[-102.00752,44.30991],[-102.00723,44.34378]]]}},{"type":"Feature","id":"57571","properties":{"zip":"57571","pop":null,"city":"","county":"Gregory","state":"South Dakota","area":7.74,"lat":43.04164,"lon":-99.09034},"geometry":{"type":"Polygon","coordinates":[[[-99.11969,43.09622],[-99.09995,43.0861],[-99.09997,43.09146],[-99.09099,43.09132],[-99.09073,43.08287],[-99.08019,43.08232],[-99.08016,43.0389],[-99.06047,43.03899],[-99.06074,43.00514],[-99.07232,43.00638],[-99.07551,43.01087],[-99.07904,43.01175],[-99.08014,42.99835],[-99.09842,42.99829],[-99.09985,43.02447],[-99.11879,43.02448],[-99.1188,43.03933],[-99.11045,43.03927],[-99.11002,43.0531],[-99.09989,43.05322],[-99.09962,43.06701],[-99.09991,43.0777],[-99.11961,43.0778],[-99.11969,43.09622]]]}},{"type":"Feature","id":"57580","properties":{"zip":"57580","pop":null,"city":"","county":"Tripp","state":"South Dakota","area":751.26,"lat":43.28978,"lon":-100.0578},"geometry":{"type":"Polygon","coordinates":[[[-100.4134,43.10381],[-100.29738,43.1037],[-100.2973,43.12891],[-100.27314,43.12913],[-100.27363,43.15782],[-100.28771,43.15786],[-100.28786,43.16194],[-100.28077,43.16255],[-100.27834,43.16576],[-100.27391,43.16032],[-100.26932,43.15991],[-100.26795,43.1623],[-100.26493,43.16208],[-100.25525,43.15578],[-100.25144,43.15883],[-100.25082,43.16316],[-100.25355,43.16425],[-100.25339,43.1662],[-100.24437,43.16566],[-100.24801,43.17056],[-100.24393,43.17373],[-100.24929,43.17636],[-100.26977,43.17153],[-100.27477,43.17569],[-100.28728,43.17606],[-100.30095,43.18455],[-100.30196,43.18842],[-100.30849,43.19218],[-100.31362,43.19224],[-100.31285,43.20839],[-100.33246,43.20884],[-100.33365,43.26257],[-100.33138,43.27548],[-100.33388,43.28237],[-100.33194,43.31751],[-100.38191,43.31758],[-100.38215,43.3402],[-100.34331,43.34583],[-100.33662,43.35115],[-100.33256,43.36329],[-100.31325,43.37233],[-100.3136,43.39009],[-100.3426,43.38996],[-100.34252,43.40458],[-100.3339,43.40459],[-100.33259,43.40653],[-100.3324,43.45527],[-100.32236,43.45563],[-100.32223,43.44808],[-100.3037,43.44813],[-100.30405,43.46656],[-100.29397,43.46655],[-100.29398,43.47485],[-100.27614,43.47806],[-100.23099,43.47798],[-100.23085,43.71386],[-100.22611,43.71453],[-100.22431,43.71215],[-100.22443,43.69736],[-100.21028,43.68343],[-100.20504,43.6883],[-100.19685,43.70444],[-100.18992,43.70616],[-100.1619,43.70439],[-100.14036,43.69452],[-100.13861,43.69602],[-100.14481,43.70327],[-100.1326,43.70318],[-100.12297,43.69649],[-100.11945,43.6883],[-100.11517,43.68543],[-100.11053,43.68589],[-100.10577,43.69436],[-100.08717,43.68519],[-100.08338,43.68585],[-100.07754,43.69203],[-100.04777,43.69318],[-100.04559,43.69786],[-100.04709,43.70306],[-100.04321,43.70442],[-100.03348,43.70158],[-100.0311,43.69754],[-100.01333,43.70784],[-100.00817,43.70675],[-100.00693,43.70473],[-100.01099,43.69533],[-100.00992,43.68722],[-100.02092,43.6873],[-100.02111,43.66525],[-99.98096,43.66492],[-99.98108,43.65764],[-100.00119,43.65774],[-100.00135,43.63791],[-100.01042,43.63787],[-100.01051,43.63023],[-100.02088,43.63025],[-100.02109,43.61523],[-100.04103,43.61535],[-100.0411,43.57234],[-100.09994,43.57236],[-100.09994,43.57954],[-100.10995,43.57959],[-100.11003,43.57251],[-100.12024,43.57256],[-100.12017,43.57954],[-100.15081,43.5797],[-100.151,43.55899],[-100.14109,43.55893],[-100.14109,43.54402],[-100.1507,43.54396],[-100.15077,43.53688],[-100.12055,43.53661],[-100.12057,43.5001],[-100.11534,43.50021],[-100.11535,43.49402],[-100.10606,43.49406],[-100.10608,43.48784],[-100.11542,43.48785],[-100.11557,43.47333],[-100.14604,43.47334],[-100.14613,43.44436],[-100.1659,43.44438],[-100.16722,43.41542],[-100.04763,43.41551],[-100.04768,43.41873],[-100.04038,43.41535],[-100.02783,43.41532],[-100.02787,43.42987],[-99.98919,43.42977],[-99.98922,43.47325],[-99.96931,43.47325],[-99.96935,43.50002],[-99.82201,43.49992],[-99.82238,43.51431],[-99.79816,43.51467],[-99.74294,43.51442],[-99.74309,43.49983],[-99.72234,43.49961],[-99.723,43.48747],[-99.69229,43.4873],[-99.6923,43.41495],[-99.59333,43.41475],[-99.59328,43.3857],[-99.58333,43.38573],[-99.58333,43.38121],[-99.58681,43.38072],[-99.58496,43.37887],[-99.58888,43.37569],[-99.59332,43.37548],[-99.59335,43.37131],[-99.61251,43.37138],[-99.61305,43.38566],[-99.63301,43.38564],[-99.63299,43.37133],[-99.6526,43.37137],[-99.65254,43.35687],[-99.71216,43.35713],[-99.71212,43.32818],[-99.81045,43.3288],[-99.81072,43.31392],[-99.83054,43.31396],[-99.83054,43.27608],[-99.81078,43.27604],[-99.81078,43.27046],[-99.83041,43.27057],[-99.83006,43.25606],[-99.87018,43.2561],[-99.87018,43.27059],[-99.85035,43.2706],[-99.85046,43.29954],[-99.87019,43.29961],[-99.87019,43.31395],[-99.8898,43.31398],[-99.88981,43.22713],[-99.92942,43.22716],[-99.92939,43.21272],[-99.8898,43.21264],[-99.8898,43.19816],[-99.87007,43.1981],[-99.86977,43.11127],[-99.86028,43.11125],[-99.86018,43.08232],[-99.86474,43.08232],[-99.86473,43.07852],[-99.86019,43.07852],[-99.8602,43.07476],[-99.87006,43.07493],[-99.86993,43.06813],[-99.83156,43.06778],[-99.8303,43.08221],[-99.81054,43.08219],[-99.81054,43.05343],[-99.78399,43.05324],[-99.78054,43.04596],[-99.77523,43.04513],[-99.77117,43.04942],[-99.77108,43.11117],[-99.73138,43.11099],[-99.73397,43.10257],[-99.73134,43.09654],[-99.7267,43.09303],[-99.71163,43.09328],[-99.71164,43.0821],[-99.75111,43.08203],[-99.752,43.07308],[-99.76163,43.06119],[-99.76094,43.05627],[-99.7562,43.05264],[-99.75595,43.05035],[-99.74887,43.04738],[-99.74883,43.04483],[-99.75109,43.04392],[-99.75092,43.03878],[-99.77107,43.03878],[-99.77106,43.02036],[-99.768,43.02129],[-99.76397,43.01927],[-99.76536,43.01727],[-99.76069,43.01477],[-99.7639,43.01322],[-99.75656,43.01039],[-99.75346,43.01448],[-99.75579,43.01899],[-99.75042,43.02119],[-99.74687,43.01921],[-99.7465,43.01454],[-99.74857,43.01401],[-99.74511,43.01123],[-99.74134,43.01284],[-99.74134,43.01682],[-99.73132,43.01684],[-99.73073,43.01273],[-99.72559,43.01434],[-99.72367,43.00822],[-99.72684,42.99789],[-100.35514,42.99876],[-100.35405,43.02409],[-100.37343,43.0241],[-100.37385,43.04577],[-100.41334,43.0458],[-100.4134,43.10381]]]}},{"type":"Feature","id":"57626","properties":{"zip":"57626","pop":null,"city":"","county":"Perkins","state":"South Dakota","area":925.03,"lat":44.9965,"lon":-102.17566},"geometry":{"type":"Polygon","coordinates":[[[-102.83765,45.14157],[-102.83328,45.14604],[-102.82871,45.14816],[-102.8257,45.14743],[-102.81612,45.14259],[-102.81529,45.14029],[-102.81741,45.13856],[-102.81558,45.13699],[-102.80265,45.13691],[-102.80199,45.13123],[-102.798,45.13072],[-102.79396,45.13486],[-102.78526,45.13385],[-102.78667,45.13788],[-102.78517,45.14403],[-102.79344,45.1488],[-102.78821,45.15169],[-102.77536,45.15331],[-102.78168,45.1602],[-102.76547,45.16234],[-102.76162,45.16107],[-102.76128,45.15463],[-102.75747,45.15199],[-102.74875,45.15896],[-102.74572,45.15854],[-102.74671,45.15473],[-102.74465,45.15406],[-102.74153,45.1603],[-102.73767,45.15791],[-102.73427,45.15024],[-102.7222,45.14953],[-102.71899,45.15106],[-102.72043,45.15839],[-102.71488,45.16377],[-102.71653,45.16868],[-102.71284,45.16781],[-102.71273,45.17634],[-102.69281,45.17663],[-102.69198,45.16946],[-102.59019,45.16939],[-102.59027,45.12588],[-102.46795,45.12603],[-102.46792,45.21283],[-102.34407,45.2126],[-102.34465,45.29964],[-101.99939,45.29919],[-102.00008,45.18869],[-101.99261,45.19022],[-101.99688,45.19872],[-101.99358,45.20057],[-101.97231,45.19619],[-101.95799,45.19707],[-101.96219,45.20478],[-101.95752,45.21298],[-101.94982,45.20909],[-101.94934,45.20381],[-101.94081,45.19786],[-101.93899,45.19333],[-101.92669,45.19432],[-101.92747,45.19084],[-101.91986,45.19224],[-101.91579,45.19558],[-101.92316,45.20219],[-101.92403,45.20503],[-101.91022,45.20382],[-101.91021,45.19673],[-101.90826,45.19565],[-101.89586,45.1994],[-101.88745,45.20752],[-101.88445,45.2059],[-101.885,45.19513],[-101.88334,45.19479],[-101.86824,45.20771],[-101.85559,45.19219],[-101.85499,45.18898],[-101.84807,45.18905],[-101.85047,45.18425],[-101.84723,45.18218],[-101.84709,45.17676],[-101.83634,45.17209],[-101.82943,45.16553],[-101.82438,45.15123],[-101.82621,45.14292],[-101.81339,45.123],[-101.81337,45.11093],[-101.82212,45.11094],[-101.83926,45.11882],[-101.86559,45.11857],[-101.8743,45.12215],[-101.87458,45.03859],[-101.83371,45.04907],[-101.83345,45.03849],[-101.82577,45.03845],[-101.82572,45.00899],[-101.90696,45.00911],[-101.90667,44.89229],[-101.89391,44.89285],[-101.8925,44.8871],[-101.87931,44.8712],[-101.87441,44.87086],[-101.87232,44.86888],[-101.86813,44.85717],[-101.86186,44.85146],[-101.86224,44.86288],[-101.63157,44.86375],[-101.62269,44.86048],[-101.6227,44.72751],[-101.6357,44.70931],[-101.63752,44.70403],[-101.64819,44.70123],[-101.64899,44.69456],[-101.65447,44.68944],[-101.6617,44.69503],[-101.69826,44.6986],[-101.69809,44.69201],[-101.76857,44.69174],[-101.77938,44.68964],[-101.9556,44.68972],[-101.96583,44.68709],[-101.98249,44.68992],[-102.16714,44.68994],[-102.16711,44.71894],[-102.19146,44.71728],[-102.19657,44.71885],[-102.19485,44.72712],[-102.19708,44.73119],[-102.19479,44.7401],[-102.19714,44.74471],[-102.1955,44.74796],[-102.19899,44.74896],[-102.20253,44.74688],[-102.20403,44.74842],[-102.20283,44.75973],[-102.20517,44.76147],[-102.20541,44.76872],[-102.21525,44.77801],[-102.21635,44.78165],[-102.22665,44.78704],[-102.22833,44.7912],[-102.26848,44.7912],[-102.26815,44.84889],[-102.24824,44.84919],[-102.24838,44.93577],[-102.22803,44.93613],[-102.22802,44.95046],[-102.37962,44.94994],[-102.39075,44.93762],[-102.39071,44.93113],[-102.39906,44.93127],[-102.39932,44.92983],[-102.4167,44.93563],[-102.45179,44.93594],[-102.45186,44.97773],[-102.49126,44.9782],[-102.49138,44.94996],[-102.55244,44.95047],[-102.55278,44.93611],[-102.53763,44.9358],[-102.53797,44.92144],[-102.57338,44.92159],[-102.57332,44.89272],[-102.59339,44.89273],[-102.5936,44.91345],[-102.61358,44.91363],[-102.61345,44.93556],[-102.60815,44.93563],[-102.60872,44.94295],[-102.60041,44.94343],[-102.6004,44.95039],[-102.71503,44.95071],[-102.7153,45.00849],[-102.74596,45.00876],[-102.74598,45.00688],[-102.7613,45.00685],[-102.76144,45.0231],[-102.7563,45.02307],[-102.75769,45.03928],[-102.8351,45.03934],[-102.83581,45.13235],[-102.83119,45.13676],[-102.83304,45.14193],[-102.83552,45.14327],[-102.83816,45.13831],[-102.83765,45.14157]]]}},{"type":"Feature","id":"57636","properties":{"zip":"57636","pop":null,"city":"","county":"Dewey","state":"South Dakota","area":14.65,"lat":45.02908,"lon":-101.45413},"geometry":{"type":"Polygon","coordinates":[[[-101.50104,45.00826],[-101.50098,45.03834],[-101.48659,45.03837],[-101.48619,45.08177],[-101.46593,45.08177],[-101.46574,45.06833],[-101.44533,45.06486],[-101.44187,45.06075],[-101.44314,45.05667],[-101.44119,45.05357],[-101.42515,45.05171],[-101.42403,45.03832],[-101.38353,45.03829],[-101.37992,45.03311],[-101.37997,45.02294],[-101.40031,45.02292],[-101.40037,45.01597],[-101.42077,45.01674],[-101.42073,44.99394],[-101.50099,44.99365],[-101.50104,45.00826]]]}},{"type":"Feature","id":"57649","properties":{"zip":"57649","pop":null,"city":"","county":"Perkins","state":"South Dakota","area":378.2,"lat":45.48989,"lon":-102.86142},"geometry":{"type":"Polygon","coordinates":[[[-103.23686,45.73294],[-103.21102,45.73299],[-103.21126,45.77652],[-103.20457,45.77739],[-103.0788,45.77526],[-103.06643,45.77653],[-103.06657,45.76796],[-103.06879,45.7653],[-103.06594,45.75769],[-103.06687,45.74869],[-103.06269,45.73357],[-103.06438,45.7193],[-102.9919,45.71943],[-102.9906,45.73456],[-102.96629,45.73108],[-102.94849,45.73388],[-102.94245,45.73286],[-102.94272,45.76191],[-102.88053,45.76178],[-102.88051,45.74184],[-102.86364,45.7401],[-102.84522,45.73285],[-102.82703,45.73257],[-102.82742,45.68332],[-102.8226,45.68054],[-102.8163,45.67135],[-102.8102,45.66825],[-102.77768,45.6728],[-102.77482,45.67479],[-102.77485,45.679],[-102.76425,45.68534],[-102.75706,45.68438],[-102.74877,45.67292],[-102.7463,45.67224],[-102.74488,45.68461],[-102.74662,45.69274],[-102.74481,45.69455],[-102.74475,45.70376],[-102.7418,45.70672],[-102.74044,45.71282],[-102.72438,45.72189],[-102.72403,45.73267],[-102.70327,45.73267],[-102.70399,45.531],[-102.64282,45.53099],[-102.64278,45.51649],[-102.68399,45.51651],[-102.68388,45.47261],[-102.56035,45.47296],[-102.5605,45.42341],[-102.56467,45.4141],[-102.56846,45.3903],[-102.57134,45.38601],[-102.68355,45.38621],[-102.68231,45.34749],[-102.67216,45.3369],[-102.67219,45.32234],[-102.66955,45.31926],[-102.66965,45.31558],[-102.65905,45.31593],[-102.65984,45.31327],[-102.65481,45.315],[-102.6522,45.31247],[-102.65205,45.31567],[-102.65001,45.31345],[-102.64843,45.31553],[-102.64619,45.31387],[-102.64539,45.31493],[-102.65051,45.32014],[-102.64811,45.32062],[-102.64688,45.31895],[-102.64506,45.32225],[-102.64098,45.32008],[-102.64126,45.31409],[-102.63732,45.31233],[-102.63738,45.31483],[-102.63353,45.31487],[-102.63073,45.31717],[-102.62658,45.31299],[-102.62351,45.31371],[-102.62393,45.31184],[-102.62076,45.31466],[-102.62045,45.31306],[-102.61536,45.31448],[-102.6112,45.31298],[-102.61104,45.3143],[-102.609,45.31369],[-102.60992,45.31147],[-102.60772,45.31289],[-102.60665,45.31144],[-102.60187,45.31439],[-102.5978,45.31404],[-102.5974,45.31681],[-102.59227,45.31749],[-102.59316,45.31443],[-102.59011,45.31397],[-102.59002,45.29974],[-102.67393,45.30007],[-102.67398,45.2915],[-102.6721,45.2888],[-102.67212,45.25709],[-102.66865,45.25373],[-102.6737,45.24992],[-102.69787,45.24978],[-102.71267,45.25648],[-102.71283,45.17173],[-102.72802,45.1734],[-102.73153,45.17911],[-102.76596,45.19846],[-102.79482,45.19852],[-102.79483,45.24796],[-102.79557,45.25258],[-102.80445,45.25633],[-102.80659,45.27469],[-102.81329,45.27085],[-102.82685,45.27083],[-102.83457,45.26733],[-102.8437,45.26632],[-102.84898,45.27074],[-102.90031,45.26991],[-102.90495,45.24292],[-102.91762,45.24071],[-102.91764,45.22697],[-102.91376,45.21078],[-102.91757,45.20216],[-102.91801,45.18494],[-102.92643,45.18062],[-102.93654,45.18519],[-102.9432,45.18553],[-102.94939,45.18448],[-102.95319,45.17942],[-102.9574,45.17888],[-102.95728,45.21285],[-103.22251,45.21286],[-103.2223,45.24163],[-103.212,45.25635],[-103.16399,45.256],[-103.16003,45.25447],[-103.15311,45.25617],[-103.08382,45.25599],[-103.06138,45.24902],[-103.0451,45.24736],[-103.03471,45.24354],[-103.02874,45.24456],[-103.02003,45.2505],[-103.01399,45.2581],[-102.9998,45.26086],[-102.99203,45.26574],[-102.98891,45.26937],[-102.98757,45.27849],[-102.97156,45.27919],[-102.96628,45.28147],[-102.95729,45.28044],[-102.95704,45.35773],[-102.95126,45.36049],[-102.94321,45.35768],[-102.91791,45.35761],[-102.91791,45.34742],[-102.90469,45.34323],[-102.83607,45.34317],[-102.83597,45.38629],[-102.828,45.3861],[-102.82749,45.47305],[-102.93039,45.47301],[-102.93036,45.48768],[-102.88917,45.48764],[-102.88917,45.56003],[-102.95096,45.56011],[-102.95087,45.58896],[-103.00586,45.58905],[-103.00559,45.59698],[-102.99767,45.61135],[-102.99739,45.64241],[-102.99523,45.64698],[-103.02634,45.6552],[-103.04044,45.66413],[-103.06106,45.66229],[-103.07687,45.66715],[-103.08866,45.66425],[-103.10274,45.66687],[-103.1271,45.66546],[-103.13833,45.6677],[-103.14631,45.67313],[-103.17462,45.67701],[-103.20562,45.67452],[-103.2168,45.67559],[-103.21373,45.69207],[-103.21671,45.69741],[-103.21693,45.70397],[-103.23221,45.70447],[-103.23206,45.72358],[-103.23686,45.73294]]]}},{"type":"Feature","id":"57706","properties":{"zip":"57706","pop":null,"city":"Box Elder","county":"Meade","state":"South Dakota","area":4.4,"lat":44.15644,"lon":-103.09567},"geometry":{"type":"Polygon","coordinates":[[[-103.12674,44.16348],[-103.1285,44.16529],[-103.12645,44.16366],[-103.12222,44.16554],[-103.12092,44.1765],[-103.09067,44.17643],[-103.09069,44.17279],[-103.07576,44.173],[-103.07578,44.1582],[-103.08097,44.15797],[-103.08096,44.15456],[-103.06976,44.15447],[-103.06979,44.14946],[-103.06066,44.14942],[-103.06066,44.14301],[-103.0709,44.14244],[-103.07194,44.13194],[-103.08041,44.13677],[-103.08085,44.12897],[-103.08681,44.13661],[-103.08701,44.14081],[-103.11416,44.14081],[-103.11868,44.153],[-103.12914,44.16192],[-103.12674,44.16348]]]}},{"type":"Feature","id":"57714","properties":{"zip":"57714","pop":null,"city":"","county":"Bennett","state":"South Dakota","area":118.03,"lat":43.32688,"lon":-101.91844},"geometry":{"type":"Polygon","coordinates":[[[-102.09953,43.24528],[-102.08973,43.24522],[-102.08959,43.26872],[-102.09477,43.27107],[-102.094,43.27845],[-102.09752,43.28407],[-102.09646,43.29466],[-102.09375,43.29772],[-102.09473,43.30754],[-102.08663,43.30689],[-102.08173,43.3175],[-102.08134,43.32286],[-102.07353,43.32204],[-102.06344,43.32644],[-102.04976,43.32318],[-102.052,43.32798],[-102.05136,43.33353],[-102.06148,43.3452],[-102.07386,43.35454],[-102.07134,43.35997],[-102.07675,43.36262],[-102.07795,43.36566],[-102.08461,43.36851],[-102.07886,43.3701],[-102.08079,43.37271],[-102.08831,43.37456],[-102.0868,43.37623],[-102.09455,43.38993],[-102.0056,43.3901],[-102.00657,43.40546],[-102.00223,43.41222],[-102.00674,43.41819],[-102.00974,43.42654],[-101.99745,43.43693],[-101.98528,43.43303],[-101.98114,43.42688],[-101.97976,43.4306],[-101.97565,43.43287],[-101.97032,43.43289],[-101.96988,43.43088],[-101.96546,43.42994],[-101.95279,43.43921],[-101.93934,43.43568],[-101.93553,43.43285],[-101.93487,43.41787],[-101.92957,43.40532],[-101.92948,43.38937],[-101.75418,43.38901],[-101.75325,43.33144],[-101.74514,43.32702],[-101.74052,43.32831],[-101.73525,43.32569],[-101.72186,43.32654],[-101.72035,43.32489],[-101.71882,43.27995],[-101.73314,43.2778],[-101.73516,43.27574],[-101.75107,43.27557],[-101.76675,43.26022],[-101.79215,43.27075],[-101.7956,43.27594],[-101.80892,43.27384],[-101.81865,43.28271],[-101.82297,43.28152],[-101.82193,43.27522],[-101.8251,43.27568],[-101.82433,43.27774],[-101.82759,43.27893],[-101.83082,43.27875],[-101.83166,43.27633],[-101.83604,43.27864],[-101.84125,43.27219],[-101.84411,43.27348],[-101.85377,43.26667],[-101.85621,43.2683],[-101.85525,43.2725],[-101.871,43.27622],[-101.87096,43.21594],[-101.91064,43.21603],[-101.91085,43.26713],[-101.93135,43.26727],[-101.93176,43.27441],[-101.94712,43.2761],[-101.95072,43.2778],[-101.95068,43.28169],[-101.96116,43.28163],[-101.96119,43.2885],[-102.01177,43.28912],[-102.02256,43.29816],[-102.02633,43.3076],[-102.03578,43.30797],[-102.04386,43.31665],[-102.05343,43.3122],[-102.06206,43.31301],[-102.06045,43.30757],[-102.05757,43.30212],[-102.05387,43.30138],[-102.04545,43.2809],[-102.04611,43.27749],[-102.03969,43.26656],[-102.03656,43.26379],[-102.03287,43.26432],[-102.03019,43.26156],[-102.0221,43.25899],[-102.01499,43.25293],[-102.01043,43.25253],[-102.01043,43.24525],[-102.03023,43.24533],[-102.03027,43.23079],[-102.05003,43.23081],[-102.05032,43.21633],[-102.0897,43.2164],[-102.08976,43.23016],[-102.09415,43.23017],[-102.09953,43.24528]]]}},{"type":"Feature","id":"57720","properties":{"zip":"57720","pop":null,"city":"","county":"Harding","state":"South Dakota","area":910.65,"lat":45.54969,"lon":-103.60654},"geometry":{"type":"Polygon","coordinates":[[[-104.01771,45.47292],[-104.01398,45.47603],[-103.998,45.47684],[-103.99717,45.49528],[-103.98881,45.5016],[-103.97746,45.50241],[-103.97626,45.52075],[-103.96706,45.53215],[-103.96526,45.54222],[-103.96813,45.54818],[-103.93851,45.55153],[-103.88918,45.56219],[-103.86199,45.57024],[-103.84708,45.57851],[-103.8331,45.57978],[-103.83317,45.60137],[-103.84693,45.61037],[-103.85349,45.61906],[-103.85371,45.65496],[-103.87541,45.66037],[-103.8761,45.65862],[-103.88036,45.66058],[-103.89623,45.66059],[-103.90999,45.6679],[-103.92042,45.66606],[-103.92155,45.66925],[-103.91692,45.67703],[-103.91865,45.67923],[-103.91775,45.68096],[-103.91541,45.68342],[-103.91064,45.68408],[-103.908,45.69301],[-103.91279,45.6953],[-103.91884,45.6947],[-103.9215,45.69879],[-103.91235,45.7014],[-103.91077,45.69745],[-103.90651,45.69893],[-103.90654,45.70708],[-103.90252,45.71193],[-103.88839,45.71677],[-103.88442,45.72016],[-103.88635,45.72281],[-103.90087,45.72295],[-103.90007,45.72616],[-103.89285,45.72681],[-103.88811,45.73],[-103.88972,45.73231],[-103.90271,45.73181],[-103.90118,45.73494],[-103.89001,45.73608],[-103.89099,45.74018],[-103.89805,45.74001],[-103.89912,45.74254],[-103.88851,45.74524],[-103.88772,45.75261],[-103.87923,45.75257],[-103.87553,45.75353],[-103.87456,45.75591],[-103.88612,45.75984],[-103.88737,45.76113],[-103.88079,45.76412],[-103.88097,45.76579],[-103.88843,45.76872],[-103.89207,45.77222],[-103.885,45.77625],[-103.8765,45.7749],[-103.8761,45.77813],[-103.88486,45.78575],[-103.88312,45.7876],[-103.87904,45.78848],[-103.87418,45.78757],[-103.86987,45.78421],[-103.86735,45.78529],[-103.87924,45.7932],[-103.87821,45.80264],[-103.87963,45.80361],[-103.88817,45.80108],[-103.89185,45.79702],[-103.89665,45.79852],[-103.89659,45.80159],[-103.8911,45.80426],[-103.88818,45.80898],[-103.89076,45.81209],[-103.89706,45.81283],[-103.89742,45.81466],[-103.88383,45.81666],[-103.88714,45.82473],[-103.88262,45.83427],[-103.89415,45.83302],[-103.89681,45.83523],[-103.89443,45.83903],[-103.88367,45.84255],[-103.88336,45.84888],[-103.87526,45.84991],[-103.87417,45.85246],[-103.87933,45.85861],[-103.88779,45.85543],[-103.88964,45.85901],[-103.88657,45.86451],[-103.89695,45.8659],[-103.89602,45.87136],[-103.8901,45.87554],[-103.89211,45.87942],[-103.90896,45.87964],[-103.91254,45.88136],[-103.90987,45.88815],[-103.91424,45.89418],[-103.90735,45.89243],[-103.89214,45.89255],[-103.88939,45.89447],[-103.8927,45.89936],[-103.89224,45.90422],[-103.90243,45.90673],[-103.90744,45.91255],[-103.91367,45.9155],[-103.9083,45.9188],[-103.89978,45.91873],[-103.89897,45.92163],[-103.91839,45.92925],[-103.91926,45.93133],[-103.90345,45.9331],[-103.90021,45.93479],[-103.90036,45.93709],[-103.90735,45.93956],[-103.9242,45.94078],[-103.92404,45.94529],[-103.66078,45.94524],[-103.6611,45.92136],[-103.6725,45.91487],[-103.67514,45.90963],[-103.67462,45.90677],[-103.58276,45.90676],[-103.58226,45.90839],[-103.57838,45.90679],[-103.56301,45.90676],[-103.56136,45.82145],[-103.55599,45.8178],[-103.55012,45.81825],[-103.54675,45.81275],[-103.53484,45.80868],[-103.53423,45.80618],[-103.53275,45.80773],[-103.52672,45.7993],[-103.52317,45.7997],[-103.5259,45.79432],[-103.52385,45.79372],[-103.51892,45.79882],[-103.5158,45.79773],[-103.51651,45.79651],[-103.5139,45.79439],[-103.51556,45.79333],[-103.51461,45.79111],[-103.51107,45.79363],[-103.50956,45.79125],[-103.5042,45.78993],[-103.5045,45.78811],[-103.50735,45.78766],[-103.50056,45.78379],[-103.50059,45.74912],[-103.49617,45.74517],[-103.49312,45.73696],[-103.47587,45.72769],[-103.46497,45.72606],[-103.45503,45.72052],[-103.4401,45.73301],[-103.31495,45.73301],[-103.31198,45.54591],[-103.26717,45.54507],[-103.21399,45.53142],[-103.18817,45.53184],[-103.19065,45.52275],[-103.19704,45.52006],[-103.19707,45.51846],[-103.18958,45.51351],[-103.18874,45.51],[-103.18365,45.50466],[-103.1821,45.50065],[-103.18447,45.49954],[-103.17903,45.49486],[-103.1759,45.489],[-103.17695,45.48358],[-103.18062,45.47649],[-103.19639,45.47467],[-103.19947,45.47056],[-103.19609,45.4667],[-103.1965,45.46202],[-103.20082,45.45898],[-103.2068,45.45901],[-103.20774,45.45458],[-103.19965,45.44573],[-103.20333,45.44226],[-103.2018,45.43111],[-103.20835,45.42675],[-103.21516,45.4268],[-103.22043,45.42355],[-103.21757,45.41854],[-103.20728,45.41427],[-103.19077,45.41178],[-103.17684,45.40073],[-103.15887,45.39913],[-103.16388,45.38755],[-103.16258,45.37543],[-103.16657,45.36772],[-103.16077,45.34331],[-103.1621,45.30821],[-103.19844,45.26808],[-103.212,45.25635],[-103.21971,45.26922],[-103.22304,45.27054],[-103.54866,45.27107],[-103.54867,45.30001],[-103.66074,45.29889],[-103.67602,45.30194],[-103.68582,45.30071],[-103.68672,45.21322],[-103.77507,45.21318],[-103.78172,45.22366],[-103.78264,45.23801],[-103.78849,45.25549],[-103.8102,45.27251],[-103.81353,45.28453],[-103.81341,45.32471],[-103.82105,45.32343],[-103.86291,45.32919],[-103.89819,45.35131],[-103.90975,45.35364],[-103.91173,45.3576],[-103.97642,45.35768],[-103.97768,45.38565],[-104.0014,45.38745],[-104.01482,45.39502],[-104.01752,45.40129],[-104.01771,45.47292]]]}},{"type":"Feature","id":"57722","properties":{"zip":"57722","pop":null,"city":"","county":"Oglala Lakota","state":"South Dakota","area":395.9,"lat":43.45716,"lon":-102.98143},"geometry":{"type":"Polygon","coordinates":[[[-103.46085,43.64045],[-103.45171,43.63843],[-103.44113,43.62979],[-103.35151,43.629],[-103.35117,43.6511],[-103.34109,43.65123],[-103.34104,43.63936],[-103.32954,43.63383],[-103.32453,43.63437],[-103.32422,43.6315],[-103.31774,43.63484],[-103.31455,43.63448],[-103.31556,43.63157],[-103.30901,43.6281],[-103.31197,43.62497],[-103.31122,43.62339],[-103.30518,43.6182],[-103.30504,43.61483],[-103.30213,43.61483],[-103.30209,43.60775],[-103.2987,43.60724],[-103.29708,43.62329],[-103.22216,43.62273],[-103.22216,43.57854],[-103.20395,43.57805],[-103.20403,43.56404],[-103.18417,43.56399],[-103.18404,43.57832],[-103.04897,43.58014],[-103.04615,43.58451],[-103.0244,43.58568],[-103.01166,43.59595],[-103.00424,43.60551],[-103.00102,43.60567],[-103.00091,43.47768],[-102.87676,43.47758],[-102.87758,43.49426],[-102.8793,43.49818],[-102.89262,43.51223],[-102.8917,43.52236],[-102.88346,43.53052],[-102.86902,43.52898],[-102.86239,43.51362],[-102.86108,43.51553],[-102.84899,43.51923],[-102.84249,43.52515],[-102.84221,43.52841],[-102.83418,43.53446],[-102.84285,43.54489],[-102.83946,43.54633],[-102.8418,43.55286],[-102.84031,43.55427],[-102.78539,43.55399],[-102.75823,43.52092],[-102.71446,43.52087],[-102.71435,43.5354],[-102.68646,43.53534],[-102.68546,43.5389],[-102.6745,43.53888],[-102.67471,43.53527],[-102.66015,43.53501],[-102.65488,43.52674],[-102.65475,43.52087],[-102.65754,43.52076],[-102.61871,43.50966],[-102.60847,43.50465],[-102.57655,43.50588],[-102.56175,43.50122],[-102.54884,43.50628],[-102.5327,43.50636],[-102.53584,43.49133],[-102.53583,43.48004],[-102.54309,43.47759],[-102.54373,43.47587],[-102.54198,43.47263],[-102.54427,43.46689],[-102.54428,43.45156],[-102.54792,43.44944],[-102.54103,43.44628],[-102.5437,43.43765],[-102.54794,43.4362],[-102.55416,43.43833],[-102.56847,43.43576],[-102.57027,43.43325],[-102.56514,43.42934],[-102.56393,43.42537],[-102.57816,43.42567],[-102.57841,43.41835],[-102.58217,43.41833],[-102.58227,43.30478],[-102.58627,43.31175],[-102.66575,43.40845],[-102.70293,43.41565],[-102.71147,43.41292],[-102.73268,43.41441],[-102.74573,43.41231],[-102.75934,43.4133],[-102.7488,43.39701],[-102.73841,43.38583],[-102.73209,43.37031],[-102.72642,43.36277],[-102.72302,43.34981],[-102.72032,43.34752],[-102.72946,43.34397],[-102.72987,43.33993],[-102.7401,43.3379],[-102.74946,43.33334],[-102.74954,43.32901],[-102.73544,43.32601],[-102.73153,43.3274],[-102.72784,43.32236],[-102.73922,43.31805],[-102.76115,43.30384],[-102.79305,43.30286],[-102.80481,43.27487],[-102.81587,43.26414],[-102.8178,43.26005],[-102.81786,43.25173],[-102.82015,43.25161],[-102.82645,43.25484],[-102.84841,43.25516],[-102.8653,43.26379],[-102.88323,43.26866],[-102.89925,43.26637],[-102.9104,43.2678],[-102.94762,43.27919],[-102.95265,43.28342],[-102.96587,43.2847],[-102.97362,43.28312],[-102.99188,43.28765],[-103.0008,43.28701],[-103.00085,43.39058],[-103.14438,43.39038],[-103.1441,43.37597],[-103.14865,43.37422],[-103.1509,43.37591],[-103.15905,43.37597],[-103.15975,43.38289],[-103.18421,43.3965],[-103.18436,43.41045],[-103.17651,43.41253],[-103.16649,43.41839],[-103.16143,43.41756],[-103.16132,43.41927],[-103.1248,43.41914],[-103.12486,43.46254],[-103.13508,43.46641],[-103.14202,43.46542],[-103.14976,43.45768],[-103.16373,43.45699],[-103.17638,43.46082],[-103.17929,43.4595],[-103.18166,43.44912],[-103.1868,43.44364],[-103.19577,43.44427],[-103.20869,43.4489],[-103.21956,43.43877],[-103.23278,43.43755],[-103.2433,43.42825],[-103.24396,43.42608],[-103.24168,43.42466],[-103.24459,43.42392],[-103.24265,43.42192],[-103.24446,43.41858],[-103.2427,43.41663],[-103.24423,43.41704],[-103.24544,43.41448],[-103.24172,43.41204],[-103.25018,43.41244],[-103.2534,43.41009],[-103.25317,43.41679],[-103.26086,43.41704],[-103.26432,43.41424],[-103.27905,43.42146],[-103.28787,43.41836],[-103.29071,43.42001],[-103.30246,43.41943],[-103.30268,43.40512],[-103.32236,43.4049],[-103.3226,43.41557],[-103.33236,43.41595],[-103.33248,43.41961],[-103.34015,43.41985],[-103.3391,43.42082],[-103.34207,43.42321],[-103.34554,43.42332],[-103.34731,43.4292],[-103.35818,43.43764],[-103.3646,43.43969],[-103.36885,43.43878],[-103.3512,43.45603],[-103.34919,43.46673],[-103.34222,43.47782],[-103.38191,43.47761],[-103.38146,43.56015],[-103.38204,43.56568],[-103.38618,43.56945],[-103.38964,43.58679],[-103.40089,43.60021],[-103.40329,43.6079],[-103.46068,43.60751],[-103.46085,43.64045]]]}},{"type":"Feature","id":"57730","properties":{"zip":"57730","pop":null,"city":"","county":"Custer","state":"South Dakota","area":373.69,"lat":43.72561,"lon":-103.63723},"geometry":{"type":"Polygon","coordinates":[[[-103.92018,43.85434],[-103.78576,43.85483],[-103.77867,43.85746],[-103.78364,43.87156],[-103.78182,43.88017],[-103.78729,43.88005],[-103.79875,43.88487],[-103.80999,43.88455],[-103.81685,43.88962],[-103.81698,43.91313],[-103.67619,43.91329],[-103.67616,43.90524],[-103.66625,43.91589],[-103.66826,43.92062],[-103.66548,43.92261],[-103.666,43.92515],[-103.66083,43.9264],[-103.65895,43.92485],[-103.65671,43.92737],[-103.65813,43.92835],[-103.65337,43.92656],[-103.65353,43.91933],[-103.64665,43.91349],[-103.64121,43.91473],[-103.63818,43.91431],[-103.63766,43.91221],[-103.63362,43.91224],[-103.63263,43.91369],[-103.62823,43.91034],[-103.61859,43.91558],[-103.61599,43.91281],[-103.61701,43.91025],[-103.61239,43.9098],[-103.60396,43.91158],[-103.59262,43.91077],[-103.58846,43.91278],[-103.59391,43.90091],[-103.58854,43.89135],[-103.58296,43.88714],[-103.58461,43.88331],[-103.58069,43.88241],[-103.57683,43.87826],[-103.57845,43.87789],[-103.57855,43.8734],[-103.58431,43.86918],[-103.58596,43.86277],[-103.58227,43.86156],[-103.57675,43.85359],[-103.52796,43.85363],[-103.52726,43.83284],[-103.5224,43.8327],[-103.52255,43.829],[-103.49144,43.82898],[-103.49133,43.82531],[-103.33796,43.82466],[-103.33901,43.65123],[-103.35117,43.6511],[-103.35151,43.629],[-103.44113,43.62979],[-103.45578,43.64047],[-103.48067,43.64057],[-103.50046,43.63338],[-103.50082,43.58922],[-103.50549,43.59321],[-103.50331,43.59602],[-103.50678,43.59715],[-103.5075,43.59563],[-103.5122,43.59723],[-103.51253,43.59187],[-103.51709,43.59399],[-103.52504,43.60489],[-103.52976,43.60764],[-103.54105,43.60439],[-103.55472,43.60966],[-103.58415,43.60709],[-103.59032,43.60967],[-103.59055,43.61434],[-103.59757,43.61395],[-103.59861,43.6057],[-103.61035,43.60871],[-103.61482,43.60791],[-103.61947,43.60255],[-103.62495,43.60261],[-103.62725,43.59951],[-103.63042,43.59021],[-103.62821,43.58669],[-103.6314,43.58051],[-103.63287,43.57063],[-103.64585,43.56359],[-103.65396,43.55317],[-103.65696,43.54135],[-103.65386,43.533],[-103.67825,43.53174],[-103.67837,43.5397],[-103.70015,43.53988],[-103.69874,43.54324],[-103.6953,43.54431],[-103.69326,43.54738],[-103.68764,43.54698],[-103.68301,43.55199],[-103.70346,43.55239],[-103.70788,43.55644],[-103.71051,43.56637],[-103.7208,43.56322],[-103.72476,43.56539],[-103.72758,43.56131],[-103.71926,43.56146],[-103.72195,43.55933],[-103.72131,43.55011],[-103.72414,43.54917],[-103.72319,43.5417],[-103.7258,43.54177],[-103.72653,43.54497],[-103.72828,43.54385],[-103.73044,43.53393],[-103.73314,43.5381],[-103.73458,43.53389],[-103.74454,43.53357],[-103.74491,43.53123],[-103.74849,43.52974],[-103.75004,43.53107],[-103.75752,43.52477],[-103.75734,43.47789],[-103.8159,43.47786],[-103.81566,43.60966],[-103.82548,43.60777],[-103.83439,43.60885],[-103.83852,43.61239],[-103.8569,43.61556],[-103.8658,43.61117],[-103.8687,43.60766],[-103.86993,43.60356],[-103.86701,43.6001],[-103.87221,43.59858],[-103.87373,43.59503],[-103.88187,43.59613],[-103.89455,43.58944],[-103.89558,43.58654],[-103.89876,43.5849],[-103.90785,43.58247],[-103.90924,43.58376],[-103.90854,43.58744],[-103.90466,43.58786],[-103.89969,43.59571],[-103.89564,43.59716],[-103.89811,43.60291],[-103.89656,43.60999],[-103.88515,43.62503],[-103.89152,43.63294],[-103.89124,43.63669],[-103.87606,43.64293],[-103.87259,43.64715],[-103.87256,43.65617],[-103.87046,43.65925],[-103.86462,43.65773],[-103.85934,43.66066],[-103.85776,43.66496],[-103.85241,43.66636],[-103.84913,43.66485],[-103.84134,43.66876],[-103.84452,43.67188],[-103.8432,43.67506],[-103.85053,43.68038],[-103.8464,43.69134],[-103.8481,43.69669],[-103.83513,43.70368],[-103.83524,43.70651],[-103.83902,43.70925],[-103.83947,43.71178],[-103.82973,43.72019],[-103.83628,43.72023],[-103.83627,43.72389],[-103.84689,43.72389],[-103.84959,43.72838],[-103.85786,43.72906],[-103.85523,43.73068],[-103.85537,43.73645],[-103.85027,43.74423],[-103.85894,43.74974],[-103.85565,43.75559],[-103.86447,43.76652],[-103.87416,43.77252],[-103.87367,43.77992],[-103.87662,43.7917],[-103.8806,43.79847],[-103.87483,43.8048],[-103.87579,43.81199],[-103.87395,43.81853],[-103.8794,43.82437],[-103.88473,43.83958],[-103.89112,43.84326],[-103.89486,43.84037],[-103.89612,43.84287],[-103.90412,43.84628],[-103.91312,43.8477],[-103.92018,43.85434]]]}},{"type":"Feature","id":"57735","properties":{"zip":"57735","pop":null,"city":"","county":"Fall River","state":"South Dakota","area":659.03,"lat":43.29079,"lon":-103.85624},"geometry":{"type":"Polygon","coordinates":[[[-104.05523,43.7404],[-104.03798,43.74558],[-104.03383,43.74182],[-103.983,43.72057],[-103.97016,43.72042],[-103.95116,43.72527],[-103.92176,43.72405],[-103.92068,43.7259],[-103.91544,43.72594],[-103.91231,43.72467],[-103.90997,43.72746],[-103.90123,43.72463],[-103.8965,43.7275],[-103.88564,43.72762],[-103.8697,43.7236],[-103.85786,43.72906],[-103.84959,43.72838],[-103.84689,43.72389],[-103.83627,43.72389],[-103.83628,43.72023],[-103.82973,43.72019],[-103.83947,43.71178],[-103.83902,43.70925],[-103.83524,43.70651],[-103.83513,43.70368],[-103.8481,43.69669],[-103.8464,43.69134],[-103.85053,43.68038],[-103.8432,43.67506],[-103.84452,43.67188],[-103.84134,43.66876],[-103.84913,43.66485],[-103.85241,43.66636],[-103.85776,43.66496],[-103.85934,43.66066],[-103.86462,43.65773],[-103.87046,43.65925],[-103.87256,43.65617],[-103.87259,43.64715],[-103.87606,43.64293],[-103.89124,43.63669],[-103.89152,43.63294],[-103.88515,43.62503],[-103.89656,43.60999],[-103.89811,43.60291],[-103.89564,43.59716],[-103.89969,43.59571],[-103.90466,43.58786],[-103.90854,43.58744],[-103.90924,43.58376],[-103.90785,43.58247],[-103.89876,43.5849],[-103.89558,43.58654],[-103.89455,43.58944],[-103.88187,43.59613],[-103.87373,43.59503],[-103.87221,43.59858],[-103.86701,43.6001],[-103.86993,43.60356],[-103.8687,43.60766],[-103.8658,43.61117],[-103.8569,43.61556],[-103.83852,43.61239],[-103.83439,43.60885],[-103.82548,43.60777],[-103.81566,43.60966],[-103.8159,43.47786],[-103.73834,43.47791],[-103.73793,43.41952],[-103.69773,43.41965],[-103.70501,43.40748],[-103.70771,43.39862],[-103.70847,43.3855],[-103.71048,43.38306],[-103.72619,43.38255],[-103.73557,43.37595],[-103.73023,43.35634],[-103.73256,43.34808],[-103.73255,43.33177],[-103.73734,43.32719],[-103.73783,43.31456],[-103.72946,43.31444],[-103.71167,43.30428],[-103.62256,43.30388],[-103.62209,43.28872],[-103.604,43.28874],[-103.60248,43.28695],[-103.60261,43.26031],[-103.64232,43.2602],[-103.6423,43.24594],[-103.61934,43.23479],[-103.62251,43.23231],[-103.6236,43.21547],[-103.63151,43.204],[-103.62189,43.20229],[-103.6145,43.19875],[-103.61782,43.19513],[-103.62301,43.1966],[-103.62188,43.19351],[-103.62763,43.19326],[-103.63168,43.19035],[-103.62344,43.18575],[-103.62876,43.18379],[-103.62649,43.17856],[-103.61959,43.18043],[-103.60917,43.17327],[-103.5436,43.17332],[-103.54335,43.00079],[-103.65369,43.0014],[-103.64182,43.00094],[-103.64306,42.98737],[-103.67093,42.98779],[-103.67157,42.9734],[-103.68077,42.97293],[-103.6804,42.94513],[-103.68214,42.94351],[-103.69357,42.94404],[-103.69363,42.94813],[-103.70268,42.95174],[-103.70266,42.95311],[-103.71774,42.95192],[-103.71693,42.95876],[-103.72103,42.96153],[-103.72491,42.95994],[-103.73668,42.96256],[-103.74456,42.96122],[-103.75324,42.96383],[-103.75751,42.97317],[-103.75794,42.98257],[-103.78736,42.98756],[-103.78715,42.99298],[-103.79953,42.99069],[-103.79965,42.98829],[-103.80512,42.98842],[-103.81037,42.99164],[-103.81143,43.00137],[-104.05303,43.00059],[-104.05523,43.7404]]]}},{"type":"Feature","id":"57744","properties":{"zip":"57744","pop":null,"city":"","county":"Custer","state":"South Dakota","area":346.04,"lat":43.77724,"lon":-103.02399},"geometry":{"type":"Polygon","coordinates":[[[-103.42298,43.85649],[-103.30055,43.85629],[-103.30116,43.86477],[-103.29807,43.86464],[-103.2996,43.91284],[-103.21911,43.91215],[-103.21894,43.90491],[-103.19955,43.90489],[-103.19895,43.93475],[-103.1904,43.94402],[-103.18614,43.95756],[-103.17552,43.95043],[-103.15514,43.94204],[-103.1468,43.9406],[-103.14287,43.94498],[-103.14372,43.95716],[-103.12954,43.97036],[-103.11328,43.97016],[-103.10201,43.97377],[-103.087,43.97375],[-103.08423,43.97052],[-103.07958,43.96976],[-103.07846,43.95557],[-103.05062,43.95551],[-103.0506,43.94041],[-102.93921,43.94035],[-102.93913,43.85652],[-102.68763,43.8556],[-102.68666,43.85354],[-102.6937,43.84792],[-102.69299,43.84484],[-102.68814,43.84268],[-102.68865,43.83955],[-102.69881,43.82311],[-102.70086,43.81198],[-102.6991,43.80247],[-102.69597,43.80075],[-102.69553,43.79815],[-102.70503,43.79762],[-102.70651,43.79653],[-102.70533,43.79256],[-102.7137,43.78472],[-102.7257,43.77581],[-102.73783,43.77174],[-102.7389,43.76975],[-102.73359,43.76419],[-102.74754,43.75641],[-102.75257,43.75174],[-102.75367,43.74668],[-102.75859,43.74114],[-102.76985,43.73893],[-102.77317,43.7337],[-102.7705,43.73089],[-102.77119,43.72842],[-102.77724,43.72685],[-102.77847,43.72051],[-102.79141,43.72184],[-102.79518,43.71329],[-102.80331,43.71023],[-102.80391,43.70694],[-102.80096,43.69877],[-102.8105,43.69741],[-102.81688,43.69121],[-102.81596,43.68887],[-102.8094,43.68756],[-102.80806,43.68569],[-102.8161,43.67352],[-102.81375,43.66759],[-102.824,43.66412],[-102.82786,43.65744],[-102.83187,43.65698],[-102.84677,43.66535],[-102.84886,43.66409],[-102.84894,43.66002],[-102.85247,43.65834],[-102.8605,43.6588],[-102.8631,43.66266],[-102.8619,43.66745],[-102.86342,43.66886],[-102.87173,43.66698],[-102.87693,43.66869],[-102.87618,43.55442],[-102.84031,43.55427],[-102.8418,43.55286],[-102.83946,43.54633],[-102.84285,43.54489],[-102.83418,43.53446],[-102.84221,43.52841],[-102.84249,43.52515],[-102.84702,43.52065],[-102.86239,43.51362],[-102.86902,43.52898],[-102.88346,43.53052],[-102.8917,43.52236],[-102.89262,43.51223],[-102.8793,43.49818],[-102.87758,43.49426],[-102.87676,43.47758],[-103.00091,43.47768],[-103.00102,43.60567],[-102.99607,43.60719],[-102.99325,43.61073],[-102.98147,43.61129],[-102.97679,43.61852],[-102.96358,43.6163],[-102.95829,43.61353],[-102.9467,43.61721],[-102.93257,43.61871],[-102.92715,43.62684],[-102.93273,43.63092],[-102.92981,43.63642],[-102.92226,43.63984],[-102.92087,43.64445],[-102.92419,43.65068],[-102.91809,43.6566],[-102.91969,43.65996],[-102.91806,43.66214],[-102.92042,43.69434],[-102.97963,43.69563],[-102.97885,43.73817],[-103.19649,43.73835],[-103.2033,43.72375],[-103.25904,43.72377],[-103.25933,43.71653],[-103.26541,43.71998],[-103.27563,43.72073],[-103.27541,43.72206],[-103.27976,43.71983],[-103.28992,43.72053],[-103.29509,43.72836],[-103.2942,43.73073],[-103.30086,43.7314],[-103.29985,43.73355],[-103.30433,43.73345],[-103.30683,43.73544],[-103.32769,43.72943],[-103.32949,43.73115],[-103.3388,43.731],[-103.33796,43.82466],[-103.36558,43.82488],[-103.36952,43.82909],[-103.36884,43.83411],[-103.38351,43.83785],[-103.38309,43.84017],[-103.38494,43.84166],[-103.39538,43.8407],[-103.40087,43.84511],[-103.39839,43.84694],[-103.40672,43.84859],[-103.41005,43.85511],[-103.42298,43.85649]]]}},{"type":"Feature","id":"57747","properties":{"zip":"57747","pop":null,"city":"Angostura","county":"Fall River","state":"South Dakota","area":375.57,"lat":43.37985,"lon":-103.52307},"geometry":{"type":"Polygon","coordinates":[[[-103.75752,43.52477],[-103.75004,43.53107],[-103.74849,43.52974],[-103.74491,43.53123],[-103.74454,43.53357],[-103.73458,43.53389],[-103.73314,43.5381],[-103.73044,43.53393],[-103.72828,43.54385],[-103.72653,43.54497],[-103.7258,43.54177],[-103.72319,43.5417],[-103.72414,43.54917],[-103.72131,43.55011],[-103.72195,43.55933],[-103.71926,43.56146],[-103.72758,43.56131],[-103.72476,43.56539],[-103.7208,43.56322],[-103.71051,43.56637],[-103.70788,43.55644],[-103.70346,43.55239],[-103.68301,43.55199],[-103.68764,43.54698],[-103.69326,43.54738],[-103.6953,43.54431],[-103.69874,43.54324],[-103.70015,43.53988],[-103.67837,43.5397],[-103.67825,43.53174],[-103.65386,43.533],[-103.65696,43.54135],[-103.65396,43.55317],[-103.64585,43.56359],[-103.63287,43.57063],[-103.63158,43.57737],[-103.62703,43.58078],[-103.61463,43.58237],[-103.61013,43.58746],[-103.60688,43.58834],[-103.59401,43.58675],[-103.5924,43.58511],[-103.59387,43.58226],[-103.58196,43.5807],[-103.56277,43.57316],[-103.5632,43.60865],[-103.55472,43.60966],[-103.54105,43.60439],[-103.53191,43.60774],[-103.52724,43.60688],[-103.51709,43.59399],[-103.51253,43.59187],[-103.5122,43.59723],[-103.5075,43.59563],[-103.50678,43.59715],[-103.50331,43.59602],[-103.50549,43.59321],[-103.50082,43.58922],[-103.50046,43.63338],[-103.48067,43.64057],[-103.46085,43.64045],[-103.46068,43.60751],[-103.40329,43.6079],[-103.40089,43.60021],[-103.38964,43.58679],[-103.38618,43.56945],[-103.38204,43.56568],[-103.38063,43.52661],[-103.38191,43.47761],[-103.34222,43.47782],[-103.34919,43.46673],[-103.3512,43.45603],[-103.36885,43.43878],[-103.3646,43.43969],[-103.35818,43.43764],[-103.34731,43.4292],[-103.34554,43.42332],[-103.34207,43.42321],[-103.3423,43.39142],[-103.34516,43.39896],[-103.35546,43.40063],[-103.3644,43.39767],[-103.36489,43.38714],[-103.35934,43.38315],[-103.35606,43.3779],[-103.362,43.36926],[-103.36215,43.36161],[-103.38134,43.36159],[-103.38168,43.34222],[-103.33798,43.30362],[-103.32741,43.30363],[-103.32747,43.29436],[-103.31092,43.27963],[-103.30874,43.27463],[-103.34674,43.27464],[-103.34692,43.2021],[-103.36667,43.202],[-103.36671,43.15863],[-103.34425,43.15864],[-103.34427,43.12961],[-103.54335,43.12969],[-103.5436,43.17332],[-103.60917,43.17327],[-103.61959,43.18043],[-103.62649,43.17856],[-103.62876,43.18379],[-103.62344,43.18575],[-103.63168,43.19035],[-103.62763,43.19326],[-103.62188,43.19351],[-103.62301,43.1966],[-103.61782,43.19513],[-103.6145,43.19875],[-103.62189,43.20229],[-103.63151,43.204],[-103.6236,43.21547],[-103.62251,43.23231],[-103.61934,43.23479],[-103.6423,43.24594],[-103.64232,43.2602],[-103.60261,43.26031],[-103.60248,43.28695],[-103.604,43.28874],[-103.62209,43.28872],[-103.62256,43.30388],[-103.71167,43.30428],[-103.72946,43.31444],[-103.73783,43.31456],[-103.73734,43.32719],[-103.73255,43.33177],[-103.73256,43.34808],[-103.73023,43.35634],[-103.73557,43.37595],[-103.72619,43.38255],[-103.71048,43.38306],[-103.70847,43.3855],[-103.70771,43.39862],[-103.70501,43.40748],[-103.69773,43.41965],[-103.73793,43.41952],[-103.73834,43.47791],[-103.75734,43.47789],[-103.75752,43.52477]]]}},{"type":"Feature","id":"57750","properties":{"zip":"57750","pop":null,"city":"","county":"Jackson","state":"South Dakota","area":236.2,"lat":43.60111,"lon":-101.94859},"geometry":{"type":"Polygon","coordinates":[[[-102.13916,43.70095],[-102.13756,43.70128],[-102.13793,43.71337],[-102.11516,43.71608],[-102.09552,43.70912],[-102.05181,43.70878],[-102.04475,43.71072],[-102.03677,43.71732],[-102.01908,43.71926],[-102.01921,43.82105],[-101.93953,43.82107],[-101.93964,43.78968],[-101.94501,43.78426],[-101.9089,43.78414],[-101.90903,43.79207],[-101.89019,43.79219],[-101.88978,43.74876],[-101.89961,43.7487],[-101.89966,43.74121],[-101.9197,43.74141],[-101.9197,43.73417],[-101.93963,43.73227],[-101.93969,43.71956],[-101.91142,43.71967],[-101.89358,43.71686],[-101.88348,43.71974],[-101.85979,43.71972],[-101.85005,43.71848],[-101.81501,43.70751],[-101.80202,43.70572],[-101.79477,43.70671],[-101.79756,43.71621],[-101.81404,43.73148],[-101.81378,43.73505],[-101.78018,43.73452],[-101.78024,43.70609],[-101.77721,43.70724],[-101.7666,43.70555],[-101.76361,43.7023],[-101.77682,43.69807],[-101.77528,43.69518],[-101.76958,43.69529],[-101.76486,43.69148],[-101.76956,43.68997],[-101.76838,43.68812],[-101.77251,43.68914],[-101.77036,43.68397],[-101.77281,43.685],[-101.77377,43.68165],[-101.77581,43.681],[-101.78239,43.68185],[-101.77721,43.67557],[-101.77384,43.67495],[-101.77561,43.67265],[-101.7792,43.67237],[-101.77628,43.66675],[-101.77969,43.66346],[-101.77781,43.66308],[-101.777,43.65992],[-101.78146,43.65828],[-101.77817,43.65651],[-101.77974,43.65543],[-101.77851,43.65342],[-101.77424,43.65116],[-101.77869,43.65239],[-101.78436,43.64566],[-101.78304,43.64386],[-101.78562,43.63989],[-101.78229,43.63844],[-101.78433,43.63737],[-101.78259,43.6367],[-101.78549,43.63269],[-101.78162,43.63054],[-101.78528,43.62757],[-101.7831,43.62719],[-101.7838,43.62475],[-101.77927,43.62402],[-101.77758,43.62126],[-101.78112,43.61945],[-101.77705,43.61818],[-101.77694,43.6131],[-101.7733,43.61361],[-101.7714,43.60939],[-101.76611,43.60932],[-101.76354,43.60659],[-101.88051,43.60656],[-101.87945,43.53772],[-101.87636,43.53632],[-101.87155,43.53737],[-101.86796,43.53446],[-101.85523,43.53135],[-101.84084,43.53106],[-101.84079,43.52716],[-101.83648,43.52398],[-101.83264,43.5119],[-101.82277,43.50464],[-101.81649,43.50299],[-101.81109,43.48932],[-101.81522,43.4862],[-101.81305,43.48387],[-101.81403,43.48044],[-101.80574,43.47633],[-101.80752,43.475],[-101.80778,43.46492],[-101.80406,43.4614],[-101.80762,43.45594],[-101.80759,43.4522],[-101.79784,43.43596],[-101.79176,43.43265],[-101.79234,43.41823],[-101.78997,43.4094],[-101.7721,43.40319],[-101.77216,43.39708],[-101.78193,43.38918],[-101.92948,43.38937],[-101.92957,43.40532],[-101.93487,43.41787],[-101.93553,43.43285],[-101.93934,43.43568],[-101.95279,43.43921],[-101.96546,43.42994],[-101.96988,43.43088],[-101.97032,43.43289],[-101.97565,43.43287],[-101.97976,43.4306],[-101.98114,43.42688],[-101.98528,43.43303],[-102.00001,43.43848],[-101.99976,43.44337],[-101.99577,43.44393],[-101.99753,43.4509],[-102.00089,43.45391],[-101.9939,43.46097],[-102.00054,43.46169],[-102.00366,43.47006],[-101.99066,43.46881],[-101.99046,43.47667],[-101.99509,43.48313],[-101.99559,43.48769],[-102.00289,43.48679],[-102.00736,43.49144],[-102.01794,43.48746],[-102.02302,43.48831],[-102.023,43.48554],[-102.02526,43.48459],[-102.03708,43.48626],[-102.05253,43.49764],[-102.07441,43.49376],[-102.07605,43.49822],[-102.07425,43.49998],[-102.07512,43.50346],[-102.07347,43.50762],[-102.07519,43.51773],[-102.08398,43.53084],[-102.09144,43.54768],[-102.09207,43.55347],[-102.0995,43.56557],[-102.09952,43.58432],[-102.0962,43.59],[-102.09955,43.59605],[-102.1,43.6065],[-102.13907,43.60648],[-102.13916,43.70095]]]}},{"type":"Feature","id":"57752","properties":{"zip":"57752","pop":null,"city":"","county":"Oglala Lakota","state":"South Dakota","area":312.84,"lat":43.4359,"lon":-102.20741},"geometry":{"type":"Polygon","coordinates":[[[-102.44647,43.52775],[-102.44098,43.52773],[-102.43129,43.53285],[-102.42496,43.54123],[-102.41139,43.54206],[-102.39131,43.54878],[-102.38521,43.54899],[-102.38512,43.54604],[-102.37874,43.54186],[-102.36969,43.54096],[-102.3671,43.54277],[-102.36718,43.56362],[-102.35721,43.56356],[-102.35718,43.57077],[-102.34538,43.57076],[-102.35152,43.59415],[-102.3488,43.60139],[-102.34198,43.60729],[-102.33685,43.60354],[-102.32412,43.59985],[-102.32289,43.59313],[-102.32144,43.59295],[-102.31939,43.59474],[-102.31795,43.60231],[-102.31221,43.6052],[-102.3132,43.60869],[-102.31693,43.60891],[-102.31385,43.61144],[-102.28719,43.60809],[-102.28466,43.61048],[-102.28651,43.61624],[-102.27921,43.61906],[-102.2707,43.61933],[-102.26707,43.62452],[-102.26486,43.62385],[-102.26479,43.61894],[-102.26331,43.6181],[-102.25998,43.61881],[-102.25797,43.62217],[-102.25077,43.6225],[-102.25204,43.62432],[-102.25819,43.62522],[-102.25242,43.63263],[-102.2391,43.63014],[-102.23579,43.62558],[-102.23275,43.62644],[-102.23551,43.63624],[-102.22769,43.64403],[-102.23295,43.64723],[-102.23229,43.64868],[-102.2196,43.65186],[-102.21888,43.65421],[-102.22087,43.65628],[-102.21796,43.66095],[-102.22209,43.6625],[-102.21172,43.67073],[-102.20332,43.6721],[-102.2011,43.67803],[-102.20357,43.68416],[-102.19431,43.68399],[-102.18949,43.68655],[-102.17015,43.68964],[-102.1665,43.69178],[-102.16755,43.69717],[-102.15914,43.69627],[-102.1561,43.6977],[-102.15705,43.70306],[-102.15374,43.70607],[-102.13916,43.70095],[-102.13907,43.60648],[-102.1,43.6065],[-102.09955,43.59605],[-102.0962,43.59],[-102.09952,43.58432],[-102.0995,43.56557],[-102.09207,43.55347],[-102.09144,43.54768],[-102.08398,43.53084],[-102.07519,43.51773],[-102.07347,43.50762],[-102.07512,43.50346],[-102.07425,43.49998],[-102.07605,43.49822],[-102.07441,43.49376],[-102.05253,43.49764],[-102.04349,43.4917],[-102.03948,43.48678],[-102.02526,43.48459],[-102.023,43.48554],[-102.02302,43.48831],[-102.01794,43.48746],[-102.00736,43.49144],[-102.00289,43.48679],[-101.99559,43.48769],[-101.99509,43.48313],[-101.99046,43.47667],[-101.99066,43.46881],[-102.00366,43.47006],[-102.00054,43.46169],[-101.9939,43.46097],[-102.00089,43.45391],[-101.99604,43.44732],[-101.99577,43.44393],[-102.0006,43.44214],[-102.00001,43.43848],[-101.99745,43.43693],[-102.00974,43.42654],[-102.00674,43.41819],[-102.00223,43.41222],[-102.00657,43.40546],[-102.0056,43.3901],[-102.09455,43.38993],[-102.0868,43.37623],[-102.08831,43.37456],[-102.08079,43.37271],[-102.07886,43.3701],[-102.08461,43.36851],[-102.07795,43.36566],[-102.07675,43.36262],[-102.07134,43.35997],[-102.07386,43.35454],[-102.06148,43.3452],[-102.05136,43.33353],[-102.052,43.32798],[-102.04976,43.32318],[-102.06344,43.32644],[-102.07353,43.32204],[-102.08134,43.32286],[-102.08173,43.3175],[-102.08663,43.30689],[-102.09473,43.30754],[-102.09375,43.29772],[-102.09646,43.29466],[-102.09752,43.28407],[-102.094,43.27845],[-102.09477,43.27107],[-102.08959,43.26872],[-102.08973,43.24522],[-102.09953,43.24528],[-102.09955,43.24265],[-102.10962,43.24292],[-102.10918,43.1727],[-102.18843,43.1729],[-102.19227,43.16609],[-102.1983,43.16575],[-102.20795,43.16572],[-102.22016,43.17123],[-102.22774,43.17155],[-102.22778,43.14945],[-102.26441,43.28164],[-102.27045,43.28696],[-102.27374,43.28516],[-102.27376,43.28684],[-102.28042,43.28561],[-102.28683,43.294],[-102.28861,43.30159],[-102.29354,43.30761],[-102.29598,43.31894],[-102.29326,43.32626],[-102.29784,43.33431],[-102.29866,43.33991],[-102.30641,43.34351],[-102.30784,43.34904],[-102.31418,43.34873],[-102.31977,43.35098],[-102.32748,43.35989],[-102.31895,43.36183],[-102.31864,43.36345],[-102.32616,43.37087],[-102.32642,43.37604],[-102.33385,43.38667],[-102.33326,43.39264],[-102.34539,43.39287],[-102.35452,43.39027],[-102.36676,43.38963],[-102.36806,43.39436],[-102.35856,43.40451],[-102.36418,43.41896],[-102.37364,43.43154],[-102.37711,43.43393],[-102.38336,43.43297],[-102.40684,43.42302],[-102.41057,43.4229],[-102.41745,43.42834],[-102.41275,43.43205],[-102.41718,43.43401],[-102.41554,43.4355],[-102.41997,43.43858],[-102.41907,43.4403],[-102.42551,43.44442],[-102.42535,43.47711],[-102.39696,43.47703],[-102.39698,43.48431],[-102.42665,43.48437],[-102.42663,43.49882],[-102.44643,43.49889],[-102.44647,43.52775]]]}},{"type":"Feature","id":"57770","properties":{"zip":"57770","pop":null,"city":"","county":"Oglala Lakota","state":"South Dakota","area":142.03,"lat":43.07583,"lon":-102.62582},"geometry":{"type":"Polygon","coordinates":[[[-102.84082,43.03319],[-102.82197,43.06176],[-102.82209,43.06519],[-102.82648,43.07209],[-102.82605,43.07542],[-102.81075,43.0923],[-102.79783,43.08982],[-102.80306,43.09418],[-102.80109,43.09601],[-102.79472,43.09634],[-102.78763,43.10192],[-102.79655,43.10481],[-102.79397,43.10551],[-102.79388,43.10807],[-102.796,43.10845],[-102.79547,43.10654],[-102.79883,43.10848],[-102.79475,43.11003],[-102.78499,43.10652],[-102.78875,43.11041],[-102.78601,43.11134],[-102.78735,43.11327],[-102.79518,43.11312],[-102.79217,43.1188],[-102.7862,43.11926],[-102.78557,43.12175],[-102.7917,43.1236],[-102.79572,43.12331],[-102.79366,43.12212],[-102.79548,43.12108],[-102.79752,43.12195],[-102.79675,43.1263],[-102.79033,43.12698],[-102.79429,43.13],[-102.66698,43.12979],[-102.67316,43.13357],[-102.66523,43.13608],[-102.66829,43.14218],[-102.67105,43.14455],[-102.67353,43.14416],[-102.67255,43.14543],[-102.67413,43.14627],[-102.68154,43.14781],[-102.68332,43.14653],[-102.6931,43.15891],[-102.68124,43.16127],[-102.68002,43.16445],[-102.67293,43.1693],[-102.66769,43.17798],[-102.66278,43.18016],[-102.65599,43.17943],[-102.6526,43.18787],[-102.62988,43.17194],[-102.62611,43.17517],[-102.62308,43.17346],[-102.61116,43.17516],[-102.60278,43.17156],[-102.59977,43.16491],[-102.59433,43.16089],[-102.58531,43.1587],[-102.58238,43.15377],[-102.58239,43.14444],[-102.5735,43.14827],[-102.56373,43.14285],[-102.56142,43.14393],[-102.5572,43.14164],[-102.55091,43.14314],[-102.54715,43.15149],[-102.54858,43.1624],[-102.55201,43.17125],[-102.54551,43.18098],[-102.54757,43.1875],[-102.54329,43.19164],[-102.5451,43.19779],[-102.5417,43.19957],[-102.5367,43.19715],[-102.52617,43.19703],[-102.52114,43.19387],[-102.51929,43.19764],[-102.5165,43.19846],[-102.46539,43.12991],[-102.47567,43.12971],[-102.47473,43.11652],[-102.47645,43.10549],[-102.47255,43.09857],[-102.47317,43.09498],[-102.4792,43.08773],[-102.47481,43.08451],[-102.47393,43.08109],[-102.46836,43.07889],[-102.46138,43.06108],[-102.43594,43.06081],[-102.43582,43.01137],[-102.42296,43.00408],[-102.41299,43.00454],[-102.40556,43.00105],[-102.40555,42.99958],[-102.80938,43.00002],[-102.81766,43.00874],[-102.82286,43.01089],[-102.81997,43.01392],[-102.83318,43.01803],[-102.83446,43.02344],[-102.82882,43.02541],[-102.82969,43.02907],[-102.82548,43.02889],[-102.82603,43.03074],[-102.83089,43.03212],[-102.83449,43.02948],[-102.84082,43.03319]]]}},{"type":"Feature","id":"57788","properties":{"zip":"57788","pop":null,"city":"","county":"Butte","state":"South Dakota","area":171.49,"lat":44.61852,"lon":-103.21675},"geometry":{"type":"Polygon","coordinates":[[[-103.51648,44.59327],[-103.51393,44.60608],[-103.50922,44.6093],[-103.50928,44.61175],[-103.4967,44.61863],[-103.48852,44.61973],[-103.48446,44.61694],[-103.48071,44.61765],[-103.47698,44.6268],[-103.48167,44.63204],[-103.48121,44.63362],[-103.47242,44.63309],[-103.47144,44.62163],[-103.46747,44.62542],[-103.46746,44.62366],[-103.46388,44.62393],[-103.45638,44.63372],[-103.4582,44.63797],[-103.45696,44.63863],[-103.46115,44.63997],[-103.45722,44.64079],[-103.45407,44.64589],[-103.44559,44.65123],[-103.44108,44.64696],[-103.44163,44.64206],[-103.43989,44.63979],[-103.42453,44.63534],[-103.41616,44.63664],[-103.41199,44.63927],[-103.40601,44.63681],[-103.40488,44.63383],[-103.4086,44.63127],[-103.40633,44.62993],[-103.39747,44.63287],[-103.39596,44.63191],[-103.3969,44.62767],[-103.39286,44.62665],[-103.3867,44.63027],[-103.38844,44.63384],[-103.38735,44.63599],[-103.37904,44.63949],[-103.37338,44.63848],[-103.37363,44.63385],[-103.36864,44.63228],[-103.36834,44.62934],[-103.36079,44.62925],[-103.35699,44.6373],[-103.35465,44.63827],[-103.3497,44.63762],[-103.34699,44.63413],[-103.34417,44.63444],[-103.34137,44.64627],[-103.33242,44.64701],[-103.32911,44.64052],[-103.32596,44.64148],[-103.32148,44.64877],[-103.31257,44.65315],[-103.30625,44.65009],[-103.30191,44.65131],[-103.29716,44.64903],[-103.29699,44.64424],[-103.29997,44.64107],[-103.29668,44.6399],[-103.29245,44.64018],[-103.28638,44.64835],[-103.27509,44.64712],[-103.26363,44.63851],[-103.26596,44.63539],[-103.26966,44.63624],[-103.27315,44.63381],[-103.25642,44.6305],[-103.25665,44.62723],[-103.24735,44.62541],[-103.21507,44.63401],[-103.20586,44.63237],[-103.18636,44.63352],[-103.18578,44.64809],[-103.17513,44.65781],[-103.16829,44.66151],[-103.15845,44.66277],[-103.15982,44.66563],[-103.17046,44.67682],[-103.17526,44.67896],[-103.185,44.67898],[-103.1928,44.6822],[-103.2019,44.69241],[-103.21152,44.69954],[-103.2162,44.70058],[-103.21976,44.70375],[-103.23293,44.70624],[-103.2433,44.71242],[-103.20696,44.72125],[-103.16728,44.72482],[-103.15562,44.72923],[-103.1414,44.73107],[-103.12935,44.74309],[-103.11457,44.751],[-103.10497,44.74844],[-102.95875,44.74851],[-102.95865,44.69062],[-102.96365,44.69061],[-102.96412,44.60429],[-103.22587,44.6046],[-103.22579,44.59839],[-103.22277,44.59672],[-103.22446,44.59039],[-103.21928,44.5911],[-103.21121,44.58849],[-103.20853,44.5919],[-103.20562,44.5917],[-103.20482,44.58932],[-103.20702,44.58593],[-103.20478,44.58214],[-103.20984,44.57965],[-103.20638,44.57759],[-103.194,44.58015],[-103.19157,44.57832],[-103.19752,44.57318],[-103.18498,44.57126],[-103.17708,44.5823],[-103.17289,44.582],[-103.17197,44.57601],[-103.17798,44.57149],[-103.17792,44.56799],[-103.18425,44.566],[-103.18204,44.56426],[-103.17031,44.56504],[-103.16375,44.57144],[-103.15502,44.56705],[-103.15937,44.55873],[-103.16574,44.55852],[-103.16942,44.55562],[-103.166,44.5515],[-103.14976,44.54277],[-103.14931,44.54066],[-103.15628,44.5368],[-103.15683,44.5336],[-103.15412,44.52953],[-103.1608,44.52782],[-103.16335,44.53162],[-103.167,44.53127],[-103.16671,44.52247],[-103.16546,44.52034],[-103.16051,44.51957],[-103.14917,44.52276],[-103.1472,44.52003],[-103.14949,44.51591],[-103.14735,44.51508],[-103.13495,44.52142],[-103.12896,44.52067],[-103.129,44.5176],[-103.13685,44.51285],[-103.15739,44.51563],[-103.16818,44.5122],[-103.17791,44.51775],[-103.22612,44.51774],[-103.22618,44.50325],[-103.24619,44.50332],[-103.24638,44.51781],[-103.34695,44.51797],[-103.34715,44.48978],[-103.34984,44.48733],[-103.35156,44.48916],[-103.35496,44.48807],[-103.3578,44.48976],[-103.36422,44.48829],[-103.3707,44.49044],[-103.37006,44.48845],[-103.37515,44.4906],[-103.37709,44.48879],[-103.37923,44.49268],[-103.3813,44.49037],[-103.38692,44.49341],[-103.38596,44.49583],[-103.39392,44.49595],[-103.39484,44.4978],[-103.39721,44.49564],[-103.40832,44.4971],[-103.41433,44.49596],[-103.43302,44.4858],[-103.4477,44.48354],[-103.44741,44.52194],[-103.45781,44.52238],[-103.48284,44.53222],[-103.47774,44.53901],[-103.46746,44.54657],[-103.46716,44.59024],[-103.51978,44.59022],[-103.51648,44.59327]]]}},{"type":"Feature","id":"57790","properties":{"zip":"57790","pop":null,"city":"","county":"Pennington","state":"South Dakota","area":530.84,"lat":44.10381,"lon":-102.20683},"geometry":{"type":"Polygon","coordinates":[[[-102.49765,43.96307],[-102.49401,43.96665],[-102.48576,43.96865],[-102.48212,43.9746],[-102.47896,43.97477],[-102.47682,43.9726],[-102.47353,43.97465],[-102.47346,43.97968],[-102.4808,43.98432],[-102.46862,43.99531],[-102.4687,44.00572],[-102.45941,44.00993],[-102.4624,44.01339],[-102.46612,44.01444],[-102.45977,44.02167],[-102.46011,44.02744],[-102.4662,44.03206],[-102.46166,44.03618],[-102.46134,44.04025],[-102.45518,44.03964],[-102.45164,44.04225],[-102.45186,44.04647],[-102.45858,44.05345],[-102.45784,44.05616],[-102.44681,44.06069],[-102.44279,44.06422],[-102.44766,44.06541],[-102.43529,44.07532],[-102.42658,44.0791],[-102.40091,44.08041],[-102.4021,44.08132],[-102.36795,44.08139],[-102.36715,44.16584],[-102.37014,44.1682],[-102.37605,44.16879],[-102.38117,44.17463],[-102.38206,44.18675],[-102.38725,44.19457],[-102.39526,44.19452],[-102.39614,44.19605],[-102.39161,44.205],[-102.37258,44.20941],[-102.37253,44.22177],[-102.35699,44.23056],[-102.36585,44.24236],[-102.35867,44.24894],[-102.36306,44.25869],[-102.36786,44.26118],[-102.36745,44.26276],[-102.36157,44.26274],[-102.35884,44.26566],[-102.36775,44.2775],[-102.36696,44.28561],[-102.36025,44.29333],[-102.35905,44.30075],[-102.34874,44.30365],[-102.34785,44.30628],[-102.35093,44.30974],[-102.34869,44.31817],[-102.34458,44.32111],[-102.34452,44.32347],[-102.34783,44.32635],[-102.34219,44.32896],[-102.34291,44.34025],[-102.33665,44.34396],[-102.34163,44.34877],[-102.3288,44.35785],[-102.325,44.35786],[-102.32326,44.36011],[-102.32676,44.36217],[-102.32638,44.36685],[-102.32291,44.36804],[-102.31459,44.36345],[-102.31169,44.36384],[-102.30554,44.36776],[-102.30605,44.37261],[-102.29828,44.37691],[-102.30252,44.38336],[-102.29855,44.38629],[-102.29818,44.38889],[-102.30536,44.39214],[-102.30274,44.39538],[-102.30185,44.40309],[-102.30255,44.40765],[-102.30564,44.40884],[-102.30312,44.42064],[-102.31093,44.42439],[-102.30615,44.42877],[-102.3071,44.43312],[-102.30328,44.4337],[-102.29684,44.43059],[-102.29338,44.43198],[-102.29237,44.43511],[-102.2844,44.44123],[-102.28288,44.44863],[-102.28003,44.45029],[-102.27496,44.45068],[-102.26779,44.44659],[-102.2546,44.44676],[-102.22611,44.45251],[-102.22033,44.45135],[-102.22242,44.44371],[-102.19711,44.434],[-102.19877,44.42874],[-102.18944,44.42719],[-102.16016,44.42883],[-102.15438,44.43514],[-102.15408,44.43782],[-102.15887,44.44106],[-102.15928,44.44368],[-102.15376,44.44523],[-102.1441,44.44415],[-102.13245,44.43894],[-102.10803,44.43659],[-102.10563,44.43929],[-102.10443,44.44649],[-102.09903,44.45169],[-102.09403,44.45469],[-102.08393,44.45429],[-102.08263,44.45709],[-102.08394,44.46067],[-102.07323,44.46559],[-102.07233,44.46809],[-102.07623,44.47159],[-102.07593,44.47509],[-102.06303,44.48089],[-102.05543,44.48129],[-102.05443,44.49029],[-102.04913,44.49449],[-102.04603,44.49989],[-102.03881,44.50171],[-102.03759,44.50374],[-102.01182,44.50529],[-102.00107,44.51093],[-102.00096,44.34383],[-102.00723,44.34378],[-102.00751,44.25005],[-102.02468,44.24803],[-102.08147,44.22557],[-102.0881,44.22522],[-102.08809,44.19701],[-102.10774,44.19682],[-102.1082,44.18259],[-102.11633,44.18256],[-102.11819,44.18086],[-102.11826,44.16411],[-102.11294,44.15845],[-102.11318,44.12576],[-102.12636,44.12446],[-102.12762,44.11029],[-102.16781,44.11028],[-102.16774,44.06695],[-102.15846,44.06695],[-102.1572,44.06341],[-102.15257,44.06325],[-102.15254,44.05576],[-102.14762,44.04989],[-102.14762,44.03805],[-102.12765,44.03801],[-102.12772,43.99462],[-102.13884,43.99453],[-102.13849,43.92753],[-102.0474,43.90608],[-101.95967,43.86792],[-101.95968,43.84991],[-101.93966,43.84976],[-101.93953,43.82107],[-102.01921,43.82105],[-102.01908,43.71926],[-102.03677,43.71732],[-102.04475,43.71072],[-102.05181,43.70878],[-102.09285,43.70889],[-102.11165,43.71571],[-102.13793,43.71337],[-102.15353,43.71662],[-102.18863,43.7194],[-102.18881,43.73417],[-102.19853,43.7431],[-102.19877,43.80655],[-102.25876,43.80639],[-102.25801,43.87887],[-102.25925,43.88001],[-102.29754,43.90395],[-102.31497,43.90508],[-102.31591,43.90218],[-102.32121,43.90107],[-102.33125,43.9032],[-102.35291,43.91652],[-102.35839,43.90967],[-102.36236,43.90991],[-102.36612,43.90634],[-102.37942,43.91009],[-102.38484,43.9086],[-102.40436,43.91145],[-102.41654,43.90921],[-102.42086,43.90607],[-102.42288,43.89864],[-102.43016,43.89381],[-102.45758,43.89373],[-102.45764,43.90808],[-102.49667,43.90806],[-102.49765,43.96307]]]}},{"type":"Feature","id":"57791","properties":{"zip":"57791","pop":null,"city":"","county":"Meade","state":"South Dakota","area":207.82,"lat":44.2438,"lon":-102.4652},"geometry":{"type":"Polygon","coordinates":[[[-102.70269,43.99465],[-102.62153,43.99471],[-102.61796,43.99283],[-102.60403,43.99463],[-102.54812,43.99456],[-102.54815,44.01033],[-102.54088,44.00793],[-102.50648,44.0045],[-102.49676,44.00106],[-102.48794,44.00196],[-102.48801,44.08187],[-102.48295,44.08223],[-102.48801,44.08559],[-102.48791,44.18317],[-102.4921,44.18995],[-102.48787,44.19737],[-102.50529,44.19745],[-102.50606,44.24923],[-102.50992,44.25201],[-102.51193,44.26106],[-102.52794,44.27114],[-102.5279,44.28434],[-102.5481,44.28432],[-102.54759,44.31332],[-102.53775,44.31355],[-102.53765,44.32389],[-102.54526,44.3321],[-102.54648,44.34001],[-102.5631,44.35091],[-102.56343,44.35998],[-102.56619,44.36441],[-102.56566,44.37232],[-102.55932,44.3719],[-102.55874,44.37422],[-102.564,44.37931],[-102.56064,44.3812],[-102.55663,44.38836],[-102.56234,44.39599],[-102.56237,44.44509],[-102.50181,44.44513],[-102.50305,44.45296],[-102.50172,44.45841],[-102.49541,44.46504],[-102.49108,44.46585],[-102.49035,44.46922],[-102.4846,44.46941],[-102.48175,44.47245],[-102.48175,44.48574],[-102.48423,44.48831],[-102.48158,44.50391],[-102.4817,44.51696],[-102.48294,44.52662],[-102.48659,44.52887],[-102.48022,44.52886],[-102.48019,44.51843],[-102.42225,44.51828],[-102.42166,44.45961],[-102.36065,44.45961],[-102.36105,44.43097],[-102.30692,44.4316],[-102.30615,44.42877],[-102.31093,44.42439],[-102.30293,44.41981],[-102.30564,44.40884],[-102.30207,44.40674],[-102.30211,44.39978],[-102.30536,44.39214],[-102.29818,44.38889],[-102.29855,44.38629],[-102.30252,44.38336],[-102.29828,44.37691],[-102.30605,44.37261],[-102.30554,44.36776],[-102.31459,44.36345],[-102.31794,44.36665],[-102.32473,44.36781],[-102.32737,44.36436],[-102.32326,44.36011],[-102.325,44.35786],[-102.3288,44.35785],[-102.34163,44.34877],[-102.33665,44.34396],[-102.34291,44.34025],[-102.34219,44.32896],[-102.34783,44.32635],[-102.34452,44.32347],[-102.34458,44.32111],[-102.34869,44.31817],[-102.35093,44.30974],[-102.34785,44.30628],[-102.34874,44.30365],[-102.35905,44.30075],[-102.36025,44.29333],[-102.36696,44.28561],[-102.36775,44.2775],[-102.35884,44.26566],[-102.36157,44.26274],[-102.36745,44.26276],[-102.36786,44.26118],[-102.36306,44.25869],[-102.35867,44.24894],[-102.36585,44.24236],[-102.35699,44.23056],[-102.37253,44.22177],[-102.37258,44.20941],[-102.39161,44.205],[-102.39614,44.19605],[-102.39526,44.19452],[-102.38725,44.19457],[-102.38206,44.18675],[-102.38117,44.17463],[-102.37605,44.16879],[-102.37014,44.1682],[-102.36715,44.16584],[-102.36795,44.08139],[-102.4021,44.08132],[-102.40091,44.08041],[-102.42658,44.0791],[-102.43529,44.07532],[-102.44766,44.06541],[-102.44279,44.06422],[-102.44681,44.06069],[-102.45784,44.05616],[-102.45858,44.05345],[-102.45186,44.04647],[-102.45164,44.04225],[-102.45518,44.03964],[-102.46134,44.04025],[-102.46166,44.03618],[-102.4662,44.03206],[-102.46011,44.02744],[-102.45977,44.02167],[-102.46612,44.01444],[-102.4624,44.01339],[-102.45941,44.00993],[-102.4687,44.00572],[-102.46862,43.99531],[-102.4808,43.98432],[-102.47346,43.97968],[-102.47521,43.9729],[-102.48212,43.9746],[-102.48576,43.96865],[-102.49576,43.96573],[-102.50085,43.95727],[-102.51014,43.95445],[-102.51568,43.95032],[-102.52856,43.95085],[-102.54236,43.94879],[-102.54478,43.94698],[-102.54309,43.93873],[-102.54591,43.93195],[-102.54968,43.92843],[-102.55306,43.92684],[-102.56248,43.93368],[-102.56749,43.93291],[-102.56983,43.92848],[-102.57842,43.92207],[-102.57982,43.91412],[-102.58263,43.91174],[-102.61698,43.91136],[-102.61694,43.9003],[-102.62825,43.90414],[-102.63251,43.90269],[-102.63605,43.90517],[-102.64107,43.90139],[-102.64398,43.90139],[-102.64141,43.91215],[-102.64994,43.91903],[-102.65514,43.94342],[-102.66162,43.95659],[-102.68058,43.95378],[-102.67134,43.94047],[-102.6746,43.93615],[-102.67818,43.93818],[-102.68839,43.93277],[-102.68864,43.95979],[-102.69827,43.96951],[-102.69863,43.99014],[-102.70269,43.99465]]]}},{"type":"Feature","id":"57799","properties":{"zip":"57799","pop":null,"city":"Spearfish","county":"Lawrence","state":"South Dakota","area":0.14,"lat":44.49809,"lon":-103.87241},"geometry":{"type":"Polygon","coordinates":[[[-103.87642,44.49939],[-103.87492,44.49935],[-103.875,44.50307],[-103.86999,44.50303],[-103.8688,44.49543],[-103.87029,44.49327],[-103.87492,44.49352],[-103.87642,44.49939]]]}},{"type":"Feature","id":"57025","properties":{"zip":"57025","pop":null,"city":"Richland","county":"Union","state":"South Dakota","area":92.62,"lat":42.71728,"lon":-96.68898},"geometry":{"type":"Polygon","coordinates":[[[-96.8065,42.72661],[-96.80229,42.72097],[-96.78645,42.72123],[-96.78613,42.76438],[-96.76554,42.76505],[-96.76637,42.83045],[-96.7769,42.83048],[-96.7769,42.84468],[-96.76638,42.84468],[-96.76641,42.85914],[-96.75413,42.85875],[-96.74671,42.85627],[-96.74669,42.86315],[-96.74032,42.86313],[-96.73203,42.86651],[-96.73201,42.86348],[-96.72694,42.8635],[-96.72692,42.85255],[-96.73474,42.84808],[-96.73258,42.84349],[-96.73453,42.83845],[-96.7326,42.83646],[-96.72894,42.83708],[-96.72744,42.83399],[-96.72247,42.8367],[-96.71848,42.83189],[-96.71851,42.82912],[-96.71133,42.83044],[-96.71226,42.82614],[-96.71074,42.82353],[-96.68767,42.8224],[-96.68782,42.80355],[-96.6843,42.80205],[-96.6877,42.80027],[-96.68473,42.79595],[-96.68603,42.79437],[-96.66537,42.79428],[-96.66531,42.79062],[-96.65848,42.79064],[-96.65723,42.78804],[-96.65292,42.78726],[-96.64549,42.79448],[-96.64583,42.82217],[-96.62593,42.82224],[-96.62575,42.80878],[-96.61695,42.81011],[-96.61166,42.82225],[-96.58613,42.82235],[-96.58346,42.82033],[-96.59104,42.81536],[-96.59601,42.81504],[-96.59566,42.81043],[-96.59091,42.80899],[-96.591,42.80658],[-96.59451,42.79805],[-96.59873,42.79782],[-96.59595,42.79355],[-96.59704,42.79189],[-96.60523,42.79116],[-96.60258,42.78777],[-96.60378,42.78372],[-96.61949,42.78403],[-96.62262,42.77689],[-96.62624,42.77522],[-96.62642,42.77246],[-96.63493,42.77074],[-96.63528,42.76912],[-96.63252,42.76734],[-96.63514,42.76323],[-96.62786,42.75641],[-96.62254,42.75845],[-96.61949,42.75479],[-96.63048,42.75038],[-96.63104,42.7445],[-96.63515,42.74024],[-96.63129,42.73719],[-96.63283,42.73534],[-96.63755,42.73727],[-96.63862,42.73492],[-96.63043,42.72992],[-96.63378,42.72657],[-96.63352,42.72419],[-96.6247,42.7255],[-96.62714,42.71733],[-96.62453,42.71562],[-96.63062,42.70588],[-96.62675,42.70404],[-96.62341,42.70701],[-96.61881,42.69968],[-96.61495,42.69904],[-96.60967,42.70236],[-96.6056,42.70202],[-96.60446,42.70014],[-96.6058,42.69843],[-96.60877,42.69819],[-96.6118,42.69513],[-96.60552,42.69424],[-96.60031,42.69802],[-96.59535,42.694],[-96.5949,42.68944],[-96.59828,42.68891],[-96.59808,42.68664],[-96.59293,42.68689],[-96.59043,42.69108],[-96.58676,42.69013],[-96.58544,42.68309],[-96.57529,42.68282],[-96.57491,42.68083],[-96.57848,42.67814],[-96.57191,42.67768],[-96.57717,42.67334],[-96.57654,42.67077],[-96.57226,42.67078],[-96.56668,42.67594],[-96.56461,42.6716],[-96.5563,42.66484],[-96.5599,42.66282],[-96.55996,42.65854],[-96.55833,42.6576],[-96.5437,42.66138],[-96.53788,42.65543],[-96.53827,42.64902],[-96.567,42.64941],[-96.567,42.63416],[-96.58654,42.6341],[-96.58656,42.62383],[-96.60122,42.63413],[-96.60609,42.63416],[-96.60611,42.6197],[-96.64548,42.61979],[-96.64545,42.6053],[-96.66502,42.60531],[-96.66468,42.58942],[-96.6603,42.58703],[-96.65977,42.58259],[-96.65271,42.57472],[-96.65217,42.56807],[-96.64527,42.56378],[-96.64527,42.56191],[-96.65017,42.56194],[-96.68137,42.57449],[-96.7093,42.60375],[-96.71155,42.61476],[-96.70949,42.62193],[-96.69685,42.6376],[-96.68908,42.64408],[-96.68767,42.65313],[-96.69764,42.65914],[-96.72802,42.66688],[-96.74695,42.66622],[-96.76406,42.66199],[-96.77818,42.66299],[-96.79874,42.66824],[-96.80218,42.67224],[-96.80048,42.69247],[-96.80165,42.69877],[-96.80622,42.70415],[-96.8065,42.72661]]]}},{"type":"Feature","id":"57027","properties":{"zip":"57027","pop":null,"city":"","county":"Lincoln","state":"South Dakota","area":7.12,"lat":43.19464,"lon":-96.50932},"geometry":{"type":"Polygon","coordinates":[[[-96.56918,43.21398],[-96.51003,43.21404],[-96.50996,43.19247],[-96.49977,43.19231],[-96.49952,43.18507],[-96.49019,43.18507],[-96.49153,43.22389],[-96.4767,43.22201],[-96.47063,43.20723],[-96.47378,43.19877],[-96.47383,43.1898],[-96.4724,43.18564],[-96.46715,43.1845],[-96.4649,43.18203],[-96.4664,43.17074],[-96.52965,43.17058],[-96.52972,43.19954],[-96.5692,43.19947],[-96.56918,43.21398]]]}},{"type":"Feature","id":"57041","properties":{"zip":"57041","pop":null,"city":"Lyons","county":"Minnehaha","state":"South Dakota","area":2.27,"lat":43.72188,"lon":-96.88414},"geometry":{"type":"Polygon","coordinates":[[[-96.91063,43.73225],[-96.86113,43.73214],[-96.86114,43.71763],[-96.87116,43.71764],[-96.87109,43.7031],[-96.88749,43.70297],[-96.88366,43.70457],[-96.8829,43.70721],[-96.88487,43.71417],[-96.88621,43.71418],[-96.88385,43.71767],[-96.91055,43.71776],[-96.91063,43.73225]]]}},{"type":"Feature","id":"57457","properties":{"zip":"57457","pop":null,"city":"","county":"McPherson","state":"South Dakota","area":106.35,"lat":45.87277,"lon":-99.15818},"geometry":{"type":"Polygon","coordinates":[[[-99.36574,45.91189],[-99.35513,45.91314],[-99.34504,45.91729],[-99.34493,45.92644],[-99.30478,45.92616],[-99.30481,45.9402],[-98.97346,45.93981],[-98.97355,45.83872],[-99.09747,45.83886],[-99.09748,45.78083],[-99.15955,45.78094],[-99.15955,45.7664],[-99.22174,45.76644],[-99.22174,45.81064],[-99.28351,45.81057],[-99.28376,45.83015],[-99.29236,45.83486],[-99.30438,45.83456],[-99.30458,45.88271],[-99.36579,45.88294],[-99.36574,45.91189]]]}},{"type":"Feature","id":"57047","properties":{"zip":"57047","pop":null,"city":"Monroe","county":"McCook","state":"South Dakota","area":10.73,"lat":43.51754,"lon":-97.21523},"geometry":{"type":"Polygon","coordinates":[[[-97.25848,43.51429],[-97.25846,43.52185],[-97.24823,43.52183],[-97.24808,43.52877],[-97.23939,43.52879],[-97.23919,43.55061],[-97.22927,43.55066],[-97.22926,43.55796],[-97.20937,43.55783],[-97.20931,43.55064],[-97.18941,43.55067],[-97.18937,43.54337],[-97.17931,43.54348],[-97.17935,43.5216],[-97.18955,43.5216],[-97.18908,43.49967],[-97.18174,43.49967],[-97.18189,43.48818],[-97.20176,43.48815],[-97.20158,43.47369],[-97.22147,43.47373],[-97.2217,43.48808],[-97.2414,43.488],[-97.24166,43.49977],[-97.249,43.49977],[-97.24857,43.51071],[-97.2585,43.51072],[-97.25848,43.51429]]]}},{"type":"Feature","id":"57050","properties":{"zip":"57050","pop":null,"city":"Nunda","county":"Lake","state":"South Dakota","area":29.28,"lat":44.15724,"lon":-97.0147},"geometry":{"type":"Polygon","coordinates":[[[-97.10999,44.15253],[-97.09001,44.15263],[-97.09003,44.1958],[-96.94977,44.19567],[-96.94911,44.16736],[-96.90896,44.16741],[-96.90872,44.1385],[-96.96949,44.13828],[-96.96938,44.12378],[-97.00919,44.12359],[-97.00912,44.10908],[-97.04936,44.10906],[-97.04957,44.1236],[-97.08976,44.12362],[-97.08993,44.13813],[-97.10985,44.13801],[-97.10999,44.15253]]]}},{"type":"Feature","id":"57061","properties":{"zip":"57061","pop":null,"city":"Sinai","county":"Brookings","state":"South Dakota","area":0.27,"lat":44.24438,"lon":-97.04403},"geometry":{"type":"Polygon","coordinates":[[[-97.04909,44.24981],[-97.03897,44.24989],[-97.03896,44.23921],[-97.04895,44.23856],[-97.04909,44.24981]]]}},{"type":"Feature","id":"57439","properties":{"zip":"57439","pop":null,"city":"Ferney","county":"Brown","state":"South Dakota","area":0.28,"lat":45.33461,"lon":-98.10008},"geometry":{"type":"Polygon","coordinates":[[[-98.10406,45.34182],[-98.09575,45.34181],[-98.0962,45.32733],[-98.10431,45.32736],[-98.10406,45.34182]]]}},{"type":"Feature","id":"57501","properties":{"zip":"57501","pop":null,"city":"","county":"Hughes","state":"South Dakota","area":470.5,"lat":44.53517,"lon":-100.31895},"geometry":{"type":"Polygon","coordinates":[[[-100.72918,44.79141],[-100.72423,44.80763],[-100.71481,44.82162],[-100.70223,44.82837],[-100.69332,44.82829],[-100.67947,44.82459],[-100.66682,44.81691],[-100.64174,44.79184],[-100.61097,44.7701],[-100.58544,44.7647],[-100.55037,44.76031],[-100.54348,44.76109],[-100.52686,44.76828],[-100.51486,44.78365],[-100.47513,44.81643],[-100.41868,44.84337],[-100.40272,44.85684],[-100.39347,44.86869],[-100.393,44.87498],[-100.40475,44.89769],[-100.38046,44.89768],[-100.38005,44.89302],[-100.37324,44.8849],[-100.36359,44.88694],[-100.36125,44.89279],[-100.35948,44.8935],[-100.36118,44.88502],[-100.35744,44.88267],[-100.36195,44.88287],[-100.35477,44.87447],[-100.36014,44.87413],[-100.3594,44.87588],[-100.36397,44.88086],[-100.36802,44.88083],[-100.37346,44.87779],[-100.37589,44.87174],[-100.37323,44.87092],[-100.37802,44.86939],[-100.37629,44.86591],[-100.37957,44.86427],[-100.37726,44.86191],[-100.37909,44.86095],[-100.37401,44.85661],[-100.38317,44.8592],[-100.37955,44.85172],[-100.38668,44.85355],[-100.38521,44.8506],[-100.38848,44.85209],[-100.38907,44.84866],[-100.39196,44.84967],[-100.39324,44.84701],[-100.39485,44.84729],[-100.39183,44.84413],[-100.39289,44.84217],[-100.3875,44.83855],[-100.39225,44.83839],[-100.39649,44.84347],[-100.40096,44.84389],[-100.40083,44.84196],[-100.40401,44.84197],[-100.40437,44.83899],[-100.40646,44.84096],[-100.40864,44.8395],[-100.40768,44.8379],[-100.41321,44.83778],[-100.41407,44.83511],[-100.41568,44.83582],[-100.41809,44.83335],[-100.42105,44.8357],[-100.41973,44.8293],[-100.42448,44.83145],[-100.42738,44.82889],[-100.42998,44.83104],[-100.43351,44.828],[-100.43737,44.8277],[-100.4356,44.82487],[-100.44161,44.82507],[-100.44251,44.82402],[-100.43991,44.82354],[-100.4409,44.82235],[-100.44344,44.82306],[-100.44386,44.82082],[-100.44755,44.82034],[-100.44386,44.81936],[-100.44537,44.81803],[-100.44042,44.81284],[-100.43779,44.81325],[-100.43798,44.80879],[-100.36548,44.80885],[-100.36524,44.77981],[-100.32494,44.78009],[-100.32471,44.76556],[-100.30728,44.76566],[-100.32444,44.71558],[-100.32466,44.70719],[-100.26373,44.7073],[-100.26305,44.63477],[-100.32444,44.63454],[-100.32405,44.57691],[-100.26273,44.57697],[-100.26329,44.54812],[-100.14952,44.54832],[-100.14966,44.49051],[-100.13824,44.4899],[-100.13828,44.48226],[-100.12838,44.48166],[-100.12836,44.48938],[-100.04768,44.48455],[-100.04773,44.42695],[-100.02813,44.42115],[-100.02812,44.39672],[-100.00733,44.39739],[-100.00733,44.36758],[-99.84192,44.36754],[-99.80521,44.35588],[-99.8052,44.30953],[-99.84573,44.30964],[-99.84583,44.28937],[-99.84431,44.28797],[-99.84577,44.27334],[-99.88243,44.27364],[-99.90549,44.28065],[-99.90516,44.2592],[-99.92303,44.26629],[-99.94222,44.26641],[-99.95555,44.26432],[-99.98442,44.26834],[-100.01582,44.28079],[-100.04454,44.28781],[-100.06324,44.29587],[-100.08533,44.30845],[-100.09827,44.31179],[-100.10773,44.31175],[-100.1657,44.32463],[-100.19203,44.32262],[-100.21837,44.32612],[-100.24253,44.3267],[-100.27473,44.33185],[-100.2913,44.33702],[-100.33858,44.34353],[-100.35816,44.34922],[-100.36539,44.35552],[-100.36914,44.37134],[-100.37377,44.38011],[-100.38452,44.43623],[-100.39383,44.44776],[-100.40762,44.45718],[-100.47012,44.46095],[-100.5392,44.44443],[-100.5514,44.44552],[-100.56654,44.45087],[-100.57396,44.45547],[-100.58046,44.4629],[-100.5808,44.47449],[-100.57421,44.49477],[-100.55929,44.50619],[-100.52929,44.51648],[-100.51761,44.52877],[-100.51668,44.53445],[-100.52941,44.55015],[-100.54687,44.55365],[-100.59303,44.55658],[-100.61007,44.56145],[-100.6209,44.5667],[-100.64006,44.58372],[-100.64555,44.59795],[-100.64315,44.62032],[-100.6339,44.63155],[-100.62481,44.65155],[-100.61347,44.68813],[-100.6124,44.69783],[-100.6138,44.70714],[-100.6301,44.73721],[-100.64438,44.74298],[-100.66404,44.74383],[-100.68031,44.74738],[-100.68518,44.75485],[-100.69138,44.75966],[-100.72402,44.77531],[-100.72882,44.7837],[-100.72918,44.79141]]]}},{"type":"Feature","id":"57105","properties":{"zip":"57105","pop":null,"city":"Sioux Falls","county":"Minnehaha","state":"South Dakota","area":5.49,"lat":43.52124,"lon":-96.73571},"geometry":{"type":"Polygon","coordinates":[[[-96.78027,43.53664],[-96.71629,43.53674],[-96.71133,43.53494],[-96.71135,43.53665],[-96.70586,43.53777],[-96.69705,43.53451],[-96.69624,43.53314],[-96.69863,43.53128],[-96.69634,43.5256],[-96.70179,43.52197],[-96.70368,43.51486],[-96.71095,43.51405],[-96.71094,43.50625],[-96.70827,43.50209],[-96.70978,43.50036],[-96.7393,43.50034],[-96.73902,43.5022],[-96.73121,43.50401],[-96.73121,43.51],[-96.75401,43.50152],[-96.76529,43.513],[-96.76793,43.51303],[-96.76793,43.51483],[-96.76552,43.51484],[-96.77148,43.52641],[-96.78026,43.53064],[-96.78027,43.53664]],[[-96.75871,43.52943],[-96.75125,43.52943],[-96.75124,43.53306],[-96.7587,43.53303],[-96.75871,43.52943]],[[-96.74123,43.52211],[-96.73623,43.52208],[-96.73625,43.52726],[-96.73999,43.52726],[-96.74123,43.52211]]]}},{"type":"Feature","id":"57548","properties":{"zip":"57548","pop":null,"city":"","county":"Lyman","state":"South Dakota","area":91.15,"lat":44.08401,"lon":-99.62368},"geometry":{"type":"Polygon","coordinates":[[[-99.76563,44.13547],[-99.75039,44.13282],[-99.73076,44.12499],[-99.67779,44.11049],[-99.65454,44.10169],[-99.63252,44.0979],[-99.61962,44.1003],[-99.61225,44.10369],[-99.60492,44.11005],[-99.59983,44.11828],[-99.59877,44.12378],[-99.60287,44.13928],[-99.61031,44.14889],[-99.62297,44.1565],[-99.645,44.1655],[-99.65797,44.16865],[-99.69575,44.17238],[-99.71069,44.18458],[-99.71026,44.1932],[-99.70137,44.20336],[-99.68403,44.21446],[-99.66612,44.21735],[-99.63235,44.21566],[-99.59909,44.20596],[-99.57539,44.19162],[-99.55123,44.17121],[-99.54075,44.15851],[-99.54064,44.15014],[-99.554,44.12777],[-99.56089,44.10971],[-99.56222,44.0995],[-99.55844,44.09197],[-99.53951,44.07333],[-99.51133,44.05499],[-99.44872,44.04823],[-99.44551,44.04451],[-99.44739,44.03604],[-99.44582,44.01676],[-99.44841,44.01288],[-99.48563,43.99233],[-99.51608,43.96508],[-99.52554,43.96307],[-99.52531,44.01422],[-99.76566,44.01345],[-99.76563,44.13547]]]}},{"type":"Feature","id":"57551","properties":{"zip":"57551","pop":null,"city":"","county":"Bennett","state":"South Dakota","area":552.78,"lat":43.18098,"lon":-101.70002},"geometry":{"type":"Polygon","coordinates":[[[-102.10962,43.24292],[-102.09955,43.24265],[-102.09699,43.23976],[-102.09415,43.23017],[-102.08976,43.23016],[-102.0897,43.2164],[-102.05032,43.21633],[-102.05003,43.23081],[-102.03027,43.23079],[-102.03023,43.24533],[-102.01043,43.24525],[-102.01043,43.25253],[-102.01499,43.25293],[-102.0221,43.25899],[-102.03019,43.26156],[-102.03287,43.26432],[-102.03656,43.26379],[-102.03969,43.26656],[-102.04611,43.27749],[-102.04545,43.2809],[-102.05387,43.30138],[-102.05757,43.30212],[-102.06045,43.30757],[-102.06206,43.31301],[-102.05343,43.3122],[-102.04386,43.31665],[-102.03578,43.30797],[-102.02633,43.3076],[-102.02256,43.29816],[-102.01177,43.28912],[-101.96119,43.2885],[-101.96116,43.28163],[-101.95068,43.28169],[-101.95072,43.2778],[-101.94712,43.2761],[-101.93176,43.27441],[-101.93135,43.26727],[-101.91085,43.26713],[-101.91064,43.21603],[-101.87096,43.21594],[-101.871,43.27622],[-101.85525,43.2725],[-101.85621,43.2683],[-101.85377,43.26667],[-101.84411,43.27348],[-101.84125,43.27219],[-101.83604,43.27864],[-101.83166,43.27633],[-101.83082,43.27875],[-101.82759,43.27893],[-101.82433,43.27774],[-101.8251,43.27568],[-101.82193,43.27522],[-101.82297,43.28152],[-101.81865,43.28271],[-101.80892,43.27384],[-101.7956,43.27594],[-101.79215,43.27075],[-101.76675,43.26022],[-101.75107,43.27557],[-101.73516,43.27574],[-101.73314,43.2778],[-101.71882,43.27995],[-101.72046,43.34701],[-101.71698,43.34975],[-101.71684,43.353],[-101.70327,43.352],[-101.70147,43.3636],[-101.70358,43.36929],[-101.72056,43.3801],[-101.72049,43.38906],[-101.39593,43.3892],[-101.39496,43.34649],[-101.2955,43.34548],[-101.29657,43.33112],[-101.28935,43.32213],[-101.29166,43.31686],[-101.29511,43.31462],[-101.30468,43.31541],[-101.30357,43.30403],[-101.29804,43.29629],[-101.29537,43.2956],[-101.28344,43.29647],[-101.27661,43.2995],[-101.2699,43.29778],[-101.27242,43.29518],[-101.27174,43.28871],[-101.28325,43.28342],[-101.28324,43.28118],[-101.27783,43.28148],[-101.27603,43.28372],[-101.26819,43.28243],[-101.25728,43.27633],[-101.26259,43.27086],[-101.26191,43.26631],[-101.26395,43.26161],[-101.27096,43.25531],[-101.27018,43.2526],[-101.26147,43.24906],[-101.25165,43.24888],[-101.24349,43.25426],[-101.2369,43.26487],[-101.23839,43.2735],[-101.23376,43.27594],[-101.22811,43.27583],[-101.22805,43.21393],[-101.2511,43.21033],[-101.27204,43.21488],[-101.41509,43.21514],[-101.41836,43.22814],[-101.51386,43.22841],[-101.51379,43.21536],[-101.49446,43.21537],[-101.49433,43.18626],[-101.51391,43.18627],[-101.5153,43.15729],[-101.49579,43.15725],[-101.49435,43.15533],[-101.49439,43.13553],[-101.4746,43.13536],[-101.47462,43.12814],[-101.45658,43.12812],[-101.45654,43.10353],[-101.49511,43.10354],[-101.49518,43.058],[-101.48901,43.04603],[-101.48808,43.0394],[-101.48868,43.02653],[-101.49196,43.01672],[-101.47867,42.99718],[-101.62542,42.99624],[-101.84998,42.99933],[-102.08249,42.99936],[-102.08143,43.12918],[-102.04947,43.12923],[-102.04969,43.13836],[-102.02975,43.14381],[-102.0301,43.1872],[-102.08954,43.18726],[-102.08934,43.15822],[-102.10908,43.15815],[-102.10962,43.24292]]]}},{"type":"Feature","id":"57552","properties":{"zip":"57552","pop":null,"city":"","county":"Haakon","state":"South Dakota","area":685.76,"lat":44.25906,"lon":-101.20834},"geometry":{"type":"Polygon","coordinates":[[[-101.52714,44.34336],[-101.50049,44.34341],[-101.5,44.35053],[-101.49753,44.35262],[-101.48518,44.35094],[-101.47443,44.35478],[-101.47199,44.3588],[-101.47254,44.3618],[-101.46724,44.36197],[-101.46122,44.36633],[-101.4576,44.36435],[-101.45752,44.45888],[-101.425,44.45776],[-101.39303,44.45116],[-101.38828,44.45262],[-101.38933,44.45376],[-101.38758,44.45458],[-101.39222,44.45544],[-101.38762,44.46314],[-101.39123,44.46536],[-101.38839,44.46666],[-101.39037,44.46771],[-101.38975,44.47281],[-101.39266,44.47125],[-101.39282,44.47429],[-101.3956,44.47489],[-101.39413,44.47324],[-101.39652,44.47256],[-101.39959,44.47386],[-101.39939,44.47537],[-101.40153,44.47432],[-101.40291,44.47601],[-101.40064,44.47898],[-101.40527,44.47964],[-101.40546,44.4825],[-101.4112,44.48223],[-101.41468,44.48461],[-101.41168,44.48637],[-101.41717,44.48788],[-101.41653,44.48927],[-101.4187,44.49002],[-101.41765,44.49119],[-101.41385,44.48986],[-101.41427,44.49352],[-101.41749,44.49345],[-101.42065,44.49606],[-101.41806,44.49834],[-101.42145,44.4993],[-101.41981,44.50047],[-101.42214,44.50289],[-101.42077,44.50595],[-101.42227,44.50641],[-101.42042,44.50881],[-101.4231,44.50934],[-101.42141,44.51],[-101.42208,44.51391],[-101.42403,44.51398],[-101.423,44.51612],[-101.42511,44.51745],[-101.42294,44.52063],[-101.42898,44.5212],[-101.42677,44.52321],[-101.4292,44.52259],[-101.43166,44.52463],[-101.43175,44.52714],[-101.4292,44.5278],[-101.43354,44.53027],[-101.43115,44.53167],[-101.4345,44.53363],[-101.43291,44.53468],[-101.43667,44.53631],[-101.43575,44.53887],[-101.4391,44.53864],[-101.44102,44.54049],[-101.4377,44.54559],[-101.43927,44.54808],[-101.43562,44.54847],[-101.43994,44.55064],[-101.44106,44.54938],[-101.44198,44.55137],[-101.4353,44.55148],[-101.43559,44.55356],[-101.43735,44.55336],[-101.43543,44.55711],[-101.44045,44.55802],[-101.43885,44.5593],[-101.44157,44.56166],[-101.43843,44.56421],[-101.444,44.56371],[-101.44387,44.56906],[-101.44863,44.5678],[-101.44573,44.57407],[-101.45263,44.57534],[-101.45417,44.5777],[-101.45276,44.57866],[-101.45577,44.57943],[-101.45484,44.6115],[-101.45549,44.6101],[-101.45854,44.60915],[-101.4642,44.61204],[-101.46744,44.61172],[-101.47432,44.60697],[-101.4747,44.60283],[-101.47831,44.60067],[-101.4938,44.60123],[-101.49001,44.60288],[-101.48364,44.60117],[-101.47666,44.60184],[-101.47515,44.60686],[-101.46909,44.6118],[-101.46571,44.61246],[-101.4558,44.61023],[-101.45638,44.61314],[-101.46507,44.61616],[-101.46679,44.61928],[-101.45564,44.62873],[-101.45408,44.63119],[-101.45601,44.63682],[-101.45486,44.63803],[-101.44585,44.63824],[-101.44016,44.6439],[-101.43138,44.64061],[-101.41572,44.64211],[-101.4122,44.64397],[-101.40902,44.64963],[-101.40333,44.6514],[-101.39742,44.65678],[-101.3904,44.65767],[-101.38489,44.65369],[-101.38146,44.65367],[-101.37708,44.6587],[-101.36476,44.65642],[-101.36358,44.65777],[-101.36499,44.66195],[-101.37215,44.66737],[-101.37398,44.67097],[-101.37228,44.6738],[-101.35886,44.67292],[-101.35793,44.67666],[-101.36255,44.68499],[-101.35989,44.68902],[-101.33929,44.68347],[-101.33656,44.68432],[-101.33405,44.6897],[-101.32824,44.69096],[-101.32584,44.68832],[-101.32466,44.68146],[-101.31917,44.68052],[-101.29691,44.68967],[-101.28453,44.68548],[-101.27518,44.68516],[-101.26881,44.68901],[-101.26593,44.69343],[-101.24817,44.69899],[-101.23984,44.69849],[-101.23707,44.69648],[-101.23514,44.69057],[-101.21757,44.6972],[-101.21553,44.69407],[-101.21399,44.69475],[-101.2153,44.69373],[-101.21422,44.69205],[-101.21965,44.68754],[-101.21721,44.68692],[-101.21452,44.68139],[-101.22153,44.68066],[-101.22454,44.67627],[-101.23761,44.67272],[-101.2385,44.67112],[-101.23629,44.67062],[-101.23898,44.66698],[-101.23645,44.66406],[-101.23946,44.66429],[-101.24198,44.66081],[-101.24535,44.66184],[-101.24631,44.66049],[-101.24185,44.6572],[-101.24364,44.65507],[-101.24041,44.65562],[-101.24287,44.65352],[-101.23861,44.6497],[-101.23905,44.64216],[-101.23556,44.63889],[-101.23325,44.63901],[-101.23524,44.63455],[-101.23287,44.63524],[-101.23303,44.63359],[-101.23641,44.6333],[-101.23512,44.62491],[-101.23121,44.61998],[-101.23308,44.61111],[-101.22834,44.60364],[-101.22915,44.60066],[-101.23755,44.5969],[-101.2403,44.59284],[-101.2228,44.58462],[-101.22751,44.5781],[-101.22717,44.574],[-101.2112,44.5706],[-101.20377,44.56256],[-101.19825,44.56031],[-101.13513,44.56016],[-101.13523,44.37205],[-101.07472,44.37174],[-101.07472,44.34379],[-101.06701,44.34254],[-101.06701,44.24064],[-101.0474,44.24062],[-101.04682,44.22666],[-101.00698,44.22621],[-101.00701,44.24078],[-100.97675,44.2408],[-100.96672,44.23474],[-100.9667,44.21183],[-100.80615,44.21177],[-100.8063,44.23452],[-100.79766,44.2343],[-100.79667,44.23201],[-100.79419,44.2319],[-100.79486,44.22984],[-100.79044,44.23062],[-100.78968,44.22886],[-100.78662,44.22879],[-100.78586,44.22559],[-100.77893,44.22254],[-100.77515,44.21811],[-100.77249,44.21822],[-100.77147,44.22067],[-100.76913,44.21922],[-100.76676,44.22162],[-100.76591,44.21836],[-100.76237,44.21916],[-100.7586,44.21625],[-100.75667,44.21764],[-100.75135,44.2159],[-100.74991,44.21701],[-100.74652,44.21413],[-100.74104,44.21442],[-100.74048,44.21615],[-100.73772,44.21374],[-100.73326,44.21704],[-100.73246,44.21079],[-100.73014,44.20931],[-100.72736,44.21063],[-100.73732,44.19949],[-100.7398,44.19044],[-100.75153,44.18476],[-100.74742,44.18097],[-100.75097,44.17831],[-100.74494,44.17765],[-100.74452,44.17578],[-100.75104,44.17052],[-100.75798,44.16875],[-100.77915,44.16831],[-100.79408,44.15989],[-100.79381,44.15787],[-100.80619,44.15602],[-100.80614,44.13272],[-100.8108,44.12457],[-100.82609,44.11081],[-100.84225,44.10171],[-100.84487,44.09689],[-100.85563,44.09625],[-100.85753,44.09442],[-100.89371,44.09553],[-100.90034,44.0883],[-100.89662,44.08168],[-100.8965,44.07455],[-100.90377,44.07441],[-100.90363,44.06722],[-100.92644,44.06733],[-100.92712,44.06906],[-100.92665,44.02393],[-100.96669,44.02389],[-100.96668,43.99583],[-100.96537,43.99489],[-101.06407,43.99493],[-101.06427,43.90092],[-101.08888,43.90028],[-101.11172,43.89571],[-101.15887,43.872],[-101.18357,43.86246],[-101.18361,43.92289],[-101.1442,43.92289],[-101.14418,43.97625],[-101.15052,43.9847],[-101.15292,43.99478],[-101.40727,43.99514],[-101.40663,44.04368],[-101.41805,44.04144],[-101.42507,44.03632],[-101.43231,44.03443],[-101.4336,44.03643],[-101.44129,44.03802],[-101.44375,44.03583],[-101.45019,44.03715],[-101.44854,44.03984],[-101.44382,44.04135],[-101.44568,44.04396],[-101.45728,44.04247],[-101.45784,44.04387],[-101.46015,44.04002],[-101.46244,44.04241],[-101.46773,44.04089],[-101.46952,44.04192],[-101.46762,44.04405],[-101.47144,44.04291],[-101.47456,44.04498],[-101.48006,44.03879],[-101.48238,44.04236],[-101.48,44.04268],[-101.48011,44.0453],[-101.4781,44.04616],[-101.49112,44.04491],[-101.48998,44.04778],[-101.48717,44.04815],[-101.48692,44.10316],[-101.47556,44.10374],[-101.46719,44.11073],[-101.46703,44.19739],[-101.44743,44.198],[-101.44701,44.22629],[-101.34705,44.22632],[-101.34715,44.26989],[-101.36661,44.26985],[-101.36727,44.29802],[-101.37378,44.29988],[-101.37612,44.31741],[-101.3793,44.32429],[-101.37738,44.32776],[-101.37686,44.34685],[-101.5271,44.32604],[-101.52714,44.34336]]]}},{"type":"Feature","id":"57553","properties":{"zip":"57553","pop":null,"city":"","county":"Haakon","state":"South Dakota","area":187.94,"lat":44.48544,"lon":-101.64493},"geometry":{"type":"Polygon","coordinates":[[[-101.93069,44.51204],[-101.93003,44.5309],[-101.9226,44.53037],[-101.91787,44.53313],[-101.91063,44.53256],[-101.88783,44.53858],[-101.88125,44.53309],[-101.86577,44.53213],[-101.85556,44.5266],[-101.8475,44.5294],[-101.84031,44.52665],[-101.83645,44.52168],[-101.83191,44.52353],[-101.83077,44.52925],[-101.82774,44.53173],[-101.81653,44.53129],[-101.81436,44.52935],[-101.81483,44.52562],[-101.8112,44.52237],[-101.80523,44.52549],[-101.80567,44.53398],[-101.8002,44.54152],[-101.79694,44.54317],[-101.78466,44.54078],[-101.78242,44.53606],[-101.76886,44.54336],[-101.76576,44.54799],[-101.75821,44.5484],[-101.74914,44.55419],[-101.74535,44.5547],[-101.7433,44.55851],[-101.74913,44.56356],[-101.74698,44.56779],[-101.73526,44.56855],[-101.72885,44.56608],[-101.71602,44.57268],[-101.71658,44.57679],[-101.71239,44.5802],[-101.70134,44.57498],[-101.69178,44.57557],[-101.6903,44.57124],[-101.68796,44.57043],[-101.68204,44.57106],[-101.67604,44.58035],[-101.67133,44.58353],[-101.66468,44.58375],[-101.66115,44.58799],[-101.65757,44.58639],[-101.6565,44.58255],[-101.64603,44.58519],[-101.64375,44.58422],[-101.64381,44.5811],[-101.64037,44.57943],[-101.63695,44.58153],[-101.63555,44.58569],[-101.63052,44.58646],[-101.62657,44.57986],[-101.62927,44.57711],[-101.62874,44.57504],[-101.62301,44.5729],[-101.60999,44.57221],[-101.60674,44.57725],[-101.5906,44.57397],[-101.5769,44.57821],[-101.56555,44.57564],[-101.5585,44.56921],[-101.55476,44.57081],[-101.55473,44.57442],[-101.55283,44.57574],[-101.54352,44.57206],[-101.53701,44.57407],[-101.53188,44.56772],[-101.51407,44.57599],[-101.51481,44.58136],[-101.51205,44.58545],[-101.50805,44.58597],[-101.50115,44.58124],[-101.49401,44.58396],[-101.49304,44.58718],[-101.49773,44.5952],[-101.49805,44.59898],[-101.49622,44.60033],[-101.49016,44.60212],[-101.47831,44.60067],[-101.4747,44.60283],[-101.47432,44.60697],[-101.46744,44.61172],[-101.4642,44.61204],[-101.45854,44.60915],[-101.45484,44.6115],[-101.45577,44.57943],[-101.45276,44.57866],[-101.45417,44.5777],[-101.45263,44.57534],[-101.44573,44.57407],[-101.44863,44.5678],[-101.44387,44.56906],[-101.444,44.56371],[-101.43843,44.56421],[-101.44157,44.56166],[-101.43885,44.5593],[-101.44045,44.55802],[-101.43543,44.55711],[-101.43735,44.55336],[-101.43559,44.55356],[-101.4353,44.55148],[-101.44198,44.55137],[-101.44106,44.54938],[-101.43994,44.55064],[-101.43562,44.54847],[-101.43927,44.54808],[-101.4377,44.54559],[-101.44102,44.54049],[-101.4391,44.53864],[-101.43575,44.53887],[-101.43667,44.53631],[-101.43291,44.53468],[-101.4345,44.53363],[-101.43115,44.53167],[-101.43354,44.53027],[-101.4292,44.5278],[-101.43175,44.52714],[-101.43166,44.52463],[-101.4292,44.52259],[-101.42677,44.52321],[-101.42898,44.5212],[-101.42294,44.52063],[-101.42511,44.51745],[-101.423,44.51612],[-101.42403,44.51398],[-101.42208,44.51391],[-101.42141,44.51],[-101.4231,44.50934],[-101.42042,44.50881],[-101.42227,44.50641],[-101.42077,44.50595],[-101.42214,44.50289],[-101.41981,44.50047],[-101.42145,44.4993],[-101.41806,44.49834],[-101.42065,44.49606],[-101.41749,44.49345],[-101.41427,44.49352],[-101.41385,44.48986],[-101.41765,44.49119],[-101.4187,44.49002],[-101.41653,44.48927],[-101.41717,44.48788],[-101.41168,44.48637],[-101.41468,44.48461],[-101.4112,44.48223],[-101.40546,44.4825],[-101.40527,44.47964],[-101.40064,44.47898],[-101.40291,44.47601],[-101.40153,44.47432],[-101.39939,44.47537],[-101.39959,44.47386],[-101.39652,44.47256],[-101.39413,44.47324],[-101.3956,44.47489],[-101.39282,44.47429],[-101.39266,44.47125],[-101.38975,44.47281],[-101.39037,44.46771],[-101.38839,44.46666],[-101.39123,44.46536],[-101.38762,44.46314],[-101.39222,44.45544],[-101.38758,44.45458],[-101.38933,44.45376],[-101.38828,44.45262],[-101.39303,44.45116],[-101.425,44.45776],[-101.45752,44.45888],[-101.4576,44.36435],[-101.50042,44.39476],[-101.52429,44.40214],[-101.54558,44.39886],[-101.58069,44.40121],[-101.67885,44.40125],[-101.67876,44.36031],[-101.6869,44.35805],[-101.69881,44.35795],[-101.69892,44.40128],[-101.82451,44.40138],[-101.83515,44.40511],[-101.89456,44.47359],[-101.91737,44.47361],[-101.92079,44.47526],[-101.92082,44.48649],[-101.91461,44.48756],[-101.91208,44.49051],[-101.92796,44.50587],[-101.93069,44.51204]]]}},{"type":"Feature","id":"57446","properties":{"zip":"57446","pop":null,"city":"","county":"Brown","state":"South Dakota","area":112.0,"lat":45.86695,"lon":-98.15435},"geometry":{"type":"Polygon","coordinates":[[[-98.35232,45.85762],[-98.33173,45.85757],[-98.33204,45.93639],[-97.97878,45.93594],[-97.97917,45.79158],[-98.08283,45.79172],[-98.08266,45.82071],[-98.10357,45.82071],[-98.10351,45.80617],[-98.16567,45.80632],[-98.16564,45.82078],[-98.19714,45.82078],[-98.19742,45.81345],[-98.20716,45.81316],[-98.20716,45.79177],[-98.21101,45.7918],[-98.21131,45.77752],[-98.21389,45.77611],[-98.21749,45.77727],[-98.21743,45.77039],[-98.22807,45.77018],[-98.23336,45.76671],[-98.23348,45.76282],[-98.26437,45.76288],[-98.25298,45.76759],[-98.24649,45.77642],[-98.26405,45.7774],[-98.26377,45.7921],[-98.25863,45.79664],[-98.2577,45.80658],[-98.31081,45.80653],[-98.31084,45.82103],[-98.33158,45.82114],[-98.33169,45.85],[-98.35239,45.8502],[-98.35232,45.85762]]]}},{"type":"Feature","id":"57214","properties":{"zip":"57214","pop":null,"city":"Badger","county":"Kingsbury","state":"South Dakota","area":4.53,"lat":44.47763,"lon":-97.1957},"geometry":{"type":"Polygon","coordinates":[[[-97.22937,44.49948],[-97.18892,44.49959],[-97.18868,44.48512],[-97.16875,44.48516],[-97.16856,44.46393],[-97.16264,44.45996],[-97.16358,44.45626],[-97.17809,44.45627],[-97.17732,44.45476],[-97.17996,44.45349],[-97.18108,44.45631],[-97.20906,44.45609],[-97.2089,44.47812],[-97.21899,44.47824],[-97.21886,44.48504],[-97.22928,44.485],[-97.22937,44.49948]]]}},{"type":"Feature","id":"57233","properties":{"zip":"57233","pop":null,"city":"","county":"Kingsbury","state":"South Dakota","area":26.18,"lat":44.50996,"lon":-97.39923},"geometry":{"type":"Polygon","coordinates":[[[-97.49125,44.49887],[-97.47132,44.49909],[-97.4711,44.54392],[-97.26976,44.54345],[-97.26964,44.51382],[-97.33032,44.5136],[-97.33022,44.49909],[-97.35058,44.49907],[-97.35067,44.51356],[-97.38997,44.51355],[-97.39019,44.48452],[-97.43064,44.48456],[-97.43084,44.44099],[-97.47139,44.44132],[-97.47101,44.45552],[-97.46084,44.45552],[-97.46085,44.46211],[-97.471,44.46211],[-97.47113,44.47735],[-97.48135,44.47728],[-97.48141,44.48448],[-97.49128,44.48441],[-97.49125,44.49887]]]}},{"type":"Feature","id":"57256","properties":{"zip":"57256","pop":null,"city":"Ortley","county":"Grant","state":"South Dakota","area":31.54,"lat":45.24918,"lon":-97.20159},"geometry":{"type":"Polygon","coordinates":[[[-97.24685,45.2976],[-97.22624,45.29765],[-97.22626,45.34127],[-97.20635,45.34127],[-97.16535,45.34105],[-97.16493,45.29722],[-97.14426,45.29719],[-97.14432,45.28301],[-97.16498,45.28286],[-97.16476,45.23935],[-97.14408,45.23922],[-97.14413,45.22454],[-97.16476,45.22459],[-97.16447,45.19557],[-97.18521,45.19541],[-97.18557,45.18825],[-97.19526,45.18812],[-97.1952,45.15172],[-97.20549,45.1518],[-97.20596,45.12274],[-97.21619,45.12281],[-97.21601,45.13728],[-97.23601,45.13652],[-97.24423,45.16595],[-97.22621,45.16633],[-97.22598,45.22464],[-97.2464,45.22489],[-97.24685,45.2976]]]}},{"type":"Feature","id":"57368","properties":{"zip":"57368","pop":null,"city":"","county":"Aurora","state":"South Dakota","area":168.08,"lat":43.75114,"lon":-98.47589},"geometry":{"type":"Polygon","coordinates":[[[-98.66637,43.84869],[-98.62264,43.84917],[-98.62259,43.83132],[-98.56393,43.83232],[-98.56385,43.84944],[-98.51106,43.84934],[-98.51116,43.8785],[-98.49146,43.87855],[-98.49134,43.90768],[-98.41173,43.90822],[-98.41149,43.85012],[-98.34548,43.85086],[-98.34538,43.81902],[-98.32536,43.81962],[-98.32568,43.77572],[-98.34559,43.77557],[-98.34557,43.76107],[-98.32567,43.76114],[-98.32577,43.73191],[-98.34559,43.73131],[-98.3455,43.71007],[-98.32568,43.70977],[-98.32593,43.65905],[-98.3359,43.65897],[-98.33591,43.65153],[-98.34557,43.65148],[-98.34552,43.64441],[-98.4056,43.64394],[-98.40544,43.62946],[-98.42534,43.62933],[-98.42552,43.64379],[-98.48136,43.6434],[-98.48049,43.5998],[-98.49741,43.5998],[-98.49737,43.58524],[-98.55552,43.58509],[-98.55412,43.65758],[-98.59398,43.65674],[-98.59454,43.70845],[-98.61377,43.70849],[-98.61364,43.72136],[-98.62493,43.72216],[-98.62492,43.75933],[-98.62211,43.77351],[-98.6222,43.78786],[-98.64491,43.78846],[-98.64477,43.81667],[-98.6334,43.81675],[-98.63327,43.83125],[-98.66674,43.83214],[-98.66637,43.84869]]]}},{"type":"Feature","id":"57278","properties":{"zip":"57278","pop":null,"city":"","county":"Clark","state":"South Dakota","area":112.99,"lat":44.64684,"lon":-97.68223},"geometry":{"type":"Polygon","coordinates":[[[-97.8562,44.70354],[-97.83629,44.70348],[-97.83621,44.71809],[-97.6546,44.71761],[-97.65475,44.73206],[-97.63429,44.73212],[-97.63432,44.71756],[-97.53235,44.71751],[-97.53257,44.68292],[-97.5083,44.69815],[-97.50828,44.6957],[-97.49188,44.69552],[-97.49219,44.63064],[-97.5327,44.63064],[-97.53278,44.61631],[-97.55295,44.61628],[-97.55305,44.58736],[-97.59342,44.58751],[-97.59349,44.60197],[-97.61391,44.60194],[-97.61391,44.58754],[-97.6541,44.58756],[-97.65408,44.55864],[-97.6339,44.55864],[-97.63323,44.54418],[-97.67422,44.5442],[-97.6743,44.55863],[-97.81583,44.55883],[-97.81618,44.62623],[-97.79873,44.63117],[-97.81623,44.63118],[-97.8162,44.64565],[-97.85625,44.64576],[-97.8562,44.70354]]]}},{"type":"Feature","id":"57251","properties":{"zip":"57251","pop":null,"city":"","county":"Grant","state":"South Dakota","area":34.26,"lat":45.2772,"lon":-96.93674},"geometry":{"type":"Polygon","coordinates":[[[-97.03507,45.24033],[-96.99295,45.32688],[-96.86234,45.32602],[-96.86261,45.26821],[-96.84224,45.26832],[-96.8424,45.25384],[-96.86271,45.2538],[-96.86277,45.23937],[-96.90397,45.23952],[-96.90418,45.22274],[-96.96546,45.22308],[-96.96462,45.23988],[-97.03507,45.24033]]]}},{"type":"Feature","id":"57642","properties":{"zip":"57642","pop":null,"city":"","county":"Corson","state":"South Dakota","area":507.67,"lat":45.78602,"lon":-100.72453},"geometry":{"type":"Polygon","coordinates":[[[-101.08927,45.72838],[-101.07854,45.73084],[-101.07876,45.74506],[-101.05763,45.76268],[-101.06171,45.76408],[-101.06164,45.7799],[-101.06777,45.78021],[-101.06836,45.78174],[-101.07931,45.78092],[-101.08,45.93436],[-101.05973,45.93451],[-101.05962,45.94392],[-100.97725,45.9439],[-100.97664,45.9205],[-100.95589,45.91994],[-100.95566,45.93453],[-100.95997,45.94383],[-100.87685,45.94385],[-100.87682,45.96564],[-100.86811,45.9656],[-100.86811,45.95799],[-100.84558,45.95797],[-100.84548,45.96634],[-100.83964,45.97269],[-100.80424,45.97266],[-100.80424,45.98334],[-100.79905,45.99699],[-100.80416,46.00985],[-100.80484,46.02483],[-100.80941,46.02798],[-100.80258,46.03088],[-100.76132,46.03036],[-100.75191,46.03193],[-100.75235,45.94776],[-100.75372,45.94765],[-100.75146,45.94366],[-100.49935,45.94363],[-100.48868,45.93028],[-100.47132,45.92178],[-100.46242,45.91957],[-100.43132,45.89734],[-100.41752,45.88401],[-100.38704,45.86914],[-100.38064,45.85818],[-100.38237,45.83861],[-100.38115,45.8299],[-100.37554,45.81595],[-100.35121,45.77184],[-100.31838,45.72448],[-100.30901,45.70784],[-100.30818,45.70116],[-100.30885,45.68963],[-100.31778,45.67346],[-100.32305,45.66991],[-100.34497,45.6615],[-100.38739,45.65944],[-100.40644,45.65001],[-100.41672,45.63465],[-100.41977,45.62482],[-100.42383,45.6248],[-100.42338,45.61614],[-100.43205,45.58886],[-100.44082,45.57896],[-100.45917,45.5684],[-100.46197,45.58337],[-100.4603,45.58508],[-100.46208,45.58751],[-100.4599,45.58678],[-100.45891,45.58895],[-100.45587,45.58818],[-100.45077,45.59036],[-100.44767,45.5923],[-100.44782,45.59633],[-100.45355,45.60084],[-100.45893,45.60139],[-100.46238,45.60613],[-100.47157,45.60517],[-100.47851,45.60929],[-100.48721,45.61135],[-100.49106,45.60959],[-100.49924,45.61322],[-100.50037,45.63119],[-100.51179,45.63533],[-100.5198,45.63529],[-100.51543,45.63242],[-100.52423,45.63768],[-100.51945,45.63907],[-100.50501,45.65617],[-100.50433,45.70776],[-100.50281,45.71198],[-100.48056,45.73107],[-100.58382,45.73144],[-100.58346,45.76071],[-100.67459,45.76038],[-100.67587,45.75536],[-100.68582,45.7469],[-100.68663,45.74071],[-100.68988,45.73878],[-100.6899,45.73164],[-100.60671,45.73148],[-100.60706,45.55944],[-100.73051,45.55983],[-100.73021,45.6281],[-100.75126,45.63351],[-100.76403,45.63938],[-100.81877,45.63881],[-100.82218,45.65005],[-100.83028,45.64781],[-100.84687,45.65022],[-100.85299,45.64934],[-100.86383,45.63901],[-100.88854,45.63808],[-100.89989,45.63007],[-100.92546,45.61801],[-100.93928,45.60488],[-100.95982,45.59372],[-100.96877,45.59384],[-100.98,45.6004],[-100.97975,45.65468],[-100.98725,45.65347],[-100.9924,45.65518],[-100.98733,45.66144],[-100.99366,45.66324],[-101.00584,45.65822],[-101.0079,45.66448],[-101.01533,45.66567],[-101.01837,45.66811],[-101.0232,45.66556],[-101.03132,45.66671],[-101.04599,45.66243],[-101.04899,45.66327],[-101.04586,45.66753],[-101.04772,45.67713],[-101.05091,45.67887],[-101.0591,45.67549],[-101.07433,45.68199],[-101.07009,45.68609],[-101.06383,45.6846],[-101.05858,45.68586],[-101.05675,45.69241],[-101.05457,45.69414],[-101.05255,45.69362],[-101.04965,45.68825],[-101.04133,45.68944],[-101.0383,45.69569],[-101.04427,45.70227],[-101.03562,45.70534],[-101.03654,45.70758],[-101.03993,45.70975],[-101.04992,45.70958],[-101.05289,45.715],[-101.06294,45.71744],[-101.07067,45.71318],[-101.07159,45.70721],[-101.07609,45.70664],[-101.07851,45.7084],[-101.07871,45.71612],[-101.08724,45.72253],[-101.09093,45.72771],[-101.08927,45.72838]],[[-100.825,45.66289],[-100.81666,45.66035],[-100.8087,45.67502],[-100.7904,45.67554],[-100.78292,45.67931],[-100.78192,45.68378],[-100.77478,45.68616],[-100.79486,45.69187],[-100.79762,45.68809],[-100.80398,45.69013],[-100.81325,45.68897],[-100.81319,45.6831],[-100.8109,45.6791],[-100.82426,45.67379],[-100.825,45.66289]]]}},{"type":"Feature","id":"57065","properties":{"zip":"57065","pop":null,"city":"Trent","county":"Moody","state":"South Dakota","area":21.88,"lat":43.90042,"lon":-96.60631},"geometry":{"type":"Polygon","coordinates":[[[-96.70842,43.93528],[-96.56684,43.93521],[-96.56687,43.90606],[-96.55684,43.90583],[-96.55671,43.92036],[-96.5466,43.92012],[-96.54662,43.90564],[-96.5365,43.90559],[-96.53744,43.86214],[-96.54711,43.86219],[-96.54723,43.84766],[-96.58759,43.84801],[-96.58741,43.8625],[-96.60753,43.8625],[-96.60729,43.88414],[-96.64804,43.88409],[-96.64809,43.8917],[-96.66807,43.89172],[-96.66813,43.9064],[-96.68812,43.90633],[-96.68828,43.92084],[-96.70825,43.92076],[-96.70842,43.93528]]]}},{"type":"Feature","id":"57475","properties":{"zip":"57475","pop":null,"city":"","county":"Potter","state":"South Dakota","area":90.21,"lat":45.22839,"lon":-99.62035},"geometry":{"type":"Polygon","coordinates":[[[-99.70847,45.31824],[-99.70839,45.34728],[-99.54436,45.34698],[-99.54444,45.3325],[-99.46252,45.33215],[-99.46235,45.27428],[-99.50344,45.2744],[-99.50333,45.31557],[-99.52392,45.3139],[-99.5239,45.31791],[-99.54451,45.31805],[-99.54458,45.30354],[-99.58566,45.30361],[-99.5857,45.27461],[-99.54467,45.2745],[-99.54501,45.24672],[-99.57333,45.24536],[-99.57307,45.08578],[-99.61401,45.0858],[-99.61398,45.07131],[-99.63437,45.07131],[-99.6343,45.05682],[-99.67519,45.05685],[-99.67553,45.15825],[-99.69513,45.15827],[-99.69517,45.24582],[-99.70899,45.24587],[-99.70847,45.31824]]]}},{"type":"Feature","id":"57323","properties":{"zip":"57323","pop":null,"city":"","county":"Miner","state":"South Dakota","area":88.29,"lat":44.16263,"lon":-97.72111},"geometry":{"type":"Polygon","coordinates":[[[-97.87,44.18351],[-97.84975,44.18327],[-97.84949,44.19523],[-97.83413,44.19539],[-97.83389,44.22437],[-97.73325,44.22388],[-97.73322,44.23836],[-97.63273,44.23838],[-97.63264,44.26737],[-97.61239,44.26742],[-97.61265,44.20946],[-97.65296,44.20949],[-97.65285,44.19486],[-97.57143,44.19512],[-97.57121,44.13893],[-97.61011,44.1391],[-97.61038,44.08105],[-97.6305,44.08127],[-97.63048,44.09576],[-97.73015,44.09613],[-97.75048,44.09611],[-97.75055,44.08165],[-97.77068,44.08163],[-97.7706,44.09609],[-97.8507,44.09633],[-97.85039,44.1253],[-97.87062,44.1255],[-97.87,44.18351]]]}},{"type":"Feature","id":"57559","properties":{"zip":"57559","pop":null,"city":"","county":"Jones","state":"South Dakota","area":313.2,"lat":43.9366,"lon":-100.7205},"geometry":{"type":"Polygon","coordinates":[[[-100.94493,43.98874],[-100.94466,43.99502],[-100.92661,43.99508],[-100.92712,44.06906],[-100.92644,44.06733],[-100.90363,44.06722],[-100.90377,44.07441],[-100.8965,44.07455],[-100.89662,44.08168],[-100.90034,44.0883],[-100.89371,44.09553],[-100.85753,44.09442],[-100.85563,44.09625],[-100.84487,44.09689],[-100.84225,44.10171],[-100.82609,44.11081],[-100.8108,44.12457],[-100.80614,44.13272],[-100.80619,44.15602],[-100.79381,44.15787],[-100.79408,44.15989],[-100.77915,44.16831],[-100.58627,44.16879],[-100.58626,44.04554],[-100.59778,44.0454],[-100.60145,44.0412],[-100.61013,44.04039],[-100.623,44.03548],[-100.62394,44.03098],[-100.63344,44.02699],[-100.64389,44.03123],[-100.66637,44.03128],[-100.66666,43.90841],[-100.65753,43.91577],[-100.65214,43.91744],[-100.61237,43.91219],[-100.6,43.9197],[-100.58647,43.93388],[-100.58663,43.85005],[-100.54665,43.85012],[-100.54679,43.86459],[-100.5068,43.86395],[-100.50675,43.85058],[-100.49675,43.84968],[-100.4967,43.80679],[-100.46665,43.80681],[-100.4669,43.7342],[-100.47126,43.73681],[-100.47133,43.73127],[-100.47573,43.7271],[-100.48114,43.72841],[-100.48574,43.73574],[-100.49048,43.73828],[-100.49863,43.73086],[-100.50464,43.7288],[-100.51462,43.72986],[-100.5177,43.7332],[-100.5147,43.73554],[-100.5151,43.74072],[-100.5221,43.74627],[-100.52661,43.74595],[-100.53415,43.73982],[-100.5415,43.73678],[-100.55469,43.73725],[-100.56184,43.74316],[-100.55315,43.74104],[-100.55109,43.74232],[-100.54967,43.74739],[-100.55211,43.75482],[-100.55354,43.75606],[-100.56185,43.75325],[-100.57288,43.75295],[-100.57762,43.76379],[-100.58227,43.76749],[-100.59047,43.76899],[-100.59464,43.76549],[-100.60106,43.76493],[-100.61113,43.75862],[-100.61108,43.748],[-100.61847,43.74334],[-100.62381,43.74432],[-100.63568,43.73886],[-100.6425,43.73814],[-100.64495,43.73953],[-100.64477,43.74135],[-100.64027,43.74004],[-100.63698,43.74209],[-100.63954,43.74786],[-100.65066,43.74961],[-100.65851,43.74691],[-100.66761,43.73987],[-100.66885,43.7344],[-100.65694,43.73579],[-100.6535,43.73484],[-100.65298,43.73192],[-100.67748,43.72271],[-100.67666,43.71375],[-100.67908,43.71194],[-100.68531,43.71257],[-100.68891,43.70656],[-100.70068,43.70018],[-100.70527,43.69534],[-100.73023,43.69531],[-100.73045,43.68733],[-100.74015,43.68727],[-100.74032,43.6991],[-100.73463,43.69904],[-100.73475,43.70265],[-100.7302,43.70263],[-100.73,43.70869],[-100.73453,43.70746],[-100.74408,43.71927],[-100.75339,43.72211],[-100.7525,43.72447],[-100.74323,43.72823],[-100.7417,43.73138],[-100.74477,43.73421],[-100.74492,43.73857],[-100.74742,43.73857],[-100.74774,43.73524],[-100.75015,43.7342],[-100.75763,43.73908],[-100.761,43.73922],[-100.75548,43.73297],[-100.75841,43.73114],[-100.76772,43.73175],[-100.77249,43.7272],[-100.77951,43.72406],[-100.79008,43.72563],[-100.79219,43.72719],[-100.78968,43.7292],[-100.78419,43.72767],[-100.77531,43.72927],[-100.77734,43.73149],[-100.7875,43.7305],[-100.79481,43.73372],[-100.79295,43.73535],[-100.78845,43.73485],[-100.78675,43.74018],[-100.7899,43.74243],[-100.79548,43.74025],[-100.8048,43.7444],[-100.80426,43.74924],[-100.79629,43.74756],[-100.79458,43.75122],[-100.79573,43.75406],[-100.80507,43.75559],[-100.80573,43.76352],[-100.80906,43.76697],[-100.82487,43.76849],[-100.82557,43.77341],[-100.83584,43.78002],[-100.83564,43.78561],[-100.84313,43.79253],[-100.84789,43.80002],[-100.84963,43.8063],[-100.8477,43.80698],[-100.8464,43.81199],[-100.84883,43.8157],[-100.84516,43.81994],[-100.8452,43.89384],[-100.86517,43.89381],[-100.86524,43.90814],[-100.88516,43.90828],[-100.88524,43.9372],[-100.92531,43.93818],[-100.92534,43.96621],[-100.94476,43.96612],[-100.94493,43.98874]]]}},{"type":"Feature","id":"57448","properties":{"zip":"57448","pop":null,"city":"","county":"McPherson","state":"South Dakota","area":116.92,"lat":45.61195,"lon":-99.41861},"geometry":{"type":"Polygon","coordinates":[[[-99.58491,45.55004],[-99.58487,45.59311],[-99.5522,45.59317],[-99.55225,45.63664],[-99.52127,45.63686],[-99.52148,45.65105],[-99.51089,45.65103],[-99.5109,45.65854],[-99.49538,45.65854],[-99.49538,45.66179],[-99.4902,45.66179],[-99.49024,45.66549],[-99.40722,45.66531],[-99.40685,45.70182],[-99.42751,45.70193],[-99.42762,45.69446],[-99.44855,45.69446],[-99.4486,45.72346],[-99.42814,45.72344],[-99.42793,45.75238],[-99.36583,45.75235],[-99.36581,45.70889],[-99.34495,45.70878],[-99.34487,45.72339],[-99.29933,45.72328],[-99.29934,45.7049],[-99.29457,45.705],[-99.29457,45.69432],[-99.28655,45.69429],[-99.28645,45.70043],[-99.28357,45.70043],[-99.28356,45.70883],[-99.24221,45.70861],[-99.24215,45.63628],[-99.30414,45.63629],[-99.30383,45.60706],[-99.34538,45.60733],[-99.34481,45.59699],[-99.33819,45.59283],[-99.35872,45.59294],[-99.35882,45.56448],[-99.33819,45.56465],[-99.33837,45.50659],[-99.50294,45.50609],[-99.50284,45.49856],[-99.50103,45.49687],[-99.50259,45.49493],[-99.50266,45.47731],[-99.52322,45.47757],[-99.52308,45.50642],[-99.5437,45.5065],[-99.54374,45.52097],[-99.58517,45.52105],[-99.58491,45.55004]]]}},{"type":"Feature","id":"57358","properties":{"zip":"57358","pop":null,"city":"Lane","county":"Jerauld","state":"South Dakota","area":0.71,"lat":44.07505,"lon":-98.42205},"geometry":{"type":"Polygon","coordinates":[[[-98.43254,44.08226],[-98.41244,44.08231],[-98.41223,44.0678],[-98.42943,44.06675],[-98.42803,44.06977],[-98.4324,44.07205],[-98.43254,44.08226]]]}},{"type":"Feature","id":"57268","properties":{"zip":"57268","pop":null,"city":"","county":"Deuel","state":"South Dakota","area":45.82,"lat":44.56889,"lon":-96.68778},"geometry":{"type":"Polygon","coordinates":[[[-96.80676,44.53616],[-96.79659,44.53616],[-96.79653,44.54375],[-96.80447,44.54376],[-96.8049,44.55813],[-96.78454,44.55813],[-96.78461,44.60166],[-96.77431,44.60169],[-96.77395,44.60895],[-96.76389,44.60882],[-96.76381,44.63064],[-96.71361,44.6306],[-96.71361,44.62302],[-96.70336,44.62304],[-96.70337,44.60844],[-96.68312,44.60849],[-96.68317,44.60176],[-96.64257,44.60161],[-96.62239,44.60188],[-96.62242,44.60907],[-96.61226,44.6092],[-96.61218,44.61638],[-96.60211,44.61645],[-96.60212,44.63057],[-96.58191,44.63059],[-96.58183,44.60185],[-96.56156,44.60181],[-96.56154,44.57277],[-96.58173,44.5728],[-96.58165,44.55832],[-96.62218,44.55837],[-96.62223,44.54386],[-96.64344,44.54388],[-96.6451,44.54119],[-96.64577,44.51382],[-96.62573,44.51371],[-96.62583,44.48479],[-96.64589,44.48484],[-96.64585,44.49932],[-96.68631,44.49953],[-96.68626,44.52846],[-96.78155,44.52889],[-96.78154,44.52533],[-96.78696,44.5254],[-96.787,44.52899],[-96.80669,44.52884],[-96.80676,44.53616]]]}},{"type":"Feature","id":"57579","properties":{"zip":"57579","pop":null,"city":"","county":"Mellette","state":"South Dakota","area":457.57,"lat":43.57482,"lon":-100.78578},"geometry":{"type":"Polygon","coordinates":[[[-101.08148,43.46151],[-101.06243,43.46155],[-101.06237,43.46857],[-101.06873,43.46859],[-101.06862,43.47633],[-101.06034,43.47642],[-101.06001,43.49701],[-101.07205,43.49716],[-101.07152,43.51285],[-101.06002,43.51277],[-101.06057,43.65002],[-100.94092,43.65007],[-100.94101,43.68759],[-100.9297,43.68755],[-100.92958,43.69492],[-100.92092,43.6949],[-100.92122,43.7013],[-100.94106,43.70137],[-100.9413,43.78759],[-100.9599,43.78757],[-100.96001,43.79549],[-101.00024,43.79531],[-101.00044,43.80942],[-101.02028,43.80943],[-101.02226,43.8351],[-101.0185,43.83818],[-101.00287,43.83828],[-101.00204,43.84701],[-100.99555,43.84979],[-100.98703,43.84913],[-100.98541,43.84705],[-100.98655,43.84084],[-100.98056,43.83769],[-100.98375,43.83473],[-100.97643,43.83156],[-100.96985,43.83111],[-100.96072,43.83616],[-100.95985,43.82899],[-100.96214,43.82709],[-100.9718,43.82824],[-100.97376,43.82682],[-100.97011,43.81761],[-100.96202,43.81573],[-100.95599,43.81807],[-100.95365,43.81646],[-100.95426,43.81286],[-100.96065,43.81144],[-100.95883,43.8101],[-100.95053,43.81209],[-100.94484,43.81627],[-100.94057,43.8309],[-100.93077,43.83116],[-100.91822,43.822],[-100.91658,43.81432],[-100.91187,43.81167],[-100.9046,43.81429],[-100.89779,43.81202],[-100.89757,43.80695],[-100.90009,43.80492],[-100.90481,43.80519],[-100.90889,43.80946],[-100.91209,43.80898],[-100.90806,43.80091],[-100.89385,43.8006],[-100.89289,43.79742],[-100.90191,43.79627],[-100.90162,43.79409],[-100.88505,43.79187],[-100.88278,43.79489],[-100.88397,43.80132],[-100.8747,43.80026],[-100.872,43.78907],[-100.8773,43.78537],[-100.87551,43.78079],[-100.8676,43.78142],[-100.86511,43.78862],[-100.8614,43.78879],[-100.85171,43.7801],[-100.84547,43.76828],[-100.83985,43.76648],[-100.84131,43.76018],[-100.83981,43.75923],[-100.83431,43.76257],[-100.8367,43.76721],[-100.83422,43.76896],[-100.80752,43.7661],[-100.80507,43.75559],[-100.80186,43.75395],[-100.79694,43.75534],[-100.79458,43.75122],[-100.79629,43.74756],[-100.79896,43.74696],[-100.80178,43.74959],[-100.80426,43.74924],[-100.80408,43.74332],[-100.80043,43.74331],[-100.79548,43.74025],[-100.7899,43.74243],[-100.78675,43.74018],[-100.78646,43.73731],[-100.78845,43.73485],[-100.79295,43.73535],[-100.79481,43.73372],[-100.7875,43.7305],[-100.77734,43.73149],[-100.77531,43.72927],[-100.78419,43.72767],[-100.78968,43.7292],[-100.79219,43.72719],[-100.79008,43.72563],[-100.77951,43.72406],[-100.77249,43.7272],[-100.76772,43.73175],[-100.75841,43.73114],[-100.75548,43.73297],[-100.761,43.73922],[-100.75763,43.73908],[-100.75015,43.7342],[-100.74774,43.73524],[-100.74742,43.73857],[-100.74492,43.73857],[-100.74477,43.73421],[-100.7417,43.73138],[-100.74323,43.72823],[-100.7525,43.72447],[-100.75339,43.72211],[-100.74408,43.71927],[-100.73453,43.70746],[-100.73,43.70869],[-100.7302,43.70263],[-100.73475,43.70265],[-100.73463,43.69904],[-100.74032,43.6991],[-100.74015,43.68727],[-100.73045,43.68733],[-100.73023,43.69531],[-100.70527,43.69534],[-100.70068,43.70018],[-100.68891,43.70656],[-100.68531,43.71257],[-100.67908,43.71194],[-100.67666,43.71375],[-100.67748,43.72271],[-100.65298,43.73192],[-100.6535,43.73484],[-100.65694,43.73579],[-100.66885,43.7344],[-100.66761,43.73987],[-100.65851,43.74691],[-100.65066,43.74961],[-100.63954,43.74786],[-100.63698,43.74209],[-100.64027,43.74004],[-100.64477,43.74135],[-100.64495,43.73953],[-100.6425,43.73814],[-100.63568,43.73886],[-100.62381,43.74432],[-100.61847,43.74334],[-100.61108,43.748],[-100.61113,43.75862],[-100.60106,43.76493],[-100.59464,43.76549],[-100.5922,43.76864],[-100.5862,43.76902],[-100.57762,43.76379],[-100.57288,43.75295],[-100.56185,43.75325],[-100.55354,43.75606],[-100.55043,43.75127],[-100.55061,43.74298],[-100.55315,43.74104],[-100.56184,43.74316],[-100.55469,43.73725],[-100.5415,43.73678],[-100.53415,43.73982],[-100.52661,43.74595],[-100.5221,43.74627],[-100.5151,43.74072],[-100.5147,43.73554],[-100.5177,43.7332],[-100.51674,43.73064],[-100.50694,43.72873],[-100.49863,43.73086],[-100.49048,43.73828],[-100.49029,43.72474],[-100.51028,43.72487],[-100.5104,43.71787],[-100.53002,43.718],[-100.5301,43.71044],[-100.53963,43.71041],[-100.53956,43.71786],[-100.5499,43.71773],[-100.55002,43.70986],[-100.56003,43.7099],[-100.55999,43.69506],[-100.55001,43.69503],[-100.55,43.68127],[-100.55867,43.68159],[-100.55876,43.6741],[-100.54028,43.67412],[-100.54031,43.66675],[-100.53006,43.66669],[-100.5301,43.67413],[-100.51013,43.67414],[-100.51012,43.66717],[-100.50021,43.66711],[-100.50029,43.67408],[-100.49659,43.6752],[-100.49572,43.67926],[-100.49159,43.68135],[-100.48023,43.68148],[-100.48038,43.66712],[-100.47079,43.6671],[-100.47028,43.56553],[-100.51976,43.56576],[-100.52013,43.53685],[-100.49015,43.53684],[-100.49017,43.51482],[-100.51984,43.51495],[-100.51993,43.51127],[-100.52489,43.51128],[-100.52483,43.50781],[-100.51987,43.50779],[-100.52004,43.50062],[-100.56963,43.5006],[-100.56777,43.49687],[-100.56992,43.47955],[-100.57244,43.47955],[-100.57246,43.46262],[-100.57951,43.46087],[-100.59281,43.46148],[-100.59292,43.45503],[-100.61279,43.45495],[-100.6128,43.39724],[-100.59309,43.39706],[-100.5931,43.39012],[-101.03853,43.38913],[-101.03876,43.45425],[-101.04821,43.45428],[-101.04816,43.44727],[-101.06848,43.44714],[-101.06858,43.43972],[-101.0783,43.43955],[-101.07831,43.45906],[-101.08148,43.46151]]]}},{"type":"Feature","id":"57319","properties":{"zip":"57319","pop":null,"city":"","county":"McCook","state":"South Dakota","area":107.38,"lat":43.53855,"lon":-97.48354},"geometry":{"type":"Polygon","coordinates":[[[-97.60702,43.54262],[-97.58752,43.54322],[-97.58718,43.57202],[-97.56731,43.57208],[-97.56731,43.60065],[-97.54758,43.60083],[-97.54793,43.62982],[-97.56787,43.62965],[-97.56835,43.65849],[-97.58824,43.65859],[-97.58831,43.66544],[-97.48877,43.66444],[-97.48827,43.64474],[-97.44828,43.64472],[-97.44822,43.6157],[-97.40839,43.61559],[-97.40829,43.60108],[-97.38831,43.60115],[-97.38779,43.57243],[-97.34759,43.57252],[-97.34766,43.56509],[-97.36077,43.56507],[-97.35937,43.56025],[-97.36104,43.55862],[-97.3565,43.55084],[-97.34778,43.55089],[-97.34834,43.49977],[-97.3598,43.49977],[-97.3597,43.47307],[-97.37999,43.473],[-97.37992,43.45856],[-97.40118,43.45866],[-97.40105,43.44416],[-97.40857,43.44106],[-97.41083,43.4413],[-97.41176,43.44408],[-97.55997,43.44375],[-97.56001,43.45806],[-97.58003,43.45817],[-97.57976,43.42899],[-97.59955,43.42925],[-97.60007,43.49982],[-97.60701,43.49983],[-97.60702,43.54262]]]}},{"type":"Feature","id":"57367","properties":{"zip":"57367","pop":null,"city":"Pickstown","county":"Charles Mix","state":"South Dakota","area":3.72,"lat":43.06351,"lon":-98.51369},"geometry":{"type":"Polygon","coordinates":[[[-98.56117,43.05971],[-98.5567,43.06531],[-98.55136,43.06747],[-98.49845,43.07777],[-98.48305,43.06765],[-98.46698,43.0679],[-98.46711,43.05829],[-98.47653,43.05825],[-98.47658,43.05304],[-98.48707,43.053],[-98.48704,43.05823],[-98.51526,43.05774],[-98.51517,43.05286],[-98.54617,43.05285],[-98.56117,43.05971]]]}},{"type":"Feature","id":"57585","properties":{"zip":"57585","pop":null,"city":"","county":"Mellette","state":"South Dakota","area":229.72,"lat":43.5551,"lon":-100.39756},"geometry":{"type":"Polygon","coordinates":[[[-100.61287,43.41344],[-100.61279,43.45495],[-100.59292,43.45503],[-100.59281,43.46148],[-100.57951,43.46087],[-100.57246,43.46262],[-100.57244,43.47955],[-100.56992,43.47955],[-100.56777,43.49687],[-100.56963,43.5006],[-100.52004,43.50062],[-100.51987,43.50779],[-100.52483,43.50781],[-100.52489,43.51128],[-100.51993,43.51127],[-100.51984,43.51495],[-100.49017,43.51482],[-100.49015,43.53684],[-100.52013,43.53685],[-100.51976,43.56576],[-100.47028,43.56553],[-100.47079,43.6671],[-100.48038,43.66712],[-100.48023,43.68148],[-100.49159,43.68135],[-100.49572,43.67926],[-100.49659,43.6752],[-100.50029,43.67408],[-100.50021,43.66711],[-100.51012,43.66717],[-100.51013,43.67414],[-100.5301,43.67413],[-100.53006,43.66669],[-100.54031,43.66675],[-100.54028,43.67412],[-100.55876,43.6741],[-100.55867,43.68159],[-100.55,43.68127],[-100.55001,43.69503],[-100.55999,43.69506],[-100.56003,43.7099],[-100.55002,43.70986],[-100.5499,43.71773],[-100.53956,43.71786],[-100.53963,43.71041],[-100.5301,43.71044],[-100.53002,43.718],[-100.5104,43.71787],[-100.51028,43.72487],[-100.49029,43.72474],[-100.49048,43.73828],[-100.48574,43.73574],[-100.48114,43.72841],[-100.47573,43.7271],[-100.47133,43.73127],[-100.47126,43.73681],[-100.4669,43.7342],[-100.46515,43.72968],[-100.4671,43.72614],[-100.47424,43.72182],[-100.46341,43.72334],[-100.4611,43.72131],[-100.45628,43.7211],[-100.45214,43.7225],[-100.4469,43.73179],[-100.4442,43.73242],[-100.43327,43.72463],[-100.41949,43.71803],[-100.41521,43.72145],[-100.41304,43.72618],[-100.41833,43.73536],[-100.39226,43.73005],[-100.38771,43.72603],[-100.38133,43.72609],[-100.37728,43.72828],[-100.37838,43.73151],[-100.37313,43.73859],[-100.36927,43.73922],[-100.34744,43.72767],[-100.34309,43.71781],[-100.32728,43.7159],[-100.3052,43.72331],[-100.30146,43.72013],[-100.29666,43.70599],[-100.29069,43.69873],[-100.28549,43.69693],[-100.28003,43.6968],[-100.27596,43.69896],[-100.26932,43.70766],[-100.26556,43.70916],[-100.25873,43.70847],[-100.25381,43.7029],[-100.23085,43.71386],[-100.23099,43.47798],[-100.27614,43.47806],[-100.29398,43.47485],[-100.29397,43.46655],[-100.30405,43.46656],[-100.3037,43.44813],[-100.32223,43.44808],[-100.32236,43.45563],[-100.3324,43.45527],[-100.33259,43.40653],[-100.3339,43.40459],[-100.34252,43.40458],[-100.3426,43.38996],[-100.5931,43.39012],[-100.59309,43.39706],[-100.6128,43.39724],[-100.61287,43.41344]]]}},{"type":"Feature","id":"57076","properties":{"zip":"57076","pop":null,"city":"","county":"Lake","state":"South Dakota","area":75.9,"lat":43.97668,"lon":-97.35301},"geometry":{"type":"Polygon","coordinates":[[[-97.4308,44.15312],[-97.37018,44.1532],[-97.37029,44.09514],[-97.39041,44.09509],[-97.3903,44.08053],[-97.37016,44.08061],[-97.37007,44.00818],[-97.26887,44.00781],[-97.26903,43.92063],[-97.24889,43.92076],[-97.24892,43.84832],[-97.32904,43.84851],[-97.32903,43.87753],[-97.36957,43.87753],[-97.36968,43.90651],[-97.40956,43.90646],[-97.4097,43.92092],[-97.42982,43.92101],[-97.4308,44.15312]]]}},{"type":"Feature","id":"57748","properties":{"zip":"57748","pop":null,"city":"","county":"Meade","state":"South Dakota","area":286.58,"lat":44.58475,"lon":-102.01091},"geometry":{"type":"Polygon","coordinates":[[[-102.3611,44.43429],[-102.36092,44.51773],[-102.24104,44.51797],[-102.24112,44.66198],[-102.22209,44.66192],[-102.22132,44.68977],[-102.19816,44.69012],[-102.19657,44.71885],[-102.19146,44.71728],[-102.16711,44.71894],[-102.16714,44.68994],[-101.98249,44.68992],[-101.96583,44.68709],[-101.9556,44.68972],[-101.77938,44.68964],[-101.76857,44.69174],[-101.69809,44.69201],[-101.69826,44.6986],[-101.65987,44.69463],[-101.63843,44.67218],[-101.63826,44.57997],[-101.64243,44.57995],[-101.64375,44.58422],[-101.64603,44.58519],[-101.6565,44.58255],[-101.65757,44.58639],[-101.66115,44.58799],[-101.66468,44.58375],[-101.67133,44.58353],[-101.67604,44.58035],[-101.68204,44.57106],[-101.68573,44.57036],[-101.6903,44.57124],[-101.69178,44.57557],[-101.70134,44.57498],[-101.70904,44.5795],[-101.71504,44.57948],[-101.71602,44.57268],[-101.72885,44.56608],[-101.73949,44.56893],[-101.74832,44.56697],[-101.74913,44.56356],[-101.74404,44.55969],[-101.74347,44.55604],[-101.75821,44.5484],[-101.76576,44.54799],[-101.76886,44.54336],[-101.78073,44.53644],[-101.78242,44.53606],[-101.78466,44.54078],[-101.794,44.54333],[-101.8002,44.54152],[-101.80567,44.53398],[-101.80523,44.52549],[-101.8112,44.52237],[-101.81483,44.52562],[-101.81436,44.52935],[-101.81653,44.53129],[-101.82774,44.53173],[-101.83077,44.52925],[-101.83191,44.52353],[-101.83645,44.52168],[-101.84031,44.52665],[-101.8475,44.5294],[-101.85556,44.5266],[-101.86577,44.53213],[-101.88125,44.53309],[-101.88783,44.53858],[-101.91063,44.53256],[-101.91787,44.53313],[-101.92535,44.52998],[-101.93476,44.53163],[-101.93956,44.5351],[-101.9464,44.52866],[-101.95928,44.52845],[-101.96786,44.52508],[-101.97388,44.52684],[-101.97859,44.52275],[-101.98681,44.52475],[-101.99605,44.5189],[-101.99753,44.51304],[-102.00326,44.50866],[-102.01182,44.50529],[-102.03759,44.50374],[-102.03881,44.50171],[-102.04603,44.49989],[-102.04913,44.49449],[-102.05443,44.49029],[-102.05543,44.48129],[-102.06303,44.48089],[-102.07593,44.47509],[-102.07623,44.47159],[-102.07233,44.46809],[-102.07323,44.46559],[-102.08394,44.46067],[-102.08263,44.45709],[-102.08393,44.45429],[-102.09403,44.45469],[-102.09903,44.45169],[-102.10443,44.44649],[-102.10563,44.43929],[-102.10803,44.43659],[-102.13245,44.43894],[-102.1441,44.44415],[-102.15577,44.44497],[-102.15961,44.442],[-102.15408,44.43782],[-102.15438,44.43514],[-102.16268,44.4278],[-102.18585,44.42691],[-102.19877,44.42874],[-102.19711,44.434],[-102.22242,44.44371],[-102.22033,44.45135],[-102.22611,44.45251],[-102.2546,44.44676],[-102.26779,44.44659],[-102.27496,44.45068],[-102.28003,44.45029],[-102.28288,44.44863],[-102.2844,44.44123],[-102.29684,44.43059],[-102.30622,44.43409],[-102.30692,44.4316],[-102.36105,44.43097],[-102.3611,44.43429]]]}},{"type":"Feature","id":"57638","properties":{"zip":"57638","pop":null,"city":"","county":"Perkins","state":"South Dakota","area":712.11,"lat":45.86905,"lon":-102.20758},"geometry":{"type":"Polygon","coordinates":[[[-102.62221,45.73259],[-102.57016,45.73266],[-102.57015,45.73598],[-102.55455,45.73571],[-102.55429,45.747],[-102.56399,45.74681],[-102.56393,45.76473],[-102.56997,45.76492],[-102.56978,45.81963],[-102.54912,45.81959],[-102.54915,45.84135],[-102.54633,45.84185],[-102.54885,45.84576],[-102.54914,45.8701],[-102.53365,45.87049],[-102.52814,45.87966],[-102.52544,45.87743],[-102.51479,45.87904],[-102.49359,45.87696],[-102.44553,45.87726],[-102.44561,45.94508],[-102.37308,45.94493],[-102.39717,45.9519],[-102.40136,45.96009],[-102.41789,45.97153],[-102.41425,45.97517],[-102.41409,46.01696],[-102.35181,46.01735],[-102.35312,46.04341],[-102.35183,46.06077],[-102.33103,46.06075],[-102.33104,46.0536],[-102.31402,46.05362],[-102.30991,46.0735],[-102.31194,46.07693],[-102.29949,46.07553],[-102.29465,46.07901],[-102.29564,46.0876],[-102.29335,46.08969],[-102.28901,46.08978],[-102.28945,46.10407],[-102.37239,46.10427],[-102.37228,46.13279],[-102.29978,46.16215],[-102.24771,46.16205],[-102.24772,46.14754],[-102.18555,46.14742],[-102.18559,46.17644],[-102.144,46.17648],[-102.14391,46.1475],[-102.09152,46.14758],[-102.09115,46.13333],[-102.06071,46.13337],[-102.05988,46.14663],[-102.03991,46.14744],[-102.03981,46.17642],[-102.0189,46.17643],[-102.01887,46.1909],[-101.99807,46.19091],[-101.99803,46.17646],[-101.97814,46.17647],[-101.97812,46.162],[-101.97229,46.16188],[-101.95728,46.16198],[-101.95701,46.19087],[-101.87385,46.19093],[-101.87384,46.06333],[-101.86914,46.06337],[-101.87095,46.065],[-101.86688,46.0663],[-101.86182,46.06479],[-101.855,46.0685],[-101.85621,46.07149],[-101.84936,46.07328],[-101.84623,46.06608],[-101.84328,46.06747],[-101.84436,46.06485],[-101.8503,46.06498],[-101.84968,46.06279],[-101.84583,46.0606],[-101.84163,46.06338],[-101.84021,46.06039],[-101.84608,46.05808],[-101.85295,46.05792],[-101.85346,46.06025],[-101.87375,46.05937],[-101.87444,45.94452],[-101.95712,45.94448],[-101.95713,45.93469],[-101.92803,45.9347],[-101.92807,45.83323],[-101.94863,45.83324],[-101.94868,45.7898],[-101.92806,45.78956],[-101.92811,45.7319],[-102.00087,45.73199],[-102.00049,45.64708],[-102.08633,45.64605],[-102.0863,45.63187],[-102.16915,45.63191],[-102.16931,45.57393],[-102.25162,45.574],[-102.25153,45.60295],[-102.28812,45.60285],[-102.30774,45.59465],[-102.31434,45.58853],[-102.3338,45.58847],[-102.33392,45.55943],[-102.45739,45.5598],[-102.45665,45.60965],[-102.45985,45.61144],[-102.46058,45.61475],[-102.47137,45.61543],[-102.47195,45.61769],[-102.46985,45.62052],[-102.47142,45.62372],[-102.47989,45.62552],[-102.48512,45.61704],[-102.4924,45.6196],[-102.49681,45.62402],[-102.50492,45.6225],[-102.51897,45.62318],[-102.52431,45.63287],[-102.53297,45.6382],[-102.54998,45.63155],[-102.55682,45.6403],[-102.5732,45.63759],[-102.57905,45.63912],[-102.58045,45.64109],[-102.58017,45.71936],[-102.62118,45.71917],[-102.62221,45.73259]]]}},{"type":"Feature","id":"57346","properties":{"zip":"57346","pop":null,"city":"Stephan","county":"Hyde","state":"South Dakota","area":0.2,"lat":44.24854,"lon":-99.45754},"geometry":{"type":"Polygon","coordinates":[[[-99.46363,44.25191],[-99.45141,44.25198],[-99.4516,44.24502],[-99.46369,44.24523],[-99.46363,44.25191]]]}},{"type":"Feature","id":"57422","properties":{"zip":"57422","pop":null,"city":"","county":"Day","state":"South Dakota","area":78.88,"lat":45.4229,"lon":-97.92204},"geometry":{"type":"Polygon","coordinates":[[[-98.02182,45.37069],[-97.98074,45.37088],[-97.9802,45.45786],[-98.00069,45.45779],[-98.00065,45.47229],[-97.98004,45.47232],[-97.97959,45.58848],[-97.95923,45.58843],[-97.95971,45.55933],[-97.93896,45.55918],[-97.93919,45.54466],[-97.87707,45.5443],[-97.87721,45.52978],[-97.85665,45.52963],[-97.85716,45.4862],[-97.87776,45.48626],[-97.87779,45.46482],[-97.87288,45.4648],[-97.87292,45.45721],[-97.85751,45.45719],[-97.85767,45.44269],[-97.83787,45.44261],[-97.83798,45.42815],[-97.8174,45.42813],[-97.81753,45.41363],[-97.838,45.41365],[-97.83751,45.35518],[-97.85064,45.34112],[-97.85803,45.33674],[-97.85791,45.32666],[-97.89874,45.3267],[-97.89897,45.29804],[-97.93991,45.2982],[-97.93999,45.28398],[-97.96051,45.28384],[-97.9604,45.2983],[-98.00159,45.29834],[-98.00151,45.32731],[-97.98096,45.32734],[-97.98082,45.35634],[-98.02187,45.35627],[-98.02182,45.37069]]]}},{"type":"Feature","id":"57532","properties":{"zip":"57532","pop":null,"city":"","county":"Stanley","state":"South Dakota","area":974.39,"lat":44.3614,"lon":-100.56422},"geometry":{"type":"Polygon","coordinates":[[[-101.07472,44.35632],[-101.02431,44.35941],[-100.99445,44.35831],[-100.9981,44.36079],[-100.99885,44.36379],[-100.99626,44.36662],[-100.99627,44.37173],[-100.9942,44.37173],[-100.9945,44.38691],[-100.99676,44.38899],[-101.00738,44.39357],[-101.03424,44.39371],[-101.03397,44.53126],[-100.99431,44.53123],[-100.99429,44.53363],[-100.94941,44.53219],[-100.91301,44.52579],[-100.91309,44.6178],[-100.91539,44.62591],[-100.92123,44.63419],[-100.92159,44.65961],[-100.93757,44.672],[-100.94052,44.67639],[-100.93709,44.67792],[-100.93716,44.68229],[-100.94225,44.68957],[-100.98306,44.68954],[-100.98653,44.693],[-100.98659,44.69727],[-100.99024,44.6989],[-100.98632,44.70011],[-100.98565,44.7033],[-100.9884,44.70782],[-100.99335,44.70891],[-100.99276,44.71087],[-100.9988,44.71082],[-100.99648,44.71221],[-100.9959,44.71629],[-100.99762,44.71656],[-100.99863,44.72047],[-101.00089,44.72192],[-101.00304,44.72109],[-101.00256,44.71894],[-101.0066,44.72008],[-101.01575,44.71746],[-101.01571,44.72657],[-101.00639,44.72875],[-101.00155,44.73701],[-100.99692,44.73945],[-100.98977,44.73192],[-100.98771,44.73196],[-100.98174,44.73781],[-100.97973,44.74585],[-100.97538,44.75137],[-100.95511,44.75438],[-100.95826,44.76124],[-100.95519,44.76552],[-100.93984,44.76252],[-100.93137,44.76671],[-100.91719,44.76962],[-100.91179,44.77594],[-100.91185,44.78322],[-100.909,44.7837],[-100.89563,44.77788],[-100.8932,44.77186],[-100.88805,44.76973],[-100.85936,44.77741],[-100.85366,44.78072],[-100.84812,44.77725],[-100.84342,44.77697],[-100.83653,44.78226],[-100.8298,44.78325],[-100.81826,44.78045],[-100.81201,44.76802],[-100.79782,44.76994],[-100.79945,44.765],[-100.79796,44.76351],[-100.78235,44.76819],[-100.77508,44.77238],[-100.77219,44.77076],[-100.77107,44.76745],[-100.77607,44.76123],[-100.76969,44.75818],[-100.75074,44.76255],[-100.74962,44.76542],[-100.75305,44.77272],[-100.74701,44.77556],[-100.73626,44.7744],[-100.73978,44.76867],[-100.73937,44.76576],[-100.73637,44.76374],[-100.72643,44.76542],[-100.71764,44.77093],[-100.69138,44.75966],[-100.68518,44.75485],[-100.68031,44.74738],[-100.66404,44.74383],[-100.64438,44.74298],[-100.63325,44.73942],[-100.6301,44.73721],[-100.6138,44.70714],[-100.6124,44.69783],[-100.61347,44.68813],[-100.62481,44.65155],[-100.6339,44.63155],[-100.64315,44.62032],[-100.64555,44.59795],[-100.64006,44.58372],[-100.6209,44.5667],[-100.61007,44.56145],[-100.59303,44.55658],[-100.54687,44.55365],[-100.52941,44.55015],[-100.51668,44.53445],[-100.51761,44.52877],[-100.52929,44.51648],[-100.55929,44.50619],[-100.57421,44.49477],[-100.57973,44.47972],[-100.58084,44.46567],[-100.58003,44.46184],[-100.57396,44.45547],[-100.55453,44.44627],[-100.5392,44.44443],[-100.47012,44.46095],[-100.40762,44.45718],[-100.39383,44.44776],[-100.38452,44.43623],[-100.37377,44.38011],[-100.36914,44.37134],[-100.36539,44.35552],[-100.35816,44.34922],[-100.33858,44.34353],[-100.2913,44.33702],[-100.27473,44.33185],[-100.24253,44.3267],[-100.21837,44.32612],[-100.19203,44.32262],[-100.1657,44.32463],[-100.10773,44.31175],[-100.09827,44.31179],[-100.08533,44.30845],[-100.06324,44.29587],[-100.04454,44.28781],[-100.01582,44.28079],[-99.98442,44.26834],[-99.95555,44.26432],[-99.94222,44.26641],[-99.92303,44.26629],[-99.90345,44.25827],[-99.8921,44.24188],[-99.8926,44.23923],[-99.90616,44.22561],[-99.9348,44.20609],[-99.93827,44.20035],[-99.93822,44.19519],[-99.93508,44.18828],[-99.91687,44.16787],[-99.91032,44.15464],[-99.89907,44.14119],[-99.88448,44.12958],[-99.8691,44.12479],[-99.87556,44.12459],[-99.87496,44.12293],[-99.89734,44.13081],[-99.89799,44.12674],[-99.92117,44.14348],[-99.92903,44.1434],[-99.93246,44.1447],[-99.93041,44.14742],[-99.93501,44.14788],[-99.92953,44.14047],[-99.92322,44.13606],[-99.91741,44.12767],[-99.90456,44.12302],[-99.8939,44.11559],[-99.89035,44.10572],[-99.88554,44.10105],[-99.88516,44.0809],[-99.88155,44.07909],[-99.86582,44.07918],[-99.86584,44.03563],[-99.88154,44.03512],[-99.88276,44.02419],[-99.88543,44.02135],[-99.88548,44.01357],[-100.06604,44.01396],[-100.06547,44.11525],[-100.07181,44.11567],[-100.08532,44.12218],[-100.1262,44.12238],[-100.12626,44.10914],[-100.22678,44.10863],[-100.22889,44.12623],[-100.24151,44.13584],[-100.24353,44.15138],[-100.26666,44.15141],[-100.26663,44.16592],[-100.30682,44.16586],[-100.30679,44.14446],[-100.30378,44.13589],[-100.30671,44.12981],[-100.30541,44.11622],[-100.3067,44.10798],[-100.2866,44.10805],[-100.28655,44.05591],[-100.31075,44.05738],[-100.32102,44.06051],[-100.32698,44.06451],[-100.32596,44.00652],[-100.32918,44.00666],[-100.34103,44.01594],[-100.34793,44.01861],[-100.35653,44.01837],[-100.3599,44.02216],[-100.36681,44.02392],[-100.36721,44.16869],[-100.51628,44.16835],[-100.51607,44.17924],[-100.52358,44.18477],[-100.52636,44.19869],[-100.53129,44.19866],[-100.54697,44.2045],[-100.56153,44.20432],[-100.5702,44.19934],[-100.57272,44.19387],[-100.58161,44.18731],[-100.57658,44.18273],[-100.57675,44.18037],[-100.58627,44.16879],[-100.77915,44.16831],[-100.75535,44.16899],[-100.74452,44.17578],[-100.74494,44.17765],[-100.75097,44.17831],[-100.74742,44.18097],[-100.75153,44.18476],[-100.7398,44.19044],[-100.73732,44.19949],[-100.72736,44.21063],[-100.73014,44.20931],[-100.73246,44.21079],[-100.73326,44.21704],[-100.73772,44.21374],[-100.74048,44.21615],[-100.74104,44.21442],[-100.74652,44.21413],[-100.74991,44.21701],[-100.75135,44.2159],[-100.75667,44.21764],[-100.7586,44.21625],[-100.76237,44.21916],[-100.76591,44.21836],[-100.76676,44.22162],[-100.76913,44.21922],[-100.77147,44.22067],[-100.77249,44.21822],[-100.77515,44.21811],[-100.77893,44.22254],[-100.78586,44.22559],[-100.78662,44.22879],[-100.78968,44.22886],[-100.79044,44.23062],[-100.79486,44.22984],[-100.79419,44.2319],[-100.79667,44.23201],[-100.79766,44.2343],[-100.8063,44.23452],[-100.80615,44.21177],[-100.9667,44.21183],[-100.96672,44.23474],[-100.97675,44.2408],[-101.00701,44.24078],[-101.00698,44.22621],[-101.04682,44.22666],[-101.0474,44.24062],[-101.06701,44.24064],[-101.06701,44.34254],[-101.07472,44.34379],[-101.07472,44.35632]]]}},{"type":"Feature","id":"57623","properties":{"zip":"57623","pop":null,"city":"","county":"Ziebach","state":"South Dakota","area":453.27,"lat":45.01594,"lon":-101.65933},"geometry":{"type":"Polygon","coordinates":[[[-102.00011,45.22782],[-101.99974,45.25633],[-101.99114,45.2585],[-101.97575,45.25661],[-101.95442,45.25813],[-101.62505,45.25771],[-101.62614,45.2287],[-101.62253,45.22709],[-101.62004,45.22121],[-101.60551,45.22045],[-101.59561,45.2154],[-101.59518,45.21255],[-101.60007,45.21043],[-101.59848,45.20883],[-101.59176,45.21097],[-101.59052,45.21813],[-101.58189,45.21329],[-101.57828,45.21489],[-101.57701,45.21816],[-101.57337,45.21877],[-101.57135,45.21728],[-101.57019,45.21177],[-101.56585,45.21197],[-101.56347,45.21785],[-101.56566,45.22226],[-101.5714,45.22264],[-101.57153,45.22435],[-101.56155,45.22898],[-101.55607,45.22642],[-101.55808,45.21782],[-101.55591,45.21513],[-101.54892,45.21441],[-101.54548,45.21774],[-101.54509,45.2207],[-101.54906,45.22533],[-101.54845,45.22715],[-101.54369,45.22863],[-101.54355,45.23172],[-101.53993,45.23266],[-101.52877,45.22905],[-101.53384,45.22278],[-101.52656,45.21864],[-101.53016,45.21501],[-101.53801,45.21176],[-101.53079,45.20506],[-101.52474,45.2059],[-101.51564,45.21335],[-101.50962,45.21118],[-101.50751,45.20803],[-101.50408,45.20907],[-101.50156,45.21096],[-101.49695,45.22168],[-101.49689,45.2112],[-101.48686,45.21102],[-101.48659,45.03837],[-101.50098,45.03834],[-101.50099,44.99365],[-101.42073,44.9933],[-101.42073,44.94347],[-101.40057,44.94338],[-101.40022,44.93625],[-101.38018,44.93611],[-101.38046,44.80248],[-101.39588,44.80362],[-101.40016,44.8059],[-101.42088,44.80568],[-101.43466,44.80111],[-101.43135,44.79374],[-101.45473,44.79817],[-101.47926,44.79365],[-101.48223,44.79171],[-101.48413,44.78491],[-101.48262,44.78246],[-101.50014,44.77804],[-101.49916,44.72406],[-101.52086,44.71889],[-101.54367,44.71621],[-101.55278,44.71262],[-101.57043,44.72085],[-101.60589,44.74287],[-101.61526,44.7444],[-101.61345,44.733],[-101.6227,44.72751],[-101.62269,44.86048],[-101.63157,44.86375],[-101.86224,44.86288],[-101.86186,44.85146],[-101.86534,44.85365],[-101.87232,44.86888],[-101.87441,44.87086],[-101.87931,44.8712],[-101.8925,44.8871],[-101.89391,44.89285],[-101.90667,44.89229],[-101.90696,45.00911],[-101.82572,45.00899],[-101.82577,45.03845],[-101.83345,45.03849],[-101.83371,45.04907],[-101.87458,45.03859],[-101.8743,45.12215],[-101.86559,45.11857],[-101.83926,45.11882],[-101.82212,45.11094],[-101.81337,45.11093],[-101.81465,45.12697],[-101.82621,45.14292],[-101.82438,45.15123],[-101.82943,45.16553],[-101.83634,45.17209],[-101.84709,45.17676],[-101.84723,45.18218],[-101.85047,45.18425],[-101.84807,45.18905],[-101.85499,45.18898],[-101.85559,45.19219],[-101.86824,45.20771],[-101.88334,45.19479],[-101.885,45.19513],[-101.88445,45.2059],[-101.88745,45.20752],[-101.89586,45.1994],[-101.90826,45.19565],[-101.91021,45.19673],[-101.91022,45.20382],[-101.92403,45.20503],[-101.92316,45.20219],[-101.91579,45.19558],[-101.91986,45.19224],[-101.92747,45.19084],[-101.92669,45.19432],[-101.93899,45.19333],[-101.94081,45.19786],[-101.94934,45.20381],[-101.94982,45.20909],[-101.95752,45.21298],[-101.96219,45.20478],[-101.95799,45.19707],[-101.97231,45.19619],[-101.99358,45.20057],[-101.99688,45.19872],[-101.99261,45.19022],[-102.00008,45.18869],[-102.00011,45.22782]]]}},{"type":"Feature","id":"57354","properties":{"zip":"57354","pop":null,"city":"Kaylor","county":"Hutchinson","state":"South Dakota","area":0.87,"lat":43.19098,"lon":-97.84235},"geometry":{"type":"Polygon","coordinates":[[[-97.85456,43.19788],[-97.82969,43.19796],[-97.82941,43.18423],[-97.83827,43.18644],[-97.83858,43.18341],[-97.85437,43.18344],[-97.85456,43.19788]]]}},{"type":"Feature","id":"57040","properties":{"zip":"57040","pop":null,"city":"","county":"Yankton","state":"South Dakota","area":51.41,"lat":43.06201,"lon":-97.58585},"geometry":{"type":"Polygon","coordinates":[[[-97.65587,43.0393],[-97.63609,43.03904],[-97.6363,43.05338],[-97.65321,43.06799],[-97.63655,43.06786],[-97.6375,43.16877],[-97.61479,43.16874],[-97.61712,43.16619],[-97.60923,43.1596],[-97.60492,43.16001],[-97.60283,43.15807],[-97.59805,43.15931],[-97.60448,43.15393],[-97.59701,43.15112],[-97.5952,43.14867],[-97.58333,43.14671],[-97.58202,43.1438],[-97.57725,43.14479],[-97.57734,43.14172],[-97.56585,43.13887],[-97.55741,43.14045],[-97.55838,43.13741],[-97.54904,43.13932],[-97.54754,43.14317],[-97.54992,43.14587],[-97.52731,43.14333],[-97.51848,43.14],[-97.51801,43.0833],[-97.53776,43.08233],[-97.53767,43.07538],[-97.55557,43.06793],[-97.53757,43.06784],[-97.53686,43.01449],[-97.51946,43.0093],[-97.5171,43.00599],[-97.51705,42.99585],[-97.53678,42.99587],[-97.53661,42.96663],[-97.57604,42.96661],[-97.57605,42.97063],[-97.63543,42.97197],[-97.6356,43.01014],[-97.65547,43.01042],[-97.65587,43.0393]]]}},{"type":"Feature","id":"57741","properties":{"zip":"57741","pop":null,"city":"","county":"Meade","state":"South Dakota","area":0.12,"lat":44.41064,"lon":-103.47367},"geometry":{"type":"Polygon","coordinates":[[[-103.48231,44.41133],[-103.46976,44.41383],[-103.46986,44.41109],[-103.46668,44.40968],[-103.47214,44.40747],[-103.48231,44.41133]]]}},{"type":"Feature","id":"57640","properties":{"zip":"57640","pop":null,"city":"","county":"Perkins","state":"South Dakota","area":178.19,"lat":45.76563,"lon":-102.70436},"geometry":{"type":"Polygon","coordinates":[[[-102.9427,45.81989],[-102.94262,45.83456],[-102.8749,45.83423],[-102.8774,45.83333],[-102.87584,45.82985],[-102.88053,45.82907],[-102.88053,45.7908],[-102.85976,45.79077],[-102.85952,45.76171],[-102.80063,45.76172],[-102.79776,45.75908],[-102.79774,45.75446],[-102.77706,45.75446],[-102.77695,45.77623],[-102.81003,45.77775],[-102.82028,45.79039],[-102.81817,45.79234],[-102.81786,45.79837],[-102.81821,45.8342],[-102.83886,45.83409],[-102.83881,45.86324],[-102.88047,45.86338],[-102.8804,45.87788],[-102.82835,45.87775],[-102.82825,45.91877],[-102.81772,45.9227],[-102.81741,45.86321],[-102.75653,45.8635],[-102.74747,45.86979],[-102.73539,45.87074],[-102.7351,45.89219],[-102.6937,45.8923],[-102.69366,45.90665],[-102.7141,45.90666],[-102.71438,45.93583],[-102.73353,45.93532],[-102.73962,45.9227],[-102.74328,45.92129],[-102.79758,45.92118],[-102.79757,45.93971],[-102.79398,45.94507],[-102.61088,45.9453],[-102.6107,45.89476],[-102.60157,45.89232],[-102.65245,45.89212],[-102.65249,45.88374],[-102.64774,45.88419],[-102.64599,45.88253],[-102.6462,45.87895],[-102.64413,45.87863],[-102.63897,45.88203],[-102.63344,45.87687],[-102.62604,45.88159],[-102.62293,45.88142],[-102.62565,45.87686],[-102.6193,45.87905],[-102.61349,45.87541],[-102.60906,45.87805],[-102.61034,45.88324],[-102.60641,45.88309],[-102.60668,45.88004],[-102.60301,45.87977],[-102.59942,45.88254],[-102.59491,45.877],[-102.59962,45.87681],[-102.59861,45.87428],[-102.59404,45.87151],[-102.59828,45.86809],[-102.59011,45.86887],[-102.58856,45.85741],[-102.58488,45.85652],[-102.578,45.8595],[-102.57806,45.85727],[-102.58123,45.85513],[-102.57879,45.85023],[-102.56968,45.85079],[-102.56997,45.76492],[-102.56393,45.76473],[-102.56399,45.74681],[-102.55429,45.747],[-102.55455,45.73571],[-102.57015,45.73598],[-102.57016,45.73266],[-102.62221,45.73259],[-102.62118,45.71917],[-102.58017,45.71936],[-102.58102,45.55963],[-102.70379,45.55991],[-102.70327,45.73267],[-102.72403,45.73267],[-102.72438,45.72189],[-102.74044,45.71282],[-102.7418,45.70672],[-102.74475,45.70376],[-102.74481,45.69455],[-102.74662,45.69274],[-102.74488,45.68461],[-102.7463,45.67224],[-102.74877,45.67292],[-102.75706,45.68438],[-102.76425,45.68534],[-102.77342,45.68033],[-102.77482,45.67479],[-102.77989,45.67198],[-102.81197,45.6685],[-102.81839,45.67345],[-102.8226,45.68054],[-102.82742,45.68332],[-102.82703,45.73257],[-102.84522,45.73285],[-102.86364,45.7401],[-102.88051,45.74184],[-102.88053,45.76178],[-102.94272,45.76191],[-102.9427,45.81989]]]}},{"type":"Feature","id":"57633","properties":{"zip":"57633","pop":null,"city":"","county":"Corson","state":"South Dakota","area":572.09,"lat":45.44584,"lon":-101.50052},"geometry":{"type":"Polygon","coordinates":[[[-101.99939,45.29919],[-101.85495,45.29901],[-101.85478,45.38562],[-101.75815,45.38589],[-101.7583,45.45067],[-101.76845,45.45069],[-101.76853,45.45831],[-101.75829,45.45799],[-101.75828,45.47082],[-101.7378,45.46882],[-101.73782,45.46491],[-101.72804,45.46499],[-101.728,45.47037],[-101.71733,45.4704],[-101.71704,45.64633],[-101.54687,45.64556],[-101.54549,45.64698],[-101.54721,45.64795],[-101.54429,45.65146],[-101.54619,45.65269],[-101.54423,45.654],[-101.54555,45.65579],[-101.54404,45.65785],[-101.54563,45.65864],[-101.54111,45.65872],[-101.5402,45.66179],[-101.53691,45.66179],[-101.53638,45.66395],[-101.54347,45.66846],[-101.53871,45.66936],[-101.5374,45.67014],[-101.53915,45.67119],[-101.53462,45.67215],[-101.5239,45.67961],[-101.51924,45.68125],[-101.51592,45.67713],[-101.50556,45.67267],[-101.50409,45.66441],[-101.50022,45.66344],[-101.49619,45.66872],[-101.49689,45.67137],[-101.50331,45.67652],[-101.49248,45.67793],[-101.48385,45.67113],[-101.48132,45.67304],[-101.47895,45.68479],[-101.47475,45.68843],[-101.47129,45.6887],[-101.4621,45.68395],[-101.45278,45.68216],[-101.44537,45.68658],[-101.4454,45.68948],[-101.45184,45.69461],[-101.45177,45.69662],[-101.43426,45.69569],[-101.4274,45.69967],[-101.42008,45.69849],[-101.41345,45.70201],[-101.41376,45.70682],[-101.4173,45.71011],[-101.41576,45.71226],[-101.40781,45.71401],[-101.39807,45.71014],[-101.39262,45.71474],[-101.38848,45.71529],[-101.38265,45.7124],[-101.38218,45.70459],[-101.37996,45.7015],[-101.35948,45.70026],[-101.36037,45.69394],[-101.35251,45.69443],[-101.34683,45.69233],[-101.34695,45.64665],[-101.1414,45.64657],[-101.14147,45.53064],[-101.16212,45.53065],[-101.16222,45.48717],[-101.14147,45.48719],[-101.14152,45.47748],[-101.14514,45.47257],[-101.26491,45.47194],[-101.26483,45.42917],[-101.22365,45.42916],[-101.22357,45.38564],[-101.28239,45.38561],[-101.28211,45.2841],[-101.31265,45.28413],[-101.31252,45.27682],[-101.30244,45.2767],[-101.30243,45.26962],[-101.32326,45.26962],[-101.323,45.24145],[-101.36385,45.24127],[-101.36395,45.21072],[-101.48685,45.21026],[-101.49689,45.2112],[-101.49695,45.22168],[-101.50156,45.21096],[-101.50408,45.20907],[-101.50751,45.20803],[-101.50962,45.21118],[-101.51564,45.21335],[-101.52474,45.2059],[-101.53079,45.20506],[-101.53801,45.21176],[-101.53016,45.21501],[-101.52656,45.21864],[-101.53384,45.22278],[-101.52877,45.22905],[-101.53993,45.23266],[-101.54355,45.23172],[-101.54369,45.22863],[-101.54845,45.22715],[-101.54906,45.22533],[-101.54509,45.2207],[-101.54548,45.21774],[-101.54892,45.21441],[-101.55591,45.21513],[-101.55808,45.21782],[-101.55607,45.22642],[-101.56155,45.22898],[-101.57153,45.22435],[-101.5714,45.22264],[-101.56566,45.22226],[-101.56347,45.21785],[-101.56585,45.21197],[-101.57019,45.21177],[-101.57135,45.21728],[-101.57337,45.21877],[-101.57701,45.21816],[-101.57828,45.21489],[-101.58189,45.21329],[-101.59052,45.21813],[-101.59176,45.21097],[-101.59848,45.20883],[-101.60007,45.21043],[-101.59518,45.21255],[-101.59561,45.2154],[-101.60551,45.22045],[-101.62004,45.22121],[-101.62253,45.22709],[-101.62614,45.2287],[-101.62505,45.25771],[-101.95442,45.25813],[-101.97575,45.25661],[-101.99114,45.2585],[-101.99974,45.25633],[-101.99939,45.29919]]]}},{"type":"Feature","id":"57758","properties":{"zip":"57758","pop":null,"city":"","county":"Meade","state":"South Dakota","area":432.03,"lat":44.98726,"lon":-102.75982},"geometry":{"type":"Polygon","coordinates":[[[-103.22251,45.21286],[-102.95728,45.21285],[-102.9574,45.17888],[-102.95319,45.17942],[-102.94939,45.18448],[-102.9432,45.18553],[-102.93654,45.18519],[-102.92643,45.18062],[-102.91801,45.18494],[-102.91757,45.20216],[-102.91376,45.21078],[-102.91764,45.22697],[-102.91762,45.24071],[-102.90495,45.24292],[-102.90031,45.26991],[-102.84898,45.27074],[-102.8437,45.26632],[-102.83457,45.26733],[-102.82685,45.27083],[-102.81329,45.27085],[-102.80659,45.27469],[-102.80445,45.25633],[-102.79557,45.25258],[-102.79483,45.24796],[-102.79482,45.19852],[-102.76596,45.19846],[-102.73153,45.17911],[-102.72802,45.1734],[-102.71283,45.17173],[-102.71284,45.16781],[-102.71653,45.16868],[-102.71488,45.16377],[-102.72043,45.15839],[-102.71899,45.15106],[-102.7222,45.14953],[-102.73427,45.15024],[-102.73767,45.15791],[-102.74153,45.1603],[-102.74465,45.15406],[-102.74671,45.15473],[-102.74572,45.15854],[-102.74875,45.15896],[-102.75747,45.15199],[-102.76128,45.15463],[-102.76162,45.16107],[-102.76547,45.16234],[-102.78168,45.1602],[-102.77536,45.15331],[-102.78821,45.15169],[-102.79344,45.1488],[-102.78517,45.14403],[-102.78667,45.13788],[-102.78526,45.13385],[-102.79396,45.13486],[-102.798,45.13072],[-102.80199,45.13123],[-102.80265,45.13691],[-102.81558,45.13699],[-102.81741,45.13856],[-102.81529,45.14029],[-102.81612,45.14259],[-102.8257,45.14743],[-102.82871,45.14816],[-102.83555,45.14423],[-102.83816,45.13831],[-102.83552,45.14327],[-102.83138,45.1396],[-102.83119,45.13676],[-102.83581,45.13235],[-102.8351,45.03934],[-102.75769,45.03928],[-102.7563,45.02307],[-102.76144,45.0231],[-102.7613,45.00685],[-102.74598,45.00688],[-102.74596,45.00876],[-102.7153,45.00849],[-102.71503,44.95071],[-102.6004,44.95039],[-102.60041,44.94343],[-102.60872,44.94295],[-102.60815,44.93563],[-102.61345,44.93556],[-102.61358,44.91363],[-102.5936,44.91345],[-102.59339,44.89273],[-102.57332,44.89272],[-102.57338,44.92159],[-102.53797,44.92144],[-102.53763,44.9358],[-102.55278,44.93611],[-102.55244,44.95047],[-102.49138,44.94996],[-102.49126,44.9782],[-102.45186,44.97773],[-102.45179,44.93594],[-102.4167,44.93563],[-102.39932,44.92983],[-102.39906,44.93127],[-102.39071,44.93113],[-102.39075,44.93762],[-102.37962,44.94994],[-102.22802,44.95046],[-102.22803,44.93613],[-102.24838,44.93577],[-102.24824,44.84919],[-102.26815,44.84889],[-102.26853,44.82016],[-102.45141,44.82024],[-102.45133,44.79141],[-102.59452,44.79157],[-102.59499,44.81991],[-102.70768,44.81965],[-102.71258,44.82114],[-102.71985,44.81973],[-102.95868,44.81902],[-102.95891,44.98431],[-102.96247,44.99477],[-103.05794,44.99589],[-103.06079,44.98995],[-103.06071,44.96899],[-103.0721,44.96665],[-103.07667,44.96301],[-103.07681,45.0394],[-103.07989,45.0395],[-103.07956,45.12532],[-103.13135,45.12594],[-103.13833,45.14114],[-103.13329,45.15373],[-103.14758,45.1629],[-103.15372,45.17252],[-103.15162,45.17448],[-103.16249,45.18323],[-103.16636,45.18387],[-103.16827,45.18693],[-103.18072,45.19156],[-103.18318,45.19071],[-103.2076,45.20141],[-103.21814,45.20148],[-103.22245,45.20372],[-103.22251,45.21286]]]}},{"type":"Feature","id":"57776","properties":{"zip":"57776","pop":null,"city":"","county":"Harding","state":"South Dakota","area":60.76,"lat":45.24865,"lon":-103.51672},"geometry":{"type":"Polygon","coordinates":[[[-103.68603,45.21442],[-103.68582,45.30071],[-103.68024,45.30157],[-103.66074,45.29889],[-103.54867,45.30001],[-103.54866,45.27107],[-103.3111,45.27073],[-103.3109,45.21296],[-103.68672,45.21322],[-103.68603,45.21442]]]}},{"type":"Feature","id":"57356","properties":{"zip":"57356","pop":null,"city":"","county":"Charles Mix","state":"South Dakota","area":133.88,"lat":43.14682,"lon":-98.518},"geometry":{"type":"Polygon","coordinates":[[[-98.67812,43.17015],[-98.66472,43.17012],[-98.66464,43.19916],[-98.64475,43.19901],[-98.64468,43.2135],[-98.58523,43.21343],[-98.58518,43.22062],[-98.5755,43.22064],[-98.57544,43.22794],[-98.57044,43.22794],[-98.57042,43.23155],[-98.56548,43.23157],[-98.56513,43.27133],[-98.48578,43.27105],[-98.4858,43.25661],[-98.46595,43.25657],[-98.46604,43.24205],[-98.43668,43.24183],[-98.43658,43.24908],[-98.4317,43.24912],[-98.43168,43.24182],[-98.40623,43.24301],[-98.40534,43.24174],[-98.38703,43.2417],[-98.3871,43.11108],[-98.40702,43.11105],[-98.40725,43.09649],[-98.42694,43.09658],[-98.42701,43.08206],[-98.38732,43.08197],[-98.38751,43.05871],[-98.40717,43.05858],[-98.40747,42.99492],[-98.41113,42.99493],[-98.41805,42.99991],[-98.42714,43.00701],[-98.42712,43.00948],[-98.44698,43.00944],[-98.44695,43.0078],[-98.44497,43.00765],[-98.44483,42.99342],[-98.46464,42.9932],[-98.46467,42.99512],[-98.46706,42.99517],[-98.46684,43.03812],[-98.47081,43.04067],[-98.48658,43.04157],[-98.48707,43.053],[-98.47658,43.05304],[-98.47653,43.05825],[-98.46711,43.05829],[-98.46698,43.0679],[-98.48305,43.06765],[-98.49845,43.07777],[-98.55136,43.06747],[-98.5567,43.06531],[-98.56117,43.05971],[-98.61577,43.07399],[-98.653,43.07128],[-98.67802,43.07401],[-98.67812,43.17015]]]}},{"type":"Feature","id":"57421","properties":{"zip":"57421","pop":null,"city":"","county":"Marshall","state":"South Dakota","area":23.3,"lat":45.75049,"lon":-97.90622},"geometry":{"type":"Polygon","coordinates":[[[-97.9793,45.73355],[-97.93784,45.73347],[-97.93772,45.74802],[-97.91701,45.74803],[-97.91688,45.76969],[-97.93729,45.76955],[-97.95413,45.77757],[-97.97892,45.7843],[-97.9789,45.80609],[-97.89606,45.80586],[-97.8961,45.79132],[-97.83978,45.7913],[-97.85469,45.78107],[-97.85523,45.68966],[-97.90673,45.68988],[-97.9068,45.69688],[-97.91706,45.69692],[-97.91698,45.71891],[-97.93787,45.71897],[-97.93788,45.71135],[-97.94818,45.7113],[-97.94824,45.71681],[-97.96585,45.70455],[-97.96944,45.70455],[-97.96964,45.71907],[-97.97936,45.71905],[-97.9793,45.73355]]]}},{"type":"Feature","id":"57467","properties":{"zip":"57467","pop":null,"city":"","county":"Hand","state":"South Dakota","area":143.52,"lat":44.82757,"lon":-99.1422},"geometry":{"type":"Polygon","coordinates":[[[-99.31193,44.8541],[-99.31175,44.89723],[-99.12423,44.89716],[-99.12423,44.94065],[-99.10372,44.94065],[-99.10383,44.95536],[-99.06301,44.95516],[-99.06305,44.96964],[-99.04265,44.96967],[-99.0426,44.95513],[-99.02222,44.95509],[-99.02137,44.90027],[-99.01403,44.89706],[-98.98788,44.89706],[-98.98792,44.85233],[-98.96763,44.85235],[-98.96768,44.82337],[-98.93875,44.82347],[-98.93859,44.81581],[-98.94739,44.81575],[-98.94758,44.76521],[-98.98805,44.76511],[-98.98806,44.75067],[-99.00219,44.75063],[-99.03547,44.77954],[-99.08894,44.77959],[-99.0892,44.75054],[-99.10956,44.75063],[-99.10966,44.73611],[-99.15039,44.73623],[-99.15052,44.72172],[-99.31178,44.72203],[-99.31193,44.8541]]]}},{"type":"Feature","id":"57426","properties":{"zip":"57426","pop":null,"city":"","county":"Brown","state":"South Dakota","area":4.19,"lat":45.73485,"lon":-98.4936},"geometry":{"type":"Polygon","coordinates":[[[-98.51763,45.73506],[-98.51775,45.74957],[-98.49697,45.74935],[-98.49699,45.76379],[-98.47622,45.76366],[-98.47647,45.70577],[-98.49712,45.70589],[-98.4971,45.72037],[-98.51795,45.72055],[-98.51763,45.73506]]]}},{"type":"Feature","id":"57226","properties":{"zip":"57226","pop":null,"city":"","county":"Deuel","state":"South Dakota","area":139.43,"lat":44.78565,"lon":-96.72369},"geometry":{"type":"Polygon","coordinates":[[[-96.92551,44.78988],[-96.804,44.79018],[-96.804,44.85534],[-96.78349,44.85531],[-96.7835,44.86259],[-96.74408,44.86253],[-96.74309,44.89001],[-96.69964,44.89014],[-96.69975,44.9046],[-96.71986,44.90463],[-96.72107,44.93356],[-96.67947,44.93365],[-96.67769,44.93156],[-96.66135,44.93386],[-96.66606,44.92934],[-96.65859,44.92471],[-96.65874,44.92238],[-96.65596,44.92283],[-96.65659,44.92168],[-96.65436,44.92108],[-96.65564,44.91915],[-96.57766,44.91887],[-96.57755,44.90443],[-96.53701,44.90462],[-96.53704,44.89009],[-96.54096,44.8901],[-96.54099,44.87745],[-96.56141,44.87747],[-96.56141,44.86291],[-96.60238,44.8627],[-96.60219,44.71773],[-96.64215,44.71754],[-96.64223,44.7031],[-96.68294,44.70323],[-96.68297,44.67417],[-96.70325,44.67413],[-96.70331,44.6306],[-96.76381,44.63064],[-96.76365,44.65961],[-96.74372,44.65963],[-96.7437,44.6727],[-96.74545,44.67417],[-96.76362,44.6741],[-96.76362,44.69318],[-96.76701,44.69575],[-96.77115,44.69268],[-96.77769,44.69454],[-96.77557,44.69173],[-96.78471,44.68967],[-96.78474,44.6872],[-96.79025,44.68295],[-96.79368,44.68332],[-96.79323,44.68161],[-96.79884,44.68508],[-96.79909,44.68241],[-96.80272,44.68188],[-96.80397,44.67971],[-96.80912,44.68213],[-96.81145,44.6785],[-96.82404,44.68126],[-96.82564,44.68035],[-96.82599,44.67417],[-96.83004,44.67828],[-96.83363,44.67882],[-96.8336,44.68148],[-96.84426,44.68159],[-96.84434,44.68863],[-96.88475,44.68858],[-96.88467,44.7175],[-96.90492,44.71743],[-96.90511,44.75954],[-96.90647,44.76086],[-96.92522,44.76092],[-96.92551,44.78988]]]}},{"type":"Feature","id":"57073","properties":{"zip":"57073","pop":null,"city":"","county":"Clay","state":"South Dakota","area":50.67,"lat":43.00223,"lon":-97.05759},"geometry":{"type":"Polygon","coordinates":[[[-97.16068,43.00357],[-97.16043,43.05413],[-97.14061,43.05358],[-97.14086,43.03857],[-97.12305,43.03866],[-97.12075,43.05365],[-97.1009,43.0548],[-97.1008,43.11274],[-97.08083,43.11318],[-97.08099,43.0986],[-97.06233,43.09794],[-97.06199,43.08339],[-97.05673,43.0834],[-97.05673,43.07607],[-97.06174,43.0761],[-97.06151,43.06917],[-97.04225,43.06894],[-97.04219,43.05447],[-97.03289,43.05408],[-97.03249,43.04148],[-97.02319,43.04336],[-97.02292,43.03976],[-97.01911,43.03933],[-97.02079,43.03594],[-97.0177,43.03426],[-97.0224,43.03159],[-97.02259,42.99638],[-96.94358,42.99677],[-96.94428,42.97165],[-96.93421,42.9714],[-96.93418,42.96757],[-96.94379,42.96746],[-96.94401,42.9535],[-96.95424,42.95356],[-96.95426,42.93205],[-96.96407,42.93205],[-96.96419,42.90986],[-96.98393,42.90993],[-96.98386,42.95349],[-97.0037,42.95347],[-97.00363,42.93893],[-97.04233,42.93885],[-97.04244,42.9243],[-97.06236,42.92432],[-97.06237,42.93884],[-97.08201,42.93883],[-97.08199,42.96788],[-97.10151,42.96786],[-97.10147,42.98233],[-97.16064,42.98202],[-97.16068,43.00357]]]}},{"type":"Feature","id":"57374","properties":{"zip":"57374","pop":null,"city":"","county":"McCook","state":"South Dakota","area":56.54,"lat":43.75581,"lon":-97.60361},"geometry":{"type":"Polygon","coordinates":[[[-97.68873,43.81382],[-97.68879,43.83294],[-97.64869,43.83286],[-97.64858,43.84923],[-97.61854,43.84915],[-97.61859,43.84009],[-97.60858,43.8402],[-97.60852,43.84906],[-97.5895,43.849],[-97.58957,43.84014],[-97.56937,43.84028],[-97.56963,43.81099],[-97.54965,43.81093],[-97.54963,43.78996],[-97.52947,43.79005],[-97.52942,43.77554],[-97.54943,43.77543],[-97.54945,43.74615],[-97.52931,43.74626],[-97.52914,43.717],[-97.50915,43.71727],[-97.50885,43.70261],[-97.54902,43.70254],[-97.54857,43.68804],[-97.50874,43.68815],[-97.50847,43.66441],[-97.6066,43.6655],[-97.60648,43.67331],[-97.62646,43.67332],[-97.62659,43.68778],[-97.64646,43.68776],[-97.64689,43.73109],[-97.68671,43.73113],[-97.68679,43.74556],[-97.66711,43.74548],[-97.66897,43.7604],[-97.68912,43.76046],[-97.68873,43.81382]]]}},{"type":"Feature","id":"57433","properties":{"zip":"57433","pop":null,"city":"","county":"Brown","state":"South Dakota","area":87.8,"lat":45.64308,"lon":-98.32107},"geometry":{"type":"Polygon","coordinates":[[[-98.45561,45.70564],[-98.41438,45.70541],[-98.41441,45.71994],[-98.43496,45.72001],[-98.43499,45.73449],[-98.41445,45.73441],[-98.4145,45.74893],[-98.39381,45.74879],[-98.39372,45.73429],[-98.37313,45.73419],[-98.37309,45.76319],[-98.35236,45.76308],[-98.35237,45.7341],[-98.33145,45.73402],[-98.33151,45.74137],[-98.31075,45.74144],[-98.31071,45.74824],[-98.29007,45.74838],[-98.29004,45.75574],[-98.27967,45.7557],[-98.27855,45.75932],[-98.27568,45.75935],[-98.27401,45.76226],[-98.26437,45.76288],[-98.26426,45.74835],[-98.25907,45.74832],[-98.25915,45.7266],[-98.28164,45.72654],[-98.28865,45.72416],[-98.29708,45.71804],[-98.30026,45.71361],[-98.30049,45.70332],[-98.30437,45.69592],[-98.30407,45.69042],[-98.30081,45.68791],[-98.30014,45.68483],[-98.30036,45.67598],[-98.22824,45.6757],[-98.22829,45.66131],[-98.20719,45.66121],[-98.2073,45.64672],[-98.16588,45.6467],[-98.16573,45.66113],[-98.13458,45.66117],[-98.13459,45.65391],[-98.14492,45.65389],[-98.14503,45.63961],[-98.15571,45.63967],[-98.15578,45.63225],[-98.16605,45.63217],[-98.1661,45.62498],[-98.18667,45.62492],[-98.18674,45.61781],[-98.19598,45.61769],[-98.21671,45.59608],[-98.21982,45.57828],[-98.2198,45.55957],[-98.22424,45.55236],[-98.2266,45.54174],[-98.23298,45.54185],[-98.2421,45.53895],[-98.23832,45.53799],[-98.23444,45.5409],[-98.23071,45.53921],[-98.23976,45.53369],[-98.2371,45.53212],[-98.23087,45.53456],[-98.23038,45.5329],[-98.23339,45.5303],[-98.23228,45.52867],[-98.2267,45.53046],[-98.22666,45.52731],[-98.23216,45.52515],[-98.22667,45.52462],[-98.22669,45.51627],[-98.24971,45.51631],[-98.23693,45.52177],[-98.23694,45.52351],[-98.24747,45.52356],[-98.24743,45.53894],[-98.26311,45.54002],[-98.27811,45.53846],[-98.27803,45.54545],[-98.28814,45.5455],[-98.28825,45.55996],[-98.30878,45.56005],[-98.30878,45.58188],[-98.33936,45.5819],[-98.33951,45.58899],[-98.35097,45.58905],[-98.35107,45.54576],[-98.37158,45.54582],[-98.37156,45.55997],[-98.40663,45.56038],[-98.41278,45.56349],[-98.41408,45.57492],[-98.43342,45.57345],[-98.43348,45.58952],[-98.41382,45.58945],[-98.41478,45.60395],[-98.4354,45.60404],[-98.43517,45.64747],[-98.42472,45.64741],[-98.42499,45.67646],[-98.43496,45.67649],[-98.43492,45.69099],[-98.45571,45.69107],[-98.45561,45.70564]]]}},{"type":"Feature","id":"57353","properties":{"zip":"57353","pop":null,"city":"","county":"Kingsbury","state":"South Dakota","area":213.61,"lat":44.36951,"lon":-97.83433},"geometry":{"type":"Polygon","coordinates":[[[-98.01405,44.20959],[-97.99396,44.20941],[-97.99376,44.27443],[-98.00338,44.27442],[-98.00357,44.28954],[-98.0139,44.28953],[-98.01386,44.29662],[-97.99362,44.29642],[-97.99374,44.28194],[-97.97358,44.28173],[-97.97333,44.31072],[-97.99348,44.31088],[-97.99335,44.33254],[-98.00141,44.33251],[-98.00145,44.33991],[-98.01356,44.34005],[-98.01352,44.34687],[-98.00142,44.34684],[-98.00144,44.35439],[-97.99319,44.3543],[-97.99309,44.36803],[-97.9729,44.36814],[-97.9727,44.3978],[-97.95386,44.39768],[-97.95388,44.41215],[-97.9338,44.4121],[-97.93382,44.44467],[-97.91362,44.44827],[-97.91372,44.46999],[-97.93389,44.47006],[-97.93399,44.49901],[-97.85322,44.49857],[-97.85303,44.5444],[-97.85627,44.54441],[-97.85626,44.5588],[-97.6743,44.55863],[-97.67422,44.5442],[-97.65268,44.54418],[-97.65289,44.52798],[-97.65898,44.52797],[-97.65898,44.5203],[-97.66826,44.52033],[-97.66807,44.51343],[-97.67312,44.51344],[-97.67329,44.49897],[-97.69352,44.49898],[-97.69299,44.44111],[-97.71309,44.44108],[-97.71302,44.39761],[-97.73243,44.39758],[-97.73241,44.39034],[-97.74229,44.39039],[-97.7424,44.38311],[-97.73239,44.38309],[-97.73242,44.36121],[-97.72308,44.36121],[-97.72307,44.35421],[-97.68805,44.35402],[-97.68798,44.33949],[-97.69287,44.33949],[-97.69279,44.33178],[-97.68307,44.33174],[-97.68309,44.32501],[-97.69268,44.32501],[-97.69283,44.31052],[-97.71304,44.31074],[-97.71368,44.23835],[-97.73322,44.23836],[-97.73325,44.22388],[-97.83389,44.22437],[-97.83413,44.19539],[-98.01404,44.19511],[-98.01405,44.20959]]]}},{"type":"Feature","id":"57069","properties":{"zip":"57069","pop":null,"city":"Vermillion","county":"Clay","state":"South Dakota","area":126.98,"lat":42.84355,"lon":-96.98775},"geometry":{"type":"Polygon","coordinates":[[[-97.16035,42.81222],[-97.1473,42.81185],[-97.14588,42.80878],[-97.14095,42.80828],[-97.14068,42.82265],[-97.13099,42.82256],[-97.12929,42.82984],[-97.12123,42.8299],[-97.12168,42.83629],[-97.1308,42.83627],[-97.13082,42.84706],[-97.14122,42.84695],[-97.14231,42.89575],[-97.14103,42.9282],[-97.13232,42.92549],[-97.11933,42.91433],[-97.09475,42.91034],[-97.08227,42.90322],[-97.05962,42.90335],[-97.03806,42.8976],[-97.02438,42.89667],[-97.0237,42.903],[-97.0428,42.90346],[-97.04233,42.93885],[-97.00363,42.93893],[-97.0037,42.95347],[-96.98386,42.95349],[-96.98393,42.90993],[-96.96419,42.90986],[-96.96407,42.93205],[-96.95426,42.93205],[-96.95424,42.95356],[-96.94401,42.9535],[-96.944,42.94935],[-96.94056,42.94935],[-96.93408,42.93918],[-96.92398,42.9391],[-96.92398,42.95326],[-96.88476,42.95349],[-96.88482,42.93901],[-96.86498,42.93898],[-96.86502,42.93098],[-96.84512,42.931],[-96.84522,42.91374],[-96.85537,42.91374],[-96.85535,42.90996],[-96.86511,42.90995],[-96.86507,42.86635],[-96.84541,42.86633],[-96.84562,42.82274],[-96.86525,42.82274],[-96.86564,42.80853],[-96.84595,42.80128],[-96.86566,42.80094],[-96.86567,42.78642],[-96.846,42.78638],[-96.84596,42.76457],[-96.87558,42.76551],[-96.87555,42.75824],[-96.90538,42.76638],[-96.90478,42.73293],[-96.91828,42.73185],[-96.93345,42.72381],[-96.93759,42.7196],[-96.96353,42.72064],[-96.96583,42.7271],[-96.96129,42.73657],[-96.96123,42.74062],[-96.96888,42.75428],[-96.97912,42.76009],[-96.99282,42.75948],[-97.02485,42.76243],[-97.03323,42.7659],[-97.06559,42.77219],[-97.09613,42.76934],[-97.13133,42.77193],[-97.13446,42.77449],[-97.13822,42.78343],[-97.14459,42.79011],[-97.15076,42.79557],[-97.16035,42.79973],[-97.16035,42.81222]]]}},{"type":"Feature","id":"57429","properties":{"zip":"57429","pop":null,"city":"","county":"Spink","state":"South Dakota","area":9.93,"lat":45.16116,"lon":-98.30046},"geometry":{"type":"Polygon","coordinates":[[[-98.32991,45.15616],[-98.32951,45.19964],[-98.28862,45.19953],[-98.28872,45.18508],[-98.26824,45.1851],[-98.26827,45.12675],[-98.32991,45.12711],[-98.32991,45.15616]]]}},{"type":"Feature","id":"57030","properties":{"zip":"57030","pop":null,"city":"","county":"Minnehaha","state":"South Dakota","area":96.31,"lat":43.73448,"lon":-96.53547},"geometry":{"type":"Polygon","coordinates":[[[-96.69129,43.68175],[-96.69128,43.68875],[-96.67116,43.68877],[-96.67124,43.70324],[-96.65117,43.70321],[-96.6511,43.73221],[-96.65115,43.7468],[-96.69109,43.74673],[-96.69119,43.76125],[-96.67125,43.76131],[-96.67092,43.77534],[-96.65995,43.77566],[-96.65895,43.78998],[-96.63381,43.79261],[-96.59184,43.79003],[-96.59186,43.78284],[-96.56217,43.78283],[-96.56191,43.82608],[-96.55196,43.8259],[-96.55202,43.84775],[-96.45326,43.8495],[-96.45335,43.71862],[-96.43205,43.71846],[-96.43205,43.73305],[-96.41222,43.73289],[-96.41247,43.74745],[-96.39212,43.74741],[-96.39225,43.7183],[-96.4122,43.71832],[-96.41222,43.70376],[-96.39227,43.70374],[-96.3923,43.68921],[-96.43219,43.68941],[-96.43232,43.67485],[-96.4124,43.67468],[-96.41226,43.64559],[-96.47193,43.6456],[-96.47214,43.63109],[-96.49204,43.63084],[-96.49182,43.64531],[-96.5118,43.64497],[-96.5116,43.65941],[-96.55189,43.66074],[-96.55659,43.65299],[-96.56299,43.6543],[-96.56754,43.64759],[-96.57173,43.6483],[-96.57169,43.65967],[-96.59161,43.65958],[-96.59129,43.67403],[-96.60182,43.6741],[-96.60177,43.66664],[-96.61156,43.66662],[-96.61165,43.65966],[-96.65147,43.65969],[-96.6514,43.67425],[-96.69132,43.67428],[-96.69129,43.68175]]]}},{"type":"Feature","id":"57533","properties":{"zip":"57533","pop":null,"city":"","county":"Gregory","state":"South Dakota","area":280.25,"lat":43.34613,"lon":-99.41692},"geometry":{"type":"Polygon","coordinates":[[[-99.56241,43.04192],[-99.55917,43.0419],[-99.55921,43.04472],[-99.55386,43.04472],[-99.55384,43.05313],[-99.51409,43.05309],[-99.51419,43.06756],[-99.4747,43.06762],[-99.47473,43.0821],[-99.48892,43.08854],[-99.49441,43.09662],[-99.4945,43.19783],[-99.47474,43.19783],[-99.47482,43.24126],[-99.49464,43.24125],[-99.49467,43.27014],[-99.47515,43.27015],[-99.47483,43.3135],[-99.45507,43.3135],[-99.45507,43.34238],[-99.47489,43.34237],[-99.47503,43.45808],[-99.49124,43.45807],[-99.50114,43.45325],[-99.50986,43.45435],[-99.51065,43.45721],[-99.51395,43.459],[-99.53389,43.45806],[-99.5344,43.6301],[-99.4642,43.62998],[-99.46413,43.66385],[-99.45881,43.6558],[-99.44258,43.65196],[-99.4294,43.65198],[-99.39134,43.65843],[-99.37538,43.65687],[-99.36038,43.64765],[-99.34838,43.62876],[-99.34223,43.61065],[-99.3396,43.58093],[-99.33685,43.57491],[-99.32376,43.56113],[-99.28779,43.53561],[-99.28334,43.53115],[-99.28142,43.5258],[-99.28514,43.51392],[-99.29197,43.50458],[-99.29788,43.49986],[-99.31069,43.47396],[-99.31066,43.4699],[-99.30688,43.4624],[-99.29702,43.45564],[-99.29714,43.38537],[-99.32678,43.38531],[-99.32676,43.34225],[-99.29725,43.34201],[-99.29669,43.29977],[-99.33639,43.2992],[-99.3364,43.22686],[-99.32645,43.22687],[-99.32641,43.21951],[-99.33668,43.21951],[-99.33637,43.21237],[-99.3613,43.21237],[-99.36028,43.20899],[-99.35617,43.20585],[-99.35605,43.12562],[-99.37586,43.12558],[-99.37572,43.0243],[-99.35596,43.02432],[-99.356,43.0388],[-99.33623,43.03882],[-99.33623,42.9982],[-99.5538,42.99801],[-99.55384,43.03866],[-99.56237,43.03872],[-99.56241,43.04192]]]}},{"type":"Feature","id":"57236","properties":{"zip":"57236","pop":null,"city":"","county":"Clark","state":"South Dakota","area":39.07,"lat":44.98721,"lon":-97.59035},"geometry":{"type":"Polygon","coordinates":[[[-97.67747,45.01447],[-97.67488,45.01797],[-97.67496,45.02147],[-97.65688,45.02186],[-97.65688,45.03634],[-97.62489,45.0362],[-97.61966,45.03918],[-97.61632,45.03778],[-97.61632,45.03609],[-97.53459,45.03609],[-97.53446,45.02863],[-97.51436,45.0284],[-97.51437,45.02151],[-97.49408,45.02141],[-97.49454,44.9492],[-97.59583,44.94933],[-97.59583,44.93484],[-97.60711,44.93477],[-97.61646,44.93493],[-97.6164,44.94939],[-97.63672,44.94965],[-97.63679,44.92062],[-97.65697,44.92062],[-97.65698,44.9352],[-97.67737,44.93525],[-97.67747,45.01447]]]}},{"type":"Feature","id":"57342","properties":{"zip":"57342","pop":null,"city":"","county":"Charles Mix","state":"South Dakota","area":122.33,"lat":43.24562,"lon":-98.70065},"geometry":{"type":"Polygon","coordinates":[[[-98.82553,43.16483],[-98.82424,43.16578],[-98.82563,43.17314],[-98.82478,43.26916],[-98.80522,43.26935],[-98.80543,43.29746],[-98.78633,43.29816],[-98.78636,43.31253],[-98.80555,43.31167],[-98.80558,43.34015],[-98.78585,43.34],[-98.78545,43.35513],[-98.74575,43.35597],[-98.74585,43.36312],[-98.73269,43.34095],[-98.72656,43.34095],[-98.72722,43.33112],[-98.7241,43.32666],[-98.68334,43.32635],[-98.68064,43.32732],[-98.68069,43.37316],[-98.54477,43.33161],[-98.54475,43.3292],[-98.56463,43.32922],[-98.56488,43.30028],[-98.54506,43.30025],[-98.54533,43.27128],[-98.56513,43.27133],[-98.56548,43.23157],[-98.57042,43.23155],[-98.57044,43.22794],[-98.57544,43.22794],[-98.5755,43.22064],[-98.58518,43.22062],[-98.58523,43.21343],[-98.64468,43.2135],[-98.64475,43.19901],[-98.66464,43.19916],[-98.66472,43.17012],[-98.67812,43.17015],[-98.67802,43.07401],[-98.69046,43.07656],[-98.71457,43.08891],[-98.73128,43.10518],[-98.75036,43.12953],[-98.76917,43.14366],[-98.79043,43.15011],[-98.8257,43.15236],[-98.82553,43.16483]]]}},{"type":"Feature","id":"57521","properties":{"zip":"57521","pop":null,"city":"","county":"Mellette","state":"South Dakota","area":310.54,"lat":43.79345,"lon":-101.18682},"geometry":{"type":"Polygon","coordinates":[[[-101.42261,43.90808],[-101.42255,43.99513],[-101.15292,43.99478],[-101.15052,43.9847],[-101.14418,43.97625],[-101.1442,43.92289],[-101.18361,43.92289],[-101.18357,43.86246],[-101.15887,43.872],[-101.11172,43.89571],[-101.08888,43.90028],[-101.06427,43.90092],[-101.06433,43.84109],[-101.06242,43.84416],[-101.05786,43.84596],[-101.05858,43.85383],[-101.0511,43.85424],[-101.05005,43.85163],[-101.04283,43.85265],[-101.04098,43.85098],[-101.03484,43.85193],[-101.03228,43.85753],[-101.02971,43.85775],[-101.02494,43.85234],[-101.0308,43.8483],[-101.03233,43.84521],[-101.03082,43.84277],[-101.02349,43.84157],[-101.01325,43.84326],[-101.01123,43.84124],[-101.00273,43.84572],[-101.00287,43.83828],[-101.0185,43.83818],[-101.02226,43.8351],[-101.02028,43.80943],[-101.00044,43.80942],[-101.00024,43.79531],[-100.96001,43.79549],[-100.9599,43.78757],[-100.9413,43.78759],[-100.94106,43.70137],[-100.92122,43.7013],[-100.92092,43.6949],[-100.92958,43.69492],[-100.9297,43.68755],[-100.94101,43.68759],[-100.94092,43.65007],[-101.06057,43.65002],[-101.06028,43.57783],[-101.10384,43.57782],[-101.1268,43.57357],[-101.14956,43.57337],[-101.15981,43.57114],[-101.1721,43.56398],[-101.2017,43.56205],[-101.20021,43.57385],[-101.20928,43.57046],[-101.21474,43.57081],[-101.21919,43.57462],[-101.22181,43.58227],[-101.22825,43.58598],[-101.22812,43.73738],[-101.41919,43.73735],[-101.41946,43.79039],[-101.3955,43.78903],[-101.39269,43.79305],[-101.3868,43.79497],[-101.38727,43.79887],[-101.38357,43.80134],[-101.38463,43.80728],[-101.38056,43.80902],[-101.38216,43.81242],[-101.3789,43.81449],[-101.38026,43.81785],[-101.37751,43.82046],[-101.3792,43.82277],[-101.37908,43.8295],[-101.38168,43.83245],[-101.38046,43.83563],[-101.38291,43.83986],[-101.38301,43.84848],[-101.38026,43.84898],[-101.38114,43.85145],[-101.34313,43.84741],[-101.34315,43.85004],[-101.32329,43.85024],[-101.32322,43.87921],[-101.42266,43.87913],[-101.42261,43.90808]]]}},{"type":"Feature","id":"57070","properties":{"zip":"57070","pop":null,"city":"","county":"Turner","state":"South Dakota","area":64.88,"lat":43.18204,"lon":-97.16997},"geometry":{"type":"Polygon","coordinates":[[[-97.37815,43.1984],[-97.31857,43.19858],[-97.3188,43.22757],[-97.26042,43.22677],[-97.26152,43.21086],[-97.24086,43.22102],[-97.24152,43.21386],[-97.18101,43.21356],[-97.18124,43.22813],[-97.16102,43.22783],[-97.16088,43.21334],[-97.10164,43.2139],[-97.10143,43.2187],[-97.09589,43.21796],[-97.0957,43.21986],[-97.08799,43.22017],[-97.08427,43.21573],[-97.09044,43.21385],[-97.08177,43.21384],[-97.08186,43.2283],[-97.00828,43.22918],[-97.00825,43.22194],[-97.01325,43.22195],[-97.01305,43.21335],[-97.00255,43.21335],[-97.00226,43.20674],[-97.00461,43.19969],[-97.00483,43.18544],[-97.01487,43.18538],[-97.01323,43.17791],[-97.01815,43.17791],[-97.0178,43.17049],[-97.03217,43.17043],[-97.03219,43.14879],[-97.02683,43.14879],[-97.02683,43.15328],[-97.02193,43.15373],[-97.0223,43.1448],[-97.03207,43.14479],[-97.03209,43.14144],[-97.0422,43.14142],[-97.04222,43.12692],[-97.1213,43.12659],[-97.12118,43.13712],[-97.1508,43.13712],[-97.1508,43.14098],[-97.20007,43.14083],[-97.20018,43.1626],[-97.20501,43.1626],[-97.20502,43.15865],[-97.22006,43.15862],[-97.22012,43.15559],[-97.23943,43.15542],[-97.23965,43.16975],[-97.2594,43.16967],[-97.25931,43.15534],[-97.2984,43.15501],[-97.29847,43.16011],[-97.30382,43.16014],[-97.30382,43.15499],[-97.35791,43.15474],[-97.35797,43.16954],[-97.36849,43.16952],[-97.36847,43.18395],[-97.37791,43.18394],[-97.37815,43.1984]]]}},{"type":"Feature","id":"57312","properties":{"zip":"57312","pop":null,"city":"","county":"Beadle","state":"South Dakota","area":93.88,"lat":44.19645,"lon":-98.38564},"geometry":{"type":"Polygon","coordinates":[[[-98.53217,44.15463],[-98.47221,44.1548],[-98.47258,44.18374],[-98.49267,44.1837],[-98.493,44.1967],[-98.49813,44.1967],[-98.49829,44.25454],[-98.45784,44.25467],[-98.45784,44.28366],[-98.43794,44.28366],[-98.43774,44.26928],[-98.41749,44.26928],[-98.41758,44.28366],[-98.31564,44.2837],[-98.31573,44.26928],[-98.23428,44.26915],[-98.2343,44.2587],[-98.23113,44.25854],[-98.22898,44.26169],[-98.2258,44.25907],[-98.22455,44.26049],[-98.21988,44.25953],[-98.21937,44.26101],[-98.2139,44.25999],[-98.2139,44.24014],[-98.23425,44.24016],[-98.23399,44.19664],[-98.2509,44.19662],[-98.25087,44.18508],[-98.30171,44.18467],[-98.30188,44.17739],[-98.33193,44.17739],[-98.33186,44.11191],[-98.39235,44.11165],[-98.39232,44.09698],[-98.41243,44.09674],[-98.41242,44.11151],[-98.43257,44.11142],[-98.43254,44.08226],[-98.47191,44.08201],[-98.47177,44.11125],[-98.53184,44.1111],[-98.53217,44.15463]]]}},{"type":"Feature","id":"57237","properties":{"zip":"57237","pop":null,"city":"","county":"Deuel","state":"South Dakota","area":71.52,"lat":44.7932,"lon":-96.52002},"geometry":{"type":"Polygon","coordinates":[[[-96.60238,44.8627],[-96.56141,44.86291],[-96.56141,44.87747],[-96.54099,44.87745],[-96.54096,44.8901],[-96.51713,44.88979],[-96.51703,44.92033],[-96.51532,44.92143],[-96.51169,44.92181],[-96.5085,44.91953],[-96.50725,44.92193],[-96.50104,44.91925],[-96.49622,44.92213],[-96.49632,44.919],[-96.47597,44.91893],[-96.47736,44.89007],[-96.47429,44.89362],[-96.47494,44.89581],[-96.47288,44.89629],[-96.47324,44.90184],[-96.46788,44.90451],[-96.45187,44.90452],[-96.45163,44.67425],[-96.4805,44.6743],[-96.48041,44.68871],[-96.54148,44.68896],[-96.54154,44.70348],[-96.58214,44.70322],[-96.58199,44.71777],[-96.60219,44.71773],[-96.60238,44.8627]]]}},{"type":"Feature","id":"57016","properties":{"zip":"57016","pop":null,"city":"Brant Lake South","county":"Lake","state":"South Dakota","area":19.91,"lat":43.88874,"lon":-96.96136},"geometry":{"type":"Polygon","coordinates":[[[-97.04904,43.87715],[-97.02896,43.87716],[-97.02897,43.90613],[-96.94905,43.90629],[-96.94913,43.91399],[-96.93766,43.92438],[-96.94916,43.93232],[-96.94916,43.93528],[-96.88886,43.9353],[-96.88885,43.90628],[-96.90883,43.90628],[-96.90879,43.8918],[-96.88878,43.89182],[-96.88859,43.87425],[-96.89637,43.87825],[-96.91873,43.88055],[-96.92763,43.87217],[-96.9288,43.86287],[-96.94865,43.86283],[-96.94866,43.84833],[-97.00897,43.84821],[-97.0088,43.86268],[-97.04905,43.86266],[-97.04904,43.87715]]]}},{"type":"Feature","id":"57018","properties":{"zip":"57018","pop":null,"city":"","county":"Minnehaha","state":"South Dakota","area":62.33,"lat":43.79995,"lon":-96.97902},"geometry":{"type":"Polygon","coordinates":[[[-97.12901,43.81195],[-97.12909,43.84797],[-97.04936,43.84815],[-97.04905,43.86266],[-97.0088,43.86268],[-97.00897,43.84821],[-96.94866,43.84833],[-96.94865,43.86283],[-96.9288,43.86287],[-96.92883,43.84835],[-96.89022,43.84836],[-96.89048,43.83376],[-96.87125,43.83374],[-96.87163,43.81189],[-96.88133,43.81194],[-96.88138,43.80467],[-96.87157,43.80461],[-96.87144,43.77553],[-96.86471,43.77552],[-96.86677,43.77812],[-96.86205,43.78008],[-96.8625,43.78218],[-96.86501,43.78195],[-96.85948,43.79006],[-96.85141,43.79005],[-96.84137,43.79004],[-96.84094,43.78374],[-96.83127,43.78359],[-96.83131,43.77548],[-96.85136,43.77551],[-96.8512,43.73214],[-96.95058,43.73235],[-96.95074,43.74686],[-97.00975,43.74711],[-97.0096,43.77623],[-97.02926,43.77614],[-97.02953,43.7907],[-97.04943,43.79075],[-97.04941,43.77614],[-97.1095,43.77571],[-97.10953,43.7903],[-97.12916,43.79012],[-97.12901,43.81195]]]}},{"type":"Feature","id":"57576","properties":{"zip":"57576","pop":null,"city":"","county":"Lyman","state":"South Dakota","area":133.86,"lat":43.90815,"lon":-100.2942},"geometry":{"type":"Polygon","coordinates":[[[-100.42708,43.85022],[-100.36705,43.85012],[-100.36681,44.02392],[-100.3599,44.02216],[-100.35653,44.01837],[-100.34793,44.01861],[-100.34103,44.01594],[-100.33176,44.00794],[-100.32596,44.00652],[-100.32698,44.06451],[-100.32102,44.06051],[-100.31075,44.05738],[-100.28655,44.05591],[-100.2866,44.10805],[-100.3067,44.10798],[-100.30541,44.11622],[-100.30671,44.12981],[-100.30378,44.13589],[-100.30679,44.14446],[-100.30682,44.16586],[-100.26663,44.16592],[-100.26666,44.15141],[-100.24353,44.15138],[-100.24151,44.13584],[-100.23043,44.12806],[-100.22755,44.12261],[-100.2266,44.05006],[-100.20649,44.05003],[-100.20646,44.03557],[-100.18639,44.03557],[-100.18631,44.02109],[-100.20447,44.02099],[-100.20637,44.00658],[-100.24751,44.00657],[-100.24808,43.98117],[-100.24522,43.97765],[-100.24617,43.94866],[-100.22633,43.94869],[-100.22625,43.93419],[-100.2462,43.93421],[-100.24596,43.84732],[-100.22026,43.84724],[-100.22002,43.69175],[-100.22443,43.69736],[-100.22359,43.70896],[-100.22611,43.71453],[-100.23222,43.7137],[-100.25381,43.7029],[-100.25873,43.70847],[-100.26556,43.70916],[-100.26932,43.70766],[-100.2749,43.6997],[-100.28003,43.6968],[-100.29069,43.69873],[-100.29666,43.70599],[-100.30146,43.72013],[-100.3052,43.72331],[-100.32728,43.7159],[-100.33897,43.71694],[-100.33931,43.76202],[-100.34003,43.76427],[-100.34488,43.7652],[-100.36163,43.77463],[-100.36144,43.79195],[-100.36695,43.79227],[-100.367,43.80673],[-100.42694,43.80686],[-100.42708,43.85022]]]}},{"type":"Feature","id":"57363","properties":{"zip":"57363","pop":null,"city":"","county":"Davison","state":"South Dakota","area":137.16,"lat":43.68726,"lon":-98.25483},"geometry":{"type":"Polygon","coordinates":[[[-98.34559,43.77557],[-98.32568,43.77572],[-98.32536,43.81962],[-98.34538,43.81902],[-98.34548,43.85086],[-98.33148,43.85099],[-98.33157,43.88],[-98.29137,43.88021],[-98.2914,43.86584],[-98.27136,43.86592],[-98.2713,43.88024],[-98.23144,43.88069],[-98.21139,43.87733],[-98.21142,43.86577],[-98.19205,43.86592],[-98.19139,43.85113],[-98.1876,43.85107],[-98.18697,43.73112],[-98.2055,43.73178],[-98.20547,43.70834],[-98.17536,43.70754],[-98.17548,43.69874],[-98.16642,43.6987],[-98.16546,43.67315],[-98.18544,43.67314],[-98.18651,43.60003],[-98.16649,43.60005],[-98.16376,43.52753],[-98.18343,43.52716],[-98.1822,43.49798],[-98.32059,43.49865],[-98.32145,43.51314],[-98.30162,43.51317],[-98.30231,43.52762],[-98.32217,43.52762],[-98.3256,43.62996],[-98.30552,43.63005],[-98.30547,43.64454],[-98.32571,43.64455],[-98.32568,43.70977],[-98.3455,43.71007],[-98.34559,43.73131],[-98.32577,43.73191],[-98.32567,43.76114],[-98.34557,43.76107],[-98.34559,43.77557]]]}},{"type":"Feature","id":"57369","properties":{"zip":"57369","pop":null,"city":"","county":"Charles Mix","state":"South Dakota","area":347.16,"lat":43.42545,"lon":-98.94608},"geometry":{"type":"Polygon","coordinates":[[[-99.31069,43.47396],[-99.29788,43.49986],[-99.21001,43.49974],[-99.20991,43.5142],[-99.17019,43.51409],[-99.17028,43.5719],[-99.15174,43.57155],[-99.15177,43.58584],[-99.11194,43.58567],[-99.11208,43.60021],[-99.09212,43.60014],[-99.09199,43.58575],[-99.03238,43.58561],[-99.0324,43.57128],[-98.99276,43.57156],[-98.99219,43.55059],[-98.97269,43.5506],[-98.97267,43.54273],[-98.953,43.54277],[-98.95308,43.5573],[-98.93319,43.55738],[-98.93328,43.57165],[-98.91322,43.57164],[-98.91328,43.58595],[-98.79443,43.58586],[-98.79443,43.52002],[-98.77482,43.51987],[-98.77476,43.51371],[-98.71543,43.51362],[-98.71495,43.49912],[-98.70578,43.49932],[-98.70669,43.47144],[-98.68779,43.47085],[-98.68783,43.45636],[-98.66816,43.45646],[-98.66713,43.4134],[-98.68703,43.41333],[-98.68585,43.37087],[-98.68067,43.37106],[-98.68064,43.32732],[-98.7241,43.32666],[-98.72722,43.33112],[-98.72656,43.34095],[-98.73269,43.34095],[-98.74585,43.36312],[-98.74575,43.35597],[-98.78545,43.35513],[-98.78585,43.34],[-98.80558,43.34015],[-98.80555,43.31167],[-98.78636,43.31253],[-98.78633,43.29816],[-98.80543,43.29746],[-98.80522,43.26935],[-98.82478,43.26916],[-98.82563,43.17314],[-98.82424,43.16578],[-98.8257,43.15236],[-98.85359,43.15462],[-98.86007,43.15642],[-98.86876,43.16201],[-98.87516,43.17356],[-98.87793,43.18387],[-98.87628,43.20851],[-98.87773,43.22664],[-98.88139,43.23568],[-98.88782,43.24321],[-98.90256,43.24762],[-98.95036,43.24885],[-98.98125,43.25894],[-99.02025,43.29061],[-99.03763,43.29925],[-99.06928,43.32069],[-99.08625,43.33933],[-99.09257,43.35371],[-99.1059,43.37094],[-99.12638,43.38062],[-99.13774,43.39626],[-99.13998,43.40087],[-99.13962,43.4073],[-99.14847,43.42208],[-99.15834,43.43068],[-99.17772,43.43792],[-99.18991,43.43601],[-99.25138,43.43652],[-99.2757,43.44248],[-99.30688,43.4624],[-99.31066,43.4699],[-99.31069,43.47396]]]}},{"type":"Feature","id":"57466","properties":{"zip":"57466","pop":null,"city":"","county":"Faulk","state":"South Dakota","area":100.77,"lat":45.2005,"lon":-99.45886},"geometry":{"type":"Polygon","coordinates":[[[-99.58566,45.30361],[-99.54458,45.30354],[-99.54451,45.31805],[-99.5239,45.31791],[-99.52392,45.3139],[-99.50333,45.31557],[-99.50344,45.2744],[-99.46235,45.27428],[-99.46233,45.28876],[-99.40086,45.28875],[-99.40081,45.2742],[-99.3597,45.27416],[-99.35968,45.28864],[-99.33917,45.28886],[-99.33925,45.24504],[-99.32757,45.24507],[-99.32784,45.15871],[-99.32712,45.14314],[-99.32494,45.14165],[-99.32716,45.13985],[-99.32728,45.12952],[-99.45047,45.12945],[-99.45052,45.08601],[-99.51182,45.08572],[-99.51187,45.10022],[-99.53236,45.10028],[-99.53236,45.11476],[-99.57316,45.1147],[-99.57333,45.24536],[-99.54501,45.24672],[-99.54467,45.2745],[-99.5857,45.27461],[-99.58566,45.30361]]]}},{"type":"Feature","id":"57344","properties":{"zip":"57344","pop":null,"city":"","county":"Douglas","state":"South Dakota","area":24.94,"lat":43.45558,"lon":-98.61773},"geometry":{"type":"Polygon","coordinates":[[[-98.70586,43.49862],[-98.5695,43.49887],[-98.56899,43.47083],[-98.58904,43.47106],[-98.58901,43.45646],[-98.56881,43.45634],[-98.5686,43.44189],[-98.50951,43.4421],[-98.50932,43.42765],[-98.52896,43.42756],[-98.52722,43.399],[-98.5471,43.39863],[-98.54838,43.41297],[-98.58795,43.41333],[-98.58906,43.44197],[-98.62878,43.44206],[-98.62883,43.45629],[-98.64828,43.45642],[-98.64738,43.41338],[-98.63869,43.41333],[-98.63875,43.40562],[-98.64677,43.40558],[-98.64626,43.3989],[-98.68612,43.39893],[-98.68703,43.41333],[-98.66713,43.4134],[-98.66816,43.45646],[-98.68783,43.45636],[-98.68779,43.47085],[-98.70669,43.47144],[-98.70586,43.49862]]]}},{"type":"Feature","id":"57783","properties":{"zip":"57783","pop":null,"city":"Spearfish","county":"Lawrence","state":"South Dakota","area":152.02,"lat":44.47104,"lon":-103.92195},"geometry":{"type":"Polygon","coordinates":[[[-104.0559,44.51762],[-104.05582,44.58162],[-104.01199,44.58303],[-104.01185,44.60427],[-103.93125,44.60451],[-103.93117,44.58529],[-103.92819,44.58315],[-103.924,44.58683],[-103.92051,44.58411],[-103.91802,44.58669],[-103.91827,44.58923],[-103.91619,44.58847],[-103.91603,44.59],[-103.91456,44.58838],[-103.91184,44.5892],[-103.91013,44.58694],[-103.90683,44.58744],[-103.90791,44.58822],[-103.90444,44.5903],[-103.9048,44.59273],[-103.90739,44.59277],[-103.90311,44.59482],[-103.89781,44.59415],[-103.89645,44.59544],[-103.89843,44.59647],[-103.89684,44.59737],[-103.89342,44.597],[-103.89422,44.59396],[-103.89065,44.59534],[-103.89033,44.59053],[-103.88554,44.58917],[-103.88373,44.59064],[-103.8782,44.58862],[-103.86996,44.59188],[-103.86668,44.58895],[-103.86752,44.58791],[-103.86338,44.58651],[-103.86141,44.59],[-103.85984,44.57599],[-103.88753,44.57575],[-103.89086,44.57115],[-103.88956,44.56754],[-103.88777,44.56777],[-103.88818,44.5658],[-103.88201,44.5637],[-103.88541,44.56178],[-103.8758,44.54332],[-103.86076,44.53952],[-103.85944,44.54687],[-103.82932,44.54685],[-103.82918,44.53702],[-103.80926,44.53702],[-103.8094,44.51783],[-103.6888,44.51765],[-103.67621,44.50655],[-103.66633,44.49259],[-103.65956,44.48911],[-103.67412,44.4882],[-103.67893,44.47978],[-103.7,44.48695],[-103.70941,44.48801],[-103.7215,44.4868],[-103.74079,44.47845],[-103.72287,44.45935],[-103.71786,44.44537],[-103.70934,44.44536],[-103.70929,44.41582],[-103.71141,44.41949],[-103.71505,44.42107],[-103.71503,44.43053],[-103.85201,44.43085],[-103.84953,44.38813],[-103.91439,44.38778],[-103.91123,44.38276],[-103.91505,44.37858],[-103.91322,44.37503],[-103.91899,44.3736],[-103.92199,44.36827],[-103.9299,44.36313],[-103.92905,44.35866],[-103.93206,44.35533],[-103.93239,44.35103],[-103.93741,44.35027],[-103.93829,44.3527],[-103.94046,44.35287],[-103.94377,44.35008],[-103.94687,44.35053],[-103.94623,44.34774],[-103.94994,44.34608],[-103.94934,44.34333],[-103.95436,44.34417],[-103.95994,44.34051],[-103.96005,44.33751],[-103.9643,44.33826],[-103.97179,44.3304],[-103.97933,44.32933],[-103.98195,44.3312],[-103.98761,44.32863],[-103.99339,44.33251],[-104.00495,44.33176],[-104.00589,44.32838],[-104.00317,44.32471],[-104.00614,44.31579],[-104.05552,44.31603],[-104.0559,44.51762]],[[-103.87643,44.49646],[-103.87492,44.49352],[-103.87029,44.49327],[-103.8688,44.49543],[-103.86999,44.50303],[-103.875,44.50307],[-103.87643,44.49646]]]}},{"type":"Feature","id":"57325","properties":{"zip":"57325","pop":null,"city":"","county":"Brule","state":"South Dakota","area":225.99,"lat":43.83943,"lon":-99.31134},"geometry":{"type":"Polygon","coordinates":[[[-99.46916,43.67332],[-99.46878,43.67566],[-99.45626,43.68692],[-99.45057,43.6898],[-99.42179,43.69632],[-99.40786,43.70311],[-99.40696,43.70528],[-99.40967,43.70973],[-99.40676,43.71955],[-99.40771,43.72847],[-99.41638,43.73857],[-99.419,43.74483],[-99.41413,43.76593],[-99.41015,43.77462],[-99.40361,43.77945],[-99.38057,43.78613],[-99.36624,43.79243],[-99.33591,43.8229],[-99.308,43.86037],[-99.30955,43.86698],[-99.31709,43.87499],[-99.32927,43.88275],[-99.35223,43.89231],[-99.36185,43.9031],[-99.36318,43.91478],[-99.35001,43.94647],[-99.34623,43.96231],[-99.346,43.98145],[-99.35372,43.99533],[-99.37856,44.01309],[-99.36471,44.02477],[-99.36647,44.02635],[-99.36384,44.0278],[-99.36486,44.03032],[-99.36654,44.02945],[-99.3672,44.03291],[-99.36926,44.03239],[-99.36724,44.03768],[-99.37203,44.03938],[-99.36982,44.04103],[-99.37365,44.04232],[-99.37277,44.04422],[-99.37745,44.04989],[-99.37425,44.05251],[-99.37812,44.05698],[-99.378,44.06065],[-99.37386,44.06149],[-99.37522,44.0618],[-99.37433,44.06903],[-99.37908,44.07112],[-99.38225,44.07965],[-99.38148,44.08205],[-99.38761,44.08765],[-99.38752,44.07746],[-99.43796,44.07726],[-99.43909,44.18527],[-99.44863,44.19378],[-99.2886,44.19481],[-99.28891,44.10691],[-99.24536,44.10731],[-99.24558,44.07759],[-99.28511,44.07675],[-99.2863,44.01958],[-99.28153,44.01958],[-99.28322,44.01135],[-99.27652,44.00605],[-99.26652,44.00609],[-99.26654,43.98356],[-99.28446,43.98365],[-99.27543,43.97455],[-99.24877,43.93335],[-99.24675,43.93304],[-99.24677,43.89102],[-99.23775,43.89048],[-99.23678,43.86183],[-99.20683,43.86181],[-99.20676,43.84731],[-99.1851,43.84733],[-99.18373,43.84494],[-99.18311,43.80221],[-99.21335,43.80224],[-99.21305,43.78777],[-99.25295,43.78824],[-99.25275,43.75946],[-99.23283,43.75932],[-99.23252,43.74494],[-99.2719,43.745],[-99.27137,43.62951],[-99.21143,43.62938],[-99.21138,43.61492],[-99.19126,43.61488],[-99.1913,43.60043],[-99.17169,43.60038],[-99.17132,43.58586],[-99.15177,43.58584],[-99.15174,43.57155],[-99.17028,43.5719],[-99.17019,43.51409],[-99.20991,43.5142],[-99.21001,43.49974],[-99.29788,43.49986],[-99.29197,43.50458],[-99.28278,43.51832],[-99.2825,43.52966],[-99.29566,43.54212],[-99.32376,43.56113],[-99.33685,43.57491],[-99.3396,43.58093],[-99.34346,43.61597],[-99.35136,43.63496],[-99.36038,43.64765],[-99.37538,43.65687],[-99.38313,43.65821],[-99.40403,43.65714],[-99.4294,43.65198],[-99.44986,43.65298],[-99.46093,43.65726],[-99.46916,43.67332]]]}},{"type":"Feature","id":"57621","properties":{"zip":"57621","pop":null,"city":"Bullhead","county":"Corson","state":"South Dakota","area":2.21,"lat":45.76862,"lon":-101.08042},"geometry":{"type":"Polygon","coordinates":[[[-101.10992,45.76792],[-101.10625,45.77078],[-101.10431,45.78001],[-101.08731,45.78193],[-101.08349,45.77892],[-101.06836,45.78174],[-101.06777,45.78021],[-101.06164,45.7799],[-101.06171,45.76408],[-101.05763,45.76268],[-101.07876,45.74506],[-101.07998,45.76065],[-101.0921,45.7602],[-101.09264,45.76788],[-101.10022,45.76931],[-101.10934,45.76506],[-101.10869,45.76728],[-101.11211,45.76737],[-101.10992,45.76792]]]}},{"type":"Feature","id":"57075","properties":{"zip":"57075","pop":null,"city":"Lake Madison","county":"Lake","state":"South Dakota","area":61.76,"lat":43.99608,"lon":-96.96738},"geometry":{"type":"Polygon","coordinates":[[[-97.06463,43.97294],[-97.06343,43.97548],[-97.05763,43.9781],[-97.04032,43.97638],[-97.03628,43.97404],[-97.03906,43.97202],[-97.03469,43.97431],[-97.03433,43.97918],[-97.04934,43.98033],[-97.04906,44.06584],[-96.94916,44.06599],[-96.94931,44.08052],[-96.88876,44.08055],[-96.88871,44.05149],[-96.86981,44.05131],[-96.86897,44.02219],[-96.8887,44.02246],[-96.88886,43.9353],[-96.94916,43.93528],[-96.94916,43.93232],[-96.93766,43.92438],[-96.94913,43.91399],[-96.94905,43.90629],[-97.02897,43.90613],[-97.02903,43.93509],[-97.04904,43.93506],[-97.04931,43.96049],[-97.05933,43.96054],[-97.0594,43.96393],[-97.03724,43.96449],[-97.04573,43.96499],[-97.04741,43.96856],[-97.06076,43.96717],[-97.06442,43.96944],[-97.06598,43.97182],[-97.06463,43.97294]]]}},{"type":"Feature","id":"57641","properties":{"zip":"57641","pop":null,"city":"","county":"Corson","state":"South Dakota","area":334.74,"lat":45.8932,"lon":-101.30616},"geometry":{"type":"Polygon","coordinates":[[[-101.56601,45.99143],[-101.56181,46.01279],[-101.55939,46.01092],[-101.55733,46.01195],[-101.55419,46.00684],[-101.55189,46.01088],[-101.54805,46.01097],[-101.54625,46.01289],[-101.54523,46.01588],[-101.5508,46.01696],[-101.54785,46.01828],[-101.54225,46.01607],[-101.5351,46.01643],[-101.53356,46.01328],[-101.52732,46.01643],[-101.53054,46.02047],[-101.53326,46.02084],[-101.53109,46.02267],[-101.53158,46.02573],[-101.53467,46.02452],[-101.53666,46.02918],[-101.53433,46.0308],[-101.52358,46.02863],[-101.51701,46.03082],[-101.51603,46.02908],[-101.51885,46.02828],[-101.51941,46.02591],[-101.51741,46.02536],[-101.51177,46.02666],[-101.51036,46.03002],[-101.50813,46.02887],[-101.51032,46.02712],[-101.50911,46.02529],[-101.50429,46.02542],[-101.50206,46.02304],[-101.49688,46.02357],[-101.49912,46.02622],[-101.49682,46.02745],[-101.4957,46.02533],[-101.49278,46.02522],[-101.49174,46.02634],[-101.49354,46.02741],[-101.48567,46.02819],[-101.48757,46.03045],[-101.49217,46.0301],[-101.49552,46.03369],[-101.4923,46.03561],[-101.49178,46.03257],[-101.48968,46.03287],[-101.49063,46.03751],[-101.48473,46.03683],[-101.48374,46.0376],[-101.48706,46.03888],[-101.48791,46.04274],[-101.48978,46.04235],[-101.49047,46.03858],[-101.49365,46.0389],[-101.49322,46.03707],[-101.49696,46.03767],[-101.49828,46.04059],[-101.48421,46.04878],[-101.49012,46.05035],[-101.47893,46.05273],[-101.47841,46.05506],[-101.47168,46.05431],[-101.4748,46.0595],[-101.46787,46.05783],[-101.46626,46.05036],[-101.45829,46.05],[-101.44817,46.05381],[-101.448,46.07382],[-101.45726,46.07696],[-101.45866,46.07899],[-101.45775,46.10204],[-101.45892,46.10339],[-101.47942,46.10334],[-101.47952,46.17577],[-101.47525,46.17637],[-101.47544,46.18264],[-101.47303,46.1869],[-101.48002,46.19013],[-101.49996,46.19018],[-101.4999,46.21236],[-101.49029,46.21378],[-101.48942,46.21712],[-101.48534,46.21722],[-101.48005,46.22136],[-101.47392,46.21697],[-101.47106,46.21976],[-101.46833,46.21954],[-101.47126,46.21769],[-101.46935,46.2139],[-101.47201,46.21007],[-101.47013,46.20886],[-101.47704,46.20584],[-101.48066,46.19949],[-101.47365,46.20081],[-101.47381,46.19919],[-101.46993,46.19794],[-101.47121,46.19608],[-101.46779,46.1949],[-101.46858,46.19785],[-101.46608,46.19967],[-101.46167,46.19721],[-101.4613,46.19268],[-101.4541,46.19531],[-101.45272,46.19849],[-101.45716,46.19878],[-101.45532,46.20089],[-101.45249,46.20036],[-101.44505,46.19093],[-101.44005,46.19195],[-101.43729,46.19703],[-101.42936,46.19881],[-101.42991,46.19595],[-101.42738,46.19431],[-101.43057,46.18951],[-101.42959,46.18827],[-101.43268,46.18544],[-101.42396,46.18359],[-101.41653,46.18487],[-101.41511,46.18843],[-101.41419,46.18192],[-101.41136,46.18206],[-101.41038,46.18004],[-101.41735,46.17842],[-101.42347,46.17424],[-101.41482,46.17251],[-101.40466,46.17456],[-101.40874,46.16894],[-101.40272,46.16713],[-101.40322,46.16222],[-101.40627,46.15948],[-101.3993,46.15918],[-101.39759,46.16103],[-101.39306,46.15687],[-101.39819,46.15436],[-101.38889,46.15362],[-101.38478,46.1512],[-101.38386,46.14985],[-101.38912,46.14866],[-101.38643,46.14425],[-101.38133,46.14756],[-101.3763,46.14603],[-101.37864,46.1432],[-101.37796,46.13543],[-101.36964,46.13465],[-101.36069,46.13036],[-101.35843,46.12466],[-101.35511,46.12302],[-101.35514,46.11786],[-101.29865,46.11724],[-101.29474,46.11606],[-101.29959,46.11079],[-101.29815,46.10831],[-101.292,46.10333],[-101.27714,46.09668],[-101.27134,46.08884],[-101.25615,46.0936],[-101.25547,46.08631],[-101.25053,46.08146],[-101.25928,46.08082],[-101.27094,46.0747],[-101.26636,46.06023],[-101.26998,46.06018],[-101.25047,46.04557],[-101.23003,46.04536],[-101.23003,46.04194],[-101.23466,46.03904],[-101.23324,46.0371],[-101.23554,46.03379],[-101.23197,46.03121],[-101.23008,46.01637],[-101.2196,46.01637],[-101.21969,45.98745],[-101.20923,45.98736],[-101.20924,45.94393],[-101.14221,45.94384],[-101.14227,45.92016],[-101.1115,45.91504],[-101.1004,45.91137],[-101.10066,45.83798],[-101.10979,45.82634],[-101.11006,45.81853],[-101.07989,45.81838],[-101.07931,45.78092],[-101.08349,45.77892],[-101.08731,45.78193],[-101.10431,45.78001],[-101.10625,45.77078],[-101.11211,45.76737],[-101.10869,45.76728],[-101.10934,45.76506],[-101.10022,45.76931],[-101.09264,45.76788],[-101.0921,45.7602],[-101.07998,45.76065],[-101.07854,45.73084],[-101.099,45.73099],[-101.09991,45.67581],[-101.1105,45.66877],[-101.11087,45.66098],[-101.1339,45.66117],[-101.14136,45.66608],[-101.1414,45.64657],[-101.34695,45.64665],[-101.3467,45.6826],[-101.33283,45.69187],[-101.33264,45.69418],[-101.33728,45.70062],[-101.33852,45.74635],[-101.36871,45.74657],[-101.37023,45.76035],[-101.43173,45.76109],[-101.4316,45.78916],[-101.4186,45.7898],[-101.41442,45.79214],[-101.41111,45.79752],[-101.40937,45.80604],[-101.41221,45.81076],[-101.41123,45.81491],[-101.41452,45.8188],[-101.45228,45.8189],[-101.45229,45.90363],[-101.53523,45.91941],[-101.43224,45.92012],[-101.43235,45.94379],[-101.56188,45.94423],[-101.56125,45.9652],[-101.5646,45.98501],[-101.56685,45.9892],[-101.56601,45.99143]]]}},{"type":"Feature","id":"57246","properties":{"zip":"57246","pop":null,"city":"","county":"Grant","state":"South Dakota","area":21.48,"lat":45.05647,"lon":-96.66911},"geometry":{"type":"Polygon","coordinates":[[[-96.7412,45.06287],[-96.72071,45.06293],[-96.7209,45.07744],[-96.70019,45.07756],[-96.7006,45.09205],[-96.68018,45.09215],[-96.67996,45.07767],[-96.65955,45.07782],[-96.65978,45.10677],[-96.62037,45.10705],[-96.62055,45.13609],[-96.60001,45.13619],[-96.59949,45.07812],[-96.61988,45.07804],[-96.61969,45.04908],[-96.6594,45.0491],[-96.65929,45.02012],[-96.67985,45.02028],[-96.67983,44.97958],[-96.68256,44.97929],[-96.68406,44.97684],[-96.71948,44.97663],[-96.72046,45.02],[-96.69987,45.0202],[-96.70006,45.03466],[-96.72054,45.03461],[-96.7206,45.03845],[-96.71822,45.0388],[-96.71799,45.04786],[-96.71542,45.04897],[-96.74123,45.04849],[-96.7412,45.06287]]]}},{"type":"Feature","id":"57361","properties":{"zip":"57361","pop":null,"city":"Marty","county":"Charles Mix","state":"South Dakota","area":1.82,"lat":42.99459,"lon":-98.43455},"geometry":{"type":"Polygon","coordinates":[[[-98.45466,42.99332],[-98.44483,42.99342],[-98.44497,43.00765],[-98.44695,43.0078],[-98.44698,43.00944],[-98.42712,43.00948],[-98.42714,43.00701],[-98.41113,42.99493],[-98.42729,42.99494],[-98.42512,42.99354],[-98.42493,42.979],[-98.43932,42.97891],[-98.44027,42.98259],[-98.4447,42.98259],[-98.45105,42.9897],[-98.4546,42.98964],[-98.45466,42.99332]]]}},{"type":"Feature","id":"57039","properties":{"zip":"57039","pop":null,"city":"","county":"Lincoln","state":"South Dakota","area":66.93,"lat":43.33662,"lon":-96.86756},"geometry":{"type":"Polygon","coordinates":[[[-96.96422,43.34473],[-96.96421,43.36182],[-96.92454,43.37611],[-96.92479,43.43217],[-96.86616,43.43205],[-96.86626,43.41755],[-96.84628,43.41749],[-96.84625,43.43202],[-96.82626,43.43198],[-96.82612,43.42956],[-96.82125,43.42737],[-96.82125,43.42465],[-96.81608,43.42469],[-96.80636,43.42905],[-96.80635,43.42539],[-96.79657,43.42538],[-96.79651,43.40281],[-96.78697,43.40273],[-96.78696,43.38823],[-96.76703,43.3882],[-96.76707,43.35916],[-96.79651,43.3593],[-96.79658,43.34484],[-96.82617,43.34492],[-96.82623,43.33038],[-96.80642,43.33037],[-96.8064,43.31587],[-96.79658,43.31585],[-96.79641,43.27884],[-96.80652,43.27881],[-96.80651,43.27237],[-96.81143,43.27237],[-96.81139,43.26473],[-96.82139,43.26479],[-96.82122,43.25783],[-96.82629,43.25783],[-96.82605,43.23571],[-96.84597,43.23572],[-96.84583,43.22887],[-96.90542,43.22889],[-96.90562,43.24341],[-96.92452,43.24342],[-96.92445,43.31603],[-96.94408,43.31688],[-96.964,43.3151],[-96.96422,43.34473]]]}},{"type":"Feature","id":"57234","properties":{"zip":"57234","pop":null,"city":"Lake Poinsett","county":"Deuel","state":"South Dakota","area":76.24,"lat":44.59716,"lon":-96.89938},"geometry":{"type":"Polygon","coordinates":[[[-97.06772,44.60097],[-97.05218,44.60119],[-97.0327,44.59593],[-97.041,44.60241],[-97.01338,44.60159],[-97.01135,44.60383],[-97.01247,44.6065],[-97.00735,44.61329],[-97.0067,44.63035],[-96.98646,44.63042],[-96.98497,44.63208],[-96.99502,44.63388],[-96.99018,44.63694],[-96.99326,44.6386],[-96.98823,44.64084],[-96.99108,44.64198],[-96.99114,44.64499],[-96.98642,44.64503],[-96.98653,44.63448],[-96.98141,44.63306],[-96.98147,44.63043],[-96.96623,44.63045],[-96.96606,44.6449],[-96.94587,44.64504],[-96.94595,44.63673],[-96.95101,44.6335],[-96.94829,44.63048],[-96.88518,44.63061],[-96.88517,44.65555],[-96.88087,44.65421],[-96.88,44.65686],[-96.87648,44.65455],[-96.86883,44.65586],[-96.86625,44.66146],[-96.86867,44.66377],[-96.86338,44.66514],[-96.86617,44.66797],[-96.86114,44.6704],[-96.8648,44.67303],[-96.86349,44.67449],[-96.8606,44.67352],[-96.85923,44.67639],[-96.85596,44.67691],[-96.85558,44.6829],[-96.84193,44.68083],[-96.83526,44.6758],[-96.83363,44.67882],[-96.83004,44.67828],[-96.82599,44.67417],[-96.82564,44.68035],[-96.82404,44.68126],[-96.81145,44.6785],[-96.80912,44.68213],[-96.80397,44.67971],[-96.80272,44.68188],[-96.79909,44.68241],[-96.79884,44.68508],[-96.79323,44.68161],[-96.79368,44.68332],[-96.79025,44.68295],[-96.78474,44.6872],[-96.78471,44.68967],[-96.77557,44.69173],[-96.77769,44.69454],[-96.77115,44.69268],[-96.76701,44.69575],[-96.76362,44.69318],[-96.76362,44.6741],[-96.74545,44.67417],[-96.7437,44.6727],[-96.74372,44.65963],[-96.76365,44.65961],[-96.76389,44.60882],[-96.77395,44.60895],[-96.77431,44.60169],[-96.78461,44.60166],[-96.78454,44.55813],[-96.8049,44.55813],[-96.80447,44.54376],[-96.82717,44.54376],[-96.8274,44.52916],[-96.8675,44.52927],[-96.86768,44.5438],[-96.96889,44.54354],[-96.96888,44.52825],[-97.01701,44.5281],[-97.01712,44.52087],[-97.02265,44.5209],[-97.02255,44.52825],[-97.02741,44.52837],[-97.02732,44.52096],[-97.03751,44.52104],[-97.03763,44.52837],[-97.04773,44.52838],[-97.04762,44.54354],[-97.06689,44.54205],[-97.06772,44.60097]]]}},{"type":"Feature","id":"57701","properties":{"zip":"57701","pop":null,"city":"Rapid City","county":"Pennington","state":"South Dakota","area":37.49,"lat":44.12056,"lon":-103.20581},"geometry":{"type":"Polygon","coordinates":[[[-103.27195,44.20705],[-103.26915,44.21313],[-103.23164,44.21312],[-103.23163,44.18366],[-103.21151,44.18393],[-103.21149,44.16851],[-103.12213,44.16885],[-103.12222,44.16554],[-103.12645,44.16366],[-103.1285,44.16529],[-103.12674,44.16348],[-103.12914,44.16192],[-103.11868,44.153],[-103.11416,44.14081],[-103.11577,44.14081],[-103.11552,44.13485],[-103.11927,44.13105],[-103.11529,44.13107],[-103.11694,44.1299],[-103.11379,44.12558],[-103.11609,44.12559],[-103.11606,44.11926],[-103.1203,44.11927],[-103.11606,44.11833],[-103.11597,44.11597],[-103.12484,44.11109],[-103.13108,44.11109],[-103.13113,44.11834],[-103.1413,44.11835],[-103.14135,44.11112],[-103.15131,44.11115],[-103.15132,44.10064],[-103.17952,44.09973],[-103.18058,44.09557],[-103.17831,44.09551],[-103.18184,44.09194],[-103.19169,44.08759],[-103.19171,44.08136],[-103.18649,44.07921],[-103.19169,44.07837],[-103.1917,44.07472],[-103.18772,44.07574],[-103.18657,44.0744],[-103.1866,44.0694],[-103.1917,44.0694],[-103.18689,44.03841],[-103.19718,44.03803],[-103.20716,44.03161],[-103.22504,44.03102],[-103.24719,44.01832],[-103.25056,44.01857],[-103.24962,44.02401],[-103.25791,44.0239],[-103.26623,44.02969],[-103.26601,44.03997],[-103.26296,44.03958],[-103.26415,44.04214],[-103.25899,44.04228],[-103.25695,44.04415],[-103.24608,44.04375],[-103.24483,44.05177],[-103.25216,44.05269],[-103.25215,44.06039],[-103.25006,44.06038],[-103.24871,44.06351],[-103.25075,44.0714],[-103.24541,44.07615],[-103.24572,44.08423],[-103.23782,44.0844],[-103.23745,44.08584],[-103.25195,44.08439],[-103.25095,44.09641],[-103.24726,44.1013],[-103.24709,44.10622],[-103.25158,44.10708],[-103.24703,44.10672],[-103.2472,44.12216],[-103.25178,44.12217],[-103.25177,44.12562],[-103.27181,44.12576],[-103.27197,44.14102],[-103.22976,44.14087],[-103.23125,44.14748],[-103.24071,44.1475],[-103.24174,44.15082],[-103.24341,44.1489],[-103.24754,44.15087],[-103.24935,44.14679],[-103.25123,44.14684],[-103.25077,44.14839],[-103.25461,44.14809],[-103.25525,44.1836],[-103.27198,44.18346],[-103.27195,44.20705]]]}},{"type":"Feature","id":"57563","properties":{"zip":"57563","pop":null,"city":"Okreek","county":"Todd","state":"South Dakota","area":21.59,"lat":43.3604,"lon":-100.40162},"geometry":{"type":"Polygon","coordinates":[[[-100.47179,43.39017],[-100.3136,43.39009],[-100.31325,43.37233],[-100.33256,43.36329],[-100.33662,43.35115],[-100.34331,43.34583],[-100.38215,43.3402],[-100.38191,43.31758],[-100.43717,43.31777],[-100.44035,43.31907],[-100.42939,43.33366],[-100.47013,43.32758],[-100.46555,43.3329],[-100.46433,43.3392],[-100.46843,43.34766],[-100.46665,43.36003],[-100.47166,43.36558],[-100.47179,43.39017]]]}},{"type":"Feature","id":"57020","properties":{"zip":"57020","pop":null,"city":"Crooks","county":"Minnehaha","state":"South Dakota","area":12.93,"lat":43.67797,"lon":-96.82661},"geometry":{"type":"Polygon","coordinates":[[[-96.87116,43.71764],[-96.86795,43.71764],[-96.86302,43.71201],[-96.85307,43.70814],[-96.85069,43.7064],[-96.85018,43.70299],[-96.83115,43.70309],[-96.83122,43.71761],[-96.81123,43.71762],[-96.81122,43.70315],[-96.78154,43.70321],[-96.78121,43.66679],[-96.77809,43.65978],[-96.79127,43.65979],[-96.79131,43.64531],[-96.79805,43.64527],[-96.80211,43.65235],[-96.81129,43.65218],[-96.81121,43.64522],[-96.871,43.64518],[-96.87103,43.67422],[-96.85114,43.67416],[-96.85113,43.68864],[-96.87106,43.68868],[-96.87116,43.71764]]]}},{"type":"Feature","id":"57261","properties":{"zip":"57261","pop":null,"city":"","county":"Day","state":"South Dakota","area":53.44,"lat":45.54051,"lon":-97.49409},"geometry":{"type":"Polygon","coordinates":[[[-97.63162,45.50423],[-97.63147,45.52934],[-97.61068,45.52924],[-97.6102,45.57312],[-97.62212,45.57291],[-97.62554,45.57442],[-97.62543,45.58037],[-97.61009,45.5804],[-97.61016,45.58775],[-97.37337,45.58763],[-97.36005,45.54414],[-97.38628,45.54404],[-97.38634,45.5296],[-97.3661,45.52967],[-97.36577,45.51516],[-97.40915,45.515],[-97.40898,45.5125],[-97.40686,45.51196],[-97.40688,45.48617],[-97.42732,45.48616],[-97.42725,45.47876],[-97.4799,45.47857],[-97.48003,45.48592],[-97.48932,45.4858],[-97.48931,45.49276],[-97.49715,45.49279],[-97.49707,45.50028],[-97.63168,45.50034],[-97.63162,45.50423]]]}},{"type":"Feature","id":"57038","properties":{"zip":"57038","pop":null,"city":"","county":"Union","state":"South Dakota","area":39.02,"lat":42.57929,"lon":-96.57968},"geometry":{"type":"Polygon","coordinates":[[[-96.66502,42.60531],[-96.64545,42.6053],[-96.64548,42.61979],[-96.60611,42.6197],[-96.60609,42.63416],[-96.60122,42.63413],[-96.58656,42.62383],[-96.58654,42.6341],[-96.567,42.63416],[-96.567,42.64941],[-96.53827,42.64902],[-96.53788,42.64645],[-96.5337,42.64354],[-96.52641,42.64121],[-96.52399,42.63456],[-96.52116,42.63441],[-96.51535,42.62765],[-96.51853,42.62017],[-96.5309,42.61713],[-96.52989,42.61043],[-96.52567,42.60931],[-96.51704,42.61595],[-96.50947,42.61273],[-96.50018,42.59411],[-96.50104,42.58925],[-96.49234,42.58781],[-96.49149,42.5861],[-96.49557,42.58272],[-96.495,42.57885],[-96.48661,42.57606],[-96.48594,42.57352],[-96.499,42.56083],[-96.54726,42.56106],[-96.54879,42.52055],[-96.5679,42.51788],[-96.59112,42.50541],[-96.60888,42.50522],[-96.62596,42.51358],[-96.62818,42.51696],[-96.63288,42.52899],[-96.63533,42.54764],[-96.64359,42.5576],[-96.65017,42.56194],[-96.64527,42.56191],[-96.64527,42.56378],[-96.65217,42.56807],[-96.65271,42.57472],[-96.65977,42.58259],[-96.6603,42.58703],[-96.66468,42.58942],[-96.66502,42.60531]]]}},{"type":"Feature","id":"57348","properties":{"zip":"57348","pop":null,"city":"","county":"Beadle","state":"South Dakota","area":192.57,"lat":44.62147,"lon":-98.36483},"geometry":{"type":"Polygon","coordinates":[[[-98.68616,44.64858],[-98.66588,44.6492],[-98.64659,44.6472],[-98.64644,44.64062],[-98.65091,44.64074],[-98.65036,44.63916],[-98.648,44.63983],[-98.64615,44.63389],[-98.54427,44.63344],[-98.54434,44.64792],[-98.50545,44.64779],[-98.50526,44.69119],[-98.44306,44.69091],[-98.44288,44.71985],[-98.42267,44.7198],[-98.42271,44.73416],[-98.40241,44.73421],[-98.40247,44.74866],[-98.36197,44.74853],[-98.36185,44.73404],[-98.34149,44.734],[-98.34155,44.74851],[-98.30171,44.74837],[-98.30166,44.71952],[-98.22062,44.71943],[-98.22063,44.70491],[-98.18039,44.70482],[-98.18037,44.67587],[-98.16007,44.67575],[-98.16004,44.69026],[-98.1194,44.68996],[-98.11936,44.61763],[-98.15994,44.61778],[-98.15988,44.60325],[-98.16988,44.6032],[-98.16981,44.58882],[-98.18005,44.58886],[-98.17996,44.55987],[-98.20012,44.55992],[-98.19744,44.56242],[-98.20061,44.56507],[-98.20611,44.5653],[-98.20588,44.56658],[-98.21166,44.5675],[-98.21326,44.56947],[-98.22038,44.56972],[-98.2204,44.54562],[-98.25474,44.54572],[-98.25496,44.50123],[-98.33623,44.50108],[-98.33624,44.51559],[-98.37707,44.51561],[-98.37702,44.53008],[-98.41769,44.53034],[-98.41778,44.51578],[-98.47857,44.51554],[-98.47886,44.5463],[-98.58439,44.54674],[-98.58444,44.57569],[-98.62507,44.57595],[-98.62529,44.6049],[-98.64564,44.60505],[-98.64567,44.61956],[-98.66595,44.61966],[-98.66585,44.63398],[-98.68616,44.63406],[-98.68616,44.64858]]]}},{"type":"Feature","id":"57258","properties":{"zip":"57258","pop":null,"city":"","county":"Clark","state":"South Dakota","area":84.32,"lat":44.88433,"lon":-97.92459},"geometry":{"type":"Polygon","coordinates":[[[-98.01766,44.77671],[-97.99729,44.77678],[-97.99717,44.79125],[-97.9868,44.7912],[-97.98683,44.79536],[-97.97691,44.79534],[-97.97709,44.82015],[-97.99745,44.82021],[-97.99744,44.89235],[-97.98282,44.8923],[-97.98238,45.02281],[-97.94274,45.0227],[-97.94261,45.03717],[-97.86137,45.03658],[-97.86089,44.97872],[-97.88119,44.97881],[-97.88139,44.96443],[-97.90152,44.96454],[-97.90144,44.93562],[-97.86108,44.9354],[-97.86044,44.89208],[-97.85606,44.89209],[-97.85623,44.74702],[-97.93738,44.7475],[-97.93748,44.76203],[-97.95772,44.76206],[-97.95778,44.74756],[-97.97694,44.74762],[-97.9771,44.76944],[-97.98757,44.76944],[-97.98756,44.76221],[-98.01789,44.76218],[-98.01766,44.77671]]]}},{"type":"Feature","id":"57522","properties":{"zip":"57522","pop":null,"city":"","county":"Hughes","state":"South Dakota","area":123.5,"lat":44.51013,"lon":-99.96351},"geometry":{"type":"Polygon","coordinates":[[[-100.14952,44.54832],[-100.02959,44.54832],[-100.03618,44.57303],[-100.03287,44.62072],[-99.87919,44.62095],[-99.87893,44.62829],[-99.85855,44.62821],[-99.8586,44.5919],[-99.81798,44.59173],[-99.81806,44.57731],[-99.77752,44.57714],[-99.77757,44.56267],[-99.80031,44.56266],[-99.80021,44.55541],[-99.78084,44.55541],[-99.77759,44.55742],[-99.77761,44.54814],[-99.82535,44.54826],[-99.82543,44.52704],[-99.83534,44.52704],[-99.83534,44.52509],[-99.83718,44.52515],[-99.83692,44.51691],[-99.84594,44.51637],[-99.84569,44.48354],[-99.90689,44.48368],[-99.90634,44.38875],[-99.89613,44.38891],[-99.89598,44.38464],[-99.86587,44.3753],[-99.86591,44.36756],[-100.00733,44.36758],[-100.00733,44.39739],[-100.02812,44.39672],[-100.02813,44.42115],[-100.04773,44.42695],[-100.04768,44.48455],[-100.12836,44.48938],[-100.12838,44.48166],[-100.13828,44.48226],[-100.13824,44.4899],[-100.14966,44.49051],[-100.14952,44.54832]]]}},{"type":"Feature","id":"57436","properties":{"zip":"57436","pop":null,"city":"","county":"Spink","state":"South Dakota","area":134.09,"lat":44.8487,"lon":-98.09129},"geometry":{"type":"Polygon","coordinates":[[[-98.21634,44.89693],[-98.213,44.89722],[-98.21244,44.90198],[-98.21478,44.90288],[-98.21396,44.90511],[-98.21575,44.90656],[-98.2148,44.90906],[-98.21081,44.91072],[-98.21318,44.91172],[-98.21153,44.91389],[-98.21531,44.9165],[-98.21405,44.92002],[-98.21699,44.92119],[-98.21591,44.92323],[-98.20717,44.92314],[-98.20729,45.01015],[-98.18691,45.00948],[-98.18688,44.98091],[-98.02372,44.97944],[-98.02331,44.99397],[-98.00296,44.99388],[-98.00331,44.9358],[-97.98283,44.93579],[-97.98282,44.8923],[-97.99744,44.89235],[-97.99745,44.82021],[-97.97709,44.82015],[-97.97691,44.79534],[-97.98683,44.79536],[-97.9868,44.7912],[-97.99717,44.79125],[-97.99729,44.77678],[-98.01766,44.77671],[-98.01789,44.76218],[-97.98756,44.76221],[-97.98757,44.76944],[-97.9771,44.76944],[-97.97718,44.70413],[-98.01778,44.70421],[-98.01776,44.71874],[-98.03806,44.71879],[-98.03811,44.70425],[-98.07868,44.70437],[-98.07876,44.68997],[-98.1194,44.68996],[-98.13968,44.69014],[-98.13969,44.70462],[-98.16004,44.70474],[-98.16007,44.80607],[-98.20074,44.80611],[-98.20071,44.82075],[-98.18026,44.82066],[-98.18021,44.83522],[-98.2007,44.83525],[-98.20072,44.89403],[-98.21787,44.8941],[-98.21634,44.89693]]]}},{"type":"Feature","id":"57380","properties":{"zip":"57380","pop":null,"city":"","county":"Charles Mix","state":"South Dakota","area":207.22,"lat":43.03397,"lon":-98.28913},"geometry":{"type":"Polygon","coordinates":[[[-98.54617,43.05285],[-98.51517,43.05286],[-98.51526,43.05774],[-98.48704,43.05823],[-98.48658,43.04157],[-98.47081,43.04067],[-98.46684,43.03812],[-98.46706,42.99517],[-98.46467,42.99512],[-98.46464,42.9932],[-98.45466,42.99332],[-98.4546,42.98964],[-98.45105,42.9897],[-98.4447,42.98259],[-98.44027,42.98259],[-98.43932,42.97891],[-98.42493,42.979],[-98.42512,42.99354],[-98.42729,42.99494],[-98.40747,42.99492],[-98.40717,43.05858],[-98.38751,43.05871],[-98.38732,43.08197],[-98.42701,43.08206],[-98.42694,43.09658],[-98.40725,43.09649],[-98.40702,43.11105],[-98.3871,43.11108],[-98.38706,43.21269],[-98.36732,43.21268],[-98.36737,43.18367],[-98.30765,43.18353],[-98.30755,43.19803],[-98.26782,43.1979],[-98.26783,43.21244],[-98.22791,43.21259],[-98.22799,43.19796],[-98.20844,43.1977],[-98.2075,43.12513],[-98.18768,43.12531],[-98.18776,43.1398],[-98.13807,43.14033],[-98.13809,43.13303],[-98.12816,43.13305],[-98.12819,43.14048],[-98.10843,43.14072],[-98.10949,43.19684],[-98.06904,43.18489],[-98.07711,43.16833],[-98.08982,43.15254],[-98.09282,43.11907],[-98.09576,43.11502],[-98.103,43.11268],[-98.10524,43.10925],[-98.1033,43.10546],[-98.10776,43.10198],[-98.10654,43.09413],[-98.10953,43.08748],[-98.10813,43.08768],[-98.10641,43.08338],[-98.12789,43.08241],[-98.12792,43.07525],[-98.14758,43.0752],[-98.14761,43.06819],[-98.16739,43.06839],[-98.16749,43.05782],[-98.1873,43.05781],[-98.18736,43.04661],[-98.19239,43.04672],[-98.19234,43.03442],[-98.19641,43.03437],[-98.19631,43.02345],[-98.2062,43.02332],[-98.20599,43.00875],[-98.21123,43.00871],[-98.21071,43.00506],[-98.20596,43.00512],[-98.20584,42.99424],[-98.1859,42.99444],[-98.1856,42.97513],[-98.1882,42.96721],[-98.20783,42.96729],[-98.20794,42.95661],[-98.20937,42.9561],[-98.20937,42.95272],[-98.1882,42.95291],[-98.18953,42.94907],[-98.18908,42.91447],[-98.18865,42.91086],[-98.18623,42.90866],[-98.18824,42.90855],[-98.18792,42.89742],[-98.20275,42.89744],[-98.20297,42.90835],[-98.20996,42.90825],[-98.21069,42.89258],[-98.17024,42.89092],[-98.17055,42.90866],[-98.1509,42.90888],[-98.15076,42.89434],[-98.14527,42.88611],[-98.14464,42.88134],[-98.14671,42.8598],[-98.14044,42.86088],[-98.1382,42.85889],[-98.13895,42.85628],[-98.1425,42.85626],[-98.14247,42.85439],[-98.14542,42.85384],[-98.14772,42.84952],[-98.15092,42.85338],[-98.15416,42.8519],[-98.15406,42.85501],[-98.16295,42.84982],[-98.15416,42.84691],[-98.15308,42.83907],[-98.17111,42.83711],[-98.18976,42.84163],[-98.21983,42.85316],[-98.25181,42.87282],[-98.28001,42.875],[-98.32586,42.8865],[-98.33242,42.8905],[-98.33799,42.89776],[-98.34623,42.90275],[-98.42074,42.93192],[-98.43093,42.9315],[-98.43729,42.92839],[-98.44415,42.92924],[-98.44831,42.93643],[-98.46736,42.94756],[-98.49048,42.97795],[-98.49575,42.98803],[-98.49906,43.00594],[-98.51125,43.02532],[-98.52487,43.03935],[-98.54617,43.05285]]]}},{"type":"Feature","id":"57787","properties":{"zip":"57787","pop":null,"city":"","county":"Meade","state":"South Dakota","area":447.0,"lat":44.66425,"lon":-102.66107},"geometry":{"type":"Polygon","coordinates":[[[-102.96538,44.51814],[-102.96365,44.69061],[-102.95865,44.69062],[-102.95868,44.81902],[-102.71985,44.81973],[-102.71258,44.82114],[-102.70768,44.81965],[-102.59499,44.81991],[-102.59452,44.79157],[-102.45133,44.79141],[-102.45141,44.82024],[-102.26853,44.82016],[-102.26848,44.7912],[-102.22833,44.7912],[-102.22665,44.78704],[-102.21635,44.78165],[-102.21525,44.77801],[-102.20541,44.76872],[-102.20517,44.76147],[-102.20283,44.75973],[-102.20403,44.74842],[-102.20253,44.74688],[-102.19899,44.74896],[-102.1955,44.74796],[-102.19714,44.74471],[-102.19479,44.7401],[-102.19708,44.73119],[-102.19485,44.72712],[-102.19754,44.71664],[-102.19816,44.69012],[-102.22206,44.68892],[-102.22209,44.66192],[-102.26517,44.66212],[-102.27191,44.65863],[-102.2816,44.65857],[-102.28194,44.68762],[-102.28846,44.6939],[-102.28878,44.70442],[-102.3484,44.70445],[-102.34829,44.69007],[-102.483,44.69043],[-102.48262,44.656],[-102.49192,44.66283],[-102.56316,44.66236],[-102.56234,44.39599],[-102.55663,44.38836],[-102.56064,44.3812],[-102.564,44.37931],[-102.55874,44.37422],[-102.55932,44.3719],[-102.56922,44.37307],[-102.58052,44.38202],[-102.58466,44.38774],[-102.58925,44.38994],[-102.59222,44.39731],[-102.60152,44.39943],[-102.60195,44.41532],[-102.62195,44.41647],[-102.62278,44.44489],[-102.63723,44.44327],[-102.64755,44.44501],[-102.71902,44.44497],[-102.72266,44.44708],[-102.72398,44.45945],[-102.79475,44.45949],[-102.81375,44.46253],[-102.8152,44.47867],[-102.82376,44.48767],[-102.82399,44.51772],[-102.96538,44.51814]]]}},{"type":"Feature","id":"57737","properties":{"zip":"57737","pop":null,"city":"","county":"Meade","state":"South Dakota","area":43.46,"lat":44.55622,"lon":-102.52098},"geometry":{"type":"Polygon","coordinates":[[[-102.56316,44.66236],[-102.49192,44.66283],[-102.48262,44.656],[-102.48177,44.57596],[-102.46957,44.57677],[-102.46276,44.58074],[-102.4625,44.53789],[-102.46562,44.53574],[-102.47862,44.53537],[-102.48042,44.53441],[-102.48022,44.52886],[-102.48659,44.52887],[-102.48294,44.52662],[-102.4817,44.51696],[-102.48158,44.50391],[-102.48423,44.48831],[-102.48175,44.48574],[-102.48175,44.47245],[-102.4846,44.46941],[-102.49035,44.46922],[-102.49108,44.46585],[-102.49541,44.46504],[-102.50172,44.45841],[-102.50305,44.45296],[-102.50181,44.44513],[-102.56237,44.44509],[-102.56316,44.66236]]]}},{"type":"Feature","id":"57476","properties":{"zip":"57476","pop":null,"city":"","county":"Spink","state":"South Dakota","area":111.55,"lat":44.71277,"lon":-98.62131},"geometry":{"type":"Polygon","coordinates":[[[-98.86663,44.72196],[-98.82586,44.72206],[-98.82583,44.73658],[-98.787,44.73627],[-98.78689,44.76521],[-98.74619,44.76484],[-98.7462,44.75045],[-98.72591,44.75037],[-98.72587,44.7358],[-98.70551,44.73559],[-98.70546,44.76458],[-98.62533,44.76418],[-98.62525,44.79317],[-98.61395,44.79295],[-98.60865,44.79498],[-98.60411,44.79308],[-98.56454,44.79264],[-98.56438,44.80717],[-98.52384,44.80707],[-98.52318,44.79308],[-98.50359,44.79242],[-98.50366,44.78081],[-98.50086,44.77525],[-98.49953,44.7779],[-98.44321,44.7777],[-98.44309,44.74867],[-98.42275,44.74858],[-98.42267,44.7198],[-98.44288,44.71985],[-98.44306,44.69091],[-98.50526,44.69119],[-98.50545,44.64779],[-98.54434,44.64792],[-98.54427,44.63344],[-98.5847,44.63354],[-98.64615,44.63389],[-98.648,44.63983],[-98.65036,44.63916],[-98.65091,44.64074],[-98.64644,44.64062],[-98.64659,44.6472],[-98.66588,44.6492],[-98.68616,44.64858],[-98.68616,44.63406],[-98.70576,44.63416],[-98.70574,44.62334],[-98.72379,44.63427],[-98.73824,44.63434],[-98.74582,44.64197],[-98.77571,44.64267],[-98.77634,44.70701],[-98.78701,44.70712],[-98.78714,44.67811],[-98.80738,44.6783],[-98.80768,44.70703],[-98.86654,44.70736],[-98.86663,44.72196]]]}},{"type":"Feature","id":"57260","properties":{"zip":"57260","pop":null,"city":"","county":"Roberts","state":"South Dakota","area":120.36,"lat":45.83619,"lon":-96.71722},"geometry":{"type":"Polygon","coordinates":[[[-96.86554,45.89796],[-96.84397,45.93548],[-96.56367,45.93524],[-96.564,45.91956],[-96.56886,45.91709],[-96.57019,45.91204],[-96.56442,45.90942],[-96.56831,45.9029],[-96.56877,45.88807],[-96.57135,45.88667],[-96.57187,45.87185],[-96.57467,45.86682],[-96.57298,45.8616],[-96.57452,45.8431],[-96.58308,45.82002],[-96.5967,45.8118],[-96.61251,45.79444],[-96.62778,45.78624],[-96.63873,45.77017],[-96.64194,45.75987],[-96.65223,45.74681],[-96.66259,45.73868],[-96.67266,45.73234],[-96.71116,45.71756],[-96.74509,45.70158],[-96.75035,45.69878],[-96.76087,45.68752],[-96.82672,45.65368],[-96.83084,45.65642],[-96.81233,45.66656],[-96.80646,45.67328],[-96.79909,45.67811],[-96.77728,45.6909],[-96.77343,45.6907],[-96.77693,45.69293],[-96.79208,45.68308],[-96.79207,45.73225],[-96.8129,45.73222],[-96.81309,45.78925],[-96.81498,45.78813],[-96.83372,45.79069],[-96.83369,45.80529],[-96.81858,45.80536],[-96.81947,45.81201],[-96.82886,45.81201],[-96.82887,45.81981],[-96.83398,45.81969],[-96.83406,45.82713],[-96.82925,45.82714],[-96.82885,45.82357],[-96.81846,45.82358],[-96.82116,45.83396],[-96.82583,45.84059],[-96.82541,45.8442],[-96.82698,45.84369],[-96.82606,45.84879],[-96.83429,45.84873],[-96.83425,45.86342],[-96.85489,45.86348],[-96.85488,45.87806],[-96.86557,45.87803],[-96.86554,45.89796]]]}},{"type":"Feature","id":"57630","properties":{"zip":"57630","pop":null,"city":"","county":"Dewey","state":"South Dakota","area":77.33,"lat":45.36359,"lon":-100.89186},"geometry":{"type":"Polygon","coordinates":[[[-101.01683,45.38583],[-100.97715,45.38559],[-100.97716,45.47187],[-100.89517,45.47191],[-100.89508,45.44365],[-100.87445,45.4437],[-100.87443,45.4292],[-100.85381,45.42917],[-100.85335,45.38582],[-100.75073,45.38463],[-100.74933,45.29954],[-100.85125,45.29971],[-100.85186,45.28532],[-100.96803,45.28468],[-100.98025,45.29552],[-100.98647,45.3125],[-100.99679,45.32324],[-100.99609,45.34175],[-101.00499,45.34255],[-101.00641,45.34907],[-101.0163,45.351],[-101.01683,45.38583]]]}},{"type":"Feature","id":"57043","properties":{"zip":"57043","pop":null,"city":"","county":"Turner","state":"South Dakota","area":83.19,"lat":43.41956,"lon":-97.30882},"geometry":{"type":"Polygon","coordinates":[[[-97.44088,43.44403],[-97.41176,43.44408],[-97.41083,43.4413],[-97.40857,43.44106],[-97.40105,43.44416],[-97.40118,43.45866],[-97.37992,43.45856],[-97.37999,43.473],[-97.3597,43.47307],[-97.3598,43.49977],[-97.34834,43.49977],[-97.34783,43.54346],[-97.28798,43.54348],[-97.28821,43.52881],[-97.24808,43.52877],[-97.24823,43.52183],[-97.25846,43.52185],[-97.2585,43.51072],[-97.24857,43.51071],[-97.249,43.49977],[-97.24166,43.49977],[-97.2414,43.488],[-97.2217,43.48808],[-97.22137,43.45928],[-97.20148,43.45925],[-97.20143,43.44478],[-97.19122,43.44476],[-97.19128,43.43758],[-97.20135,43.43758],[-97.20134,43.43578],[-97.1913,43.43578],[-97.19134,43.43036],[-97.22129,43.42935],[-97.20797,43.42271],[-97.20873,43.42123],[-97.20647,43.42016],[-97.20522,43.41684],[-97.20626,43.40123],[-97.26086,43.40101],[-97.26055,43.34324],[-97.28013,43.34316],[-97.27995,43.32114],[-97.27984,43.31421],[-97.26026,43.31333],[-97.25992,43.28513],[-97.2631,43.28525],[-97.26309,43.28906],[-97.26945,43.28906],[-97.26947,43.28519],[-97.27967,43.28529],[-97.27963,43.27293],[-97.28438,43.2725],[-97.28435,43.27081],[-97.30929,43.27074],[-97.30912,43.26327],[-97.31337,43.26325],[-97.31345,43.25609],[-97.33887,43.25625],[-97.33921,43.29946],[-97.31959,43.29954],[-97.3196,43.31401],[-97.33936,43.31394],[-97.33949,43.32832],[-97.31981,43.32842],[-97.31982,43.35754],[-97.37922,43.35741],[-97.37932,43.38628],[-97.40085,43.38626],[-97.40089,43.40084],[-97.42084,43.40086],[-97.42092,43.4296],[-97.44075,43.42952],[-97.44088,43.44403]]]}},{"type":"Feature","id":"57036","properties":{"zip":"57036","pop":null,"city":"","county":"Turner","state":"South Dakota","area":67.69,"lat":43.27065,"lon":-97.14381},"geometry":{"type":"Polygon","coordinates":[[[-97.31337,43.26325],[-97.30912,43.26327],[-97.30929,43.27074],[-97.28435,43.27081],[-97.28438,43.2725],[-97.27963,43.27293],[-97.27967,43.28529],[-97.26947,43.28519],[-97.26945,43.28906],[-97.26309,43.28906],[-97.2631,43.28525],[-97.25992,43.28513],[-97.25969,43.29965],[-97.20103,43.29992],[-97.20108,43.31422],[-97.16137,43.31462],[-97.16135,43.30016],[-97.14188,43.30035],[-97.14202,43.31503],[-97.12211,43.31511],[-97.12211,43.32952],[-97.08218,43.32951],[-97.08224,43.34401],[-97.02383,43.34429],[-97.0248,43.32984],[-96.98458,43.32979],[-96.98431,43.31499],[-97.01398,43.31659],[-97.014,43.31257],[-97.02432,43.31257],[-97.02419,43.28695],[-97.00388,43.28687],[-97.00389,43.27227],[-97.02399,43.27206],[-97.02323,43.2429],[-97.04246,43.24285],[-97.04237,43.22835],[-97.08186,43.2283],[-97.08177,43.21384],[-97.09044,43.21385],[-97.08427,43.21573],[-97.08799,43.22017],[-97.0957,43.21986],[-97.09589,43.21796],[-97.10143,43.2187],[-97.10164,43.2139],[-97.16088,43.21334],[-97.16102,43.22783],[-97.18124,43.22813],[-97.18101,43.21356],[-97.24152,43.21386],[-97.24086,43.22102],[-97.26152,43.21086],[-97.26042,43.22677],[-97.29902,43.22743],[-97.29918,43.24193],[-97.30887,43.24202],[-97.309,43.25614],[-97.31345,43.25609],[-97.31337,43.26325]]]}},{"type":"Feature","id":"57577","properties":{"zip":"57577","pop":null,"city":"","county":"Jackson","state":"South Dakota","area":158.77,"lat":43.52355,"lon":-101.66016},"geometry":{"type":"Polygon","coordinates":[[[-101.88051,43.60656],[-101.5415,43.60655],[-101.54121,43.58655],[-101.54315,43.58367],[-101.54171,43.5779],[-101.52092,43.57788],[-101.52007,43.58869],[-101.50485,43.60653],[-101.38414,43.60648],[-101.37998,43.6023],[-101.37886,43.59276],[-101.37131,43.5924],[-101.36991,43.58748],[-101.36135,43.58523],[-101.35918,43.58073],[-101.36105,43.57432],[-101.35981,43.57145],[-101.361,43.52755],[-101.36638,43.52284],[-101.3808,43.51977],[-101.54149,43.5199],[-101.54166,43.54883],[-101.62169,43.54883],[-101.62117,43.52134],[-101.66162,43.51977],[-101.66141,43.50286],[-101.65536,43.4923],[-101.65326,43.48154],[-101.64909,43.47396],[-101.63536,43.47449],[-101.63398,43.46894],[-101.6313,43.46731],[-101.63399,43.46399],[-101.63262,43.44717],[-101.6297,43.44466],[-101.63839,43.44281],[-101.64429,43.4445],[-101.65382,43.44318],[-101.66007,43.43843],[-101.66556,43.43038],[-101.66127,43.41662],[-101.65362,43.41023],[-101.65784,43.39588],[-101.66116,43.3925],[-101.6591,43.38881],[-101.72049,43.38906],[-101.72056,43.3801],[-101.70235,43.36789],[-101.70327,43.352],[-101.71684,43.353],[-101.71698,43.34975],[-101.72046,43.34701],[-101.72035,43.32489],[-101.72186,43.32654],[-101.73525,43.32569],[-101.74052,43.32831],[-101.74514,43.32702],[-101.75325,43.33144],[-101.75418,43.38901],[-101.78193,43.38918],[-101.77216,43.39708],[-101.7721,43.40319],[-101.78997,43.4094],[-101.79234,43.41823],[-101.79176,43.43265],[-101.79784,43.43596],[-101.80759,43.4522],[-101.80762,43.45594],[-101.80406,43.4614],[-101.80778,43.46492],[-101.80752,43.475],[-101.80574,43.47633],[-101.81403,43.48044],[-101.81305,43.48387],[-101.81522,43.4862],[-101.81109,43.48932],[-101.81649,43.50299],[-101.82277,43.50464],[-101.83264,43.5119],[-101.83648,43.52398],[-101.84079,43.52716],[-101.84084,43.53106],[-101.85523,43.53135],[-101.86796,43.53446],[-101.87155,43.53737],[-101.87636,43.53632],[-101.87945,43.53772],[-101.88051,43.60656]]]}},{"type":"Feature","id":"57227","properties":{"zip":"57227","pop":null,"city":"","county":"Roberts","state":"South Dakota","area":31.89,"lat":45.3618,"lon":-96.72102},"geometry":{"type":"Polygon","coordinates":[[[-96.84236,45.32609],[-96.8218,45.32611],[-96.82179,45.34059],[-96.84226,45.34058],[-96.8422,45.35504],[-96.82169,45.35508],[-96.82157,45.36955],[-96.80096,45.36963],[-96.80086,45.38409],[-96.69861,45.3843],[-96.69873,45.41329],[-96.68618,45.41315],[-96.68045,45.4105],[-96.66226,45.40901],[-96.64789,45.41013],[-96.61628,45.40766],[-96.61646,45.39323],[-96.59634,45.38094],[-96.5964,45.37008],[-96.6167,45.37003],[-96.6167,45.35557],[-96.63709,45.35556],[-96.63715,45.34102],[-96.71923,45.34079],[-96.71927,45.32631],[-96.7603,45.32623],[-96.76031,45.31186],[-96.7808,45.3119],[-96.78085,45.3262],[-96.79192,45.32525],[-96.79428,45.32156],[-96.79009,45.31816],[-96.79607,45.31789],[-96.80027,45.32057],[-96.80137,45.31187],[-96.84229,45.31172],[-96.84236,45.32609]]]}},{"type":"Feature","id":"57003","properties":{"zip":"57003","pop":null,"city":"","county":"Minnehaha","state":"South Dakota","area":37.02,"lat":43.73705,"lon":-96.75789},"geometry":{"type":"Polygon","coordinates":[[[-96.86795,43.71764],[-96.86114,43.71763],[-96.86113,43.73214],[-96.8512,43.73214],[-96.85136,43.77551],[-96.83131,43.77548],[-96.83132,43.79001],[-96.79115,43.79005],[-96.79118,43.78277],[-96.78139,43.78271],[-96.78144,43.77869],[-96.77116,43.77869],[-96.77116,43.77562],[-96.75108,43.77612],[-96.75128,43.76115],[-96.74621,43.76149],[-96.74627,43.76463],[-96.73628,43.76619],[-96.73043,43.79015],[-96.70988,43.78989],[-96.71138,43.76116],[-96.69119,43.76125],[-96.69109,43.74673],[-96.65115,43.7468],[-96.65117,43.70321],[-96.67124,43.70324],[-96.67116,43.68877],[-96.72864,43.6887],[-96.73036,43.69723],[-96.75131,43.69598],[-96.75131,43.70321],[-96.81122,43.70315],[-96.81123,43.71762],[-96.83122,43.71761],[-96.83115,43.70309],[-96.85018,43.70299],[-96.85069,43.7064],[-96.86302,43.71201],[-96.86795,43.71764]]]}},{"type":"Feature","id":"57059","properties":{"zip":"57059","pop":null,"city":"","county":"Bon Homme","state":"South Dakota","area":108.94,"lat":43.12477,"lon":-97.76347},"geometry":{"type":"Polygon","coordinates":[[[-97.9506,43.11053],[-97.91034,43.1113],[-97.91188,43.15468],[-97.87258,43.15495],[-97.87347,43.19648],[-97.85446,43.19133],[-97.85437,43.18344],[-97.83858,43.18341],[-97.83827,43.18644],[-97.82941,43.18423],[-97.82969,43.19796],[-97.81522,43.19799],[-97.81543,43.21255],[-97.73708,43.21286],[-97.73546,43.2144],[-97.73724,43.21701],[-97.73785,43.24177],[-97.70713,43.24164],[-97.70684,43.23468],[-97.68713,43.23418],[-97.68711,43.23015],[-97.68253,43.23004],[-97.68282,43.22639],[-97.69643,43.22703],[-97.69661,43.19801],[-97.67021,43.19877],[-97.65891,43.19131],[-97.65597,43.18772],[-97.65695,43.18335],[-97.63958,43.18332],[-97.63509,43.1853],[-97.62671,43.17906],[-97.62462,43.17407],[-97.61935,43.17382],[-97.61527,43.17677],[-97.6132,43.17195],[-97.61479,43.16874],[-97.6375,43.16877],[-97.63655,43.06786],[-97.65321,43.06799],[-97.6363,43.05338],[-97.63609,43.03904],[-97.65587,43.0393],[-97.65569,43.02481],[-97.6754,43.02494],[-97.67529,43.01736],[-97.69483,43.01773],[-97.69495,43.02506],[-97.75355,43.02497],[-97.75371,43.06826],[-97.83234,43.0684],[-97.83243,43.0579],[-97.85218,43.05762],[-97.8518,43.06843],[-97.93071,43.06793],[-97.9304,43.08261],[-97.94911,43.08252],[-97.9506,43.11053]]]}},{"type":"Feature","id":"57013","properties":{"zip":"57013","pop":null,"city":"Canton","county":"Lincoln","state":"South Dakota","area":96.63,"lat":43.28591,"lon":-96.62191},"geometry":{"type":"Polygon","coordinates":[[[-96.74717,43.3013],[-96.71715,43.30108],[-96.71732,43.322],[-96.7075,43.31999],[-96.70753,43.34458],[-96.68767,43.34454],[-96.68762,43.35903],[-96.70753,43.35908],[-96.70754,43.36675],[-96.66847,43.36693],[-96.66841,43.37354],[-96.65861,43.3735],[-96.65857,43.38074],[-96.65692,43.38073],[-96.65857,43.38231],[-96.6584,43.38803],[-96.60885,43.38793],[-96.6088,43.40249],[-96.58887,43.40247],[-96.58889,43.40994],[-96.59974,43.40999],[-96.59965,43.43139],[-96.60217,43.43159],[-96.57518,43.43176],[-96.56963,43.42753],[-96.57358,43.41923],[-96.56273,43.41278],[-96.55759,43.40679],[-96.53712,43.39506],[-96.53116,43.39561],[-96.52915,43.39773],[-96.52545,43.39632],[-96.52157,43.38564],[-96.52132,43.37461],[-96.52734,43.36811],[-96.52663,43.35183],[-96.52429,43.34721],[-96.53491,43.33647],[-96.52882,43.31656],[-96.52556,43.31247],[-96.53039,43.30003],[-96.55309,43.29286],[-96.55525,43.2948],[-96.56911,43.29554],[-96.57356,43.29917],[-96.58849,43.29634],[-96.58892,43.29367],[-96.58701,43.29181],[-96.58116,43.29509],[-96.57958,43.29345],[-96.58071,43.28902],[-96.57782,43.27994],[-96.5809,43.2748],[-96.58288,43.27459],[-96.58353,43.27688],[-96.58632,43.27432],[-96.58522,43.26888],[-96.5768,43.26831],[-96.56417,43.26024],[-96.55322,43.25914],[-96.55296,43.24728],[-96.56525,43.24424],[-96.57119,43.23896],[-96.56851,43.23155],[-96.56044,43.22422],[-96.55494,43.22678],[-96.54009,43.2257],[-96.53574,43.22764],[-96.52687,43.22407],[-96.51927,43.21769],[-96.49153,43.22389],[-96.49019,43.18507],[-96.49952,43.18507],[-96.49977,43.19231],[-96.50996,43.19247],[-96.51003,43.21404],[-96.56918,43.21398],[-96.5692,43.19947],[-96.52972,43.19954],[-96.52965,43.17058],[-96.60879,43.17059],[-96.60881,43.185],[-96.62865,43.18505],[-96.62855,43.17061],[-96.69669,43.17072],[-96.69683,43.20693],[-96.70728,43.20691],[-96.70745,43.25767],[-96.74722,43.25777],[-96.74717,43.3013]]]}},{"type":"Feature","id":"57759","properties":{"zip":"57759","pop":null,"city":"","county":"Lawrence","state":"South Dakota","area":38.18,"lat":44.2202,"lon":-103.55381},"geometry":{"type":"Polygon","coordinates":[[[-103.69583,44.26283],[-103.69346,44.26891],[-103.69576,44.27653],[-103.66632,44.27535],[-103.65799,44.27857],[-103.65322,44.2771],[-103.64881,44.27023],[-103.64368,44.26761],[-103.6311,44.26698],[-103.6212,44.26996],[-103.61108,44.2624],[-103.59862,44.26222],[-103.59304,44.26846],[-103.5933,44.27053],[-103.57431,44.27057],[-103.5744,44.25608],[-103.45302,44.25661],[-103.45244,44.19834],[-103.45573,44.19998],[-103.4637,44.19916],[-103.47189,44.2036],[-103.49663,44.20489],[-103.50024,44.20043],[-103.5,44.1966],[-103.5044,44.19586],[-103.4992,44.19458],[-103.50136,44.18556],[-103.49954,44.17985],[-103.49747,44.18031],[-103.49633,44.17686],[-103.49007,44.17524],[-103.49787,44.16996],[-103.51309,44.16408],[-103.51797,44.15726],[-103.51616,44.15559],[-103.51689,44.15318],[-103.52413,44.15442],[-103.53384,44.15291],[-103.54593,44.14527],[-103.55308,44.14536],[-103.5985,44.18634],[-103.63011,44.23314],[-103.63328,44.24173],[-103.63968,44.24106],[-103.64177,44.23696],[-103.64395,44.23677],[-103.65527,44.24482],[-103.65913,44.25579],[-103.65835,44.25775],[-103.66036,44.25896],[-103.67758,44.26167],[-103.69169,44.26004],[-103.69583,44.26283]]]}},{"type":"Feature","id":"57276","properties":{"zip":"57276","pop":null,"city":"","county":"Brookings","state":"South Dakota","area":87.55,"lat":44.43307,"lon":-96.61981},"geometry":{"type":"Polygon","coordinates":[[[-96.75692,44.50681],[-96.75688,44.52853],[-96.68626,44.52846],[-96.68631,44.49953],[-96.64585,44.49932],[-96.64589,44.48484],[-96.63023,44.4841],[-96.62583,44.48479],[-96.6256,44.49926],[-96.60529,44.49944],[-96.6055,44.51387],[-96.56515,44.51382],[-96.56509,44.52831],[-96.54488,44.52827],[-96.54494,44.51504],[-96.53985,44.5133],[-96.53942,44.50764],[-96.5349,44.50695],[-96.53493,44.49366],[-96.54414,44.49116],[-96.54522,44.487],[-96.54991,44.48497],[-96.54858,44.48209],[-96.54501,44.48124],[-96.54513,44.4561],[-96.52529,44.45607],[-96.52488,44.48512],[-96.50475,44.48484],[-96.50459,44.4799],[-96.49986,44.47591],[-96.50477,44.46534],[-96.50522,44.44143],[-96.45192,44.44139],[-96.45201,44.41278],[-96.48867,44.41232],[-96.49057,44.41064],[-96.49054,44.39995],[-96.49491,44.39821],[-96.50604,44.39807],[-96.50626,44.38365],[-96.52638,44.38366],[-96.52606,44.39834],[-96.54623,44.3986],[-96.54648,44.39097],[-96.56643,44.39107],[-96.56667,44.38345],[-96.54646,44.38366],[-96.54674,44.36938],[-96.56688,44.3692],[-96.56709,44.35477],[-96.58724,44.35468],[-96.58728,44.34016],[-96.56709,44.34024],[-96.56723,44.32579],[-96.58747,44.3257],[-96.58753,44.31118],[-96.5978,44.31115],[-96.59793,44.30762],[-96.60769,44.30758],[-96.60772,44.31114],[-96.65678,44.31108],[-96.65685,44.35467],[-96.6466,44.35452],[-96.64654,44.36911],[-96.66675,44.36917],[-96.66667,44.38352],[-96.68687,44.38349],[-96.68677,44.398],[-96.69678,44.39804],[-96.69669,44.40532],[-96.70695,44.40539],[-96.70688,44.41253],[-96.72709,44.41259],[-96.72699,44.44155],[-96.74715,44.44185],[-96.7471,44.44933],[-96.75651,44.44906],[-96.75692,44.50681]]]}},{"type":"Feature","id":"57248","properties":{"zip":"57248","pop":null,"city":"","county":"Hamlin","state":"South Dakota","area":53.86,"lat":44.58064,"lon":-97.19312},"geometry":{"type":"Polygon","coordinates":[[[-97.33063,44.58704],[-97.31035,44.58699],[-97.31014,44.61599],[-97.26947,44.61582],[-97.26932,44.62309],[-97.24916,44.62271],[-97.24925,44.60116],[-97.21928,44.60117],[-97.21902,44.6154],[-97.16855,44.61531],[-97.16864,44.62996],[-97.14816,44.62994],[-97.14852,44.61557],[-97.1281,44.61546],[-97.1277,44.65884],[-97.10777,44.65902],[-97.10795,44.67362],[-97.08739,44.67346],[-97.08741,44.65904],[-97.06782,44.65899],[-97.06776,44.64443],[-97.06275,44.64449],[-97.06009,44.61996],[-97.06772,44.60097],[-97.07044,44.60013],[-97.07404,44.5948],[-97.0733,44.59284],[-97.07939,44.59063],[-97.07861,44.58667],[-97.08917,44.58347],[-97.10138,44.57395],[-97.12275,44.56442],[-97.12817,44.56114],[-97.12889,44.55771],[-97.13784,44.55761],[-97.13819,44.56071],[-97.14807,44.56275],[-97.14815,44.56056],[-97.1515,44.5605],[-97.15149,44.54312],[-97.17869,44.54319],[-97.17835,44.53766],[-97.17497,44.53309],[-97.17611,44.53121],[-97.17143,44.52862],[-97.18922,44.52859],[-97.18892,44.49959],[-97.26964,44.4993],[-97.26976,44.54345],[-97.31015,44.54345],[-97.31029,44.57246],[-97.33063,44.57252],[-97.33063,44.58704]]]}},{"type":"Feature","id":"57321","properties":{"zip":"57321","pop":null,"city":"","county":"Miner","state":"South Dakota","area":78.71,"lat":43.87284,"lon":-97.54861},"geometry":{"type":"Polygon","coordinates":[[[-97.75076,43.85727],[-97.75064,43.86413],[-97.71051,43.86393],[-97.71049,43.87837],[-97.69047,43.87844],[-97.69075,43.92188],[-97.53032,43.92119],[-97.53027,43.93574],[-97.49006,43.93542],[-97.49005,43.92099],[-97.46998,43.92095],[-97.47025,43.93544],[-97.43002,43.93549],[-97.42982,43.92101],[-97.4097,43.92092],[-97.40956,43.90646],[-97.36968,43.90651],[-97.36951,43.86301],[-97.42962,43.86307],[-97.42961,43.84863],[-97.44905,43.8486],[-97.44916,43.80422],[-97.54966,43.80362],[-97.54965,43.81093],[-97.56963,43.81099],[-97.56937,43.84028],[-97.58957,43.84014],[-97.5895,43.849],[-97.60852,43.84906],[-97.60858,43.8402],[-97.61859,43.84009],[-97.61854,43.84915],[-97.64858,43.84923],[-97.64869,43.83286],[-97.68879,43.83294],[-97.68873,43.81382],[-97.7285,43.81628],[-97.72786,43.84958],[-97.75066,43.84971],[-97.75076,43.85727]]]}},{"type":"Feature","id":"57792","properties":{"zip":"57792","pop":null,"city":"","county":"Meade","state":"South Dakota","area":106.58,"lat":44.5956,"lon":-102.36379},"geometry":{"type":"Polygon","coordinates":[[[-102.483,44.69043],[-102.34829,44.69007],[-102.3484,44.70445],[-102.28878,44.70442],[-102.28846,44.6939],[-102.28194,44.68762],[-102.2816,44.65857],[-102.27191,44.65863],[-102.26517,44.66212],[-102.24112,44.66198],[-102.24104,44.51797],[-102.36092,44.51773],[-102.36065,44.45961],[-102.42166,44.45961],[-102.42225,44.51828],[-102.48019,44.51843],[-102.48042,44.53441],[-102.46257,44.5374],[-102.46241,44.5774],[-102.46276,44.58074],[-102.46957,44.57677],[-102.48177,44.57596],[-102.483,44.69043]]]}},{"type":"Feature","id":"57434","properties":{"zip":"57434","pop":null,"city":"","county":"Spink","state":"South Dakota","area":208.8,"lat":45.16668,"lon":-98.07045},"geometry":{"type":"Polygon","coordinates":[[[-98.32079,45.09803],[-98.30943,45.09797],[-98.30942,45.12698],[-98.26827,45.12675],[-98.26776,45.22838],[-98.22662,45.22839],[-98.22762,45.27006],[-98.21598,45.27001],[-98.21607,45.26262],[-98.20701,45.26267],[-98.20698,45.26998],[-98.1659,45.26983],[-98.16582,45.29874],[-98.1453,45.29867],[-98.14513,45.34203],[-98.10406,45.34182],[-98.10431,45.32736],[-98.0962,45.32733],[-98.09575,45.34181],[-98.08358,45.34179],[-98.08357,45.31289],[-98.0631,45.31288],[-98.06308,45.29843],[-97.9604,45.2983],[-97.96072,45.24439],[-97.96456,45.23987],[-97.9643,45.21099],[-97.9031,45.21041],[-97.90357,45.19601],[-97.88261,45.19567],[-97.88212,45.18136],[-97.86206,45.1811],[-97.8616,45.10883],[-97.84095,45.10827],[-97.84055,45.0655],[-97.86144,45.06564],[-97.86137,45.03658],[-97.94261,45.03717],[-97.94274,45.0227],[-98.00253,45.0229],[-98.0025,45.0374],[-98.04378,45.03764],[-98.0436,45.06661],[-98.02309,45.06656],[-98.02286,45.081],[-98.06397,45.08122],[-98.06356,45.11789],[-98.08407,45.11819],[-98.08411,45.12486],[-98.10472,45.12515],[-98.10472,45.11063],[-98.12496,45.11082],[-98.12524,45.09634],[-98.16608,45.09684],[-98.16625,45.08234],[-98.17636,45.08244],[-98.17628,45.06794],[-98.1869,45.06809],[-98.18697,45.05345],[-98.22747,45.05404],[-98.22763,45.06876],[-98.32045,45.06903],[-98.32079,45.09803]]]}},{"type":"Feature","id":"57107","properties":{"zip":"57107","pop":null,"city":"Sioux Falls","county":"Minnehaha","state":"South Dakota","area":33.98,"lat":43.59468,"lon":-96.81968},"geometry":{"type":"Polygon","coordinates":[[[-96.91052,43.57243],[-96.87735,43.57293],[-96.87882,43.5802],[-96.88231,43.58353],[-96.88089,43.58656],[-96.87676,43.5851],[-96.87721,43.58867],[-96.87318,43.5915],[-96.87512,43.59324],[-96.87359,43.59407],[-96.87319,43.60023],[-96.87645,43.60052],[-96.88073,43.60446],[-96.89051,43.60643],[-96.89075,43.60946],[-96.85088,43.60869],[-96.85095,43.61623],[-96.87085,43.6162],[-96.8709,43.62339],[-96.88131,43.62352],[-96.88037,43.6274],[-96.87485,43.62746],[-96.87514,43.63061],[-96.88086,43.63078],[-96.8808,43.63788],[-96.87098,43.63782],[-96.871,43.64518],[-96.81121,43.64522],[-96.81129,43.65218],[-96.80211,43.65235],[-96.79805,43.64527],[-96.79131,43.64531],[-96.79127,43.65979],[-96.77764,43.65978],[-96.77111,43.64533],[-96.75187,43.64522],[-96.75264,43.64029],[-96.74876,43.6397],[-96.74751,43.6275],[-96.75139,43.62375],[-96.74557,43.61589],[-96.74705,43.61374],[-96.74461,43.61236],[-96.74463,43.61011],[-96.74628,43.60562],[-96.74101,43.60566],[-96.74017,43.60084],[-96.74396,43.59835],[-96.74348,43.59256],[-96.76154,43.57609],[-96.76575,43.56965],[-96.7672,43.5584],[-96.7661,43.55166],[-96.77474,43.55164],[-96.77406,43.54839],[-96.76913,43.54766],[-96.77087,43.54393],[-96.79091,43.5439],[-96.7909,43.54696],[-96.80081,43.54697],[-96.80085,43.54389],[-96.91043,43.5435],[-96.91052,43.57243]]]}},{"type":"Feature","id":"57793","properties":{"zip":"57793","pop":null,"city":"","county":"Lawrence","state":"South Dakota","area":108.74,"lat":44.51818,"lon":-103.58107},"geometry":{"type":"Polygon","coordinates":[[[-103.74079,44.47845],[-103.7215,44.4868],[-103.70941,44.48801],[-103.7,44.48695],[-103.67893,44.47978],[-103.67412,44.4882],[-103.65956,44.48911],[-103.66633,44.49259],[-103.67621,44.50655],[-103.70914,44.5347],[-103.7091,44.54519],[-103.70436,44.54124],[-103.69953,44.54041],[-103.70124,44.53551],[-103.69933,44.53212],[-103.68893,44.53209],[-103.68789,44.6045],[-103.58788,44.6043],[-103.58787,44.64052],[-103.58288,44.6405],[-103.58297,44.64228],[-103.56761,44.64234],[-103.56759,44.64088],[-103.56426,44.64334],[-103.56789,44.64769],[-103.54816,44.64774],[-103.54819,44.6333],[-103.48121,44.63362],[-103.48167,44.63204],[-103.47698,44.6268],[-103.48071,44.61765],[-103.48446,44.61694],[-103.48852,44.61973],[-103.4967,44.61863],[-103.50928,44.61175],[-103.50922,44.6093],[-103.51393,44.60608],[-103.51468,44.59759],[-103.51978,44.59022],[-103.46716,44.59024],[-103.46746,44.54657],[-103.47774,44.53901],[-103.48284,44.53222],[-103.45781,44.52238],[-103.44741,44.52194],[-103.44764,44.47348],[-103.43467,44.4614],[-103.44724,44.46016],[-103.44805,44.42289],[-103.44852,44.42436],[-103.45711,44.42303],[-103.45902,44.42101],[-103.46779,44.42165],[-103.48517,44.41383],[-103.48873,44.41383],[-103.4887,44.41652],[-103.4916,44.41648],[-103.49192,44.41873],[-103.49011,44.4253],[-103.49116,44.43005],[-103.48778,44.43422],[-103.48955,44.45337],[-103.48834,44.4599],[-103.50859,44.45989],[-103.5085,44.46766],[-103.51175,44.46814],[-103.51809,44.46682],[-103.51829,44.4648],[-103.52798,44.46249],[-103.52953,44.45978],[-103.53829,44.45812],[-103.54202,44.4552],[-103.5491,44.45566],[-103.55113,44.44907],[-103.54933,44.44572],[-103.54206,44.44057],[-103.53959,44.43089],[-103.55928,44.43478],[-103.56884,44.44157],[-103.56894,44.42732],[-103.5736,44.42878],[-103.5988,44.45039],[-103.59295,44.44528],[-103.60331,44.44528],[-103.58058,44.43],[-103.56906,44.42674],[-103.56898,44.42366],[-103.58077,44.42321],[-103.61202,44.41566],[-103.70929,44.41582],[-103.70934,44.44536],[-103.71786,44.44537],[-103.72287,44.45935],[-103.74079,44.47845]]]}},{"type":"Feature","id":"57224","properties":{"zip":"57224","pop":null,"city":"","county":"Roberts","state":"South Dakota","area":32.99,"lat":45.81336,"lon":-97.15672},"geometry":{"type":"Polygon","coordinates":[[[-97.22813,45.85557],[-97.18608,45.85542],[-97.1861,45.86277],[-97.18466,45.86277],[-97.16556,45.85613],[-97.10903,45.85577],[-97.10907,45.85855],[-97.10378,45.85864],[-97.10376,45.86293],[-97.12419,45.86297],[-97.1243,45.89192],[-97.08402,45.89225],[-97.08429,45.86304],[-97.06316,45.86322],[-97.06284,45.83424],[-97.10361,45.83376],[-97.1035,45.81918],[-97.12423,45.81915],[-97.12358,45.73236],[-97.14421,45.73239],[-97.14451,45.74692],[-97.18595,45.74685],[-97.18621,45.76133],[-97.2063,45.76026],[-97.21241,45.75016],[-97.22749,45.74132],[-97.2278,45.80423],[-97.20786,45.80473],[-97.20712,45.8188],[-97.22793,45.81867],[-97.22813,45.85557]]]}},{"type":"Feature","id":"57754","properties":{"zip":"57754","pop":null,"city":"","county":"Lawrence","state":"South Dakota","area":189.97,"lat":44.26197,"lon":-103.8747},"geometry":{"type":"Polygon","coordinates":[[[-104.05552,44.31603],[-104.00614,44.31579],[-104.00317,44.32471],[-104.00589,44.32838],[-104.00495,44.33176],[-103.99339,44.33251],[-103.98761,44.32863],[-103.98195,44.3312],[-103.97933,44.32933],[-103.97179,44.3304],[-103.9643,44.33826],[-103.96005,44.33751],[-103.95994,44.34051],[-103.95436,44.34417],[-103.94934,44.34333],[-103.94994,44.34608],[-103.94623,44.34774],[-103.94687,44.35053],[-103.94377,44.35008],[-103.94046,44.35287],[-103.93829,44.3527],[-103.93741,44.35027],[-103.93239,44.35103],[-103.93206,44.35533],[-103.92905,44.35866],[-103.9299,44.36313],[-103.92199,44.36827],[-103.91899,44.3736],[-103.91322,44.37503],[-103.91505,44.37858],[-103.91123,44.38276],[-103.91439,44.38778],[-103.84953,44.38813],[-103.85201,44.43085],[-103.71503,44.43053],[-103.71505,44.42107],[-103.71141,44.41949],[-103.71028,44.41583],[-103.69709,44.41579],[-103.69544,44.41435],[-103.69643,44.41286],[-103.70703,44.40904],[-103.71624,44.40302],[-103.72066,44.39778],[-103.7329,44.39623],[-103.74467,44.39805],[-103.74532,44.39591],[-103.74999,44.39479],[-103.75417,44.39678],[-103.75391,44.39413],[-103.75696,44.38963],[-103.7621,44.388],[-103.76262,44.3863],[-103.76024,44.38241],[-103.75128,44.38483],[-103.75143,44.38257],[-103.74691,44.37997],[-103.74092,44.35849],[-103.74299,44.35745],[-103.73858,44.35471],[-103.7401,44.35233],[-103.74616,44.351],[-103.74979,44.35262],[-103.75365,44.34849],[-103.7596,44.34656],[-103.75539,44.34046],[-103.7578,44.33268],[-103.74757,44.32642],[-103.74405,44.31509],[-103.73539,44.30886],[-103.73504,44.30586],[-103.73762,44.30295],[-103.74993,44.29783],[-103.75376,44.29216],[-103.76108,44.28713],[-103.76311,44.2773],[-103.7496,44.27776],[-103.7469,44.27544],[-103.73526,44.27305],[-103.75045,44.27328],[-103.76896,44.27659],[-103.76871,44.24905],[-103.7344,44.24826],[-103.73451,44.22745],[-103.71831,44.2274],[-103.69996,44.22285],[-103.68833,44.22314],[-103.67369,44.22657],[-103.65288,44.20646],[-103.66514,44.20112],[-103.66403,44.19976],[-103.66643,44.19664],[-103.68538,44.19607],[-103.69841,44.19989],[-103.7168,44.1922],[-103.73131,44.19433],[-103.73475,44.19098],[-103.73482,44.18346],[-103.7175,44.18351],[-103.71701,44.1409],[-104.05466,44.14108],[-104.05552,44.31603]]]}},{"type":"Feature","id":"57454","properties":{"zip":"57454","pop":null,"city":"","county":"Marshall","state":"South Dakota","area":108.73,"lat":45.61058,"lon":-97.77286},"geometry":{"type":"Polygon","coordinates":[[[-97.97957,45.61748],[-97.95874,45.6174],[-97.9587,45.63184],[-97.91723,45.63185],[-97.91709,45.68991],[-97.85523,45.68966],[-97.85519,45.6923],[-97.85517,45.67516],[-97.6791,45.67488],[-97.67903,45.66719],[-97.66913,45.66723],[-97.66945,45.65274],[-97.63912,45.65304],[-97.63885,45.66008],[-97.62857,45.66016],[-97.62826,45.66722],[-97.6071,45.66719],[-97.60719,45.66001],[-97.56705,45.66005],[-97.56676,45.6456],[-97.55711,45.64559],[-97.55683,45.62417],[-97.54644,45.62418],[-97.54606,45.61661],[-97.55651,45.61662],[-97.55646,45.60959],[-97.54627,45.60959],[-97.54627,45.60238],[-97.56673,45.60239],[-97.56857,45.59723],[-97.56668,45.59603],[-97.56661,45.58775],[-97.61016,45.58775],[-97.61009,45.5804],[-97.62543,45.58037],[-97.62554,45.57442],[-97.62212,45.57291],[-97.6102,45.57312],[-97.61036,45.55928],[-97.6128,45.55835],[-97.71328,45.55845],[-97.71374,45.54397],[-97.83673,45.54419],[-97.83695,45.52967],[-97.87721,45.52978],[-97.87707,45.5443],[-97.93919,45.54466],[-97.93896,45.55918],[-97.95971,45.55933],[-97.95875,45.60289],[-97.97964,45.60299],[-97.97957,45.61748]]]}},{"type":"Feature","id":"57766","properties":{"zip":"57766","pop":null,"city":"","county":"Fall River","state":"South Dakota","area":103.8,"lat":43.35775,"lon":-103.18248},"geometry":{"type":"Polygon","coordinates":[[[-103.38217,43.3602],[-103.38134,43.36159],[-103.36215,43.36161],[-103.362,43.36926],[-103.35606,43.3779],[-103.35934,43.38315],[-103.36489,43.38714],[-103.36318,43.39894],[-103.35546,43.40063],[-103.34516,43.39896],[-103.3423,43.39142],[-103.34195,43.42227],[-103.3391,43.42082],[-103.34015,43.41985],[-103.33248,43.41961],[-103.33236,43.41595],[-103.3226,43.41557],[-103.32236,43.4049],[-103.30268,43.40512],[-103.30246,43.41943],[-103.29071,43.42001],[-103.28787,43.41836],[-103.27905,43.42146],[-103.26432,43.41424],[-103.26086,43.41704],[-103.25317,43.41679],[-103.2534,43.41009],[-103.25018,43.41244],[-103.24172,43.41204],[-103.24544,43.41448],[-103.24423,43.41704],[-103.2427,43.41663],[-103.24446,43.41858],[-103.24265,43.42192],[-103.24459,43.42392],[-103.24168,43.42466],[-103.24396,43.42608],[-103.2433,43.42825],[-103.23278,43.43755],[-103.21956,43.43877],[-103.20869,43.4489],[-103.19577,43.44427],[-103.1868,43.44364],[-103.18166,43.44912],[-103.17929,43.4595],[-103.17638,43.46082],[-103.16373,43.45699],[-103.14976,43.45768],[-103.14202,43.46542],[-103.13508,43.46641],[-103.12486,43.46254],[-103.1248,43.41914],[-103.16649,43.41839],[-103.17651,43.41253],[-103.18436,43.41045],[-103.18421,43.3965],[-103.15975,43.38289],[-103.15905,43.37597],[-103.1509,43.37591],[-103.14865,43.37422],[-103.1441,43.37597],[-103.14438,43.39038],[-103.00085,43.39058],[-103.0008,43.28701],[-103.01599,43.28825],[-103.02153,43.28491],[-103.02336,43.2813],[-103.02898,43.27885],[-103.036,43.28118],[-103.04969,43.28046],[-103.06358,43.28651],[-103.07568,43.28543],[-103.09185,43.28791],[-103.11049,43.28763],[-103.1219,43.28326],[-103.13108,43.28651],[-103.1591,43.28985],[-103.16958,43.29762],[-103.18119,43.29817],[-103.18758,43.30291],[-103.20394,43.30349],[-103.20383,43.31787],[-103.21369,43.31777],[-103.21333,43.33249],[-103.18418,43.33239],[-103.18418,43.36149],[-103.22346,43.36146],[-103.22371,43.30351],[-103.33798,43.30362],[-103.38168,43.34222],[-103.38217,43.3602]]]}},{"type":"Feature","id":"57037","properties":{"zip":"57037","pop":null,"city":"","county":"Yankton","state":"South Dakota","area":76.08,"lat":43.10151,"lon":-97.25301},"geometry":{"type":"Polygon","coordinates":[[[-97.42897,43.11843],[-97.41935,43.11846],[-97.41922,43.12582],[-97.42884,43.12577],[-97.39907,43.13583],[-97.3991,43.14045],[-97.38559,43.14042],[-97.35785,43.15018],[-97.35791,43.15474],[-97.30382,43.15499],[-97.30382,43.16014],[-97.29847,43.16011],[-97.2984,43.15501],[-97.25931,43.15534],[-97.2594,43.16967],[-97.23965,43.16975],[-97.23943,43.15542],[-97.22012,43.15559],[-97.22006,43.15862],[-97.20502,43.15865],[-97.20501,43.1626],[-97.20018,43.1626],[-97.20007,43.14083],[-97.1508,43.14098],[-97.1508,43.13712],[-97.12118,43.13712],[-97.1213,43.12659],[-97.08151,43.12676],[-97.08083,43.11318],[-97.1008,43.11274],[-97.1009,43.0548],[-97.12075,43.05365],[-97.12305,43.03866],[-97.14086,43.03857],[-97.14061,43.05358],[-97.16043,43.05413],[-97.16051,43.02874],[-97.17779,43.02873],[-97.17464,43.03351],[-97.18045,43.03684],[-97.18019,43.03853],[-97.19977,43.03955],[-97.19988,43.05399],[-97.23951,43.05386],[-97.23964,43.02493],[-97.24554,43.02493],[-97.24489,43.02697],[-97.25347,43.02944],[-97.25259,43.03329],[-97.25856,43.03817],[-97.25722,43.04006],[-97.25834,43.04434],[-97.26198,43.04626],[-97.26618,43.05365],[-97.2789,43.06204],[-97.27962,43.06568],[-97.28227,43.06562],[-97.29095,43.07193],[-97.29315,43.0749],[-97.29115,43.07705],[-97.29286,43.08121],[-97.29846,43.08164],[-97.29829,43.06884],[-97.39893,43.06806],[-97.39891,43.06338],[-97.41631,43.06642],[-97.41941,43.0777],[-97.42844,43.08904],[-97.42862,43.0968],[-97.41878,43.09692],[-97.41905,43.10425],[-97.42377,43.10418],[-97.42387,43.11134],[-97.42905,43.1113],[-97.42897,43.11843]]]}},{"type":"Feature","id":"57382","properties":{"zip":"57382","pop":null,"city":"","county":"Jerauld","state":"South Dakota","area":318.39,"lat":44.05562,"lon":-98.67309},"geometry":{"type":"Polygon","coordinates":[[[-98.92639,44.07926],[-98.92595,44.19658],[-98.6604,44.19678],[-98.66025,44.25493],[-98.65125,44.25496],[-98.65124,44.24759],[-98.61948,44.24752],[-98.61954,44.24038],[-98.59932,44.24034],[-98.59938,44.22582],[-98.57912,44.22576],[-98.57909,44.23282],[-98.56858,44.2328],[-98.56855,44.22575],[-98.55894,44.22561],[-98.55898,44.19675],[-98.493,44.1967],[-98.49267,44.1837],[-98.47258,44.18374],[-98.47221,44.1548],[-98.53217,44.15463],[-98.53184,44.1111],[-98.47177,44.11125],[-98.47191,44.08201],[-98.43254,44.08226],[-98.4324,44.07205],[-98.42803,44.06977],[-98.42943,44.06675],[-98.41223,44.0678],[-98.41223,44.06607],[-98.42088,44.06394],[-98.43233,44.0667],[-98.43238,44.05321],[-98.45176,44.05314],[-98.45169,43.98051],[-98.49175,43.98027],[-98.49146,43.87855],[-98.51116,43.8785],[-98.51106,43.84934],[-98.56385,43.84944],[-98.56393,43.83232],[-98.62259,43.83132],[-98.62264,43.84917],[-98.63038,43.84865],[-98.63037,43.89241],[-98.68797,43.89215],[-98.68813,43.93576],[-98.80777,43.93522],[-98.80734,43.99243],[-98.88728,43.99259],[-98.88719,44.02155],[-98.92659,44.02141],[-98.92639,44.07926]]]}},{"type":"Feature","id":"57631","properties":{"zip":"57631","pop":null,"city":"","county":"Walworth","state":"South Dakota","area":104.71,"lat":45.58204,"lon":-100.28774},"geometry":{"type":"Polygon","coordinates":[[[-100.42929,45.59757],[-100.42338,45.61614],[-100.42383,45.6248],[-100.41977,45.62482],[-100.4131,45.64136],[-100.402,45.65309],[-100.3924,45.65805],[-100.38028,45.66075],[-100.35405,45.66052],[-100.33729,45.66318],[-100.31778,45.67346],[-100.30885,45.68963],[-100.30818,45.70116],[-100.30901,45.70784],[-100.32312,45.73092],[-100.3061,45.73765],[-100.30565,45.74383],[-100.30166,45.7517],[-100.29271,45.75385],[-100.28982,45.75778],[-100.28462,45.75899],[-100.27179,45.74616],[-100.26149,45.74266],[-100.26078,45.73793],[-100.26415,45.73138],[-100.25586,45.72341],[-100.24912,45.70967],[-100.24171,45.70368],[-100.23444,45.69227],[-100.23425,45.68127],[-100.21356,45.68126],[-100.21357,45.66683],[-100.19288,45.66677],[-100.19286,45.62339],[-100.17225,45.6233],[-100.17236,45.59441],[-100.18204,45.59445],[-100.1821,45.58011],[-100.20224,45.58035],[-100.20222,45.53694],[-100.18228,45.53673],[-100.18154,45.51665],[-100.22784,45.52223],[-100.23026,45.49998],[-100.2301,45.43523],[-100.27422,45.43528],[-100.2743,45.4207],[-100.30442,45.42081],[-100.33032,45.44221],[-100.34127,45.4719],[-100.34755,45.48131],[-100.36526,45.50011],[-100.38544,45.51577],[-100.3845,45.51944],[-100.38664,45.52293],[-100.38702,45.53725],[-100.36628,45.5371],[-100.36649,45.56608],[-100.31488,45.56612],[-100.31483,45.57239],[-100.30554,45.57241],[-100.30554,45.5805],[-100.32509,45.58073],[-100.32516,45.59456],[-100.43008,45.59482],[-100.42929,45.59757]]]}},{"type":"Feature","id":"57572","properties":{"zip":"57572","pop":null,"city":"Spring Creek","county":"Todd","state":"South Dakota","area":163.64,"lat":43.12015,"lon":-101.08501},"geometry":{"type":"Polygon","coordinates":[[[-101.22805,43.21393],[-101.2095,43.22928],[-101.20288,43.23212],[-101.19713,43.23046],[-101.18543,43.22196],[-101.15914,43.21725],[-101.13834,43.23018],[-101.12876,43.23245],[-101.11102,43.23224],[-101.06321,43.25348],[-101.06155,43.24798],[-101.06357,43.23818],[-101.06888,43.23241],[-101.04977,43.2256],[-101.03364,43.21356],[-100.96132,43.21358],[-100.95975,43.22154],[-100.95044,43.23725],[-100.9491,43.2511],[-100.9328,43.2617],[-100.93096,43.18502],[-100.91976,43.17475],[-100.91129,43.17162],[-100.90957,43.1622],[-100.90749,43.16221],[-100.90529,43.14819],[-100.89818,43.14823],[-100.89819,43.13699],[-100.90635,43.13701],[-100.90501,43.10378],[-100.94766,43.10374],[-100.94756,43.10048],[-100.95095,43.09823],[-100.96439,43.09918],[-100.96421,43.04624],[-100.98165,43.04794],[-100.98731,43.04206],[-100.99574,43.04678],[-101.00052,43.05385],[-101.00617,43.05408],[-101.00589,43.01707],[-101.0129,43.01024],[-101.00881,43.00725],[-101.01166,43.00303],[-101.01533,43.00357],[-101.02386,43.00051],[-101.02759,43.00363],[-101.03043,43.00353],[-101.03511,43.00189],[-101.03344,42.99786],[-101.22801,42.99788],[-101.22805,43.21393]]]}},{"type":"Feature","id":"57632","properties":{"zip":"57632","pop":null,"city":"","county":"Campbell","state":"South Dakota","area":140.12,"lat":45.82924,"lon":-100.04933},"geometry":{"type":"Polygon","coordinates":[[[-100.25512,45.81156],[-100.22891,45.81144],[-100.22866,45.85482],[-100.2136,45.8548],[-100.21366,45.86939],[-100.15223,45.86914],[-100.15231,45.89355],[-100.14163,45.89358],[-100.14169,45.90501],[-100.13663,45.90503],[-100.13659,45.89826],[-100.13084,45.89828],[-100.1316,45.9271],[-100.11086,45.9271],[-100.11087,45.93443],[-100.08796,45.93438],[-100.08788,45.94231],[-99.92362,45.94175],[-99.92363,45.9269],[-99.94443,45.9269],[-99.94445,45.89792],[-99.96558,45.8979],[-99.96553,45.88341],[-99.88193,45.88341],[-99.88201,45.86864],[-99.86126,45.87499],[-99.86102,45.85459],[-99.84066,45.85472],[-99.84079,45.81089],[-99.85112,45.81104],[-99.85105,45.80636],[-99.86132,45.80637],[-99.86148,45.79626],[-99.8717,45.79633],[-99.87171,45.78977],[-99.88241,45.78978],[-99.88236,45.76745],[-99.90306,45.7675],[-99.90307,45.7239],[-99.94437,45.72405],[-99.94452,45.76755],[-100.01781,45.76749],[-100.02753,45.76542],[-100.02742,45.75305],[-100.11577,45.75345],[-100.11584,45.75799],[-100.12502,45.75804],[-100.12508,45.7679],[-100.14258,45.76791],[-100.14256,45.76469],[-100.14694,45.76468],[-100.14688,45.75347],[-100.16738,45.75351],[-100.16741,45.76076],[-100.17267,45.76073],[-100.17244,45.69561],[-100.20791,45.69573],[-100.20785,45.70667],[-100.21361,45.70666],[-100.21356,45.68126],[-100.22874,45.68127],[-100.22911,45.79701],[-100.25512,45.7971],[-100.25512,45.81156]]]}},{"type":"Feature","id":"57634","properties":{"zip":"57634","pop":null,"city":"","county":"Corson","state":"South Dakota","area":140.8,"lat":45.7522,"lon":-101.87901},"geometry":{"type":"Polygon","coordinates":[[[-102.00087,45.73199],[-101.92811,45.7319],[-101.92806,45.78956],[-101.94868,45.7898],[-101.94863,45.83324],[-101.92807,45.83323],[-101.92803,45.9347],[-101.95713,45.93469],[-101.95712,45.94448],[-101.72116,45.94421],[-101.72115,45.94227],[-101.72599,45.94229],[-101.72626,45.93496],[-101.76267,45.93442],[-101.76281,45.92671],[-101.77861,45.92536],[-101.80414,45.92911],[-101.80387,45.78983],[-101.76251,45.78984],[-101.76254,45.74785],[-101.74187,45.74567],[-101.74188,45.73278],[-101.73786,45.7312],[-101.73786,45.72736],[-101.73988,45.72522],[-101.73779,45.70482],[-101.7791,45.7049],[-101.78548,45.70258],[-101.79025,45.70488],[-101.81024,45.70489],[-101.8102,45.68521],[-101.80021,45.68221],[-101.79942,45.65489],[-101.80214,45.65153],[-101.81889,45.6522],[-101.82454,45.65036],[-101.83039,45.64714],[-101.83776,45.63882],[-101.83755,45.63233],[-101.82992,45.62756],[-101.83168,45.62248],[-101.83123,45.61146],[-101.83639,45.60423],[-101.86003,45.60236],[-101.86231,45.591],[-101.8682,45.58839],[-101.88103,45.58861],[-101.88168,45.57424],[-101.98452,45.5741],[-101.9866,45.58808],[-101.99315,45.5924],[-102.00003,45.60419],[-102.00087,45.73199]]]}},{"type":"Feature","id":"57639","properties":{"zip":"57639","pop":null,"city":"Little Eagle","county":"Corson","state":"South Dakota","area":1.45,"lat":45.679,"lon":-100.80342},"geometry":{"type":"Polygon","coordinates":[[[-100.8246,45.67279],[-100.82204,45.67536],[-100.8109,45.6791],[-100.81319,45.6831],[-100.81325,45.68897],[-100.80398,45.69013],[-100.79762,45.68809],[-100.79486,45.69187],[-100.77478,45.68616],[-100.78192,45.68378],[-100.78292,45.67931],[-100.7904,45.67554],[-100.8087,45.67502],[-100.81666,45.66035],[-100.825,45.66289],[-100.8246,45.67279]]]}},{"type":"Feature","id":"57644","properties":{"zip":"57644","pop":null,"city":"","county":"Perkins","state":"South Dakota","area":495.88,"lat":45.4514,"lon":-102.08243},"geometry":{"type":"Polygon","coordinates":[[[-102.46751,45.26351],[-102.46712,45.38592],[-102.43493,45.38673],[-102.43696,45.38928],[-102.43694,45.4148],[-102.39481,45.41478],[-102.3957,45.47224],[-102.33353,45.47305],[-102.3338,45.58847],[-102.31434,45.58853],[-102.30774,45.59465],[-102.28812,45.60285],[-102.25153,45.60295],[-102.25162,45.574],[-102.16931,45.57393],[-102.16915,45.63191],[-102.0863,45.63187],[-102.08633,45.64605],[-102.00049,45.64708],[-102.00003,45.60419],[-101.99315,45.5924],[-101.9866,45.58808],[-101.98452,45.5741],[-101.88168,45.57424],[-101.88103,45.58861],[-101.8682,45.58839],[-101.86231,45.591],[-101.86003,45.60236],[-101.8374,45.6035],[-101.83123,45.61146],[-101.83168,45.62248],[-101.82992,45.62756],[-101.83755,45.63233],[-101.83776,45.63882],[-101.83352,45.64428],[-101.81889,45.6522],[-101.80214,45.65153],[-101.80012,45.65309],[-101.80021,45.68221],[-101.8102,45.68521],[-101.81024,45.70489],[-101.79025,45.70488],[-101.78548,45.70258],[-101.7791,45.7049],[-101.73779,45.70482],[-101.7378,45.70727],[-101.72636,45.70338],[-101.7236,45.69749],[-101.71795,45.6974],[-101.71733,45.4704],[-101.728,45.47037],[-101.72804,45.46499],[-101.73782,45.46491],[-101.7378,45.46882],[-101.75828,45.47082],[-101.75829,45.45799],[-101.76853,45.45831],[-101.76845,45.45069],[-101.7583,45.45067],[-101.75815,45.38589],[-101.85478,45.38562],[-101.85495,45.29901],[-102.34465,45.29964],[-102.34407,45.2126],[-102.46792,45.21283],[-102.46751,45.26351]]]}},{"type":"Feature","id":"57646","properties":{"zip":"57646","pop":null,"city":"","county":"Campbell","state":"South Dakota","area":90.1,"lat":45.68753,"lon":-100.05397},"geometry":{"type":"Polygon","coordinates":[[[-100.21361,45.70666],[-100.20785,45.70667],[-100.20791,45.69573],[-100.17244,45.69561],[-100.17267,45.76073],[-100.16741,45.76076],[-100.16738,45.75351],[-100.14688,45.75347],[-100.14694,45.76468],[-100.14256,45.76469],[-100.14258,45.76791],[-100.12508,45.7679],[-100.12502,45.75804],[-100.11584,45.75799],[-100.11577,45.75345],[-100.02742,45.75305],[-100.02753,45.76542],[-100.01781,45.76749],[-99.94452,45.76755],[-99.94437,45.72405],[-99.88243,45.72384],[-99.88255,45.68043],[-99.87216,45.68039],[-99.87233,45.65824],[-99.8826,45.65877],[-99.88257,45.65137],[-99.92375,45.65142],[-99.9238,45.637],[-99.94441,45.63707],[-99.94439,45.65148],[-99.98639,45.6517],[-99.98636,45.64442],[-100.00681,45.64443],[-100.00679,45.63723],[-100.04818,45.63735],[-100.0482,45.62289],[-100.06727,45.62284],[-100.06778,45.62505],[-100.07173,45.62428],[-100.07241,45.62715],[-100.0761,45.62824],[-100.08246,45.62589],[-100.08489,45.62272],[-100.08493,45.60835],[-100.08974,45.60835],[-100.08975,45.59406],[-100.17236,45.59441],[-100.17225,45.6233],[-100.19286,45.62339],[-100.19288,45.66677],[-100.21357,45.66683],[-100.21361,45.70666]]]}},{"type":"Feature","id":"57651","properties":{"zip":"57651","pop":null,"city":"","county":"Harding","state":"South Dakota","area":312.12,"lat":45.48395,"lon":-103.07754},"geometry":{"type":"Polygon","coordinates":[[[-103.31495,45.73301],[-103.23686,45.73294],[-103.23206,45.72358],[-103.23221,45.70447],[-103.21693,45.70397],[-103.21671,45.69741],[-103.21373,45.69207],[-103.2168,45.67559],[-103.20562,45.67452],[-103.17462,45.67701],[-103.14631,45.67313],[-103.13833,45.6677],[-103.1271,45.66546],[-103.10274,45.66687],[-103.08866,45.66425],[-103.07687,45.66715],[-103.06106,45.66229],[-103.04044,45.66413],[-103.02634,45.6552],[-102.99523,45.64698],[-102.99739,45.64241],[-102.99767,45.61135],[-103.00559,45.59698],[-103.00586,45.58905],[-102.95087,45.58896],[-102.95096,45.56011],[-102.88917,45.56003],[-102.88917,45.48764],[-102.93036,45.48768],[-102.93039,45.47301],[-102.82749,45.47305],[-102.828,45.3861],[-102.83597,45.38629],[-102.83607,45.34317],[-102.90469,45.34323],[-102.91791,45.34742],[-102.91791,45.35761],[-102.94321,45.35768],[-102.95126,45.36049],[-102.95704,45.35773],[-102.95729,45.28044],[-102.96628,45.28147],[-102.97156,45.27919],[-102.98757,45.27849],[-102.98891,45.26937],[-102.99203,45.26574],[-102.9998,45.26086],[-103.01399,45.2581],[-103.02003,45.2505],[-103.02874,45.24456],[-103.03471,45.24354],[-103.0451,45.24736],[-103.06138,45.24902],[-103.08382,45.25599],[-103.15311,45.25617],[-103.16003,45.25447],[-103.16399,45.256],[-103.212,45.25635],[-103.19844,45.26808],[-103.1621,45.30821],[-103.16077,45.34331],[-103.16657,45.36772],[-103.16258,45.37543],[-103.16388,45.38755],[-103.15887,45.39913],[-103.17684,45.40073],[-103.19077,45.41178],[-103.20728,45.41427],[-103.21757,45.41854],[-103.22043,45.42355],[-103.21516,45.4268],[-103.20835,45.42675],[-103.2018,45.43111],[-103.20333,45.44226],[-103.19965,45.44573],[-103.20774,45.45458],[-103.2068,45.45901],[-103.20082,45.45898],[-103.1965,45.46202],[-103.19609,45.4667],[-103.19947,45.47056],[-103.19639,45.47467],[-103.1795,45.47723],[-103.1759,45.489],[-103.17903,45.49486],[-103.18447,45.49954],[-103.1821,45.50065],[-103.18958,45.51351],[-103.19707,45.51846],[-103.19704,45.52006],[-103.19065,45.52275],[-103.18817,45.53184],[-103.21399,45.53142],[-103.26717,45.54507],[-103.31198,45.54591],[-103.31495,45.73301]]]}},{"type":"Feature","id":"57652","properties":{"zip":"57652","pop":null,"city":"La Plant","county":"Dewey","state":"South Dakota","area":159.54,"lat":45.13799,"lon":-100.68879},"geometry":{"type":"Polygon","coordinates":[[[-100.8742,45.21097],[-100.84716,45.21068],[-100.8495,45.26501],[-100.84685,45.26814],[-100.84051,45.27136],[-100.7977,45.28086],[-100.78142,45.29573],[-100.7492,45.29357],[-100.74844,45.21062],[-100.51558,45.21059],[-100.50548,45.02291],[-100.74363,45.02146],[-100.74515,45.08175],[-100.74554,45.08583],[-100.75066,45.08628],[-100.75138,45.11449],[-100.81082,45.08168],[-100.87336,45.08167],[-100.8742,45.21097]]]}},{"type":"Feature","id":"57661","properties":{"zip":"57661","pop":null,"city":"Whitehorse","county":"Dewey","state":"South Dakota","area":19.96,"lat":45.2701,"lon":-100.96437},"geometry":{"type":"Polygon","coordinates":[[[-101.0163,45.351],[-101.00641,45.34907],[-101.00499,45.34255],[-100.99609,45.34175],[-100.99679,45.32324],[-100.98647,45.3125],[-100.98025,45.29552],[-100.96803,45.28468],[-100.85072,45.28533],[-100.8495,45.26501],[-100.86054,45.26929],[-100.87748,45.27014],[-100.87796,45.26746],[-100.88201,45.2644],[-100.88531,45.26659],[-100.88616,45.26202],[-100.89482,45.26167],[-100.89971,45.26266],[-100.89956,45.2651],[-100.89528,45.26658],[-100.89958,45.26836],[-100.90823,45.26795],[-100.91507,45.2719],[-100.91574,45.26981],[-100.91119,45.25786],[-100.92324,45.25497],[-100.9153,45.24818],[-100.91761,45.24547],[-100.92454,45.24497],[-100.9279,45.24232],[-100.9256,45.23902],[-100.92563,45.23324],[-100.93352,45.23422],[-100.94251,45.22793],[-100.94719,45.2344],[-100.96445,45.23615],[-100.97787,45.24198],[-100.98157,45.23856],[-100.9826,45.23149],[-100.98005,45.22673],[-100.98392,45.22521],[-100.98503,45.22254],[-100.98327,45.21919],[-100.98679,45.21349],[-100.9886,45.21443],[-100.99041,45.22143],[-100.99257,45.2223],[-100.99727,45.21861],[-100.9943,45.21385],[-100.99452,45.21083],[-100.99935,45.21086],[-100.99833,45.21425],[-101.00595,45.21641],[-101.00884,45.21514],[-101.0097,45.21084],[-101.01567,45.21082],[-101.0163,45.351]]]}},{"type":"Feature","id":"57569","properties":{"zip":"57569","pop":null,"city":"","county":"Lyman","state":"South Dakota","area":264.52,"lat":43.86046,"lon":-99.57583},"geometry":{"type":"Polygon","coordinates":[[[-99.78554,43.8909],[-99.76564,43.8908],[-99.76566,44.01345],[-99.52531,44.01422],[-99.52554,43.96307],[-99.52032,43.96318],[-99.51608,43.96508],[-99.48563,43.99233],[-99.44706,44.01416],[-99.44582,44.01676],[-99.44739,44.03604],[-99.44551,44.04451],[-99.44872,44.04823],[-99.43313,44.04486],[-99.42136,44.03973],[-99.40372,44.02678],[-99.37986,44.01409],[-99.35372,43.99533],[-99.346,43.98145],[-99.34623,43.96231],[-99.35001,43.94647],[-99.36318,43.91478],[-99.40667,43.91427],[-99.40598,43.84717],[-99.50433,43.84753],[-99.50432,43.76026],[-99.49947,43.76652],[-99.49497,43.76875],[-99.48898,43.77048],[-99.48368,43.76687],[-99.48496,43.76191],[-99.49142,43.75377],[-99.5024,43.75071],[-99.50272,43.74917],[-99.50031,43.74945],[-99.50168,43.74064],[-99.49693,43.7373],[-99.47789,43.73195],[-99.44968,43.72797],[-99.4448,43.72376],[-99.44364,43.72022],[-99.44533,43.70858],[-99.45614,43.70534],[-99.46144,43.70038],[-99.45807,43.69642],[-99.44762,43.69693],[-99.44467,43.69495],[-99.44428,43.69167],[-99.45626,43.68692],[-99.46878,43.67566],[-99.4691,43.6728],[-99.46413,43.66385],[-99.4642,43.62998],[-99.62344,43.62995],[-99.6235,43.64472],[-99.60397,43.6591],[-99.60423,43.68728],[-99.60192,43.69185],[-99.60661,43.69744],[-99.61266,43.70045],[-99.61122,43.7042],[-99.62374,43.71805],[-99.62359,43.74241],[-99.63112,43.73717],[-99.64088,43.73556],[-99.64356,43.73851],[-99.64121,43.74931],[-99.64375,43.75885],[-99.65583,43.76579],[-99.6617,43.76648],[-99.66744,43.76346],[-99.66215,43.73608],[-99.66824,43.7299],[-99.68435,43.7278],[-99.6895,43.73086],[-99.69024,43.73591],[-99.68098,43.74935],[-99.68635,43.75828],[-99.69333,43.76049],[-99.70707,43.74931],[-99.71044,43.74195],[-99.7107,43.73354],[-99.72364,43.72186],[-99.72998,43.71883],[-99.73971,43.72275],[-99.73616,43.73199],[-99.74031,43.74705],[-99.74335,43.74842],[-99.74347,43.84694],[-99.72566,43.84733],[-99.72564,43.86185],[-99.74566,43.86187],[-99.74576,43.8744],[-99.74096,43.87596],[-99.78565,43.87702],[-99.78554,43.8909]]]}},{"type":"Feature","id":"57601","properties":{"zip":"57601","pop":null,"city":"","county":"Dewey","state":"South Dakota","area":334.58,"lat":45.36656,"lon":-100.51103},"geometry":{"type":"Polygon","coordinates":[[[-100.85125,45.29971],[-100.74933,45.29954],[-100.75073,45.38463],[-100.7298,45.3844],[-100.7304,45.4581],[-100.71001,45.45809],[-100.71009,45.47174],[-100.60367,45.47166],[-100.61145,45.47863],[-100.59578,45.48557],[-100.56713,45.50667],[-100.56634,45.5543],[-100.56208,45.56391],[-100.54265,45.55885],[-100.51496,45.55898],[-100.48613,45.5739],[-100.46805,45.5648],[-100.45453,45.57018],[-100.44082,45.57896],[-100.43415,45.58571],[-100.43008,45.59482],[-100.32516,45.59456],[-100.32509,45.58073],[-100.30554,45.5805],[-100.30554,45.57241],[-100.31483,45.57239],[-100.31488,45.56612],[-100.36649,45.56608],[-100.36628,45.5371],[-100.38702,45.53725],[-100.38664,45.52293],[-100.3845,45.51944],[-100.38544,45.51577],[-100.36526,45.50011],[-100.34226,45.47389],[-100.33032,45.44221],[-100.30442,45.42081],[-100.2969,45.41265],[-100.28727,45.39654],[-100.27418,45.38184],[-100.27424,45.37499],[-100.28232,45.35532],[-100.30823,45.33208],[-100.31287,45.32667],[-100.31666,45.3179],[-100.30738,45.29191],[-100.28421,45.27251],[-100.27064,45.26358],[-100.2617,45.25103],[-100.25729,45.23854],[-100.26134,45.2243],[-100.26768,45.21257],[-100.2924,45.21138],[-100.29309,45.20874],[-100.28817,45.20628],[-100.29114,45.20222],[-100.3063,45.2081],[-100.30488,45.20377],[-100.31358,45.20335],[-100.31135,45.20203],[-100.31157,45.19906],[-100.31351,45.2013],[-100.31872,45.2015],[-100.32101,45.20617],[-100.33394,45.20402],[-100.33854,45.21068],[-100.74844,45.21062],[-100.7492,45.29357],[-100.78278,45.29545],[-100.7977,45.28086],[-100.84051,45.27136],[-100.8495,45.26501],[-100.85186,45.28532],[-100.85125,45.29971]]]}},{"type":"Feature","id":"57574","properties":{"zip":"57574","pop":null,"city":"","county":"Bennett","state":"South Dakota","area":148.6,"lat":43.10952,"lon":-101.36236},"geometry":{"type":"Polygon","coordinates":[[[-101.51587,43.16078],[-101.51399,43.16252],[-101.51391,43.18627],[-101.49433,43.18626],[-101.49446,43.21537],[-101.51379,43.21536],[-101.51386,43.22841],[-101.41836,43.22814],[-101.41509,43.21514],[-101.27204,43.21488],[-101.2511,43.21033],[-101.22805,43.21393],[-101.22801,42.99788],[-101.47867,42.99718],[-101.49196,43.01672],[-101.48868,43.02653],[-101.48808,43.0394],[-101.48901,43.04603],[-101.49518,43.058],[-101.49511,43.10354],[-101.45654,43.10353],[-101.45658,43.12812],[-101.47462,43.12814],[-101.4746,43.13536],[-101.49439,43.13553],[-101.49435,43.15533],[-101.49579,43.15725],[-101.5153,43.15729],[-101.51587,43.16078]]]}},{"type":"Feature","id":"57622","properties":{"zip":"57622","pop":null,"city":"","county":"Ziebach","state":"South Dakota","area":65.43,"lat":44.6517,"lon":-101.54574},"geometry":{"type":"Polygon","coordinates":[[[-101.65329,44.69008],[-101.64899,44.69456],[-101.64819,44.70123],[-101.63752,44.70403],[-101.6357,44.70931],[-101.62324,44.72692],[-101.61345,44.733],[-101.61526,44.7444],[-101.60393,44.74201],[-101.57043,44.72085],[-101.55278,44.71262],[-101.54367,44.71621],[-101.52086,44.71889],[-101.49916,44.72406],[-101.49904,44.69303],[-101.41822,44.69232],[-101.41111,44.69028],[-101.41108,44.68867],[-101.4087,44.6897],[-101.41089,44.68622],[-101.40733,44.67769],[-101.40898,44.67703],[-101.40854,44.67483],[-101.40564,44.67335],[-101.4159,44.66494],[-101.41805,44.65828],[-101.41489,44.65725],[-101.41454,44.65907],[-101.40918,44.65646],[-101.40456,44.6602],[-101.40087,44.66047],[-101.39738,44.65992],[-101.39742,44.65678],[-101.40333,44.6514],[-101.40902,44.64963],[-101.4122,44.64397],[-101.41572,44.64211],[-101.43138,44.64061],[-101.44016,44.6439],[-101.44585,44.63824],[-101.45486,44.63803],[-101.45601,44.63682],[-101.45408,44.63119],[-101.45564,44.62873],[-101.46679,44.61928],[-101.46507,44.61616],[-101.45638,44.61314],[-101.4558,44.61023],[-101.46909,44.6118],[-101.47515,44.60686],[-101.47666,44.60184],[-101.48364,44.60117],[-101.49001,44.60288],[-101.49622,44.60033],[-101.49805,44.59898],[-101.49773,44.5952],[-101.49304,44.58718],[-101.49401,44.58396],[-101.50115,44.58124],[-101.50805,44.58597],[-101.51205,44.58545],[-101.51481,44.58136],[-101.51407,44.57599],[-101.53188,44.56772],[-101.53701,44.57407],[-101.54352,44.57206],[-101.55283,44.57574],[-101.55473,44.57442],[-101.55476,44.57081],[-101.5585,44.56921],[-101.56555,44.57564],[-101.5769,44.57821],[-101.5906,44.57397],[-101.60674,44.57725],[-101.60999,44.57221],[-101.62301,44.5729],[-101.62874,44.57504],[-101.62927,44.57711],[-101.62657,44.57986],[-101.63052,44.58646],[-101.63555,44.58569],[-101.63826,44.57997],[-101.63843,44.67218],[-101.65447,44.68944],[-101.65329,44.69008]]]}},{"type":"Feature","id":"57584","properties":{"zip":"57584","pop":null,"city":"","county":"Tripp","state":"South Dakota","area":58.66,"lat":43.49115,"lon":-100.06382},"geometry":{"type":"Polygon","coordinates":[[[-100.1661,43.41666],[-100.1659,43.44438],[-100.14613,43.44436],[-100.14604,43.47334],[-100.11557,43.47333],[-100.11542,43.48785],[-100.10608,43.48784],[-100.10606,43.49406],[-100.11535,43.49402],[-100.11534,43.50021],[-100.12057,43.5001],[-100.12055,43.53661],[-100.15077,43.53688],[-100.1507,43.54396],[-100.14109,43.54402],[-100.14109,43.55893],[-100.151,43.55899],[-100.15081,43.5797],[-100.12017,43.57954],[-100.12024,43.57256],[-100.11003,43.57251],[-100.10995,43.57959],[-100.09994,43.57954],[-100.09994,43.57236],[-100.0411,43.57234],[-100.04102,43.54348],[-99.98139,43.54347],[-99.98139,43.52896],[-99.97175,43.52896],[-99.97153,43.52154],[-99.96157,43.52158],[-99.96103,43.51452],[-99.94168,43.51447],[-99.94167,43.49999],[-99.96935,43.50002],[-99.96931,43.47325],[-99.98922,43.47325],[-99.98919,43.42977],[-100.02787,43.42987],[-100.02783,43.41532],[-100.04038,43.41535],[-100.04768,43.41873],[-100.04763,43.41551],[-100.16722,43.41542],[-100.1661,43.41666]]]}},{"type":"Feature","id":"57725","properties":{"zip":"57725","pop":null,"city":"","county":"Pennington","state":"South Dakota","area":84.15,"lat":43.93716,"lon":-102.80316},"geometry":{"type":"Polygon","coordinates":[[[-102.98338,43.99467],[-102.98019,43.99465],[-102.98031,43.99737],[-102.97786,43.99741],[-102.97778,43.99465],[-102.97055,43.99473],[-102.97009,43.99685],[-102.96977,44.08204],[-102.96452,44.08204],[-102.94976,44.0746],[-102.91025,44.07485],[-102.90986,44.02364],[-102.92904,44.02366],[-102.92905,43.99461],[-102.91905,43.99459],[-102.9191,43.98805],[-102.90951,43.98796],[-102.90956,43.98435],[-102.91417,43.9843],[-102.91414,43.97709],[-102.89908,43.97679],[-102.899,43.99004],[-102.897,43.99475],[-102.77889,43.99459],[-102.77879,43.95529],[-102.7661,43.95502],[-102.76431,43.95175],[-102.76138,43.95157],[-102.7573,43.95887],[-102.75757,43.96815],[-102.75335,43.96983],[-102.74859,43.97649],[-102.7422,43.97785],[-102.72628,43.9768],[-102.72485,43.97881],[-102.71941,43.98018],[-102.71836,43.97877],[-102.71105,43.9832],[-102.69846,43.98181],[-102.69827,43.96951],[-102.68864,43.95979],[-102.68839,43.93277],[-102.67818,43.93818],[-102.6746,43.93615],[-102.67134,43.94047],[-102.68058,43.95378],[-102.66162,43.95659],[-102.65514,43.94342],[-102.64994,43.91903],[-102.64141,43.91215],[-102.64398,43.90139],[-102.64107,43.90139],[-102.63605,43.90517],[-102.63251,43.90269],[-102.62825,43.90414],[-102.61694,43.9003],[-102.61671,43.86494],[-102.59709,43.86503],[-102.59713,43.84337],[-102.59033,43.83644],[-102.61671,43.836],[-102.61654,43.86309],[-102.61834,43.86493],[-102.6367,43.8649],[-102.63681,43.87904],[-102.64225,43.88017],[-102.64184,43.88775],[-102.64443,43.89263],[-102.63951,43.89378],[-102.64614,43.89984],[-102.67588,43.90288],[-102.68299,43.90635],[-102.68091,43.9008],[-102.68927,43.88985],[-102.69834,43.88195],[-102.69894,43.86679],[-102.70868,43.85783],[-102.70718,43.85555],[-102.89145,43.85631],[-102.88783,43.88532],[-102.85886,43.92014],[-102.85881,43.92606],[-102.89892,43.92643],[-102.89898,43.95876],[-102.90802,43.96208],[-102.90901,43.96685],[-102.91324,43.96731],[-102.91252,43.96972],[-102.91922,43.96981],[-102.91919,43.97713],[-102.93662,43.97802],[-102.98338,43.99467]]]}},{"type":"Feature","id":"57767","properties":{"zip":"57767","pop":null,"city":"","county":"Meade","state":"South Dakota","area":104.17,"lat":44.13845,"lon":-102.57216},"geometry":{"type":"Polygon","coordinates":[[[-102.6688,44.25091],[-102.66285,44.24654],[-102.66056,44.24693],[-102.66126,44.25375],[-102.655,44.25766],[-102.64721,44.25448],[-102.64819,44.24956],[-102.6467,44.24846],[-102.64204,44.2502],[-102.63725,44.24772],[-102.63621,44.24287],[-102.63281,44.24214],[-102.63121,44.24353],[-102.6251,44.24218],[-102.62509,44.24603],[-102.62857,44.24694],[-102.62631,44.24909],[-102.62285,44.24925],[-102.62005,44.24706],[-102.61706,44.24797],[-102.61346,44.24278],[-102.61051,44.244],[-102.61057,44.24603],[-102.60768,44.24786],[-102.61255,44.2495],[-102.61023,44.25171],[-102.58793,44.2483],[-102.58778,44.25172],[-102.59352,44.25543],[-102.59392,44.25913],[-102.5986,44.26261],[-102.59898,44.2844],[-102.5279,44.28434],[-102.52794,44.27114],[-102.51193,44.26106],[-102.50992,44.25201],[-102.50606,44.24923],[-102.50529,44.19745],[-102.48787,44.19737],[-102.4921,44.18995],[-102.48791,44.18317],[-102.48801,44.08559],[-102.48295,44.08223],[-102.48801,44.08187],[-102.48794,44.00196],[-102.49676,44.00106],[-102.50648,44.0045],[-102.54088,44.00793],[-102.54815,44.01033],[-102.54812,43.99456],[-102.58062,43.99458],[-102.58057,43.99712],[-102.62327,44.02006],[-102.6239,44.03146],[-102.63117,44.0369],[-102.64645,44.04353],[-102.64647,44.04711],[-102.63867,44.04712],[-102.6387,44.05412],[-102.64672,44.05411],[-102.64689,44.06057],[-102.66824,44.06056],[-102.66869,44.08211],[-102.64861,44.0822],[-102.64859,44.09618],[-102.66869,44.09616],[-102.66867,44.10359],[-102.65193,44.10354],[-102.62843,44.1068],[-102.62842,44.14024],[-102.66858,44.14036],[-102.6688,44.25091]]]}},{"type":"Feature","id":"57769","properties":{"zip":"57769","pop":null,"city":"","county":"Meade","state":"South Dakota","area":97.73,"lat":44.24317,"lon":-103.29684},"geometry":{"type":"Polygon","coordinates":[[[-103.57431,44.27057],[-103.57322,44.3007],[-103.56902,44.30153],[-103.55905,44.29442],[-103.54914,44.30646],[-103.54011,44.30429],[-103.53482,44.30649],[-103.52658,44.30122],[-103.52706,44.29962],[-103.52168,44.29985],[-103.52146,44.29807],[-103.52467,44.29782],[-103.52305,44.29436],[-103.51866,44.29448],[-103.51512,44.29214],[-103.51496,44.2996],[-103.43389,44.29991],[-103.43675,44.31804],[-103.43561,44.32291],[-103.43306,44.31902],[-103.42837,44.30014],[-103.41344,44.30027],[-103.41273,44.30179],[-103.40014,44.3042],[-103.37516,44.29948],[-103.35248,44.30014],[-103.35235,44.2858],[-103.34431,44.2855],[-103.34122,44.27985],[-103.32401,44.27851],[-103.32448,44.277],[-103.31589,44.28001],[-103.30749,44.27766],[-103.29489,44.27814],[-103.29352,44.27501],[-103.28741,44.2726],[-103.27631,44.2732],[-103.27216,44.277],[-103.26294,44.27987],[-103.26923,44.28307],[-103.26974,44.29],[-103.2771,44.29654],[-103.27697,44.3005],[-103.21298,44.30055],[-103.21148,44.29974],[-103.21053,44.28597],[-103.15153,44.28584],[-103.15135,44.25688],[-103.10984,44.25692],[-103.11087,44.22753],[-103.08084,44.22744],[-103.08092,44.23112],[-103.07068,44.23101],[-103.06982,44.23403],[-103.06964,44.22956],[-103.06444,44.22627],[-103.06464,44.22343],[-103.05877,44.22208],[-103.05911,44.22353],[-103.05574,44.2218],[-103.05551,44.21981],[-103.05307,44.22093],[-103.04897,44.21795],[-103.04302,44.21818],[-103.04297,44.21541],[-103.07077,44.21655],[-103.07076,44.16925],[-103.07579,44.16927],[-103.07576,44.173],[-103.09069,44.17279],[-103.09067,44.17643],[-103.12092,44.1765],[-103.12213,44.16885],[-103.21149,44.16851],[-103.21151,44.18393],[-103.23163,44.18366],[-103.23164,44.21312],[-103.26915,44.21313],[-103.27242,44.2054],[-103.27855,44.20292],[-103.28112,44.19506],[-103.29208,44.1931],[-103.29202,44.18903],[-103.2967,44.19036],[-103.29707,44.19356],[-103.30945,44.19312],[-103.31027,44.19489],[-103.32052,44.19633],[-103.34229,44.20895],[-103.34229,44.21301],[-103.36366,44.21305],[-103.35504,44.20427],[-103.3576,44.20426],[-103.35698,44.20148],[-103.3524,44.19648],[-103.36745,44.19474],[-103.36808,44.19239],[-103.3725,44.19133],[-103.37256,44.20574],[-103.37603,44.20497],[-103.37921,44.20056],[-103.3856,44.20277],[-103.39157,44.19846],[-103.39627,44.1984],[-103.39668,44.20098],[-103.40847,44.20401],[-103.40853,44.20595],[-103.41155,44.20492],[-103.41511,44.20828],[-103.43583,44.21805],[-103.44191,44.22868],[-103.45288,44.23201],[-103.45302,44.25661],[-103.5744,44.25608],[-103.57431,44.27057]]]}},{"type":"Feature","id":"57775","properties":{"zip":"57775","pop":null,"city":"","county":"Pennington","state":"South Dakota","area":210.58,"lat":44.08364,"lon":-102.006},"geometry":{"type":"Polygon","coordinates":[[[-102.16781,44.11028],[-102.12762,44.11029],[-102.12636,44.12446],[-102.11318,44.12576],[-102.11294,44.15845],[-102.11826,44.16411],[-102.11819,44.18086],[-102.11633,44.18256],[-102.1082,44.18259],[-102.10774,44.19682],[-102.08809,44.19701],[-102.0881,44.22522],[-102.08147,44.22557],[-102.02468,44.24803],[-102.00751,44.25005],[-102.00752,44.30991],[-102.00421,44.3096],[-101.99698,44.30305],[-101.99065,44.30069],[-101.97628,44.30045],[-101.97428,44.29882],[-101.96204,44.29857],[-101.95895,44.3006],[-101.94783,44.30149],[-101.9436,44.29867],[-101.88797,44.29871],[-101.88731,44.28491],[-101.8677,44.28426],[-101.86761,44.24084],[-101.94345,44.24074],[-101.94224,44.2345],[-101.9347,44.22879],[-101.9313,44.2222],[-101.92739,44.21961],[-101.92694,44.19741],[-101.88717,44.19757],[-101.88713,44.16939],[-101.87317,44.16864],[-101.87247,44.15436],[-101.84747,44.15391],[-101.84745,44.13894],[-101.9073,44.1396],[-101.90721,44.11164],[-101.90945,44.11108],[-101.9072,44.10928],[-101.90732,44.08226],[-101.88821,44.08164],[-101.88722,44.05268],[-101.94734,44.05197],[-101.9473,44.03853],[-101.88723,44.03821],[-101.88707,43.98097],[-101.89967,43.97973],[-101.89965,43.96396],[-101.90971,43.96374],[-101.9095,43.95712],[-101.89885,43.95693],[-101.89962,43.91112],[-101.90764,43.91085],[-101.93441,43.90187],[-101.93973,43.90407],[-101.93985,43.89316],[-101.97956,43.89338],[-101.98004,43.87674],[-102.0474,43.90608],[-102.13849,43.92753],[-102.13884,43.99453],[-102.12772,43.99462],[-102.12765,44.03801],[-102.14762,44.03805],[-102.14762,44.04989],[-102.15254,44.05576],[-102.15257,44.06325],[-102.1572,44.06341],[-102.15846,44.06695],[-102.16774,44.06695],[-102.16781,44.11028]]]}},{"type":"Feature","id":"57779","properties":{"zip":"57779","pop":null,"city":"St. Onge","county":"Lawrence","state":"South Dakota","area":29.23,"lat":44.56441,"lon":-103.75954},"geometry":{"type":"Polygon","coordinates":[[[-103.8312,44.59969],[-103.82633,44.6048],[-103.82148,44.6153],[-103.8241,44.62083],[-103.8165,44.61424],[-103.81682,44.61707],[-103.79121,44.61088],[-103.78929,44.61211],[-103.78617,44.60857],[-103.78538,44.6104],[-103.7847,44.60894],[-103.78154,44.60945],[-103.77534,44.6047],[-103.68789,44.6045],[-103.68893,44.53209],[-103.69933,44.53212],[-103.70124,44.53551],[-103.69953,44.54041],[-103.70436,44.54124],[-103.7091,44.54519],[-103.70914,44.5347],[-103.6888,44.51765],[-103.8094,44.51783],[-103.80926,44.53702],[-103.82918,44.53702],[-103.82952,44.59608],[-103.8312,44.59969]]]}},{"type":"Feature","id":"57751","properties":{"zip":"57751","pop":null,"city":"Keystone","county":"Pennington","state":"South Dakota","area":31.92,"lat":43.86755,"lon":-103.42336},"geometry":{"type":"Polygon","coordinates":[[[-103.57811,43.85582],[-103.48722,43.85632],[-103.49428,43.86106],[-103.48945,43.86803],[-103.4862,43.87009],[-103.48401,43.86799],[-103.48275,43.87003],[-103.48127,43.87663],[-103.48516,43.87896],[-103.48267,43.88113],[-103.484,43.88582],[-103.47914,43.89065],[-103.4804,43.8957],[-103.48524,43.89852],[-103.48243,43.90485],[-103.48511,43.90742],[-103.49278,43.90942],[-103.4899,43.91551],[-103.46607,43.91448],[-103.46597,43.92342],[-103.46002,43.92665],[-103.44275,43.92477],[-103.44173,43.9175],[-103.43527,43.90668],[-103.43131,43.90523],[-103.40325,43.90491],[-103.40312,43.90059],[-103.39967,43.89733],[-103.38828,43.89255],[-103.38684,43.89357],[-103.38961,43.89541],[-103.38931,43.89713],[-103.35906,43.89714],[-103.36575,43.90446],[-103.36364,43.90625],[-103.35505,43.90714],[-103.35253,43.90621],[-103.35197,43.89992],[-103.34834,43.90059],[-103.34549,43.89731],[-103.33855,43.89726],[-103.33842,43.88325],[-103.29891,43.88354],[-103.29807,43.86464],[-103.30116,43.86477],[-103.30055,43.85629],[-103.42298,43.85649],[-103.41005,43.85511],[-103.40672,43.84859],[-103.39839,43.84694],[-103.40087,43.84511],[-103.39538,43.8407],[-103.38494,43.84166],[-103.38309,43.84017],[-103.38351,43.83785],[-103.36884,43.83411],[-103.36952,43.82909],[-103.36558,43.82488],[-103.49133,43.82531],[-103.49144,43.82898],[-103.52255,43.829],[-103.5224,43.8327],[-103.52726,43.83284],[-103.52796,43.85363],[-103.57675,43.85359],[-103.57811,43.85582]]]}},{"type":"Feature","id":"57756","properties":{"zip":"57756","pop":null,"city":"Manderson-White Horse Creek","county":"Oglala Lakota","state":"South Dakota","area":48.39,"lat":43.23747,"lon":-102.47548},"geometry":{"type":"Polygon","coordinates":[[[-102.58226,43.31347],[-102.55158,43.31464],[-102.54327,43.31294],[-102.53374,43.31675],[-102.52745,43.30985],[-102.52169,43.309],[-102.49827,43.31334],[-102.48772,43.31304],[-102.4792,43.31003],[-102.47692,43.30541],[-102.46792,43.30407],[-102.47116,43.28072],[-102.46726,43.28164],[-102.46091,43.27911],[-102.45133,43.27354],[-102.44608,43.26808],[-102.4406,43.26658],[-102.43175,43.26756],[-102.42978,43.27049],[-102.41852,43.27074],[-102.41508,43.27307],[-102.41057,43.26852],[-102.40882,43.26152],[-102.40535,43.25924],[-102.39879,43.24908],[-102.38758,43.24607],[-102.37039,43.21205],[-102.37267,43.21063],[-102.37494,43.21608],[-102.3778,43.21666],[-102.38141,43.20973],[-102.38463,43.20795],[-102.38513,43.19856],[-102.37927,43.19421],[-102.39896,43.18447],[-102.39939,43.18138],[-102.39704,43.17739],[-102.4,43.17252],[-102.41117,43.17183],[-102.42386,43.17593],[-102.42953,43.18123],[-102.43276,43.17997],[-102.43388,43.17802],[-102.43152,43.17179],[-102.44875,43.16293],[-102.45333,43.15582],[-102.45134,43.15118],[-102.45449,43.15045],[-102.45713,43.14409],[-102.46704,43.15375],[-102.47039,43.15353],[-102.47529,43.15696],[-102.48198,43.15215],[-102.5165,43.19846],[-102.55075,43.25349],[-102.58227,43.30478],[-102.58226,43.31347]]]}},{"type":"Feature","id":"57763","properties":{"zip":"57763","pop":null,"city":"","county":"Fall River","state":"South Dakota","area":273.09,"lat":43.11992,"lon":-103.24948},"geometry":{"type":"Polygon","coordinates":[[[-103.54335,43.12969],[-103.34427,43.12961],[-103.34425,43.15864],[-103.36671,43.15863],[-103.36667,43.202],[-103.34692,43.2021],[-103.34674,43.27464],[-103.30874,43.27463],[-103.31092,43.27963],[-103.32747,43.29436],[-103.32741,43.30363],[-103.22543,43.30352],[-103.22545,43.2998],[-103.22238,43.2998],[-103.22397,43.29432],[-103.23404,43.27426],[-103.24564,43.26008],[-103.25738,43.25482],[-103.25973,43.2521],[-103.24826,43.23287],[-103.23442,43.20058],[-103.23088,43.18767],[-103.12988,43.18753],[-103.12973,43.217],[-103.09321,43.21507],[-103.09635,43.21564],[-103.0982,43.22169],[-103.104,43.22224],[-103.10392,43.22391],[-103.10761,43.22492],[-103.10519,43.23062],[-103.11069,43.23564],[-103.11115,43.24005],[-103.1035,43.24041],[-103.1077,43.24561],[-103.10731,43.24959],[-103.11253,43.25359],[-103.11821,43.25406],[-103.11937,43.25836],[-103.11689,43.25693],[-103.11476,43.25794],[-103.1163,43.26232],[-103.11514,43.26309],[-103.11837,43.26476],[-103.11974,43.26854],[-103.12408,43.26747],[-103.12658,43.27185],[-103.12862,43.27226],[-103.12805,43.27536],[-103.13506,43.27818],[-103.13758,43.28648],[-103.13108,43.28651],[-103.1219,43.28326],[-103.11049,43.28763],[-103.09185,43.28791],[-103.07568,43.28543],[-103.06358,43.28651],[-103.04969,43.28046],[-103.036,43.28118],[-103.02898,43.27885],[-103.02336,43.2813],[-103.02153,43.28491],[-103.01599,43.28825],[-103.0008,43.28701],[-103.00082,43.15874],[-103.01894,43.15939],[-103.03568,43.15719],[-103.0508,43.1585],[-103.0524,43.13397],[-103.05093,43.12827],[-103.05111,43.09758],[-103.05268,43.09445],[-103.05104,43.09291],[-103.05104,43.07063],[-103.04935,43.06764],[-103.0412,43.06373],[-103.04124,43.05407],[-103.03818,43.04296],[-103.0396,43.03228],[-103.03535,43.0291],[-103.03481,43.02051],[-103.02317,43.01389],[-103.02537,43.00789],[-103.02073,43.00052],[-103.54335,43.00079],[-103.54335,43.12969]]]}},{"type":"Feature","id":"57764","properties":{"zip":"57764","pop":null,"city":"Oglala","county":"Oglala Lakota","state":"South Dakota","area":199.54,"lat":43.23669,"lon":-102.7554},"geometry":{"type":"Polygon","coordinates":[[[-103.00081,43.18832],[-103.0008,43.28701],[-102.99188,43.28765],[-102.97362,43.28312],[-102.96587,43.2847],[-102.95265,43.28342],[-102.94762,43.27919],[-102.9104,43.2678],[-102.89925,43.26637],[-102.88323,43.26866],[-102.8653,43.26379],[-102.84841,43.25516],[-102.82645,43.25484],[-102.81786,43.25173],[-102.81745,43.26167],[-102.80481,43.27487],[-102.79305,43.30286],[-102.76115,43.30384],[-102.73922,43.31805],[-102.72784,43.32236],[-102.73153,43.3274],[-102.73544,43.32601],[-102.74954,43.32901],[-102.74946,43.33334],[-102.7401,43.3379],[-102.72987,43.33993],[-102.72946,43.34397],[-102.72032,43.34752],[-102.72302,43.34981],[-102.72642,43.36277],[-102.73209,43.37031],[-102.73841,43.38583],[-102.7488,43.39701],[-102.75934,43.4133],[-102.74573,43.41231],[-102.73268,43.41441],[-102.71147,43.41292],[-102.70293,43.41565],[-102.66575,43.40845],[-102.58627,43.31175],[-102.5165,43.19846],[-102.51929,43.19764],[-102.52114,43.19387],[-102.52617,43.19703],[-102.5367,43.19715],[-102.5417,43.19957],[-102.5451,43.19779],[-102.54329,43.19164],[-102.54757,43.1875],[-102.54551,43.18098],[-102.55201,43.17125],[-102.54858,43.1624],[-102.54715,43.15149],[-102.55091,43.14314],[-102.5572,43.14164],[-102.56142,43.14393],[-102.56373,43.14285],[-102.5735,43.14827],[-102.58239,43.14444],[-102.58238,43.15377],[-102.58531,43.1587],[-102.59433,43.16089],[-102.59977,43.16491],[-102.60278,43.17156],[-102.61116,43.17516],[-102.62308,43.17346],[-102.62611,43.17517],[-102.62988,43.17194],[-102.63413,43.17355],[-102.64299,43.1823],[-102.65351,43.18769],[-102.65599,43.17943],[-102.66529,43.17965],[-102.68124,43.16127],[-102.6931,43.15891],[-102.68332,43.14653],[-102.68154,43.14781],[-102.67413,43.14627],[-102.67255,43.14543],[-102.67353,43.14416],[-102.67105,43.14455],[-102.66829,43.14218],[-102.66523,43.13608],[-102.67316,43.13357],[-102.66698,43.12979],[-102.94971,43.12999],[-102.9525,43.13373],[-102.94977,43.13912],[-102.95593,43.14825],[-102.97607,43.15805],[-103.00082,43.15874],[-103.00081,43.18832]]]}},{"type":"Feature","id":"57010","properties":{"zip":"57010","pop":null,"city":"","county":"Clay","state":"South Dakota","area":47.03,"lat":42.81186,"lon":-96.82401},"geometry":{"type":"Polygon","coordinates":[[[-96.90538,42.76638],[-96.87555,42.75824],[-96.87558,42.76551],[-96.84596,42.76457],[-96.846,42.78638],[-96.86567,42.78642],[-96.86566,42.80094],[-96.84595,42.80128],[-96.86564,42.80853],[-96.86525,42.82274],[-96.84562,42.82274],[-96.84541,42.86633],[-96.86507,42.86635],[-96.86511,42.90995],[-96.85535,42.90996],[-96.85537,42.91374],[-96.84522,42.91374],[-96.84512,42.931],[-96.86502,42.93098],[-96.86498,42.93898],[-96.84512,42.93896],[-96.84518,42.9535],[-96.82546,42.95351],[-96.82545,42.939],[-96.81263,42.93901],[-96.81515,42.92083],[-96.81517,42.90222],[-96.82542,42.90222],[-96.82559,42.88078],[-96.80588,42.88068],[-96.8058,42.89092],[-96.80071,42.89095],[-96.80091,42.89517],[-96.79528,42.89519],[-96.79544,42.88744],[-96.77639,42.88746],[-96.77649,42.87407],[-96.7664,42.87412],[-96.76638,42.84468],[-96.7769,42.84468],[-96.7769,42.83048],[-96.76637,42.83045],[-96.76554,42.76505],[-96.78613,42.76438],[-96.78645,42.72123],[-96.80229,42.72097],[-96.8065,42.72661],[-96.80622,42.70415],[-96.84342,42.71202],[-96.86044,42.7208],[-96.87279,42.7241],[-96.88684,42.72522],[-96.90478,42.73293],[-96.90538,42.76638]]]}},{"type":"Feature","id":"57012","properties":{"zip":"57012","pop":null,"city":"","county":"McCook","state":"South Dakota","area":60.96,"lat":43.59681,"lon":-97.27987},"geometry":{"type":"Polygon","coordinates":[[[-97.44823,43.63026],[-97.38749,43.63013],[-97.38433,43.63717],[-97.38458,43.64461],[-97.3474,43.64463],[-97.34774,43.65917],[-97.28788,43.65922],[-97.28796,43.66639],[-97.26816,43.6662],[-97.26827,43.67356],[-97.24842,43.67352],[-97.24814,43.65918],[-97.23868,43.659],[-97.23842,43.61571],[-97.18896,43.6159],[-97.18897,43.63036],[-97.16801,43.63032],[-97.16873,43.59417],[-97.1487,43.59375],[-97.14826,43.58653],[-97.13828,43.58668],[-97.13834,43.57546],[-97.12924,43.57543],[-97.12946,43.55774],[-97.1496,43.55795],[-97.14951,43.54341],[-97.18937,43.54337],[-97.18941,43.55067],[-97.20931,43.55064],[-97.20937,43.55783],[-97.22926,43.55796],[-97.22927,43.55066],[-97.23919,43.55061],[-97.23939,43.52879],[-97.28821,43.52881],[-97.28798,43.54348],[-97.34783,43.54346],[-97.34778,43.55089],[-97.3565,43.55084],[-97.36104,43.55862],[-97.35937,43.56025],[-97.36077,43.56507],[-97.34766,43.56509],[-97.34759,43.57252],[-97.38779,43.57243],[-97.38831,43.60115],[-97.40829,43.60108],[-97.40839,43.61559],[-97.44822,43.6157],[-97.44823,43.63026]]]}},{"type":"Feature","id":"57383","properties":{"zip":"57383","pop":null,"city":"","county":"Aurora","state":"South Dakota","area":185.83,"lat":43.71779,"lon":-98.71383},"geometry":{"type":"Polygon","coordinates":[[[-98.81638,43.62579],[-98.81449,43.62591],[-98.81442,43.73072],[-98.79499,43.73065],[-98.7959,43.78897],[-98.80558,43.78882],[-98.80558,43.79562],[-98.81604,43.79559],[-98.81618,43.80315],[-98.79617,43.80338],[-98.7964,43.81789],[-98.81645,43.81757],[-98.81661,43.8321],[-98.80642,43.83226],[-98.80649,43.8398],[-98.81627,43.83975],[-98.81636,43.84853],[-98.80679,43.84849],[-98.80777,43.93522],[-98.68813,43.93576],[-98.68797,43.89215],[-98.63037,43.89241],[-98.63038,43.84865],[-98.66637,43.84869],[-98.66674,43.83214],[-98.63327,43.83125],[-98.6334,43.81675],[-98.64477,43.81667],[-98.64491,43.78846],[-98.6222,43.78786],[-98.62211,43.77351],[-98.62492,43.75933],[-98.62493,43.72216],[-98.61364,43.72136],[-98.61377,43.70849],[-98.59454,43.70845],[-98.59398,43.65674],[-98.55412,43.65758],[-98.55465,43.62858],[-98.57437,43.62669],[-98.59418,43.62778],[-98.5951,43.58517],[-98.63501,43.5852],[-98.63493,43.5707],[-98.67474,43.57155],[-98.67633,43.4991],[-98.71495,43.49912],[-98.71543,43.51362],[-98.77476,43.51371],[-98.77482,43.51987],[-98.79443,43.52002],[-98.7943,43.60044],[-98.81446,43.60043],[-98.81424,43.62205],[-98.81638,43.62579]]]}},{"type":"Feature","id":"57006","properties":{"zip":"57006","pop":null,"city":"Brookings","county":"Brookings","state":"South Dakota","area":109.05,"lat":44.31594,"lon":-96.79514},"geometry":{"type":"Polygon","coordinates":[[[-96.91079,44.36976],[-96.88715,44.36981],[-96.88696,44.3843],[-96.86832,44.38423],[-96.8683,44.39874],[-96.82804,44.39866],[-96.82776,44.50018],[-96.78707,44.49992],[-96.78703,44.51451],[-96.76651,44.51404],[-96.76657,44.50679],[-96.75692,44.50681],[-96.75651,44.44906],[-96.7471,44.44933],[-96.74715,44.44185],[-96.72699,44.44155],[-96.72732,44.38372],[-96.74747,44.38376],[-96.74797,44.35516],[-96.72783,44.35502],[-96.7282,44.32595],[-96.70787,44.32594],[-96.70776,44.29688],[-96.72659,44.29693],[-96.72475,44.29262],[-96.72773,44.27425],[-96.72467,44.26814],[-96.70757,44.26817],[-96.70668,44.23911],[-96.71676,44.23906],[-96.71677,44.23186],[-96.70659,44.23181],[-96.70753,44.19573],[-96.72889,44.19559],[-96.72951,44.16708],[-96.74965,44.16705],[-96.74962,44.15982],[-96.75947,44.15982],[-96.75955,44.15247],[-96.7887,44.15238],[-96.78879,44.16011],[-96.80899,44.16002],[-96.80907,44.16707],[-96.84945,44.16733],[-96.84948,44.16011],[-96.85955,44.16004],[-96.85957,44.16731],[-96.86969,44.16729],[-96.86977,44.18186],[-96.88921,44.18172],[-96.88922,44.1957],[-96.86781,44.19566],[-96.86618,44.19723],[-96.8654,44.19559],[-96.85307,44.19568],[-96.8484,44.19808],[-96.84,44.20865],[-96.84001,44.21124],[-96.83775,44.21197],[-96.83467,44.21967],[-96.83514,44.22198],[-96.84249,44.2236],[-96.84347,44.22577],[-96.83702,44.23058],[-96.82841,44.22743],[-96.82819,44.23937],[-96.84839,44.23938],[-96.84911,44.2684],[-96.88846,44.26832],[-96.88825,44.29725],[-96.88025,44.29733],[-96.88066,44.3117],[-96.87585,44.31133],[-96.87086,44.31204],[-96.8775,44.31255],[-96.87577,44.31406],[-96.87962,44.31553],[-96.87631,44.31812],[-96.88807,44.31963],[-96.88792,44.32597],[-96.89854,44.32592],[-96.89738,44.36204],[-96.89976,44.36309],[-96.89959,44.36682],[-96.90987,44.36673],[-96.91079,44.36976]],[[-96.78845,44.31415],[-96.77801,44.31466],[-96.77829,44.32016],[-96.78254,44.32063],[-96.78221,44.32583],[-96.78837,44.32587],[-96.78845,44.31415]]]}},{"type":"Feature","id":"57314","properties":{"zip":"57314","pop":null,"city":"","county":"Sanborn","state":"South Dakota","area":194.73,"lat":44.05106,"lon":-97.98902},"geometry":{"type":"Polygon","coordinates":[[[-98.17196,43.99667],[-98.17166,44.05445],[-98.131,44.05439],[-98.13154,44.14013],[-98.15097,44.1408],[-98.15067,44.1841],[-98.14277,44.18429],[-98.1419,44.19132],[-98.13792,44.19228],[-98.13725,44.19581],[-97.84949,44.19523],[-97.84975,44.18327],[-97.87,44.18351],[-97.87062,44.1255],[-97.85039,44.1253],[-97.85086,43.99478],[-97.87104,43.99485],[-97.87092,43.92279],[-97.85105,43.92224],[-97.85111,43.84986],[-97.97136,43.85066],[-97.97098,43.87385],[-97.97328,43.87541],[-97.9838,43.87564],[-97.9792,43.88029],[-97.97092,43.88021],[-97.97079,43.89418],[-97.98237,43.89429],[-97.98188,43.90102],[-97.98814,43.90188],[-97.99134,43.90575],[-97.98407,43.90975],[-97.97065,43.90971],[-97.96838,43.91149],[-97.96955,43.91387],[-97.95744,43.91756],[-97.95833,43.9192],[-97.9562,43.91866],[-97.95623,43.92079],[-97.95202,43.92303],[-97.97053,43.92327],[-97.97067,43.95216],[-97.99086,43.95233],[-97.99105,43.98077],[-98.03059,43.98087],[-98.03053,43.99547],[-98.07144,43.9952],[-98.07108,43.96693],[-98.17173,43.96736],[-98.17196,43.99667]]]}},{"type":"Feature","id":"57014","properties":{"zip":"57014","pop":null,"city":"","county":"Turner","state":"South Dakota","area":99.1,"lat":43.11234,"lon":-96.95349},"geometry":{"type":"Polygon","coordinates":[[[-97.08151,43.12676],[-97.04222,43.12692],[-97.0422,43.14142],[-97.03209,43.14144],[-97.03207,43.14479],[-97.0223,43.1448],[-97.02193,43.15373],[-97.02683,43.15328],[-97.02683,43.14879],[-97.03219,43.14879],[-97.03217,43.17043],[-97.0178,43.17049],[-97.01815,43.17791],[-97.01323,43.17791],[-97.01487,43.18538],[-97.00483,43.18544],[-97.00461,43.19969],[-96.99272,43.19976],[-96.99244,43.21343],[-96.98231,43.21352],[-96.98226,43.22949],[-96.98506,43.24278],[-96.90562,43.24341],[-96.90542,43.22889],[-96.86568,43.2289],[-96.86554,43.21435],[-96.85618,43.21435],[-96.85609,43.19982],[-96.86544,43.19982],[-96.86527,43.17817],[-96.8551,43.1781],[-96.85507,43.17074],[-96.84546,43.17074],[-96.84542,43.16385],[-96.8454,43.15627],[-96.86523,43.15625],[-96.86516,43.14172],[-96.84534,43.14173],[-96.84529,43.12716],[-96.86511,43.12721],[-96.86504,43.11269],[-96.84526,43.11266],[-96.84526,43.09817],[-96.88485,43.09822],[-96.88484,43.09107],[-96.89545,43.09105],[-96.89542,43.08373],[-96.90465,43.08372],[-96.9043,43.0546],[-96.92399,43.05272],[-96.92396,43.01115],[-96.90433,43.01111],[-96.90423,42.99667],[-96.88448,42.99666],[-96.88471,42.96798],[-96.90449,42.96799],[-96.90455,42.95347],[-96.92398,42.95326],[-96.92398,42.9391],[-96.93408,42.93918],[-96.94056,42.94935],[-96.944,42.94935],[-96.94379,42.96746],[-96.93418,42.96789],[-96.93421,42.9714],[-96.94428,42.97165],[-96.94358,42.99677],[-97.02259,42.99638],[-97.0224,43.03159],[-97.0177,43.03426],[-97.02079,43.03594],[-97.01911,43.03933],[-97.02292,43.03976],[-97.02319,43.04336],[-97.03249,43.04148],[-97.03289,43.05408],[-97.04219,43.05447],[-97.04225,43.06894],[-97.06151,43.06917],[-97.06174,43.0761],[-97.05673,43.07607],[-97.05673,43.0834],[-97.06199,43.08339],[-97.06233,43.09794],[-97.08099,43.0986],[-97.08151,43.12676]]]}},{"type":"Feature","id":"57015","properties":{"zip":"57015","pop":null,"city":"","county":"Turner","state":"South Dakota","area":36.02,"lat":43.42196,"lon":-96.98},"geometry":{"type":"Polygon","coordinates":[[[-97.03353,43.43116],[-97.02412,43.43124],[-97.0241,43.49979],[-96.99,43.49977],[-96.98989,43.51436],[-96.96998,43.51444],[-96.97018,43.49983],[-96.94461,43.49993],[-96.94464,43.47546],[-96.9249,43.47566],[-96.92477,43.46119],[-96.94465,43.46102],[-96.94462,43.43197],[-96.92479,43.43217],[-96.92454,43.37611],[-96.96421,43.36182],[-96.96421,43.32987],[-97.00487,43.32992],[-97.00399,43.34445],[-97.01121,43.34438],[-97.01283,43.34659],[-97.0228,43.34826],[-97.02401,43.42403],[-97.03355,43.42405],[-97.03353,43.43116]]]}},{"type":"Feature","id":"57017","properties":{"zip":"57017","pop":null,"city":"","county":"Moody","state":"South Dakota","area":78.18,"lat":44.02246,"lon":-96.82791},"geometry":{"type":"Polygon","coordinates":[[[-96.90883,43.90628],[-96.88885,43.90628],[-96.8887,44.02246],[-96.86897,44.02219],[-96.86981,44.05131],[-96.88871,44.05149],[-96.88871,44.10957],[-96.86914,44.10937],[-96.86951,44.13818],[-96.88865,44.13836],[-96.88909,44.15283],[-96.86961,44.15272],[-96.86969,44.16729],[-96.85957,44.16731],[-96.85955,44.16004],[-96.84948,44.16011],[-96.84945,44.16733],[-96.82923,44.16729],[-96.80907,44.16707],[-96.80899,44.16002],[-96.78879,44.16011],[-96.7887,44.15238],[-96.769,44.15242],[-96.76872,44.06567],[-96.78889,44.0657],[-96.78879,44.05871],[-96.76872,44.05867],[-96.76863,44.04438],[-96.78874,44.04413],[-96.78875,44.02223],[-96.75904,44.02231],[-96.75879,44.00788],[-96.74886,44.00805],[-96.74846,43.97906],[-96.75835,43.97893],[-96.75846,43.93532],[-96.76872,43.93535],[-96.7687,43.92814],[-96.77869,43.92818],[-96.77863,43.92435],[-96.78399,43.92438],[-96.78395,43.92815],[-96.78877,43.92823],[-96.78876,43.90632],[-96.80872,43.90637],[-96.80864,43.89187],[-96.82865,43.89184],[-96.8285,43.87734],[-96.86876,43.87732],[-96.86887,43.89183],[-96.90879,43.8918],[-96.90883,43.90628]]]}},{"type":"Feature","id":"57332","properties":{"zip":"57332","pop":null,"city":"","county":"Hanson","state":"South Dakota","area":72.32,"lat":43.54651,"lon":-97.64762},"geometry":{"type":"Polygon","coordinates":[[[-97.75928,43.4577],[-97.73919,43.45779],[-97.73895,43.47225],[-97.71915,43.47229],[-97.71882,43.48671],[-97.69912,43.48689],[-97.69847,43.49986],[-97.69545,43.49985],[-97.69546,43.5143],[-97.70654,43.51429],[-97.70648,43.536],[-97.70105,43.53611],[-97.70116,43.54333],[-97.6866,43.54334],[-97.68685,43.55793],[-97.70681,43.55789],[-97.70726,43.57931],[-97.69735,43.5793],[-97.69742,43.58308],[-97.68744,43.58304],[-97.68677,43.60107],[-97.69666,43.60117],[-97.69625,43.62327],[-97.70613,43.62329],[-97.7061,43.63021],[-97.68632,43.63007],[-97.68627,43.65187],[-97.66641,43.65172],[-97.66644,43.6655],[-97.64641,43.66542],[-97.64645,43.67333],[-97.60648,43.67331],[-97.6066,43.6655],[-97.58831,43.66544],[-97.58824,43.65859],[-97.56835,43.65849],[-97.56787,43.62965],[-97.54793,43.62982],[-97.54758,43.60083],[-97.56731,43.60065],[-97.56731,43.57208],[-97.58718,43.57202],[-97.58752,43.54322],[-97.60702,43.54262],[-97.60701,43.49983],[-97.60007,43.49982],[-97.59962,43.44379],[-97.63831,43.44369],[-97.63845,43.42918],[-97.69902,43.42915],[-97.69898,43.42526],[-97.68966,43.42493],[-97.68964,43.42095],[-97.68462,43.42074],[-97.68433,43.41499],[-97.70847,43.41495],[-97.70838,43.42195],[-97.71885,43.42197],[-97.71909,43.42908],[-97.75877,43.42895],[-97.75928,43.4577]]]}},{"type":"Feature","id":"57334","properties":{"zip":"57334","pop":null,"city":"","county":"Davison","state":"South Dakota","area":77.17,"lat":43.54193,"lon":-97.99484},"geometry":{"type":"Polygon","coordinates":[[[-98.18343,43.52716],[-98.16376,43.52753],[-98.16638,43.58571],[-97.96631,43.5862],[-97.9668,43.62982],[-97.94664,43.62971],[-97.94306,43.6338],[-97.9425,43.63005],[-97.93846,43.63307],[-97.93434,43.62893],[-97.91682,43.62896],[-97.91684,43.62206],[-97.90726,43.62204],[-97.90694,43.61547],[-97.88692,43.61548],[-97.88689,43.60096],[-97.87803,43.60103],[-97.87797,43.59351],[-97.88689,43.59347],[-97.88604,43.54305],[-97.86602,43.54298],[-97.86552,43.49953],[-97.82595,43.49967],[-97.82598,43.49286],[-97.81847,43.49308],[-97.81856,43.48579],[-97.83821,43.48529],[-97.83859,43.45658],[-97.83447,43.45307],[-97.83842,43.45198],[-97.83827,43.44221],[-97.87789,43.44111],[-97.87809,43.47113],[-97.8981,43.4711],[-97.89801,43.48561],[-97.91769,43.48561],[-97.91784,43.4711],[-97.93777,43.4711],[-97.93732,43.49917],[-97.96459,43.49904],[-97.96479,43.5134],[-97.99465,43.51343],[-97.9946,43.52023],[-98.02458,43.52033],[-98.02475,43.52779],[-98.04465,43.52784],[-98.04424,43.51308],[-98.07322,43.51305],[-98.07333,43.50653],[-98.08353,43.50659],[-98.08344,43.49845],[-98.1822,43.49798],[-98.18343,43.52716]]]}},{"type":"Feature","id":"57335","properties":{"zip":"57335","pop":null,"city":"","county":"Gregory","state":"South Dakota","area":84.1,"lat":43.06005,"lon":-98.77245},"geometry":{"type":"Polygon","coordinates":[[[-98.92281,43.0822],[-98.90312,43.08234],[-98.90316,43.08943],[-98.89221,43.09295],[-98.88896,43.09633],[-98.89036,43.1029],[-98.87381,43.11048],[-98.8702,43.11462],[-98.86397,43.11595],[-98.86492,43.11941],[-98.85914,43.12355],[-98.86273,43.12655],[-98.86005,43.13025],[-98.86196,43.13268],[-98.8603,43.1359],[-98.86093,43.14027],[-98.86184,43.14334],[-98.86337,43.14276],[-98.86128,43.14629],[-98.85006,43.14201],[-98.82555,43.14145],[-98.8257,43.15236],[-98.81008,43.15192],[-98.79043,43.15011],[-98.76917,43.14366],[-98.75036,43.12953],[-98.73128,43.10518],[-98.71457,43.08891],[-98.69046,43.07656],[-98.653,43.07128],[-98.61577,43.07399],[-98.55861,43.0591],[-98.56414,43.05104],[-98.56414,43.04762],[-98.56023,43.04286],[-98.57763,43.03908],[-98.64572,43.03577],[-98.64547,42.99846],[-98.90312,42.9983],[-98.90301,43.06788],[-98.92269,43.06787],[-98.92281,43.0822]]]}},{"type":"Feature","id":"57376","properties":{"zip":"57376","pop":null,"city":"","county":"Hutchinson","state":"South Dakota","area":111.65,"lat":43.21955,"lon":-97.94165},"geometry":{"type":"Polygon","coordinates":[[[-98.06996,43.1968],[-98.07028,43.23982],[-98.09019,43.23978],[-98.09018,43.25429],[-98.07064,43.25429],[-98.07071,43.26809],[-97.97369,43.26928],[-97.97387,43.29052],[-97.9646,43.29077],[-97.96476,43.29831],[-97.95423,43.29839],[-97.95444,43.31288],[-97.89564,43.31345],[-97.89577,43.32029],[-97.87592,43.32048],[-97.87654,43.34138],[-97.83659,43.34173],[-97.83701,43.31403],[-97.79705,43.31421],[-97.79539,43.21264],[-97.81543,43.21255],[-97.81522,43.19799],[-97.85456,43.19788],[-97.85446,43.19133],[-97.87347,43.19648],[-97.87258,43.15495],[-97.91188,43.15468],[-97.91034,43.1113],[-98.00979,43.11114],[-98.01001,43.12551],[-98.09256,43.12544],[-98.08982,43.15254],[-98.07711,43.16833],[-98.06904,43.18489],[-98.10949,43.19684],[-98.06996,43.1968]]]}},{"type":"Feature","id":"57379","properties":{"zip":"57379","pop":null,"city":"","county":"Beadle","state":"South Dakota","area":39.41,"lat":44.26425,"lon":-98.53806},"geometry":{"type":"Polygon","coordinates":[[[-98.68024,44.26925],[-98.63981,44.26931],[-98.63945,44.2838],[-98.57896,44.2837],[-98.579,44.3127],[-98.47811,44.31262],[-98.47808,44.29816],[-98.42951,44.2982],[-98.43412,44.31264],[-98.41067,44.31256],[-98.40139,44.29837],[-98.39717,44.29836],[-98.39718,44.28368],[-98.41758,44.28366],[-98.41749,44.26928],[-98.43774,44.26928],[-98.43794,44.28366],[-98.45784,44.28366],[-98.45784,44.25467],[-98.49829,44.25454],[-98.49813,44.1967],[-98.55898,44.19675],[-98.55894,44.22561],[-98.56855,44.22575],[-98.56858,44.2328],[-98.57909,44.23282],[-98.57912,44.22576],[-98.59938,44.22582],[-98.59932,44.24034],[-98.61954,44.24038],[-98.61948,44.24752],[-98.65124,44.24759],[-98.65125,44.25496],[-98.66025,44.25493],[-98.66022,44.23959],[-98.68043,44.24021],[-98.68024,44.26925]]]}},{"type":"Feature","id":"57341","properties":{"zip":"57341","pop":null,"city":"","county":"Buffalo","state":"South Dakota","area":178.62,"lat":44.08074,"lon":-99.08965},"geometry":{"type":"Polygon","coordinates":[[[-99.2886,44.19481],[-99.23688,44.19492],[-99.23672,44.19643],[-98.98498,44.19653],[-98.98663,44.18053],[-98.94634,44.1807],[-98.94641,44.10822],[-98.98655,44.10819],[-98.9865,44.07914],[-98.92639,44.07926],[-98.927,43.93514],[-98.86723,43.93509],[-98.86778,43.9063],[-98.88764,43.90601],[-98.88765,43.92051],[-98.90745,43.92054],[-98.90752,43.90607],[-98.94703,43.90623],[-98.94707,43.89946],[-98.95028,43.901],[-98.95135,43.89843],[-98.95529,43.89936],[-98.9568,43.89544],[-98.96021,43.89454],[-98.95999,43.89603],[-98.96156,43.89356],[-98.96553,43.89313],[-98.96687,43.89426],[-98.96732,43.94947],[-99.03823,43.94916],[-99.03695,43.9509],[-99.05058,43.9597],[-99.05388,43.96238],[-99.0537,43.96429],[-99.05634,43.96408],[-99.06096,43.96988],[-99.07042,43.97427],[-99.07049,43.97726],[-99.07673,43.98625],[-99.08673,43.99012],[-99.08962,43.99312],[-99.09275,43.99223],[-99.09159,43.99619],[-99.08655,43.99976],[-99.08624,44.01777],[-99.08925,44.02048],[-99.10648,44.02042],[-99.10662,44.00592],[-99.13679,44.0058],[-99.13678,44.02007],[-99.2863,44.01958],[-99.28511,44.07675],[-99.24558,44.07759],[-99.24536,44.10731],[-99.28891,44.10691],[-99.2886,44.19481]]]}},{"type":"Feature","id":"57001","properties":{"zip":"57001","pop":null,"city":"","county":"Union","state":"South Dakota","area":72.75,"lat":42.9981,"lon":-96.65488},"geometry":{"type":"Polygon","coordinates":[[[-96.74603,42.91374],[-96.74605,42.94756],[-96.74162,42.94951],[-96.73914,42.95343],[-96.72669,42.95341],[-96.72668,43.05484],[-96.70699,43.05476],[-96.7071,43.08378],[-96.68734,43.08367],[-96.68733,43.09824],[-96.66774,43.09826],[-96.66776,43.10511],[-96.67775,43.10522],[-96.67807,43.12725],[-96.66781,43.12724],[-96.66782,43.12145],[-96.65799,43.11858],[-96.65816,43.12723],[-96.64808,43.12723],[-96.64807,43.11273],[-96.62836,43.11275],[-96.628,43.08364],[-96.5886,43.08372],[-96.58857,43.0692],[-96.56883,43.06918],[-96.56885,43.02541],[-96.58855,43.02608],[-96.58848,42.99683],[-96.60828,42.99683],[-96.60803,42.98149],[-96.5685,42.98149],[-96.5674,42.92346],[-96.59279,42.92343],[-96.59419,42.92074],[-96.59701,42.92083],[-96.59703,42.91609],[-96.60325,42.91009],[-96.60124,42.90895],[-96.60323,42.90537],[-96.59995,42.90322],[-96.59894,42.89828],[-96.60074,42.89688],[-96.59927,42.89487],[-96.60664,42.89482],[-96.60751,42.90895],[-96.62643,42.90904],[-96.62669,42.92353],[-96.64628,42.92359],[-96.64606,42.90909],[-96.65134,42.90913],[-96.65128,42.90183],[-96.6565,42.90183],[-96.65659,42.89472],[-96.66575,42.8947],[-96.66576,42.90919],[-96.68693,42.90925],[-96.68711,42.89542],[-96.69355,42.89535],[-96.69349,42.89195],[-96.70229,42.89196],[-96.70221,42.89527],[-96.70715,42.8952],[-96.70716,42.89196],[-96.71206,42.89195],[-96.71208,42.8952],[-96.72674,42.89518],[-96.72633,42.90996],[-96.74605,42.90992],[-96.74603,42.91374]]]}},{"type":"Feature","id":"57002","properties":{"zip":"57002","pop":null,"city":"","county":"Brookings","state":"South Dakota","area":45.78,"lat":44.2878,"lon":-96.67752},"geometry":{"type":"Polygon","coordinates":[[[-96.74738,44.36919],[-96.74747,44.38376],[-96.72732,44.38372],[-96.72709,44.41259],[-96.70688,44.41253],[-96.70695,44.40539],[-96.69669,44.40532],[-96.69678,44.39804],[-96.68677,44.398],[-96.68687,44.38349],[-96.66667,44.38352],[-96.66675,44.36917],[-96.64654,44.36911],[-96.6466,44.35452],[-96.65685,44.35467],[-96.65678,44.31108],[-96.60772,44.31114],[-96.60759,44.28646],[-96.61019,44.28581],[-96.61194,44.28977],[-96.61817,44.28869],[-96.61769,44.2904],[-96.62201,44.28889],[-96.62267,44.2821],[-96.58748,44.28228],[-96.58729,44.26145],[-96.60752,44.26573],[-96.60701,44.23886],[-96.64341,44.2389],[-96.64285,44.19555],[-96.64856,44.19558],[-96.64856,44.18147],[-96.70948,44.18164],[-96.70953,44.16671],[-96.72951,44.16708],[-96.72889,44.19559],[-96.70753,44.19573],[-96.70659,44.23181],[-96.71677,44.23186],[-96.71676,44.23906],[-96.70668,44.23911],[-96.70757,44.26817],[-96.72467,44.26814],[-96.72773,44.27425],[-96.72475,44.29262],[-96.72659,44.29693],[-96.70776,44.29688],[-96.70787,44.32594],[-96.7282,44.32595],[-96.72783,44.35502],[-96.74797,44.35516],[-96.74738,44.36919]]]}},{"type":"Feature","id":"57645","properties":{"zip":"57645","pop":null,"city":"","county":"Corson","state":"South Dakota","area":210.78,"lat":45.91197,"lon":-101.71856},"geometry":{"type":"Polygon","coordinates":[[[-101.87469,45.98797],[-101.87375,46.05937],[-101.85346,46.06025],[-101.85295,46.05792],[-101.84608,46.05808],[-101.84021,46.06039],[-101.84163,46.06338],[-101.84583,46.0606],[-101.84968,46.06279],[-101.8503,46.06498],[-101.84436,46.06485],[-101.84328,46.06747],[-101.84623,46.06608],[-101.84936,46.07328],[-101.85621,46.07149],[-101.855,46.0685],[-101.86182,46.06479],[-101.86688,46.0663],[-101.87095,46.065],[-101.86914,46.06337],[-101.87384,46.06333],[-101.87389,46.14741],[-101.83276,46.14737],[-101.83274,46.12834],[-101.81184,46.12615],[-101.8124,46.11828],[-101.72947,46.11822],[-101.7289,46.15438],[-101.70841,46.15414],[-101.70807,46.16147],[-101.68902,46.16139],[-101.68725,46.15999],[-101.68743,46.13219],[-101.67692,46.13206],[-101.67722,46.11806],[-101.62528,46.11788],[-101.62423,46.0365],[-101.63811,46.03713],[-101.63503,46.03562],[-101.63854,46.03235],[-101.63516,46.03009],[-101.64369,46.0281],[-101.64553,46.02964],[-101.64645,46.02751],[-101.64314,46.02463],[-101.65003,46.02399],[-101.6433,46.02065],[-101.64554,46.01515],[-101.65203,46.01428],[-101.65511,46.01698],[-101.66069,46.01401],[-101.65715,46.01481],[-101.65731,46.01221],[-101.66453,46.01164],[-101.66357,46.01582],[-101.66741,46.01384],[-101.66515,46.01164],[-101.66405,46.01141],[-101.64712,46.01156],[-101.65595,46.00473],[-101.6543,45.9936],[-101.66616,45.9934],[-101.66625,45.97334],[-101.64536,45.97321],[-101.64545,45.94435],[-101.70027,45.94438],[-101.70044,45.86227],[-101.59712,45.86226],[-101.59714,45.89115],[-101.55593,45.8912],[-101.55587,45.84779],[-101.57619,45.84778],[-101.5762,45.73188],[-101.59365,45.73193],[-101.59389,45.64544],[-101.71704,45.64633],[-101.71795,45.6974],[-101.7236,45.69749],[-101.72636,45.70338],[-101.7378,45.70727],[-101.73988,45.72522],[-101.73786,45.72736],[-101.73786,45.7312],[-101.74188,45.73278],[-101.74232,45.74629],[-101.75985,45.74638],[-101.76254,45.74785],[-101.76251,45.78984],[-101.80387,45.78983],[-101.80414,45.92911],[-101.77861,45.92536],[-101.76281,45.92671],[-101.76267,45.93442],[-101.72626,45.93496],[-101.72599,45.94229],[-101.72115,45.94227],[-101.72116,45.94421],[-101.87444,45.94452],[-101.87469,45.98797]]]}},{"type":"Feature","id":"57322","properties":{"zip":"57322","pop":null,"city":"","county":"Beadle","state":"South Dakota","area":119.88,"lat":44.63497,"lon":-97.96129},"geometry":{"type":"Polygon","coordinates":[[[-98.15994,44.61778],[-98.11936,44.61763],[-98.1194,44.68996],[-98.07876,44.68997],[-98.07868,44.70437],[-98.03811,44.70425],[-98.03806,44.71879],[-98.01776,44.71874],[-98.01778,44.70421],[-97.97718,44.70413],[-97.97694,44.74762],[-97.95778,44.74756],[-97.95772,44.76206],[-97.93748,44.76203],[-97.93738,44.7475],[-97.85623,44.74702],[-97.85625,44.64576],[-97.8162,44.64565],[-97.81623,44.63118],[-97.79873,44.63117],[-97.81618,44.62623],[-97.81583,44.55883],[-97.85626,44.5588],[-97.85627,44.54441],[-97.85303,44.5444],[-97.85322,44.49857],[-97.89357,44.49888],[-97.89368,44.52783],[-97.91381,44.52782],[-97.91402,44.54453],[-97.9574,44.54462],[-97.95744,44.5591],[-97.99749,44.55921],[-97.99782,44.5737],[-98.01814,44.57379],[-98.01813,44.57652],[-98.02667,44.57383],[-98.05862,44.57398],[-98.05867,44.60295],[-98.06823,44.60301],[-98.06841,44.58823],[-98.09906,44.58856],[-98.09904,44.57409],[-98.1224,44.57417],[-98.12934,44.57821],[-98.13945,44.57789],[-98.13946,44.58873],[-98.15985,44.5888],[-98.15994,44.61778]]]}},{"type":"Feature","id":"57648","properties":{"zip":"57648","pop":null,"city":"","county":"Campbell","state":"South Dakota","area":182.07,"lat":45.92728,"lon":-100.31762},"geometry":{"type":"Polygon","coordinates":[[[-100.5036,46.0862],[-100.49454,46.08078],[-100.48232,46.07738],[-100.48161,46.07393],[-100.44048,46.07368],[-100.44052,46.07017],[-100.43573,46.06515],[-100.43715,46.06338],[-100.43377,46.06298],[-100.43608,46.06037],[-100.43252,46.0592],[-100.40197,46.05915],[-100.40048,46.05754],[-100.39367,46.05919],[-100.22279,46.05862],[-100.22287,46.04411],[-100.25375,46.04416],[-100.25382,46.01517],[-100.2333,46.01503],[-100.23327,46.00051],[-100.21246,46.00049],[-100.21243,45.98598],[-100.12923,45.98583],[-100.12929,45.9713],[-100.10858,45.97125],[-100.10871,45.94239],[-100.08788,45.94231],[-100.08796,45.93438],[-100.11087,45.93443],[-100.11086,45.9271],[-100.1316,45.9271],[-100.13084,45.89828],[-100.13659,45.89826],[-100.13663,45.90503],[-100.14169,45.90501],[-100.14163,45.89358],[-100.15231,45.89355],[-100.15223,45.86914],[-100.21366,45.86939],[-100.2136,45.8548],[-100.22866,45.85482],[-100.22891,45.81144],[-100.25512,45.81156],[-100.25512,45.7971],[-100.22911,45.79701],[-100.22874,45.68127],[-100.23425,45.68127],[-100.23444,45.69227],[-100.24171,45.70368],[-100.24912,45.70967],[-100.25586,45.72341],[-100.26415,45.73138],[-100.26078,45.73793],[-100.26149,45.74266],[-100.27179,45.74616],[-100.28462,45.75899],[-100.28982,45.75778],[-100.29271,45.75385],[-100.30166,45.7517],[-100.30565,45.74383],[-100.3061,45.73765],[-100.32312,45.73092],[-100.35121,45.77184],[-100.37905,45.82342],[-100.38237,45.83861],[-100.38064,45.85818],[-100.38704,45.86914],[-100.41752,45.88401],[-100.43132,45.89734],[-100.46242,45.91957],[-100.47132,45.92178],[-100.48868,45.93028],[-100.49935,45.94363],[-100.50354,45.94364],[-100.50341,46.0448],[-100.49756,46.04479],[-100.4975,46.05192],[-100.50328,46.05197],[-100.5036,46.0862]]]}},{"type":"Feature","id":"57004","properties":{"zip":"57004","pop":null,"city":"","county":"Lincoln","state":"South Dakota","area":142.36,"lat":43.07571,"lon":-96.79376},"geometry":{"type":"Polygon","coordinates":[[[-96.92399,43.05272],[-96.9043,43.0546],[-96.90465,43.08372],[-96.89542,43.08373],[-96.89545,43.09105],[-96.88484,43.09107],[-96.88485,43.09822],[-96.84526,43.09817],[-96.84526,43.11266],[-96.86504,43.11269],[-96.86511,43.12721],[-96.84529,43.12716],[-96.84534,43.14173],[-96.86516,43.14172],[-96.86523,43.15625],[-96.8454,43.15627],[-96.84542,43.16385],[-96.84546,43.17074],[-96.85507,43.17074],[-96.8551,43.1781],[-96.86527,43.17817],[-96.86544,43.19982],[-96.85609,43.19982],[-96.85618,43.21435],[-96.86554,43.21435],[-96.86568,43.2289],[-96.84583,43.22887],[-96.84597,43.23572],[-96.82605,43.23571],[-96.82612,43.24345],[-96.8063,43.24335],[-96.80619,43.23543],[-96.78678,43.23539],[-96.78681,43.24331],[-96.72724,43.24322],[-96.7272,43.22873],[-96.70738,43.22871],[-96.70728,43.20691],[-96.69683,43.20693],[-96.69669,43.17072],[-96.68734,43.1707],[-96.68733,43.1634],[-96.67791,43.16338],[-96.67771,43.14925],[-96.68734,43.1492],[-96.68734,43.12725],[-96.67807,43.12725],[-96.67775,43.10522],[-96.66776,43.10511],[-96.66774,43.09826],[-96.68733,43.09824],[-96.68734,43.08367],[-96.7071,43.08378],[-96.70699,43.05476],[-96.72668,43.05484],[-96.72669,42.95341],[-96.73914,42.95343],[-96.74162,42.94951],[-96.74605,42.94756],[-96.74605,42.90992],[-96.72633,42.90996],[-96.72674,42.89518],[-96.74663,42.89521],[-96.74662,42.8917],[-96.75691,42.89162],[-96.76608,42.89182],[-96.76635,42.89523],[-96.78599,42.89528],[-96.78597,42.88749],[-96.79544,42.88744],[-96.79528,42.89519],[-96.80091,42.89517],[-96.80071,42.89095],[-96.8058,42.89092],[-96.80588,42.88068],[-96.82559,42.88078],[-96.82542,42.90222],[-96.81517,42.90222],[-96.81515,42.92083],[-96.81263,42.93901],[-96.82545,42.939],[-96.82546,42.95351],[-96.84518,42.9535],[-96.84512,42.93896],[-96.88482,42.93901],[-96.88476,42.95349],[-96.90455,42.95347],[-96.90449,42.96799],[-96.88471,42.96798],[-96.88448,42.99666],[-96.90423,42.99667],[-96.90433,43.01111],[-96.92396,43.01115],[-96.92399,43.05272]]]}},{"type":"Feature","id":"57005","properties":{"zip":"57005","pop":null,"city":"Brandon","county":"Minnehaha","state":"South Dakota","area":35.65,"lat":43.59276,"lon":-96.58725},"geometry":{"type":"Polygon","coordinates":[[[-96.67402,43.62003],[-96.6716,43.62277],[-96.67299,43.62361],[-96.67119,43.64399],[-96.63173,43.64532],[-96.63169,43.65969],[-96.61165,43.65966],[-96.61156,43.66662],[-96.60177,43.66664],[-96.60182,43.6741],[-96.59129,43.67403],[-96.59161,43.65958],[-96.57169,43.65967],[-96.57173,43.6483],[-96.56754,43.64759],[-96.56299,43.6543],[-96.55659,43.65299],[-96.55189,43.66074],[-96.53158,43.65916],[-96.53173,43.64471],[-96.55177,43.64529],[-96.55192,43.63083],[-96.53189,43.63036],[-96.53223,43.59227],[-96.53454,43.59227],[-96.53451,43.58729],[-96.56178,43.58706],[-96.56208,43.58548],[-96.56697,43.58524],[-96.56854,43.58252],[-96.53221,43.57926],[-96.53212,43.5584],[-96.55049,43.55834],[-96.55101,43.54385],[-96.53207,43.54389],[-96.53188,43.51461],[-96.55093,43.51467],[-96.55126,43.50765],[-96.54635,43.50759],[-96.54637,43.50042],[-96.59893,43.50044],[-96.60334,43.50983],[-96.59688,43.51506],[-96.59675,43.5224],[-96.60165,43.53036],[-96.6102,43.53296],[-96.61098,43.53609],[-96.60908,43.53931],[-96.60241,43.54193],[-96.59714,43.54894],[-96.6,43.55004],[-96.59848,43.55475],[-96.59164,43.55727],[-96.59354,43.56115],[-96.60063,43.56323],[-96.60304,43.56627],[-96.60029,43.57492],[-96.60394,43.57523],[-96.604,43.57271],[-96.62173,43.57283],[-96.62106,43.55841],[-96.63163,43.55835],[-96.63168,43.57288],[-96.62354,43.57285],[-96.62223,43.58732],[-96.61687,43.58727],[-96.64276,43.59802],[-96.65162,43.59613],[-96.65172,43.5994],[-96.64644,43.60301],[-96.62084,43.60953],[-96.59902,43.60468],[-96.61232,43.60906],[-96.62122,43.60967],[-96.64137,43.60908],[-96.63999,43.61047],[-96.67063,43.60803],[-96.67297,43.61303],[-96.67005,43.61627],[-96.67267,43.61682],[-96.67402,43.62003]]]}},{"type":"Feature","id":"57331","properties":{"zip":"57331","pop":null,"city":"","county":"Hutchinson","state":"South Dakota","area":49.72,"lat":43.47337,"lon":-98.04622},"geometry":{"type":"Polygon","coordinates":[[[-98.23326,43.49799],[-98.08344,43.49845],[-98.08353,43.50659],[-98.07333,43.50653],[-98.07322,43.51305],[-98.04424,43.51308],[-98.04465,43.52784],[-98.02475,43.52779],[-98.02458,43.52033],[-97.9946,43.52023],[-97.99465,43.51343],[-97.96479,43.5134],[-97.96459,43.49904],[-97.93732,43.49917],[-97.93777,43.4711],[-97.91784,43.4711],[-97.91769,43.48561],[-97.89801,43.48561],[-97.8981,43.4711],[-97.87809,43.47113],[-97.87789,43.44111],[-97.89774,43.44211],[-97.89806,43.45656],[-97.91789,43.45661],[-97.91753,43.44206],[-97.93755,43.44208],[-97.93719,43.4275],[-97.98407,43.42769],[-97.98496,43.4421],[-97.99726,43.44217],[-98.01704,43.44217],[-98.01682,43.42772],[-98.05614,43.42766],[-98.0571,43.44148],[-98.11272,43.44144],[-98.11286,43.45578],[-98.20141,43.45602],[-98.20131,43.46646],[-98.20518,43.46852],[-98.20525,43.4703],[-98.23227,43.47053],[-98.23326,43.49799]]]}},{"type":"Feature","id":"57329","properties":{"zip":"57329","pop":null,"city":"","county":"Charles Mix","state":"South Dakota","area":37.7,"lat":42.97812,"lon":-98.15227},"geometry":{"type":"Polygon","coordinates":[[[-98.21123,43.00871],[-98.20599,43.00875],[-98.2062,43.02332],[-98.19631,43.02345],[-98.19641,43.03437],[-98.19234,43.03442],[-98.19239,43.04672],[-98.18736,43.04661],[-98.1873,43.05781],[-98.16749,43.05782],[-98.16739,43.06839],[-98.14761,43.06819],[-98.14758,43.0752],[-98.12792,43.07525],[-98.12789,43.08241],[-98.10934,43.08254],[-98.10812,43.07847],[-98.10591,43.07817],[-98.11033,43.07343],[-98.10843,43.07199],[-98.10867,43.06513],[-98.10562,43.06141],[-98.10671,43.05928],[-98.10327,43.05653],[-98.10492,43.05109],[-98.10283,43.0486],[-98.10376,43.04745],[-98.10161,43.04702],[-98.10149,43.04519],[-98.10311,43.04608],[-98.10414,43.04425],[-98.10164,43.044],[-98.10286,43.03975],[-98.10139,43.03913],[-98.12848,43.03913],[-98.12875,43.02471],[-98.11376,43.02463],[-98.11428,43.01008],[-98.11203,43.01004],[-98.11268,43.00733],[-98.11109,43.00676],[-98.11418,43.00653],[-98.11315,43.00123],[-98.10999,42.99933],[-98.11077,42.99724],[-98.10738,42.99871],[-98.10672,42.99571],[-98.12886,42.9957],[-98.1291,42.96686],[-98.10925,42.96707],[-98.10925,42.95252],[-98.10397,42.95251],[-98.10354,42.94935],[-98.10523,42.95004],[-98.10765,42.94764],[-98.10868,42.94286],[-98.10625,42.94281],[-98.10372,42.93792],[-98.10811,42.93888],[-98.10948,42.93682],[-98.11399,42.93698],[-98.10873,42.93337],[-98.11268,42.93274],[-98.11327,42.92879],[-98.10664,42.92625],[-98.1068,42.92282],[-98.10969,42.92321],[-98.10975,42.9206],[-98.11429,42.91715],[-98.11105,42.91349],[-98.11678,42.91381],[-98.11332,42.91157],[-98.11609,42.9106],[-98.11902,42.91198],[-98.12322,42.91083],[-98.12203,42.90589],[-98.11633,42.90361],[-98.11611,42.90152],[-98.1181,42.90079],[-98.11393,42.8996],[-98.11546,42.89713],[-98.11188,42.89448],[-98.11591,42.88185],[-98.11361,42.8792],[-98.11594,42.87913],[-98.11476,42.87742],[-98.11805,42.87652],[-98.11885,42.87444],[-98.11662,42.8738],[-98.11705,42.86939],[-98.12296,42.87151],[-98.1237,42.86861],[-98.13085,42.8697],[-98.13216,42.86842],[-98.1298,42.86607],[-98.1382,42.8652],[-98.14044,42.86088],[-98.14671,42.8598],[-98.14464,42.88134],[-98.14527,42.88611],[-98.15076,42.89434],[-98.1509,42.90888],[-98.17055,42.90866],[-98.17024,42.89092],[-98.21069,42.89258],[-98.20996,42.90825],[-98.20297,42.90835],[-98.20275,42.89744],[-98.18792,42.89742],[-98.18824,42.90855],[-98.18623,42.90866],[-98.18865,42.91086],[-98.18908,42.91447],[-98.18953,42.94907],[-98.1882,42.95291],[-98.20937,42.95272],[-98.20937,42.9561],[-98.20794,42.95661],[-98.20783,42.96729],[-98.1882,42.96721],[-98.1856,42.97513],[-98.1859,42.99444],[-98.20584,42.99424],[-98.20596,43.00512],[-98.21071,43.00506],[-98.21123,43.00871]]]}},{"type":"Feature","id":"57330","properties":{"zip":"57330","pop":null,"city":"","county":"Douglas","state":"South Dakota","area":84.54,"lat":43.2615,"lon":-98.16084},"geometry":{"type":"Polygon","coordinates":[[[-98.24766,43.23883],[-98.24694,43.26806],[-98.22718,43.26801],[-98.2271,43.2896],[-98.23202,43.28962],[-98.23202,43.29318],[-98.2369,43.29321],[-98.23709,43.31112],[-98.24667,43.31119],[-98.24647,43.33969],[-98.22676,43.33951],[-98.22804,43.36892],[-98.18943,43.36913],[-98.1899,43.38375],[-98.13134,43.38377],[-98.13102,43.36932],[-98.0926,43.36959],[-98.09146,43.3265],[-98.10206,43.32633],[-98.10109,43.29746],[-98.09107,43.29756],[-98.09085,43.28307],[-98.071,43.28267],[-98.07064,43.25429],[-98.09018,43.25429],[-98.09019,43.23978],[-98.07028,43.23982],[-98.06996,43.1968],[-98.10949,43.19684],[-98.10843,43.14072],[-98.12819,43.14048],[-98.12816,43.13305],[-98.13809,43.13303],[-98.13807,43.14033],[-98.18776,43.1398],[-98.18768,43.12531],[-98.2075,43.12513],[-98.20844,43.1977],[-98.22799,43.19796],[-98.22791,43.21259],[-98.2478,43.21237],[-98.24766,43.23883]]]}},{"type":"Feature","id":"57315","properties":{"zip":"57315","pop":null,"city":"","county":"Bon Homme","state":"South Dakota","area":95.39,"lat":42.99389,"lon":-98.04843},"geometry":{"type":"Polygon","coordinates":[[[-98.16134,42.85062],[-98.15406,42.85501],[-98.15416,42.8519],[-98.15092,42.85338],[-98.14772,42.84952],[-98.1425,42.85626],[-98.13895,42.85628],[-98.13966,42.86445],[-98.1298,42.86607],[-98.13216,42.86842],[-98.13085,42.8697],[-98.1237,42.86861],[-98.12296,42.87151],[-98.11705,42.86939],[-98.11662,42.8738],[-98.11885,42.87444],[-98.11805,42.87652],[-98.11476,42.87742],[-98.11594,42.87913],[-98.11361,42.8792],[-98.11591,42.88185],[-98.11188,42.89448],[-98.11546,42.89713],[-98.11393,42.8996],[-98.1181,42.90079],[-98.11611,42.90152],[-98.11633,42.90361],[-98.12203,42.90589],[-98.12322,42.91083],[-98.11902,42.91198],[-98.11609,42.9106],[-98.11332,42.91157],[-98.11678,42.91381],[-98.11105,42.91349],[-98.11429,42.91715],[-98.10975,42.9206],[-98.10969,42.92321],[-98.1068,42.92282],[-98.10664,42.92625],[-98.11327,42.92879],[-98.11268,42.93274],[-98.10873,42.93337],[-98.11399,42.93698],[-98.10948,42.93682],[-98.10811,42.93888],[-98.10372,42.93792],[-98.10625,42.94281],[-98.10868,42.94286],[-98.10765,42.94764],[-98.10523,42.95004],[-98.10354,42.94935],[-98.10397,42.95251],[-98.10925,42.95252],[-98.10925,42.96707],[-98.1291,42.96686],[-98.12886,42.9957],[-98.10672,42.99571],[-98.10738,42.99871],[-98.11077,42.99724],[-98.10999,42.99933],[-98.11315,43.00123],[-98.11418,43.00653],[-98.11109,43.00676],[-98.11268,43.00733],[-98.11203,43.01004],[-98.11428,43.01008],[-98.11376,43.02463],[-98.12875,43.02471],[-98.12848,43.03913],[-98.10139,43.03913],[-98.10286,43.03975],[-98.10164,43.044],[-98.10414,43.04425],[-98.10311,43.04608],[-98.10149,43.04519],[-98.10161,43.04702],[-98.10376,43.04745],[-98.10283,43.0486],[-98.10492,43.05109],[-98.10327,43.05653],[-98.10671,43.05928],[-98.10562,43.06141],[-98.10867,43.06513],[-98.10843,43.07199],[-98.11033,43.07343],[-98.10575,43.07737],[-98.10934,43.08128],[-98.10641,43.08338],[-98.10813,43.08768],[-98.10953,43.08748],[-98.10654,43.09413],[-98.10776,43.10198],[-98.1033,43.10546],[-98.10524,43.10925],[-98.103,43.11268],[-98.09576,43.11502],[-98.09282,43.11907],[-98.09256,43.12544],[-98.01001,43.12551],[-98.00979,43.11114],[-97.9506,43.11053],[-97.94911,43.08252],[-97.9506,43.05786],[-97.93094,43.0577],[-97.93032,43.02368],[-97.95925,43.02391],[-97.95847,43.00861],[-97.95021,43.00903],[-97.95101,42.98117],[-97.98136,42.98104],[-97.98134,42.97843],[-97.99097,42.97859],[-97.99103,42.96653],[-98.01058,42.96663],[-98.01062,42.93768],[-98.03031,42.93777],[-98.03037,42.88702],[-98.04005,42.88697],[-98.04012,42.88011],[-98.0501,42.88011],[-98.05017,42.85112],[-98.06985,42.85122],[-98.06972,42.82742],[-98.06282,42.82645],[-98.063,42.82236],[-98.06955,42.82234],[-98.06999,42.81518],[-98.07912,42.81526],[-98.07904,42.80825],[-98.08968,42.8081],[-98.08943,42.81332],[-98.09941,42.81341],[-98.09945,42.81521],[-98.09552,42.81518],[-98.09561,42.82265],[-98.12998,42.82245],[-98.13791,42.83273],[-98.14693,42.83982],[-98.15308,42.83907],[-98.15416,42.84691],[-98.16295,42.84982],[-98.16134,42.85062]]]}},{"type":"Feature","id":"57471","properties":{"zip":"57471","pop":null,"city":"","county":"Edmunds","state":"South Dakota","area":267.24,"lat":45.40969,"lon":-99.3136},"geometry":{"type":"Polygon","coordinates":[[[-99.64712,45.36166],[-99.58535,45.36159],[-99.58535,45.40512],[-99.54412,45.40497],[-99.54403,45.41984],[-99.50312,45.41953],[-99.50259,45.49493],[-99.50103,45.49687],[-99.50284,45.49856],[-99.50294,45.50609],[-99.33837,45.50659],[-99.33819,45.56465],[-99.35882,45.56448],[-99.35872,45.59294],[-99.33819,45.59283],[-99.34481,45.59699],[-99.34538,45.60733],[-99.30383,45.60706],[-99.30414,45.63629],[-99.22146,45.63612],[-99.22142,45.59522],[-99.21886,45.59282],[-99.15362,45.59256],[-99.15395,45.54972],[-99.17453,45.54972],[-99.17463,45.53521],[-99.19521,45.53517],[-99.19531,45.46281],[-99.17474,45.46264],[-99.17495,45.40452],[-99.11294,45.40453],[-99.11293,45.37558],[-99.09243,45.37557],[-99.09265,45.33229],[-99.11307,45.33216],[-99.11326,45.245],[-99.33925,45.24504],[-99.33917,45.28886],[-99.35968,45.28864],[-99.3597,45.27416],[-99.40081,45.2742],[-99.40086,45.28875],[-99.46233,45.28876],[-99.46252,45.33215],[-99.54444,45.3325],[-99.54436,45.34698],[-99.64712,45.34716],[-99.64712,45.36166]]]}},{"type":"Feature","id":"57035","properties":{"zip":"57035","pop":null,"city":"","county":"Minnehaha","state":"South Dakota","area":63.47,"lat":43.64649,"lon":-97.07629},"geometry":{"type":"Polygon","coordinates":[[[-97.16801,43.6285],[-97.16801,43.63032],[-97.10937,43.63063],[-97.10942,43.65801],[-97.1121,43.65963],[-97.12928,43.65929],[-97.12946,43.67408],[-97.11959,43.6702],[-97.10931,43.6597],[-97.10931,43.68867],[-97.09938,43.6887],[-97.09936,43.69593],[-97.0975,43.69603],[-97.09678,43.70321],[-97.1095,43.70319],[-97.10968,43.7467],[-97.08976,43.74673],[-97.0896,43.77589],[-97.04941,43.77614],[-97.04943,43.79075],[-97.02953,43.7907],[-97.02926,43.77614],[-97.0096,43.77623],[-97.00976,43.73265],[-97.0198,43.73259],[-97.01995,43.71797],[-97.02995,43.71792],[-97.02994,43.70336],[-97.00981,43.70353],[-97.00971,43.61621],[-97.02966,43.6162],[-97.02958,43.60165],[-97.06953,43.60162],[-97.06944,43.58704],[-97.04942,43.58715],[-97.04943,43.55026],[-97.05926,43.55031],[-97.05929,43.5433],[-97.06928,43.54326],[-97.06936,43.52873],[-97.05966,43.52875],[-97.05961,43.52132],[-97.06945,43.52132],[-97.0696,43.49976],[-97.08958,43.4997],[-97.08939,43.51423],[-97.12935,43.51424],[-97.12947,43.5433],[-97.14951,43.54341],[-97.1496,43.55795],[-97.12946,43.55774],[-97.12924,43.57543],[-97.13834,43.57546],[-97.13828,43.58668],[-97.14826,43.58653],[-97.1487,43.59375],[-97.16873,43.59417],[-97.16801,43.6285]]]}},{"type":"Feature","id":"57472","properties":{"zip":"57472","pop":null,"city":"","county":"Walworth","state":"South Dakota","area":209.12,"lat":45.42839,"lon":-100.10394},"geometry":{"type":"Polygon","coordinates":[[[-100.31666,45.3179],[-100.31287,45.32667],[-100.30823,45.33208],[-100.28232,45.35532],[-100.27424,45.37499],[-100.27418,45.38184],[-100.28727,45.39654],[-100.2969,45.41265],[-100.30442,45.42081],[-100.2743,45.4207],[-100.27422,45.43528],[-100.2301,45.43523],[-100.23026,45.49998],[-100.22784,45.52223],[-100.18154,45.51665],[-100.18228,45.53673],[-100.20222,45.53694],[-100.20224,45.58035],[-100.1821,45.58011],[-100.18204,45.59445],[-100.08975,45.59406],[-100.08974,45.60835],[-100.08493,45.60835],[-100.08489,45.62272],[-100.08082,45.62715],[-100.0761,45.62824],[-100.07241,45.62715],[-100.07173,45.62428],[-100.06778,45.62505],[-100.06727,45.62284],[-100.0656,45.6229],[-100.06883,45.61619],[-100.06891,45.59396],[-99.98888,45.59392],[-99.99729,45.59326],[-99.99688,45.50755],[-99.97049,45.50774],[-99.96418,45.51031],[-99.95833,45.50772],[-99.93544,45.50754],[-99.93526,45.46395],[-99.91475,45.46392],[-99.91467,45.44941],[-99.89405,45.44937],[-99.89409,45.42033],[-99.93519,45.42036],[-99.9351,45.39133],[-99.95594,45.39142],[-99.9556,45.27541],[-100.03427,45.27549],[-100.03936,45.27421],[-100.05485,45.27548],[-100.05887,45.31892],[-100.09721,45.31891],[-100.12048,45.31395],[-100.12058,45.32651],[-100.11077,45.32634],[-100.11069,45.33544],[-100.1392,45.33566],[-100.157,45.32788],[-100.16754,45.32831],[-100.17631,45.3222],[-100.18986,45.32227],[-100.19477,45.32489],[-100.20068,45.32456],[-100.20795,45.31364],[-100.21107,45.31204],[-100.22951,45.31331],[-100.22952,45.24679],[-100.26022,45.24681],[-100.26805,45.26111],[-100.30738,45.29191],[-100.31666,45.3179]]]}},{"type":"Feature","id":"57473","properties":{"zip":"57473","pop":null,"city":"","county":"Faulk","state":"South Dakota","area":133.42,"lat":44.98993,"lon":-99.48304},"geometry":{"type":"Polygon","coordinates":[[[-99.64963,44.8995],[-99.64035,44.90781],[-99.6312,44.91217],[-99.63145,44.9167],[-99.63392,44.91689],[-99.63453,44.91917],[-99.63406,44.98413],[-99.62883,44.99617],[-99.61415,45.00589],[-99.61387,45.05679],[-99.6343,45.05682],[-99.63437,45.07131],[-99.61398,45.07131],[-99.61401,45.0858],[-99.57307,45.08578],[-99.57316,45.1147],[-99.53236,45.11476],[-99.53236,45.10028],[-99.51187,45.10022],[-99.51182,45.08572],[-99.45052,45.08601],[-99.45054,45.07109],[-99.32775,45.07151],[-99.32795,45.05693],[-99.3484,45.05683],[-99.34837,45.04233],[-99.32803,45.04231],[-99.32813,44.89719],[-99.64935,44.89748],[-99.64963,44.8995]]]}},{"type":"Feature","id":"57456","properties":{"zip":"57456","pop":null,"city":"","county":"McPherson","state":"South Dakota","area":255.93,"lat":45.72104,"lon":-98.99586},"geometry":{"type":"Polygon","coordinates":[[[-99.26303,45.81023],[-99.22174,45.81064],[-99.22174,45.76644],[-99.15955,45.7664],[-99.15955,45.78094],[-99.09748,45.78083],[-99.09747,45.83886],[-98.97355,45.83872],[-98.9736,45.85318],[-98.84585,45.85334],[-98.84576,45.88237],[-98.82831,45.88222],[-98.82834,45.89668],[-98.76603,45.89613],[-98.76611,45.83796],[-98.78684,45.83812],[-98.78689,45.82368],[-98.72468,45.82317],[-98.72485,45.76522],[-98.76629,45.76563],[-98.76629,45.75104],[-98.787,45.75124],[-98.78708,45.72222],[-98.8078,45.72248],[-98.80777,45.70798],[-98.84798,45.70835],[-98.84919,45.60678],[-98.82857,45.60662],[-98.82882,45.59214],[-98.92817,45.59237],[-98.92436,45.58797],[-98.92465,45.56364],[-99.02839,45.56379],[-99.02837,45.58612],[-99.03481,45.59237],[-99.21478,45.59259],[-99.22123,45.59448],[-99.22146,45.63612],[-99.24215,45.63628],[-99.24227,45.75204],[-99.26294,45.7523],[-99.26303,45.81023]]]}},{"type":"Feature","id":"57460","properties":{"zip":"57460","pop":null,"city":"","county":"Brown","state":"South Dakota","area":86.72,"lat":45.27328,"lon":-98.66593},"geometry":{"type":"Polygon","coordinates":[[[-98.8567,45.24469],[-98.84583,45.24471],[-98.84561,45.28814],[-98.82537,45.288],[-98.82533,45.3025],[-98.78407,45.30219],[-98.7839,45.3167],[-98.72274,45.31597],[-98.72222,45.3451],[-98.68045,45.34488],[-98.68054,45.35935],[-98.65989,45.35922],[-98.65993,45.35208],[-98.65012,45.35157],[-98.65007,45.34466],[-98.61883,45.34442],[-98.61878,45.32994],[-98.57721,45.32959],[-98.57723,45.31522],[-98.55675,45.31503],[-98.55668,45.32943],[-98.5361,45.32928],[-98.53633,45.30046],[-98.49542,45.30007],[-98.49545,45.28551],[-98.47487,45.28547],[-98.47501,45.25652],[-98.45432,45.25643],[-98.45454,45.24192],[-98.51628,45.2424],[-98.51425,45.23253],[-98.51421,45.21626],[-98.54703,45.21658],[-98.54835,45.2427],[-98.5548,45.24274],[-98.56423,45.23122],[-98.57523,45.23136],[-98.57512,45.21685],[-98.59554,45.21715],[-98.5956,45.23163],[-98.63679,45.23119],[-98.63665,45.20219],[-98.6559,45.20238],[-98.65733,45.21644],[-98.67788,45.21627],[-98.67802,45.23077],[-98.73262,45.23001],[-98.73442,45.23167],[-98.75493,45.22832],[-98.75754,45.22336],[-98.75888,45.21202],[-98.76158,45.21089],[-98.76329,45.20562],[-98.7631,45.20116],[-98.77944,45.20112],[-98.77954,45.21561],[-98.82042,45.21564],[-98.82027,45.20117],[-98.83666,45.20121],[-98.83644,45.23016],[-98.85682,45.23018],[-98.8567,45.24469]]]}},{"type":"Feature","id":"57461","properties":{"zip":"57461","pop":null,"city":"","county":"Spink","state":"South Dakota","area":77.23,"lat":45.1609,"lon":-98.43327},"geometry":{"type":"Polygon","coordinates":[[[-98.54637,45.2021],[-98.5341,45.20197],[-98.53416,45.21643],[-98.51421,45.21626],[-98.51425,45.23253],[-98.51628,45.2424],[-98.45454,45.24192],[-98.45432,45.25643],[-98.41312,45.25623],[-98.41328,45.24177],[-98.3499,45.24166],[-98.35031,45.20201],[-98.35421,45.1998],[-98.32951,45.19964],[-98.32991,45.12711],[-98.30942,45.12698],[-98.30943,45.09797],[-98.32079,45.09803],[-98.32045,45.06903],[-98.39105,45.06982],[-98.39108,45.0988],[-98.37054,45.09846],[-98.37032,45.11294],[-98.39111,45.11328],[-98.39095,45.12785],[-98.42406,45.12793],[-98.42988,45.12434],[-98.42815,45.12101],[-98.42531,45.12077],[-98.42535,45.11942],[-98.42871,45.11911],[-98.42736,45.1135],[-98.42468,45.11397],[-98.42795,45.10826],[-98.42374,45.1098],[-98.42197,45.10809],[-98.42204,45.1037],[-98.43169,45.10419],[-98.43092,45.10026],[-98.43398,45.10242],[-98.43715,45.09897],[-98.43709,45.09373],[-98.42624,45.09254],[-98.42573,45.0903],[-98.43137,45.0858],[-98.43089,45.08281],[-98.43412,45.08487],[-98.43801,45.08149],[-98.43729,45.07687],[-98.4439,45.07413],[-98.44167,45.07108],[-98.4361,45.07037],[-98.45232,45.07055],[-98.45234,45.08505],[-98.54435,45.08606],[-98.54446,45.11506],[-98.53418,45.11494],[-98.5342,45.1294],[-98.54441,45.12953],[-98.54637,45.2021]]]}},{"type":"Feature","id":"57465","properties":{"zip":"57465","pop":null,"city":"","county":"Spink","state":"South Dakota","area":108.48,"lat":45.14451,"lon":-98.68563},"geometry":{"type":"Polygon","coordinates":[[[-98.85732,45.20125],[-98.82027,45.20117],[-98.82042,45.21564],[-98.77954,45.21561],[-98.77944,45.20112],[-98.7631,45.20116],[-98.76329,45.20562],[-98.76158,45.21089],[-98.75888,45.21202],[-98.75754,45.22336],[-98.75493,45.22832],[-98.73442,45.23167],[-98.73262,45.23001],[-98.67802,45.23077],[-98.67788,45.21627],[-98.65733,45.21644],[-98.6559,45.20238],[-98.63665,45.20219],[-98.63679,45.23119],[-98.5956,45.23163],[-98.59554,45.21715],[-98.57512,45.21685],[-98.57523,45.23136],[-98.56423,45.23122],[-98.5548,45.24274],[-98.54835,45.2427],[-98.54703,45.21658],[-98.53416,45.21643],[-98.5341,45.20197],[-98.54637,45.2021],[-98.54441,45.12953],[-98.5342,45.1294],[-98.53418,45.11494],[-98.54446,45.11506],[-98.54435,45.08606],[-98.5342,45.08596],[-98.53421,45.0715],[-98.55467,45.07171],[-98.55429,45.03341],[-98.55638,45.03138],[-98.56328,45.03177],[-98.56779,45.02804],[-98.57163,45.03099],[-98.5746,45.03048],[-98.57502,45.05734],[-98.59816,45.05754],[-98.594,45.07189],[-98.65637,45.07143],[-98.65657,45.10041],[-98.67702,45.1002],[-98.67676,45.07116],[-98.76789,45.07076],[-98.76789,45.06351],[-98.77846,45.06335],[-98.77811,45.02739],[-98.79838,45.02733],[-98.79867,45.05629],[-98.8087,45.05649],[-98.80926,45.07066],[-98.81932,45.07071],[-98.82004,45.14325],[-98.83743,45.14324],[-98.8372,45.15775],[-98.85782,45.1578],[-98.85732,45.20125]]]}},{"type":"Feature","id":"57032","properties":{"zip":"57032","pop":null,"city":"Harrisburg","county":"Lincoln","state":"South Dakota","area":35.57,"lat":43.42325,"lon":-96.68724},"geometry":{"type":"Polygon","coordinates":[[[-96.79739,43.44646],[-96.78723,43.44641],[-96.78719,43.4368],[-96.74739,43.44099],[-96.7474,43.44617],[-96.74323,43.44617],[-96.72819,43.46066],[-96.70765,43.46059],[-96.70756,43.47503],[-96.69763,43.47495],[-96.69761,43.46048],[-96.66868,43.46041],[-96.66874,43.47494],[-96.63929,43.47498],[-96.63927,43.4677],[-96.63396,43.46611],[-96.63396,43.4676],[-96.62893,43.46763],[-96.6289,43.46459],[-96.62532,43.46378],[-96.61434,43.46473],[-96.60901,43.46794],[-96.60897,43.47135],[-96.60703,43.47127],[-96.60603,43.46202],[-96.59355,43.4615],[-96.594,43.45883],[-96.60004,43.45708],[-96.60062,43.45123],[-96.60261,43.44965],[-96.59425,43.43415],[-96.58962,43.4322],[-96.60217,43.43159],[-96.59965,43.43139],[-96.59974,43.40999],[-96.58889,43.40994],[-96.58887,43.40247],[-96.6088,43.40249],[-96.60885,43.38793],[-96.6584,43.38803],[-96.65857,43.38231],[-96.65692,43.38073],[-96.65857,43.38074],[-96.65861,43.3735],[-96.66841,43.37354],[-96.66847,43.36693],[-96.69715,43.36675],[-96.69719,43.37355],[-96.6994,43.37357],[-96.69979,43.38804],[-96.70751,43.38808],[-96.70751,43.40254],[-96.72739,43.40255],[-96.72741,43.38808],[-96.74716,43.38912],[-96.74715,43.40264],[-96.75668,43.40267],[-96.75672,43.38817],[-96.78696,43.38823],[-96.78697,43.40273],[-96.79651,43.40281],[-96.79739,43.44646]]]}},{"type":"Feature","id":"57034","properties":{"zip":"57034","pop":null,"city":"","county":"Lincoln","state":"South Dakota","area":55.77,"lat":43.12499,"lon":-96.54574},"geometry":{"type":"Polygon","coordinates":[[[-96.68734,43.1492],[-96.67771,43.14925],[-96.67791,43.16338],[-96.68733,43.1634],[-96.68734,43.1707],[-96.62855,43.17061],[-96.62865,43.18505],[-96.60881,43.185],[-96.60879,43.17059],[-96.4664,43.17074],[-96.46738,43.15961],[-96.4651,43.14751],[-96.45998,43.14352],[-96.45554,43.14416],[-96.45036,43.14224],[-96.44543,43.13626],[-96.45119,43.14899],[-96.4511,43.15611],[-96.42737,43.15668],[-96.42727,43.15305],[-96.42237,43.1531],[-96.42226,43.15669],[-96.41238,43.15674],[-96.41248,43.14214],[-96.4279,43.14213],[-96.43236,43.1404],[-96.43232,43.13477],[-96.42081,43.13705],[-96.40512,43.13518],[-96.40325,43.13399],[-96.4032,43.1285],[-96.4155,43.13103],[-96.42141,43.12748],[-96.42033,43.12352],[-96.42318,43.11882],[-96.4212,43.11663],[-96.42665,43.11294],[-96.42387,43.11012],[-96.4285,43.10767],[-96.42704,43.10214],[-96.43317,43.10026],[-96.43542,43.09511],[-96.44126,43.09601],[-96.44132,43.09258],[-96.44519,43.08933],[-96.44523,43.0839],[-96.45413,43.08389],[-96.45521,43.07505],[-96.46085,43.06403],[-96.46821,43.06186],[-96.47316,43.06355],[-96.47691,43.06238],[-96.48672,43.0555],[-96.48927,43.05128],[-96.48979,43.06896],[-96.50949,43.06901],[-96.50966,43.08369],[-96.52942,43.08352],[-96.52923,43.06898],[-96.58857,43.0692],[-96.5886,43.08372],[-96.628,43.08364],[-96.62836,43.11275],[-96.64807,43.11273],[-96.64808,43.12723],[-96.65816,43.12723],[-96.65799,43.11858],[-96.66782,43.12145],[-96.66781,43.12724],[-96.68734,43.12725],[-96.68734,43.1492]]]}},{"type":"Feature","id":"57024","properties":{"zip":"57024","pop":null,"city":"Egan","county":"Moody","state":"South Dakota","area":21.02,"lat":43.98544,"lon":-96.68148},"geometry":{"type":"Polygon","coordinates":[[[-96.75904,44.02231],[-96.63769,44.02207],[-96.63605,44.01236],[-96.63807,44.00765],[-96.6279,44.00772],[-96.62776,43.94973],[-96.60704,43.94969],[-96.60737,43.93514],[-96.64829,43.93521],[-96.64847,43.94973],[-96.70837,43.94972],[-96.70825,43.96416],[-96.72837,43.96437],[-96.7288,43.97884],[-96.74846,43.97906],[-96.74886,44.00805],[-96.75879,44.00788],[-96.75904,44.02231]]]}},{"type":"Feature","id":"57420","properties":{"zip":"57420","pop":null,"city":"","county":"Walworth","state":"South Dakota","area":31.2,"lat":45.2852,"lon":-100.14304},"geometry":{"type":"Polygon","coordinates":[[[-100.23031,45.30797],[-100.22951,45.31331],[-100.21107,45.31204],[-100.20795,45.31364],[-100.20068,45.32456],[-100.19477,45.32489],[-100.18986,45.32227],[-100.17631,45.3222],[-100.16754,45.32831],[-100.157,45.32788],[-100.1392,45.33566],[-100.11069,45.33544],[-100.11077,45.32634],[-100.12058,45.32651],[-100.12048,45.31395],[-100.09721,45.31891],[-100.05887,45.31892],[-100.05486,45.27713],[-100.05832,45.26697],[-100.05838,45.24647],[-100.22952,45.24679],[-100.23031,45.30797]]]}},{"type":"Feature","id":"57026","properties":{"zip":"57026","pop":null,"city":"","county":"Brookings","state":"South Dakota","area":127.46,"lat":44.24996,"lon":-96.50151},"geometry":{"type":"Polygon","coordinates":[[[-96.64856,44.19558],[-96.64285,44.19555],[-96.64341,44.2389],[-96.60701,44.23886],[-96.60752,44.26573],[-96.58729,44.26145],[-96.58748,44.28228],[-96.62267,44.2821],[-96.62276,44.28725],[-96.61769,44.2904],[-96.61817,44.28869],[-96.61194,44.28977],[-96.61019,44.28581],[-96.60835,44.28549],[-96.60769,44.30758],[-96.59793,44.30762],[-96.5978,44.31115],[-96.58753,44.31118],[-96.58747,44.3257],[-96.56723,44.32579],[-96.56709,44.34024],[-96.58728,44.34016],[-96.58724,44.35468],[-96.56709,44.35477],[-96.56688,44.3692],[-96.54674,44.36938],[-96.54646,44.38366],[-96.56667,44.38345],[-96.56643,44.39107],[-96.54648,44.39097],[-96.54623,44.3986],[-96.52606,44.39834],[-96.52638,44.38366],[-96.50626,44.38365],[-96.50604,44.39807],[-96.49491,44.39821],[-96.49054,44.39995],[-96.49057,44.41064],[-96.48867,44.41232],[-96.45201,44.41278],[-96.45213,44.38359],[-96.4387,44.38202],[-96.43654,44.38566],[-96.40442,44.38607],[-96.40447,44.37155],[-96.42466,44.37157],[-96.42415,44.34213],[-96.40398,44.34191],[-96.40398,44.32739],[-96.42416,44.32761],[-96.42445,44.29862],[-96.40426,44.2984],[-96.40387,44.25511],[-96.39937,44.25499],[-96.39811,44.25377],[-96.40027,44.25321],[-96.39689,44.25067],[-96.39825,44.24884],[-96.40341,44.25217],[-96.40336,44.24055],[-96.42342,44.24048],[-96.42457,44.19701],[-96.42788,44.19701],[-96.4279,44.18352],[-96.36864,44.18335],[-96.36794,44.12514],[-96.42819,44.12547],[-96.42787,44.14012],[-96.44833,44.14005],[-96.44828,44.11109],[-96.453,44.11118],[-96.45307,44.08199],[-96.4654,44.08019],[-96.46519,44.09472],[-96.48534,44.09481],[-96.48811,44.12596],[-96.52865,44.1267],[-96.52957,44.1413],[-96.54898,44.13816],[-96.54924,44.16053],[-96.56884,44.16058],[-96.56869,44.16783],[-96.62866,44.167],[-96.62882,44.18156],[-96.64856,44.18147],[-96.64856,44.19558]]]}},{"type":"Feature","id":"57028","properties":{"zip":"57028","pop":null,"city":"","county":"Moody","state":"South Dakota","area":144.66,"lat":44.05772,"lon":-96.60445},"geometry":{"type":"Polygon","coordinates":[[[-96.78889,44.0657],[-96.76872,44.06567],[-96.769,44.15242],[-96.75955,44.15247],[-96.75947,44.15982],[-96.74962,44.15982],[-96.74965,44.16705],[-96.70953,44.16671],[-96.70948,44.18164],[-96.62882,44.18156],[-96.62866,44.167],[-96.56869,44.16783],[-96.56884,44.16058],[-96.54924,44.16053],[-96.54898,44.13816],[-96.52957,44.1413],[-96.52865,44.1267],[-96.48811,44.12596],[-96.48534,44.09481],[-96.46519,44.09472],[-96.4654,44.08019],[-96.45307,44.08199],[-96.45319,43.96356],[-96.50606,43.96341],[-96.50639,43.93442],[-96.48644,43.93445],[-96.48683,43.92005],[-96.49651,43.92007],[-96.49645,43.90557],[-96.4848,43.90558],[-96.48956,43.9019],[-96.48931,43.89982],[-96.49228,43.90042],[-96.49343,43.89542],[-96.49201,43.89398],[-96.49637,43.89419],[-96.49685,43.89161],[-96.53685,43.89108],[-96.5365,43.90559],[-96.54662,43.90564],[-96.5466,43.92012],[-96.55671,43.92036],[-96.55684,43.90583],[-96.56687,43.90606],[-96.56684,43.93521],[-96.60737,43.93514],[-96.60704,43.94969],[-96.62776,43.94973],[-96.6279,44.00772],[-96.63807,44.00765],[-96.63605,44.01236],[-96.63769,44.02207],[-96.78875,44.02223],[-96.78874,44.04413],[-96.76863,44.04438],[-96.76872,44.05867],[-96.78879,44.05871],[-96.78889,44.0657]]]}},{"type":"Feature","id":"57428","properties":{"zip":"57428","pop":null,"city":"","county":"Edmunds","state":"South Dakota","area":138.8,"lat":45.44984,"lon":-99.67928},"geometry":{"type":"Polygon","coordinates":[[[-99.85316,45.38393],[-99.85289,45.44926],[-99.81105,45.44914],[-99.81111,45.43469],[-99.79047,45.43455],[-99.7904,45.44903],[-99.74929,45.44879],[-99.74926,45.45661],[-99.76303,45.46001],[-99.79055,45.47131],[-99.78906,45.48778],[-99.79035,45.50706],[-99.77089,45.50757],[-99.76961,45.52139],[-99.72849,45.5211],[-99.72844,45.53558],[-99.70806,45.53544],[-99.70771,45.59339],[-99.58487,45.59311],[-99.58517,45.52105],[-99.54374,45.52097],[-99.5437,45.5065],[-99.52308,45.50642],[-99.52322,45.47757],[-99.50266,45.47731],[-99.50312,45.41953],[-99.54403,45.41984],[-99.54412,45.40497],[-99.58535,45.40512],[-99.58535,45.36159],[-99.64712,45.36166],[-99.64712,45.34716],[-99.70839,45.34728],[-99.70847,45.31824],[-99.74956,45.3184],[-99.7495,45.33287],[-99.83198,45.33321],[-99.83197,45.36227],[-99.85265,45.36226],[-99.85316,45.38393]]]}},{"type":"Feature","id":"57385","properties":{"zip":"57385","pop":null,"city":"","county":"Sanborn","state":"South Dakota","area":169.94,"lat":44.04426,"lon":-98.29518},"geometry":{"type":"Polygon","coordinates":[[[-98.49175,43.98027],[-98.45169,43.98051],[-98.45176,44.05314],[-98.43238,44.05321],[-98.43233,44.0667],[-98.42088,44.06394],[-98.41223,44.06607],[-98.41244,44.08231],[-98.43254,44.08226],[-98.43257,44.11142],[-98.41242,44.11151],[-98.41243,44.09674],[-98.39232,44.09698],[-98.39235,44.11165],[-98.33186,44.11191],[-98.33193,44.17739],[-98.30188,44.17739],[-98.30171,44.18467],[-98.25087,44.18508],[-98.24997,44.19675],[-98.17089,44.19622],[-98.17087,44.16947],[-98.15066,44.16961],[-98.15097,44.1408],[-98.13154,44.14013],[-98.131,44.05439],[-98.17166,44.05445],[-98.17173,43.96736],[-98.14141,43.96726],[-98.14135,43.96072],[-98.15155,43.96063],[-98.15131,43.93826],[-98.25155,43.93816],[-98.25168,43.92391],[-98.27152,43.92361],[-98.27152,43.93807],[-98.39175,43.93732],[-98.39182,43.9228],[-98.41183,43.92271],[-98.41173,43.90822],[-98.49134,43.90768],[-98.49175,43.98027]]]}},{"type":"Feature","id":"57078","properties":{"zip":"57078","pop":null,"city":"Yankton","county":"Yankton","state":"South Dakota","area":87.49,"lat":42.91794,"lon":-97.44696},"geometry":{"type":"Polygon","coordinates":[[[-97.63545,42.86322],[-97.61936,42.86801],[-97.60354,42.86941],[-97.57593,42.86228],[-97.57427,42.89553],[-97.57577,42.90866],[-97.59549,42.90859],[-97.59562,42.9376],[-97.5691,42.93756],[-97.56474,42.96659],[-97.49662,42.96665],[-97.49675,42.95217],[-97.47094,42.95235],[-97.47669,42.959],[-97.47663,42.98144],[-97.45683,42.98128],[-97.45781,42.99594],[-97.44803,42.99623],[-97.44775,43.00743],[-97.44029,43.01115],[-97.39871,43.01041],[-97.39874,43.02479],[-97.37727,43.02486],[-97.37724,43.03191],[-97.3719,43.03188],[-97.36532,43.02029],[-97.36447,43.01487],[-97.36974,43.01432],[-97.37114,43.01155],[-97.36397,43.01087],[-97.36076,43.01238],[-97.37228,43.0032],[-97.37,42.99593],[-97.36089,42.98578],[-97.35796,42.9708],[-97.3469,42.96968],[-97.34951,42.96365],[-97.34556,42.95882],[-97.35483,42.95395],[-97.35527,42.95081],[-97.35087,42.94782],[-97.34677,42.94832],[-97.3416,42.95228],[-97.34026,42.95757],[-97.33777,42.95574],[-97.33923,42.94867],[-97.34735,42.94533],[-97.3472,42.94286],[-97.34446,42.94112],[-97.33811,42.9403],[-97.34564,42.93328],[-97.34383,42.92996],[-97.34408,42.92342],[-97.34731,42.9156],[-97.34659,42.91238],[-97.33946,42.90949],[-97.32873,42.91365],[-97.32605,42.90896],[-97.3262,42.90162],[-97.32404,42.90024],[-97.32103,42.90073],[-97.31928,42.90544],[-97.3148,42.90811],[-97.28821,42.90643],[-97.28004,42.90137],[-97.2756,42.89345],[-97.27614,42.8865],[-97.28037,42.87732],[-97.29037,42.87053],[-97.29955,42.86726],[-97.30077,42.86458],[-97.30885,42.86731],[-97.33616,42.8568],[-97.35957,42.85482],[-97.36864,42.85842],[-97.37669,42.86519],[-97.39397,42.86425],[-97.40832,42.86833],[-97.41707,42.86592],[-97.43195,42.85154],[-97.44228,42.84622],[-97.45218,42.84605],[-97.47053,42.85045],[-97.49149,42.85162],[-97.50485,42.85848],[-97.51595,42.85375],[-97.54747,42.84803],[-97.56193,42.84755],[-97.57455,42.84965],[-97.60376,42.85833],[-97.62028,42.8566],[-97.63541,42.85145],[-97.63545,42.86322]]]}},{"type":"Feature","id":"57477","properties":{"zip":"57477","pop":null,"city":"","county":"Spink","state":"South Dakota","area":75.75,"lat":45.03361,"lon":-98.15039},"geometry":{"type":"Polygon","coordinates":[[[-98.35008,45.06922],[-98.22763,45.06876],[-98.22747,45.05404],[-98.18697,45.05345],[-98.1869,45.06809],[-98.17628,45.06794],[-98.17636,45.08244],[-98.16625,45.08234],[-98.16608,45.09684],[-98.12524,45.09634],[-98.12496,45.11082],[-98.10472,45.11063],[-98.10472,45.12515],[-98.08411,45.12486],[-98.08407,45.11819],[-98.06356,45.11789],[-98.06397,45.08122],[-98.02286,45.081],[-98.02309,45.06656],[-98.0436,45.06661],[-98.04378,45.03764],[-98.0025,45.0374],[-98.00253,45.0229],[-97.98238,45.02281],[-97.98283,44.93579],[-98.00331,44.9358],[-98.00296,44.99388],[-98.02331,44.99397],[-98.02372,44.97944],[-98.04826,44.97924],[-98.18688,44.98091],[-98.1876,45.00981],[-98.20729,45.01015],[-98.20731,44.99566],[-98.32753,44.99632],[-98.32394,45.02533],[-98.35006,45.02555],[-98.35008,45.06922]]]}},{"type":"Feature","id":"57067","properties":{"zip":"57067","pop":null,"city":"","county":"Yankton","state":"South Dakota","area":41.48,"lat":43.04106,"lon":-97.47181},"geometry":{"type":"Polygon","coordinates":[[[-97.53767,43.07538],[-97.53776,43.08233],[-97.51801,43.0833],[-97.51844,43.12268],[-97.50035,43.1037],[-97.48774,43.09566],[-97.47778,43.11112],[-97.42387,43.11134],[-97.42377,43.10418],[-97.41905,43.10425],[-97.41878,43.09692],[-97.42862,43.0968],[-97.42892,43.09121],[-97.41941,43.0777],[-97.41631,43.06642],[-97.39891,43.06338],[-97.39876,43.05796],[-97.39213,43.05295],[-97.39671,43.04997],[-97.39661,43.04833],[-97.3924,43.04809],[-97.38608,43.05207],[-97.38099,43.05221],[-97.38028,43.04832],[-97.382,43.04512],[-97.36796,43.04338],[-97.36742,43.04041],[-97.37001,43.03634],[-97.36458,43.03202],[-97.3681,43.02701],[-97.3719,43.03188],[-97.37724,43.03191],[-97.37727,43.02486],[-97.39874,43.02479],[-97.39871,43.01041],[-97.44029,43.01115],[-97.44775,43.00743],[-97.44803,42.99623],[-97.45781,42.99594],[-97.45683,42.98128],[-97.47663,42.98144],[-97.47669,42.959],[-97.47094,42.95235],[-97.49675,42.95217],[-97.49662,42.96665],[-97.53661,42.96663],[-97.53678,42.99587],[-97.51705,42.99585],[-97.5171,43.00599],[-97.51946,43.0093],[-97.53686,43.01449],[-97.53757,43.06784],[-97.55557,43.06793],[-97.53767,43.07538]]]}},{"type":"Feature","id":"57430","properties":{"zip":"57430","pop":null,"city":"","county":"Marshall","state":"South Dakota","area":244.04,"lat":45.82203,"lon":-97.722},"geometry":{"type":"Polygon","coordinates":[[[-97.97878,45.84945],[-97.97878,45.93594],[-97.8627,45.93557],[-97.86253,45.95013],[-97.80016,45.95011],[-97.8003,45.93538],[-97.60478,45.9353],[-97.60444,45.92096],[-97.54259,45.92105],[-97.54248,45.93526],[-97.4801,45.93514],[-97.48105,45.80482],[-97.50188,45.80479],[-97.50186,45.80235],[-97.48433,45.80237],[-97.48402,45.7757],[-97.56676,45.7759],[-97.56633,45.7396],[-97.54611,45.73929],[-97.54615,45.71794],[-97.57193,45.71794],[-97.58026,45.72074],[-97.58779,45.71797],[-97.60645,45.71795],[-97.6071,45.66719],[-97.62826,45.66722],[-97.62857,45.66016],[-97.63885,45.66008],[-97.63912,45.65304],[-97.66945,45.65274],[-97.66913,45.66723],[-97.67903,45.66719],[-97.6791,45.67488],[-97.85517,45.67516],[-97.85469,45.78107],[-97.83978,45.7913],[-97.8961,45.79132],[-97.89606,45.80586],[-97.9789,45.80609],[-97.97878,45.84945]]]}},{"type":"Feature","id":"57071","properties":{"zip":"57071","pop":null,"city":"","county":"Brookings","state":"South Dakota","area":87.6,"lat":44.26994,"lon":-96.95933},"geometry":{"type":"Polygon","coordinates":[[[-97.06937,44.25369],[-97.06861,44.28925],[-97.05834,44.28953],[-97.05833,44.29702],[-97.06866,44.29696],[-97.06873,44.32585],[-97.05872,44.32593],[-97.05851,44.33839],[-97.0568,44.3384],[-97.05681,44.34044],[-97.05847,44.34044],[-97.0584,44.34742],[-97.0478,44.34743],[-97.04777,44.34964],[-97.06865,44.34916],[-97.06766,44.36939],[-96.91079,44.36976],[-96.90987,44.36673],[-96.89959,44.36682],[-96.89976,44.36309],[-96.89738,44.36204],[-96.89854,44.32592],[-96.88792,44.32597],[-96.88807,44.31963],[-96.87631,44.31812],[-96.87962,44.31553],[-96.87577,44.31406],[-96.8775,44.31255],[-96.87086,44.31204],[-96.88066,44.3117],[-96.88025,44.29733],[-96.88825,44.29725],[-96.88846,44.26832],[-96.84911,44.2684],[-96.84839,44.23938],[-96.82819,44.23937],[-96.82841,44.22743],[-96.83702,44.23058],[-96.84347,44.22577],[-96.84249,44.2236],[-96.83514,44.22198],[-96.83467,44.21967],[-96.83775,44.21197],[-96.84001,44.21124],[-96.84,44.20865],[-96.8484,44.19808],[-96.85307,44.19568],[-96.8654,44.19559],[-96.86618,44.19723],[-96.86781,44.19566],[-96.88922,44.1957],[-96.88921,44.18172],[-96.86977,44.18186],[-96.86961,44.15272],[-96.88909,44.15283],[-96.88865,44.13836],[-96.90035,44.1399],[-96.90872,44.1385],[-96.90896,44.16741],[-96.94911,44.16736],[-96.94977,44.19567],[-97.04927,44.19578],[-97.04906,44.22465],[-97.03913,44.22467],[-97.03897,44.24989],[-97.04909,44.24981],[-97.04901,44.24634],[-97.05284,44.24638],[-97.05131,44.23919],[-97.0592,44.23931],[-97.05652,44.23995],[-97.0572,44.24259],[-97.0592,44.24262],[-97.0592,44.24643],[-97.06438,44.24646],[-97.06448,44.24999],[-97.06946,44.24996],[-97.06937,44.25369]]]}},{"type":"Feature","id":"57077","properties":{"zip":"57077","pop":null,"city":"","county":"Lincoln","state":"South Dakota","area":32.49,"lat":43.31576,"lon":-96.75698},"geometry":{"type":"Polygon","coordinates":[[[-96.82629,43.25783],[-96.82122,43.25783],[-96.82139,43.26479],[-96.81139,43.26473],[-96.81143,43.27237],[-96.80651,43.27237],[-96.80652,43.27881],[-96.79641,43.27884],[-96.79658,43.31585],[-96.8064,43.31587],[-96.80642,43.33037],[-96.82623,43.33038],[-96.82617,43.34492],[-96.79658,43.34484],[-96.79651,43.3593],[-96.76707,43.35916],[-96.76703,43.3882],[-96.75672,43.38817],[-96.75668,43.40267],[-96.74715,43.40264],[-96.74716,43.38912],[-96.72741,43.38808],[-96.72739,43.40255],[-96.70751,43.40254],[-96.70751,43.38808],[-96.69979,43.38804],[-96.6994,43.37357],[-96.69719,43.37355],[-96.69715,43.36675],[-96.70754,43.36675],[-96.70753,43.35908],[-96.68762,43.35903],[-96.68767,43.34454],[-96.70753,43.34458],[-96.7075,43.31999],[-96.71732,43.322],[-96.71715,43.30108],[-96.74717,43.3013],[-96.74722,43.25777],[-96.70745,43.25767],[-96.70738,43.22871],[-96.7272,43.22873],[-96.72724,43.24322],[-96.78681,43.24331],[-96.78678,43.23539],[-96.80619,43.23543],[-96.8063,43.24335],[-96.82612,43.24345],[-96.82629,43.25783]]]}},{"type":"Feature","id":"57068","properties":{"zip":"57068","pop":null,"city":"Valley Springs","county":"Minnehaha","state":"South Dakota","area":33.44,"lat":43.57436,"lon":-96.49371},"geometry":{"type":"Polygon","coordinates":[[[-96.56697,43.58524],[-96.56208,43.58548],[-96.56178,43.58706],[-96.53451,43.58729],[-96.53454,43.59227],[-96.53223,43.59227],[-96.53189,43.63036],[-96.55192,43.63083],[-96.55177,43.64529],[-96.53173,43.64471],[-96.53158,43.65916],[-96.5116,43.65941],[-96.5118,43.64497],[-96.49182,43.64531],[-96.49204,43.63084],[-96.47214,43.63109],[-96.47193,43.6456],[-96.4534,43.64593],[-96.45338,43.60911],[-96.43235,43.60899],[-96.43226,43.59416],[-96.42809,43.59221],[-96.4264,43.59325],[-96.42125,43.59142],[-96.41418,43.59449],[-96.41498,43.59279],[-96.4125,43.59297],[-96.4134,43.59417],[-96.40836,43.59548],[-96.40912,43.59695],[-96.40397,43.59432],[-96.39711,43.60128],[-96.389,43.60173],[-96.40404,43.59343],[-96.41186,43.5905],[-96.43226,43.58968],[-96.42079,43.58744],[-96.43225,43.58744],[-96.43202,43.57289],[-96.45334,43.57318],[-96.45326,43.50039],[-96.54637,43.50042],[-96.54635,43.50759],[-96.55126,43.50765],[-96.55093,43.51467],[-96.53188,43.51461],[-96.53207,43.54389],[-96.55101,43.54385],[-96.55049,43.55834],[-96.53212,43.5584],[-96.53221,43.57926],[-96.56854,43.58252],[-96.56697,43.58524]]]}},{"type":"Feature","id":"57048","properties":{"zip":"57048","pop":null,"city":"","county":"McCook","state":"South Dakota","area":94.37,"lat":43.74083,"lon":-97.20036},"geometry":{"type":"Polygon","coordinates":[[[-97.32949,43.775],[-97.28945,43.77482],[-97.2891,43.81848],[-97.3092,43.81863],[-97.30928,43.84848],[-97.16918,43.84806],[-97.16915,43.83272],[-97.14912,43.83311],[-97.14915,43.84087],[-97.1291,43.84085],[-97.12916,43.79012],[-97.10953,43.7903],[-97.1095,43.77571],[-97.0896,43.77589],[-97.08976,43.74673],[-97.10968,43.7467],[-97.1095,43.70319],[-97.09678,43.70321],[-97.0975,43.69603],[-97.09936,43.69593],[-97.09938,43.6887],[-97.10931,43.68867],[-97.10931,43.6597],[-97.11959,43.6702],[-97.12946,43.67408],[-97.12928,43.65929],[-97.1121,43.65963],[-97.10942,43.65801],[-97.10937,43.63063],[-97.18897,43.63036],[-97.18896,43.6159],[-97.23842,43.61571],[-97.23868,43.659],[-97.24814,43.65918],[-97.24842,43.67352],[-97.28827,43.67357],[-97.28852,43.70252],[-97.27848,43.70251],[-97.27861,43.71686],[-97.28867,43.71681],[-97.28935,43.76038],[-97.32928,43.76042],[-97.32949,43.775]]]}},{"type":"Feature","id":"57051","properties":{"zip":"57051","pop":null,"city":"","county":"Kingsbury","state":"South Dakota","area":56.55,"lat":44.21737,"lon":-97.35063},"geometry":{"type":"Polygon","coordinates":[[[-97.53198,44.22405],[-97.50149,44.22398],[-97.50154,44.23116],[-97.49159,44.23105],[-97.49162,44.22394],[-97.47186,44.22399],[-97.47216,44.2386],[-97.46206,44.23855],[-97.46215,44.24704],[-97.45408,44.24694],[-97.4517,44.2538],[-97.45165,44.22388],[-97.39131,44.22381],[-97.39128,44.2383],[-97.37109,44.23832],[-97.37107,44.2528],[-97.36049,44.25295],[-97.3605,44.26054],[-97.35154,44.26047],[-97.35159,44.28184],[-97.33112,44.2819],[-97.33139,44.26777],[-97.31126,44.26808],[-97.31109,44.29241],[-97.30589,44.29244],[-97.30585,44.29664],[-97.27093,44.29702],[-97.27102,44.26842],[-97.25087,44.26853],[-97.25087,44.25379],[-97.249,44.2538],[-97.24908,44.25228],[-97.23985,44.25237],[-97.23474,44.24915],[-97.22007,44.25101],[-97.20984,44.24865],[-97.20987,44.2428],[-97.20646,44.23963],[-97.20977,44.23391],[-97.20983,44.22483],[-97.18963,44.22464],[-97.18992,44.19588],[-97.31063,44.19569],[-97.31066,44.18214],[-97.3506,44.18217],[-97.35058,44.16762],[-97.37016,44.16768],[-97.37018,44.1532],[-97.42543,44.15311],[-97.42548,44.16767],[-97.47112,44.16778],[-97.47124,44.18233],[-97.51093,44.18225],[-97.51184,44.20726],[-97.51343,44.20952],[-97.532,44.20954],[-97.53198,44.22405]]]}},{"type":"Feature","id":"57058","properties":{"zip":"57058","pop":null,"city":"","county":"McCook","state":"South Dakota","area":115.37,"lat":43.74598,"lon":-97.40455},"geometry":{"type":"Polygon","coordinates":[[[-97.54966,43.80362],[-97.44916,43.80422],[-97.44905,43.8486],[-97.42961,43.84863],[-97.42962,43.86307],[-97.36951,43.86301],[-97.36957,43.87753],[-97.32903,43.87753],[-97.32904,43.84851],[-97.30928,43.84848],[-97.3092,43.81863],[-97.2891,43.81848],[-97.28945,43.77482],[-97.32949,43.775],[-97.32928,43.76042],[-97.28935,43.76038],[-97.28867,43.71681],[-97.27861,43.71686],[-97.27848,43.70251],[-97.28852,43.70252],[-97.28827,43.67357],[-97.26827,43.67356],[-97.26816,43.6662],[-97.28796,43.66639],[-97.28788,43.65922],[-97.34774,43.65917],[-97.3474,43.64463],[-97.38458,43.64461],[-97.38433,43.63717],[-97.38749,43.63013],[-97.44823,43.63026],[-97.44828,43.64472],[-97.48827,43.64474],[-97.48877,43.66444],[-97.50847,43.66441],[-97.50874,43.68815],[-97.54857,43.68804],[-97.54902,43.70254],[-97.50885,43.70261],[-97.50915,43.71727],[-97.52914,43.717],[-97.52931,43.74626],[-97.54945,43.74615],[-97.54943,43.77543],[-97.52942,43.77554],[-97.52947,43.79005],[-97.54963,43.78996],[-97.54966,43.80362]]]}},{"type":"Feature","id":"57438","properties":{"zip":"57438","pop":null,"city":"","county":"Faulk","state":"South Dakota","area":314.46,"lat":45.069,"lon":-99.15464},"geometry":{"type":"Polygon","coordinates":[[[-99.45052,45.08601],[-99.45047,45.12945],[-99.32728,45.12952],[-99.32716,45.13985],[-99.32494,45.14165],[-99.32712,45.14314],[-99.32784,45.15871],[-99.32757,45.24507],[-99.02589,45.24499],[-99.02091,45.24014],[-99.02168,45.1725],[-99.00124,45.17134],[-99.00134,45.15799],[-98.98085,45.15798],[-98.98086,45.17249],[-98.96029,45.17249],[-98.96067,45.07091],[-98.94018,45.07091],[-98.94025,45.02749],[-98.91994,45.02749],[-98.91988,45.013],[-98.90857,45.01301],[-98.90982,45.00283],[-98.91979,45.00166],[-98.91987,44.99852],[-98.94024,44.99848],[-98.94044,44.98416],[-98.93569,44.98407],[-98.94116,44.96974],[-98.8587,44.9695],[-98.85897,44.92601],[-98.961,44.92597],[-98.96105,44.89703],[-99.01692,44.89741],[-99.02221,44.9027],[-99.02222,44.95509],[-99.0426,44.95513],[-99.04265,44.96967],[-99.06305,44.96964],[-99.06301,44.95516],[-99.10383,44.95536],[-99.10372,44.94065],[-99.12423,44.94065],[-99.12423,44.89716],[-99.32813,44.89719],[-99.32803,45.04231],[-99.34837,45.04233],[-99.3484,45.05683],[-99.32795,45.05693],[-99.32775,45.07151],[-99.45054,45.07109],[-99.45052,45.08601]]]}},{"type":"Feature","id":"57529","properties":{"zip":"57529","pop":null,"city":"","county":"Tripp","state":"South Dakota","area":179.72,"lat":43.22935,"lon":-99.5702},"geometry":{"type":"Polygon","coordinates":[[[-99.69218,43.2724],[-99.69218,43.28472],[-99.67245,43.28414],[-99.67247,43.29911],[-99.65268,43.29907],[-99.65266,43.31352],[-99.69223,43.31367],[-99.6923,43.35704],[-99.65254,43.35687],[-99.6526,43.37137],[-99.63299,43.37133],[-99.63301,43.38564],[-99.61305,43.38566],[-99.61251,43.37138],[-99.59335,43.37131],[-99.59332,43.37548],[-99.58888,43.37569],[-99.58496,43.37887],[-99.58681,43.38072],[-99.58333,43.38121],[-99.58333,43.38573],[-99.59328,43.3857],[-99.59333,43.41475],[-99.56292,43.41469],[-99.56267,43.42898],[-99.55366,43.42916],[-99.55367,43.43632],[-99.53393,43.43636],[-99.53389,43.45806],[-99.51395,43.459],[-99.51065,43.45721],[-99.50986,43.45435],[-99.50114,43.45325],[-99.49124,43.45807],[-99.47503,43.45808],[-99.47489,43.34237],[-99.45507,43.34238],[-99.45507,43.3135],[-99.47483,43.3135],[-99.47515,43.27015],[-99.49467,43.27014],[-99.49464,43.24125],[-99.47482,43.24126],[-99.47474,43.19783],[-99.4945,43.19783],[-99.49441,43.09662],[-99.48892,43.08854],[-99.47473,43.0821],[-99.4747,43.06762],[-99.51419,43.06756],[-99.51409,43.05309],[-99.55384,43.05313],[-99.55386,43.04472],[-99.55921,43.04472],[-99.55917,43.0419],[-99.56241,43.04192],[-99.56237,43.03872],[-99.55384,43.03866],[-99.5538,42.99801],[-99.65242,42.99792],[-99.6526,43.25576],[-99.69216,43.25585],[-99.69218,43.2724]]]}},{"type":"Feature","id":"57062","properties":{"zip":"57062","pop":null,"city":"","county":"Bon Homme","state":"South Dakota","area":78.17,"lat":42.8505,"lon":-97.95327},"geometry":{"type":"Polygon","coordinates":[[[-98.1298,42.82252],[-98.09561,42.82265],[-98.09552,42.81518],[-98.09945,42.81521],[-98.09941,42.81341],[-98.08943,42.81332],[-98.08968,42.8081],[-98.07904,42.80825],[-98.07912,42.81526],[-98.06966,42.81548],[-98.06971,42.82209],[-98.063,42.82236],[-98.06282,42.82645],[-98.06972,42.82742],[-98.06985,42.85122],[-98.05017,42.85112],[-98.0501,42.88011],[-98.04012,42.88011],[-98.04005,42.88697],[-98.03037,42.88702],[-98.03032,42.92334],[-97.9855,42.92333],[-97.98557,42.91609],[-97.97075,42.91599],[-97.97068,42.92323],[-97.9314,42.92317],[-97.93136,42.91535],[-97.92976,42.91523],[-97.93131,42.90865],[-97.87206,42.90835],[-97.79322,42.9083],[-97.79326,42.9373],[-97.76866,42.93727],[-97.76854,42.92296],[-97.76351,42.9228],[-97.76349,42.90828],[-97.77339,42.90824],[-97.77331,42.87937],[-97.79203,42.88174],[-97.80429,42.88121],[-97.80484,42.85884],[-97.81708,42.86178],[-97.8285,42.8688],[-97.83417,42.86879],[-97.85796,42.86509],[-97.87534,42.85872],[-97.877,42.85439],[-97.87585,42.84772],[-97.87898,42.84367],[-97.87988,42.83539],[-97.89024,42.81511],[-97.90898,42.79491],[-97.92143,42.78835],[-97.93672,42.77575],[-97.95015,42.76962],[-97.97759,42.76992],[-98.00035,42.76326],[-98.00574,42.76417],[-98.01305,42.7623],[-98.03503,42.7642],[-98.05162,42.76877],[-98.05984,42.77277],[-98.06291,42.78112],[-98.06739,42.78476],[-98.09457,42.79931],[-98.10769,42.81063],[-98.1298,42.82252]]]}},{"type":"Feature","id":"57531","properties":{"zip":"57531","pop":null,"city":"","county":"Jones","state":"South Dakota","area":229.91,"lat":43.98043,"lon":-100.48614},"geometry":{"type":"Polygon","coordinates":[[[-100.66653,43.99463],[-100.66637,44.03128],[-100.64389,44.03123],[-100.63344,44.02699],[-100.62394,44.03098],[-100.623,44.03548],[-100.61013,44.04039],[-100.60145,44.0412],[-100.59778,44.0454],[-100.58626,44.04554],[-100.58652,44.16819],[-100.57675,44.18037],[-100.57658,44.18273],[-100.58161,44.18731],[-100.57272,44.19387],[-100.5702,44.19934],[-100.56254,44.20398],[-100.54697,44.2045],[-100.53129,44.19866],[-100.52636,44.19869],[-100.52358,44.18477],[-100.51607,44.17924],[-100.51628,44.16835],[-100.36721,44.16869],[-100.36705,43.85012],[-100.42708,43.85022],[-100.42694,43.80686],[-100.367,43.80673],[-100.36695,43.79227],[-100.36144,43.79195],[-100.36163,43.77463],[-100.34488,43.7652],[-100.34003,43.76427],[-100.33931,43.76202],[-100.33897,43.71694],[-100.34536,43.72002],[-100.34744,43.72767],[-100.36927,43.73922],[-100.37313,43.73859],[-100.37838,43.73151],[-100.37728,43.72828],[-100.38133,43.72609],[-100.38771,43.72603],[-100.39226,43.73005],[-100.41833,43.73536],[-100.41304,43.72618],[-100.41521,43.72145],[-100.41949,43.71803],[-100.43327,43.72463],[-100.4442,43.73242],[-100.4469,43.73179],[-100.45214,43.7225],[-100.45628,43.7211],[-100.4611,43.72131],[-100.46341,43.72334],[-100.47424,43.72182],[-100.4671,43.72614],[-100.46515,43.72968],[-100.46734,43.73612],[-100.46665,43.80681],[-100.4967,43.80679],[-100.49675,43.84968],[-100.50675,43.85058],[-100.5068,43.86395],[-100.54679,43.86459],[-100.54665,43.85012],[-100.58663,43.85005],[-100.58647,43.93388],[-100.6,43.9197],[-100.61237,43.91219],[-100.65214,43.91744],[-100.65753,43.91577],[-100.66666,43.90841],[-100.66653,43.99463]]]}},{"type":"Feature","id":"57536","properties":{"zip":"57536","pop":null,"city":"","county":"Hughes","state":"South Dakota","area":310.92,"lat":44.41503,"lon":-99.76688},"geometry":{"type":"Polygon","coordinates":[[[-99.93827,44.20035],[-99.9348,44.20609],[-99.90616,44.22561],[-99.8926,44.23923],[-99.8921,44.24188],[-99.8986,44.25325],[-99.90516,44.2592],[-99.90549,44.28065],[-99.88243,44.27364],[-99.84577,44.27334],[-99.84431,44.28797],[-99.84583,44.28937],[-99.84573,44.30964],[-99.8052,44.30953],[-99.80521,44.35588],[-99.84192,44.36754],[-99.86591,44.36756],[-99.86587,44.3753],[-99.89598,44.38464],[-99.89613,44.38891],[-99.90634,44.38875],[-99.90689,44.48368],[-99.84569,44.48354],[-99.84594,44.51637],[-99.83692,44.51691],[-99.83718,44.52515],[-99.83534,44.52509],[-99.83534,44.52704],[-99.82543,44.52704],[-99.82535,44.54826],[-99.77761,44.54814],[-99.77759,44.55742],[-99.78084,44.55541],[-99.80021,44.55541],[-99.80031,44.56266],[-99.77757,44.56267],[-99.77752,44.57714],[-99.81806,44.57731],[-99.81798,44.59173],[-99.8586,44.5919],[-99.85839,44.66446],[-99.83805,44.66439],[-99.83752,44.76584],[-99.6748,44.76543],[-99.6764,44.54811],[-99.66367,44.54809],[-99.66351,44.21752],[-99.68403,44.21446],[-99.70137,44.20336],[-99.71026,44.1932],[-99.71069,44.18458],[-99.69575,44.17238],[-99.65797,44.16865],[-99.63507,44.16211],[-99.62297,44.1565],[-99.61031,44.14889],[-99.60287,44.13928],[-99.59877,44.12378],[-99.59983,44.11828],[-99.60492,44.11005],[-99.61225,44.10369],[-99.61962,44.1003],[-99.63252,44.0979],[-99.65454,44.10169],[-99.67779,44.11049],[-99.70921,44.11817],[-99.75039,44.13282],[-99.76305,44.13524],[-99.79339,44.13324],[-99.83563,44.12552],[-99.86752,44.12436],[-99.88448,44.12958],[-99.89907,44.14119],[-99.91032,44.15464],[-99.91687,44.16787],[-99.93508,44.18828],[-99.93822,44.19519],[-99.93827,44.20035]]]}},{"type":"Feature","id":"57537","properties":{"zip":"57537","pop":null,"city":"","county":"Stanley","state":"South Dakota","area":178.29,"lat":44.58373,"lon":-101.07397},"geometry":{"type":"Polygon","coordinates":[[[-101.24631,44.66049],[-101.24535,44.66184],[-101.24198,44.66081],[-101.23946,44.66429],[-101.23645,44.66406],[-101.23898,44.66698],[-101.23629,44.67062],[-101.2385,44.67112],[-101.23761,44.67272],[-101.22454,44.67627],[-101.22153,44.68066],[-101.21452,44.68139],[-101.21721,44.68692],[-101.21965,44.68754],[-101.21422,44.69205],[-101.2153,44.69373],[-101.21399,44.69475],[-101.21553,44.69407],[-101.21757,44.6972],[-101.16117,44.72207],[-101.15367,44.72883],[-101.14975,44.74233],[-101.14131,44.747],[-101.08324,44.73843],[-101.06974,44.74238],[-101.06292,44.74251],[-101.05555,44.74015],[-101.0312,44.72571],[-101.02261,44.72415],[-101.01571,44.72657],[-101.01575,44.71746],[-101.0066,44.72008],[-101.00256,44.71894],[-101.00304,44.72109],[-101.00089,44.72192],[-100.99863,44.72047],[-100.99762,44.71656],[-100.9959,44.71629],[-100.99648,44.71221],[-100.9988,44.71082],[-100.99276,44.71087],[-100.99335,44.70891],[-100.9884,44.70782],[-100.98565,44.7033],[-100.98632,44.70011],[-100.99024,44.6989],[-100.98659,44.69727],[-100.98653,44.693],[-100.98306,44.68954],[-100.94225,44.68957],[-100.93716,44.68229],[-100.93709,44.67792],[-100.94052,44.67639],[-100.93757,44.672],[-100.92159,44.65961],[-100.92123,44.63419],[-100.91539,44.62591],[-100.91309,44.6178],[-100.91301,44.52579],[-100.94941,44.53219],[-100.99429,44.53363],[-100.99431,44.53123],[-101.03397,44.53126],[-101.03424,44.39371],[-101.00738,44.39357],[-100.99676,44.38899],[-100.9945,44.38691],[-100.9942,44.37173],[-100.99627,44.37173],[-100.99626,44.36662],[-100.99885,44.36379],[-100.9981,44.36079],[-100.99445,44.35831],[-101.02431,44.35941],[-101.07472,44.35632],[-101.07472,44.37174],[-101.13523,44.37205],[-101.13513,44.56016],[-101.19825,44.56031],[-101.20377,44.56256],[-101.2112,44.5706],[-101.22717,44.574],[-101.22751,44.5781],[-101.2228,44.58462],[-101.2403,44.59284],[-101.23755,44.5969],[-101.22915,44.60066],[-101.22834,44.60364],[-101.23308,44.61111],[-101.23121,44.61998],[-101.23512,44.62491],[-101.23641,44.6333],[-101.23303,44.63359],[-101.23287,44.63524],[-101.23524,44.63455],[-101.23325,44.63901],[-101.23556,44.63889],[-101.23905,44.64216],[-101.23861,44.6497],[-101.24287,44.65352],[-101.24041,44.65562],[-101.24364,44.65507],[-101.24185,44.6572],[-101.24631,44.66049]]]}},{"type":"Feature","id":"57219","properties":{"zip":"57219","pop":null,"city":"","county":"Day","state":"South Dakota","area":126.29,"lat":45.28773,"lon":-97.80101},"geometry":{"type":"Polygon","coordinates":[[[-97.96456,45.23987],[-97.96072,45.24439],[-97.96051,45.28384],[-97.93999,45.28398],[-97.93991,45.2982],[-97.89897,45.29804],[-97.89874,45.3267],[-97.85791,45.32666],[-97.85803,45.33674],[-97.85064,45.34112],[-97.83751,45.35518],[-97.838,45.41365],[-97.79692,45.41359],[-97.79665,45.44258],[-97.75548,45.44253],[-97.75531,45.45703],[-97.73473,45.45703],[-97.73488,45.44252],[-97.69433,45.44237],[-97.69429,45.36926],[-97.67367,45.36892],[-97.67374,45.33959],[-97.71539,45.34011],[-97.71481,45.3264],[-97.69428,45.32655],[-97.69426,45.31218],[-97.71474,45.3122],[-97.71473,45.26881],[-97.6942,45.26888],[-97.69424,45.2544],[-97.66496,45.25416],[-97.65325,45.25201],[-97.65337,45.23979],[-97.69927,45.23993],[-97.6991,45.22474],[-97.71966,45.22463],[-97.71942,45.18132],[-97.73886,45.18122],[-97.73861,45.15214],[-97.86174,45.15218],[-97.86206,45.1811],[-97.88212,45.18136],[-97.88261,45.19567],[-97.90357,45.19601],[-97.9031,45.21041],[-97.9643,45.21099],[-97.96456,45.23987]]]}},{"type":"Feature","id":"57455","properties":{"zip":"57455","pop":null,"city":"","county":"Potter","state":"South Dakota","area":91.86,"lat":44.99301,"lon":-99.74015},"geometry":{"type":"Polygon","coordinates":[[[-99.85256,44.95567],[-99.8381,44.95569],[-99.83756,45.05452],[-99.82775,45.05704],[-99.82774,45.07138],[-99.83747,45.07167],[-99.8375,45.10077],[-99.8169,45.10084],[-99.81669,45.12982],[-99.77708,45.12957],[-99.77707,45.10067],[-99.75652,45.10058],[-99.75651,45.07156],[-99.73609,45.07147],[-99.73605,45.05699],[-99.61387,45.05679],[-99.61453,45.00429],[-99.62808,44.99695],[-99.63406,44.98413],[-99.63453,44.91917],[-99.63392,44.91689],[-99.63145,44.9167],[-99.6312,44.91217],[-99.64035,44.90781],[-99.64963,44.8995],[-99.64935,44.89748],[-99.82393,44.89754],[-99.85256,44.95567]]]}},{"type":"Feature","id":"57108","properties":{"zip":"57108","pop":null,"city":"Sioux Falls","county":"Lincoln","state":"South Dakota","area":22.1,"lat":43.47773,"lon":-96.70542},"geometry":{"type":"Polygon","coordinates":[[[-96.79793,43.45174],[-96.79664,43.48188],[-96.78821,43.5003],[-96.76462,43.50035],[-96.75573,43.50282],[-96.75401,43.50152],[-96.73121,43.51],[-96.73121,43.50401],[-96.73902,43.5022],[-96.7393,43.50034],[-96.70978,43.50036],[-96.70827,43.50209],[-96.70766,43.50037],[-96.59893,43.50044],[-96.5984,43.49507],[-96.59472,43.49331],[-96.59045,43.4943],[-96.59004,43.49191],[-96.58627,43.4911],[-96.58455,43.48883],[-96.58692,43.48767],[-96.58721,43.48492],[-96.581,43.48138],[-96.58674,43.47739],[-96.58413,43.47556],[-96.58514,43.47114],[-96.58248,43.46705],[-96.59355,43.4615],[-96.60603,43.46202],[-96.60703,43.47127],[-96.60897,43.47135],[-96.60901,43.46794],[-96.61434,43.46473],[-96.62532,43.46378],[-96.6289,43.46459],[-96.62893,43.46763],[-96.63396,43.4676],[-96.63396,43.46611],[-96.63927,43.4677],[-96.63929,43.47498],[-96.66874,43.47494],[-96.66868,43.46041],[-96.69761,43.46048],[-96.69763,43.47495],[-96.70756,43.47503],[-96.70765,43.46059],[-96.72819,43.46066],[-96.74323,43.44617],[-96.7474,43.44617],[-96.74739,43.44099],[-96.78719,43.4368],[-96.78723,43.44641],[-96.79739,43.44646],[-96.79793,43.45174]]]}},{"type":"Feature","id":"57110","properties":{"zip":"57110","pop":null,"city":"Sioux Falls","county":"Minnehaha","state":"South Dakota","area":15.29,"lat":43.54415,"lon":-96.63822},"geometry":{"type":"Polygon","coordinates":[[[-96.68473,43.56985],[-96.68165,43.56992],[-96.67303,43.57535],[-96.66933,43.58312],[-96.66474,43.58535],[-96.66454,43.59183],[-96.65816,43.5954],[-96.65606,43.59942],[-96.65176,43.60009],[-96.65162,43.59613],[-96.64276,43.59802],[-96.61687,43.58727],[-96.62223,43.58732],[-96.62354,43.57285],[-96.63168,43.57288],[-96.63163,43.55835],[-96.62106,43.55841],[-96.62173,43.57283],[-96.604,43.57271],[-96.60394,43.57523],[-96.60029,43.57492],[-96.60304,43.56627],[-96.60063,43.56323],[-96.59354,43.56115],[-96.59164,43.55727],[-96.59848,43.55475],[-96.6,43.55004],[-96.59714,43.54894],[-96.60241,43.54193],[-96.60908,43.53931],[-96.61098,43.53609],[-96.6102,43.53296],[-96.60165,43.53036],[-96.59675,43.5224],[-96.59688,43.51506],[-96.60334,43.50983],[-96.59893,43.50044],[-96.66882,43.50034],[-96.67135,43.50383],[-96.6724,43.5148],[-96.67163,43.57301],[-96.68353,43.56638],[-96.68473,43.56985]]]}},{"type":"Feature","id":"57212","properties":{"zip":"57212","pop":null,"city":"Lake Poinsett","county":"Kingsbury","state":"South Dakota","area":175.02,"lat":44.38106,"lon":-97.14346},"geometry":{"type":"Polygon","coordinates":[[[-97.28977,44.41244],[-97.27987,44.41257],[-97.27999,44.41985],[-97.28992,44.41981],[-97.29017,44.4417],[-97.26993,44.44166],[-97.26956,44.47037],[-97.28966,44.47022],[-97.28982,44.48475],[-97.26957,44.48486],[-97.26964,44.4993],[-97.22937,44.49948],[-97.22928,44.485],[-97.21886,44.48504],[-97.21899,44.47824],[-97.2089,44.47812],[-97.20906,44.45609],[-97.18108,44.45631],[-97.17996,44.45349],[-97.17732,44.45476],[-97.17809,44.45627],[-97.16358,44.45626],[-97.16264,44.45996],[-97.16856,44.46393],[-97.16875,44.48516],[-97.18868,44.48512],[-97.18922,44.52859],[-97.17143,44.52862],[-97.17611,44.53121],[-97.17497,44.53309],[-97.17835,44.53766],[-97.17869,44.54319],[-97.15149,44.54312],[-97.1515,44.5605],[-97.14815,44.56056],[-97.14807,44.56275],[-97.14309,44.56238],[-97.14247,44.56048],[-97.13819,44.56071],[-97.13784,44.55761],[-97.12889,44.55771],[-97.12817,44.56114],[-97.12275,44.56442],[-97.10138,44.57395],[-97.08917,44.58347],[-97.07861,44.58667],[-97.07939,44.59063],[-97.0733,44.59284],[-97.07404,44.5948],[-97.07044,44.60013],[-97.06772,44.60097],[-97.06689,44.54205],[-97.04762,44.54354],[-97.04773,44.52838],[-97.03763,44.52837],[-97.03751,44.52104],[-97.02732,44.52096],[-97.02741,44.52837],[-97.02255,44.52825],[-97.02265,44.5209],[-97.01712,44.52087],[-97.01767,44.48758],[-97.00753,44.47813],[-97.00762,44.47447],[-97.0125,44.47027],[-97.01209,44.46782],[-97.02086,44.46313],[-97.01709,44.46311],[-97.01693,44.45952],[-97.00754,44.45948],[-97.00754,44.45712],[-97.02771,44.45599],[-97.02758,44.40565],[-97.03774,44.40563],[-97.03772,44.39841],[-97.02745,44.39817],[-97.0271,44.36934],[-97.06766,44.36939],[-97.06865,44.34916],[-97.04777,44.34964],[-97.0478,44.34743],[-97.0584,44.34742],[-97.05847,44.34044],[-97.05681,44.34044],[-97.0568,44.3384],[-97.05851,44.33839],[-97.05872,44.32593],[-97.06873,44.32585],[-97.06866,44.29696],[-97.05833,44.29702],[-97.05834,44.28953],[-97.06861,44.28925],[-97.06946,44.24996],[-97.06448,44.24999],[-97.06438,44.24646],[-97.0592,44.24643],[-97.0592,44.24262],[-97.0572,44.24259],[-97.05652,44.23995],[-97.0592,44.23931],[-97.05131,44.23919],[-97.05284,44.24638],[-97.04901,44.24634],[-97.04895,44.23856],[-97.03896,44.23921],[-97.03913,44.22467],[-97.04906,44.22465],[-97.04927,44.19578],[-97.09003,44.1958],[-97.08983,44.16716],[-97.10995,44.16706],[-97.1099,44.19582],[-97.18992,44.19588],[-97.18963,44.22464],[-97.20983,44.22483],[-97.20977,44.23391],[-97.20646,44.23963],[-97.20987,44.2428],[-97.20984,44.24865],[-97.22007,44.25101],[-97.23474,44.24915],[-97.23985,44.25237],[-97.24908,44.25228],[-97.249,44.2538],[-97.25087,44.25379],[-97.25087,44.26853],[-97.27102,44.26842],[-97.27079,44.30185],[-97.279,44.3053],[-97.28359,44.31137],[-97.25071,44.3116],[-97.25101,44.32606],[-97.24228,44.32273],[-97.2297,44.32272],[-97.22977,44.34061],[-97.21944,44.3406],[-97.21935,44.34792],[-97.22972,44.3479],[-97.22772,44.35652],[-97.22962,44.3602],[-97.22963,44.36932],[-97.25006,44.36931],[-97.25062,44.37555],[-97.26638,44.37634],[-97.29036,44.36886],[-97.28977,44.41244]]]}},{"type":"Feature","id":"57213","properties":{"zip":"57213","pop":null,"city":"","county":"Deuel","state":"South Dakota","area":34.65,"lat":44.57111,"lon":-96.53231},"geometry":{"type":"Polygon","coordinates":[[[-96.64555,44.53964],[-96.64344,44.54388],[-96.62223,44.54386],[-96.62218,44.55837],[-96.58165,44.55832],[-96.58173,44.5728],[-96.56154,44.57277],[-96.56156,44.63066],[-96.54123,44.63078],[-96.54129,44.61625],[-96.52102,44.61629],[-96.52103,44.63085],[-96.48042,44.6308],[-96.48033,44.64521],[-96.45172,44.64533],[-96.45199,44.54364],[-96.52352,44.54374],[-96.5248,44.51485],[-96.52897,44.51665],[-96.52765,44.51997],[-96.53315,44.52202],[-96.53656,44.52895],[-96.56509,44.52831],[-96.56515,44.51382],[-96.6055,44.51387],[-96.60529,44.49944],[-96.6256,44.49926],[-96.62573,44.51371],[-96.64577,44.51382],[-96.64555,44.53964]]]}},{"type":"Feature","id":"57216","properties":{"zip":"57216","pop":null,"city":"","county":"Grant","state":"South Dakota","area":47.47,"lat":45.30051,"lon":-96.52475},"geometry":{"type":"Polygon","coordinates":[[[-96.63709,45.35556],[-96.6167,45.35557],[-96.6167,45.37003],[-96.5964,45.37008],[-96.59634,45.38094],[-96.61646,45.39323],[-96.61628,45.40766],[-96.60118,45.40318],[-96.56214,45.38609],[-96.52179,45.37564],[-96.48906,45.35707],[-96.46925,45.32494],[-96.46803,45.31862],[-96.46191,45.31388],[-96.45307,45.29812],[-96.45233,45.15105],[-96.45678,45.15103],[-96.45661,45.16556],[-96.48218,45.16551],[-96.48202,45.17122],[-96.48626,45.17431],[-96.48612,45.17686],[-96.49165,45.17487],[-96.48825,45.18079],[-96.49147,45.18261],[-96.48602,45.18339],[-96.48409,45.18673],[-96.48818,45.188],[-96.49235,45.19312],[-96.48899,45.19545],[-96.4968,45.19838],[-96.4968,45.23748],[-96.49547,45.23994],[-96.51459,45.23992],[-96.51458,45.25441],[-96.54015,45.25438],[-96.5401,45.25822],[-96.51718,45.26885],[-96.55556,45.26879],[-96.55554,45.27188],[-96.55847,45.27292],[-96.561,45.26976],[-96.56731,45.26981],[-96.57595,45.27485],[-96.57593,45.28331],[-96.59619,45.28419],[-96.59647,45.3411],[-96.63715,45.34102],[-96.63709,45.35556]]]}},{"type":"Feature","id":"57445","properties":{"zip":"57445","pop":null,"city":"","county":"Brown","state":"South Dakota","area":178.02,"lat":45.45825,"lon":-98.12088},"geometry":{"type":"Polygon","coordinates":[[[-98.30899,45.36366],[-98.30648,45.36408],[-98.30429,45.36844],[-98.30736,45.37011],[-98.30562,45.3707],[-98.30602,45.37315],[-98.30201,45.37292],[-98.29618,45.37746],[-98.29802,45.38],[-98.30004,45.3783],[-98.30019,45.38004],[-98.30472,45.3797],[-98.29771,45.38648],[-98.29759,45.3906],[-98.2876,45.39052],[-98.28747,45.40055],[-98.2954,45.40251],[-98.28863,45.4075],[-98.2947,45.41135],[-98.29043,45.41277],[-98.28614,45.41157],[-98.28494,45.41259],[-98.28708,45.41497],[-98.26783,45.41495],[-98.26817,45.45851],[-98.26378,45.45848],[-98.25142,45.46614],[-98.25097,45.46807],[-98.25421,45.47107],[-98.26026,45.46876],[-98.26306,45.46995],[-98.26001,45.48223],[-98.2651,45.48202],[-98.26805,45.48387],[-98.26768,45.4872],[-98.26272,45.49024],[-98.26355,45.49306],[-98.26808,45.49536],[-98.27087,45.49123],[-98.27598,45.48918],[-98.27969,45.49207],[-98.27241,45.49346],[-98.27348,45.49612],[-98.26924,45.50396],[-98.27036,45.5073],[-98.26859,45.50892],[-98.26256,45.50717],[-98.26529,45.50985],[-98.26473,45.51231],[-98.26301,45.51281],[-98.26289,45.50993],[-98.25937,45.51238],[-98.25419,45.50946],[-98.25234,45.51001],[-98.24971,45.51631],[-98.22669,45.51627],[-98.22667,45.52462],[-98.23216,45.52515],[-98.22666,45.52731],[-98.2267,45.53046],[-98.23228,45.52867],[-98.23339,45.5303],[-98.23038,45.5329],[-98.23087,45.53456],[-98.2371,45.53212],[-98.23976,45.53369],[-98.23071,45.53921],[-98.23444,45.5409],[-98.23832,45.53799],[-98.2421,45.53895],[-98.23298,45.54185],[-98.2266,45.54174],[-98.22424,45.55236],[-98.2198,45.55957],[-98.21982,45.57828],[-98.21671,45.59608],[-98.19598,45.61769],[-98.14537,45.61778],[-98.14542,45.58877],[-98.13332,45.58876],[-98.10395,45.60881],[-98.10393,45.60325],[-98.04152,45.60304],[-98.04164,45.58857],[-97.97959,45.58848],[-97.98004,45.47232],[-98.00065,45.47229],[-98.00069,45.45779],[-97.9802,45.45786],[-97.98074,45.37088],[-98.02182,45.37069],[-98.02187,45.35627],[-97.98082,45.35634],[-97.98096,45.32734],[-98.00151,45.32731],[-98.00159,45.29834],[-98.06308,45.29843],[-98.0631,45.31288],[-98.08357,45.31289],[-98.08358,45.34179],[-98.14513,45.34203],[-98.14518,45.32758],[-98.16566,45.32765],[-98.16562,45.34216],[-98.29892,45.34269],[-98.29877,45.35],[-98.28865,45.34986],[-98.2886,45.35717],[-98.30694,45.35724],[-98.30793,45.36007],[-98.30325,45.36066],[-98.30244,45.36238],[-98.30673,45.36191],[-98.30899,45.36366]]]}},{"type":"Feature","id":"57564","properties":{"zip":"57564","pop":null,"city":"","county":"Sully","state":"South Dakota","area":314.5,"lat":44.72392,"lon":-100.01216},"geometry":{"type":"Polygon","coordinates":[[[-100.32444,44.71558],[-100.29654,44.79461],[-100.2032,44.79461],[-100.20394,44.82384],[-100.12197,44.82378],[-100.12062,44.75412],[-100.11753,44.75117],[-100.06036,44.75105],[-100.06051,44.78014],[-100.00025,44.78023],[-100.00051,44.83808],[-99.90865,44.83962],[-99.89873,44.84454],[-99.89873,44.88191],[-99.81723,44.88202],[-99.81742,44.89753],[-99.59813,44.89727],[-99.60572,44.88343],[-99.61286,44.88134],[-99.61294,44.85238],[-99.67447,44.85248],[-99.6748,44.76543],[-99.83752,44.76584],[-99.83805,44.66439],[-99.85839,44.66446],[-99.85855,44.62821],[-99.87893,44.62829],[-99.87919,44.62095],[-100.03287,44.62072],[-100.03618,44.57303],[-100.02959,44.54832],[-100.03089,44.54795],[-100.26329,44.54812],[-100.26273,44.57697],[-100.32405,44.57691],[-100.32444,44.63454],[-100.26305,44.63477],[-100.26373,44.7073],[-100.32466,44.70719],[-100.32444,44.71558]]]}},{"type":"Feature","id":"57543","properties":{"zip":"57543","pop":null,"city":"","county":"Jackson","state":"South Dakota","area":338.75,"lat":43.74784,"lon":-101.52268},"geometry":{"type":"Polygon","coordinates":[[[-101.78586,43.64172],[-101.77869,43.65239],[-101.77424,43.65116],[-101.77851,43.65342],[-101.77974,43.65543],[-101.77817,43.65651],[-101.78146,43.65828],[-101.777,43.65992],[-101.77781,43.66308],[-101.77969,43.66346],[-101.77628,43.66675],[-101.7792,43.67237],[-101.77561,43.67265],[-101.77384,43.67495],[-101.77721,43.67557],[-101.78239,43.68185],[-101.77377,43.68165],[-101.77281,43.685],[-101.76991,43.68486],[-101.77251,43.68914],[-101.76838,43.68812],[-101.76956,43.68997],[-101.76486,43.69148],[-101.76958,43.69529],[-101.77528,43.69518],[-101.77682,43.69807],[-101.76361,43.7023],[-101.7666,43.70555],[-101.77721,43.70724],[-101.78024,43.70609],[-101.78018,43.73452],[-101.76121,43.7345],[-101.76147,43.74843],[-101.74136,43.749],[-101.74116,43.83544],[-101.76113,43.83545],[-101.76126,43.86592],[-101.74134,43.86592],[-101.74145,43.87929],[-101.70132,43.87919],[-101.70109,43.85015],[-101.69132,43.85025],[-101.68297,43.85811],[-101.6811,43.86474],[-101.66122,43.86462],[-101.66121,43.87919],[-101.5837,43.87855],[-101.58205,43.87953],[-101.58197,43.89367],[-101.56188,43.89372],[-101.56117,43.87928],[-101.54196,43.87917],[-101.54187,43.87194],[-101.52264,43.87208],[-101.52274,43.92512],[-101.53621,43.93703],[-101.52266,43.93708],[-101.52271,43.96553],[-101.54196,43.9657],[-101.54159,43.99489],[-101.42255,43.99513],[-101.42266,43.87913],[-101.32322,43.87921],[-101.32329,43.85024],[-101.34315,43.85004],[-101.34313,43.84741],[-101.38114,43.85145],[-101.38026,43.84898],[-101.38301,43.84848],[-101.38291,43.83986],[-101.38046,43.83563],[-101.38168,43.83245],[-101.37908,43.8295],[-101.3792,43.82277],[-101.37751,43.82046],[-101.38026,43.81785],[-101.3789,43.81449],[-101.38216,43.81242],[-101.38056,43.80902],[-101.38463,43.80728],[-101.38357,43.80134],[-101.38727,43.79887],[-101.3868,43.79497],[-101.39269,43.79305],[-101.3955,43.78903],[-101.41946,43.79039],[-101.41919,43.73735],[-101.22812,43.73738],[-101.22819,43.6065],[-101.50485,43.60653],[-101.52007,43.58869],[-101.52092,43.57788],[-101.54171,43.5779],[-101.54315,43.58367],[-101.54121,43.58655],[-101.5415,43.60655],[-101.76354,43.60659],[-101.76611,43.60932],[-101.7714,43.60939],[-101.7733,43.61361],[-101.77694,43.6131],[-101.77705,43.61818],[-101.78088,43.61854],[-101.77967,43.62112],[-101.77758,43.62126],[-101.77927,43.62402],[-101.7838,43.62475],[-101.7831,43.62719],[-101.78528,43.62757],[-101.78162,43.63054],[-101.78549,43.63269],[-101.78259,43.6367],[-101.78433,43.63737],[-101.78229,43.63844],[-101.78586,43.64172]]]}},{"type":"Feature","id":"57544","properties":{"zip":"57544","pop":null,"city":"","county":"Lyman","state":"South Dakota","area":183.23,"lat":43.88365,"lon":-99.83653},"geometry":{"type":"Polygon","coordinates":[[[-99.9857,43.91128],[-99.95763,43.91262],[-99.92563,43.92055],[-99.92572,44.01332],[-99.88548,44.01357],[-99.88543,44.02135],[-99.88276,44.02419],[-99.88154,44.03512],[-99.86584,44.03563],[-99.86582,44.07918],[-99.88155,44.07909],[-99.88516,44.0809],[-99.88554,44.10105],[-99.89035,44.10572],[-99.8939,44.11559],[-99.90456,44.12302],[-99.91741,44.12767],[-99.92322,44.13606],[-99.92953,44.14047],[-99.93501,44.14788],[-99.93041,44.14742],[-99.93246,44.1447],[-99.92903,44.1434],[-99.92117,44.14348],[-99.89799,44.12674],[-99.89734,44.13081],[-99.89529,44.13056],[-99.87496,44.12293],[-99.87556,44.12459],[-99.86035,44.12364],[-99.83563,44.12552],[-99.79339,44.13324],[-99.76563,44.13547],[-99.76564,43.8908],[-99.78554,43.8909],[-99.78565,43.87702],[-99.74096,43.87596],[-99.74576,43.8744],[-99.74566,43.86187],[-99.72564,43.86185],[-99.72566,43.84733],[-99.74347,43.84694],[-99.74335,43.74842],[-99.74031,43.74705],[-99.73983,43.74141],[-99.73634,43.73443],[-99.73998,43.72474],[-99.73645,43.72067],[-99.7276,43.71941],[-99.72099,43.72577],[-99.71314,43.72957],[-99.7138,43.71136],[-99.7238,43.71147],[-99.72385,43.70361],[-99.70454,43.70353],[-99.70448,43.696],[-99.72274,43.6961],[-99.71818,43.69272],[-99.71849,43.69053],[-99.72155,43.68973],[-99.71968,43.68074],[-99.72321,43.67857],[-99.72063,43.67781],[-99.72079,43.67357],[-99.81153,43.67342],[-99.81166,43.6662],[-99.82235,43.66627],[-99.82216,43.68108],[-99.81177,43.68094],[-99.81147,43.69807],[-99.84139,43.68904],[-99.84965,43.69809],[-99.85657,43.70133],[-99.86194,43.69926],[-99.85369,43.69372],[-99.85123,43.68841],[-99.86198,43.69196],[-99.87312,43.68909],[-99.86205,43.68286],[-99.86208,43.67892],[-99.86696,43.67305],[-99.87174,43.67074],[-99.8893,43.67818],[-99.88509,43.68587],[-99.89127,43.69134],[-99.89356,43.6985],[-99.90195,43.70049],[-99.9019,43.76048],[-99.94182,43.76049],[-99.94187,43.77509],[-99.98113,43.775],[-99.98119,43.81845],[-99.92199,43.81852],[-99.92203,43.84737],[-99.92569,43.84734],[-99.92568,43.8972],[-99.96572,43.89718],[-99.96575,43.90881],[-99.9857,43.90886],[-99.9857,43.91128]]]}},{"type":"Feature","id":"57547","properties":{"zip":"57547","pop":null,"city":"","county":"Jackson","state":"South Dakota","area":152.38,"lat":43.48336,"lon":-101.44062},"geometry":{"type":"Polygon","coordinates":[[[-101.66556,43.43038],[-101.66007,43.43843],[-101.65382,43.44318],[-101.64429,43.4445],[-101.63839,43.44281],[-101.6297,43.44466],[-101.63262,43.44717],[-101.63399,43.46399],[-101.6313,43.46731],[-101.63398,43.46894],[-101.63536,43.47449],[-101.64909,43.47396],[-101.65326,43.48154],[-101.65536,43.4923],[-101.66141,43.50286],[-101.66162,43.51977],[-101.62117,43.52134],[-101.62169,43.54883],[-101.54166,43.54883],[-101.54149,43.5199],[-101.3808,43.51977],[-101.36638,43.52284],[-101.361,43.52755],[-101.35981,43.57145],[-101.36105,43.57432],[-101.35918,43.58073],[-101.36135,43.58523],[-101.36991,43.58748],[-101.37131,43.5924],[-101.37886,43.59276],[-101.37998,43.6023],[-101.38414,43.60648],[-101.22819,43.6065],[-101.22829,43.46188],[-101.27608,43.46155],[-101.28568,43.45705],[-101.29848,43.46169],[-101.35539,43.46173],[-101.35613,43.38922],[-101.6591,43.38881],[-101.66116,43.3925],[-101.65784,43.39588],[-101.65362,43.41023],[-101.66127,43.41662],[-101.66556,43.43038]]]}},{"type":"Feature","id":"57103","properties":{"zip":"57103","pop":null,"city":"Sioux Falls","county":"Minnehaha","state":"South Dakota","area":6.84,"lat":43.53813,"lon":-96.69263},"geometry":{"type":"Polygon","coordinates":[[[-96.72546,43.54863],[-96.721,43.56043],[-96.72384,43.56274],[-96.72344,43.56456],[-96.71951,43.56736],[-96.70997,43.56729],[-96.70459,43.57198],[-96.69979,43.57235],[-96.69361,43.56938],[-96.68473,43.56985],[-96.68353,43.56638],[-96.67163,43.57301],[-96.6724,43.5148],[-96.67135,43.50383],[-96.66882,43.50034],[-96.70766,43.50037],[-96.71094,43.50625],[-96.71095,43.51405],[-96.70368,43.51486],[-96.70179,43.52197],[-96.69634,43.5256],[-96.69863,43.53128],[-96.69624,43.53314],[-96.69961,43.53662],[-96.70401,43.53671],[-96.71138,43.54248],[-96.72207,43.54556],[-96.72546,43.54863]]]}},{"type":"Feature","id":"57104","properties":{"zip":"57104","pop":null,"city":"Sioux Falls","county":"Minnehaha","state":"South Dakota","area":22.29,"lat":43.6041,"lon":-96.70416},"geometry":{"type":"Polygon","coordinates":[[[-96.77474,43.55164],[-96.7661,43.55166],[-96.7672,43.5584],[-96.76397,43.57293],[-96.74348,43.59256],[-96.74396,43.59835],[-96.74017,43.60084],[-96.74006,43.60425],[-96.74628,43.60562],[-96.74466,43.61039],[-96.73654,43.60919],[-96.73667,43.6309],[-96.72479,43.63088],[-96.72488,43.63309],[-96.72083,43.63537],[-96.71143,43.63489],[-96.71146,43.64527],[-96.70639,43.64526],[-96.70636,43.65253],[-96.70141,43.65256],[-96.70142,43.65426],[-96.71145,43.65678],[-96.71145,43.65971],[-96.69137,43.65974],[-96.69132,43.67428],[-96.6514,43.67425],[-96.65147,43.65969],[-96.63169,43.65969],[-96.63173,43.64532],[-96.67119,43.64399],[-96.67299,43.62361],[-96.6716,43.62277],[-96.67402,43.62003],[-96.67267,43.61682],[-96.67005,43.61627],[-96.67297,43.61303],[-96.67063,43.60803],[-96.63999,43.61047],[-96.64137,43.60908],[-96.62122,43.60967],[-96.61232,43.60906],[-96.59902,43.60468],[-96.62084,43.60953],[-96.64644,43.60301],[-96.65172,43.5994],[-96.65606,43.59942],[-96.65816,43.5954],[-96.66454,43.59183],[-96.66474,43.58535],[-96.66933,43.58312],[-96.67303,43.57535],[-96.68165,43.56992],[-96.69361,43.56938],[-96.69979,43.57235],[-96.70459,43.57198],[-96.70997,43.56729],[-96.71951,43.56736],[-96.72344,43.56456],[-96.72384,43.56274],[-96.721,43.56043],[-96.72525,43.54774],[-96.71138,43.54248],[-96.70586,43.53777],[-96.71135,43.53665],[-96.71133,43.53494],[-96.71629,43.53674],[-96.76778,43.53666],[-96.77087,43.54393],[-96.76913,43.54766],[-96.77406,43.54839],[-96.77474,43.55164]]]}},{"type":"Feature","id":"57555","properties":{"zip":"57555","pop":null,"city":"Soldier Creek","county":"Todd","state":"South Dakota","area":248.18,"lat":43.29825,"lon":-100.66023},"geometry":{"type":"Polygon","coordinates":[[[-101.01943,43.32304],[-101.01888,43.35216],[-101.0125,43.35744],[-101.01176,43.36642],[-100.99933,43.37574],[-100.99862,43.38461],[-100.99564,43.38929],[-100.47179,43.39017],[-100.47166,43.36558],[-100.46665,43.36003],[-100.46843,43.34766],[-100.46433,43.3392],[-100.46555,43.3329],[-100.47013,43.32758],[-100.42939,43.33366],[-100.44035,43.31907],[-100.43717,43.31777],[-100.33194,43.31751],[-100.33388,43.28237],[-100.33138,43.27548],[-100.33365,43.26257],[-100.33249,43.21609],[-100.40123,43.21613],[-100.40306,43.21344],[-100.41184,43.21142],[-100.41186,43.22962],[-100.41319,43.23063],[-100.41145,43.2309],[-100.41166,43.25254],[-100.42056,43.25248],[-100.42109,43.25973],[-100.45308,43.25968],[-100.45274,43.23067],[-100.5207,43.23067],[-100.52045,43.15862],[-100.61012,43.15818],[-100.61122,43.18846],[-100.61972,43.20174],[-100.64026,43.20158],[-100.64165,43.19441],[-100.66041,43.19429],[-100.67186,43.20161],[-100.68914,43.20135],[-100.6897,43.18677],[-100.74901,43.18682],[-100.74913,43.20124],[-100.77216,43.20116],[-100.76804,43.20452],[-100.76845,43.20914],[-100.78513,43.22584],[-100.78698,43.23004],[-100.78602,43.23417],[-100.79531,43.24213],[-100.79775,43.25369],[-100.8051,43.25997],[-100.80479,43.26266],[-100.81657,43.26732],[-100.81599,43.27089],[-100.81021,43.27333],[-100.81655,43.27936],[-100.81517,43.28251],[-100.81752,43.28707],[-100.82391,43.29],[-100.82871,43.29569],[-100.84865,43.29557],[-100.84875,43.30199],[-100.92913,43.30165],[-100.9287,43.272],[-100.93217,43.27203],[-100.9321,43.26985],[-100.94169,43.2711],[-100.96746,43.28125],[-100.98257,43.29556],[-101.00526,43.31002],[-101.01174,43.31873],[-101.01943,43.32304]]]}},{"type":"Feature","id":"57366","properties":{"zip":"57366","pop":null,"city":"","county":"Hutchinson","state":"South Dakota","area":158.63,"lat":43.38553,"lon":-97.94302},"geometry":{"type":"Polygon","coordinates":[[[-98.21153,43.43473],[-98.19172,43.43471],[-98.19239,43.45602],[-98.11286,43.45578],[-98.11272,43.44144],[-98.0571,43.44148],[-98.05614,43.42766],[-98.01682,43.42772],[-98.01704,43.44217],[-97.99726,43.44217],[-97.98496,43.4421],[-97.98407,43.42769],[-97.93719,43.4275],[-97.93755,43.44208],[-97.91753,43.44206],[-97.91789,43.45661],[-97.89806,43.45656],[-97.89774,43.44211],[-97.83827,43.44221],[-97.83842,43.45198],[-97.83447,43.45307],[-97.83859,43.45658],[-97.83821,43.48529],[-97.81856,43.48579],[-97.81847,43.49308],[-97.82598,43.49286],[-97.82595,43.49967],[-97.73829,43.49988],[-97.73863,43.48665],[-97.71882,43.48671],[-97.71915,43.47229],[-97.73895,43.47225],[-97.73919,43.45779],[-97.75928,43.4577],[-97.75877,43.42895],[-97.71909,43.42908],[-97.71885,43.42197],[-97.70838,43.42195],[-97.70847,43.41495],[-97.69879,43.41479],[-97.69887,43.40818],[-97.67874,43.40796],[-97.67874,43.40064],[-97.69961,43.39925],[-97.71843,43.38709],[-97.71818,43.35023],[-97.73278,43.34995],[-97.73289,43.34274],[-97.79713,43.34215],[-97.79729,43.32866],[-97.81729,43.32863],[-97.81708,43.31413],[-97.83701,43.31403],[-97.83659,43.34173],[-97.87654,43.34138],[-97.87592,43.32048],[-97.89577,43.32029],[-97.89564,43.31345],[-97.95444,43.31288],[-97.95423,43.29839],[-97.96476,43.29831],[-97.9646,43.29077],[-97.97387,43.29052],[-97.97369,43.26928],[-98.07071,43.26809],[-98.071,43.28267],[-98.09085,43.28307],[-98.09107,43.29756],[-98.10109,43.29746],[-98.10206,43.32633],[-98.09146,43.3265],[-98.0926,43.36959],[-98.13102,43.36932],[-98.13134,43.38377],[-98.20946,43.38369],[-98.21153,43.43473]]]}},{"type":"Feature","id":"57365","properties":{"zip":"57365","pop":null,"city":"Oacoma","county":"Lyman","state":"South Dakota","area":52.02,"lat":43.81152,"lon":-99.41731},"geometry":{"type":"Polygon","coordinates":[[[-99.50432,43.84596],[-99.50433,43.84753],[-99.40598,43.84717],[-99.40667,43.91427],[-99.36318,43.91478],[-99.36185,43.9031],[-99.35223,43.89231],[-99.32133,43.87784],[-99.31307,43.87106],[-99.30809,43.86404],[-99.31083,43.85522],[-99.33591,43.8229],[-99.36624,43.79243],[-99.38057,43.78613],[-99.40361,43.77945],[-99.41015,43.77462],[-99.41413,43.76593],[-99.419,43.74483],[-99.41638,43.73857],[-99.40771,43.72847],[-99.40676,43.71955],[-99.40967,43.70973],[-99.40696,43.70528],[-99.40786,43.70311],[-99.41706,43.69801],[-99.44428,43.69167],[-99.44467,43.69495],[-99.44762,43.69693],[-99.45807,43.69642],[-99.46144,43.70038],[-99.45614,43.70534],[-99.44824,43.70649],[-99.44395,43.71045],[-99.44364,43.72022],[-99.44725,43.72654],[-99.45255,43.72895],[-99.47789,43.73195],[-99.49693,43.7373],[-99.50168,43.74064],[-99.50031,43.74945],[-99.50272,43.74917],[-99.5024,43.75071],[-99.49142,43.75377],[-99.48496,43.76191],[-99.48368,43.76687],[-99.48898,43.77048],[-99.49497,43.76875],[-99.49947,43.76652],[-99.50432,43.76026],[-99.50432,43.84596]]]}},{"type":"Feature","id":"57247","properties":{"zip":"57247","pop":null,"city":"Clear Lake","county":"Marshall","state":"South Dakota","area":64.31,"lat":45.7168,"lon":-97.45806},"geometry":{"type":"Polygon","coordinates":[[[-97.6071,45.66719],[-97.60645,45.71795],[-97.58779,45.71797],[-97.58026,45.72074],[-97.57193,45.71794],[-97.54615,45.71794],[-97.54611,45.73929],[-97.56633,45.7396],[-97.56676,45.7759],[-97.48402,45.7757],[-97.4839,45.76124],[-97.42671,45.76108],[-97.43057,45.77365],[-97.42374,45.77194],[-97.421,45.77691],[-97.4176,45.77875],[-97.4193,45.78912],[-97.42398,45.79246],[-97.42378,45.8053],[-97.39305,45.80556],[-97.39266,45.74766],[-97.37251,45.74994],[-97.3722,45.75459],[-97.36355,45.75487],[-97.36331,45.75893],[-97.35313,45.76234],[-97.28959,45.76082],[-97.2918,45.7538],[-97.28947,45.74992],[-97.28933,45.73971],[-97.28728,45.73549],[-97.28903,45.73233],[-97.35094,45.73327],[-97.35089,45.71499],[-97.33088,45.71513],[-97.33145,45.6872],[-97.33806,45.68985],[-97.34168,45.68699],[-97.34205,45.68264],[-97.35098,45.68262],[-97.35129,45.64609],[-97.37202,45.6462],[-97.37199,45.65159],[-97.38723,45.65317],[-97.38772,45.66033],[-97.41179,45.66007],[-97.41188,45.67455],[-97.42671,45.6745],[-97.42709,45.67655],[-97.42207,45.67862],[-97.42885,45.6818],[-97.43225,45.67872],[-97.43171,45.67579],[-97.43524,45.67445],[-97.50558,45.67447],[-97.51237,45.67813],[-97.51893,45.67809],[-97.51966,45.66832],[-97.52857,45.65854],[-97.53178,45.64556],[-97.56676,45.6456],[-97.56705,45.66005],[-97.60719,45.66001],[-97.6071,45.66719]]]}},{"type":"Feature","id":"57370","properties":{"zip":"57370","pop":null,"city":"","county":"Brule","state":"South Dakota","area":157.8,"lat":43.80506,"lon":-99.17208},"geometry":{"type":"Polygon","coordinates":[[[-99.28446,43.98365],[-99.26654,43.98356],[-99.26652,44.00609],[-99.27652,44.00605],[-99.28322,44.01135],[-99.28153,44.01958],[-99.13678,44.02007],[-99.13679,44.0058],[-99.10662,44.00592],[-99.1083,43.91988],[-99.08815,43.92007],[-99.08768,43.89125],[-99.06758,43.89144],[-99.06726,43.87704],[-99.10728,43.87671],[-99.10699,43.86236],[-99.11651,43.8623],[-99.11648,43.85697],[-99.09705,43.8394],[-99.1011,43.83581],[-99.1129,43.83703],[-99.11163,43.83417],[-99.11383,43.83143],[-99.11333,43.81031],[-99.10268,43.81173],[-99.10257,43.80255],[-99.07308,43.80269],[-99.07294,43.75928],[-99.09319,43.75922],[-99.07256,43.73533],[-99.0727,43.67238],[-99.11247,43.67219],[-99.11255,43.6581],[-99.09261,43.65802],[-99.09251,43.64355],[-99.11247,43.64355],[-99.11194,43.58567],[-99.17132,43.58586],[-99.17169,43.60038],[-99.1913,43.60043],[-99.19126,43.61488],[-99.21138,43.61492],[-99.21143,43.62938],[-99.27137,43.62951],[-99.2719,43.745],[-99.23252,43.74494],[-99.23283,43.75932],[-99.25275,43.75946],[-99.25295,43.78824],[-99.21305,43.78777],[-99.21335,43.80224],[-99.18311,43.80221],[-99.18373,43.84494],[-99.1851,43.84733],[-99.20676,43.84731],[-99.20683,43.86181],[-99.23678,43.86183],[-99.23775,43.89048],[-99.24677,43.89102],[-99.24675,43.93304],[-99.24877,43.93335],[-99.27543,43.97455],[-99.28446,43.98365]]]}},{"type":"Feature","id":"57371","properties":{"zip":"57371","pop":null,"city":"","county":"Hand","state":"South Dakota","area":160.89,"lat":44.43155,"lon":-99.23103},"geometry":{"type":"Polygon","coordinates":[[[-99.34102,44.54756],[-99.31248,44.54749],[-99.31258,44.63421],[-99.23231,44.63466],[-99.23215,44.67825],[-99.17103,44.67821],[-99.17117,44.63451],[-99.19163,44.63455],[-99.19141,44.59105],[-99.15086,44.59083],[-99.1509,44.5474],[-99.14529,44.54737],[-99.14533,44.51555],[-99.12503,44.51559],[-99.12512,44.45744],[-99.18563,44.45742],[-99.1855,44.37061],[-99.16547,44.37063],[-99.16535,44.34161],[-99.14518,44.34161],[-99.14512,44.31258],[-99.1047,44.31256],[-99.1047,44.2993],[-99.10333,44.29788],[-99.10476,44.28357],[-99.1855,44.28312],[-99.18584,44.19648],[-99.30018,44.19483],[-99.30025,44.3106],[-99.31867,44.31058],[-99.31872,44.34007],[-99.30041,44.34009],[-99.30055,44.51976],[-99.34106,44.52004],[-99.34102,44.54756]]]}},{"type":"Feature","id":"57373","properties":{"zip":"57373","pop":null,"city":"","county":"Hand","state":"South Dakota","area":156.44,"lat":44.52926,"lon":-98.86981},"geometry":{"type":"Polygon","coordinates":[[[-98.98804,44.72168],[-98.98806,44.73861],[-98.98518,44.73618],[-98.94778,44.73627],[-98.94744,44.72175],[-98.86663,44.72196],[-98.86654,44.70736],[-98.80768,44.70703],[-98.80738,44.6783],[-98.78714,44.67811],[-98.78701,44.70712],[-98.77634,44.70701],[-98.77571,44.64267],[-98.74582,44.64197],[-98.73824,44.63434],[-98.72603,44.63429],[-98.72613,44.61982],[-98.74635,44.61997],[-98.74631,44.59098],[-98.7652,44.59106],[-98.7666,44.58975],[-98.76654,44.56953],[-98.77107,44.56954],[-98.77088,44.562],[-98.77658,44.562],[-98.77659,44.55481],[-98.76661,44.55479],[-98.7666,44.54746],[-98.78243,44.5475],[-98.78239,44.51535],[-98.80264,44.5153],[-98.80263,44.49498],[-98.82291,44.50264],[-98.82355,44.37026],[-98.80231,44.37033],[-98.8022,44.34266],[-98.82349,44.33652],[-98.82341,44.31227],[-98.80213,44.31239],[-98.80211,44.29785],[-98.82338,44.29777],[-98.82334,44.28332],[-98.94362,44.28373],[-98.94324,44.32709],[-98.90424,44.32694],[-98.90447,44.39943],[-98.92387,44.39948],[-98.92469,44.41403],[-98.94298,44.41404],[-98.94345,44.45739],[-98.96336,44.45742],[-98.96338,44.48642],[-98.94362,44.48652],[-98.94311,44.51766],[-98.96333,44.51803],[-98.96342,44.54744],[-98.94852,44.54746],[-98.94728,44.68942],[-98.94762,44.69267],[-98.98836,44.6926],[-98.98804,44.72168]]]}},{"type":"Feature","id":"57375","properties":{"zip":"57375","pop":null,"city":"","county":"Aurora","state":"South Dakota","area":101.36,"lat":43.56222,"lon":-98.47878},"geometry":{"type":"Polygon","coordinates":[[[-98.67555,43.52771],[-98.67474,43.57155],[-98.63493,43.5707],[-98.63501,43.5852],[-98.5951,43.58517],[-98.59418,43.62778],[-98.57437,43.62669],[-98.55465,43.62858],[-98.55552,43.58509],[-98.49737,43.58524],[-98.49741,43.5998],[-98.48049,43.5998],[-98.48136,43.6434],[-98.42552,43.64379],[-98.42534,43.62933],[-98.40544,43.62946],[-98.4056,43.64394],[-98.34552,43.64441],[-98.34557,43.65148],[-98.33591,43.65153],[-98.3359,43.65897],[-98.32593,43.65905],[-98.32571,43.64455],[-98.30547,43.64454],[-98.30552,43.63005],[-98.3256,43.62996],[-98.32522,43.58654],[-98.32217,43.52762],[-98.30231,43.52762],[-98.30162,43.51317],[-98.38067,43.51301],[-98.37971,43.49853],[-98.41648,43.49847],[-98.42016,43.50655],[-98.42582,43.51299],[-98.43928,43.51297],[-98.43902,43.49848],[-98.67633,43.4991],[-98.67555,43.52771]]]}},{"type":"Feature","id":"57249","properties":{"zip":"57249","pop":null,"city":"","county":"Kingsbury","state":"South Dakota","area":112.81,"lat":44.37112,"lon":-97.36462},"geometry":{"type":"Polygon","coordinates":[[[-97.51134,44.31084],[-97.48035,44.31172],[-97.46135,44.32525],[-97.46147,44.32937],[-97.46648,44.33456],[-97.46662,44.33987],[-97.47158,44.33992],[-97.47138,44.36692],[-97.46885,44.36692],[-97.46892,44.36861],[-97.45121,44.36864],[-97.45108,44.39761],[-97.44101,44.39756],[-97.44115,44.40462],[-97.45105,44.40459],[-97.45107,44.44111],[-97.43084,44.44099],[-97.43064,44.48456],[-97.39019,44.48452],[-97.38997,44.51355],[-97.35067,44.51356],[-97.35058,44.49907],[-97.33022,44.49909],[-97.33032,44.5136],[-97.26964,44.51382],[-97.26957,44.48486],[-97.28982,44.48475],[-97.28966,44.47022],[-97.26956,44.47037],[-97.26993,44.44166],[-97.29017,44.4417],[-97.28992,44.41981],[-97.27999,44.41985],[-97.27987,44.41257],[-97.28977,44.41244],[-97.29036,44.36886],[-97.26638,44.37634],[-97.25062,44.37555],[-97.25006,44.36931],[-97.22963,44.36932],[-97.22962,44.3602],[-97.22772,44.35652],[-97.22972,44.3479],[-97.21935,44.34792],[-97.21944,44.3406],[-97.22977,44.34061],[-97.2297,44.32272],[-97.24228,44.32273],[-97.25101,44.32606],[-97.25071,44.3116],[-97.28359,44.31137],[-97.279,44.3053],[-97.27079,44.30185],[-97.27093,44.29702],[-97.30585,44.29664],[-97.30589,44.29244],[-97.31109,44.29241],[-97.31126,44.26808],[-97.33139,44.26777],[-97.33112,44.2819],[-97.35159,44.28184],[-97.35154,44.26047],[-97.3605,44.26054],[-97.36049,44.25295],[-97.37107,44.2528],[-97.37109,44.23832],[-97.39128,44.2383],[-97.39131,44.22381],[-97.45165,44.22388],[-97.45132,44.28188],[-97.46047,44.29634],[-97.51143,44.29641],[-97.51134,44.31084]]]}},{"type":"Feature","id":"57349","properties":{"zip":"57349","pop":null,"city":"","county":"Miner","state":"South Dakota","area":167.4,"lat":44.0267,"lon":-97.57522},"geometry":{"type":"Polygon","coordinates":[[[-97.77087,43.93664],[-97.73059,43.9366],[-97.73056,43.95102],[-97.75077,43.95104],[-97.7509,44.00884],[-97.71133,44.00873],[-97.71131,44.03804],[-97.69115,44.03791],[-97.69145,44.09568],[-97.63048,44.09576],[-97.6305,44.08127],[-97.61038,44.08105],[-97.61011,44.1391],[-97.57121,44.13893],[-97.57143,44.19512],[-97.51095,44.19494],[-97.51093,44.18225],[-97.47124,44.18233],[-97.47112,44.16778],[-97.42548,44.16767],[-97.42543,44.15311],[-97.4308,44.15312],[-97.43002,43.93549],[-97.47025,43.93544],[-97.46998,43.92095],[-97.49005,43.92099],[-97.49006,43.93542],[-97.53027,43.93574],[-97.53032,43.92119],[-97.69075,43.92188],[-97.69047,43.87844],[-97.71049,43.87837],[-97.71051,43.86393],[-97.75064,43.86413],[-97.75066,43.84971],[-97.77079,43.84978],[-97.77042,43.87505],[-97.76628,43.87502],[-97.76624,43.87872],[-97.7506,43.87862],[-97.75062,43.90765],[-97.75065,43.92207],[-97.77068,43.92214],[-97.77087,43.93664]]]}},{"type":"Feature","id":"57243","properties":{"zip":"57243","pop":null,"city":"","county":"Codington","state":"South Dakota","area":87.37,"lat":44.91175,"lon":-97.42084},"geometry":{"type":"Polygon","coordinates":[[[-97.54155,44.85545],[-97.53203,44.85545],[-97.53205,44.8696],[-97.53511,44.8696],[-97.53462,44.9058],[-97.5041,44.90571],[-97.50428,44.94928],[-97.49454,44.9492],[-97.49405,45.03586],[-97.47373,45.0359],[-97.4736,45.02149],[-97.41204,45.02126],[-97.41197,44.97794],[-97.28491,44.9776],[-97.28445,44.97209],[-97.27494,44.97286],[-97.26823,44.96823],[-97.24921,44.96679],[-97.24917,44.96318],[-97.25235,44.96263],[-97.28074,44.96345],[-97.28076,44.9487],[-97.28978,44.94867],[-97.28999,44.89074],[-97.32957,44.89087],[-97.32974,44.86214],[-97.3702,44.862],[-97.37023,44.84007],[-97.3901,44.84003],[-97.39001,44.83313],[-97.41039,44.8331],[-97.41045,44.8186],[-97.45122,44.81862],[-97.45122,44.78974],[-97.49144,44.78968],[-97.49135,44.80403],[-97.51167,44.80404],[-97.51177,44.84046],[-97.532,44.84053],[-97.53201,44.84753],[-97.54154,44.84755],[-97.54155,44.85545]]]}},{"type":"Feature","id":"57355","properties":{"zip":"57355","pop":null,"city":"","county":"Brule","state":"South Dakota","area":279.19,"lat":43.77478,"lon":-98.95041},"geometry":{"type":"Polygon","coordinates":[[[-99.11651,43.8623],[-99.10699,43.86236],[-99.10728,43.87671],[-99.06726,43.87704],[-99.06758,43.89144],[-99.08768,43.89125],[-99.08815,43.92007],[-99.1083,43.91988],[-99.10648,44.02042],[-99.08925,44.02048],[-99.08624,44.01777],[-99.08655,43.99976],[-99.09159,43.99619],[-99.09275,43.99223],[-99.08962,43.99312],[-99.08673,43.99012],[-99.07673,43.98625],[-99.07049,43.97726],[-99.07042,43.97427],[-99.06096,43.96988],[-99.05634,43.96408],[-99.0537,43.96429],[-99.05388,43.96238],[-99.05058,43.9597],[-99.03695,43.9509],[-99.03823,43.94916],[-98.96732,43.94947],[-98.96687,43.89426],[-98.96553,43.89313],[-98.96156,43.89356],[-98.95999,43.89603],[-98.96021,43.89454],[-98.9568,43.89544],[-98.95529,43.89936],[-98.95135,43.89843],[-98.95028,43.901],[-98.94707,43.89946],[-98.94703,43.90623],[-98.90752,43.90607],[-98.90745,43.92054],[-98.88765,43.92051],[-98.88764,43.90601],[-98.86778,43.9063],[-98.86723,43.93509],[-98.927,43.93514],[-98.92659,44.02141],[-98.88719,44.02155],[-98.88728,43.99259],[-98.80734,43.99243],[-98.80679,43.84849],[-98.81636,43.84853],[-98.81627,43.83975],[-98.80649,43.8398],[-98.80642,43.83226],[-98.81661,43.8321],[-98.81645,43.81757],[-98.7964,43.81789],[-98.79617,43.80338],[-98.81618,43.80315],[-98.81604,43.79559],[-98.80558,43.79562],[-98.80558,43.78882],[-98.7959,43.78897],[-98.79499,43.73065],[-98.81442,43.73072],[-98.81449,43.62591],[-98.81694,43.62487],[-98.81424,43.62205],[-98.81446,43.60043],[-98.7943,43.60044],[-98.79443,43.58586],[-98.91328,43.58595],[-98.91322,43.57164],[-98.93328,43.57165],[-98.93319,43.55738],[-98.95308,43.5573],[-98.953,43.54277],[-98.97267,43.54273],[-98.97269,43.5506],[-98.99219,43.55059],[-98.99276,43.57156],[-99.0324,43.57128],[-99.03238,43.58561],[-99.09199,43.58575],[-99.09212,43.60014],[-99.11208,43.60021],[-99.11247,43.64355],[-99.09251,43.64355],[-99.09261,43.65802],[-99.11255,43.6581],[-99.11247,43.67219],[-99.0727,43.67238],[-99.07256,43.73533],[-99.09319,43.75922],[-99.07294,43.75928],[-99.07308,43.80269],[-99.10257,43.80255],[-99.10268,43.81173],[-99.11333,43.81031],[-99.11383,43.83143],[-99.11163,43.83417],[-99.1129,43.83703],[-99.1011,43.83581],[-99.09705,43.8394],[-99.11648,43.85697],[-99.11651,43.8623]]]}},{"type":"Feature","id":"57232","properties":{"zip":"57232","pop":null,"city":"","county":"Marshall","state":"South Dakota","area":66.22,"lat":45.61754,"lon":-97.38394},"geometry":{"type":"Polygon","coordinates":[[[-97.56831,45.59794],[-97.56673,45.60239],[-97.54627,45.60238],[-97.54627,45.60959],[-97.55646,45.60959],[-97.55651,45.61662],[-97.54606,45.61661],[-97.54644,45.62418],[-97.55683,45.62417],[-97.55711,45.64559],[-97.53178,45.64556],[-97.52857,45.65854],[-97.51966,45.66832],[-97.51893,45.67809],[-97.51237,45.67813],[-97.50558,45.67447],[-97.43524,45.67445],[-97.43171,45.67579],[-97.43225,45.67872],[-97.42885,45.6818],[-97.42207,45.67862],[-97.42709,45.67655],[-97.42671,45.6745],[-97.41188,45.67455],[-97.41179,45.66007],[-97.38772,45.66033],[-97.38723,45.65317],[-97.37199,45.65159],[-97.37202,45.6462],[-97.35129,45.64609],[-97.35107,45.66794],[-97.34089,45.66736],[-97.34094,45.65969],[-97.31157,45.66035],[-97.31035,45.66427],[-97.3103,45.66027],[-97.30617,45.66009],[-97.30538,45.64579],[-97.29457,45.64578],[-97.29466,45.65286],[-97.2998,45.65298],[-97.2999,45.66012],[-97.27756,45.66063],[-97.26351,45.65806],[-97.26355,45.64535],[-97.22717,45.64516],[-97.22709,45.55816],[-97.36464,45.55873],[-97.37337,45.58763],[-97.56661,45.58775],[-97.56668,45.59603],[-97.56831,45.59794]]]}},{"type":"Feature","id":"57235","properties":{"zip":"57235","pop":null,"city":"","county":"Codington","state":"South Dakota","area":98.88,"lat":45.06892,"lon":-97.31335},"geometry":{"type":"Polygon","coordinates":[[[-97.47362,45.04273],[-97.47349,45.05071],[-97.41192,45.05016],[-97.4118,45.06509],[-97.43227,45.06511],[-97.4323,45.09382],[-97.40957,45.09394],[-97.41218,45.09669],[-97.41225,45.10844],[-97.40209,45.10842],[-97.40209,45.1229],[-97.41227,45.1229],[-97.41235,45.15911],[-97.38499,45.1591],[-97.38508,45.16859],[-97.38255,45.16638],[-97.37135,45.16637],[-97.37132,45.18087],[-97.33107,45.18077],[-97.33109,45.17353],[-97.32281,45.17244],[-97.32228,45.16998],[-97.32029,45.16996],[-97.32028,45.16615],[-97.30003,45.16604],[-97.3001,45.15153],[-97.24015,45.15119],[-97.23601,45.13652],[-97.21601,45.13728],[-97.21619,45.12281],[-97.20596,45.12274],[-97.20583,45.13724],[-97.20063,45.13723],[-97.20069,45.13365],[-97.18518,45.13364],[-97.18537,45.10767],[-97.20572,45.10786],[-97.20576,45.09346],[-97.16475,45.09348],[-97.1442,45.10586],[-97.14417,45.09321],[-97.12364,45.09325],[-97.1237,45.07867],[-97.16484,45.07902],[-97.16466,45.06439],[-97.21802,45.06435],[-97.21803,45.03586],[-97.20809,45.03588],[-97.20837,45.02394],[-97.21842,45.02399],[-97.21899,45.00679],[-97.22902,45.00671],[-97.229,44.97378],[-97.21081,44.96324],[-97.24917,44.96318],[-97.24921,44.96679],[-97.26823,44.96823],[-97.27494,44.97286],[-97.28445,44.97209],[-97.28491,44.9776],[-97.41197,44.97794],[-97.41204,45.02126],[-97.4736,45.02149],[-97.47362,45.04273]]]}},{"type":"Feature","id":"57241","properties":{"zip":"57241","pop":null,"city":"","county":"Hamlin","state":"South Dakota","area":78.08,"lat":44.69741,"lon":-97.21742},"geometry":{"type":"Polygon","coordinates":[[[-97.37021,44.70256],[-97.33024,44.70245],[-97.32998,44.71708],[-97.26913,44.71721],[-97.269,44.73164],[-97.24875,44.7317],[-97.24858,44.77517],[-97.23059,44.77536],[-97.22902,44.80406],[-97.10794,44.80356],[-97.10807,44.78924],[-97.12705,44.78889],[-97.12761,44.73105],[-97.14805,44.73119],[-97.14778,44.71681],[-97.12751,44.71674],[-97.12759,44.70215],[-97.10772,44.70262],[-97.10928,44.69174],[-97.12741,44.67643],[-97.12767,44.6733],[-97.10795,44.67362],[-97.10777,44.65902],[-97.1277,44.65884],[-97.1281,44.61546],[-97.14852,44.61557],[-97.14816,44.62994],[-97.16864,44.62996],[-97.16855,44.61531],[-97.21902,44.6154],[-97.21928,44.60117],[-97.24925,44.60116],[-97.24916,44.62271],[-97.26932,44.62309],[-97.26947,44.61582],[-97.31014,44.61599],[-97.30961,44.63017],[-97.32985,44.63023],[-97.3298,44.67355],[-97.37029,44.67361],[-97.37021,44.70256]]]}},{"type":"Feature","id":"57242","properties":{"zip":"57242","pop":null,"city":"","county":"Hamlin","state":"South Dakota","area":61.57,"lat":44.77356,"lon":-97.35899},"geometry":{"type":"Polygon","coordinates":[[[-97.49144,44.78968],[-97.45122,44.78974],[-97.45122,44.81862],[-97.41045,44.8186],[-97.41039,44.8331],[-97.39001,44.83313],[-97.3901,44.84003],[-97.37023,44.84007],[-97.3702,44.862],[-97.32974,44.86214],[-97.32959,44.84779],[-97.30923,44.84752],[-97.30972,44.80413],[-97.29656,44.80415],[-97.27867,44.81142],[-97.27845,44.80419],[-97.22902,44.80406],[-97.23059,44.77536],[-97.24858,44.77517],[-97.24875,44.7317],[-97.269,44.73164],[-97.26913,44.71721],[-97.32998,44.71708],[-97.33024,44.70245],[-97.4108,44.7028],[-97.41067,44.71713],[-97.42462,44.71718],[-97.45128,44.70973],[-97.45125,44.71729],[-97.431,44.71719],[-97.43072,44.73171],[-97.44612,44.73202],[-97.4305,44.73874],[-97.43051,44.74624],[-97.49169,44.74627],[-97.49144,44.78968]]]}},{"type":"Feature","id":"57359","properties":{"zip":"57359","pop":null,"city":"","county":"Sanborn","state":"South Dakota","area":110.97,"lat":43.90102,"lon":-98.15586},"geometry":{"type":"Polygon","coordinates":[[[-98.41183,43.92271],[-98.39182,43.9228],[-98.39175,43.93732],[-98.27152,43.93807],[-98.27152,43.92361],[-98.25168,43.92391],[-98.25155,43.93816],[-98.15131,43.93826],[-98.15155,43.96063],[-98.14135,43.96072],[-98.14141,43.96726],[-98.07108,43.96693],[-98.07144,43.9952],[-98.03053,43.99547],[-98.03059,43.98087],[-97.99105,43.98077],[-97.99086,43.95233],[-97.97067,43.95216],[-97.97053,43.92327],[-97.95202,43.92303],[-97.95623,43.92079],[-97.9562,43.91866],[-97.95833,43.9192],[-97.95744,43.91756],[-97.96955,43.91387],[-97.96838,43.91149],[-97.97065,43.90971],[-97.98407,43.90975],[-97.99134,43.90575],[-97.98814,43.90188],[-97.98188,43.90102],[-97.98237,43.89429],[-97.97079,43.89418],[-97.97092,43.88021],[-97.9792,43.88029],[-97.9838,43.87564],[-97.97328,43.87541],[-97.97098,43.87385],[-97.97136,43.85066],[-97.99336,43.8507],[-97.99623,43.84647],[-97.99108,43.84508],[-97.99364,43.8427],[-98.00035,43.84301],[-98.00144,43.84119],[-97.99813,43.83762],[-98.00393,43.83578],[-98.00402,43.83353],[-98.06878,43.83265],[-98.06836,43.81824],[-98.08647,43.81717],[-98.10639,43.81798],[-98.1065,43.83256],[-98.18755,43.83421],[-98.1876,43.85107],[-98.19139,43.85113],[-98.19205,43.86592],[-98.21142,43.86577],[-98.21139,43.87733],[-98.23144,43.88069],[-98.2713,43.88024],[-98.27136,43.86592],[-98.2914,43.86584],[-98.29137,43.88021],[-98.33157,43.88],[-98.33148,43.85099],[-98.41149,43.85012],[-98.41183,43.92271]]]}},{"type":"Feature","id":"57350","properties":{"zip":"57350","pop":null,"city":"Huron","county":"Beadle","state":"South Dakota","area":212.9,"lat":44.39477,"lon":-98.20037},"geometry":{"type":"Polygon","coordinates":[[[-98.41778,44.51578],[-98.41769,44.53034],[-98.37702,44.53008],[-98.37707,44.51561],[-98.33624,44.51559],[-98.33623,44.50108],[-98.25496,44.50123],[-98.25474,44.54572],[-98.2204,44.54562],[-98.22038,44.56972],[-98.21326,44.56947],[-98.21166,44.5675],[-98.20588,44.56658],[-98.20611,44.5653],[-98.20061,44.56507],[-98.19744,44.56242],[-98.20012,44.55992],[-98.17996,44.55987],[-98.18005,44.58886],[-98.16981,44.58882],[-98.16988,44.6032],[-98.15988,44.60325],[-98.15985,44.5888],[-98.13946,44.58873],[-98.13945,44.57789],[-98.12934,44.57821],[-98.1224,44.57417],[-98.09904,44.57409],[-98.09903,44.54514],[-98.09297,44.54512],[-98.0931,44.51489],[-98.07293,44.51459],[-98.07305,44.4857],[-98.03266,44.48533],[-98.03277,44.47086],[-98.01258,44.47068],[-98.01282,44.44147],[-98.033,44.44172],[-98.03333,44.40585],[-98.05348,44.40562],[-98.05357,44.39854],[-98.06257,44.39855],[-98.06233,44.39112],[-98.07386,44.39109],[-98.07406,44.36768],[-98.09334,44.36764],[-98.09353,44.34853],[-98.08298,44.34861],[-98.08293,44.34079],[-98.05391,44.34041],[-98.05406,44.29699],[-98.1143,44.29761],[-98.11438,44.28311],[-98.16606,44.28352],[-98.16998,44.28093],[-98.1628,44.27606],[-98.16254,44.27082],[-98.15478,44.2693],[-98.15318,44.26708],[-98.1575,44.26414],[-98.1553,44.26218],[-98.14993,44.26422],[-98.14582,44.26299],[-98.14121,44.25055],[-98.13507,44.25107],[-98.1298,44.24715],[-98.12511,44.23931],[-98.11424,44.23924],[-98.11414,44.21024],[-98.12575,44.21034],[-98.1272,44.20612],[-98.13653,44.20435],[-98.1368,44.19375],[-98.1419,44.19132],[-98.14277,44.18429],[-98.15067,44.1841],[-98.15066,44.16961],[-98.17087,44.16947],[-98.17089,44.19622],[-98.23399,44.19664],[-98.23425,44.24016],[-98.2139,44.24014],[-98.2139,44.25999],[-98.21937,44.26101],[-98.21988,44.25953],[-98.22455,44.26049],[-98.2258,44.25907],[-98.22898,44.26169],[-98.23113,44.25854],[-98.2343,44.2587],[-98.23428,44.26915],[-98.31573,44.26928],[-98.31564,44.2837],[-98.37667,44.28368],[-98.37674,44.32705],[-98.3972,44.327],[-98.39727,44.34862],[-98.38695,44.34855],[-98.38687,44.35608],[-98.36603,44.35603],[-98.366,44.36392],[-98.35663,44.36393],[-98.35662,44.39124],[-98.33632,44.38774],[-98.33631,44.4141],[-98.29575,44.41421],[-98.29585,44.42874],[-98.27539,44.42879],[-98.27541,44.44328],[-98.3257,44.44316],[-98.32568,44.45056],[-98.32866,44.45056],[-98.33628,44.46821],[-98.33628,44.48662],[-98.35674,44.48646],[-98.35688,44.50093],[-98.41787,44.50121],[-98.41778,44.51578]]]}},{"type":"Feature","id":"57265","properties":{"zip":"57265","pop":null,"city":"","county":"Grant","state":"South Dakota","area":61.01,"lat":44.98868,"lon":-96.79601},"geometry":{"type":"Polygon","coordinates":[[[-96.90319,45.00603],[-96.88284,45.00582],[-96.88275,45.03477],[-96.90221,45.03526],[-96.90225,45.04981],[-96.8828,45.04923],[-96.8828,45.06377],[-96.82155,45.06356],[-96.82177,45.078],[-96.76101,45.07717],[-96.76087,45.06274],[-96.7412,45.06287],[-96.74123,45.04849],[-96.71542,45.04897],[-96.71799,45.04786],[-96.71822,45.0388],[-96.7206,45.03845],[-96.72054,45.03461],[-96.70006,45.03466],[-96.69987,45.0202],[-96.72046,45.02],[-96.72046,44.94826],[-96.74074,44.9482],[-96.74093,44.93371],[-96.72107,44.93356],[-96.71986,44.90463],[-96.69975,44.9046],[-96.69964,44.89014],[-96.78087,44.89012],[-96.78022,44.9024],[-96.78292,44.90445],[-96.8002,44.90445],[-96.80112,44.89012],[-96.82155,44.8901],[-96.82143,44.91895],[-96.84177,44.91905],[-96.84171,44.93354],[-96.85194,44.9335],[-96.8518,44.94791],[-96.82182,44.94801],[-96.82134,44.95764],[-96.81381,44.96131],[-96.81096,44.96526],[-96.81117,44.97723],[-96.85191,44.97698],[-96.85172,44.95524],[-96.88224,44.95508],[-96.88235,44.97687],[-96.90279,44.97713],[-96.90319,45.00603]]]}},{"type":"Feature","id":"57273","properties":{"zip":"57273","pop":null,"city":"","county":"Day","state":"South Dakota","area":138.88,"lat":45.33331,"lon":-97.27574},"geometry":{"type":"Polygon","coordinates":[[[-97.43322,45.20949],[-97.41255,45.20963],[-97.41266,45.22405],[-97.40758,45.22408],[-97.40723,45.23946],[-97.36605,45.23953],[-97.36618,45.30503],[-97.37607,45.30517],[-97.37634,45.32652],[-97.38676,45.32652],[-97.38696,45.34089],[-97.36587,45.34086],[-97.36596,45.45718],[-97.33331,45.45702],[-97.33859,45.47166],[-97.33259,45.47168],[-97.32479,45.47536],[-97.30919,45.47526],[-97.30931,45.48613],[-97.28866,45.48603],[-97.28855,45.47512],[-97.26241,45.47501],[-97.26231,45.47152],[-97.24728,45.47122],[-97.24696,45.46033],[-97.22675,45.46048],[-97.22667,45.47141],[-97.15987,45.4715],[-97.1599,45.47491],[-97.1649,45.47488],[-97.16481,45.47837],[-97.15545,45.47838],[-97.15535,45.48186],[-97.14504,45.48191],[-97.14501,45.47845],[-97.10804,45.47883],[-97.10799,45.44019],[-97.10348,45.43975],[-97.10339,45.39493],[-97.10886,45.39494],[-97.10896,45.39907],[-97.12382,45.39897],[-97.12375,45.41367],[-97.15456,45.41367],[-97.14873,45.39794],[-97.14448,45.39327],[-97.14462,45.3555],[-97.16541,45.35559],[-97.16535,45.34105],[-97.22626,45.34127],[-97.22624,45.29765],[-97.24685,45.2976],[-97.2464,45.22489],[-97.22598,45.22464],[-97.22621,45.16633],[-97.24397,45.16636],[-97.24023,45.15118],[-97.3001,45.15153],[-97.30003,45.16604],[-97.32028,45.16615],[-97.32029,45.16996],[-97.32228,45.16998],[-97.32281,45.17244],[-97.33109,45.17353],[-97.33107,45.18077],[-97.37132,45.18087],[-97.37135,45.16637],[-97.38255,45.16638],[-97.38508,45.16859],[-97.38499,45.1591],[-97.41235,45.15911],[-97.41258,45.19511],[-97.43319,45.19503],[-97.43322,45.20949]]]}},{"type":"Feature","id":"57259","properties":{"zip":"57259","pop":null,"city":"","county":"Grant","state":"South Dakota","area":93.64,"lat":45.00047,"lon":-96.56788},"geometry":{"type":"Polygon","coordinates":[[[-96.74074,44.9482],[-96.72046,44.94826],[-96.71973,44.97663],[-96.68406,44.97684],[-96.68256,44.97929],[-96.67983,44.97958],[-96.67985,45.02028],[-96.65929,45.02012],[-96.6594,45.0491],[-96.61969,45.04908],[-96.61988,45.07804],[-96.59949,45.07812],[-96.59992,45.12166],[-96.57938,45.12165],[-96.57939,45.10716],[-96.53861,45.10737],[-96.53857,45.12186],[-96.51824,45.12202],[-96.51797,45.09301],[-96.49755,45.09313],[-96.49736,45.07861],[-96.4564,45.07874],[-96.45538,45.08042],[-96.45222,45.07816],[-96.45226,44.94827],[-96.47557,44.94809],[-96.47562,44.94526],[-96.47835,44.94441],[-96.47619,44.94454],[-96.47841,44.93619],[-96.47683,44.9351],[-96.49003,44.93562],[-96.48739,44.93411],[-96.48915,44.93145],[-96.48682,44.93095],[-96.48787,44.92867],[-96.48979,44.92983],[-96.49241,44.92855],[-96.49132,44.92494],[-96.49665,44.92049],[-96.50104,44.91925],[-96.50725,44.92193],[-96.5085,44.91953],[-96.51169,44.92181],[-96.51703,44.92033],[-96.51713,44.88979],[-96.53704,44.89009],[-96.53701,44.90462],[-96.57755,44.90443],[-96.57766,44.91887],[-96.65564,44.91915],[-96.65436,44.92108],[-96.65659,44.92168],[-96.65596,44.92283],[-96.65874,44.92238],[-96.65859,44.92471],[-96.66606,44.92934],[-96.66135,44.93386],[-96.67769,44.93156],[-96.67947,44.93365],[-96.74093,44.93371],[-96.74074,44.9482]]]}},{"type":"Feature","id":"57263","properties":{"zip":"57263","pop":null,"city":"","county":"Codington","state":"South Dakota","area":77.3,"lat":45.14109,"lon":-97.00573},"geometry":{"type":"Polygon","coordinates":[[[-97.20549,45.1518],[-97.04236,45.15063],[-97.04293,45.21888],[-97.04421,45.22095],[-97.03507,45.24033],[-96.96462,45.23988],[-96.96546,45.22308],[-96.90418,45.22274],[-96.90421,45.16841],[-96.91218,45.16414],[-96.91537,45.15028],[-96.88395,45.15022],[-96.8828,45.04923],[-96.92277,45.04966],[-96.92357,45.06328],[-96.96449,45.06329],[-96.96457,45.07778],[-96.97701,45.07795],[-96.98499,45.067],[-96.98512,45.07803],[-97.00444,45.07971],[-97.00473,45.09294],[-97.03488,45.0931],[-97.03494,45.07859],[-97.04558,45.07866],[-97.04558,45.09318],[-97.05669,45.09311],[-97.05598,45.0717],[-97.0608,45.07171],[-97.06083,45.07872],[-97.06602,45.07878],[-97.06618,45.10793],[-97.09783,45.10802],[-97.10546,45.09318],[-97.14417,45.09321],[-97.1442,45.10586],[-97.16475,45.09348],[-97.20576,45.09346],[-97.20572,45.10786],[-97.18537,45.10767],[-97.18518,45.13364],[-97.20069,45.13365],[-97.20063,45.13723],[-97.20583,45.13724],[-97.20549,45.1518]]]}},{"type":"Feature","id":"57266","properties":{"zip":"57266","pop":null,"city":"","county":"Grant","state":"South Dakota","area":90.69,"lat":45.28603,"lon":-97.08986},"geometry":{"type":"Polygon","coordinates":[[[-97.19526,45.18812],[-97.18557,45.18825],[-97.18521,45.19541],[-97.16447,45.19557],[-97.16476,45.22459],[-97.14413,45.22454],[-97.14408,45.23922],[-97.16476,45.23935],[-97.16498,45.28286],[-97.14432,45.28301],[-97.14426,45.29719],[-97.16493,45.29722],[-97.16541,45.35559],[-97.14462,45.3555],[-97.14448,45.39327],[-97.14873,45.39794],[-97.15456,45.41367],[-97.12375,45.41367],[-97.12382,45.39897],[-97.10896,45.39907],[-97.10886,45.39494],[-97.10339,45.39493],[-97.10344,45.42846],[-97.04147,45.42851],[-97.04131,45.38403],[-96.97969,45.38351],[-96.97994,45.3537],[-97.04421,45.22095],[-97.04293,45.21888],[-97.04236,45.15063],[-97.1952,45.15172],[-97.19526,45.18812]]]}},{"type":"Feature","id":"57274","properties":{"zip":"57274","pop":null,"city":"","county":"Day","state":"South Dakota","area":278.13,"lat":45.30944,"lon":-97.55537},"geometry":{"type":"Polygon","coordinates":[[[-97.86174,45.15218],[-97.73861,45.15214],[-97.73886,45.18122],[-97.71942,45.18132],[-97.71966,45.22463],[-97.6991,45.22474],[-97.69927,45.23993],[-97.65337,45.23979],[-97.65325,45.25201],[-97.66496,45.25416],[-97.69424,45.2544],[-97.6942,45.26888],[-97.71473,45.26881],[-97.71474,45.3122],[-97.69426,45.31218],[-97.69428,45.32655],[-97.71481,45.3264],[-97.71539,45.34011],[-97.67374,45.33959],[-97.67367,45.36892],[-97.69429,45.36926],[-97.69461,45.4134],[-97.69398,45.47136],[-97.67338,45.47131],[-97.67288,45.50042],[-97.49707,45.50028],[-97.49715,45.49279],[-97.48931,45.49276],[-97.48932,45.4858],[-97.48003,45.48592],[-97.4799,45.47857],[-97.42725,45.47876],[-97.42732,45.48616],[-97.40688,45.48617],[-97.40666,45.47179],[-97.39582,45.47182],[-97.39587,45.46469],[-97.3864,45.46482],[-97.38834,45.46603],[-97.38423,45.46601],[-97.3698,45.47172],[-97.34516,45.47169],[-97.34519,45.45709],[-97.36596,45.45718],[-97.36587,45.34086],[-97.38696,45.34089],[-97.38676,45.32652],[-97.37634,45.32652],[-97.37607,45.30517],[-97.36618,45.30503],[-97.36605,45.23953],[-97.40723,45.23946],[-97.40758,45.22408],[-97.41266,45.22405],[-97.41255,45.20963],[-97.43322,45.20949],[-97.43319,45.19503],[-97.41258,45.19511],[-97.41235,45.15172],[-97.51468,45.15167],[-97.51464,45.13729],[-97.53503,45.1373],[-97.53499,45.12284],[-97.54641,45.12393],[-97.57103,45.12091],[-97.57352,45.1218],[-97.57562,45.1274],[-97.57323,45.13049],[-97.57605,45.13049],[-97.5759,45.13739],[-97.7189,45.1378],[-97.71869,45.12332],[-97.78462,45.12311],[-97.78479,45.11563],[-97.80007,45.11565],[-97.80014,45.10869],[-97.84095,45.10827],[-97.8616,45.10883],[-97.86174,45.15218]]]}},{"type":"Feature","id":"57270","properties":{"zip":"57270","pop":null,"city":"","county":"Marshall","state":"South Dakota","area":115.39,"lat":45.84821,"lon":-97.32989},"geometry":{"type":"Polygon","coordinates":[[[-97.50188,45.80479],[-97.48105,45.80482],[-97.4801,45.93514],[-97.32167,45.93437],[-97.32565,45.93362],[-97.32957,45.92749],[-97.33313,45.92649],[-97.33316,45.92134],[-97.14495,45.92104],[-97.14454,45.89219],[-97.1243,45.89192],[-97.12419,45.86297],[-97.10376,45.86293],[-97.10378,45.85864],[-97.10907,45.85855],[-97.10903,45.85577],[-97.16556,45.85613],[-97.18466,45.86277],[-97.1861,45.86277],[-97.18608,45.85542],[-97.22813,45.85557],[-97.22793,45.81867],[-97.20712,45.8188],[-97.20786,45.80473],[-97.2278,45.80423],[-97.22749,45.74132],[-97.23117,45.74037],[-97.22868,45.74276],[-97.23202,45.74169],[-97.23769,45.74342],[-97.24607,45.74218],[-97.24891,45.73709],[-97.26154,45.73245],[-97.28903,45.73233],[-97.28728,45.73549],[-97.28933,45.73971],[-97.28947,45.74992],[-97.2918,45.7538],[-97.28959,45.76082],[-97.35313,45.76234],[-97.36331,45.75893],[-97.36355,45.75487],[-97.3722,45.75459],[-97.37251,45.74994],[-97.39266,45.74766],[-97.39305,45.80556],[-97.42378,45.8053],[-97.42398,45.79246],[-97.4193,45.78912],[-97.4176,45.77875],[-97.421,45.77691],[-97.42374,45.77194],[-97.43057,45.77365],[-97.42671,45.76108],[-97.4839,45.76124],[-97.48433,45.80237],[-97.50186,45.80235],[-97.50188,45.80479]]]}},{"type":"Feature","id":"57272","properties":{"zip":"57272","pop":null,"city":"","county":"Codington","state":"South Dakota","area":32.17,"lat":45.09563,"lon":-97.48007},"geometry":{"type":"Polygon","coordinates":[[[-97.5656,45.1225],[-97.54641,45.12393],[-97.53499,45.12284],[-97.53503,45.1373],[-97.51464,45.13729],[-97.51468,45.15167],[-97.41235,45.15172],[-97.41227,45.1229],[-97.40209,45.1229],[-97.40209,45.10842],[-97.41225,45.10844],[-97.41218,45.09669],[-97.40957,45.09394],[-97.4323,45.09382],[-97.43227,45.06511],[-97.4118,45.06509],[-97.41192,45.05016],[-97.47349,45.05071],[-97.47373,45.0359],[-97.49405,45.03586],[-97.49408,45.02141],[-97.51437,45.02151],[-97.51436,45.0284],[-97.53446,45.02863],[-97.53796,45.05036],[-97.53479,45.05952],[-97.5348,45.07937],[-97.51458,45.07939],[-97.5146,45.09386],[-97.55532,45.09398],[-97.55545,45.11505],[-97.5609,45.11502],[-97.56092,45.111],[-97.56562,45.11103],[-97.5656,45.1225]]]}},{"type":"Feature","id":"57451","properties":{"zip":"57451","pop":null,"city":"","county":"Edmunds","state":"South Dakota","area":303.87,"lat":45.43488,"lon":-98.93475},"geometry":{"type":"Polygon","coordinates":[[[-99.19534,45.47711],[-99.19521,45.53517],[-99.17463,45.53521],[-99.17453,45.54972],[-99.15395,45.54972],[-99.15362,45.59256],[-99.03481,45.59237],[-99.02837,45.58612],[-99.02839,45.56379],[-98.96653,45.5635],[-98.92465,45.56364],[-98.92436,45.58797],[-98.92817,45.59237],[-98.84166,45.59226],[-98.8427,45.53459],[-98.68079,45.53329],[-98.68085,45.47525],[-98.70142,45.47539],[-98.70136,45.43632],[-98.6984,45.43191],[-98.63972,45.43148],[-98.63942,45.36636],[-98.65069,45.36606],[-98.64979,45.37366],[-98.65985,45.37367],[-98.65989,45.35922],[-98.68054,45.35935],[-98.68045,45.34488],[-98.72222,45.3451],[-98.72274,45.31597],[-98.7839,45.3167],[-98.78407,45.30219],[-98.82533,45.3025],[-98.82537,45.288],[-98.84561,45.28814],[-98.84519,45.33159],[-98.86577,45.33157],[-98.86606,45.30272],[-98.98963,45.30291],[-98.98968,45.28841],[-99.01023,45.2884],[-99.01037,45.26243],[-99.03093,45.25949],[-99.03101,45.25026],[-99.02894,45.24651],[-99.03117,45.24503],[-99.11326,45.245],[-99.11307,45.33216],[-99.09265,45.33229],[-99.09243,45.37557],[-99.11293,45.37558],[-99.11294,45.40453],[-99.17495,45.40452],[-99.17474,45.46264],[-99.19531,45.46281],[-99.19534,45.47711]]]}},{"type":"Feature","id":"57045","properties":{"zip":"57045","pop":null,"city":"","county":"Hutchinson","state":"South Dakota","area":88.22,"lat":43.20055,"lon":-97.52427},"geometry":{"type":"Polygon","coordinates":[[[-97.67949,43.22119],[-97.677,43.22335],[-97.67205,43.22292],[-97.67492,43.23408],[-97.66981,43.23629],[-97.65988,43.24679],[-97.65766,43.24655],[-97.65941,43.24233],[-97.65819,43.24118],[-97.65118,43.24328],[-97.64502,43.25043],[-97.64726,43.25377],[-97.64363,43.25721],[-97.63957,43.2585],[-97.63619,43.25575],[-97.62496,43.25605],[-97.61416,43.26326],[-97.59103,43.26942],[-97.60163,43.27025],[-97.59932,43.27254],[-97.59918,43.31349],[-97.53959,43.31358],[-97.53946,43.30589],[-97.51961,43.30591],[-97.51905,43.27024],[-97.53918,43.27028],[-97.53901,43.25578],[-97.4787,43.25587],[-97.47872,43.24144],[-97.459,43.24151],[-97.45897,43.22711],[-97.43912,43.22711],[-97.43904,43.21264],[-97.41921,43.21269],[-97.41912,43.19821],[-97.37815,43.1984],[-97.37791,43.18394],[-97.36847,43.18395],[-97.36849,43.16952],[-97.35797,43.16954],[-97.35785,43.15018],[-97.38559,43.14042],[-97.3991,43.14045],[-97.39907,43.13583],[-97.42884,43.12577],[-97.41922,43.12582],[-97.41935,43.11846],[-97.42897,43.11843],[-97.42905,43.1113],[-97.47778,43.11112],[-97.48774,43.09566],[-97.50035,43.1037],[-97.51844,43.12268],[-97.51848,43.14],[-97.52731,43.14333],[-97.54992,43.14587],[-97.54754,43.14317],[-97.54904,43.13932],[-97.55838,43.13741],[-97.55741,43.14045],[-97.56585,43.13887],[-97.57734,43.14172],[-97.57725,43.14479],[-97.58202,43.1438],[-97.58333,43.14671],[-97.5952,43.14867],[-97.59701,43.15112],[-97.60448,43.15393],[-97.59805,43.15931],[-97.60283,43.15807],[-97.60492,43.16001],[-97.60923,43.1596],[-97.61712,43.16619],[-97.6132,43.17195],[-97.61527,43.17677],[-97.61935,43.17382],[-97.62462,43.17407],[-97.62671,43.17906],[-97.63509,43.1853],[-97.63958,43.18332],[-97.65695,43.18335],[-97.65597,43.18772],[-97.65891,43.19131],[-97.6668,43.19545],[-97.67254,43.20115],[-97.67729,43.21096],[-97.67949,43.22119]]]}},{"type":"Feature","id":"57053","properties":{"zip":"57053","pop":null,"city":"","county":"Turner","state":"South Dakota","area":103.61,"lat":43.40966,"lon":-97.1371},"geometry":{"type":"Polygon","coordinates":[[[-97.28013,43.34316],[-97.26055,43.34324],[-97.26086,43.40101],[-97.20626,43.40123],[-97.20522,43.41684],[-97.20647,43.42016],[-97.20873,43.42123],[-97.20797,43.42271],[-97.22129,43.42935],[-97.19134,43.43036],[-97.1913,43.43578],[-97.20134,43.43578],[-97.20135,43.43758],[-97.19128,43.43758],[-97.19122,43.44476],[-97.20143,43.44478],[-97.20148,43.45925],[-97.22137,43.45928],[-97.22147,43.47373],[-97.20158,43.47369],[-97.20176,43.48815],[-97.18189,43.48818],[-97.18174,43.49967],[-97.18908,43.49967],[-97.18955,43.5216],[-97.17935,43.5216],[-97.17931,43.54348],[-97.12947,43.5433],[-97.12935,43.51424],[-97.08939,43.51423],[-97.08958,43.4997],[-97.0696,43.49976],[-97.0695,43.51424],[-97.04967,43.5143],[-97.04971,43.4998],[-97.0241,43.49979],[-97.02412,43.43124],[-97.03353,43.43116],[-97.03355,43.42405],[-97.02401,43.42403],[-97.0238,43.35024],[-97.0228,43.34826],[-97.01283,43.34659],[-97.01121,43.34438],[-97.00399,43.34445],[-97.00487,43.32992],[-97.0248,43.32984],[-97.02383,43.34429],[-97.08224,43.34401],[-97.08218,43.32951],[-97.12211,43.32952],[-97.12211,43.31511],[-97.14202,43.31503],[-97.14188,43.30035],[-97.16135,43.30016],[-97.16137,43.31462],[-97.20108,43.31422],[-97.20103,43.29992],[-97.25969,43.29965],[-97.26026,43.31333],[-97.27984,43.31421],[-97.28013,43.34316]]]}},{"type":"Feature","id":"57481","properties":{"zip":"57481","pop":null,"city":"","county":"Brown","state":"South Dakota","area":132.04,"lat":45.65274,"lon":-98.66809},"geometry":{"type":"Polygon","coordinates":[[[-98.8482,45.69383],[-98.84798,45.70835],[-98.80777,45.70798],[-98.8078,45.72248],[-98.78708,45.72222],[-98.787,45.75124],[-98.76629,45.75104],[-98.76629,45.76563],[-98.72485,45.76522],[-98.72492,45.75072],[-98.68394,45.75046],[-98.68401,45.7215],[-98.66316,45.72146],[-98.66324,45.70697],[-98.6425,45.7066],[-98.64241,45.69239],[-98.60111,45.69216],[-98.6011,45.72116],[-98.55921,45.72092],[-98.55917,45.73541],[-98.51763,45.73506],[-98.51795,45.72055],[-98.4971,45.72037],[-98.49712,45.70589],[-98.45561,45.70564],[-98.45571,45.69107],[-98.43492,45.69099],[-98.43496,45.67649],[-98.42499,45.67646],[-98.42472,45.64741],[-98.43517,45.64747],[-98.4353,45.61853],[-98.4688,45.61782],[-98.4723,45.61031],[-98.47618,45.60834],[-98.47625,45.58973],[-98.47435,45.58908],[-98.55986,45.59052],[-98.55968,45.61949],[-98.60112,45.61957],[-98.60124,45.63421],[-98.6219,45.63433],[-98.62196,45.6053],[-98.68383,45.60561],[-98.68429,45.61986],[-98.72534,45.62027],[-98.725,45.59125],[-98.72217,45.59124],[-98.7223,45.5336],[-98.8427,45.53459],[-98.84166,45.59226],[-98.82882,45.59214],[-98.82857,45.60662],[-98.84919,45.60678],[-98.8482,45.69383]]]}},{"type":"Feature","id":"57301","properties":{"zip":"57301","pop":null,"city":"Mitchell","county":"Davison","state":"South Dakota","area":173.41,"lat":43.7114,"lon":-98.04159},"geometry":{"type":"Polygon","coordinates":[[[-98.2055,43.73178],[-98.18697,43.73112],[-98.18755,43.83421],[-98.1065,43.83256],[-98.10639,43.81798],[-98.06836,43.81824],[-98.06878,43.83265],[-98.00402,43.83353],[-98.00393,43.83578],[-97.99813,43.83762],[-98.00144,43.84119],[-98.00035,43.84301],[-97.99364,43.8427],[-97.99108,43.84508],[-97.99623,43.84647],[-97.99336,43.8507],[-97.92764,43.85052],[-97.92808,43.83354],[-97.94803,43.8338],[-97.94867,43.80486],[-97.92863,43.80463],[-97.92914,43.79015],[-97.90914,43.78995],[-97.9094,43.77545],[-97.88939,43.77541],[-97.88913,43.74637],[-97.90896,43.74636],[-97.90797,43.71726],[-97.88809,43.71717],[-97.88763,43.70262],[-97.86771,43.70258],[-97.86732,43.69018],[-97.85959,43.68803],[-97.85917,43.68474],[-97.84681,43.67833],[-97.8468,43.65896],[-97.88672,43.65898],[-97.88691,43.63292],[-97.87231,43.62517],[-97.87077,43.62234],[-97.87357,43.62071],[-97.86705,43.61874],[-97.86691,43.61566],[-97.90694,43.61547],[-97.90726,43.62204],[-97.91684,43.62206],[-97.91682,43.62896],[-97.93434,43.62893],[-97.93846,43.63307],[-97.9425,43.63005],[-97.94306,43.6338],[-97.94664,43.62971],[-97.9668,43.62982],[-97.96631,43.5862],[-98.16638,43.58571],[-98.16649,43.60005],[-98.18651,43.60003],[-98.18653,43.6146],[-98.18544,43.67314],[-98.16546,43.67315],[-98.16642,43.6987],[-98.17548,43.69874],[-98.17536,43.70754],[-98.20547,43.70834],[-98.2055,43.73178]]]}},{"type":"Feature","id":"57106","properties":{"zip":"57106","pop":null,"city":"Sioux Falls","county":"Minnehaha","state":"South Dakota","area":22.05,"lat":43.50955,"lon":-96.83911},"geometry":{"type":"Polygon","coordinates":[[[-96.9103,43.52127],[-96.90094,43.52136],[-96.90097,43.52901],[-96.89033,43.52911],[-96.89036,43.54373],[-96.80085,43.54389],[-96.80081,43.54697],[-96.7909,43.54696],[-96.79091,43.5439],[-96.77087,43.54393],[-96.76778,43.53666],[-96.78027,43.53664],[-96.78026,43.53064],[-96.77148,43.52641],[-96.76552,43.51484],[-96.76793,43.51483],[-96.76793,43.51303],[-96.76529,43.513],[-96.75573,43.50282],[-96.76462,43.50035],[-96.78821,43.5003],[-96.79617,43.48389],[-96.79766,43.46096],[-96.80784,43.46099],[-96.81013,43.46822],[-96.8162,43.46935],[-96.81688,43.48286],[-96.82629,43.48295],[-96.82629,43.47554],[-96.90606,43.4757],[-96.90605,43.50006],[-96.91028,43.50005],[-96.9103,43.52127]]]}},{"type":"Feature","id":"57755","properties":{"zip":"57755","pop":null,"city":"","county":"Harding","state":"South Dakota","area":177.58,"lat":45.83764,"lon":-103.35785},"geometry":{"type":"Polygon","coordinates":[[[-103.58332,45.9385],[-103.57711,45.94528],[-103.30712,45.94515],[-103.30708,45.93767],[-103.3033,45.93579],[-103.27357,45.93588],[-103.27366,45.88],[-103.27174,45.87828],[-103.21137,45.87803],[-103.21063,45.86355],[-103.07635,45.86323],[-103.07632,45.86678],[-103.06651,45.86698],[-103.06645,45.81998],[-103.12866,45.82001],[-103.12861,45.7765],[-103.21126,45.77652],[-103.21102,45.73299],[-103.4401,45.73301],[-103.45503,45.72052],[-103.46497,45.72606],[-103.47587,45.72769],[-103.49312,45.73696],[-103.49617,45.74517],[-103.50059,45.74912],[-103.50056,45.78379],[-103.50735,45.78766],[-103.5045,45.78811],[-103.5042,45.78993],[-103.50956,45.79125],[-103.51107,45.79363],[-103.51461,45.79111],[-103.51556,45.79333],[-103.5139,45.79439],[-103.51651,45.79651],[-103.5158,45.79773],[-103.51892,45.79882],[-103.52385,45.79372],[-103.5259,45.79432],[-103.52317,45.7997],[-103.52672,45.7993],[-103.53275,45.80773],[-103.53423,45.80618],[-103.53484,45.80868],[-103.54675,45.81275],[-103.55012,45.81825],[-103.55599,45.8178],[-103.56136,45.82145],[-103.56301,45.90676],[-103.57838,45.90679],[-103.58226,45.90839],[-103.58332,45.9385]]]}},{"type":"Feature","id":"57221","properties":{"zip":"57221","pop":null,"city":"","county":"Hamlin","state":"South Dakota","area":84.91,"lat":44.60652,"lon":-97.44848},"geometry":{"type":"Polygon","coordinates":[[[-97.6541,44.58756],[-97.61391,44.58754],[-97.61391,44.60194],[-97.59349,44.60197],[-97.59342,44.58751],[-97.55305,44.58736],[-97.55295,44.61628],[-97.53278,44.61631],[-97.5327,44.63064],[-97.49219,44.63064],[-97.49189,44.68922],[-97.47381,44.70303],[-97.43113,44.70292],[-97.43136,44.68834],[-97.41105,44.68828],[-97.4108,44.7028],[-97.37021,44.70256],[-97.37029,44.67361],[-97.3298,44.67355],[-97.32985,44.63023],[-97.30961,44.63017],[-97.31035,44.58699],[-97.33063,44.58704],[-97.33063,44.57252],[-97.31029,44.57246],[-97.31015,44.54345],[-97.63323,44.54418],[-97.6339,44.55864],[-97.65408,44.55864],[-97.6541,44.58756]]]}},{"type":"Feature","id":"57252","properties":{"zip":"57252","pop":null,"city":"","county":"Grant","state":"South Dakota","area":117.01,"lat":45.20509,"lon":-96.61057},"geometry":{"type":"Polygon","coordinates":[[[-96.74029,45.301],[-96.73981,45.32626],[-96.71927,45.32631],[-96.71923,45.34079],[-96.59647,45.3411],[-96.59619,45.28419],[-96.57593,45.28331],[-96.57595,45.27485],[-96.56731,45.26981],[-96.561,45.26976],[-96.55847,45.27292],[-96.55554,45.27188],[-96.55556,45.26879],[-96.51718,45.26885],[-96.5401,45.25822],[-96.54015,45.25438],[-96.51458,45.25441],[-96.51459,45.23992],[-96.49547,45.23994],[-96.4968,45.23748],[-96.4968,45.19838],[-96.48899,45.19545],[-96.49235,45.19312],[-96.48818,45.188],[-96.48409,45.18673],[-96.48602,45.18339],[-96.49147,45.18261],[-96.48825,45.18079],[-96.49165,45.17487],[-96.48612,45.17686],[-96.48626,45.17431],[-96.48202,45.17122],[-96.48218,45.16551],[-96.45661,45.16556],[-96.45678,45.15103],[-96.45233,45.15105],[-96.45222,45.07816],[-96.45538,45.08042],[-96.4564,45.07874],[-96.49736,45.07861],[-96.49755,45.09313],[-96.51797,45.09301],[-96.51824,45.12202],[-96.53857,45.12186],[-96.53861,45.10737],[-96.57939,45.10716],[-96.57938,45.12165],[-96.59992,45.12166],[-96.60001,45.13619],[-96.62055,45.13609],[-96.62037,45.10705],[-96.65978,45.10677],[-96.65955,45.07782],[-96.67996,45.07767],[-96.68018,45.09215],[-96.7006,45.09205],[-96.70019,45.07756],[-96.7209,45.07744],[-96.72156,45.12095],[-96.70097,45.12106],[-96.70127,45.13562],[-96.72179,45.13549],[-96.72176,45.14975],[-96.70169,45.14995],[-96.70262,45.22277],[-96.72096,45.22248],[-96.71928,45.25394],[-96.73984,45.25396],[-96.74029,45.301]]]}},{"type":"Feature","id":"57479","properties":{"zip":"57479","pop":null,"city":"","county":"Brown","state":"South Dakota","area":33.84,"lat":45.30417,"lon":-98.43822},"geometry":{"type":"Polygon","coordinates":[[[-98.5361,45.32928],[-98.51578,45.32633],[-98.51516,45.33198],[-98.51326,45.33013],[-98.51503,45.32682],[-98.50553,45.32945],[-98.49537,45.32899],[-98.49529,45.35796],[-98.51537,45.35811],[-98.51521,45.36395],[-98.51027,45.3668],[-98.50578,45.37253],[-98.48511,45.37238],[-98.48526,45.38689],[-98.47476,45.38667],[-98.47474,45.3723],[-98.45389,45.37225],[-98.45386,45.36522],[-98.44348,45.36519],[-98.4436,45.35773],[-98.43317,45.3577],[-98.4332,45.34321],[-98.41269,45.34314],[-98.41265,45.33549],[-98.39214,45.33532],[-98.39225,45.31411],[-98.37168,45.31407],[-98.3716,45.29966],[-98.35127,45.29954],[-98.3514,45.24166],[-98.41328,45.24177],[-98.41312,45.25623],[-98.47501,45.25652],[-98.47487,45.28547],[-98.49545,45.28551],[-98.49542,45.30007],[-98.53633,45.30046],[-98.5361,45.32928]]]}},{"type":"Feature","id":"57452","properties":{"zip":"57452","pop":null,"city":"","county":"Walworth","state":"South Dakota","area":146.78,"lat":45.5287,"lon":-99.87336},"geometry":{"type":"Polygon","coordinates":[[[-100.06883,45.61619],[-100.0656,45.6229],[-100.0482,45.62289],[-100.04818,45.63735],[-100.00679,45.63723],[-100.00681,45.64443],[-99.98636,45.64442],[-99.98639,45.6517],[-99.94439,45.65148],[-99.94441,45.63707],[-99.9238,45.637],[-99.92375,45.65142],[-99.88257,45.65137],[-99.8826,45.65877],[-99.86207,45.65839],[-99.86196,45.6745],[-99.85541,45.67413],[-99.85532,45.66561],[-99.80038,45.66578],[-99.80027,45.63678],[-99.73834,45.63677],[-99.73823,45.62228],[-99.71755,45.62235],[-99.71747,45.59343],[-99.70771,45.59339],[-99.70806,45.53544],[-99.72844,45.53558],[-99.72849,45.5211],[-99.76961,45.52139],[-99.77089,45.50757],[-99.79035,45.50706],[-99.78906,45.48778],[-99.79055,45.47131],[-99.76303,45.46001],[-99.74926,45.45661],[-99.74929,45.44879],[-99.7904,45.44903],[-99.79047,45.43455],[-99.81111,45.43469],[-99.81105,45.44914],[-99.85289,45.44926],[-99.85265,45.36226],[-99.83197,45.36227],[-99.83208,45.31873],[-99.86304,45.31879],[-99.86295,45.32582],[-99.91886,45.32621],[-99.92492,45.32261],[-99.93382,45.32233],[-99.93477,45.31887],[-99.95578,45.3189],[-99.95594,45.39142],[-99.9351,45.39133],[-99.93519,45.42036],[-99.89409,45.42033],[-99.89405,45.44937],[-99.91467,45.44941],[-99.91475,45.46392],[-99.93526,45.46395],[-99.93544,45.50754],[-99.95833,45.50772],[-99.96418,45.51031],[-99.97049,45.50774],[-99.99688,45.50755],[-99.99729,45.59326],[-99.98888,45.59392],[-100.06891,45.59396],[-100.06883,45.61619]]]}},{"type":"Feature","id":"57570","properties":{"zip":"57570","pop":null,"city":"Two Strike","county":"Todd","state":"South Dakota","area":34.62,"lat":43.24282,"lon":-100.8714},"geometry":{"type":"Polygon","coordinates":[[[-100.93352,43.26169],[-100.93188,43.26223],[-100.93217,43.27203],[-100.9287,43.272],[-100.92913,43.30165],[-100.84875,43.30199],[-100.84865,43.29557],[-100.82871,43.29569],[-100.82391,43.29],[-100.81752,43.28707],[-100.81517,43.28251],[-100.81655,43.27936],[-100.81021,43.27333],[-100.81599,43.27089],[-100.81657,43.26732],[-100.80479,43.26266],[-100.8051,43.25997],[-100.79775,43.25369],[-100.79531,43.24213],[-100.78602,43.23417],[-100.78698,43.23004],[-100.78513,43.22584],[-100.77452,43.2168],[-100.77196,43.21139],[-100.76845,43.20914],[-100.76804,43.20452],[-100.77216,43.20116],[-100.78759,43.20129],[-100.79993,43.21306],[-100.81714,43.22064],[-100.82716,43.22212],[-100.84965,43.23001],[-100.85474,43.22834],[-100.85375,43.2259],[-100.85628,43.22563],[-100.85627,43.22196],[-100.85404,43.22094],[-100.85679,43.21712],[-100.85369,43.21507],[-100.85663,43.21395],[-100.8564,43.20873],[-100.85043,43.20007],[-100.85063,43.19582],[-100.85486,43.19158],[-100.86303,43.18864],[-100.88054,43.18785],[-100.88148,43.18639],[-100.87878,43.18457],[-100.87957,43.17992],[-100.88938,43.17931],[-100.89038,43.17608],[-100.89265,43.17524],[-100.89275,43.17205],[-100.90762,43.17182],[-100.90749,43.16221],[-100.90957,43.1622],[-100.91129,43.17162],[-100.91976,43.17475],[-100.93096,43.18502],[-100.93352,43.26169]]]}},{"type":"Feature","id":"57271","properties":{"zip":"57271","pop":null,"city":"","county":"Clark","state":"South Dakota","area":45.31,"lat":44.75179,"lon":-97.55159},"geometry":{"type":"Polygon","coordinates":[[[-97.67521,44.77548],[-97.65494,44.77546],[-97.65449,44.80441],[-97.55233,44.80407],[-97.55231,44.81116],[-97.53208,44.81115],[-97.53196,44.8041],[-97.49135,44.80403],[-97.49169,44.74627],[-97.43051,44.74624],[-97.4305,44.73874],[-97.44612,44.73202],[-97.43072,44.73171],[-97.431,44.71719],[-97.45125,44.71729],[-97.45128,44.70973],[-97.42462,44.71718],[-97.41067,44.71713],[-97.41105,44.68828],[-97.43136,44.68834],[-97.43113,44.70292],[-97.47381,44.70303],[-97.49189,44.68922],[-97.49188,44.69552],[-97.50828,44.6957],[-97.5083,44.69815],[-97.53257,44.68292],[-97.53235,44.71751],[-97.63432,44.71756],[-97.63429,44.73212],[-97.65475,44.73206],[-97.65473,44.74652],[-97.67514,44.74658],[-97.67521,44.77548]]]}},{"type":"Feature","id":"57046","properties":{"zip":"57046","pop":null,"city":"","county":"Yankton","state":"South Dakota","area":37.61,"lat":42.95616,"lon":-97.301},"geometry":{"type":"Polygon","coordinates":[[[-97.39893,43.06806],[-97.33894,43.06767],[-97.3396,43.03845],[-97.31933,43.03896],[-97.31855,42.9959],[-97.29882,42.99591],[-97.29861,42.96696],[-97.26927,42.9671],[-97.26929,42.95621],[-97.25957,42.95629],[-97.25958,42.95266],[-97.22003,42.95278],[-97.22001,42.94597],[-97.19976,42.94713],[-97.19138,42.94239],[-97.18051,42.93931],[-97.18049,42.92394],[-97.23979,42.92374],[-97.23983,42.90924],[-97.25964,42.90914],[-97.26002,42.89549],[-97.24021,42.89614],[-97.23998,42.86691],[-97.2496,42.86606],[-97.24477,42.86174],[-97.24013,42.86061],[-97.24017,42.85655],[-97.23702,42.85288],[-97.24856,42.85539],[-97.26795,42.85258],[-97.28986,42.8555],[-97.30077,42.86458],[-97.29955,42.86726],[-97.29037,42.87053],[-97.28037,42.87732],[-97.27614,42.8865],[-97.2756,42.89345],[-97.28004,42.90137],[-97.29201,42.90745],[-97.31227,42.90851],[-97.31837,42.90633],[-97.32103,42.90073],[-97.32404,42.90024],[-97.3262,42.90162],[-97.32605,42.90896],[-97.32873,42.91365],[-97.33946,42.90949],[-97.34659,42.91238],[-97.34731,42.9156],[-97.34408,42.92342],[-97.34383,42.92996],[-97.34564,42.93328],[-97.33811,42.9403],[-97.34446,42.94112],[-97.3472,42.94286],[-97.34735,42.94533],[-97.33923,42.94867],[-97.33818,42.95709],[-97.34026,42.95757],[-97.3416,42.95228],[-97.34677,42.94832],[-97.35087,42.94782],[-97.35527,42.95081],[-97.35483,42.95395],[-97.34556,42.95882],[-97.34951,42.96365],[-97.3469,42.96968],[-97.35796,42.9708],[-97.36089,42.98578],[-97.37189,43.0004],[-97.37228,43.0032],[-97.36987,43.00581],[-97.36126,43.01046],[-97.36076,43.01238],[-97.36397,43.01087],[-97.37114,43.01155],[-97.36974,43.01432],[-97.36447,43.01487],[-97.3681,43.02701],[-97.36464,43.03302],[-97.37001,43.03634],[-97.36742,43.04041],[-97.36796,43.04338],[-97.382,43.04512],[-97.38009,43.05047],[-97.38286,43.05303],[-97.3924,43.04809],[-97.39661,43.04833],[-97.39671,43.04997],[-97.39213,43.05295],[-97.39876,43.05796],[-97.39893,43.06806]]]}},{"type":"Feature","id":"57650","properties":{"zip":"57650","pop":null,"city":"","county":"Harding","state":"South Dakota","area":52.91,"lat":45.83444,"lon":-103.03041},"geometry":{"type":"Polygon","coordinates":[[[-103.12866,45.82001],[-103.06645,45.81998],[-103.06643,45.94531],[-102.95987,45.94514],[-102.96323,45.93373],[-102.96337,45.87431],[-102.96618,45.87047],[-102.98173,45.8637],[-102.98414,45.86012],[-102.98398,45.74761],[-102.9906,45.73456],[-102.9919,45.71943],[-103.06438,45.7193],[-103.06269,45.73357],[-103.06687,45.74869],[-103.06594,45.75769],[-103.06879,45.7653],[-103.06657,45.76796],[-103.06643,45.77653],[-103.0788,45.77526],[-103.12861,45.7765],[-103.12866,45.82001]]]}},{"type":"Feature","id":"57659","properties":{"zip":"57659","pop":null,"city":"","county":"Corson","state":"South Dakota","area":9.38,"lat":45.89592,"lon":-101.09824},"geometry":{"type":"Polygon","coordinates":[[[-101.14228,45.92209],[-101.14221,45.94384],[-101.05962,45.94392],[-101.05973,45.93451],[-101.08,45.93436],[-101.07989,45.81838],[-101.11006,45.81853],[-101.10979,45.82634],[-101.10066,45.83798],[-101.1004,45.91137],[-101.1115,45.91504],[-101.14227,45.92016],[-101.14228,45.92209]]]}},{"type":"Feature","id":"57620","properties":{"zip":"57620","pop":null,"city":"","county":"Perkins","state":"South Dakota","area":246.16,"lat":45.3843,"lon":-102.53889},"geometry":{"type":"Polygon","coordinates":[[[-102.71267,45.25648],[-102.69787,45.24978],[-102.6737,45.24992],[-102.66865,45.25373],[-102.67212,45.25709],[-102.6721,45.2888],[-102.67398,45.2915],[-102.67393,45.30007],[-102.59002,45.29974],[-102.59011,45.31397],[-102.59316,45.31443],[-102.59227,45.31749],[-102.5974,45.31681],[-102.5978,45.31404],[-102.60187,45.31439],[-102.60665,45.31144],[-102.60772,45.31289],[-102.60992,45.31147],[-102.609,45.31369],[-102.61104,45.3143],[-102.6112,45.31298],[-102.61536,45.31448],[-102.62045,45.31306],[-102.62076,45.31466],[-102.62393,45.31184],[-102.62351,45.31371],[-102.62658,45.31299],[-102.63073,45.31717],[-102.63353,45.31487],[-102.63738,45.31483],[-102.63732,45.31233],[-102.64126,45.31409],[-102.64098,45.32008],[-102.64506,45.32225],[-102.64688,45.31895],[-102.64811,45.32062],[-102.65051,45.32014],[-102.64539,45.31493],[-102.64619,45.31387],[-102.64843,45.31553],[-102.65001,45.31345],[-102.65205,45.31567],[-102.6522,45.31247],[-102.65481,45.315],[-102.65984,45.31327],[-102.65905,45.31593],[-102.66965,45.31558],[-102.66955,45.31926],[-102.67219,45.32234],[-102.67216,45.3369],[-102.68231,45.34749],[-102.68355,45.38621],[-102.57134,45.38601],[-102.56846,45.3903],[-102.56467,45.4141],[-102.5605,45.42341],[-102.56035,45.47296],[-102.68388,45.47261],[-102.68399,45.51651],[-102.64278,45.51649],[-102.64282,45.53099],[-102.70399,45.531],[-102.70379,45.55991],[-102.58102,45.55963],[-102.58045,45.64109],[-102.5732,45.63759],[-102.55682,45.6403],[-102.54998,45.63155],[-102.53297,45.6382],[-102.52431,45.63287],[-102.51897,45.62318],[-102.50492,45.6225],[-102.49681,45.62402],[-102.4924,45.6196],[-102.48512,45.61704],[-102.47989,45.62552],[-102.47142,45.62372],[-102.46985,45.62052],[-102.47195,45.61769],[-102.47137,45.61543],[-102.46338,45.61598],[-102.45665,45.60965],[-102.45739,45.5598],[-102.33392,45.55943],[-102.33353,45.47305],[-102.3957,45.47224],[-102.39481,45.41478],[-102.43694,45.4148],[-102.43696,45.38928],[-102.43493,45.38673],[-102.46712,45.38592],[-102.46795,45.12603],[-102.59027,45.12588],[-102.59019,45.16939],[-102.69198,45.16946],[-102.69281,45.17663],[-102.71273,45.17634],[-102.71267,45.25648]]]}},{"type":"Feature","id":"57469","properties":{"zip":"57469","pop":null,"city":"","county":"Spink","state":"South Dakota","area":214.19,"lat":44.85854,"lon":-98.57539},"geometry":{"type":"Polygon","coordinates":[[[-98.82563,44.79467],[-98.80741,44.79443],[-98.80721,44.85259],[-98.78693,44.85232],[-98.7869,44.89705],[-98.77758,44.89703],[-98.77793,44.98375],[-98.71659,44.98368],[-98.71659,44.9549],[-98.69636,44.95486],[-98.69642,44.97637],[-98.68648,44.97646],[-98.68647,44.96941],[-98.67625,44.96949],[-98.6662,44.97666],[-98.65559,44.9768],[-98.65558,44.98441],[-98.58568,44.98491],[-98.55658,44.92688],[-98.49362,44.92502],[-98.48556,44.92593],[-98.48479,44.92702],[-98.49129,44.92537],[-98.49524,44.92747],[-98.48962,44.92724],[-98.48303,44.93218],[-98.48749,44.93437],[-98.48007,44.93789],[-98.48616,44.93901],[-98.48008,44.94591],[-98.48384,44.94737],[-98.48298,44.9547],[-98.4868,44.95556],[-98.48479,44.95819],[-98.49282,44.95798],[-98.49571,44.9607],[-98.48695,44.96057],[-98.48702,44.96197],[-98.4916,44.96209],[-98.49353,44.96534],[-98.48632,44.96555],[-98.47988,44.96939],[-98.47234,44.96931],[-98.47226,44.95479],[-98.34996,44.95288],[-98.34976,44.89485],[-98.38203,44.89534],[-98.38211,44.8789],[-98.36173,44.87884],[-98.36181,44.86445],[-98.34151,44.86435],[-98.34167,44.80634],[-98.32368,44.80635],[-98.32362,44.79189],[-98.30179,44.79183],[-98.30178,44.78409],[-98.30518,44.77807],[-98.30178,44.77224],[-98.30171,44.74837],[-98.34155,44.74851],[-98.34149,44.734],[-98.36185,44.73404],[-98.36197,44.74853],[-98.40247,44.74866],[-98.40241,44.73421],[-98.42271,44.73416],[-98.42275,44.74858],[-98.44309,44.74867],[-98.44321,44.7777],[-98.49953,44.7779],[-98.50086,44.77525],[-98.50366,44.78081],[-98.50359,44.79242],[-98.52318,44.79308],[-98.52384,44.80707],[-98.56438,44.80717],[-98.56454,44.79264],[-98.60411,44.79308],[-98.60865,44.79498],[-98.61395,44.79295],[-98.62525,44.79317],[-98.62533,44.76418],[-98.70546,44.76458],[-98.70551,44.73559],[-98.72587,44.7358],[-98.72591,44.75037],[-98.7462,44.75045],[-98.74619,44.76484],[-98.78689,44.76521],[-98.787,44.73627],[-98.82583,44.73658],[-98.82563,44.79467]]]}},{"type":"Feature","id":"57794","properties":{"zip":"57794","pop":null,"city":"Wounded Knee","county":"Oglala Lakota","state":"South Dakota","area":37.21,"lat":43.1208,"lon":-102.40693},"geometry":{"type":"Polygon","coordinates":[[[-102.47728,43.15405],[-102.47529,43.15696],[-102.47039,43.15353],[-102.46704,43.15375],[-102.45713,43.14409],[-102.45449,43.15045],[-102.45134,43.15118],[-102.45333,43.15582],[-102.44875,43.16293],[-102.43227,43.17083],[-102.43388,43.17802],[-102.42953,43.18123],[-102.42386,43.17593],[-102.41117,43.17183],[-102.4,43.17252],[-102.39704,43.17739],[-102.39939,43.18138],[-102.39896,43.18447],[-102.37927,43.19421],[-102.38513,43.19856],[-102.38463,43.20795],[-102.38141,43.20973],[-102.3778,43.21666],[-102.37494,43.21608],[-102.37267,43.21063],[-102.37039,43.21205],[-102.32852,43.12943],[-102.33764,43.12951],[-102.3375,43.11867],[-102.333,43.10612],[-102.33764,43.09729],[-102.33761,43.07594],[-102.33931,43.07871],[-102.34545,43.07881],[-102.34864,43.08074],[-102.3491,43.08242],[-102.34626,43.08407],[-102.34905,43.09038],[-102.35319,43.09393],[-102.35259,43.09592],[-102.35028,43.09579],[-102.35276,43.09733],[-102.35099,43.09969],[-102.34821,43.10004],[-102.35058,43.10185],[-102.34977,43.10335],[-102.3479,43.10313],[-102.35201,43.10641],[-102.35103,43.11056],[-102.35631,43.11133],[-102.35572,43.11329],[-102.35792,43.11418],[-102.35617,43.11482],[-102.35501,43.12104],[-102.35203,43.12487],[-102.35868,43.12983],[-102.37457,43.12992],[-102.37486,43.12197],[-102.37717,43.11643],[-102.3772,43.04652],[-102.43588,43.04649],[-102.43594,43.06081],[-102.46138,43.06108],[-102.46836,43.07889],[-102.47393,43.08109],[-102.47481,43.08451],[-102.4792,43.08773],[-102.47317,43.09498],[-102.47255,43.09857],[-102.47645,43.10549],[-102.47473,43.11652],[-102.47567,43.12971],[-102.46539,43.12991],[-102.48198,43.15215],[-102.47728,43.15405]]]}},{"type":"Feature","id":"57528","properties":{"zip":"57528","pop":null,"city":"","county":"Tripp","state":"South Dakota","area":154.7,"lat":43.17823,"lon":-99.75908},"geometry":{"type":"Polygon","coordinates":[[[-99.92942,43.22716],[-99.88981,43.22713],[-99.8898,43.31398],[-99.87019,43.31395],[-99.87019,43.29961],[-99.85046,43.29954],[-99.85035,43.2706],[-99.87018,43.27059],[-99.87018,43.2561],[-99.83006,43.25606],[-99.83041,43.27057],[-99.81078,43.27046],[-99.81078,43.27604],[-99.83054,43.27608],[-99.83054,43.31396],[-99.81072,43.31392],[-99.81045,43.3288],[-99.71212,43.32818],[-99.71216,43.35713],[-99.6923,43.35704],[-99.69223,43.31367],[-99.65266,43.31352],[-99.65268,43.29907],[-99.67247,43.29911],[-99.67245,43.28414],[-99.69218,43.28472],[-99.69231,43.27024],[-99.69216,43.25585],[-99.6526,43.25576],[-99.65242,42.99792],[-99.72684,42.99789],[-99.72382,43.00499],[-99.72559,43.01434],[-99.73073,43.01273],[-99.73132,43.01684],[-99.74134,43.01682],[-99.74134,43.01284],[-99.74511,43.01123],[-99.74857,43.01401],[-99.7465,43.01454],[-99.74687,43.01921],[-99.75042,43.02119],[-99.75579,43.01899],[-99.75346,43.01448],[-99.75656,43.01039],[-99.75874,43.0102],[-99.7639,43.01322],[-99.76069,43.01477],[-99.76536,43.01727],[-99.76397,43.01927],[-99.768,43.02129],[-99.77106,43.02036],[-99.77107,43.03878],[-99.75092,43.03878],[-99.75109,43.04392],[-99.74883,43.04483],[-99.74887,43.04738],[-99.75595,43.05035],[-99.7562,43.05264],[-99.76094,43.05627],[-99.76163,43.06119],[-99.752,43.07308],[-99.75111,43.08203],[-99.71164,43.0821],[-99.71163,43.09328],[-99.7267,43.09303],[-99.73134,43.09654],[-99.73397,43.10257],[-99.73138,43.11099],[-99.77108,43.11117],[-99.77117,43.04942],[-99.77523,43.04513],[-99.78054,43.04596],[-99.78399,43.05324],[-99.81054,43.05343],[-99.81054,43.08219],[-99.8303,43.08221],[-99.83156,43.06778],[-99.86993,43.06813],[-99.87006,43.07493],[-99.8602,43.07476],[-99.86019,43.07852],[-99.86473,43.07852],[-99.86474,43.08232],[-99.86018,43.08232],[-99.86028,43.11125],[-99.86977,43.11127],[-99.87007,43.1981],[-99.8898,43.19816],[-99.8898,43.21264],[-99.92939,43.21272],[-99.92942,43.22716]]]}},{"type":"Feature","id":"57223","properties":{"zip":"57223","pop":null,"city":"","county":"Hamlin","state":"South Dakota","area":90.83,"lat":44.71022,"lon":-97.00565},"geometry":{"type":"Polygon","coordinates":[[[-97.14805,44.73119],[-97.12761,44.73105],[-97.12705,44.78889],[-97.0878,44.78961],[-97.08754,44.80373],[-97.00598,44.80435],[-97.00603,44.78977],[-96.96587,44.78977],[-96.96515,44.80435],[-96.94176,44.78765],[-96.93816,44.78918],[-96.93261,44.78721],[-96.927,44.7878],[-96.92551,44.78988],[-96.92522,44.76092],[-96.90647,44.76086],[-96.90511,44.75954],[-96.90492,44.71743],[-96.88467,44.7175],[-96.88475,44.68858],[-96.84434,44.68863],[-96.84426,44.68159],[-96.8336,44.68148],[-96.83363,44.67882],[-96.83526,44.6758],[-96.84193,44.68083],[-96.85558,44.6829],[-96.85596,44.67691],[-96.85923,44.67639],[-96.8606,44.67352],[-96.86349,44.67449],[-96.8648,44.67303],[-96.86114,44.6704],[-96.86617,44.66797],[-96.86338,44.66514],[-96.86867,44.66377],[-96.86625,44.66146],[-96.86883,44.65586],[-96.87648,44.65455],[-96.88,44.65686],[-96.88087,44.65421],[-96.88517,44.65555],[-96.88518,44.63061],[-96.94829,44.63048],[-96.95101,44.6335],[-96.94595,44.63673],[-96.94587,44.64504],[-96.96606,44.6449],[-96.96623,44.63045],[-96.98147,44.63043],[-96.98141,44.63306],[-96.98653,44.63448],[-96.98642,44.64503],[-96.99114,44.64499],[-96.99108,44.64198],[-96.98823,44.64084],[-96.99326,44.6386],[-96.99018,44.63694],[-96.99502,44.63388],[-96.98497,44.63208],[-96.98646,44.63042],[-97.0067,44.63035],[-97.00735,44.61329],[-97.01247,44.6065],[-97.01135,44.60383],[-97.01338,44.60159],[-97.041,44.60241],[-97.03852,44.60169],[-97.0327,44.59593],[-97.05218,44.60119],[-97.06772,44.60097],[-97.06009,44.61996],[-97.06275,44.64449],[-97.06776,44.64443],[-97.06782,44.65899],[-97.08741,44.65904],[-97.08739,44.67346],[-97.12767,44.6733],[-97.12591,44.67906],[-97.10928,44.69174],[-97.10772,44.70262],[-97.12759,44.70215],[-97.12751,44.71674],[-97.14778,44.71681],[-97.14805,44.73119]]]}},{"type":"Feature","id":"57220","properties":{"zip":"57220","pop":null,"city":"","county":"Brookings","state":"South Dakota","area":80.58,"lat":44.45927,"lon":-96.92022},"geometry":{"type":"Polygon","coordinates":[[[-97.03774,44.40563],[-97.02758,44.40565],[-97.02771,44.45599],[-97.00754,44.45712],[-97.00754,44.45948],[-97.01693,44.45952],[-97.01709,44.46311],[-97.02086,44.46313],[-97.01209,44.46782],[-97.0125,44.47027],[-97.00762,44.47447],[-97.00753,44.47813],[-97.01767,44.48758],[-97.01701,44.5281],[-96.96888,44.52825],[-96.96889,44.54354],[-96.9023,44.54378],[-96.86768,44.5438],[-96.8675,44.52927],[-96.8274,44.52916],[-96.82717,44.54376],[-96.79653,44.54375],[-96.79659,44.53616],[-96.80676,44.53616],[-96.80669,44.52884],[-96.787,44.52899],[-96.78696,44.5254],[-96.78154,44.52533],[-96.78155,44.52889],[-96.75688,44.52853],[-96.75692,44.50681],[-96.76657,44.50679],[-96.76651,44.51404],[-96.78703,44.51451],[-96.78707,44.49992],[-96.82776,44.50018],[-96.82804,44.39866],[-96.8683,44.39874],[-96.86832,44.38423],[-96.88696,44.3843],[-96.88715,44.36981],[-97.0271,44.36934],[-97.02745,44.39817],[-97.03772,44.39841],[-97.03774,44.40563]]]}},{"type":"Feature","id":"57566","properties":{"zip":"57566","pop":null,"city":"Parmelee","county":"Todd","state":"South Dakota","area":111.6,"lat":43.31246,"lon":-101.10016},"geometry":{"type":"Polygon","coordinates":[[[-101.22823,43.38918],[-101.118,43.38914],[-101.11804,43.41862],[-101.10817,43.41853],[-101.10805,43.42608],[-101.09816,43.42601],[-101.09818,43.4471],[-101.07831,43.44698],[-101.0783,43.43955],[-101.06858,43.43972],[-101.06848,43.44714],[-101.04816,43.44727],[-101.04821,43.45428],[-101.03876,43.45425],[-101.03853,43.38913],[-100.99564,43.38929],[-100.99862,43.38461],[-100.99933,43.37574],[-101.01176,43.36642],[-101.0125,43.35744],[-101.01888,43.35216],[-101.01954,43.3224],[-101.01347,43.32025],[-101.00589,43.31051],[-100.98257,43.29556],[-100.96649,43.28067],[-100.94497,43.27213],[-100.9321,43.26985],[-100.93188,43.26223],[-100.9491,43.2511],[-100.95044,43.23725],[-100.95975,43.22154],[-100.96132,43.21358],[-101.03364,43.21356],[-101.04977,43.2256],[-101.06888,43.23241],[-101.06357,43.23818],[-101.06155,43.24798],[-101.06321,43.25348],[-101.11102,43.23224],[-101.12876,43.23245],[-101.13834,43.23018],[-101.15914,43.21725],[-101.18543,43.22196],[-101.19713,43.23046],[-101.20288,43.23212],[-101.2095,43.22928],[-101.22805,43.21393],[-101.22823,43.38918]]]}},{"type":"Feature","id":"57534","properties":{"zip":"57534","pop":null,"city":"","county":"Tripp","state":"South Dakota","area":156.21,"lat":43.57089,"lon":-99.65969},"geometry":{"type":"Polygon","coordinates":[[[-99.80264,43.62815],[-99.79913,43.63024],[-99.78268,43.63025],[-99.78287,43.65752],[-99.78889,43.66196],[-99.79665,43.67348],[-99.72079,43.67357],[-99.72063,43.67781],[-99.72321,43.67857],[-99.71968,43.68074],[-99.72155,43.68973],[-99.71849,43.69053],[-99.71818,43.69272],[-99.72274,43.6961],[-99.70448,43.696],[-99.70454,43.70353],[-99.72385,43.70361],[-99.7238,43.71147],[-99.7138,43.71136],[-99.71314,43.72957],[-99.71674,43.72857],[-99.7107,43.73354],[-99.71044,43.74195],[-99.70707,43.74931],[-99.70047,43.75349],[-99.69596,43.75931],[-99.69118,43.76035],[-99.68635,43.75828],[-99.68098,43.74935],[-99.69024,43.73591],[-99.6895,43.73086],[-99.68435,43.7278],[-99.6754,43.72792],[-99.66824,43.7299],[-99.66215,43.73608],[-99.66714,43.76402],[-99.65903,43.76656],[-99.64524,43.76014],[-99.64121,43.74931],[-99.64348,43.7378],[-99.64088,43.73556],[-99.63603,43.73548],[-99.62359,43.74241],[-99.62374,43.71805],[-99.61122,43.7042],[-99.61266,43.70045],[-99.60661,43.69744],[-99.60192,43.69185],[-99.60423,43.68728],[-99.60397,43.6591],[-99.6235,43.64472],[-99.62344,43.62995],[-99.5344,43.6301],[-99.53393,43.43636],[-99.55367,43.43632],[-99.55366,43.42916],[-99.56267,43.42898],[-99.56292,43.41469],[-99.6923,43.41495],[-99.69229,43.4873],[-99.723,43.48747],[-99.72234,43.49961],[-99.74309,43.49983],[-99.74294,43.51442],[-99.8025,43.51443],[-99.80264,43.62815]]]}},{"type":"Feature","id":"57311","properties":{"zip":"57311","pop":null,"city":"","county":"Hanson","state":"South Dakota","area":136.34,"lat":43.65102,"lon":-97.76479},"geometry":{"type":"Polygon","coordinates":[[[-97.88692,43.61548],[-97.86691,43.61566],[-97.86705,43.61874],[-97.87357,43.62071],[-97.87077,43.62234],[-97.87231,43.62517],[-97.88691,43.63292],[-97.88672,43.65898],[-97.8468,43.65896],[-97.84669,43.6735],[-97.82668,43.67343],[-97.82703,43.68793],[-97.80701,43.68787],[-97.80917,43.78958],[-97.78918,43.78951],[-97.78854,43.81571],[-97.79143,43.82219],[-97.78825,43.82837],[-97.78792,43.84987],[-97.72786,43.84958],[-97.7285,43.81628],[-97.68873,43.81382],[-97.68912,43.76046],[-97.66897,43.7604],[-97.66711,43.74548],[-97.68679,43.74556],[-97.68671,43.73113],[-97.64689,43.73109],[-97.64646,43.68776],[-97.62659,43.68778],[-97.62646,43.67332],[-97.64645,43.67333],[-97.64641,43.66542],[-97.66644,43.6655],[-97.66641,43.65172],[-97.68627,43.65187],[-97.68632,43.63007],[-97.7061,43.63021],[-97.70613,43.62329],[-97.69625,43.62327],[-97.69666,43.60117],[-97.68677,43.60107],[-97.68744,43.58304],[-97.69742,43.58308],[-97.69735,43.5793],[-97.70726,43.57931],[-97.70681,43.55789],[-97.68685,43.55793],[-97.6866,43.54334],[-97.70116,43.54333],[-97.70105,43.53611],[-97.70648,43.536],[-97.70654,43.51429],[-97.69546,43.5143],[-97.69545,43.49985],[-97.69847,43.49986],[-97.69912,43.48689],[-97.73863,43.48665],[-97.73829,43.49988],[-97.86552,43.49953],[-97.86602,43.54298],[-97.88604,43.54305],[-97.88689,43.59347],[-97.87797,43.59351],[-97.87803,43.60103],[-97.88689,43.60096],[-97.88692,43.61548]]]}},{"type":"Feature","id":"57201","properties":{"zip":"57201","pop":null,"city":"Watertown","county":"Codington","state":"South Dakota","area":235.84,"lat":44.93417,"lon":-97.09425},"geometry":{"type":"Polygon","coordinates":[[[-97.32963,44.87658],[-97.32957,44.89087],[-97.28999,44.89074],[-97.28978,44.94867],[-97.28076,44.9487],[-97.28074,44.96345],[-97.21081,44.96324],[-97.229,44.97378],[-97.22902,45.00671],[-97.21899,45.00679],[-97.21842,45.02399],[-97.20837,45.02394],[-97.20809,45.03588],[-97.21803,45.03586],[-97.21802,45.06435],[-97.16466,45.06439],[-97.16484,45.07902],[-97.1237,45.07867],[-97.12364,45.09325],[-97.10546,45.09318],[-97.09783,45.10802],[-97.06618,45.10793],[-97.06602,45.07878],[-97.06083,45.07872],[-97.0608,45.07171],[-97.05598,45.0717],[-97.05669,45.09311],[-97.04558,45.09318],[-97.04558,45.07866],[-97.03494,45.07859],[-97.03488,45.0931],[-97.00473,45.09294],[-97.00444,45.07971],[-96.98512,45.07803],[-96.98499,45.067],[-96.97701,45.07795],[-96.96457,45.07778],[-96.96449,45.06329],[-96.92357,45.06328],[-96.92277,45.04966],[-96.90225,45.04981],[-96.90221,45.03526],[-96.88275,45.03477],[-96.88284,45.00582],[-96.90319,45.00603],[-96.90279,44.97713],[-96.88235,44.97687],[-96.88207,44.96244],[-96.92373,44.96245],[-96.92355,44.948],[-96.94682,44.94795],[-96.94398,44.93917],[-96.94391,44.91902],[-96.93362,44.91906],[-96.93355,44.90454],[-96.92343,44.90461],[-96.92345,44.89009],[-96.91496,44.89005],[-96.91511,44.85524],[-96.92528,44.85521],[-96.92526,44.81891],[-96.93471,44.81878],[-96.93452,44.80438],[-96.96573,44.80435],[-96.96587,44.78977],[-97.00603,44.78977],[-97.00598,44.80435],[-97.08754,44.80373],[-97.0878,44.78961],[-97.10807,44.78924],[-97.10794,44.80356],[-97.27845,44.80419],[-97.27867,44.81142],[-97.29656,44.80415],[-97.30972,44.80413],[-97.30923,44.84752],[-97.32959,44.84779],[-97.32963,44.87658]]]}},{"type":"Feature","id":"57562","properties":{"zip":"57562","pop":null,"city":"Okaton","county":"Jones","state":"South Dakota","area":80.75,"lat":43.89956,"lon":-100.95811},"geometry":{"type":"Polygon","coordinates":[[[-101.06439,43.93705],[-101.06407,43.99493],[-100.96537,43.99489],[-100.96668,43.99583],[-100.96669,44.02389],[-100.92665,44.02393],[-100.92661,43.99508],[-100.94466,43.99502],[-100.94476,43.96612],[-100.92534,43.96621],[-100.92412,43.93725],[-100.88524,43.9372],[-100.88516,43.90828],[-100.86524,43.90814],[-100.86517,43.89381],[-100.8452,43.89384],[-100.84516,43.81994],[-100.84883,43.8157],[-100.8464,43.81199],[-100.8477,43.80698],[-100.84963,43.8063],[-100.84313,43.79253],[-100.83564,43.78561],[-100.83584,43.78002],[-100.82557,43.77341],[-100.82487,43.76849],[-100.83663,43.76831],[-100.83431,43.76257],[-100.83981,43.75923],[-100.84131,43.76018],[-100.83985,43.76648],[-100.84547,43.76828],[-100.85171,43.7801],[-100.8614,43.78879],[-100.86511,43.78862],[-100.8676,43.78142],[-100.87551,43.78079],[-100.8773,43.78537],[-100.872,43.78907],[-100.87427,43.79436],[-100.87304,43.79673],[-100.87694,43.80119],[-100.88397,43.80132],[-100.88278,43.79489],[-100.88505,43.79187],[-100.90162,43.79409],[-100.90191,43.79627],[-100.89289,43.79742],[-100.89385,43.8006],[-100.90806,43.80091],[-100.91209,43.80898],[-100.90889,43.80946],[-100.90481,43.80519],[-100.90009,43.80492],[-100.89757,43.80695],[-100.89779,43.81202],[-100.9046,43.81429],[-100.91187,43.81167],[-100.91658,43.81432],[-100.91822,43.822],[-100.93077,43.83116],[-100.94057,43.8309],[-100.94484,43.81627],[-100.95053,43.81209],[-100.95883,43.8101],[-100.96065,43.81144],[-100.95426,43.81286],[-100.95365,43.81646],[-100.95599,43.81807],[-100.96202,43.81573],[-100.97011,43.81761],[-100.97376,43.82682],[-100.9718,43.82824],[-100.96214,43.82709],[-100.95985,43.82899],[-100.96072,43.83616],[-100.96985,43.83111],[-100.98276,43.83336],[-100.98375,43.83473],[-100.98056,43.83769],[-100.98655,43.84084],[-100.98541,43.84705],[-100.98703,43.84913],[-100.99555,43.84979],[-101.01123,43.84124],[-101.01325,43.84326],[-101.02349,43.84157],[-101.03082,43.84277],[-101.03233,43.84521],[-101.0308,43.8483],[-101.02494,43.85234],[-101.03138,43.8579],[-101.03484,43.85193],[-101.03726,43.85151],[-101.05005,43.85163],[-101.0511,43.85424],[-101.05858,43.85383],[-101.05786,43.84596],[-101.06242,43.84416],[-101.06433,43.84109],[-101.06439,43.93705]]]}},{"type":"Feature","id":"57072","properties":{"zip":"57072","pop":null,"city":"","county":"Yankton","state":"South Dakota","area":54.61,"lat":42.98748,"lon":-97.20368},"geometry":{"type":"Polygon","coordinates":[[[-97.33854,43.0535],[-97.33894,43.06767],[-97.29829,43.06884],[-97.29846,43.08164],[-97.29286,43.08121],[-97.29115,43.07705],[-97.29315,43.0749],[-97.29095,43.07193],[-97.28227,43.06562],[-97.27962,43.06568],[-97.2789,43.06204],[-97.26618,43.05365],[-97.26198,43.04626],[-97.25834,43.04434],[-97.25722,43.04006],[-97.25856,43.03817],[-97.25259,43.03329],[-97.25347,43.02944],[-97.24489,43.02697],[-97.24554,43.02493],[-97.23964,43.02493],[-97.23951,43.05386],[-97.19988,43.05399],[-97.19977,43.03955],[-97.18019,43.03853],[-97.18045,43.03684],[-97.17464,43.03351],[-97.17779,43.02873],[-97.16051,43.02874],[-97.16064,42.98202],[-97.10147,42.98233],[-97.10151,42.96786],[-97.08199,42.96788],[-97.08201,42.93883],[-97.06237,42.93884],[-97.06236,42.92432],[-97.04244,42.9243],[-97.0428,42.90346],[-97.0237,42.903],[-97.02438,42.89667],[-97.03806,42.8976],[-97.05962,42.90335],[-97.08227,42.90322],[-97.09475,42.91034],[-97.11933,42.91433],[-97.13416,42.92625],[-97.19138,42.94239],[-97.19976,42.94713],[-97.22001,42.94597],[-97.22003,42.95278],[-97.25958,42.95266],[-97.25957,42.95629],[-97.26929,42.95621],[-97.26927,42.9671],[-97.29861,42.96696],[-97.29882,42.99591],[-97.31855,42.9959],[-97.31933,43.03896],[-97.3396,43.03845],[-97.33854,43.0535]]]}},{"type":"Feature","id":"57657","properties":{"zip":"57657","pop":null,"city":"","county":"Corson","state":"South Dakota","area":135.61,"lat":45.51596,"lon":-100.77763},"geometry":{"type":"Polygon","coordinates":[[[-100.97723,45.48716],[-100.97544,45.50155],[-100.93666,45.50174],[-100.93646,45.54521],[-100.89522,45.54527],[-100.89526,45.56654],[-100.88561,45.567],[-100.88495,45.57384],[-100.87462,45.57463],[-100.87461,45.5958],[-100.88291,45.60215],[-100.88063,45.6065],[-100.88457,45.61006],[-100.88596,45.62114],[-100.8952,45.62368],[-100.89599,45.62961],[-100.89989,45.63007],[-100.88588,45.63875],[-100.87744,45.63742],[-100.86383,45.63901],[-100.85299,45.64934],[-100.84687,45.65022],[-100.83028,45.64781],[-100.82218,45.65005],[-100.81877,45.63881],[-100.76403,45.63938],[-100.75126,45.63351],[-100.73021,45.6281],[-100.73051,45.55983],[-100.60706,45.55944],[-100.60707,45.58514],[-100.57224,45.5672],[-100.56208,45.56391],[-100.56634,45.5543],[-100.56713,45.50667],[-100.59578,45.48557],[-100.61145,45.47863],[-100.60367,45.47166],[-100.71009,45.47174],[-100.71001,45.45809],[-100.7304,45.4581],[-100.7298,45.3844],[-100.85335,45.38582],[-100.85381,45.42917],[-100.87443,45.4292],[-100.87445,45.4437],[-100.89508,45.44365],[-100.89517,45.47191],[-100.97716,45.47187],[-100.97723,45.48716]]]}},{"type":"Feature","id":"57328","properties":{"zip":"57328","pop":null,"city":"","county":"Douglas","state":"South Dakota","area":117.42,"lat":43.43408,"lon":-98.44212},"geometry":{"type":"Polygon","coordinates":[[[-98.68612,43.39893],[-98.64626,43.3989],[-98.64677,43.40558],[-98.63875,43.40562],[-98.63869,43.41333],[-98.64738,43.41338],[-98.64828,43.45642],[-98.64364,43.45643],[-98.62883,43.45629],[-98.62875,43.42769],[-98.60529,43.42651],[-98.6036,43.43089],[-98.6089,43.4312],[-98.6089,43.44215],[-98.58906,43.44197],[-98.58795,43.41333],[-98.54838,43.41297],[-98.5471,43.39863],[-98.52722,43.399],[-98.52896,43.42756],[-98.50932,43.42765],[-98.50951,43.4421],[-98.5686,43.44189],[-98.56881,43.45634],[-98.58901,43.45646],[-98.58904,43.47106],[-98.56899,43.47083],[-98.5695,43.49887],[-98.43902,43.49848],[-98.43928,43.51297],[-98.42582,43.51299],[-98.42016,43.50655],[-98.41648,43.49847],[-98.37971,43.49853],[-98.38067,43.51301],[-98.32145,43.51314],[-98.32059,43.49865],[-98.23326,43.49799],[-98.23227,43.47053],[-98.20525,43.4703],[-98.20518,43.46852],[-98.20131,43.46646],[-98.20141,43.45602],[-98.19239,43.45602],[-98.19172,43.43471],[-98.21153,43.43473],[-98.21073,43.41304],[-98.23004,43.41301],[-98.2307,43.42779],[-98.31218,43.42784],[-98.31211,43.41335],[-98.35021,43.41314],[-98.34685,43.36914],[-98.38534,43.37073],[-98.3863,43.37763],[-98.39663,43.37768],[-98.39648,43.37072],[-98.45421,43.37034],[-98.45442,43.3765],[-98.46534,43.37637],[-98.46605,43.38425],[-98.5011,43.38472],[-98.50096,43.35583],[-98.55892,43.35512],[-98.55913,43.34123],[-98.57615,43.34156],[-98.68069,43.37316],[-98.68067,43.37106],[-98.68585,43.37087],[-98.68612,43.39893]]]}},{"type":"Feature","id":"57231","properties":{"zip":"57231","pop":null,"city":"","county":"Kingsbury","state":"South Dakota","area":187.42,"lat":44.37487,"lon":-97.58245},"geometry":{"type":"Polygon","coordinates":[[[-97.74229,44.39039],[-97.73241,44.39034],[-97.73243,44.39758],[-97.71302,44.39761],[-97.71309,44.44108],[-97.69299,44.44111],[-97.69352,44.49898],[-97.67329,44.49897],[-97.67312,44.51344],[-97.66807,44.51343],[-97.66826,44.52033],[-97.65898,44.5203],[-97.65898,44.52797],[-97.65289,44.52798],[-97.65268,44.54418],[-97.4711,44.54392],[-97.47132,44.49909],[-97.49125,44.49887],[-97.49128,44.48441],[-97.48141,44.48448],[-97.48135,44.47728],[-97.47113,44.47735],[-97.471,44.46211],[-97.46085,44.46211],[-97.46084,44.45552],[-97.47101,44.45552],[-97.47139,44.44132],[-97.45107,44.44111],[-97.45105,44.40459],[-97.44115,44.40462],[-97.44101,44.39756],[-97.45108,44.39761],[-97.45121,44.36864],[-97.46892,44.36861],[-97.46885,44.36692],[-97.47138,44.36692],[-97.47158,44.33992],[-97.46662,44.33987],[-97.46648,44.33456],[-97.46147,44.32937],[-97.46135,44.32525],[-97.48035,44.31172],[-97.51134,44.31084],[-97.51143,44.29641],[-97.46047,44.29634],[-97.45132,44.28188],[-97.4517,44.2538],[-97.45408,44.24694],[-97.46215,44.24704],[-97.46206,44.23855],[-97.47216,44.2386],[-97.47186,44.22399],[-97.49162,44.22394],[-97.49159,44.23105],[-97.50154,44.23116],[-97.50149,44.22398],[-97.53198,44.22405],[-97.532,44.20954],[-97.51343,44.20952],[-97.51184,44.20726],[-97.51162,44.19494],[-97.65285,44.19486],[-97.65296,44.20949],[-97.61265,44.20946],[-97.61239,44.26742],[-97.63264,44.26737],[-97.63273,44.23838],[-97.71368,44.23835],[-97.71304,44.31074],[-97.69283,44.31052],[-97.69268,44.32501],[-97.68309,44.32501],[-97.68307,44.33174],[-97.69279,44.33178],[-97.69287,44.33949],[-97.68798,44.33949],[-97.68805,44.35402],[-97.72307,44.35421],[-97.72308,44.36121],[-97.73242,44.36121],[-97.73239,44.38309],[-97.7424,44.38311],[-97.74229,44.39039]]]}},{"type":"Feature","id":"57225","properties":{"zip":"57225","pop":null,"city":"","county":"Clark","state":"South Dakota","area":206.32,"lat":44.88359,"lon":-97.72679},"geometry":{"type":"Polygon","coordinates":[[[-97.90152,44.96454],[-97.88139,44.96443],[-97.88119,44.97881],[-97.86089,44.97872],[-97.86144,45.06564],[-97.71822,45.06529],[-97.71808,45.0237],[-97.71286,45.0235],[-97.71262,45.02196],[-97.67496,45.02147],[-97.67488,45.01797],[-97.67747,45.01447],[-97.67737,44.93525],[-97.65698,44.9352],[-97.65697,44.92062],[-97.63679,44.92062],[-97.63672,44.94965],[-97.6164,44.94939],[-97.61646,44.93493],[-97.60711,44.93477],[-97.59583,44.93484],[-97.59583,44.94933],[-97.50428,44.94928],[-97.5041,44.90571],[-97.53462,44.9058],[-97.53511,44.8696],[-97.53205,44.8696],[-97.53203,44.85545],[-97.54155,44.85545],[-97.54154,44.84755],[-97.53201,44.84753],[-97.532,44.84053],[-97.51177,44.84046],[-97.51167,44.80404],[-97.53196,44.8041],[-97.53208,44.81115],[-97.55231,44.81116],[-97.55233,44.80407],[-97.65449,44.80441],[-97.65494,44.77546],[-97.67521,44.77548],[-97.67514,44.74658],[-97.65473,44.74652],[-97.6546,44.71761],[-97.83621,44.71809],[-97.83629,44.70348],[-97.8562,44.70354],[-97.85606,44.89209],[-97.86044,44.89208],[-97.86108,44.9354],[-97.90144,44.93562],[-97.90152,44.96454]]]}},{"type":"Feature","id":"57217","properties":{"zip":"57217","pop":null,"city":"Crocker","county":"Clark","state":"South Dakota","area":59.14,"lat":45.08454,"lon":-97.66977},"geometry":{"type":"Polygon","coordinates":[[[-97.84095,45.10827],[-97.80014,45.10869],[-97.80007,45.11565],[-97.78479,45.11563],[-97.78462,45.12311],[-97.71869,45.12332],[-97.7189,45.1378],[-97.5759,45.13739],[-97.57605,45.13049],[-97.57323,45.13049],[-97.57562,45.1274],[-97.57352,45.1218],[-97.5656,45.1225],[-97.56562,45.11103],[-97.56092,45.111],[-97.5609,45.11502],[-97.55545,45.11505],[-97.55532,45.09398],[-97.5146,45.09386],[-97.51458,45.07939],[-97.5348,45.07937],[-97.53479,45.05952],[-97.53796,45.05036],[-97.53459,45.03609],[-97.61632,45.03609],[-97.61632,45.03778],[-97.61966,45.03918],[-97.62489,45.0362],[-97.65688,45.03634],[-97.65688,45.02186],[-97.71262,45.02196],[-97.71286,45.0235],[-97.71808,45.0237],[-97.71822,45.06529],[-97.84055,45.0655],[-97.84095,45.10827]]]}},{"type":"Feature","id":"57337","properties":{"zip":"57337","pop":null,"city":"Fedora","county":"Miner","state":"South Dakota","area":65.43,"lat":44.001,"lon":-97.79046},"geometry":{"type":"Polygon","coordinates":[[[-97.87104,43.99485],[-97.85086,43.99478],[-97.8507,44.09633],[-97.7706,44.09609],[-97.77068,44.08163],[-97.75055,44.08165],[-97.75048,44.09611],[-97.69145,44.09568],[-97.69115,44.03791],[-97.71131,44.03804],[-97.71133,44.00873],[-97.7509,44.00884],[-97.75077,43.95104],[-97.73056,43.95102],[-97.73059,43.9366],[-97.77087,43.93664],[-97.77068,43.92214],[-97.75065,43.92207],[-97.7506,43.87862],[-97.76624,43.87872],[-97.76618,43.88602],[-97.78093,43.88612],[-97.78086,43.8933],[-97.79076,43.89335],[-97.79126,43.89803],[-97.80459,43.89215],[-97.8082,43.88278],[-97.81113,43.88283],[-97.8111,43.89337],[-97.85109,43.89317],[-97.85105,43.92224],[-97.87092,43.92279],[-97.87104,43.99485]]]}},{"type":"Feature","id":"57450","properties":{"zip":"57450","pop":null,"city":"","county":"Potter","state":"South Dakota","area":150.32,"lat":45.21598,"lon":-99.83692},"geometry":{"type":"Polygon","coordinates":[[[-100.05838,45.24647],[-100.05832,45.26697],[-100.05485,45.27548],[-100.03936,45.27421],[-100.03427,45.27549],[-99.9556,45.27541],[-99.95578,45.3189],[-99.93477,45.31887],[-99.93382,45.32233],[-99.92492,45.32261],[-99.91886,45.32621],[-99.86295,45.32582],[-99.86304,45.31879],[-99.83208,45.31873],[-99.83198,45.33321],[-99.7495,45.33287],[-99.74956,45.3184],[-99.70847,45.31824],[-99.70899,45.24587],[-99.69517,45.24582],[-99.69513,45.15827],[-99.67553,45.15825],[-99.67519,45.05685],[-99.73605,45.05699],[-99.73609,45.07147],[-99.75651,45.07156],[-99.75652,45.10058],[-99.77707,45.10067],[-99.77708,45.12957],[-99.81669,45.12982],[-99.8169,45.10084],[-99.8375,45.10077],[-99.83721,45.14436],[-99.85768,45.14427],[-99.85756,45.15882],[-99.99072,45.15842],[-100.0347,45.21188],[-100.04233,45.22362],[-100.05843,45.24056],[-100.05838,45.24647]]]}},{"type":"Feature","id":"57401","properties":{"zip":"57401","pop":null,"city":"Aberdeen","county":"Brown","state":"South Dakota","area":196.47,"lat":45.47524,"lon":-98.53044},"geometry":{"type":"Polygon","coordinates":[[[-98.72534,45.62027],[-98.68429,45.61986],[-98.68383,45.60561],[-98.62196,45.6053],[-98.6219,45.63433],[-98.60124,45.63421],[-98.60112,45.61957],[-98.55968,45.61949],[-98.55986,45.59052],[-98.47734,45.58906],[-98.47435,45.58908],[-98.47625,45.58973],[-98.47618,45.60834],[-98.4723,45.61031],[-98.46794,45.6187],[-98.4353,45.61853],[-98.4354,45.60404],[-98.41478,45.60395],[-98.41382,45.58945],[-98.43348,45.58952],[-98.43342,45.57345],[-98.41408,45.57492],[-98.41278,45.56349],[-98.40663,45.56038],[-98.37156,45.55997],[-98.37164,45.50238],[-98.36533,45.50232],[-98.37163,45.50036],[-98.37167,45.48789],[-98.39218,45.48787],[-98.39223,45.47343],[-98.37161,45.47342],[-98.37164,45.4299],[-98.35112,45.42981],[-98.35122,45.40082],[-98.32957,45.40072],[-98.32961,45.37188],[-98.32662,45.36875],[-98.32923,45.36705],[-98.32874,45.36459],[-98.31661,45.36378],[-98.32644,45.36139],[-98.32894,45.35857],[-98.32767,45.35688],[-98.32399,45.35737],[-98.31537,45.36214],[-98.30694,45.35724],[-98.32835,45.35641],[-98.35111,45.35739],[-98.35111,45.34287],[-98.37162,45.34297],[-98.3715,45.3285],[-98.39212,45.32856],[-98.39214,45.33532],[-98.41265,45.33549],[-98.41269,45.34314],[-98.4332,45.34321],[-98.43317,45.3577],[-98.4436,45.35773],[-98.44348,45.36519],[-98.45386,45.36522],[-98.45389,45.37225],[-98.47474,45.3723],[-98.47476,45.38667],[-98.48526,45.38689],[-98.48511,45.37238],[-98.50578,45.37253],[-98.51027,45.3668],[-98.51521,45.36395],[-98.51537,45.35811],[-98.49529,45.35796],[-98.49537,45.32899],[-98.50553,45.32945],[-98.51503,45.32682],[-98.51326,45.33013],[-98.51516,45.33198],[-98.51578,45.32633],[-98.52865,45.32927],[-98.55668,45.32943],[-98.55675,45.31503],[-98.57723,45.31522],[-98.57721,45.32959],[-98.61878,45.32994],[-98.61883,45.34442],[-98.65007,45.34466],[-98.65012,45.35157],[-98.65993,45.35208],[-98.65985,45.37367],[-98.64979,45.37366],[-98.65069,45.36606],[-98.63942,45.36636],[-98.63972,45.43148],[-98.6984,45.43191],[-98.70096,45.43505],[-98.70142,45.47539],[-98.68085,45.47525],[-98.68079,45.53329],[-98.7223,45.5336],[-98.72217,45.59124],[-98.725,45.59125],[-98.72534,45.62027]]]}},{"type":"Feature","id":"57381","properties":{"zip":"57381","pop":null,"city":"","county":"Hand","state":"South Dakota","area":217.95,"lat":44.38712,"lon":-98.7327},"geometry":{"type":"Polygon","coordinates":[[[-98.94362,44.28373],[-98.82334,44.28332],[-98.82338,44.29777],[-98.80211,44.29785],[-98.80213,44.31239],[-98.82341,44.31227],[-98.82349,44.33652],[-98.8022,44.34266],[-98.80231,44.37033],[-98.82355,44.37026],[-98.82291,44.50264],[-98.80263,44.49498],[-98.80264,44.5153],[-98.78239,44.51535],[-98.78243,44.5475],[-98.7666,44.54746],[-98.76661,44.55479],[-98.77659,44.55481],[-98.77658,44.562],[-98.77088,44.562],[-98.77107,44.56954],[-98.76654,44.56953],[-98.7666,44.58975],[-98.7652,44.59106],[-98.74631,44.59098],[-98.74635,44.61997],[-98.72613,44.61982],[-98.72603,44.63429],[-98.70574,44.62334],[-98.70576,44.63416],[-98.66585,44.63398],[-98.66595,44.61966],[-98.64567,44.61956],[-98.64564,44.60505],[-98.62529,44.6049],[-98.62507,44.57595],[-98.58444,44.57569],[-98.58439,44.54674],[-98.57991,44.54672],[-98.57986,44.51574],[-98.59992,44.51572],[-98.59975,44.48671],[-98.64032,44.48666],[-98.64019,44.45765],[-98.61998,44.45766],[-98.61982,44.3997],[-98.66036,44.39971],[-98.66026,44.37074],[-98.64012,44.3707],[-98.63987,44.35631],[-98.59949,44.35625],[-98.5994,44.34175],[-98.57917,44.34164],[-98.57896,44.2837],[-98.63945,44.2838],[-98.63981,44.26931],[-98.68024,44.26925],[-98.68043,44.24021],[-98.66022,44.23959],[-98.6604,44.19678],[-98.94338,44.19649],[-98.94362,44.28373]]]}},{"type":"Feature","id":"57384","properties":{"zip":"57384","pop":null,"city":"","county":"Beadle","state":"South Dakota","area":144.43,"lat":44.42043,"lon":-98.48476},"geometry":{"type":"Polygon","coordinates":[[[-98.66036,44.39971],[-98.61982,44.3997],[-98.61998,44.45766],[-98.64019,44.45765],[-98.64032,44.48666],[-98.59975,44.48671],[-98.59992,44.51572],[-98.57986,44.51574],[-98.57991,44.54672],[-98.47886,44.5463],[-98.47857,44.51554],[-98.41778,44.51578],[-98.41787,44.50121],[-98.35688,44.50093],[-98.35674,44.48646],[-98.33628,44.48662],[-98.33628,44.46821],[-98.32866,44.45056],[-98.32568,44.45056],[-98.3257,44.44316],[-98.27541,44.44328],[-98.27539,44.42879],[-98.29585,44.42874],[-98.29575,44.41421],[-98.33631,44.4141],[-98.33632,44.38774],[-98.35662,44.39124],[-98.35663,44.36393],[-98.366,44.36392],[-98.36603,44.35603],[-98.38687,44.35608],[-98.38695,44.34855],[-98.39727,44.34862],[-98.3972,44.327],[-98.37674,44.32705],[-98.37667,44.28368],[-98.39718,44.28368],[-98.39717,44.29836],[-98.40139,44.29837],[-98.41067,44.31256],[-98.43412,44.31264],[-98.42951,44.2982],[-98.47808,44.29816],[-98.47811,44.31262],[-98.579,44.3127],[-98.57917,44.34164],[-98.5994,44.34175],[-98.59949,44.35625],[-98.63987,44.35631],[-98.64012,44.3707],[-98.66026,44.37074],[-98.66036,44.39971]]]}},{"type":"Feature","id":"57031","properties":{"zip":"57031","pop":null,"city":"","county":"Yankton","state":"South Dakota","area":29.64,"lat":42.87057,"lon":-97.18653},"geometry":{"type":"Polygon","coordinates":[[[-97.25992,42.89918],[-97.25964,42.90914],[-97.23983,42.90924],[-97.23979,42.92374],[-97.18049,42.92394],[-97.18051,42.93931],[-97.14103,42.9282],[-97.14231,42.89575],[-97.14122,42.84695],[-97.13082,42.84706],[-97.1308,42.83627],[-97.12168,42.83629],[-97.12123,42.8299],[-97.12929,42.82984],[-97.13099,42.82256],[-97.14068,42.82265],[-97.14095,42.80828],[-97.14588,42.80878],[-97.1473,42.81185],[-97.16035,42.81222],[-97.16035,42.79973],[-97.17208,42.80293],[-97.20473,42.80651],[-97.21308,42.81301],[-97.21396,42.82014],[-97.21827,42.82956],[-97.21741,42.84352],[-97.21882,42.84585],[-97.23702,42.85288],[-97.24017,42.85655],[-97.24013,42.86061],[-97.24477,42.86174],[-97.2496,42.86606],[-97.23998,42.86691],[-97.24021,42.89614],[-97.26002,42.89549],[-97.25992,42.89918]]]}},{"type":"Feature","id":"57424","properties":{"zip":"57424","pop":null,"city":"","county":"Spink","state":"South Dakota","area":118.15,"lat":45.02007,"lon":-98.53104},"geometry":{"type":"Polygon","coordinates":[[[-98.77816,45.04012],[-98.77846,45.06335],[-98.76789,45.06351],[-98.76789,45.07076],[-98.67676,45.07116],[-98.67702,45.1002],[-98.65657,45.10041],[-98.65637,45.07143],[-98.594,45.07189],[-98.59816,45.05754],[-98.57502,45.05734],[-98.5746,45.03048],[-98.57163,45.03099],[-98.56779,45.02804],[-98.56328,45.03177],[-98.55638,45.03138],[-98.55429,45.03341],[-98.55467,45.07171],[-98.53421,45.0715],[-98.5342,45.08596],[-98.45234,45.08505],[-98.45232,45.07055],[-98.4361,45.07037],[-98.44167,45.07108],[-98.4439,45.07413],[-98.43729,45.07687],[-98.43801,45.08149],[-98.43412,45.08487],[-98.43089,45.08281],[-98.43137,45.0858],[-98.42573,45.0903],[-98.42624,45.09254],[-98.43709,45.09373],[-98.43715,45.09897],[-98.43398,45.10242],[-98.43092,45.10026],[-98.43169,45.10419],[-98.42204,45.1037],[-98.42197,45.10809],[-98.42374,45.1098],[-98.42795,45.10826],[-98.42468,45.11397],[-98.42736,45.1135],[-98.42871,45.11911],[-98.42535,45.11942],[-98.42531,45.12077],[-98.42815,45.12101],[-98.42988,45.12434],[-98.42406,45.12793],[-98.39095,45.12785],[-98.39111,45.11328],[-98.37032,45.11294],[-98.37054,45.09846],[-98.39108,45.0988],[-98.39105,45.06982],[-98.35008,45.06922],[-98.35006,45.02555],[-98.32394,45.02533],[-98.32753,44.99632],[-98.32987,44.99633],[-98.32986,44.98194],[-98.35001,44.98201],[-98.34996,44.95288],[-98.47226,44.95479],[-98.47234,44.96931],[-98.47988,44.96939],[-98.48632,44.96555],[-98.49353,44.96534],[-98.4916,44.96209],[-98.48702,44.96197],[-98.48695,44.96057],[-98.49571,44.9607],[-98.49282,44.95798],[-98.48479,44.95819],[-98.4868,44.95556],[-98.48298,44.9547],[-98.48384,44.94737],[-98.48008,44.94591],[-98.48616,44.93901],[-98.48007,44.93789],[-98.48749,44.93437],[-98.48303,44.93218],[-98.48962,44.92724],[-98.49524,44.92747],[-98.49129,44.92537],[-98.48479,44.92702],[-98.48556,44.92593],[-98.49362,44.92502],[-98.55658,44.92688],[-98.58568,44.98491],[-98.65558,44.98441],[-98.65559,44.9768],[-98.6662,44.97666],[-98.67625,44.96949],[-98.68647,44.96941],[-98.68648,44.97646],[-98.69642,44.97637],[-98.69636,44.95486],[-98.71659,44.9549],[-98.71659,44.98368],[-98.73711,44.98384],[-98.7374,45.02731],[-98.77811,45.02739],[-98.77816,45.04012]]]}},{"type":"Feature","id":"57427","properties":{"zip":"57427","pop":null,"city":"","county":"Brown","state":"South Dakota","area":42.94,"lat":45.48101,"lon":-98.31782},"geometry":{"type":"Polygon","coordinates":[[[-98.39218,45.48787],[-98.37167,45.48789],[-98.37163,45.50036],[-98.36533,45.50232],[-98.37164,45.50238],[-98.37158,45.54582],[-98.35107,45.54576],[-98.35097,45.58905],[-98.33951,45.58899],[-98.33936,45.5819],[-98.30878,45.58188],[-98.30878,45.56005],[-98.28825,45.55996],[-98.28814,45.5455],[-98.27803,45.54545],[-98.27811,45.53846],[-98.26311,45.54002],[-98.24743,45.53894],[-98.24747,45.52356],[-98.23694,45.52351],[-98.23693,45.52177],[-98.24904,45.51758],[-98.25234,45.51001],[-98.25937,45.51238],[-98.26289,45.50993],[-98.26301,45.51281],[-98.26473,45.51231],[-98.26529,45.50985],[-98.26256,45.50717],[-98.26859,45.50892],[-98.27036,45.5073],[-98.26924,45.50396],[-98.27348,45.49612],[-98.27241,45.49346],[-98.27969,45.49207],[-98.27598,45.48918],[-98.27087,45.49123],[-98.26808,45.49536],[-98.26355,45.49306],[-98.26272,45.49024],[-98.26768,45.4872],[-98.26805,45.48387],[-98.2651,45.48202],[-98.26001,45.48223],[-98.26306,45.46995],[-98.26026,45.46876],[-98.25421,45.47107],[-98.25097,45.46807],[-98.25142,45.46614],[-98.26378,45.45848],[-98.26817,45.45851],[-98.26783,45.41495],[-98.28708,45.41497],[-98.28494,45.41259],[-98.28614,45.41157],[-98.29043,45.41277],[-98.2947,45.41135],[-98.28863,45.4075],[-98.2954,45.40251],[-98.28747,45.40055],[-98.2876,45.39052],[-98.29759,45.3906],[-98.29771,45.38648],[-98.30351,45.38224],[-98.30472,45.3797],[-98.29596,45.37887],[-98.30201,45.37292],[-98.30602,45.37315],[-98.30562,45.3707],[-98.30736,45.37011],[-98.30429,45.36844],[-98.30682,45.36595],[-98.3054,45.36521],[-98.30921,45.36282],[-98.30244,45.36238],[-98.30325,45.36066],[-98.30793,45.36007],[-98.30695,45.35757],[-98.31537,45.36214],[-98.32399,45.35737],[-98.32767,45.35688],[-98.32894,45.35857],[-98.32644,45.36139],[-98.31661,45.36378],[-98.32874,45.36459],[-98.32923,45.36705],[-98.32662,45.36875],[-98.32961,45.37188],[-98.32957,45.40072],[-98.35122,45.40082],[-98.35112,45.42981],[-98.37164,45.4299],[-98.37161,45.47342],[-98.39223,45.47343],[-98.39218,45.48787]]]}},{"type":"Feature","id":"57474","properties":{"zip":"57474","pop":null,"city":"","county":"Brown","state":"South Dakota","area":56.7,"lat":45.28576,"lon":-98.27524},"geometry":{"type":"Polygon","coordinates":[[[-98.39212,45.32856],[-98.3715,45.3285],[-98.37162,45.34297],[-98.35111,45.34287],[-98.35111,45.35739],[-98.2886,45.35717],[-98.28865,45.34986],[-98.29877,45.35],[-98.29892,45.34269],[-98.16562,45.34216],[-98.16566,45.32765],[-98.14518,45.32758],[-98.1453,45.29867],[-98.16582,45.29874],[-98.1659,45.26983],[-98.20698,45.26998],[-98.20701,45.26267],[-98.21607,45.26262],[-98.21598,45.27001],[-98.22762,45.27006],[-98.22662,45.22839],[-98.26776,45.22838],[-98.26824,45.1851],[-98.28872,45.18508],[-98.28862,45.19953],[-98.35421,45.1998],[-98.35031,45.20201],[-98.35127,45.29954],[-98.3716,45.29966],[-98.37168,45.31407],[-98.39225,45.31411],[-98.39212,45.32856]]]}},{"type":"Feature","id":"57238","properties":{"zip":"57238","pop":null,"city":"","county":"Deuel","state":"South Dakota","area":53.34,"lat":44.87287,"lon":-96.86228},"geometry":{"type":"Polygon","coordinates":[[[-96.94428,44.80437],[-96.93452,44.80438],[-96.93471,44.81878],[-96.92526,44.81891],[-96.92528,44.85521],[-96.91511,44.85524],[-96.91508,44.88978],[-96.91327,44.89005],[-96.91323,44.89724],[-96.92347,44.89724],[-96.92343,44.90461],[-96.93355,44.90454],[-96.93362,44.91906],[-96.94391,44.91902],[-96.94398,44.93917],[-96.94682,44.94795],[-96.92355,44.948],[-96.92373,44.96245],[-96.88207,44.96244],[-96.88224,44.95508],[-96.85172,44.95524],[-96.85191,44.97698],[-96.81117,44.97723],[-96.81096,44.96526],[-96.81381,44.96131],[-96.82134,44.95764],[-96.82182,44.94801],[-96.8518,44.94791],[-96.85194,44.9335],[-96.84171,44.93354],[-96.84177,44.91905],[-96.82143,44.91895],[-96.82155,44.8901],[-96.80112,44.89012],[-96.8002,44.90445],[-96.78292,44.90445],[-96.78022,44.9024],[-96.78087,44.89012],[-96.74309,44.89001],[-96.74408,44.86253],[-96.7835,44.86259],[-96.78349,44.85531],[-96.804,44.85534],[-96.804,44.79018],[-96.92695,44.78989],[-96.927,44.7878],[-96.93261,44.78721],[-96.93816,44.78918],[-96.94176,44.78765],[-96.96515,44.80435],[-96.94428,44.80437]]]}},{"type":"Feature","id":"57468","properties":{"zip":"57468","pop":null,"city":"","county":"Day","state":"South Dakota","area":53.1,"lat":45.49811,"lon":-97.75293},"geometry":{"type":"Polygon","coordinates":[[[-97.87776,45.48626],[-97.85716,45.4862],[-97.85665,45.52963],[-97.83695,45.52967],[-97.83673,45.54419],[-97.71374,45.54397],[-97.71328,45.55845],[-97.61036,45.55928],[-97.61068,45.52924],[-97.63147,45.52934],[-97.63168,45.50034],[-97.67288,45.50042],[-97.67338,45.47131],[-97.69398,45.47136],[-97.69433,45.44237],[-97.73488,45.44252],[-97.73473,45.45703],[-97.75531,45.45703],[-97.75548,45.44253],[-97.79665,45.44258],[-97.79692,45.41359],[-97.81753,45.41363],[-97.8174,45.42813],[-97.83798,45.42815],[-97.83787,45.44261],[-97.85767,45.44269],[-97.85751,45.45719],[-97.87292,45.45721],[-97.87288,45.4648],[-97.87779,45.46482],[-97.87776,45.48626]]]}},{"type":"Feature","id":"57345","properties":{"zip":"57345","pop":null,"city":"","county":"Hyde","state":"South Dakota","area":462.57,"lat":44.56863,"lon":-99.4501},"geometry":{"type":"Polygon","coordinates":[[[-99.67517,44.72208],[-99.67447,44.85248],[-99.61294,44.85238],[-99.61286,44.88134],[-99.60572,44.88343],[-99.59813,44.89727],[-99.31175,44.89723],[-99.31248,44.54749],[-99.34102,44.54756],[-99.34106,44.52004],[-99.30055,44.51976],[-99.30041,44.34009],[-99.31872,44.34007],[-99.31867,44.31058],[-99.30025,44.3106],[-99.30018,44.19483],[-99.49092,44.19332],[-99.57465,44.27998],[-99.60343,44.28018],[-99.60335,44.35286],[-99.56296,44.35285],[-99.56296,44.42521],[-99.52244,44.42543],[-99.52257,44.54754],[-99.53394,44.54761],[-99.5337,44.66369],[-99.55354,44.6639],[-99.55339,44.67828],[-99.61445,44.67846],[-99.61412,44.70753],[-99.6753,44.70747],[-99.67517,44.72208]],[[-99.46369,44.24523],[-99.45278,44.24417],[-99.45093,44.24764],[-99.45141,44.25198],[-99.46363,44.25191],[-99.46369,44.24523]]]}},{"type":"Feature","id":"57049","properties":{"zip":"57049","pop":null,"city":"North Sioux City","county":"Union","state":"South Dakota","area":11.54,"lat":42.52475,"lon":-96.50752},"geometry":{"type":"Polygon","coordinates":[[[-96.5479,42.53014],[-96.54726,42.56106],[-96.499,42.56083],[-96.49854,42.55812],[-96.49554,42.55644],[-96.47695,42.55608],[-96.47991,42.52419],[-96.4908,42.52033],[-96.49297,42.51728],[-96.49009,42.51244],[-96.48359,42.51035],[-96.47938,42.51114],[-96.47334,42.50354],[-96.4779,42.49435],[-96.47541,42.48962],[-96.45575,42.49256],[-96.44551,42.49063],[-96.45975,42.48692],[-96.47557,42.48004],[-96.4895,42.48011],[-96.50132,42.48275],[-96.50859,42.48669],[-96.51589,42.49427],[-96.52068,42.50476],[-96.52875,42.51327],[-96.53804,42.51813],[-96.54879,42.52055],[-96.5479,42.53014]]]}},{"type":"Feature","id":"57054","properties":{"zip":"57054","pop":null,"city":"","county":"Lake","state":"South Dakota","area":83.61,"lat":44.12154,"lon":-97.25805},"geometry":{"type":"Polygon","coordinates":[[[-97.39041,44.09509],[-97.37029,44.09514],[-97.37016,44.16768],[-97.35058,44.16762],[-97.3506,44.18217],[-97.31066,44.18214],[-97.31063,44.19569],[-97.1099,44.19582],[-97.10995,44.16706],[-97.08983,44.16716],[-97.09001,44.15263],[-97.10999,44.15253],[-97.10985,44.13801],[-97.08993,44.13813],[-97.08976,44.12362],[-97.10984,44.12357],[-97.10977,44.10902],[-97.1903,44.10924],[-97.19015,44.09468],[-97.23047,44.09494],[-97.23004,44.05134],[-97.24902,44.05149],[-97.2492,44.06601],[-97.28943,44.06591],[-97.28892,44.00776],[-97.37007,44.00818],[-97.37016,44.08061],[-97.3903,44.08053],[-97.39041,44.09509]]]}},{"type":"Feature","id":"57055","properties":{"zip":"57055","pop":null,"city":"Renner Corner","county":"Minnehaha","state":"South Dakota","area":12.32,"lat":43.66643,"lon":-96.73975},"geometry":{"type":"Polygon","coordinates":[[[-96.78157,43.68865],[-96.78154,43.70321],[-96.75131,43.70321],[-96.75131,43.69598],[-96.73036,43.69723],[-96.72864,43.6887],[-96.69128,43.68875],[-96.69137,43.65974],[-96.71145,43.65971],[-96.71145,43.65678],[-96.70142,43.65426],[-96.70141,43.65256],[-96.70636,43.65253],[-96.70639,43.64526],[-96.71146,43.64527],[-96.71143,43.63489],[-96.72083,43.63537],[-96.72488,43.63309],[-96.72479,43.63088],[-96.73667,43.6309],[-96.73654,43.60919],[-96.74485,43.61042],[-96.74461,43.61236],[-96.74705,43.61374],[-96.74557,43.61589],[-96.75139,43.62375],[-96.74751,43.6275],[-96.74738,43.6336],[-96.74918,43.63597],[-96.74876,43.6397],[-96.75264,43.64029],[-96.75187,43.64522],[-96.77111,43.64533],[-96.77809,43.65978],[-96.78121,43.66679],[-96.78157,43.68865]]]}},{"type":"Feature","id":"57042","properties":{"zip":"57042","pop":null,"city":"Madison","county":"Lake","state":"South Dakota","area":141.81,"lat":43.97747,"lon":-97.15131},"geometry":{"type":"Polygon","coordinates":[[[-97.28943,44.06591],[-97.2492,44.06601],[-97.24902,44.05149],[-97.23004,44.05134],[-97.23047,44.09494],[-97.19015,44.09468],[-97.1903,44.10924],[-97.10977,44.10902],[-97.10984,44.12357],[-97.04957,44.1236],[-97.04901,44.08035],[-97.02899,44.08009],[-97.02908,44.06559],[-97.04906,44.06584],[-97.04934,43.98033],[-97.03433,43.97918],[-97.03469,43.97431],[-97.03906,43.97202],[-97.03628,43.97404],[-97.04032,43.97638],[-97.05763,43.9781],[-97.06343,43.97548],[-97.06598,43.97182],[-97.0579,43.96634],[-97.04741,43.96856],[-97.04573,43.96499],[-97.03724,43.96449],[-97.0594,43.96393],[-97.05933,43.96054],[-97.04931,43.96049],[-97.04904,43.93506],[-97.02903,43.93509],[-97.02896,43.87716],[-97.04904,43.87715],[-97.04936,43.84815],[-97.12909,43.84797],[-97.1291,43.84085],[-97.14915,43.84087],[-97.14912,43.83311],[-97.16915,43.83272],[-97.16918,43.84806],[-97.24892,43.84832],[-97.24889,43.92076],[-97.26903,43.92063],[-97.26887,44.00781],[-97.28892,44.00776],[-97.28943,44.06591]]]}},{"type":"Feature","id":"57540","properties":{"zip":"57540","pop":null,"city":"","county":"Hyde","state":"South Dakota","area":143.56,"lat":44.46482,"lon":-99.60369},"geometry":{"type":"Polygon","coordinates":[[[-99.67562,44.63486],[-99.6753,44.70747],[-99.61412,44.70753],[-99.61445,44.67846],[-99.55339,44.67828],[-99.55354,44.6639],[-99.5337,44.66369],[-99.53394,44.54761],[-99.52257,44.54754],[-99.52244,44.42543],[-99.56296,44.42521],[-99.56296,44.35285],[-99.60335,44.35286],[-99.60343,44.28018],[-99.57465,44.27998],[-99.49092,44.19332],[-99.57657,44.19242],[-99.59394,44.20405],[-99.61314,44.21037],[-99.63235,44.21566],[-99.66351,44.21752],[-99.66367,44.54809],[-99.6764,44.54811],[-99.67562,44.63486]]]}},{"type":"Feature","id":"57541","properties":{"zip":"57541","pop":null,"city":"","county":"Tripp","state":"South Dakota","area":100.65,"lat":43.59998,"lon":-99.90891},"geometry":{"type":"Polygon","coordinates":[[[-100.0411,43.58675],[-100.04103,43.61535],[-100.02109,43.61523],[-100.02088,43.63025],[-100.01051,43.63023],[-100.01042,43.63787],[-100.00135,43.63791],[-100.00119,43.65774],[-99.98108,43.65764],[-99.98096,43.66492],[-100.02111,43.66525],[-100.02092,43.6873],[-100.00992,43.68722],[-100.00999,43.69376],[-100.0058,43.69216],[-100.0004,43.69378],[-99.9989,43.70185],[-99.98621,43.69478],[-99.98135,43.68713],[-99.97756,43.68786],[-99.97377,43.69315],[-99.96724,43.6924],[-99.96481,43.68894],[-99.96195,43.68861],[-99.95541,43.69277],[-99.95498,43.69817],[-99.93429,43.6955],[-99.93034,43.6865],[-99.92541,43.68677],[-99.90318,43.70007],[-99.89822,43.70081],[-99.89356,43.6985],[-99.89127,43.69134],[-99.88509,43.68587],[-99.8893,43.67818],[-99.87174,43.67074],[-99.86696,43.67305],[-99.86208,43.67892],[-99.86205,43.68286],[-99.87275,43.68832],[-99.8724,43.68972],[-99.86198,43.69196],[-99.85123,43.68841],[-99.8517,43.69144],[-99.86066,43.69797],[-99.86123,43.70062],[-99.85302,43.7006],[-99.84139,43.68904],[-99.81147,43.69807],[-99.81177,43.68094],[-99.82216,43.68108],[-99.82235,43.66627],[-99.81166,43.6662],[-99.81153,43.67342],[-99.79665,43.67348],[-99.78889,43.66196],[-99.78287,43.65752],[-99.78268,43.63025],[-99.79913,43.63024],[-99.80264,43.62815],[-99.8025,43.51443],[-99.82238,43.51431],[-99.82201,43.49992],[-99.94167,43.49999],[-99.94168,43.51447],[-99.96103,43.51452],[-99.96157,43.52158],[-99.97153,43.52154],[-99.97175,43.52896],[-99.98139,43.52896],[-99.98139,43.54347],[-100.04102,43.54348],[-100.0411,43.58675]]]}},{"type":"Feature","id":"57218","properties":{"zip":"57218","pop":null,"city":"","county":"Deuel","state":"South Dakota","area":47.8,"lat":44.65785,"lon":-96.59627},"geometry":{"type":"Polygon","coordinates":[[[-96.71361,44.6306],[-96.70331,44.6306],[-96.70325,44.67413],[-96.68297,44.67417],[-96.68294,44.70323],[-96.64223,44.7031],[-96.64215,44.71754],[-96.58228,44.71785],[-96.58214,44.70322],[-96.54154,44.70348],[-96.54148,44.68896],[-96.48041,44.68871],[-96.4805,44.6743],[-96.47544,44.67427],[-96.47541,44.66675],[-96.45165,44.66679],[-96.45172,44.64533],[-96.48033,44.64521],[-96.48042,44.6308],[-96.52103,44.63085],[-96.52102,44.61629],[-96.54129,44.61625],[-96.54123,44.63078],[-96.56156,44.63066],[-96.56156,44.60181],[-96.58183,44.60185],[-96.58191,44.63059],[-96.60212,44.63057],[-96.60211,44.61645],[-96.61218,44.61638],[-96.61226,44.6092],[-96.62242,44.60907],[-96.62239,44.60188],[-96.64257,44.60161],[-96.68317,44.60176],[-96.68312,44.60849],[-96.70337,44.60844],[-96.70336,44.62304],[-96.71361,44.62302],[-96.71361,44.6306]]]}},{"type":"Feature","id":"57324","properties":{"zip":"57324","pop":null,"city":"","county":"Beadle","state":"South Dakota","area":60.71,"lat":44.30144,"lon":-98.04536},"geometry":{"type":"Polygon","coordinates":[[[-98.16998,44.28093],[-98.16606,44.28352],[-98.11438,44.28311],[-98.1143,44.29761],[-98.05406,44.29699],[-98.05391,44.34041],[-98.08293,44.34079],[-98.08298,44.34861],[-98.09353,44.34853],[-98.09334,44.36764],[-98.07406,44.36768],[-98.07386,44.39109],[-98.06233,44.39112],[-98.06257,44.39855],[-98.05357,44.39854],[-98.05348,44.40562],[-98.03333,44.40585],[-98.033,44.44172],[-98.01282,44.44147],[-98.01293,44.42704],[-97.95395,44.42663],[-97.95386,44.39768],[-97.9727,44.3978],[-97.9729,44.36814],[-97.99309,44.36803],[-97.99319,44.3543],[-98.00144,44.35439],[-98.00142,44.34684],[-98.01352,44.34687],[-98.01356,44.34005],[-98.00145,44.33991],[-98.00141,44.33251],[-97.99335,44.33254],[-97.99348,44.31088],[-97.97333,44.31072],[-97.97358,44.28173],[-97.99374,44.28194],[-97.99362,44.29642],[-98.01386,44.29662],[-98.0139,44.28953],[-98.00357,44.28954],[-98.00338,44.27442],[-97.99376,44.27443],[-97.99396,44.20941],[-98.01405,44.20959],[-98.01404,44.19511],[-98.13725,44.19581],[-98.13785,44.19936],[-98.13495,44.20539],[-98.1272,44.20612],[-98.12575,44.21034],[-98.11414,44.21024],[-98.11424,44.23924],[-98.12511,44.23931],[-98.1298,44.24715],[-98.13507,44.25107],[-98.14121,44.25055],[-98.14582,44.26299],[-98.14993,44.26422],[-98.1553,44.26218],[-98.1575,44.26414],[-98.15318,44.26708],[-98.15478,44.2693],[-98.16254,44.27082],[-98.1628,44.27606],[-98.16998,44.28093]]]}},{"type":"Feature","id":"57064","properties":{"zip":"57064","pop":null,"city":"Tea","county":"Lincoln","state":"South Dakota","area":18.64,"lat":43.45563,"lon":-96.87489},"geometry":{"type":"Polygon","coordinates":[[[-96.94465,43.46102],[-96.92477,43.46119],[-96.9249,43.47566],[-96.94464,43.47546],[-96.94461,43.49993],[-96.90605,43.50006],[-96.90606,43.4757],[-96.82629,43.47554],[-96.82629,43.48295],[-96.81688,43.48286],[-96.8162,43.46935],[-96.81013,43.46822],[-96.80784,43.46099],[-96.79733,43.46096],[-96.79657,43.42538],[-96.80635,43.42539],[-96.80636,43.42905],[-96.81608,43.42469],[-96.82125,43.42465],[-96.82125,43.42737],[-96.82612,43.42956],[-96.82626,43.43198],[-96.84625,43.43202],[-96.84628,43.41749],[-96.86626,43.41755],[-96.86616,43.43205],[-96.94462,43.43197],[-96.94465,43.46102]]]}},{"type":"Feature","id":"57066","properties":{"zip":"57066","pop":null,"city":"","county":"Bon Homme","state":"South Dakota","area":83.44,"lat":42.98868,"lon":-97.86697},"geometry":{"type":"Polygon","coordinates":[[[-98.03031,42.93777],[-98.01062,42.93768],[-98.01058,42.96663],[-97.99103,42.96653],[-97.99097,42.97859],[-97.98134,42.97843],[-97.98136,42.98104],[-97.95101,42.98117],[-97.95021,43.00903],[-97.95847,43.00861],[-97.95925,43.02391],[-97.93032,43.02368],[-97.93094,43.0577],[-97.9506,43.05786],[-97.94911,43.08252],[-97.9304,43.08261],[-97.93071,43.06793],[-97.8518,43.06843],[-97.85218,43.05762],[-97.83243,43.0579],[-97.83234,43.0684],[-97.75371,43.06826],[-97.75355,43.02497],[-97.69495,43.02506],[-97.69472,43.01043],[-97.73419,43.01055],[-97.73413,42.99601],[-97.75384,42.99602],[-97.75369,42.97348],[-97.75947,42.97366],[-97.76318,42.97124],[-97.79321,42.97091],[-97.79317,42.96628],[-97.81295,42.96627],[-97.81298,42.95179],[-97.79317,42.9518],[-97.79322,42.9083],[-97.93131,42.90865],[-97.92976,42.91523],[-97.93136,42.91535],[-97.9314,42.92317],[-97.97068,42.92323],[-97.97075,42.91599],[-97.98557,42.91609],[-97.9855,42.92333],[-98.03032,42.92334],[-98.03031,42.93777]]]}},{"type":"Feature","id":"57440","properties":{"zip":"57440","pop":null,"city":"","county":"Spink","state":"South Dakota","area":101.14,"lat":44.85016,"lon":-98.25956},"geometry":{"type":"Polygon","coordinates":[[[-98.38203,44.89534],[-98.34976,44.89485],[-98.35001,44.98201],[-98.32986,44.98194],[-98.32987,44.99633],[-98.20731,44.99566],[-98.20717,44.92314],[-98.21591,44.92323],[-98.21699,44.92119],[-98.21405,44.92002],[-98.21531,44.9165],[-98.21153,44.91389],[-98.21318,44.91172],[-98.21081,44.91072],[-98.2148,44.90906],[-98.21575,44.90656],[-98.21396,44.90511],[-98.21478,44.90288],[-98.21244,44.90198],[-98.213,44.89722],[-98.21634,44.89693],[-98.21787,44.8941],[-98.20072,44.89403],[-98.2007,44.83525],[-98.18021,44.83522],[-98.18026,44.82066],[-98.20071,44.82075],[-98.20074,44.80611],[-98.16007,44.80607],[-98.16004,44.70474],[-98.13969,44.70462],[-98.13968,44.69014],[-98.16004,44.69026],[-98.16007,44.67575],[-98.18037,44.67587],[-98.18039,44.70482],[-98.22063,44.70491],[-98.22062,44.71943],[-98.30166,44.71952],[-98.30178,44.77224],[-98.30518,44.77807],[-98.30178,44.78409],[-98.30179,44.79183],[-98.32362,44.79189],[-98.32368,44.80635],[-98.34167,44.80634],[-98.34151,44.86435],[-98.36181,44.86445],[-98.36173,44.87884],[-98.38211,44.8789],[-98.38203,44.89534]]]}},{"type":"Feature","id":"57441","properties":{"zip":"57441","pop":null,"city":"","county":"Brown","state":"South Dakota","area":186.81,"lat":45.82278,"lon":-98.51473},"geometry":{"type":"Polygon","coordinates":[[[-98.72485,45.76522],[-98.72443,45.91015],[-98.68663,45.91017],[-98.68177,45.92497],[-98.67289,45.9312],[-98.6718,45.93844],[-98.64199,45.9383],[-98.64203,45.90982],[-98.62156,45.90839],[-98.61605,45.90968],[-98.51811,45.909],[-98.51781,45.8945],[-98.49701,45.89422],[-98.49709,45.93718],[-98.33204,45.93639],[-98.33173,45.85757],[-98.35232,45.85762],[-98.35239,45.8502],[-98.33169,45.85],[-98.33158,45.82114],[-98.31084,45.82103],[-98.31081,45.80653],[-98.2577,45.80658],[-98.25863,45.79664],[-98.26377,45.7921],[-98.26405,45.7774],[-98.24649,45.77642],[-98.25298,45.76759],[-98.2584,45.7649],[-98.27401,45.76226],[-98.27568,45.75935],[-98.27855,45.75932],[-98.27967,45.7557],[-98.29004,45.75574],[-98.29007,45.74838],[-98.31071,45.74824],[-98.31075,45.74144],[-98.33151,45.74137],[-98.33145,45.73402],[-98.35237,45.7341],[-98.35236,45.76308],[-98.37309,45.76319],[-98.37313,45.73419],[-98.39372,45.73429],[-98.39381,45.74879],[-98.4145,45.74893],[-98.41445,45.73441],[-98.43499,45.73449],[-98.43496,45.72001],[-98.41441,45.71994],[-98.41438,45.70541],[-98.47647,45.70577],[-98.47622,45.76366],[-98.49699,45.76379],[-98.49697,45.74935],[-98.51775,45.74957],[-98.51763,45.73506],[-98.55917,45.73541],[-98.55921,45.72092],[-98.6011,45.72116],[-98.60111,45.69216],[-98.64241,45.69239],[-98.6425,45.7066],[-98.66324,45.70697],[-98.66316,45.72146],[-98.68401,45.7215],[-98.68394,45.75046],[-98.72492,45.75072],[-98.72485,45.76522]]]}},{"type":"Feature","id":"57656","properties":{"zip":"57656","pop":null,"city":"","county":"Dewey","state":"South Dakota","area":274.54,"lat":45.42397,"lon":-101.10702},"geometry":{"type":"Polygon","coordinates":[[[-101.36385,45.24127],[-101.323,45.24145],[-101.32326,45.26962],[-101.30243,45.26962],[-101.30244,45.2767],[-101.31252,45.27682],[-101.31265,45.28413],[-101.28211,45.2841],[-101.28239,45.38561],[-101.22357,45.38564],[-101.22365,45.42916],[-101.26483,45.42917],[-101.26491,45.47194],[-101.14514,45.47257],[-101.14152,45.47748],[-101.14147,45.48719],[-101.16222,45.48717],[-101.16212,45.53065],[-101.14147,45.53064],[-101.14136,45.66608],[-101.1339,45.66117],[-101.11087,45.66098],[-101.1105,45.66877],[-101.09991,45.67581],[-101.099,45.73099],[-101.08293,45.73087],[-101.08591,45.72805],[-101.09093,45.72771],[-101.08724,45.72253],[-101.07871,45.71612],[-101.07851,45.7084],[-101.07609,45.70664],[-101.07159,45.70721],[-101.07067,45.71318],[-101.06294,45.71744],[-101.05289,45.715],[-101.04992,45.70958],[-101.03993,45.70975],[-101.03654,45.70758],[-101.03562,45.70534],[-101.04427,45.70227],[-101.0383,45.69569],[-101.04133,45.68944],[-101.04965,45.68825],[-101.05255,45.69362],[-101.05457,45.69414],[-101.05675,45.69241],[-101.05858,45.68586],[-101.06383,45.6846],[-101.07009,45.68609],[-101.07433,45.68199],[-101.0591,45.67549],[-101.05091,45.67887],[-101.04772,45.67713],[-101.04586,45.66753],[-101.04899,45.66327],[-101.04599,45.66243],[-101.03132,45.66671],[-101.0232,45.66556],[-101.01837,45.66811],[-101.01533,45.66567],[-101.0079,45.66448],[-101.00584,45.65822],[-100.99366,45.66324],[-100.98733,45.66144],[-100.9924,45.65518],[-100.98725,45.65347],[-100.97975,45.65468],[-100.98,45.6004],[-100.96877,45.59384],[-100.95982,45.59372],[-100.93928,45.60488],[-100.92675,45.61714],[-100.9035,45.62947],[-100.89599,45.62961],[-100.8952,45.62368],[-100.88596,45.62114],[-100.88457,45.61006],[-100.88063,45.6065],[-100.88291,45.60215],[-100.87461,45.5958],[-100.87462,45.57463],[-100.88495,45.57384],[-100.88561,45.567],[-100.89526,45.56654],[-100.89522,45.54527],[-100.93646,45.54521],[-100.93666,45.50174],[-100.97544,45.50155],[-100.97723,45.48716],[-100.97715,45.38559],[-101.01683,45.38583],[-101.01567,45.21082],[-101.36395,45.21072],[-101.36385,45.24127]]]}},{"type":"Feature","id":"57658","properties":{"zip":"57658","pop":null,"city":"","county":"Corson","state":"South Dakota","area":51.05,"lat":45.65709,"lon":-100.55819},"geometry":{"type":"Polygon","coordinates":[[[-100.68988,45.73878],[-100.68663,45.74071],[-100.68582,45.7469],[-100.67587,45.75536],[-100.67459,45.76038],[-100.58346,45.76071],[-100.58382,45.73144],[-100.48056,45.73107],[-100.50281,45.71198],[-100.50433,45.70776],[-100.50501,45.65617],[-100.51945,45.63907],[-100.52423,45.63768],[-100.51543,45.63242],[-100.5198,45.63529],[-100.51179,45.63533],[-100.50037,45.63119],[-100.49924,45.61322],[-100.49106,45.60959],[-100.48721,45.61135],[-100.47851,45.60929],[-100.47157,45.60517],[-100.46238,45.60613],[-100.45893,45.60139],[-100.45355,45.60084],[-100.44782,45.59633],[-100.44767,45.5923],[-100.45077,45.59036],[-100.45587,45.58818],[-100.45891,45.58895],[-100.4599,45.58678],[-100.46208,45.58751],[-100.4603,45.58508],[-100.46197,45.58337],[-100.45917,45.5684],[-100.46805,45.5648],[-100.48297,45.573],[-100.48768,45.57377],[-100.51496,45.55898],[-100.54265,45.55885],[-100.57113,45.56669],[-100.60456,45.58323],[-100.60707,45.58514],[-100.60671,45.73148],[-100.6899,45.73164],[-100.68988,45.73878]]]}},{"type":"Feature","id":"57339","properties":{"zip":"57339","pop":null,"city":"Fort Thompson","county":"Buffalo","state":"South Dakota","area":46.53,"lat":44.11226,"lon":-99.47853},"geometry":{"type":"Polygon","coordinates":[[[-99.57644,44.19255],[-99.44863,44.19378],[-99.43909,44.18527],[-99.43796,44.07726],[-99.38752,44.07746],[-99.38761,44.08765],[-99.38548,44.08645],[-99.38148,44.08205],[-99.38225,44.07965],[-99.37908,44.07112],[-99.37433,44.06903],[-99.37522,44.0618],[-99.37386,44.06149],[-99.378,44.06065],[-99.37812,44.05698],[-99.37425,44.05251],[-99.37745,44.04989],[-99.37277,44.04422],[-99.37365,44.04232],[-99.36982,44.04103],[-99.37203,44.03938],[-99.36724,44.03768],[-99.36926,44.03239],[-99.3672,44.03291],[-99.36654,44.02945],[-99.36486,44.03032],[-99.36384,44.0278],[-99.36666,44.02533],[-99.36471,44.02477],[-99.37856,44.01309],[-99.40372,44.02678],[-99.42136,44.03973],[-99.43313,44.04486],[-99.45731,44.04944],[-99.48658,44.05114],[-99.51133,44.05499],[-99.53951,44.07333],[-99.55844,44.09197],[-99.56173,44.09746],[-99.56233,44.10357],[-99.554,44.12777],[-99.54064,44.15014],[-99.54075,44.15851],[-99.55123,44.17121],[-99.57644,44.19255]]]}},{"type":"Feature","id":"57340","properties":{"zip":"57340","pop":null,"city":"","county":"Hanson","state":"South Dakota","area":53.76,"lat":43.79379,"lon":-97.85028},"geometry":{"type":"Polygon","coordinates":[[[-97.94803,43.8338],[-97.92808,43.83354],[-97.92764,43.85052],[-97.85111,43.84986],[-97.85109,43.89317],[-97.8111,43.89337],[-97.81113,43.88283],[-97.8082,43.88278],[-97.80459,43.89215],[-97.79126,43.89803],[-97.79076,43.89335],[-97.78086,43.8933],[-97.78093,43.88612],[-97.76618,43.88602],[-97.76628,43.87502],[-97.77042,43.87505],[-97.77079,43.84978],[-97.78792,43.84987],[-97.78825,43.82837],[-97.79143,43.82219],[-97.78854,43.81571],[-97.78918,43.78951],[-97.80917,43.78958],[-97.80701,43.68787],[-97.82703,43.68793],[-97.82668,43.67343],[-97.84669,43.6735],[-97.84681,43.67833],[-97.85917,43.68474],[-97.85959,43.68803],[-97.86732,43.69018],[-97.86771,43.70258],[-97.88763,43.70262],[-97.88809,43.71717],[-97.90797,43.71726],[-97.90896,43.74636],[-97.88913,43.74637],[-97.88939,43.77541],[-97.9094,43.77545],[-97.90914,43.78995],[-97.92914,43.79015],[-97.92863,43.80463],[-97.94867,43.80486],[-97.94803,43.8338]]]}},{"type":"Feature","id":"57520","properties":{"zip":"57520","pop":null,"city":"","county":"Sully","state":"South Dakota","area":111.63,"lat":44.84155,"lon":-100.16431},"geometry":{"type":"Polygon","coordinates":[[[-100.44755,44.82034],[-100.44386,44.82082],[-100.44344,44.82306],[-100.4409,44.82235],[-100.43991,44.82354],[-100.44251,44.82402],[-100.44161,44.82507],[-100.4356,44.82487],[-100.43737,44.8277],[-100.43351,44.828],[-100.42998,44.83104],[-100.42738,44.82889],[-100.42448,44.83145],[-100.41973,44.8293],[-100.42105,44.8357],[-100.41809,44.83335],[-100.41568,44.83582],[-100.41407,44.83511],[-100.41321,44.83778],[-100.40768,44.8379],[-100.40864,44.8395],[-100.40646,44.84096],[-100.40437,44.83899],[-100.40401,44.84197],[-100.40083,44.84196],[-100.40096,44.84389],[-100.39649,44.84347],[-100.39225,44.83839],[-100.3875,44.83855],[-100.39289,44.84217],[-100.39183,44.84413],[-100.39485,44.84729],[-100.39324,44.84701],[-100.39196,44.84967],[-100.38907,44.84866],[-100.38848,44.85209],[-100.38521,44.8506],[-100.38668,44.85355],[-100.37955,44.85172],[-100.38317,44.8592],[-100.37401,44.85661],[-100.37909,44.86095],[-100.37726,44.86191],[-100.37957,44.86427],[-100.37629,44.86591],[-100.37802,44.86939],[-100.37323,44.87092],[-100.37589,44.87174],[-100.37346,44.87779],[-100.36802,44.88083],[-100.36397,44.88086],[-100.3594,44.87588],[-100.36014,44.87413],[-100.35477,44.87447],[-100.36195,44.88287],[-100.35744,44.88267],[-100.36118,44.88502],[-100.35948,44.8935],[-100.36359,44.88694],[-100.37324,44.8849],[-100.38005,44.89302],[-100.38046,44.89768],[-100.18378,44.89783],[-100.18368,44.86724],[-100.1631,44.86717],[-100.16303,44.85295],[-100.12232,44.85278],[-100.12261,44.89775],[-99.89854,44.89764],[-99.89873,44.84454],[-99.9114,44.83844],[-100.00051,44.83808],[-100.00025,44.78023],[-100.06051,44.78014],[-100.06036,44.75105],[-100.11753,44.75117],[-100.12062,44.75412],[-100.12197,44.82378],[-100.20394,44.82384],[-100.2032,44.79461],[-100.29654,44.79461],[-100.30728,44.76566],[-100.32471,44.76556],[-100.32494,44.78009],[-100.36524,44.77981],[-100.36548,44.80885],[-100.43798,44.80879],[-100.43779,44.81325],[-100.44042,44.81284],[-100.44537,44.81803],[-100.44386,44.81936],[-100.44755,44.82034]]]}},{"type":"Feature","id":"57523","properties":{"zip":"57523","pop":null,"city":"","county":"Gregory","state":"South Dakota","area":193.34,"lat":43.24435,"lon":-99.23804},"geometry":{"type":"Polygon","coordinates":[[[-99.37586,43.12558],[-99.35605,43.12562],[-99.35617,43.20585],[-99.36028,43.20899],[-99.3613,43.21237],[-99.33637,43.21237],[-99.33668,43.21951],[-99.32641,43.21951],[-99.32645,43.22687],[-99.3364,43.22686],[-99.33639,43.2992],[-99.29669,43.29977],[-99.29725,43.34201],[-99.32676,43.34225],[-99.32678,43.38531],[-99.29714,43.38537],[-99.29702,43.45564],[-99.27829,43.44354],[-99.25591,43.43709],[-99.18991,43.43601],[-99.17772,43.43792],[-99.15834,43.43068],[-99.14847,43.42208],[-99.13962,43.4073],[-99.13998,43.40087],[-99.13774,43.39626],[-99.12638,43.38062],[-99.1059,43.37094],[-99.09257,43.35371],[-99.08625,43.33933],[-99.06928,43.32069],[-99.03763,43.29925],[-99.02025,43.29061],[-98.99512,43.27021],[-99.03565,43.26992],[-99.03634,43.27229],[-99.04265,43.27499],[-99.04577,43.27909],[-99.06494,43.28162],[-99.06715,43.27441],[-99.07534,43.27459],[-99.07041,43.26957],[-99.07039,43.26591],[-99.0727,43.26311],[-99.08091,43.26682],[-99.08937,43.26656],[-99.09693,43.26871],[-99.10915,43.26613],[-99.10847,43.26139],[-99.11938,43.26056],[-99.11956,43.23229],[-99.12212,43.23016],[-99.12003,43.22664],[-99.12348,43.22076],[-99.12237,43.21589],[-99.12499,43.21374],[-99.11994,43.2062],[-99.1239,43.20469],[-99.12409,43.20196],[-99.11952,43.1998],[-99.12691,43.1999],[-99.12934,43.206],[-99.13322,43.20806],[-99.13209,43.21024],[-99.13875,43.21031],[-99.13959,43.21225],[-99.14491,43.20999],[-99.14538,43.20775],[-99.15067,43.20864],[-99.15548,43.21253],[-99.15304,43.21299],[-99.15382,43.21457],[-99.15742,43.21612],[-99.15682,43.22031],[-99.15929,43.22088],[-99.16135,43.21899],[-99.16504,43.22207],[-99.17205,43.22066],[-99.17343,43.22123],[-99.1718,43.22349],[-99.17925,43.22615],[-99.18265,43.22445],[-99.18113,43.2098],[-99.17857,43.20663],[-99.17852,43.19787],[-99.18264,43.19789],[-99.18447,43.19429],[-99.19238,43.19441],[-99.19426,43.19085],[-99.19819,43.19088],[-99.19835,43.1837],[-99.26004,43.18348],[-99.25643,43.17744],[-99.25283,43.17521],[-99.25792,43.17361],[-99.25753,43.15042],[-99.23962,43.14011],[-99.21796,43.13339],[-99.21793,43.12574],[-99.23771,43.12571],[-99.23762,43.11123],[-99.25735,43.11124],[-99.25732,43.10363],[-99.24712,43.10364],[-99.24699,43.07485],[-99.23746,43.07471],[-99.23745,43.05333],[-99.21779,43.05336],[-99.21774,43.03965],[-99.23743,43.0389],[-99.23831,43.02444],[-99.25711,43.0244],[-99.25705,42.99817],[-99.33623,42.9982],[-99.33623,43.03882],[-99.356,43.0388],[-99.35596,43.02432],[-99.37572,43.0243],[-99.37586,43.12558]]]}},{"type":"Feature","id":"57762","properties":{"zip":"57762","pop":null,"city":"","county":"Butte","state":"South Dakota","area":75.41,"lat":44.75274,"lon":-103.60903},"geometry":{"type":"Polygon","coordinates":[[[-103.71192,44.76898],[-103.71152,44.86548],[-103.69131,44.86558],[-103.67858,44.86873],[-103.65951,44.8657],[-103.56806,44.86565],[-103.56758,44.73432],[-103.54747,44.73427],[-103.54745,44.71763],[-103.54223,44.71257],[-103.54743,44.70938],[-103.54888,44.7051],[-103.54607,44.69975],[-103.54335,44.7017],[-103.54228,44.69895],[-103.53841,44.69897],[-103.53864,44.69512],[-103.53499,44.69558],[-103.53536,44.69777],[-103.53261,44.69742],[-103.53379,44.69586],[-103.52939,44.69676],[-103.5264,44.69376],[-103.52411,44.69444],[-103.52329,44.69254],[-103.52545,44.6913],[-103.5238,44.68761],[-103.52175,44.68715],[-103.5212,44.68902],[-103.5188,44.68685],[-103.51742,44.68832],[-103.51536,44.68718],[-103.51603,44.68583],[-103.50654,44.68421],[-103.50493,44.68057],[-103.50231,44.68185],[-103.50196,44.68452],[-103.50426,44.68613],[-103.50025,44.68779],[-103.49764,44.68548],[-103.49828,44.68378],[-103.49428,44.68205],[-103.49566,44.68656],[-103.49434,44.68693],[-103.49036,44.6837],[-103.48584,44.68383],[-103.48454,44.68],[-103.48123,44.679],[-103.48057,44.68176],[-103.47746,44.68006],[-103.47766,44.67619],[-103.48027,44.67593],[-103.47954,44.67419],[-103.47581,44.67471],[-103.47237,44.67253],[-103.47393,44.66812],[-103.47884,44.66465],[-103.47791,44.66251],[-103.47253,44.66034],[-103.47181,44.65764],[-103.47516,44.65466],[-103.47036,44.65077],[-103.46402,44.65311],[-103.46125,44.65118],[-103.46318,44.64708],[-103.46245,44.64118],[-103.45696,44.63863],[-103.4582,44.63797],[-103.45689,44.6327],[-103.46388,44.62393],[-103.46746,44.62366],[-103.46747,44.62542],[-103.47144,44.62163],[-103.47283,44.63344],[-103.54819,44.6333],[-103.54816,44.64774],[-103.56789,44.64769],[-103.56426,44.64334],[-103.56759,44.64088],[-103.56761,44.64234],[-103.58297,44.64228],[-103.58288,44.6405],[-103.58787,44.64052],[-103.58784,44.65152],[-103.59789,44.65148],[-103.59792,44.65503],[-103.60855,44.65499],[-103.60861,44.66266],[-103.63924,44.66278],[-103.63915,44.68836],[-103.66427,44.68965],[-103.66428,44.69167],[-103.65897,44.69167],[-103.65883,44.7065],[-103.66415,44.70649],[-103.6642,44.71838],[-103.67612,44.72645],[-103.67674,44.72976],[-103.6702,44.74471],[-103.67908,44.75199],[-103.67974,44.74893],[-103.67766,44.74805],[-103.6804,44.74862],[-103.68474,44.7516],[-103.68814,44.75874],[-103.69022,44.75664],[-103.69946,44.75695],[-103.69952,44.75529],[-103.71177,44.75567],[-103.71254,44.75806],[-103.70885,44.76167],[-103.71368,44.76821],[-103.71192,44.76898]]]}},{"type":"Feature","id":"57386","properties":{"zip":"57386","pop":null,"city":"","county":"Beadle","state":"South Dakota","area":49.39,"lat":44.50906,"lon":-97.99843},"geometry":{"type":"Polygon","coordinates":[[[-98.09906,44.58856],[-98.06841,44.58823],[-98.06823,44.60301],[-98.05867,44.60295],[-98.05862,44.57398],[-98.02667,44.57383],[-98.01813,44.57652],[-98.01814,44.57379],[-97.99782,44.5737],[-97.99749,44.55921],[-97.95744,44.5591],[-97.9574,44.54462],[-97.91402,44.54453],[-97.91381,44.52782],[-97.89368,44.52783],[-97.89357,44.49888],[-97.93399,44.49901],[-97.93389,44.47006],[-97.91372,44.46999],[-97.91362,44.44827],[-97.93382,44.44467],[-97.9338,44.4121],[-97.95388,44.41215],[-97.95395,44.42663],[-98.01293,44.42704],[-98.01258,44.47068],[-98.03277,44.47086],[-98.03266,44.48533],[-98.07305,44.4857],[-98.07293,44.51459],[-98.0931,44.51489],[-98.09297,44.54512],[-98.09903,44.54514],[-98.09906,44.58856]]]}},{"type":"Feature","id":"57057","properties":{"zip":"57057","pop":null,"city":"","county":"Lake","state":"South Dakota","area":22.87,"lat":44.10255,"lon":-96.95723},"geometry":{"type":"Polygon","coordinates":[[[-97.04936,44.10906],[-97.00912,44.10908],[-97.00919,44.12359],[-96.96938,44.12378],[-96.96949,44.13828],[-96.90239,44.13845],[-96.90035,44.1399],[-96.89609,44.13842],[-96.86951,44.13818],[-96.86914,44.10937],[-96.88871,44.10957],[-96.88876,44.08055],[-96.94931,44.08052],[-96.94916,44.06599],[-97.02908,44.06559],[-97.02899,44.08009],[-97.04901,44.08035],[-97.04936,44.10906]]]}},{"type":"Feature","id":"57703","properties":{"zip":"57703","pop":null,"city":"Rapid City","county":"Pennington","state":"South Dakota","area":93.5,"lat":44.0033,"lon":-103.04518},"geometry":{"type":"Polygon","coordinates":[[[-103.19192,44.0383],[-103.18689,44.03841],[-103.1917,44.0694],[-103.1866,44.0694],[-103.18643,44.07189],[-103.18772,44.07574],[-103.1917,44.07472],[-103.19169,44.07837],[-103.18649,44.07921],[-103.19171,44.08136],[-103.19169,44.08759],[-103.18184,44.09194],[-103.17831,44.09551],[-103.18058,44.09557],[-103.17952,44.09973],[-103.15132,44.10064],[-103.15132,44.09847],[-103.14127,44.1022],[-103.14123,44.093],[-103.13095,44.09296],[-103.13093,44.08932],[-103.11085,44.0893],[-103.11088,44.08205],[-103.09081,44.08196],[-103.09297,44.08684],[-103.09083,44.09633],[-103.04797,44.09714],[-103.04798,44.09297],[-103.04541,44.09297],[-103.04541,44.08946],[-103.0404,44.08947],[-103.0404,44.0821],[-103.03038,44.08209],[-103.03035,44.08566],[-103.0354,44.08569],[-103.0353,44.09472],[-103.02778,44.09473],[-103.02776,44.09706],[-102.99395,44.09704],[-102.96452,44.08204],[-102.96977,44.08204],[-102.97009,43.99685],[-102.97055,43.99473],[-102.97778,43.99465],[-102.97786,43.99741],[-102.98031,43.99737],[-102.98019,43.99465],[-102.98336,43.99447],[-102.93662,43.97802],[-102.91919,43.97713],[-102.91922,43.96981],[-102.91252,43.96972],[-102.91324,43.96731],[-102.90901,43.96685],[-102.90802,43.96208],[-102.89898,43.95876],[-102.89892,43.92643],[-102.85881,43.92606],[-102.85886,43.92014],[-102.88783,43.88532],[-102.89145,43.85631],[-102.93913,43.85652],[-102.93921,43.94035],[-103.0506,43.94041],[-103.05062,43.95551],[-103.07846,43.95557],[-103.07958,43.96976],[-103.08423,43.97052],[-103.087,43.97375],[-103.10201,43.97377],[-103.11328,43.97016],[-103.12954,43.97036],[-103.14372,43.95716],[-103.14382,43.94216],[-103.1468,43.9406],[-103.15514,43.94204],[-103.17552,43.95043],[-103.18614,43.95756],[-103.18097,43.97733],[-103.17977,43.99396],[-103.18113,44.0029],[-103.17326,44.00419],[-103.167,44.00167],[-103.16521,44.00307],[-103.1599,44.00153],[-103.15792,44.00436],[-103.15981,44.00874],[-103.15844,44.0093],[-103.18362,44.00942],[-103.19152,44.024],[-103.19192,44.0383]]]}},{"type":"Feature","id":"57716","properties":{"zip":"57716","pop":null,"city":"","county":"Oglala Lakota","state":"South Dakota","area":124.72,"lat":43.07755,"lon":-102.218},"geometry":{"type":"Polygon","coordinates":[[[-102.43588,43.01756],[-102.43588,43.04649],[-102.3772,43.04652],[-102.37717,43.11643],[-102.37486,43.12197],[-102.37457,43.12992],[-102.35868,43.12983],[-102.35203,43.12487],[-102.35501,43.12104],[-102.35617,43.11482],[-102.35792,43.11418],[-102.35572,43.11329],[-102.35631,43.11133],[-102.35103,43.11056],[-102.35201,43.10641],[-102.3479,43.10313],[-102.34977,43.10335],[-102.35058,43.10185],[-102.34821,43.10004],[-102.35099,43.09969],[-102.35276,43.09733],[-102.35028,43.09579],[-102.35259,43.09592],[-102.35319,43.09393],[-102.34905,43.09038],[-102.34626,43.08407],[-102.3491,43.08242],[-102.34864,43.08074],[-102.34545,43.07881],[-102.33931,43.07871],[-102.33761,43.07594],[-102.33764,43.09729],[-102.333,43.10612],[-102.3375,43.11867],[-102.33764,43.12951],[-102.22217,43.1296],[-102.22778,43.14945],[-102.22774,43.17155],[-102.22016,43.17123],[-102.20795,43.16572],[-102.1983,43.16575],[-102.19227,43.16609],[-102.18843,43.1729],[-102.10918,43.1727],[-102.10908,43.15815],[-102.08934,43.15822],[-102.08954,43.18726],[-102.0301,43.1872],[-102.02975,43.14381],[-102.04969,43.13836],[-102.04947,43.12923],[-102.08143,43.12918],[-102.08249,42.99936],[-102.40555,42.99958],[-102.40556,43.00105],[-102.41299,43.00454],[-102.42633,43.00543],[-102.43582,43.01137],[-102.43588,43.01756]]]}},{"type":"Feature","id":"57313","properties":{"zip":"57313","pop":null,"city":"","county":"Douglas","state":"South Dakota","area":132.35,"lat":43.31086,"lon":-98.36323},"geometry":{"type":"Polygon","coordinates":[[[-98.55913,43.34123],[-98.55892,43.35512],[-98.50096,43.35583],[-98.5011,43.38472],[-98.46605,43.38425],[-98.46534,43.37637],[-98.45442,43.3765],[-98.45421,43.37034],[-98.39648,43.37072],[-98.39663,43.37768],[-98.3863,43.37763],[-98.38534,43.37073],[-98.34685,43.36914],[-98.35021,43.41314],[-98.31211,43.41335],[-98.31218,43.42784],[-98.2307,43.42779],[-98.23004,43.41301],[-98.21073,43.41304],[-98.20946,43.38369],[-98.1899,43.38375],[-98.18943,43.36913],[-98.22804,43.36892],[-98.22676,43.33951],[-98.24647,43.33969],[-98.24667,43.31119],[-98.23709,43.31112],[-98.2369,43.29321],[-98.23202,43.29318],[-98.23202,43.28962],[-98.2271,43.2896],[-98.22718,43.26801],[-98.24694,43.26806],[-98.2478,43.21237],[-98.26783,43.21244],[-98.26782,43.1979],[-98.30755,43.19803],[-98.30765,43.18353],[-98.36737,43.18367],[-98.36732,43.21268],[-98.38706,43.21269],[-98.38703,43.2417],[-98.40534,43.24174],[-98.40623,43.24301],[-98.43168,43.24182],[-98.4317,43.24912],[-98.43658,43.24908],[-98.43668,43.24183],[-98.46604,43.24205],[-98.46595,43.25657],[-98.4858,43.25661],[-98.48578,43.27105],[-98.54533,43.27128],[-98.54506,43.30025],[-98.56488,43.30028],[-98.56463,43.32922],[-98.54475,43.3292],[-98.54477,43.33161],[-98.57615,43.34156],[-98.55913,43.34123]]]}},{"type":"Feature","id":"57718","properties":{"zip":"57718","pop":null,"city":"Blackhawk","county":"Meade","state":"South Dakota","area":19.13,"lat":44.17916,"lon":-103.3679},"geometry":{"type":"Polygon","coordinates":[[[-103.45288,44.23201],[-103.44191,44.22868],[-103.43583,44.21805],[-103.41511,44.20828],[-103.41155,44.20492],[-103.40853,44.20595],[-103.40847,44.20401],[-103.39668,44.20098],[-103.39627,44.1984],[-103.39157,44.19846],[-103.3856,44.20277],[-103.37921,44.20056],[-103.37603,44.20497],[-103.37256,44.20574],[-103.3725,44.19133],[-103.36808,44.19239],[-103.36745,44.19474],[-103.3524,44.19648],[-103.35698,44.20148],[-103.3576,44.20426],[-103.35504,44.20427],[-103.36366,44.21305],[-103.34229,44.21301],[-103.34229,44.20895],[-103.32052,44.19633],[-103.31891,44.19731],[-103.30576,44.19288],[-103.30449,44.18941],[-103.30273,44.1894],[-103.3073,44.18601],[-103.30734,44.18405],[-103.29201,44.18329],[-103.29006,44.17186],[-103.29815,44.15474],[-103.3031,44.15472],[-103.30574,44.15892],[-103.31464,44.16456],[-103.312,44.16225],[-103.31303,44.16063],[-103.30953,44.15363],[-103.30146,44.15116],[-103.29577,44.14088],[-103.28607,44.13484],[-103.28724,44.13272],[-103.293,44.12949],[-103.30164,44.13704],[-103.30278,44.14019],[-103.35991,44.14088],[-103.37187,44.14651],[-103.37405,44.15178],[-103.37248,44.15164],[-103.37415,44.15201],[-103.37691,44.1587],[-103.3938,44.16948],[-103.43266,44.16944],[-103.43266,44.1765],[-103.44264,44.17657],[-103.44279,44.18343],[-103.45254,44.18342],[-103.45288,44.23201]],[[-103.29709,44.13409],[-103.29337,44.13399],[-103.29302,44.13623],[-103.29455,44.13607],[-103.29709,44.13409]]]}},{"type":"Feature","id":"57568","properties":{"zip":"57568","pop":null,"city":"","county":"Lyman","state":"South Dakota","area":274.83,"lat":43.885,"lon":-100.08854},"geometry":{"type":"Polygon","coordinates":[[[-100.24755,43.98215],[-100.24751,44.00657],[-100.20637,44.00658],[-100.20447,44.02099],[-100.18631,44.02109],[-100.18639,44.03557],[-100.20646,44.03557],[-100.20649,44.05003],[-100.2266,44.05006],[-100.22678,44.10863],[-100.12626,44.10914],[-100.1262,44.12238],[-100.08532,44.12218],[-100.07181,44.11567],[-100.06547,44.11525],[-100.06604,44.01396],[-99.92572,44.01332],[-99.92563,43.92055],[-99.95763,43.91262],[-99.9857,43.91128],[-99.9857,43.90886],[-99.96575,43.90881],[-99.96572,43.89718],[-99.92568,43.8972],[-99.92569,43.84734],[-99.92203,43.84737],[-99.92199,43.81852],[-99.98119,43.81845],[-99.98113,43.775],[-99.94187,43.77509],[-99.94182,43.76049],[-99.9019,43.76048],[-99.90195,43.70049],[-99.92541,43.68677],[-99.93034,43.6865],[-99.93219,43.68821],[-99.93172,43.69161],[-99.93429,43.6955],[-99.95498,43.69817],[-99.95541,43.69277],[-99.96195,43.68861],[-99.96481,43.68894],[-99.96724,43.6924],[-99.97377,43.69315],[-99.97756,43.68786],[-99.98135,43.68713],[-99.98621,43.69478],[-99.99804,43.70197],[-99.99994,43.69997],[-100.0004,43.69378],[-100.0058,43.69216],[-100.00999,43.69376],[-100.01099,43.69533],[-100.00693,43.70473],[-100.00817,43.70675],[-100.01333,43.70784],[-100.0311,43.69754],[-100.03735,43.70377],[-100.04709,43.70306],[-100.04611,43.69444],[-100.05018,43.69221],[-100.07754,43.69203],[-100.08338,43.68585],[-100.08717,43.68519],[-100.10577,43.69436],[-100.11053,43.68589],[-100.11517,43.68543],[-100.11945,43.6883],[-100.12297,43.69649],[-100.1326,43.70318],[-100.14481,43.70327],[-100.13861,43.69602],[-100.14036,43.69452],[-100.1619,43.70439],[-100.18992,43.70616],[-100.19685,43.70444],[-100.20504,43.6883],[-100.2088,43.68353],[-100.21087,43.6836],[-100.22002,43.69175],[-100.22026,43.84724],[-100.24596,43.84732],[-100.2462,43.93421],[-100.22625,43.93419],[-100.22633,43.94869],[-100.24617,43.94866],[-100.24522,43.97765],[-100.24755,43.98215]]]}},{"type":"Feature","id":"57719","properties":{"zip":"57719","pop":null,"city":"Box Elder","county":"Meade","state":"South Dakota","area":120.08,"lat":44.23044,"lon":-102.98309},"geometry":{"type":"Polygon","coordinates":[[[-103.15131,44.11115],[-103.14135,44.11112],[-103.1413,44.11835],[-103.13113,44.11834],[-103.13108,44.11109],[-103.12484,44.11109],[-103.11597,44.11597],[-103.11606,44.11833],[-103.1203,44.11927],[-103.11606,44.11926],[-103.11609,44.12559],[-103.11379,44.12558],[-103.11694,44.1299],[-103.11529,44.13107],[-103.11927,44.13105],[-103.11552,44.13485],[-103.11577,44.14081],[-103.08701,44.14081],[-103.08681,44.13661],[-103.08085,44.12897],[-103.08041,44.13677],[-103.07194,44.13194],[-103.0709,44.14244],[-103.06066,44.14301],[-103.06066,44.14942],[-103.06979,44.14946],[-103.06976,44.15447],[-103.08096,44.15456],[-103.08097,44.15797],[-103.07578,44.1582],[-103.07579,44.16927],[-103.07076,44.16925],[-103.07077,44.21655],[-103.04297,44.21541],[-103.04302,44.21818],[-103.04897,44.21795],[-103.05307,44.22093],[-103.05551,44.21981],[-103.05574,44.2218],[-103.05911,44.22353],[-103.05877,44.22208],[-103.06464,44.22343],[-103.06444,44.22627],[-103.06964,44.22956],[-103.07051,44.25643],[-103.09023,44.25626],[-103.0906,44.34291],[-102.9692,44.34367],[-102.96831,44.37352],[-102.9644,44.36901],[-102.9599,44.3691],[-102.94411,44.37629],[-102.94259,44.36623],[-102.95171,44.36177],[-102.95248,44.35857],[-102.94952,44.35681],[-102.93546,44.35617],[-102.9297,44.35214],[-102.92266,44.3504],[-102.92116,44.34684],[-102.92228,44.34316],[-102.91986,44.34208],[-102.91333,44.34492],[-102.91122,44.35129],[-102.90638,44.35159],[-102.89966,44.34594],[-102.89345,44.34575],[-102.88981,44.34907],[-102.89048,44.35241],[-102.88586,44.3535],[-102.87812,44.34856],[-102.8694,44.34909],[-102.86866,44.34808],[-102.87459,44.3447],[-102.86903,44.33674],[-102.8662,44.33601],[-102.86283,44.33745],[-102.86108,44.34276],[-102.85834,44.34475],[-102.84623,44.34416],[-102.8436,44.34972],[-102.83772,44.35009],[-102.83521,44.33713],[-102.82891,44.32612],[-102.82948,44.24106],[-102.96961,44.24195],[-102.96992,44.14063],[-102.92976,44.14057],[-102.92982,44.13228],[-102.9191,44.13228],[-102.9191,44.12541],[-102.93009,44.12535],[-102.92978,44.11088],[-102.91225,44.11001],[-102.89673,44.10388],[-102.89776,44.09888],[-102.89344,44.09656],[-102.89599,44.09572],[-102.89462,44.0943],[-102.92978,44.09921],[-102.92974,44.0912],[-102.89965,44.08154],[-102.83179,44.08144],[-102.8292,44.07826],[-102.82921,44.07447],[-102.94976,44.0746],[-102.99395,44.09704],[-103.02776,44.09706],[-103.02778,44.09473],[-103.0353,44.09472],[-103.0354,44.08569],[-103.03035,44.08566],[-103.03038,44.08209],[-103.0404,44.0821],[-103.0404,44.08947],[-103.04541,44.08946],[-103.04541,44.09297],[-103.04798,44.09297],[-103.04797,44.09714],[-103.09083,44.09633],[-103.09297,44.08684],[-103.09081,44.08196],[-103.11088,44.08205],[-103.11085,44.0893],[-103.13093,44.08932],[-103.13095,44.09296],[-103.14123,44.093],[-103.14127,44.1022],[-103.15132,44.09847],[-103.15131,44.11115]]]}},{"type":"Feature","id":"57738","properties":{"zip":"57738","pop":null,"city":"","county":"Custer","state":"South Dakota","area":134.39,"lat":43.66282,"lon":-103.1303},"geometry":{"type":"Polygon","coordinates":[[[-103.34109,43.65123],[-103.33901,43.65123],[-103.3388,43.731],[-103.32949,43.73115],[-103.32769,43.72943],[-103.30683,43.73544],[-103.30433,43.73345],[-103.29985,43.73355],[-103.30086,43.7314],[-103.2942,43.73073],[-103.29509,43.72836],[-103.28992,43.72053],[-103.27976,43.71983],[-103.27541,43.72206],[-103.27563,43.72073],[-103.26541,43.71998],[-103.25933,43.71653],[-103.25904,43.72377],[-103.2033,43.72375],[-103.19649,43.73835],[-102.97885,43.73817],[-102.97963,43.69563],[-102.92042,43.69434],[-102.91806,43.66214],[-102.91969,43.65996],[-102.91809,43.6566],[-102.92419,43.65068],[-102.92087,43.64445],[-102.92226,43.63984],[-102.92981,43.63642],[-102.93273,43.63092],[-102.92715,43.62684],[-102.93257,43.61871],[-102.9467,43.61721],[-102.95829,43.61353],[-102.96358,43.6163],[-102.97679,43.61852],[-102.98147,43.61129],[-102.98485,43.61008],[-102.98951,43.61178],[-102.99325,43.61073],[-102.99607,43.60719],[-103.00424,43.60551],[-103.01166,43.59595],[-103.0244,43.58568],[-103.04615,43.58451],[-103.04897,43.58014],[-103.18404,43.57832],[-103.18417,43.56399],[-103.20403,43.56404],[-103.20395,43.57805],[-103.22216,43.57854],[-103.22216,43.62273],[-103.29708,43.62329],[-103.2987,43.60724],[-103.30209,43.60775],[-103.30213,43.61483],[-103.30504,43.61483],[-103.30518,43.6182],[-103.31122,43.62339],[-103.31197,43.62497],[-103.30901,43.6281],[-103.31556,43.63157],[-103.31455,43.63448],[-103.31774,43.63484],[-103.32295,43.6313],[-103.32453,43.63437],[-103.32954,43.63383],[-103.33318,43.63675],[-103.33802,43.63708],[-103.34104,43.63936],[-103.34109,43.65123]]]}},{"type":"Feature","id":"57717","properties":{"zip":"57717","pop":null,"city":"","county":"Butte","state":"South Dakota","area":974.53,"lat":44.96665,"lon":-103.92404},"geometry":{"type":"Polygon","coordinates":[[[-104.39257,44.91861],[-104.3828,44.92037],[-104.38403,44.92415],[-104.3816,44.92443],[-104.37825,44.92994],[-104.37071,44.92473],[-104.36781,44.92551],[-104.37105,44.93128],[-104.36421,44.93639],[-104.36733,44.93856],[-104.36576,44.94196],[-104.35847,44.94417],[-104.34648,44.94393],[-104.34153,44.94968],[-104.34258,44.95359],[-104.32767,44.962],[-104.34471,44.98507],[-104.36622,44.9983],[-104.07346,44.99768],[-104.07915,45.00434],[-104.0807,45.01099],[-104.0735,45.00941],[-104.07147,45.01783],[-104.08066,45.02373],[-104.08263,45.02777],[-104.11556,45.03794],[-104.13262,45.04774],[-104.14465,45.04969],[-104.15497,45.05381],[-104.17055,45.05523],[-104.18348,45.06225],[-104.19487,45.06491],[-104.20023,45.07014],[-104.2002,45.07652],[-104.19755,45.08027],[-104.20376,45.08296],[-104.21454,45.08305],[-104.21737,45.08973],[-104.23844,45.09419],[-104.24847,45.09898],[-104.25649,45.10582],[-104.26034,45.11074],[-104.26285,45.12507],[-104.26792,45.13006],[-104.26917,45.13553],[-104.29018,45.14706],[-104.29857,45.15915],[-104.30211,45.15943],[-104.2885,45.17342],[-104.28124,45.18715],[-104.28288,45.19349],[-104.29719,45.19894],[-104.28843,45.20044],[-104.29515,45.20584],[-104.28913,45.20735],[-104.28257,45.20412],[-104.2797,45.20575],[-104.28193,45.20887],[-104.26756,45.21336],[-104.26721,45.21735],[-104.26455,45.21985],[-104.2657,45.22474],[-104.26118,45.22515],[-104.26389,45.22184],[-104.26111,45.22016],[-104.2582,45.22429],[-104.25841,45.22725],[-104.25203,45.23275],[-104.25399,45.23412],[-104.25129,45.23761],[-104.24808,45.22593],[-104.24481,45.22654],[-104.24722,45.22897],[-104.24509,45.23012],[-104.24678,45.23134],[-104.23825,45.23946],[-104.24196,45.24092],[-104.23322,45.2417],[-104.22823,45.24613],[-104.23087,45.24025],[-104.22179,45.2351],[-104.22838,45.24032],[-104.22726,45.24617],[-104.21623,45.2469],[-104.21206,45.25439],[-104.20587,45.25409],[-104.19779,45.25655],[-104.19493,45.25532],[-104.19425,45.25818],[-104.18729,45.25789],[-104.18708,45.26093],[-104.18162,45.26181],[-104.18241,45.26413],[-104.18582,45.26458],[-104.18286,45.26796],[-104.17741,45.26182],[-104.17366,45.263],[-104.1693,45.26119],[-104.16831,45.26482],[-104.17379,45.26618],[-104.17135,45.26958],[-104.1685,45.27161],[-104.15725,45.27183],[-104.1529,45.27478],[-104.14031,45.26848],[-104.13166,45.26681],[-104.12336,45.25444],[-104.12505,45.25108],[-104.1005,45.23576],[-104.11689,45.23539],[-104.1233,45.22846],[-104.10479,45.22422],[-104.1068,45.22163],[-104.10592,45.21912],[-104.09595,45.21178],[-104.09669,45.20348],[-104.09494,45.20044],[-104.09672,45.19875],[-104.1071,45.20094],[-104.11399,45.19554],[-104.10069,45.18926],[-104.09793,45.18414],[-104.09822,45.17947],[-104.07572,45.16931],[-104.07256,45.16272],[-104.06765,45.15861],[-104.04942,45.15763],[-104.04003,45.15482],[-104.04064,45.43326],[-104.01762,45.43249],[-104.01752,45.40129],[-104.01482,45.39502],[-104.0014,45.38745],[-103.97768,45.38565],[-103.97642,45.35768],[-103.91173,45.3576],[-103.90975,45.35364],[-103.89819,45.35131],[-103.86291,45.32919],[-103.82105,45.32343],[-103.81341,45.32471],[-103.81353,45.28453],[-103.8102,45.27251],[-103.78849,45.25549],[-103.78264,45.23801],[-103.78172,45.22366],[-103.77507,45.21318],[-103.54866,45.21296],[-103.54869,45.02282],[-103.55018,45.01814],[-103.58551,44.95662],[-103.65015,44.92797],[-103.6514,44.9014],[-103.64949,44.86566],[-103.67858,44.86873],[-103.69131,44.86558],[-103.71152,44.86548],[-103.71192,44.76898],[-103.71368,44.76821],[-103.70885,44.76167],[-103.71254,44.75806],[-103.71177,44.75567],[-103.69952,44.75529],[-103.69946,44.75695],[-103.69022,44.75664],[-103.68814,44.75874],[-103.68474,44.7516],[-103.6804,44.74862],[-103.67766,44.74805],[-103.67974,44.74893],[-103.67908,44.75199],[-103.6702,44.74471],[-103.67674,44.72976],[-103.67612,44.72645],[-103.6642,44.71838],[-103.66415,44.70649],[-103.65883,44.7065],[-103.65897,44.69167],[-103.66428,44.69167],[-103.66427,44.68965],[-103.63915,44.68836],[-103.63924,44.66278],[-103.60861,44.66266],[-103.60855,44.65499],[-103.59792,44.65503],[-103.59789,44.65148],[-103.58784,44.65152],[-103.58788,44.6043],[-103.77534,44.6047],[-103.78154,44.60945],[-103.7847,44.60894],[-103.78538,44.6104],[-103.78617,44.60857],[-103.78929,44.61211],[-103.79121,44.61088],[-103.81682,44.61707],[-103.8165,44.61424],[-103.8241,44.62083],[-103.82148,44.6153],[-103.82633,44.6048],[-103.8312,44.59969],[-103.82952,44.59608],[-103.82932,44.54685],[-103.85944,44.54687],[-103.86076,44.53952],[-103.8758,44.54332],[-103.88541,44.56178],[-103.88201,44.5637],[-103.88818,44.5658],[-103.88777,44.56777],[-103.88956,44.56754],[-103.89086,44.57115],[-103.88753,44.57575],[-103.85984,44.57599],[-103.86141,44.59],[-103.86338,44.58651],[-103.86752,44.58791],[-103.86668,44.58895],[-103.86996,44.59188],[-103.8782,44.58862],[-103.88373,44.59064],[-103.88554,44.58917],[-103.89033,44.59053],[-103.89065,44.59534],[-103.89422,44.59396],[-103.89342,44.597],[-103.89843,44.59647],[-103.89645,44.59544],[-103.89781,44.59415],[-103.90311,44.59482],[-103.90739,44.59277],[-103.9048,44.59273],[-103.90444,44.5903],[-103.90791,44.58822],[-103.90683,44.58744],[-103.91013,44.58694],[-103.91184,44.5892],[-103.91456,44.58838],[-103.91603,44.59],[-103.91619,44.58847],[-103.91827,44.58923],[-103.91802,44.58669],[-103.92051,44.58411],[-103.924,44.58683],[-103.92819,44.58315],[-103.93117,44.58529],[-103.93125,44.60451],[-104.01185,44.60427],[-104.01199,44.58303],[-104.05582,44.58162],[-104.0559,44.69123],[-104.08073,44.68454],[-104.08575,44.68477],[-104.0858,44.68123],[-104.07691,44.67783],[-104.07847,44.67132],[-104.09477,44.66808],[-104.08697,44.66116],[-104.08381,44.65614],[-104.08423,44.65416],[-104.08923,44.6603],[-104.09926,44.65973],[-104.10297,44.66121],[-104.12113,44.65774],[-104.12223,44.65651],[-104.1188,44.65413],[-104.11922,44.65266],[-104.1265,44.65073],[-104.14768,44.6532],[-104.1536,44.65617],[-104.14176,44.66701],[-104.14088,44.67094],[-104.14999,44.67641],[-104.1539,44.67673],[-104.15418,44.68126],[-104.16072,44.68409],[-104.16254,44.68699],[-104.15976,44.68856],[-104.15938,44.69134],[-104.15584,44.69088],[-104.15472,44.68796],[-104.15389,44.69843],[-104.14928,44.71012],[-104.13687,44.70554],[-104.12309,44.70502],[-104.11393,44.70246],[-104.1082,44.70331],[-104.11082,44.70833],[-104.11076,44.715],[-104.10076,44.71615],[-104.09948,44.72065],[-104.0865,44.72436],[-104.0879,44.72598],[-104.08647,44.72867],[-104.09768,44.73139],[-104.10258,44.73771],[-104.11038,44.74166],[-104.11105,44.7456],[-104.12311,44.7449],[-104.12138,44.73333],[-104.12724,44.73206],[-104.12564,44.73434],[-104.12901,44.7385],[-104.12759,44.73833],[-104.12648,44.74571],[-104.12811,44.74681],[-104.12569,44.74828],[-104.12698,44.74928],[-104.11446,44.75126],[-104.1148,44.75249],[-104.13713,44.75231],[-104.14332,44.76272],[-104.15132,44.76736],[-104.15192,44.78492],[-104.15418,44.78612],[-104.15509,44.7912],[-104.16111,44.7906],[-104.1662,44.79508],[-104.16916,44.79231],[-104.17184,44.79512],[-104.16921,44.79758],[-104.17273,44.79963],[-104.17896,44.79899],[-104.17939,44.80387],[-104.18232,44.80393],[-104.18777,44.80011],[-104.19216,44.80242],[-104.19224,44.80428],[-104.19467,44.80443],[-104.19394,44.80143],[-104.19846,44.80063],[-104.2063,44.80448],[-104.20688,44.80686],[-104.19812,44.80978],[-104.19605,44.81326],[-104.19634,44.81754],[-104.21115,44.82055],[-104.21259,44.82402],[-104.21106,44.82959],[-104.21948,44.82662],[-104.22546,44.8268],[-104.23291,44.83334],[-104.24384,44.83894],[-104.24075,44.84274],[-104.24131,44.84641],[-104.23195,44.85394],[-104.24148,44.85734],[-104.24526,44.86571],[-104.24333,44.86691],[-104.2369,44.86541],[-104.23175,44.86783],[-104.23255,44.87499],[-104.23704,44.87596],[-104.24298,44.87029],[-104.2445,44.87425],[-104.24983,44.87363],[-104.25428,44.87633],[-104.27516,44.86662],[-104.28921,44.86648],[-104.29363,44.8682],[-104.31168,44.86612],[-104.31728,44.86903],[-104.32726,44.8666],[-104.3343,44.86233],[-104.33276,44.86612],[-104.33289,44.88077],[-104.37466,44.88061],[-104.37541,44.88499],[-104.36963,44.88887],[-104.38206,44.89613],[-104.38823,44.89767],[-104.3866,44.90079],[-104.38765,44.91047],[-104.38317,44.91517],[-104.3889,44.91527],[-104.39257,44.91861]]]}},{"type":"Feature","id":"57761","properties":{"zip":"57761","pop":null,"city":"","county":"Meade","state":"South Dakota","area":317.2,"lat":44.21853,"lon":-102.75944},"geometry":{"type":"Polygon","coordinates":[[[-102.96965,44.15156],[-102.96961,44.24195],[-102.82948,44.24106],[-102.82901,44.32712],[-102.83521,44.33713],[-102.83836,44.35376],[-102.8434,44.35879],[-102.84345,44.37283],[-102.86365,44.3728],[-102.86358,44.38725],[-102.84343,44.38724],[-102.84322,44.39355],[-102.841,44.39451],[-102.82564,44.3945],[-102.81623,44.39962],[-102.80928,44.39843],[-102.80833,44.40518],[-102.81078,44.40792],[-102.81368,44.40671],[-102.81467,44.41014],[-102.82204,44.40335],[-102.82325,44.40687],[-102.83199,44.4095],[-102.83017,44.41169],[-102.82634,44.41051],[-102.8206,44.41227],[-102.82086,44.41679],[-102.82861,44.42084],[-102.82156,44.42623],[-102.82348,44.4277],[-102.82833,44.42543],[-102.83152,44.42715],[-102.83206,44.43275],[-102.83525,44.43224],[-102.83748,44.43535],[-102.83244,44.43844],[-102.83522,44.44059],[-102.83468,44.44246],[-102.83946,44.44027],[-102.84202,44.44125],[-102.84349,44.44369],[-102.84275,44.45019],[-102.84658,44.44998],[-102.84719,44.45224],[-102.84949,44.45247],[-102.85517,44.44996],[-102.85849,44.45306],[-102.85122,44.45844],[-102.85674,44.4591],[-102.86098,44.46111],[-102.86121,44.4631],[-102.85441,44.46289],[-102.85186,44.46769],[-102.85477,44.46925],[-102.85419,44.47213],[-102.85678,44.47359],[-102.85994,44.46927],[-102.8669,44.47272],[-102.86004,44.47727],[-102.86068,44.47873],[-102.8678,44.47948],[-102.86831,44.48314],[-102.86158,44.48356],[-102.86481,44.48835],[-102.86155,44.49121],[-102.86321,44.49322],[-102.87075,44.49201],[-102.87222,44.49349],[-102.87143,44.49759],[-102.87353,44.49825],[-102.87634,44.49678],[-102.88439,44.4977],[-102.885,44.49999],[-102.87749,44.50072],[-102.88158,44.50461],[-102.87729,44.50792],[-102.87755,44.50939],[-102.88499,44.50912],[-102.88678,44.51113],[-102.88318,44.5131],[-102.88805,44.51513],[-102.88605,44.51792],[-102.82399,44.51772],[-102.82376,44.48767],[-102.8152,44.47867],[-102.81375,44.46253],[-102.79475,44.45949],[-102.72398,44.45945],[-102.72266,44.44708],[-102.71902,44.44497],[-102.64755,44.44501],[-102.63723,44.44327],[-102.62278,44.44489],[-102.62195,44.41647],[-102.60195,44.41532],[-102.60152,44.39943],[-102.59319,44.39806],[-102.58925,44.38994],[-102.58466,44.38774],[-102.58052,44.38202],[-102.56922,44.37307],[-102.56566,44.37232],[-102.56619,44.36441],[-102.56343,44.35998],[-102.5631,44.35091],[-102.54648,44.34001],[-102.54526,44.3321],[-102.53807,44.32504],[-102.53775,44.31355],[-102.54759,44.31332],[-102.5481,44.28432],[-102.59898,44.2844],[-102.5986,44.26261],[-102.59392,44.25913],[-102.59352,44.25543],[-102.58778,44.25172],[-102.58793,44.2483],[-102.61023,44.25171],[-102.61255,44.2495],[-102.60768,44.24786],[-102.61057,44.24603],[-102.61051,44.244],[-102.61346,44.24278],[-102.61706,44.24797],[-102.62005,44.24706],[-102.62285,44.24925],[-102.62631,44.24909],[-102.62857,44.24694],[-102.62509,44.24603],[-102.6251,44.24218],[-102.63121,44.24353],[-102.63281,44.24214],[-102.63621,44.24287],[-102.63725,44.24772],[-102.64204,44.2502],[-102.6467,44.24846],[-102.64819,44.24956],[-102.64721,44.25448],[-102.655,44.25766],[-102.66126,44.25375],[-102.66056,44.24693],[-102.66285,44.24654],[-102.6688,44.25091],[-102.66858,44.14036],[-102.62842,44.14024],[-102.62843,44.1068],[-102.65193,44.10354],[-102.66867,44.10359],[-102.66869,44.09616],[-102.64859,44.09618],[-102.64861,44.0822],[-102.66869,44.08211],[-102.66824,44.06056],[-102.64689,44.06057],[-102.64672,44.05411],[-102.6387,44.05412],[-102.63867,44.04712],[-102.64647,44.04711],[-102.64645,44.04353],[-102.63117,44.0369],[-102.6239,44.03146],[-102.62327,44.02006],[-102.58057,43.99712],[-102.58062,43.99458],[-102.61796,43.99283],[-102.62153,43.99471],[-102.70269,43.99465],[-102.69863,43.99014],[-102.69846,43.98181],[-102.71105,43.9832],[-102.71836,43.97877],[-102.71941,43.98018],[-102.72485,43.97881],[-102.72628,43.9768],[-102.7422,43.97785],[-102.74859,43.97649],[-102.75335,43.96983],[-102.75757,43.96815],[-102.7573,43.95887],[-102.76138,43.95157],[-102.76431,43.95175],[-102.7661,43.95502],[-102.77879,43.95529],[-102.77889,43.99459],[-102.897,43.99475],[-102.899,43.99004],[-102.89908,43.97679],[-102.91414,43.97709],[-102.91417,43.9843],[-102.90956,43.98435],[-102.90951,43.98796],[-102.9191,43.98805],[-102.91905,43.99459],[-102.92905,43.99461],[-102.92904,44.02366],[-102.90986,44.02364],[-102.91025,44.07485],[-102.82921,44.07447],[-102.8292,44.07826],[-102.83179,44.08144],[-102.89965,44.08154],[-102.92974,44.0912],[-102.92978,44.09921],[-102.89462,44.0943],[-102.89599,44.09572],[-102.89344,44.09656],[-102.89776,44.09888],[-102.89673,44.10388],[-102.91225,44.11001],[-102.92978,44.11088],[-102.93009,44.12535],[-102.9191,44.12541],[-102.9191,44.13228],[-102.92982,44.13228],[-102.92976,44.14057],[-102.96992,44.14063],[-102.96965,44.15156]]]}},{"type":"Feature","id":"57022","properties":{"zip":"57022","pop":null,"city":"","county":"Minnehaha","state":"South Dakota","area":102.52,"lat":43.85083,"lon":-96.73272},"geometry":{"type":"Polygon","coordinates":[[[-96.92919,43.86505],[-96.92559,43.8753],[-96.91873,43.88055],[-96.89637,43.87825],[-96.88859,43.87425],[-96.88878,43.89182],[-96.86887,43.89183],[-96.86876,43.87732],[-96.8285,43.87734],[-96.82865,43.89184],[-96.80864,43.89187],[-96.80872,43.90637],[-96.78876,43.90632],[-96.78877,43.92823],[-96.78395,43.92815],[-96.78399,43.92438],[-96.77863,43.92435],[-96.77869,43.92818],[-96.7687,43.92814],[-96.76872,43.93535],[-96.75846,43.93532],[-96.75835,43.97893],[-96.7288,43.97884],[-96.72837,43.96437],[-96.70825,43.96416],[-96.70837,43.94972],[-96.64847,43.94973],[-96.64829,43.93521],[-96.70842,43.93528],[-96.70825,43.92076],[-96.68828,43.92084],[-96.68812,43.90633],[-96.66813,43.9064],[-96.66807,43.89172],[-96.64809,43.8917],[-96.64804,43.88409],[-96.60729,43.88414],[-96.60753,43.8625],[-96.58741,43.8625],[-96.58759,43.84801],[-96.55202,43.84775],[-96.55196,43.8259],[-96.56191,43.82608],[-96.56217,43.78283],[-96.59186,43.78284],[-96.59184,43.79003],[-96.63381,43.79261],[-96.65895,43.78998],[-96.65995,43.77566],[-96.67092,43.77534],[-96.67125,43.76131],[-96.71138,43.76116],[-96.70988,43.78989],[-96.73043,43.79015],[-96.73628,43.76619],[-96.74627,43.76463],[-96.74621,43.76149],[-96.75128,43.76115],[-96.75108,43.77612],[-96.77116,43.77562],[-96.77116,43.77869],[-96.78144,43.77869],[-96.78139,43.78271],[-96.79118,43.78277],[-96.79115,43.79005],[-96.83132,43.79001],[-96.83127,43.78359],[-96.84094,43.78374],[-96.84137,43.79004],[-96.85948,43.79006],[-96.86501,43.78195],[-96.8625,43.78218],[-96.86205,43.78008],[-96.86677,43.77812],[-96.86471,43.77552],[-96.87144,43.77553],[-96.87157,43.80461],[-96.88138,43.80467],[-96.88133,43.81194],[-96.87163,43.81189],[-96.87125,43.83374],[-96.89048,43.83376],[-96.89022,43.84836],[-96.92883,43.84835],[-96.92919,43.86505]]]}},{"type":"Feature","id":"57029","properties":{"zip":"57029","pop":null,"city":"","county":"Hutchinson","state":"South Dakota","area":138.87,"lat":43.33694,"lon":-97.47932},"geometry":{"type":"Polygon","coordinates":[[[-97.70211,43.39798],[-97.69548,43.40031],[-97.67874,43.40064],[-97.67874,43.40796],[-97.69887,43.40818],[-97.69879,43.41479],[-97.68433,43.41499],[-97.68462,43.42074],[-97.68964,43.42095],[-97.68966,43.42493],[-97.69898,43.42526],[-97.69902,43.42915],[-97.63845,43.42918],[-97.63831,43.44369],[-97.59962,43.44379],[-97.59955,43.42925],[-97.57976,43.42899],[-97.58003,43.45817],[-97.56001,43.45806],[-97.55997,43.44375],[-97.44088,43.44403],[-97.44075,43.42952],[-97.42092,43.4296],[-97.42084,43.40086],[-97.40089,43.40084],[-97.40085,43.38626],[-97.37932,43.38628],[-97.37922,43.35741],[-97.31982,43.35754],[-97.31981,43.32842],[-97.33949,43.32832],[-97.33936,43.31394],[-97.3196,43.31401],[-97.31959,43.29954],[-97.33921,43.29946],[-97.33887,43.25625],[-97.309,43.25614],[-97.30887,43.24202],[-97.29918,43.24193],[-97.29902,43.22743],[-97.3188,43.22757],[-97.31857,43.19858],[-97.41912,43.19821],[-97.41921,43.21269],[-97.43904,43.21264],[-97.43912,43.22711],[-97.45897,43.22711],[-97.459,43.24151],[-97.47872,43.24144],[-97.4787,43.25587],[-97.53901,43.25578],[-97.53918,43.27028],[-97.51905,43.27024],[-97.51961,43.30591],[-97.53946,43.30589],[-97.53959,43.31358],[-97.59918,43.31349],[-97.59959,43.32811],[-97.61545,43.32787],[-97.61565,43.33372],[-97.61894,43.34097],[-97.63115,43.35458],[-97.64336,43.36224],[-97.68382,43.37681],[-97.6896,43.38038],[-97.69676,43.38973],[-97.69952,43.38969],[-97.69966,43.39426],[-97.70211,43.39798]]]}},{"type":"Feature","id":"57435","properties":{"zip":"57435","pop":null,"city":"","county":"Faulk","state":"South Dakota","area":103.78,"lat":45.16919,"lon":-98.90975},"geometry":{"type":"Polygon","coordinates":[[[-99.02894,45.24651],[-99.03101,45.25026],[-99.03093,45.25949],[-99.01037,45.26243],[-99.01023,45.2884],[-98.98968,45.28841],[-98.98963,45.30291],[-98.86606,45.30272],[-98.86577,45.33157],[-98.84519,45.33159],[-98.84583,45.24471],[-98.8567,45.24469],[-98.85682,45.23018],[-98.83644,45.23016],[-98.83666,45.20121],[-98.85732,45.20125],[-98.85782,45.1578],[-98.8372,45.15775],[-98.83743,45.14324],[-98.82004,45.14325],[-98.81932,45.07071],[-98.80926,45.07066],[-98.8087,45.05649],[-98.79867,45.05629],[-98.79838,45.02733],[-98.83813,45.02737],[-98.8381,45.0129],[-98.91988,45.013],[-98.91994,45.02749],[-98.94025,45.02749],[-98.94018,45.07091],[-98.96067,45.07091],[-98.96029,45.17249],[-98.98086,45.17249],[-98.98085,45.15798],[-99.00134,45.15799],[-99.00124,45.17134],[-99.02168,45.1725],[-99.02091,45.24014],[-99.02589,45.24499],[-99.03117,45.24503],[-99.02894,45.24651]]]}},{"type":"Feature","id":"57437","properties":{"zip":"57437","pop":null,"city":"","county":"McPherson","state":"South Dakota","area":375.62,"lat":45.78372,"lon":-99.61808},"geometry":{"type":"Polygon","coordinates":[[[-99.96558,45.8979],[-99.94445,45.89792],[-99.94443,45.9269],[-99.92363,45.9269],[-99.92362,45.94175],[-99.53159,45.94067],[-99.53178,45.91199],[-99.46951,45.91187],[-99.46937,45.90089],[-99.46772,45.89804],[-99.46949,45.89557],[-99.46944,45.86839],[-99.38657,45.86845],[-99.38657,45.88295],[-99.30458,45.88271],[-99.30438,45.83456],[-99.29236,45.83486],[-99.28376,45.83015],[-99.28351,45.81057],[-99.26303,45.81023],[-99.26294,45.7523],[-99.24227,45.75204],[-99.24221,45.70861],[-99.28356,45.70883],[-99.28357,45.70043],[-99.28645,45.70043],[-99.28655,45.69429],[-99.29457,45.69432],[-99.29457,45.705],[-99.29934,45.7049],[-99.29933,45.72328],[-99.34487,45.72339],[-99.34495,45.70878],[-99.36581,45.70889],[-99.36583,45.75235],[-99.42793,45.75238],[-99.42814,45.72344],[-99.4486,45.72346],[-99.44855,45.69446],[-99.42762,45.69446],[-99.42751,45.70193],[-99.40685,45.70182],[-99.40722,45.66531],[-99.49024,45.66549],[-99.4902,45.66179],[-99.49538,45.66179],[-99.49538,45.65854],[-99.5109,45.65854],[-99.51089,45.65103],[-99.52148,45.65105],[-99.52127,45.63686],[-99.55225,45.63664],[-99.5522,45.59317],[-99.71747,45.59343],[-99.71755,45.62235],[-99.73823,45.62228],[-99.73834,45.63677],[-99.80027,45.63678],[-99.80038,45.66578],[-99.85532,45.66561],[-99.85541,45.67413],[-99.86196,45.6745],[-99.86207,45.65839],[-99.87233,45.65824],[-99.87216,45.68039],[-99.88255,45.68043],[-99.88243,45.72384],[-99.90307,45.7239],[-99.90306,45.7675],[-99.88236,45.76745],[-99.88241,45.78978],[-99.87171,45.78977],[-99.8717,45.79633],[-99.86148,45.79626],[-99.86132,45.80637],[-99.85105,45.80636],[-99.85112,45.81104],[-99.84079,45.81089],[-99.84066,45.85472],[-99.86102,45.85459],[-99.86126,45.87499],[-99.88201,45.86864],[-99.88193,45.88341],[-99.96553,45.88341],[-99.96558,45.8979]]]}},{"type":"Feature","id":"57262","properties":{"zip":"57262","pop":null,"city":"Long Hollow","county":"Roberts","state":"South Dakota","area":243.24,"lat":45.67292,"lon":-97.06644},"geometry":{"type":"Polygon","coordinates":[[[-97.35096,45.68157],[-97.34205,45.68264],[-97.34168,45.68699],[-97.33806,45.68985],[-97.33145,45.6872],[-97.33088,45.71513],[-97.35089,45.71499],[-97.35094,45.73327],[-97.26154,45.73245],[-97.24891,45.73709],[-97.24607,45.74218],[-97.22868,45.74276],[-97.23117,45.74037],[-97.22224,45.74363],[-97.21241,45.75016],[-97.20424,45.76116],[-97.18621,45.76133],[-97.18595,45.74685],[-97.14451,45.74692],[-97.14421,45.73239],[-97.12358,45.73236],[-97.12423,45.81915],[-97.1035,45.81918],[-97.10361,45.83376],[-97.06284,45.83424],[-97.06282,45.84884],[-97.04209,45.84879],[-97.04204,45.83398],[-97.02102,45.8341],[-97.02084,45.81941],[-96.97939,45.81953],[-96.97934,45.80505],[-96.95911,45.80459],[-96.95874,45.79069],[-96.89477,45.79054],[-96.92951,45.74675],[-96.91656,45.7465],[-96.91667,45.76107],[-96.87537,45.76105],[-96.87535,45.77576],[-96.85467,45.7754],[-96.8547,45.79059],[-96.81309,45.78925],[-96.8129,45.73222],[-96.79207,45.73225],[-96.79226,45.68865],[-96.83365,45.68862],[-96.83472,45.66952],[-96.8332,45.65957],[-96.83661,45.6604],[-96.83972,45.67253],[-96.85188,45.68223],[-96.85053,45.68307],[-96.85329,45.68853],[-96.87556,45.68867],[-96.8753,45.67412],[-96.89591,45.67427],[-96.89598,45.61605],[-96.91572,45.61608],[-96.91591,45.61418],[-96.91289,45.61382],[-96.91623,45.61086],[-96.90822,45.61104],[-96.91434,45.60638],[-96.91389,45.60444],[-96.91086,45.6062],[-96.9079,45.60322],[-96.90888,45.60144],[-96.91119,45.60231],[-96.91103,45.59788],[-96.91679,45.59998],[-96.91838,45.59811],[-96.91422,45.5968],[-96.91598,45.59692],[-96.91523,45.59486],[-96.91695,45.59447],[-96.91617,45.59177],[-96.9149,45.59308],[-96.91432,45.59173],[-96.91713,45.5806],[-96.91439,45.5807],[-96.91397,45.57908],[-96.91743,45.57784],[-96.91463,45.5758],[-96.91694,45.57652],[-96.91962,45.5745],[-96.91228,45.57263],[-96.89629,45.57245],[-96.89643,45.55793],[-96.9892,45.55835],[-96.9892,45.5438],[-97.10294,45.54394],[-97.1031,45.51868],[-97.1236,45.51894],[-97.1236,45.51529],[-97.18557,45.51514],[-97.18575,45.48609],[-97.20628,45.48594],[-97.20627,45.47843],[-97.16481,45.47837],[-97.1649,45.47488],[-97.1599,45.47491],[-97.15987,45.4715],[-97.22667,45.47141],[-97.22717,45.64516],[-97.26355,45.64535],[-97.26351,45.65806],[-97.27756,45.66063],[-97.2999,45.66012],[-97.2998,45.65298],[-97.29466,45.65286],[-97.29457,45.64578],[-97.30538,45.64579],[-97.30617,45.66009],[-97.3103,45.66027],[-97.31035,45.66427],[-97.31157,45.66035],[-97.34094,45.65969],[-97.34089,45.66736],[-97.35107,45.66794],[-97.35096,45.68157]]]}},{"type":"Feature","id":"57560","properties":{"zip":"57560","pop":null,"city":"","county":"Mellette","state":"South Dakota","area":123.17,"lat":43.4402,"lon":-101.21214},"geometry":{"type":"Polygon","coordinates":[[[-101.39593,43.3892],[-101.35549,43.38962],[-101.35539,43.46173],[-101.29848,43.46169],[-101.28568,43.45705],[-101.27608,43.46155],[-101.22829,43.46188],[-101.22825,43.58598],[-101.22181,43.58227],[-101.21919,43.57462],[-101.21474,43.57081],[-101.20928,43.57046],[-101.20021,43.57385],[-101.2017,43.56205],[-101.1721,43.56398],[-101.15981,43.57114],[-101.14956,43.57337],[-101.1268,43.57357],[-101.10384,43.57782],[-101.06028,43.57783],[-101.06002,43.51277],[-101.07152,43.51285],[-101.07205,43.49716],[-101.06001,43.49701],[-101.06034,43.47642],[-101.06862,43.47633],[-101.06873,43.46859],[-101.06237,43.46857],[-101.06243,43.46155],[-101.08148,43.46151],[-101.07831,43.45906],[-101.07831,43.44698],[-101.09818,43.4471],[-101.09816,43.42601],[-101.10805,43.42608],[-101.10817,43.41853],[-101.11804,43.41862],[-101.118,43.38914],[-101.22823,43.38918],[-101.22811,43.27583],[-101.23376,43.27594],[-101.23839,43.2735],[-101.2369,43.26487],[-101.24349,43.25426],[-101.25165,43.24888],[-101.26483,43.24977],[-101.27125,43.25461],[-101.26395,43.26161],[-101.26191,43.26631],[-101.26259,43.27086],[-101.25728,43.27633],[-101.26242,43.28017],[-101.27414,43.28378],[-101.28324,43.28118],[-101.2823,43.28445],[-101.27174,43.28871],[-101.27242,43.29518],[-101.2699,43.29778],[-101.27661,43.2995],[-101.28344,43.29647],[-101.29537,43.2956],[-101.29804,43.29629],[-101.30357,43.30403],[-101.30468,43.31541],[-101.29511,43.31462],[-101.29166,43.31686],[-101.28935,43.32213],[-101.29657,43.33112],[-101.2955,43.34548],[-101.39496,43.34649],[-101.39593,43.3892]]]}},{"type":"Feature","id":"57269","properties":{"zip":"57269","pop":null,"city":"","county":"Grant","state":"South Dakota","area":66.1,"lat":45.22284,"lon":-96.80168},"geometry":{"type":"Polygon","coordinates":[[[-96.91455,45.15104],[-96.91218,45.16414],[-96.90421,45.16841],[-96.90397,45.23952],[-96.86277,45.23937],[-96.86271,45.2538],[-96.8424,45.25384],[-96.84224,45.26832],[-96.86261,45.26821],[-96.86234,45.32602],[-96.84236,45.32609],[-96.84229,45.31172],[-96.80137,45.31187],[-96.80027,45.32057],[-96.79607,45.31789],[-96.79009,45.31816],[-96.79428,45.32156],[-96.79192,45.32525],[-96.78085,45.3262],[-96.7808,45.3119],[-96.76031,45.31186],[-96.7603,45.32623],[-96.73981,45.32626],[-96.73984,45.25396],[-96.71928,45.25394],[-96.72096,45.22248],[-96.70262,45.22277],[-96.70169,45.14995],[-96.72176,45.14975],[-96.72179,45.13549],[-96.74221,45.13526],[-96.7424,45.1495],[-96.91455,45.15104]]]}},{"type":"Feature","id":"57239","properties":{"zip":"57239","pop":null,"city":"","county":"Day","state":"South Dakota","area":33.15,"lat":45.51221,"lon":-97.3094},"geometry":{"type":"Polygon","coordinates":[[[-97.40915,45.515],[-97.36577,45.51516],[-97.3661,45.52967],[-97.38634,45.5296],[-97.38628,45.54404],[-97.36005,45.54414],[-97.36464,45.55873],[-97.22709,45.55816],[-97.22675,45.46048],[-97.24696,45.46033],[-97.24728,45.47122],[-97.26231,45.47152],[-97.26241,45.47501],[-97.28855,45.47512],[-97.28866,45.48603],[-97.30931,45.48613],[-97.30919,45.47526],[-97.32479,45.47536],[-97.33259,45.47168],[-97.33859,45.47166],[-97.33331,45.45702],[-97.34519,45.45709],[-97.34516,45.47169],[-97.3698,45.47172],[-97.38423,45.46601],[-97.38834,45.46603],[-97.3864,45.46482],[-97.39587,45.46469],[-97.39582,45.47182],[-97.40666,45.47179],[-97.40686,45.51196],[-97.40898,45.5125],[-97.40915,45.515]]]}},{"type":"Feature","id":"57033","properties":{"zip":"57033","pop":null,"city":"Hartford","county":"Minnehaha","state":"South Dakota","area":88.35,"lat":43.61613,"lon":-96.96037},"geometry":{"type":"Polygon","coordinates":[[[-97.06953,43.60162],[-97.02958,43.60165],[-97.02966,43.6162],[-97.00971,43.61621],[-97.00981,43.70353],[-97.02994,43.70336],[-97.02995,43.71792],[-97.01995,43.71797],[-97.0198,43.73259],[-97.00976,43.73265],[-97.00975,43.74711],[-96.95074,43.74686],[-96.95058,43.73235],[-96.91063,43.73225],[-96.91055,43.71776],[-96.88385,43.71767],[-96.88621,43.71418],[-96.88487,43.71417],[-96.8829,43.70721],[-96.88366,43.70457],[-96.88749,43.70297],[-96.87109,43.7031],[-96.87106,43.68868],[-96.85113,43.68864],[-96.85114,43.67416],[-96.87103,43.67422],[-96.87098,43.63782],[-96.8808,43.63788],[-96.88086,43.63078],[-96.87514,43.63061],[-96.87485,43.62746],[-96.88037,43.6274],[-96.88131,43.62352],[-96.8709,43.62339],[-96.87085,43.6162],[-96.85095,43.61623],[-96.85088,43.60869],[-96.89075,43.60946],[-96.89051,43.60643],[-96.88073,43.60446],[-96.87645,43.60052],[-96.87319,43.60023],[-96.87359,43.59407],[-96.87512,43.59324],[-96.87318,43.5915],[-96.87721,43.58867],[-96.87676,43.5851],[-96.88089,43.58656],[-96.88231,43.58353],[-96.87882,43.5802],[-96.87735,43.57293],[-96.91052,43.57243],[-96.91043,43.5435],[-96.89036,43.54373],[-96.89033,43.52911],[-96.90097,43.52901],[-96.90094,43.52136],[-96.9103,43.52127],[-96.91028,43.50005],[-96.97018,43.49983],[-96.96998,43.51444],[-96.98989,43.51436],[-96.99,43.49977],[-97.04971,43.4998],[-97.04967,43.5143],[-97.0695,43.51424],[-97.06945,43.52132],[-97.05961,43.52132],[-97.05966,43.52875],[-97.06936,43.52873],[-97.06928,43.54326],[-97.05929,43.5433],[-97.05926,43.55031],[-97.04943,43.55026],[-97.04942,43.58715],[-97.06944,43.58704],[-97.06953,43.60162]]]}},{"type":"Feature","id":"57052","properties":{"zip":"57052","pop":null,"city":"","county":"Hutchinson","state":"South Dakota","area":62.7,"lat":43.29476,"lon":-97.70542},"geometry":{"type":"Polygon","coordinates":[[[-97.81729,43.32863],[-97.79729,43.32866],[-97.79713,43.34215],[-97.73289,43.34274],[-97.73278,43.34995],[-97.71818,43.35023],[-97.71843,43.38709],[-97.70211,43.39798],[-97.69966,43.39426],[-97.69952,43.38969],[-97.69676,43.38973],[-97.6896,43.38038],[-97.68382,43.37681],[-97.64336,43.36224],[-97.63115,43.35458],[-97.61894,43.34097],[-97.61565,43.33372],[-97.61545,43.32787],[-97.59959,43.32811],[-97.59932,43.27254],[-97.60163,43.27025],[-97.59103,43.26942],[-97.61416,43.26326],[-97.62496,43.25605],[-97.63619,43.25575],[-97.63957,43.2585],[-97.64363,43.25721],[-97.64726,43.25377],[-97.64502,43.25043],[-97.65118,43.24328],[-97.65819,43.24118],[-97.65941,43.24233],[-97.65766,43.24655],[-97.65988,43.24679],[-97.66981,43.23629],[-97.67492,43.23408],[-97.67205,43.22292],[-97.677,43.22335],[-97.67975,43.22024],[-97.67729,43.21096],[-97.67021,43.19877],[-97.67354,43.1977],[-97.69661,43.19801],[-97.69643,43.22703],[-97.68282,43.22639],[-97.68253,43.23004],[-97.68711,43.23015],[-97.68713,43.23418],[-97.70684,43.23468],[-97.70713,43.24164],[-97.73785,43.24177],[-97.73724,43.21701],[-97.73546,43.2144],[-97.73708,43.21286],[-97.79539,43.21264],[-97.79705,43.31421],[-97.81708,43.31413],[-97.81729,43.32863]]]}},{"type":"Feature","id":"57782","properties":{"zip":"57782","pop":null,"city":"Smithwick","county":"Fall River","state":"South Dakota","area":37.28,"lat":43.25179,"lon":-103.18425},"geometry":{"type":"Polygon","coordinates":[[[-103.25973,43.2521],[-103.25738,43.25482],[-103.24564,43.26008],[-103.23404,43.27426],[-103.22397,43.29432],[-103.22238,43.2998],[-103.22545,43.2998],[-103.22543,43.30352],[-103.22371,43.30351],[-103.22346,43.36146],[-103.18418,43.36149],[-103.18418,43.33239],[-103.21333,43.33249],[-103.21369,43.31777],[-103.20383,43.31787],[-103.20394,43.30349],[-103.18758,43.30291],[-103.18119,43.29817],[-103.16958,43.29762],[-103.1591,43.28985],[-103.13758,43.28648],[-103.13506,43.27818],[-103.12805,43.27536],[-103.12862,43.27226],[-103.12658,43.27185],[-103.12408,43.26747],[-103.11974,43.26854],[-103.11837,43.26476],[-103.11514,43.26309],[-103.1163,43.26232],[-103.11476,43.25794],[-103.11689,43.25693],[-103.11937,43.25836],[-103.11821,43.25406],[-103.11253,43.25359],[-103.10731,43.24959],[-103.1077,43.24561],[-103.1035,43.24041],[-103.11115,43.24005],[-103.11069,43.23564],[-103.10519,43.23062],[-103.10761,43.22492],[-103.10392,43.22391],[-103.104,43.22224],[-103.0982,43.22169],[-103.09635,43.21564],[-103.09321,43.21507],[-103.12973,43.217],[-103.12988,43.18753],[-103.23088,43.18767],[-103.23442,43.20058],[-103.24826,43.23287],[-103.25973,43.2521]]]}},{"type":"Feature","id":"57538","properties":{"zip":"57538","pop":null,"city":"","county":"Gregory","state":"South Dakota","area":89.94,"lat":43.12158,"lon":-99.15552},"geometry":{"type":"Polygon","coordinates":[[[-99.26004,43.18348],[-99.19835,43.1837],[-99.19819,43.19088],[-99.19426,43.19085],[-99.19238,43.19441],[-99.18447,43.19429],[-99.18264,43.19789],[-99.17852,43.19787],[-99.17857,43.20663],[-99.18113,43.2098],[-99.18265,43.22445],[-99.17925,43.22615],[-99.1718,43.22349],[-99.17343,43.22123],[-99.17205,43.22066],[-99.16504,43.22207],[-99.16135,43.21899],[-99.15929,43.22088],[-99.15682,43.22031],[-99.15742,43.21612],[-99.15382,43.21457],[-99.15304,43.21299],[-99.15548,43.21253],[-99.15067,43.20864],[-99.14538,43.20775],[-99.14491,43.20999],[-99.13959,43.21225],[-99.13875,43.21031],[-99.13209,43.21024],[-99.13322,43.20806],[-99.12934,43.206],[-99.12691,43.1999],[-99.11952,43.1998],[-99.12409,43.20196],[-99.1239,43.20469],[-99.11994,43.2062],[-99.12499,43.21374],[-99.12237,43.21589],[-99.12348,43.22076],[-99.12003,43.22664],[-99.12212,43.23016],[-99.11956,43.23229],[-99.11938,43.26056],[-99.10847,43.26139],[-99.10915,43.26613],[-99.09693,43.26871],[-99.08937,43.26656],[-99.08091,43.26682],[-99.0727,43.26311],[-99.07039,43.26591],[-99.07041,43.26957],[-99.07534,43.27459],[-99.06715,43.27441],[-99.06494,43.28162],[-99.0604,43.28053],[-99.06044,43.13957],[-99.07042,43.13952],[-99.07061,43.12576],[-99.09986,43.12563],[-99.09995,43.0861],[-99.11969,43.09622],[-99.11961,43.0778],[-99.09991,43.0777],[-99.09989,43.05322],[-99.11002,43.0531],[-99.11045,43.03927],[-99.1188,43.03933],[-99.11879,43.02448],[-99.09985,43.02447],[-99.09842,42.99829],[-99.25705,42.99817],[-99.25711,43.0244],[-99.23831,43.02444],[-99.23743,43.0389],[-99.21774,43.03965],[-99.21779,43.05336],[-99.23745,43.05333],[-99.23746,43.07471],[-99.24699,43.07485],[-99.24712,43.10364],[-99.25732,43.10363],[-99.25735,43.11124],[-99.23762,43.11123],[-99.23771,43.12571],[-99.21793,43.12574],[-99.21796,43.13339],[-99.23962,43.14011],[-99.25753,43.15042],[-99.25792,43.17361],[-99.25283,43.17521],[-99.25643,43.17744],[-99.26004,43.18348]]]}},{"type":"Feature","id":"57442","properties":{"zip":"57442","pop":null,"city":"","county":"Potter","state":"South Dakota","area":452.58,"lat":45.05719,"lon":-100.14996},"geometry":{"type":"Polygon","coordinates":[[[-100.51558,45.21059],[-100.33854,45.21068],[-100.33394,45.20402],[-100.32101,45.20617],[-100.31872,45.2015],[-100.31351,45.2013],[-100.31157,45.19906],[-100.31135,45.20203],[-100.31358,45.20335],[-100.30488,45.20377],[-100.3063,45.2081],[-100.29114,45.20222],[-100.28817,45.20628],[-100.29309,45.20874],[-100.2924,45.21138],[-100.26768,45.21257],[-100.2582,45.23283],[-100.25729,45.23854],[-100.26022,45.24681],[-100.05838,45.24647],[-100.05843,45.24056],[-100.04233,45.22362],[-100.0347,45.21188],[-99.99072,45.15842],[-99.85756,45.15882],[-99.85768,45.14427],[-99.83721,45.14436],[-99.83747,45.07167],[-99.82774,45.07138],[-99.82775,45.05704],[-99.83756,45.05452],[-99.8381,44.95569],[-99.85256,44.95567],[-99.82393,44.89754],[-99.81742,44.89753],[-99.81723,44.88202],[-99.89873,44.88191],[-99.89854,44.89764],[-100.12261,44.89775],[-100.12232,44.85278],[-100.16303,44.85295],[-100.1631,44.86717],[-100.18368,44.86724],[-100.18378,44.89783],[-100.40475,44.89769],[-100.41182,44.91093],[-100.41573,44.92354],[-100.41856,44.94916],[-100.42378,44.97311],[-100.42392,44.99001],[-100.4181,45.00081],[-100.40838,45.01181],[-100.39182,45.02601],[-100.38211,45.0297],[-100.36318,45.0291],[-100.31582,45.01563],[-100.29438,45.01458],[-100.29669,45.02814],[-100.33551,45.06015],[-100.3538,45.06543],[-100.34436,45.05473],[-100.34436,45.05258],[-100.354,45.05265],[-100.3539,45.05727],[-100.36397,45.06184],[-100.36382,45.06815],[-100.41618,45.07194],[-100.47428,45.1004],[-100.50151,45.12512],[-100.51219,45.1287],[-100.51558,45.21059]]]}},{"type":"Feature","id":"57317","properties":{"zip":"57317","pop":null,"city":"","county":"Gregory","state":"South Dakota","area":123.91,"lat":43.13158,"lon":-98.97883},"geometry":{"type":"Polygon","coordinates":[[[-99.09998,43.11826],[-99.09986,43.12563],[-99.07061,43.12576],[-99.07042,43.13952],[-99.06044,43.13957],[-99.0604,43.28053],[-99.04577,43.27909],[-99.04265,43.27499],[-99.03634,43.27229],[-99.03565,43.26992],[-98.99512,43.27021],[-98.98125,43.25894],[-98.95036,43.24885],[-98.90256,43.24762],[-98.88782,43.24321],[-98.88139,43.23568],[-98.87773,43.22664],[-98.87628,43.20851],[-98.87759,43.17998],[-98.87161,43.16594],[-98.86876,43.16201],[-98.86007,43.15642],[-98.8257,43.15236],[-98.82555,43.14145],[-98.85006,43.14201],[-98.86128,43.14629],[-98.86337,43.14276],[-98.86184,43.14334],[-98.86093,43.14027],[-98.8603,43.1359],[-98.86196,43.13268],[-98.86005,43.13025],[-98.86273,43.12655],[-98.85914,43.12355],[-98.86492,43.11941],[-98.86397,43.11595],[-98.8702,43.11462],[-98.87381,43.11048],[-98.89036,43.1029],[-98.88896,43.09633],[-98.89221,43.09295],[-98.90316,43.08943],[-98.90312,43.08234],[-98.92281,43.0822],[-98.92269,43.06787],[-98.90301,43.06788],[-98.90312,42.9983],[-99.06052,42.99832],[-99.06047,43.03899],[-99.08016,43.0389],[-99.08019,43.08232],[-99.09073,43.08287],[-99.09099,43.09132],[-99.09997,43.09146],[-99.09998,43.11826]]]}},{"type":"Feature","id":"57449","properties":{"zip":"57449","pop":null,"city":"","county":"Brown","state":"South Dakota","area":60.41,"lat":45.73102,"lon":-98.17545},"geometry":{"type":"Polygon","coordinates":[[[-98.30414,45.69696],[-98.30049,45.70332],[-98.30026,45.71361],[-98.29257,45.72169],[-98.28164,45.72654],[-98.25915,45.7266],[-98.25907,45.74832],[-98.26426,45.74835],[-98.26437,45.76288],[-98.23348,45.76282],[-98.23336,45.76671],[-98.22807,45.77018],[-98.21743,45.77039],[-98.21749,45.77727],[-98.21389,45.77611],[-98.21131,45.77752],[-98.21101,45.7918],[-98.20716,45.79177],[-98.20716,45.81316],[-98.19742,45.81345],[-98.19714,45.82078],[-98.16564,45.82078],[-98.16567,45.80632],[-98.10351,45.80617],[-98.10357,45.82071],[-98.08266,45.82071],[-98.08267,45.69018],[-98.09318,45.69009],[-98.09334,45.67567],[-98.12438,45.67571],[-98.12442,45.66846],[-98.13454,45.66828],[-98.13458,45.66117],[-98.16573,45.66113],[-98.16588,45.6467],[-98.2073,45.64672],[-98.20719,45.66121],[-98.22829,45.66131],[-98.22824,45.6757],[-98.30036,45.67598],[-98.30014,45.68483],[-98.30081,45.68791],[-98.30407,45.69042],[-98.30414,45.69696]]]}},{"type":"Feature","id":"57279","properties":{"zip":"57279","pop":null,"city":"","county":"Roberts","state":"South Dakota","area":100.32,"lat":45.41817,"lon":-96.8728},"geometry":{"type":"Polygon","coordinates":[[[-97.04147,45.42851],[-97.04118,45.4414],[-97.01963,45.45604],[-97.01469,45.47118],[-96.99995,45.47118],[-96.9999,45.45659],[-96.95867,45.45636],[-96.95852,45.47093],[-96.92442,45.47027],[-96.90277,45.51439],[-96.86162,45.51425],[-96.86163,45.49981],[-96.75155,45.49977],[-96.73274,45.45874],[-96.70201,45.42625],[-96.68618,45.41315],[-96.69873,45.41329],[-96.69861,45.3843],[-96.80086,45.38409],[-96.80096,45.36963],[-96.82157,45.36955],[-96.82169,45.35508],[-96.8422,45.35504],[-96.84226,45.34058],[-96.82179,45.34059],[-96.8218,45.32611],[-96.99295,45.32688],[-96.97994,45.3537],[-96.97969,45.38351],[-97.04131,45.38403],[-97.04147,45.42851]]]}},{"type":"Feature","id":"57255","properties":{"zip":"57255","pop":null,"city":"","county":"Roberts","state":"South Dakota","area":73.59,"lat":45.86704,"lon":-96.94982},"geometry":{"type":"Polygon","coordinates":[[[-97.08402,45.89225],[-97.08207,45.92113],[-97.06128,45.92111],[-97.06128,45.95038],[-97.07491,45.95039],[-97.07521,45.9649],[-97.05486,45.96493],[-97.05095,45.96661],[-97.04702,45.96486],[-97.02087,45.96437],[-97.01936,45.96224],[-97.01942,45.93538],[-96.99848,45.9357],[-96.9986,45.9212],[-96.96659,45.92121],[-96.96667,45.93566],[-96.84397,45.93548],[-96.86512,45.89993],[-96.86557,45.87803],[-96.85488,45.87806],[-96.85489,45.86348],[-96.83425,45.86342],[-96.83429,45.84873],[-96.82606,45.84879],[-96.82698,45.84369],[-96.82541,45.8442],[-96.82583,45.84059],[-96.82116,45.83396],[-96.81846,45.82358],[-96.82885,45.82357],[-96.82925,45.82714],[-96.83406,45.82713],[-96.83398,45.81969],[-96.82887,45.81981],[-96.82886,45.81201],[-96.81947,45.81201],[-96.81858,45.80536],[-96.83369,45.80529],[-96.83372,45.79069],[-96.8547,45.79059],[-96.85467,45.7754],[-96.87535,45.77576],[-96.87537,45.76105],[-96.91667,45.76107],[-96.91656,45.7465],[-96.92951,45.74675],[-96.89477,45.79054],[-96.95874,45.79069],[-96.95911,45.80459],[-96.97934,45.80505],[-96.97939,45.81953],[-97.02084,45.81941],[-97.02102,45.8341],[-97.04204,45.83398],[-97.04209,45.84879],[-97.06282,45.84884],[-97.06316,45.86322],[-97.08429,45.86304],[-97.08402,45.89225]]]}},{"type":"Feature","id":"57362","properties":{"zip":"57362","pop":null,"city":"","county":"Hand","state":"South Dakota","area":333.45,"lat":44.4748,"lon":-99.06446},"geometry":{"type":"Polygon","coordinates":[[[-99.31208,44.67826],[-99.31178,44.72203],[-99.15052,44.72172],[-99.15039,44.73623],[-99.10966,44.73611],[-99.10956,44.75063],[-99.0892,44.75054],[-99.08894,44.77959],[-99.03547,44.77954],[-99.00219,44.75063],[-98.98806,44.75067],[-98.98805,44.76511],[-98.94758,44.76521],[-98.94778,44.73627],[-98.98518,44.73618],[-98.98806,44.73861],[-98.98836,44.6926],[-98.94762,44.69267],[-98.94728,44.68942],[-98.94852,44.54746],[-98.96342,44.54744],[-98.96333,44.51803],[-98.94311,44.51766],[-98.94362,44.48652],[-98.96338,44.48642],[-98.96336,44.45742],[-98.94345,44.45739],[-98.94298,44.41404],[-98.92469,44.41403],[-98.92387,44.39948],[-98.90447,44.39943],[-98.90424,44.32694],[-98.94324,44.32709],[-98.94338,44.19649],[-98.92595,44.19658],[-98.92639,44.07926],[-98.9865,44.07914],[-98.98655,44.10819],[-98.94641,44.10822],[-98.94634,44.1807],[-98.98663,44.18053],[-98.98498,44.19653],[-99.18584,44.19648],[-99.1855,44.28312],[-99.10476,44.28357],[-99.10333,44.29788],[-99.1047,44.2993],[-99.1047,44.31256],[-99.14512,44.31258],[-99.14518,44.34161],[-99.16535,44.34161],[-99.16547,44.37063],[-99.1855,44.37061],[-99.18563,44.45742],[-99.12512,44.45744],[-99.12503,44.51559],[-99.14533,44.51555],[-99.14529,44.54737],[-99.1509,44.5474],[-99.15086,44.59083],[-99.19141,44.59105],[-99.19163,44.63455],[-99.17117,44.63451],[-99.17103,44.67821],[-99.23215,44.67825],[-99.23231,44.63466],[-99.31258,44.63421],[-99.31208,44.67826]]]}},{"type":"Feature","id":"57063","properties":{"zip":"57063","pop":null,"city":"","county":"Bon Homme","state":"South Dakota","area":75.77,"lat":42.92487,"lon":-97.6866},"geometry":{"type":"Polygon","coordinates":[[[-97.81295,42.96627],[-97.79317,42.96628],[-97.79321,42.97091],[-97.76318,42.97124],[-97.75947,42.97366],[-97.75369,42.97348],[-97.75384,42.99602],[-97.73413,42.99601],[-97.73419,43.01055],[-97.69472,43.01043],[-97.69483,43.01773],[-97.67529,43.01736],[-97.6754,43.02494],[-97.65569,43.02481],[-97.65547,43.01042],[-97.6356,43.01014],[-97.63543,42.97197],[-97.57605,42.97063],[-97.57604,42.96661],[-97.56474,42.96659],[-97.5691,42.93756],[-97.59562,42.9376],[-97.59549,42.90859],[-97.57577,42.90866],[-97.57427,42.89553],[-97.57593,42.86228],[-97.60354,42.86941],[-97.61936,42.86801],[-97.63545,42.86322],[-97.63541,42.85145],[-97.65785,42.84463],[-97.68651,42.84244],[-97.72045,42.84744],[-97.77446,42.84977],[-97.80484,42.85884],[-97.80429,42.88121],[-97.79203,42.88174],[-97.77331,42.87937],[-97.77339,42.90824],[-97.76349,42.90828],[-97.76351,42.9228],[-97.76854,42.92296],[-97.76866,42.93727],[-97.79326,42.9373],[-97.79317,42.9518],[-97.81298,42.95179],[-97.81295,42.96627]]]}}]}