{"type":"FeatureCollection","name":"zctas_49","features":[{"type":"Feature","id":"84063","properties":{"zip":"84063","pop":null,"city":"Randlett","county":"Uintah","state":"Utah","area":67.61,"lat":40.21005,"lon":-109.69276},"geometry":{"type":"Polygon","coordinates":[[[-109.85943,40.22464],[-109.85928,40.24159],[-109.85608,40.23885],[-109.84738,40.23695],[-109.83908,40.23894],[-109.83799,40.24113],[-109.83174,40.24313],[-109.82873,40.23999],[-109.82922,40.2427],[-109.82463,40.24361],[-109.82392,40.24059],[-109.82011,40.24017],[-109.81955,40.24402],[-109.81472,40.24893],[-109.7967,40.25582],[-109.79477,40.25483],[-109.79672,40.2587],[-109.78826,40.26076],[-109.785,40.25858],[-109.77438,40.26178],[-109.7648,40.26926],[-109.75245,40.24712],[-109.69878,40.24711],[-109.69979,40.24949],[-109.69692,40.25518],[-109.70135,40.26238],[-109.70066,40.26581],[-109.69087,40.2677],[-109.68459,40.2655],[-109.68368,40.2677],[-109.68168,40.2767],[-109.68509,40.29033],[-109.67593,40.29212],[-109.66275,40.29052],[-109.63639,40.30184],[-109.63415,40.29486],[-109.63591,40.29375],[-109.63546,40.29135],[-109.63369,40.2898],[-109.62413,40.28912],[-109.62029,40.28711],[-109.62098,40.28566],[-109.60972,40.28574],[-109.61102,40.28393],[-109.60902,40.28],[-109.59781,40.28091],[-109.58743,40.27362],[-109.59177,40.27131],[-109.58878,40.27094],[-109.58983,40.26898],[-109.5947,40.26797],[-109.59888,40.26406],[-109.59324,40.25511],[-109.58069,40.24781],[-109.57386,40.25009],[-109.56925,40.24898],[-109.57063,40.2453],[-109.58177,40.24077],[-109.59212,40.24474],[-109.59923,40.24307],[-109.59828,40.23456],[-109.59243,40.23089],[-109.58518,40.22],[-109.58346,40.20922],[-109.59066,40.19861],[-109.5991,40.19612],[-109.61295,40.19745],[-109.61916,40.1947],[-109.62084,40.19147],[-109.63118,40.18863],[-109.6646,40.189],[-109.66424,40.15906],[-109.64535,40.1592],[-109.64492,40.14417],[-109.63286,40.13948],[-109.62769,40.12604],[-109.62793,40.1197],[-109.62912,40.11336],[-109.63225,40.11107],[-109.66363,40.107],[-109.66795,40.10052],[-109.66699,40.09816],[-109.65728,40.09551],[-109.65483,40.09169],[-109.66168,40.08631],[-109.67187,40.08487],[-109.67608,40.08577],[-109.67802,40.09105],[-109.68053,40.0915],[-109.69275,40.10791],[-109.69335,40.11727],[-109.69641,40.12139],[-109.70493,40.12618],[-109.7119,40.13326],[-109.7236,40.14925],[-109.72579,40.15551],[-109.72415,40.15952],[-109.72681,40.16435],[-109.74033,40.17451],[-109.74803,40.18536],[-109.74892,40.19656],[-109.74121,40.19688],[-109.74101,40.20271],[-109.75564,40.20785],[-109.76021,40.21404],[-109.76609,40.21237],[-109.77123,40.21483],[-109.78721,40.21648],[-109.78947,40.21301],[-109.79869,40.21294],[-109.79891,40.21067],[-109.80773,40.20728],[-109.815,40.20963],[-109.81984,40.20709],[-109.83681,40.20657],[-109.84036,40.20681],[-109.84346,40.20978],[-109.84919,40.20949],[-109.85115,40.20838],[-109.84937,40.20554],[-109.85232,40.20487],[-109.85886,40.20666],[-109.85943,40.22464]]]}},{"type":"Feature","id":"84530","properties":{"zip":"84530","pop":null,"city":"La Sal","county":"San Juan","state":"Utah","area":565.62,"lat":38.23732,"lon":-109.40844},"geometry":{"type":"Polygon","coordinates":[[[-109.78041,38.29355],[-109.75306,38.29397],[-109.75071,38.34391],[-109.72467,38.34459],[-109.72453,38.36161],[-109.72803,38.38907],[-109.72552,38.38934],[-109.72602,38.39555],[-109.71723,38.39843],[-109.71616,38.40031],[-109.72143,38.40158],[-109.72231,38.40353],[-109.71553,38.40771],[-109.71231,38.41223],[-109.71934,38.41747],[-109.71731,38.42007],[-109.71848,38.42194],[-109.71709,38.42572],[-109.70859,38.422],[-109.70638,38.42277],[-109.70816,38.41809],[-109.70204,38.41304],[-109.69338,38.41306],[-109.68606,38.41838],[-109.68804,38.42008],[-109.68558,38.42095],[-109.68317,38.41869],[-109.689,38.4249],[-109.68961,38.42918],[-109.67122,38.4382],[-109.6681,38.44572],[-109.66953,38.45011],[-109.66816,38.45693],[-109.66501,38.46003],[-109.66299,38.46755],[-109.65572,38.47149],[-109.65163,38.47017],[-109.63999,38.47147],[-109.6351,38.46873],[-109.62934,38.47033],[-109.63113,38.47134],[-109.62748,38.47541],[-109.6252,38.48195],[-109.62045,38.4792],[-109.62315,38.47776],[-109.62156,38.47454],[-109.62425,38.47092],[-109.61429,38.46603],[-109.60145,38.46418],[-109.60271,38.47317],[-109.59852,38.47501],[-109.60387,38.48679],[-109.59596,38.47357],[-109.56962,38.44636],[-109.5595,38.43263],[-109.54568,38.41739],[-109.54324,38.41944],[-109.53984,38.41088],[-109.54133,38.40906],[-109.5405,38.40595],[-109.536,38.40516],[-109.53419,38.3917],[-109.52863,38.38873],[-109.52501,38.38242],[-109.52161,38.3804],[-109.51172,38.3807],[-109.50947,38.38239],[-109.50059,38.38056],[-109.48886,38.38327],[-109.48345,38.3801],[-109.4673,38.38387],[-109.46587,38.38265],[-109.45963,38.38658],[-109.4573,38.3811],[-109.45581,38.38156],[-109.44889,38.37351],[-109.43918,38.36788],[-109.43526,38.36285],[-109.43468,38.34691],[-109.43999,38.34587],[-109.4326,38.3281],[-109.43646,38.32559],[-109.4282,38.32344],[-109.42379,38.3187],[-109.40989,38.31383],[-109.40349,38.30917],[-109.38197,38.30388],[-109.36328,38.30606],[-109.35692,38.30915],[-109.3491,38.31673],[-109.33381,38.31904],[-109.3057,38.31432],[-109.29421,38.31458],[-109.29411,38.30952],[-109.28188,38.30964],[-109.27458,38.31346],[-109.26292,38.31164],[-109.24766,38.31899],[-109.23226,38.33262],[-109.23049,38.33659],[-109.22145,38.33677],[-109.2225,38.33487],[-109.22093,38.3311],[-109.21301,38.33515],[-109.20393,38.34904],[-109.19646,38.3534],[-109.17411,38.37682],[-109.17007,38.37494],[-109.16729,38.37804],[-109.16423,38.38917],[-109.15536,38.39138],[-109.15688,38.40057],[-109.15157,38.40333],[-109.15033,38.40624],[-109.15426,38.41122],[-109.1496,38.42024],[-109.15586,38.4242],[-109.14733,38.42161],[-109.14956,38.42229],[-109.14826,38.42314],[-109.14965,38.42528],[-109.14267,38.42636],[-109.13289,38.42196],[-109.13347,38.42074],[-109.1286,38.41784],[-109.12681,38.41913],[-109.11611,38.41557],[-109.1033,38.39428],[-109.09955,38.39244],[-109.09833,38.38376],[-109.08982,38.38331],[-109.08774,38.38504],[-109.08256,38.38282],[-109.07955,38.37796],[-109.07274,38.3771],[-109.06798,38.37368],[-109.06778,38.37708],[-109.06001,38.3881],[-109.06006,38.27549],[-109.04176,38.16469],[-109.04211,38.10952],[-109.04846,38.11075],[-109.05432,38.11516],[-109.05948,38.11492],[-109.07074,38.11849],[-109.07417,38.1221],[-109.08598,38.12699],[-109.09089,38.13101],[-109.10381,38.1349],[-109.11791,38.13492],[-109.09783,38.1135],[-109.09803,38.10819],[-109.10051,38.10745],[-109.10037,38.10513],[-109.11083,38.10859],[-109.11196,38.11078],[-109.11485,38.11029],[-109.12022,38.10371],[-109.13619,38.11074],[-109.13595,38.10445],[-109.14194,38.10118],[-109.14616,38.10099],[-109.16111,38.10641],[-109.17051,38.10398],[-109.17867,38.10666],[-109.19072,38.09353],[-109.19298,38.09784],[-109.20865,38.0978],[-109.2123,38.10128],[-109.21778,38.10192],[-109.21986,38.10721],[-109.24594,38.12569],[-109.25205,38.12399],[-109.2501,38.12633],[-109.25231,38.12878],[-109.25035,38.13154],[-109.25286,38.13272],[-109.2524,38.13431],[-109.25807,38.13272],[-109.2589,38.13303],[-109.25742,38.1343],[-109.26098,38.13692],[-109.25882,38.13794],[-109.26238,38.1413],[-109.30287,38.14344],[-109.3137,38.13941],[-109.31655,38.12163],[-109.32517,38.09026],[-109.35864,38.0959],[-109.35023,38.07429],[-109.40603,38.05911],[-109.41504,38.03986],[-109.43617,38.00924],[-109.49313,37.99064],[-109.50307,37.98249],[-109.51008,37.98591],[-109.51842,37.9867],[-109.51863,37.98958],[-109.5295,37.9975],[-109.5387,38.01104],[-109.53877,38.01951],[-109.54073,38.02243],[-109.53969,38.02629],[-109.54207,38.03257],[-109.55309,38.03976],[-109.55156,38.04548],[-109.55349,38.05492],[-109.55051,38.05795],[-109.5517,38.06423],[-109.56566,38.07819],[-109.57113,38.07964],[-109.57734,38.08695],[-109.58115,38.0868],[-109.58257,38.08906],[-109.58467,38.08891],[-109.58508,38.09129],[-109.59217,38.09167],[-109.59058,38.09317],[-109.59509,38.09875],[-109.60335,38.10035],[-109.60593,38.10354],[-109.61203,38.10601],[-109.61466,38.10549],[-109.61748,38.11084],[-109.6158,38.1117],[-109.62348,38.12088],[-109.62151,38.12234],[-109.62419,38.12474],[-109.62166,38.12615],[-109.62978,38.12792],[-109.6261,38.12914],[-109.63059,38.13474],[-109.6249,38.13958],[-109.62581,38.14258],[-109.62362,38.14687],[-109.62582,38.15103],[-109.62288,38.1545],[-109.6274,38.15818],[-109.6355,38.17376],[-109.63405,38.17438],[-109.63473,38.17655],[-109.63673,38.17653],[-109.63659,38.17999],[-109.63473,38.17974],[-109.63601,38.18701],[-109.63749,38.18677],[-109.63896,38.19143],[-109.64207,38.19215],[-109.64382,38.19569],[-109.64813,38.19549],[-109.65102,38.20542],[-109.65734,38.2059],[-109.65909,38.21036],[-109.66673,38.2141],[-109.67037,38.20967],[-109.67208,38.20977],[-109.67277,38.2125],[-109.6773,38.2136],[-109.68022,38.208],[-109.68176,38.20878],[-109.68022,38.21237],[-109.68152,38.21817],[-109.68964,38.22138],[-109.69623,38.21796],[-109.69975,38.22066],[-109.69975,38.21906],[-109.70232,38.21887],[-109.70002,38.2242],[-109.70422,38.22606],[-109.70624,38.22535],[-109.70638,38.22236],[-109.71135,38.22322],[-109.7105,38.22524],[-109.7142,38.22566],[-109.71018,38.22802],[-109.71249,38.23002],[-109.72061,38.22371],[-109.72326,38.22562],[-109.72437,38.22355],[-109.72465,38.22672],[-109.72623,38.22622],[-109.72737,38.22262],[-109.72915,38.22231],[-109.73112,38.22646],[-109.72833,38.2278],[-109.74077,38.23127],[-109.7445,38.23573],[-109.74246,38.2387],[-109.74631,38.23782],[-109.75047,38.24771],[-109.75347,38.24675],[-109.75448,38.25058],[-109.74985,38.25048],[-109.75353,38.25659],[-109.75203,38.25698],[-109.75245,38.26448],[-109.75797,38.2617],[-109.7579,38.27142],[-109.76221,38.26791],[-109.76451,38.27041],[-109.7605,38.27407],[-109.76579,38.273],[-109.76899,38.27579],[-109.76714,38.27654],[-109.76814,38.27945],[-109.77568,38.27883],[-109.77236,38.28426],[-109.7698,38.28365],[-109.77052,38.28942],[-109.77495,38.28595],[-109.77745,38.28655],[-109.77731,38.28854],[-109.78045,38.28877],[-109.78041,38.29355]]]}},{"type":"Feature","id":"84761","properties":{"zip":"84761","pop":null,"city":"Parowan","county":"Iron","state":"Utah","area":100.61,"lat":37.84605,"lon":-112.87123},"geometry":{"type":"Polygon","coordinates":[[[-112.98739,37.91119],[-112.97914,37.91902],[-112.97748,37.91633],[-112.96387,37.91799],[-112.96139,37.9166],[-112.95306,37.92648],[-112.95911,37.93321],[-112.94934,37.93592],[-112.94564,37.93959],[-112.94246,37.93714],[-112.9347,37.93807],[-112.92881,37.94492],[-112.92082,37.94001],[-112.92185,37.93666],[-112.92918,37.92995],[-112.92499,37.92392],[-112.923,37.92408],[-112.92488,37.92096],[-112.92229,37.91751],[-112.9216,37.91011],[-112.91409,37.92011],[-112.90207,37.92658],[-112.89865,37.92468],[-112.89033,37.91396],[-112.84095,37.94445],[-112.83662,37.94783],[-112.83764,37.95051],[-112.83447,37.95564],[-112.82069,37.95554],[-112.81966,38.00517],[-112.81811,38.00744],[-112.82119,38.01387],[-112.82007,38.01815],[-112.80323,38.01369],[-112.80983,37.9992],[-112.81001,37.99476],[-112.80589,37.9844],[-112.79691,37.98328],[-112.79313,37.98078],[-112.77013,37.98136],[-112.7558,37.99101],[-112.75243,37.98773],[-112.75265,37.96437],[-112.7561,37.96288],[-112.75608,37.95557],[-112.75164,37.95571],[-112.7754,37.91198],[-112.78182,37.90355],[-112.78831,37.89709],[-112.79292,37.89712],[-112.7933,37.91167],[-112.82085,37.91165],[-112.82095,37.88245],[-112.77702,37.88198],[-112.78348,37.87116],[-112.78345,37.86777],[-112.79292,37.8674],[-112.8013,37.86073],[-112.79344,37.85825],[-112.79898,37.85052],[-112.80707,37.84951],[-112.8059,37.84552],[-112.8164,37.83947],[-112.81639,37.8459],[-112.82157,37.84591],[-112.82151,37.84215],[-112.8174,37.83474],[-112.81171,37.83462],[-112.81168,37.82575],[-112.80871,37.82574],[-112.80871,37.81842],[-112.80414,37.8184],[-112.80414,37.80379],[-112.80871,37.8038],[-112.8087,37.80015],[-112.81186,37.80017],[-112.81186,37.79147],[-112.82096,37.7915],[-112.84968,37.76561],[-112.85034,37.76195],[-112.84413,37.75724],[-112.84666,37.75612],[-112.84324,37.75515],[-112.84614,37.75333],[-112.85245,37.75518],[-112.85565,37.74614],[-112.86188,37.74182],[-112.86246,37.73628],[-112.8662,37.73446],[-112.86934,37.72537],[-112.86826,37.707],[-112.87282,37.70008],[-112.88048,37.69401],[-112.88284,37.68863],[-112.89212,37.6886],[-112.89019,37.68276],[-112.89131,37.68205],[-112.90424,37.67863],[-112.90966,37.68299],[-112.9124,37.67984],[-112.91236,37.68164],[-112.92139,37.68795],[-112.92694,37.68757],[-112.93033,37.69068],[-112.92782,37.69366],[-112.92686,37.69996],[-112.92893,37.7017],[-112.92808,37.70636],[-112.93071,37.71437],[-112.93313,37.7158],[-112.92916,37.72166],[-112.93242,37.72358],[-112.93357,37.72678],[-112.93114,37.73715],[-112.93591,37.73929],[-112.93788,37.75193],[-112.94362,37.76093],[-112.95839,37.76702],[-112.96097,37.77243],[-112.96024,37.77979],[-112.96381,37.79531],[-112.97451,37.80226],[-112.92487,37.86432],[-112.94786,37.86413],[-112.94603,37.87452],[-112.93255,37.87516],[-112.93579,37.8862],[-112.93937,37.89163],[-112.957,37.89718],[-112.95779,37.90066],[-112.97175,37.90382],[-112.98739,37.91119]],[[-112.95885,37.79088],[-112.95847,37.78742],[-112.94719,37.78722],[-112.94334,37.79088],[-112.9356,37.79119],[-112.93561,37.79326],[-112.9308,37.79184],[-112.92718,37.79378],[-112.93197,37.81121],[-112.94648,37.80234],[-112.94213,37.80101],[-112.95873,37.79455],[-112.95885,37.79088]]]}},{"type":"Feature","id":"84037","properties":{"zip":"84037","pop":null,"city":"Kaysville","county":"Davis","state":"Utah","area":49.52,"lat":40.99276,"lon":-111.91442},"geometry":{"type":"Polygon","coordinates":[[[-112.00747,40.99538],[-112.00739,40.99994],[-111.99647,41.01754],[-112.00703,41.03345],[-111.9991,41.04025],[-111.99504,41.03639],[-111.99027,41.03947],[-111.98787,41.03837],[-111.98948,41.03989],[-111.98681,41.04369],[-111.97603,41.04917],[-111.97246,41.04516],[-111.97004,41.04823],[-111.96689,41.04437],[-111.95908,41.04974],[-111.95588,41.04525],[-111.95214,41.04564],[-111.954,41.04833],[-111.9479,41.04876],[-111.94049,41.05323],[-111.94137,41.05455],[-111.92624,41.05709],[-111.92587,41.06008],[-111.92055,41.06015],[-111.91826,41.05773],[-111.90159,41.06011],[-111.9016,41.05652],[-111.89176,41.05584],[-111.89093,41.05409],[-111.88562,41.05494],[-111.88074,41.05251],[-111.86356,41.05262],[-111.85486,41.05475],[-111.85221,41.058],[-111.84443,41.05886],[-111.84416,41.04985],[-111.83869,41.04465],[-111.83944,41.04065],[-111.83369,41.03701],[-111.83683,41.03618],[-111.8394,41.03137],[-111.83744,41.02557],[-111.83839,41.02348],[-111.83462,41.02032],[-111.82879,41.02078],[-111.8257,41.0185],[-111.82053,41.01084],[-111.82192,41.00812],[-111.81998,41.00645],[-111.81047,41.00509],[-111.80613,41.00169],[-111.80417,40.99497],[-111.79304,40.98574],[-111.77504,40.95932],[-111.78253,40.9568],[-111.79076,40.96085],[-111.79473,40.96093],[-111.80972,40.9575],[-111.8185,40.96212],[-111.82008,40.95949],[-111.83324,40.95816],[-111.84691,40.96426],[-111.85347,40.96199],[-111.85723,40.96467],[-111.87293,40.96598],[-111.87328,40.97478],[-111.88196,40.99615],[-111.88018,40.99808],[-111.89212,41.00384],[-111.89223,41.01653],[-111.89696,41.01648],[-111.89696,41.01402],[-111.90169,41.01285],[-111.90168,41.01644],[-111.90649,41.01642],[-111.91196,41.01132],[-111.91897,41.01287],[-111.91998,41.00997],[-111.92597,41.00818],[-111.92596,41.00546],[-111.93112,41.00561],[-111.923,41.00028],[-111.93091,40.99981],[-111.93093,40.99618],[-111.94303,40.99612],[-111.94407,40.99056],[-111.93992,40.98741],[-111.94123,40.9818],[-111.93875,40.96938],[-111.93428,40.96537],[-111.93447,40.96009],[-111.92853,40.95699],[-111.92485,40.95783],[-111.90605,40.94943],[-111.90155,40.94347],[-111.90168,40.93682],[-111.90779,40.93179],[-111.91154,40.92233],[-111.9218,40.91717],[-111.92435,40.91115],[-111.94556,40.91116],[-111.94803,40.9124],[-111.94807,40.91895],[-111.95866,40.91806],[-111.95867,40.92182],[-112.00075,40.92185],[-112.00059,40.98538],[-112.00762,40.98548],[-112.00747,40.99538]]]}},{"type":"Feature","id":"84713","properties":{"zip":"84713","pop":null,"city":"Beaver","county":"Beaver","state":"Utah","area":122.5,"lat":38.32912,"lon":-112.54432},"geometry":{"type":"Polygon","coordinates":[[[-112.70697,38.45479],[-112.70316,38.47159],[-112.69936,38.47232],[-112.68679,38.46102],[-112.67063,38.47102],[-112.66518,38.46667],[-112.66176,38.46693],[-112.65717,38.47435],[-112.65055,38.47589],[-112.64909,38.47254],[-112.64438,38.47085],[-112.64123,38.47304],[-112.63578,38.47211],[-112.63436,38.47442],[-112.62728,38.47508],[-112.61741,38.50082],[-112.61573,38.50122],[-112.6094,38.53795],[-112.60456,38.53986],[-112.60536,38.53459],[-112.59367,38.5344],[-112.60761,38.47019],[-112.60487,38.43979],[-112.60114,38.42073],[-112.62524,38.39706],[-112.62658,38.39039],[-112.62312,38.39249],[-112.61495,38.38862],[-112.59713,38.38932],[-112.59323,38.359],[-112.59295,38.3629],[-112.58313,38.36312],[-112.57827,38.35225],[-112.57098,38.34487],[-112.56294,38.34548],[-112.55719,38.34383],[-112.53664,38.35042],[-112.52774,38.34865],[-112.53294,38.34212],[-112.51808,38.34445],[-112.49457,38.33957],[-112.48439,38.34164],[-112.46668,38.35448],[-112.46099,38.3558],[-112.45477,38.36673],[-112.45454,38.36364],[-112.44437,38.36473],[-112.44392,38.36326],[-112.4455,38.36349],[-112.44869,38.3587],[-112.44653,38.35757],[-112.44131,38.36011],[-112.43911,38.35603],[-112.42977,38.35095],[-112.43408,38.34651],[-112.4381,38.3466],[-112.44192,38.34235],[-112.43758,38.34022],[-112.43199,38.3326],[-112.42284,38.33325],[-112.4183,38.33578],[-112.41561,38.34257],[-112.41866,38.34153],[-112.41693,38.34676],[-112.41288,38.34844],[-112.40832,38.35562],[-112.40448,38.35756],[-112.40151,38.36371],[-112.39101,38.37075],[-112.39268,38.372],[-112.39119,38.37274],[-112.39944,38.37599],[-112.39874,38.37782],[-112.4007,38.37956],[-112.39744,38.38162],[-112.39795,38.38635],[-112.39159,38.38069],[-112.37927,38.37949],[-112.37436,38.37727],[-112.37138,38.36924],[-112.3631,38.36181],[-112.36408,38.3597],[-112.36083,38.35487],[-112.35157,38.34892],[-112.34349,38.34727],[-112.33544,38.33304],[-112.34082,38.32552],[-112.34161,38.31492],[-112.33874,38.3124],[-112.34848,38.30514],[-112.34933,38.29985],[-112.34709,38.291],[-112.3507,38.2818],[-112.3625,38.27234],[-112.36804,38.26031],[-112.3787,38.25299],[-112.38152,38.25315],[-112.38116,38.251],[-112.38499,38.25021],[-112.39047,38.25877],[-112.38818,38.26332],[-112.3905,38.26563],[-112.39092,38.27335],[-112.41208,38.27457],[-112.41952,38.28349],[-112.42149,38.29715],[-112.40818,38.3063],[-112.41095,38.3066],[-112.41295,38.30936],[-112.43448,38.29948],[-112.44423,38.29004],[-112.44448,38.28625],[-112.44779,38.28277],[-112.45105,38.28345],[-112.46378,38.27363],[-112.47104,38.27061],[-112.47982,38.27169],[-112.48715,38.26957],[-112.48497,38.26819],[-112.47834,38.26938],[-112.48057,38.26692],[-112.47723,38.26497],[-112.47709,38.25812],[-112.46972,38.25699],[-112.46771,38.25387],[-112.45602,38.24968],[-112.45112,38.2435],[-112.43986,38.23614],[-112.4333,38.22618],[-112.43458,38.21808],[-112.43466,38.21982],[-112.43707,38.22001],[-112.4358,38.22481],[-112.43954,38.2253],[-112.43919,38.22677],[-112.44263,38.2283],[-112.44435,38.2338],[-112.46456,38.23801],[-112.46639,38.24084],[-112.47117,38.23926],[-112.47453,38.24216],[-112.47109,38.24502],[-112.4771,38.24889],[-112.48096,38.24959],[-112.48367,38.2474],[-112.48626,38.25139],[-112.4963,38.25001],[-112.50484,38.2531],[-112.50891,38.24647],[-112.51331,38.24373],[-112.51077,38.23719],[-112.50145,38.23552],[-112.50417,38.22701],[-112.50263,38.22286],[-112.50755,38.21861],[-112.51879,38.21402],[-112.52804,38.21622],[-112.52801,38.22042],[-112.5472,38.22059],[-112.5478,38.22837],[-112.55581,38.23281],[-112.56144,38.23438],[-112.56447,38.23282],[-112.56797,38.23558],[-112.57102,38.23444],[-112.58026,38.23751],[-112.57471,38.2517],[-112.583,38.25383],[-112.59499,38.26524],[-112.60115,38.26698],[-112.59812,38.2749],[-112.61053,38.26954],[-112.61141,38.26843],[-112.60896,38.26822],[-112.61161,38.26689],[-112.61621,38.26662],[-112.61433,38.25385],[-112.61533,38.24919],[-112.61189,38.24495],[-112.61264,38.24227],[-112.62541,38.24256],[-112.63931,38.25005],[-112.63932,38.24254],[-112.64398,38.24256],[-112.64399,38.23527],[-112.65026,38.23529],[-112.6494,38.22066],[-112.65337,38.2207],[-112.65337,38.23444],[-112.65804,38.23446],[-112.658,38.25132],[-112.66847,38.24989],[-112.66453,38.25874],[-112.67679,38.25435],[-112.68576,38.25462],[-112.69191,38.25073],[-112.70537,38.25058],[-112.7051,38.25254],[-112.69544,38.25849],[-112.69507,38.27813],[-112.69394,38.27707],[-112.69255,38.27897],[-112.68573,38.27994],[-112.68453,38.28466],[-112.68251,38.28299],[-112.67547,38.29008],[-112.6719,38.29018],[-112.67191,38.29417],[-112.68586,38.29551],[-112.67349,38.3031],[-112.6678,38.31139],[-112.66024,38.30511],[-112.66477,38.30149],[-112.66948,38.29348],[-112.65613,38.29331],[-112.65101,38.29538],[-112.6627,38.36926],[-112.66087,38.38453],[-112.65251,38.41291],[-112.65694,38.41383],[-112.66489,38.42432],[-112.67103,38.4276],[-112.68689,38.43078],[-112.69102,38.42994],[-112.69684,38.42381],[-112.70606,38.43014],[-112.70247,38.43726],[-112.70476,38.44779],[-112.70806,38.45172],[-112.70697,38.45479]]]}},{"type":"Feature","id":"84537","properties":{"zip":"84537","pop":null,"city":"","county":"Emery","state":"Utah","area":95.19,"lat":39.29976,"lon":-111.17345},"geometry":{"type":"Polygon","coordinates":[[[-111.30111,39.33486],[-111.30092,39.44025],[-111.28938,39.44087],[-111.27154,39.43782],[-111.27082,39.43243],[-111.27257,39.43016],[-111.26881,39.41885],[-111.26963,39.41641],[-111.26329,39.43185],[-111.2651,39.43868],[-111.26057,39.44167],[-111.2366,39.43127],[-111.23613,39.42241],[-111.21466,39.39346],[-111.19022,39.38608],[-111.18952,39.3753],[-111.19513,39.37138],[-111.19815,39.36512],[-111.19361,39.36234],[-111.19057,39.36345],[-111.19062,39.36559],[-111.17943,39.36427],[-111.17991,39.36198],[-111.1703,39.35106],[-111.16846,39.34075],[-111.16341,39.33048],[-111.16147,39.33219],[-111.16136,39.33618],[-111.15566,39.33528],[-111.1511,39.3381],[-111.13908,39.33972],[-111.13673,39.33784],[-111.13842,39.33677],[-111.12893,39.32895],[-111.12573,39.33428],[-111.11705,39.32814],[-111.11523,39.32883],[-111.10785,39.32062],[-111.10931,39.31641],[-111.10779,39.31561],[-111.10313,39.31987],[-111.09884,39.3167],[-111.10136,39.31563],[-111.09721,39.31214],[-111.09256,39.31348],[-111.09356,39.31087],[-111.0706,39.28729],[-111.05824,39.28288],[-111.03362,39.25981],[-111.02791,39.2477],[-111.0298,39.23521],[-111.03247,39.23524],[-111.03245,39.23156],[-111.03915,39.23336],[-111.03907,39.22801],[-111.05321,39.23215],[-111.0407,39.22399],[-111.03586,39.21842],[-111.03218,39.21794],[-111.03063,39.2135],[-111.05324,39.21262],[-111.04802,39.20918],[-111.0469,39.17624],[-111.04986,39.17428],[-111.04168,39.16616],[-111.0379,39.16604],[-111.03797,39.16039],[-111.04803,39.16016],[-111.05057,39.15631],[-111.06943,39.15914],[-111.07459,39.15524],[-111.10512,39.14909],[-111.10926,39.15009],[-111.11052,39.1548],[-111.11746,39.15455],[-111.11186,39.15621],[-111.11344,39.162],[-111.10873,39.16367],[-111.1076,39.16985],[-111.0935,39.18493],[-111.11047,39.19711],[-111.09626,39.19595],[-111.08956,39.19894],[-111.09471,39.20278],[-111.10135,39.2025],[-111.10496,39.20492],[-111.10622,39.20351],[-111.1141,39.21118],[-111.134,39.21932],[-111.14043,39.21506],[-111.14252,39.20998],[-111.1492,39.21335],[-111.1613,39.21397],[-111.16084,39.22042],[-111.16471,39.23023],[-111.1637,39.23296],[-111.16838,39.23799],[-111.17152,39.24641],[-111.17651,39.25019],[-111.18123,39.26207],[-111.17645,39.26463],[-111.16726,39.26397],[-111.15146,39.26872],[-111.13896,39.26475],[-111.13609,39.26688],[-111.1395,39.26612],[-111.15468,39.27019],[-111.15849,39.26941],[-111.1604,39.27178],[-111.17349,39.27526],[-111.18071,39.2758],[-111.20007,39.27234],[-111.20719,39.27454],[-111.22108,39.27442],[-111.24294,39.28768],[-111.27039,39.28849],[-111.27361,39.30586],[-111.27706,39.30799],[-111.28054,39.31883],[-111.28682,39.30733],[-111.28605,39.30158],[-111.28265,39.29813],[-111.2862,39.29733],[-111.28381,39.29182],[-111.2942,39.29286],[-111.28831,39.28979],[-111.29156,39.28667],[-111.2854,39.2792],[-111.28273,39.27834],[-111.28229,39.2759],[-111.29406,39.27386],[-111.29967,39.27593],[-111.30111,39.33486]]]}},{"type":"Feature","id":"84762","properties":{"zip":"84762","pop":null,"city":"","county":"Kane","state":"Utah","area":136.69,"lat":37.46885,"lon":-112.72639},"geometry":{"type":"Polygon","coordinates":[[[-112.90107,37.31663],[-112.90081,37.36122],[-112.89136,37.36126],[-112.8914,37.37048],[-112.88772,37.36945],[-112.88295,37.37185],[-112.88217,37.36126],[-112.87329,37.36122],[-112.8733,37.36483],[-112.86878,37.36481],[-112.86878,37.36995],[-112.85523,37.36987],[-112.8552,37.37694],[-112.84172,37.3813],[-112.83772,37.38611],[-112.82557,37.39029],[-112.82201,37.39478],[-112.81305,37.39711],[-112.80529,37.40955],[-112.79925,37.4154],[-112.80178,37.41998],[-112.80882,37.42063],[-112.82119,37.42819],[-112.82887,37.43136],[-112.83987,37.4324],[-112.83952,37.43732],[-112.84265,37.43877],[-112.84211,37.44807],[-112.84872,37.4539],[-112.84841,37.45835],[-112.83248,37.47558],[-112.83159,37.479],[-112.83816,37.49138],[-112.83446,37.49858],[-112.82615,37.50443],[-112.82597,37.50853],[-112.83108,37.51225],[-112.82627,37.51444],[-112.82445,37.52534],[-112.82897,37.52537],[-112.82904,37.53268],[-112.83357,37.53266],[-112.83362,37.53995],[-112.83814,37.53992],[-112.83819,37.54348],[-112.68375,37.54369],[-112.6836,37.63183],[-112.68521,37.63236],[-112.68557,37.6427],[-112.67165,37.63799],[-112.66431,37.62801],[-112.63551,37.62643],[-112.63778,37.61419],[-112.63455,37.60978],[-112.63513,37.60518],[-112.62906,37.59945],[-112.62555,37.59915],[-112.62548,37.60053],[-112.61608,37.59692],[-112.61486,37.59275],[-112.62373,37.5868],[-112.62788,37.58676],[-112.6325,37.58208],[-112.63217,37.57644],[-112.63412,37.57474],[-112.63858,37.57543],[-112.64155,37.57001],[-112.64848,37.56702],[-112.64648,37.56042],[-112.64751,37.55635],[-112.64936,37.55614],[-112.64496,37.55286],[-112.64872,37.55083],[-112.64705,37.54516],[-112.64349,37.54428],[-112.64448,37.54312],[-112.61075,37.54317],[-112.61152,37.53825],[-112.6069,37.5353],[-112.60999,37.53661],[-112.61161,37.53481],[-112.61092,37.53205],[-112.6063,37.52635],[-112.60127,37.52566],[-112.59414,37.52933],[-112.58859,37.54319],[-112.54963,37.5429],[-112.54967,37.53902],[-112.54712,37.53903],[-112.54886,37.5319],[-112.55337,37.52848],[-112.54866,37.52138],[-112.55439,37.51355],[-112.55165,37.51181],[-112.55237,37.51051],[-112.54801,37.51085],[-112.54654,37.50913],[-112.54896,37.51373],[-112.54589,37.52055],[-112.5469,37.52565],[-112.53579,37.53967],[-112.52841,37.54269],[-112.52323,37.5406],[-112.52242,37.54285],[-112.50932,37.54284],[-112.50933,37.53907],[-112.51946,37.53917],[-112.51934,37.53643],[-112.52485,37.53347],[-112.5215,37.53131],[-112.52526,37.52512],[-112.52353,37.51719],[-112.52565,37.51376],[-112.5194,37.51507],[-112.51697,37.5096],[-112.51723,37.49963],[-112.51463,37.49697],[-112.5078,37.49611],[-112.51265,37.48861],[-112.52204,37.49116],[-112.52672,37.48898],[-112.53115,37.49146],[-112.53023,37.49457],[-112.53466,37.49719],[-112.54056,37.49575],[-112.54659,37.49694],[-112.56502,37.49129],[-112.57132,37.49143],[-112.57131,37.48496],[-112.57558,37.485],[-112.57556,37.49229],[-112.57884,37.48407],[-112.58636,37.47505],[-112.59331,37.47136],[-112.59552,37.46593],[-112.60043,37.46489],[-112.60142,37.46677],[-112.60416,37.46684],[-112.6038,37.46524],[-112.61053,37.46318],[-112.61796,37.46365],[-112.62507,37.45952],[-112.62499,37.45617],[-112.63401,37.45617],[-112.63416,37.45758],[-112.63704,37.45068],[-112.64043,37.44794],[-112.64101,37.44531],[-112.6386,37.44532],[-112.63863,37.44166],[-112.64309,37.44166],[-112.64311,37.43792],[-112.64951,37.43937],[-112.66434,37.43358],[-112.67771,37.43253],[-112.69091,37.42697],[-112.70519,37.4162],[-112.70792,37.41614],[-112.70635,37.4207],[-112.70843,37.42288],[-112.71075,37.42219],[-112.71356,37.41958],[-112.71679,37.4109],[-112.71248,37.40192],[-112.71858,37.38459],[-112.71599,37.37482],[-112.71301,37.37417],[-112.71213,37.36631],[-112.73693,37.37803],[-112.74145,37.37843],[-112.74373,37.38089],[-112.74882,37.37772],[-112.75531,37.37668],[-112.76392,37.37975],[-112.7764,37.37327],[-112.78907,37.36297],[-112.79636,37.36009],[-112.79637,37.35739],[-112.80845,37.35017],[-112.80094,37.35016],[-112.80095,37.35377],[-112.79613,37.35376],[-112.79493,37.3517],[-112.79648,37.34867],[-112.80401,37.34524],[-112.80729,37.34634],[-112.80997,37.34467],[-112.81116,37.34082],[-112.81659,37.34218],[-112.82817,37.33942],[-112.82816,37.34309],[-112.831,37.34086],[-112.83045,37.33731],[-112.83394,37.32628],[-112.84574,37.32415],[-112.85249,37.3185],[-112.85421,37.31339],[-112.85779,37.31244],[-112.85616,37.30971],[-112.86058,37.30756],[-112.86041,37.29577],[-112.86174,37.29435],[-112.8707,37.28784],[-112.8793,37.28518],[-112.88304,37.28586],[-112.88998,37.27988],[-112.89556,37.27939],[-112.89474,37.29083],[-112.89822,37.28888],[-112.90004,37.28997],[-112.90107,37.31663]]]}},{"type":"Feature","id":"82930","properties":{"zip":"82930","pop":null,"city":"","county":"Summit","state":"Utah","area":728.72,"lat":40.98034,"lon":-110.59646},"geometry":{"type":"Polygon","coordinates":[[[-111.0466,41.17712],[-111.04592,41.5142],[-111.03448,41.51659],[-111.02922,41.50711],[-111.01652,41.50333],[-111.01591,41.49849],[-111.01105,41.48791],[-111.00912,41.48715],[-111.00829,41.4807],[-111.00552,41.48009],[-111.00812,41.47987],[-111.00523,41.47547],[-111.00599,41.4703],[-110.9972,41.47157],[-110.98661,41.46972],[-110.98547,41.45886],[-110.99167,41.45593],[-110.98752,41.45148],[-110.99614,41.45118],[-111.00256,41.45352],[-111.00547,41.43037],[-111.00325,41.42555],[-110.98971,41.42819],[-110.98309,41.42759],[-110.9805,41.4189],[-110.9672,41.40574],[-110.96698,41.39534],[-110.96895,41.39339],[-110.96231,41.38613],[-110.96752,41.38117],[-110.97004,41.3718],[-110.97432,41.36858],[-110.97644,41.36394],[-110.97373,41.3541],[-110.96573,41.34328],[-110.96533,41.33549],[-110.97431,41.33323],[-110.95951,41.33177],[-110.95684,41.32992],[-110.94219,41.30977],[-110.93932,41.30156],[-110.91964,41.30036],[-110.92502,41.29454],[-110.91755,41.29202],[-110.91233,41.28663],[-110.89729,41.28246],[-110.89963,41.27079],[-110.89678,41.26736],[-110.89975,41.26284],[-110.92878,41.26738],[-110.93015,41.25648],[-110.92399,41.25143],[-110.92479,41.24857],[-110.92118,41.24271],[-110.92233,41.24137],[-110.92012,41.24051],[-110.91725,41.23364],[-110.90665,41.22641],[-110.90778,41.22301],[-110.89858,41.22104],[-110.89898,41.21953],[-110.89481,41.21772],[-110.89246,41.21954],[-110.88997,41.21657],[-110.89131,41.21643],[-110.86347,41.21038],[-110.85813,41.20453],[-110.85035,41.18843],[-110.84175,41.18473],[-110.83083,41.1752],[-110.82295,41.17444],[-110.7994,41.17876],[-110.78327,41.20055],[-110.75491,41.20394],[-110.73831,41.21508],[-110.74095,41.21692],[-110.75863,41.21333],[-110.77097,41.21384],[-110.77146,41.21146],[-110.78378,41.21341],[-110.78074,41.22478],[-110.77553,41.22857],[-110.77535,41.23242],[-110.76661,41.23911],[-110.76849,41.24256],[-110.76751,41.2514],[-110.76533,41.25548],[-110.76274,41.27218],[-110.77835,41.27442],[-110.79222,41.2699],[-110.78997,41.27647],[-110.80121,41.27607],[-110.77726,41.29411],[-110.76447,41.3005],[-110.73473,41.30885],[-110.73112,41.30803],[-110.73839,41.30284],[-110.7421,41.29595],[-110.74289,41.28881],[-110.73919,41.28749],[-110.7304,41.27701],[-110.72927,41.27369],[-110.73147,41.26893],[-110.72943,41.26572],[-110.71628,41.26764],[-110.71179,41.27013],[-110.71218,41.2681],[-110.70812,41.26526],[-110.70945,41.26199],[-110.6989,41.26153],[-110.69914,41.25821],[-110.69523,41.25618],[-110.6791,41.25963],[-110.6668,41.26619],[-110.64266,41.27397],[-110.64155,41.2726],[-110.64993,41.26029],[-110.65315,41.25142],[-110.66045,41.25098],[-110.66288,41.24915],[-110.66449,41.24549],[-110.67001,41.24203],[-110.6711,41.2381],[-110.6785,41.23416],[-110.68074,41.22828],[-110.66643,41.22101],[-110.65708,41.21964],[-110.65166,41.21684],[-110.65091,41.21304],[-110.64685,41.21165],[-110.63492,41.21572],[-110.62722,41.21495],[-110.61607,41.22095],[-110.61222,41.21871],[-110.61706,41.21616],[-110.63074,41.18944],[-110.63895,41.18368],[-110.64098,41.17998],[-110.65896,41.17147],[-110.66404,41.16617],[-110.66322,41.15216],[-110.66986,41.14952],[-110.69284,41.12558],[-110.69373,41.11759],[-110.69025,41.11499],[-110.68954,41.1113],[-110.69101,41.11113],[-110.69133,41.1063],[-110.7086,41.10075],[-110.71435,41.09651],[-110.71987,41.08779],[-110.7205,41.07535],[-110.71911,41.07399],[-110.72052,41.07072],[-110.72291,41.06842],[-110.73724,41.06845],[-110.73758,41.05861],[-110.7394,41.05508],[-110.74966,41.05472],[-110.75806,41.06104],[-110.75835,41.06833],[-110.761,41.06852],[-110.77103,41.08129],[-110.78489,41.08651],[-110.79093,41.08224],[-110.79157,41.07872],[-110.79412,41.0773],[-110.79374,41.08219],[-110.79642,41.08347],[-110.79935,41.07867],[-110.80706,41.07353],[-110.81014,41.06105],[-110.80908,41.0464],[-110.79842,41.04372],[-110.79706,41.03988],[-110.80309,41.03693],[-110.80317,41.03146],[-110.80039,41.02933],[-110.80127,41.02727],[-110.80643,41.03146],[-110.81848,41.03602],[-110.81963,41.03139],[-110.81789,41.02867],[-110.82196,41.01458],[-110.81847,41.01091],[-110.81981,41.005],[-110.81623,40.99709],[-110.53982,40.99635],[-110.50072,40.99475],[-110.00071,40.99735],[-110.00071,40.81368],[-110.01602,40.8145],[-110.02516,40.8205],[-110.03685,40.81831],[-110.0427,40.82067],[-110.05203,40.81229],[-110.06441,40.81421],[-110.07557,40.81004],[-110.08876,40.81103],[-110.10262,40.8079],[-110.11044,40.81133],[-110.12183,40.81135],[-110.12651,40.81493],[-110.1395,40.81099],[-110.14741,40.81418],[-110.14863,40.81758],[-110.15879,40.82102],[-110.16728,40.81988],[-110.17113,40.81676],[-110.1759,40.8177],[-110.18475,40.8215],[-110.18829,40.82635],[-110.20205,40.82174],[-110.21417,40.82739],[-110.2213,40.82557],[-110.22578,40.82646],[-110.22939,40.83081],[-110.2382,40.82819],[-110.248,40.83269],[-110.26157,40.83481],[-110.28588,40.82813],[-110.28981,40.82863],[-110.29355,40.83337],[-110.29673,40.83265],[-110.30142,40.82639],[-110.32032,40.82051],[-110.32784,40.81949],[-110.34274,40.82336],[-110.35112,40.81575],[-110.34895,40.80868],[-110.35517,40.80009],[-110.36533,40.79518],[-110.37437,40.78808],[-110.37896,40.78718],[-110.39597,40.7887],[-110.40026,40.7853],[-110.41119,40.78437],[-110.416,40.78854],[-110.42456,40.79195],[-110.43278,40.77828],[-110.4377,40.77778],[-110.44436,40.78125],[-110.45742,40.78307],[-110.46083,40.78001],[-110.46178,40.77582],[-110.47262,40.77184],[-110.48097,40.77501],[-110.48725,40.78016],[-110.49781,40.76865],[-110.52394,40.76153],[-110.52845,40.76421],[-110.53352,40.77108],[-110.54703,40.77373],[-110.55267,40.76452],[-110.56138,40.75836],[-110.56849,40.757],[-110.57664,40.75731],[-110.58318,40.76272],[-110.58883,40.76189],[-110.59462,40.75787],[-110.60702,40.75726],[-110.62129,40.76849],[-110.62574,40.76947],[-110.63374,40.76543],[-110.64013,40.75657],[-110.64651,40.75344],[-110.64759,40.74804],[-110.65674,40.74027],[-110.66471,40.74198],[-110.67694,40.73894],[-110.68962,40.74121],[-110.6961,40.74647],[-110.71318,40.75288],[-110.72184,40.74548],[-110.73382,40.74682],[-110.743,40.74473],[-110.75073,40.74771],[-110.75801,40.74227],[-110.76639,40.741],[-110.7656,40.73681],[-110.77461,40.73136],[-110.78322,40.73096],[-110.79374,40.71902],[-110.80641,40.7116],[-110.82341,40.71048],[-110.83181,40.71802],[-110.83937,40.71999],[-110.84748,40.72527],[-110.85436,40.72219],[-110.86335,40.72173],[-110.86522,40.72312],[-110.86418,40.72889],[-110.86715,40.73143],[-110.86732,40.73517],[-110.88276,40.76236],[-110.88631,40.78631],[-110.88278,40.79827],[-110.87446,40.80886],[-110.87118,40.81699],[-110.86358,40.82527],[-110.85369,40.83067],[-110.84813,40.83856],[-110.84681,40.85041],[-110.84892,40.84862],[-110.85013,40.85398],[-110.85188,40.85373],[-110.85596,40.84844],[-110.85942,40.85583],[-110.86652,40.85255],[-110.87607,40.85611],[-110.87892,40.85451],[-110.88981,40.85465],[-110.89279,40.85267],[-110.90084,40.85296],[-110.9034,40.85705],[-110.90691,40.85674],[-110.91308,40.85131],[-110.91552,40.85817],[-110.91796,40.85746],[-110.91839,40.86006],[-110.92174,40.86128],[-110.92075,40.86568],[-110.9093,40.88103],[-110.90277,40.89787],[-110.89549,40.90114],[-110.88894,40.90741],[-110.87801,40.91271],[-110.87355,40.91698],[-110.86457,40.93477],[-110.85872,40.94098],[-110.85653,40.9476],[-110.85782,40.94943],[-110.85676,40.95869],[-110.85183,40.96363],[-110.85394,40.96785],[-110.85795,40.97026],[-110.86097,40.97708],[-110.85977,40.97796],[-110.86476,40.98598],[-110.86377,40.9882],[-110.86799,40.99101],[-110.87068,40.99634],[-110.89041,40.99737],[-110.89181,41.00196],[-110.90531,41.00748],[-110.91267,41.00732],[-110.90948,41.00835],[-110.91363,41.01064],[-110.91335,41.01693],[-110.91658,41.0192],[-110.91632,41.02104],[-110.92073,41.02018],[-110.91993,41.02239],[-110.92305,41.02323],[-110.92079,41.02742],[-110.92204,41.02921],[-110.92089,41.03209],[-110.9273,41.0408],[-110.924,41.04211],[-110.92745,41.04528],[-110.93443,41.04364],[-110.93155,41.05014],[-110.93355,41.05138],[-110.92935,41.05368],[-110.92689,41.06231],[-110.92992,41.06869],[-110.9246,41.07708],[-110.9267,41.07655],[-110.92604,41.07971],[-110.92834,41.07982],[-110.92575,41.08159],[-110.9266,41.08332],[-110.92446,41.08307],[-110.92652,41.08489],[-110.92614,41.08741],[-110.92419,41.08819],[-110.92506,41.08961],[-110.92291,41.09122],[-110.92447,41.09283],[-110.92113,41.09608],[-110.9237,41.09622],[-110.92205,41.09842],[-110.92373,41.10122],[-110.91622,41.10772],[-110.92093,41.11447],[-110.9166,41.12209],[-110.92232,41.12495],[-110.92407,41.12928],[-110.92222,41.13399],[-110.92395,41.13978],[-110.92149,41.14959],[-110.92861,41.15237],[-110.93878,41.16106],[-110.93957,41.16573],[-110.94287,41.16863],[-110.94355,41.16705],[-110.95225,41.16812],[-110.98172,41.1649],[-110.98492,41.16691],[-110.9942,41.16684],[-110.99701,41.16985],[-111.03508,41.16126],[-111.04053,41.16275],[-111.04519,41.17247],[-111.04273,41.16514],[-111.04662,41.157],[-111.0466,41.17712]]]}},{"type":"Feature","id":"84716","properties":{"zip":"84716","pop":null,"city":"Boulder","county":"Garfield","state":"Utah","area":192.92,"lat":37.97148,"lon":-111.44929},"geometry":{"type":"Polygon","coordinates":[[[-111.59138,38.12925],[-111.58804,38.1319],[-111.58784,38.1362],[-111.58369,38.13979],[-111.58747,38.14373],[-111.58168,38.15004],[-111.4953,38.15014],[-111.49048,38.14309],[-111.4871,38.14232],[-111.48403,38.13847],[-111.47629,38.13456],[-111.47362,38.13496],[-111.46635,38.12871],[-111.45942,38.12853],[-111.44945,38.12403],[-111.44492,38.11909],[-111.43947,38.11654],[-111.43666,38.10253],[-111.43375,38.10227],[-111.42882,38.10558],[-111.42151,38.10242],[-111.4193,38.09901],[-111.4275,38.09838],[-111.42273,38.09303],[-111.41769,38.0919],[-111.41975,38.08785],[-111.41289,38.0824],[-111.4159,38.0801],[-111.4163,38.07449],[-111.42375,38.07153],[-111.42553,38.06627],[-111.4216,38.06342],[-111.41021,38.06103],[-111.40586,38.05684],[-111.39746,38.05705],[-111.39402,38.0589],[-111.39344,38.06183],[-111.39048,38.06051],[-111.38914,38.05703],[-111.37428,38.05366],[-111.37265,38.04988],[-111.36826,38.04815],[-111.37006,38.04684],[-111.36927,38.04522],[-111.36385,38.04552],[-111.36615,38.04235],[-111.36426,38.03885],[-111.36852,38.03523],[-111.37009,38.0298],[-111.36788,38.02755],[-111.35775,38.03317],[-111.35034,38.02804],[-111.34681,38.02185],[-111.33945,38.01893],[-111.33817,38.01284],[-111.33172,38.00858],[-111.32851,38.00215],[-111.32217,37.99981],[-111.3077,37.98577],[-111.30421,37.9766],[-111.30052,37.97398],[-111.30031,37.9642],[-111.29516,37.95444],[-111.30078,37.94682],[-111.3074,37.93204],[-111.30774,37.92007],[-111.31482,37.89739],[-111.3261,37.88645],[-111.32889,37.88068],[-111.31685,37.86463],[-111.31195,37.86303],[-111.3109,37.85313],[-111.31432,37.84995],[-111.31168,37.85398],[-111.31222,37.8566],[-111.32044,37.85922],[-111.32669,37.8676],[-111.33293,37.86878],[-111.33927,37.86823],[-111.34221,37.86301],[-111.3508,37.85911],[-111.35488,37.85502],[-111.3536,37.84657],[-111.35978,37.83947],[-111.36331,37.83829],[-111.36274,37.83487],[-111.36798,37.83259],[-111.36734,37.82868],[-111.372,37.82442],[-111.36749,37.82485],[-111.37081,37.82155],[-111.36665,37.82118],[-111.36918,37.81477],[-111.36586,37.81252],[-111.3671,37.81096],[-111.36567,37.807],[-111.36954,37.7994],[-111.36598,37.79876],[-111.36658,37.79451],[-111.36106,37.78799],[-111.36367,37.78521],[-111.36237,37.78398],[-111.36912,37.78753],[-111.36799,37.78909],[-111.37213,37.78991],[-111.37453,37.79322],[-111.37305,37.79508],[-111.37928,37.7983],[-111.37671,37.80163],[-111.3804,37.80268],[-111.37867,37.80524],[-111.38072,37.80739],[-111.38779,37.81119],[-111.39422,37.81195],[-111.39321,37.81309],[-111.39863,37.81614],[-111.3983,37.81813],[-111.40144,37.82108],[-111.4002,37.82175],[-111.40325,37.82393],[-111.40264,37.82997],[-111.40106,37.82941],[-111.40715,37.83555],[-111.40566,37.8382],[-111.40931,37.84163],[-111.4092,37.84491],[-111.41116,37.84507],[-111.41268,37.85411],[-111.41571,37.85754],[-111.42355,37.85751],[-111.42338,37.87245],[-111.44176,37.87223],[-111.44184,37.88658],[-111.44494,37.88653],[-111.44675,37.87593],[-111.4124,37.82868],[-111.4001,37.80639],[-111.40594,37.78685],[-111.42066,37.77508],[-111.42755,37.77344],[-111.42916,37.77528],[-111.43514,37.7713],[-111.43957,37.77648],[-111.44173,37.77321],[-111.4442,37.77317],[-111.44593,37.77576],[-111.45788,37.77503],[-111.45905,37.77625],[-111.45642,37.77721],[-111.45824,37.77967],[-111.45715,37.78078],[-111.45988,37.78375],[-111.45795,37.78466],[-111.46082,37.78645],[-111.45865,37.78695],[-111.46118,37.78904],[-111.45821,37.79115],[-111.46132,37.79169],[-111.45961,37.79483],[-111.46493,37.80193],[-111.46367,37.80333],[-111.46579,37.8054],[-111.46439,37.80571],[-111.46985,37.81214],[-111.46836,37.81402],[-111.47302,37.81749],[-111.4735,37.82194],[-111.47764,37.82237],[-111.47611,37.82309],[-111.47907,37.82694],[-111.47682,37.8275],[-111.48109,37.82983],[-111.48179,37.83356],[-111.4853,37.83493],[-111.48312,37.83545],[-111.48805,37.83952],[-111.48629,37.84361],[-111.48845,37.84835],[-111.48479,37.84916],[-111.48579,37.85069],[-111.48343,37.85337],[-111.49201,37.85795],[-111.48977,37.86205],[-111.49359,37.86272],[-111.49438,37.86706],[-111.50208,37.87007],[-111.50399,37.87314],[-111.51644,37.87778],[-111.53326,37.89208],[-111.53739,37.90408],[-111.54509,37.91508],[-111.55558,37.91905],[-111.55998,37.9274],[-111.55853,37.92818],[-111.56456,37.93044],[-111.5659,37.93368],[-111.57054,37.93654],[-111.57142,37.94205],[-111.57319,37.94292],[-111.57217,37.94569],[-111.57886,37.95199],[-111.57884,37.95967],[-111.58294,37.96405],[-111.58356,37.97038],[-111.58121,37.97055],[-111.57987,37.96774],[-111.57374,37.97003],[-111.5601,37.9646],[-111.55375,37.96448],[-111.55058,37.96623],[-111.55528,37.97029],[-111.55465,37.97114],[-111.55448,37.96965],[-111.54363,37.96844],[-111.54337,37.97025],[-111.53847,37.97134],[-111.53643,37.9784],[-111.5415,37.98664],[-111.5415,37.98959],[-111.53942,37.99402],[-111.5309,37.99717],[-111.52861,38.00226],[-111.5346,38.00457],[-111.5487,38.00182],[-111.56465,38.00248],[-111.56143,38.00961],[-111.56643,38.01111],[-111.56571,38.01873],[-111.57348,38.01915],[-111.57861,38.02865],[-111.57792,38.04517],[-111.57271,38.0487],[-111.56863,38.0552],[-111.57263,38.06482],[-111.57125,38.06812],[-111.57266,38.07292],[-111.56727,38.08749],[-111.56982,38.09845],[-111.56689,38.10689],[-111.5711,38.11446],[-111.58462,38.11871],[-111.58815,38.1225],[-111.58768,38.12471],[-111.58955,38.12441],[-111.59279,38.12807],[-111.59138,38.12925]]]}},{"type":"Feature","id":"84744","properties":{"zip":"84744","pop":null,"city":"","county":"Sevier","state":"Utah","area":84.72,"lat":38.64226,"lon":-111.93616},"geometry":{"type":"Polygon","coordinates":[[[-112.0777,38.68442],[-112.05394,38.69723],[-112.0556,38.70106],[-112.05156,38.70246],[-112.05168,38.7084],[-112.04686,38.70839],[-112.04686,38.70996],[-112.02554,38.71256],[-112.01178,38.71784],[-112.00064,38.70794],[-111.99577,38.70984],[-111.98366,38.72125],[-111.98173,38.72742],[-111.97407,38.73585],[-111.97612,38.74139],[-111.97434,38.75398],[-111.97792,38.75839],[-111.96523,38.76922],[-111.95228,38.77572],[-111.93517,38.74755],[-111.93079,38.74332],[-111.92879,38.7463],[-111.83433,38.63295],[-111.83836,38.62341],[-111.85291,38.6234],[-111.85384,38.59949],[-111.84923,38.59948],[-111.84895,38.60279],[-111.846,38.60285],[-111.84965,38.59529],[-111.84757,38.58857],[-111.84696,38.59106],[-111.84347,38.59231],[-111.83225,38.59143],[-111.82375,38.59403],[-111.81864,38.59278],[-111.82888,38.59186],[-111.83528,38.58908],[-111.83543,38.56978],[-111.84004,38.56779],[-111.83651,38.55434],[-111.84258,38.55499],[-111.84417,38.55092],[-111.84888,38.55682],[-111.84882,38.5522],[-111.85328,38.54698],[-111.85296,38.53707],[-111.85715,38.52715],[-111.85871,38.51094],[-111.85537,38.50224],[-111.85736,38.49554],[-111.86587,38.49122],[-111.86608,38.48651],[-111.8708,38.4755],[-111.87747,38.46967],[-111.8746,38.47049],[-111.87936,38.45795],[-111.87672,38.45489],[-111.88489,38.45219],[-111.88402,38.46341],[-111.88544,38.46392],[-111.87995,38.47364],[-111.87814,38.47384],[-111.8784,38.4758],[-111.87366,38.47664],[-111.87309,38.48015],[-111.86837,38.48592],[-111.86824,38.49131],[-111.88271,38.49149],[-111.90224,38.47508],[-111.90874,38.46261],[-111.91971,38.46285],[-111.91679,38.46698],[-111.92122,38.48548],[-111.92379,38.4896],[-111.91911,38.48697],[-111.90496,38.48532],[-111.90291,38.49295],[-111.89805,38.49576],[-111.89408,38.50218],[-111.89879,38.50316],[-111.89175,38.5169],[-111.88792,38.51682],[-111.88964,38.51778],[-111.87154,38.54917],[-111.86811,38.56593],[-111.87216,38.57242],[-111.87997,38.5737],[-111.88592,38.5724],[-111.8889,38.57738],[-111.89605,38.57619],[-111.9021,38.56659],[-111.91441,38.55945],[-111.92281,38.56129],[-111.92666,38.56403],[-111.93279,38.56223],[-111.94047,38.56341],[-111.94927,38.56023],[-111.96464,38.56141],[-111.96672,38.56303],[-111.96063,38.56296],[-111.95045,38.56679],[-111.95331,38.57388],[-111.94629,38.57672],[-111.94453,38.58239],[-111.9484,38.58369],[-111.94763,38.58682],[-111.93963,38.59128],[-111.93877,38.59661],[-111.9461,38.59712],[-111.94976,38.60211],[-111.9546,38.60228],[-111.95406,38.60688],[-111.96242,38.60875],[-111.96438,38.61166],[-111.96787,38.61252],[-111.96864,38.61883],[-111.97514,38.6196],[-111.97424,38.62447],[-111.9823,38.62578],[-111.98665,38.62411],[-111.99289,38.6179],[-111.99686,38.61689],[-112.02965,38.63206],[-112.03207,38.63707],[-112.03556,38.63782],[-112.0366,38.64099],[-112.04431,38.64585],[-112.04231,38.64672],[-112.04177,38.65147],[-112.04426,38.65469],[-112.05797,38.66056],[-112.06391,38.66558],[-112.06633,38.67297],[-112.07206,38.67692],[-112.0777,38.68442]]]}},{"type":"Feature","id":"84050","properties":{"zip":"84050","pop":null,"city":"","county":"Morgan","state":"Utah","area":293.52,"lat":41.02239,"lon":-111.67232},"geometry":{"type":"Polygon","coordinates":[[[-111.87463,41.17345],[-111.86883,41.18106],[-111.87295,41.18777],[-111.86028,41.19388],[-111.85821,41.1976],[-111.84018,41.19929],[-111.82897,41.20476],[-111.81757,41.20471],[-111.81225,41.21205],[-111.79981,41.21718],[-111.79359,41.21591],[-111.78971,41.21863],[-111.7812,41.21867],[-111.77892,41.21669],[-111.77448,41.21814],[-111.76367,41.21044],[-111.76493,41.20803],[-111.75759,41.21068],[-111.75464,41.21477],[-111.74908,41.21454],[-111.74598,41.21245],[-111.74552,41.20376],[-111.72812,41.19726],[-111.72625,41.19342],[-111.72152,41.19157],[-111.71711,41.18641],[-111.69837,41.18181],[-111.68476,41.18061],[-111.67268,41.18309],[-111.6725,41.18541],[-111.66738,41.18742],[-111.65687,41.18614],[-111.65439,41.18932],[-111.64637,41.19275],[-111.64092,41.19881],[-111.62429,41.20037],[-111.62287,41.20576],[-111.615,41.20797],[-111.61066,41.21196],[-111.60686,41.22312],[-111.60925,41.22922],[-111.59131,41.24081],[-111.58404,41.23834],[-111.55973,41.24024],[-111.55538,41.23792],[-111.53526,41.23618],[-111.52949,41.2324],[-111.52896,41.22984],[-111.53344,41.22888],[-111.54285,41.21901],[-111.54203,41.21116],[-111.54493,41.20592],[-111.54322,41.19686],[-111.54984,41.19337],[-111.5526,41.1892],[-111.55505,41.19018],[-111.55984,41.18687],[-111.56293,41.18294],[-111.56342,41.16901],[-111.56599,41.16848],[-111.56706,41.16502],[-111.56694,41.16023],[-111.56216,41.15648],[-111.55981,41.14871],[-111.5535,41.1427],[-111.55519,41.13546],[-111.554,41.12866],[-111.55163,41.12387],[-111.54608,41.11945],[-111.54501,41.11512],[-111.54639,41.11149],[-111.54344,41.1071],[-111.54372,41.10327],[-111.53973,41.09958],[-111.54025,41.09249],[-111.54536,41.08609],[-111.5449,41.08311],[-111.53961,41.07737],[-111.52569,41.07101],[-111.53054,41.0624],[-111.54014,41.05916],[-111.53291,41.05704],[-111.52977,41.05284],[-111.54105,41.04528],[-111.54537,41.03739],[-111.55507,41.0322],[-111.55297,41.02971],[-111.55742,41.02421],[-111.55334,41.02046],[-111.55434,41.01705],[-111.55875,41.011],[-111.56873,41.00288],[-111.56663,41.00048],[-111.57278,41.00069],[-111.57985,40.99591],[-111.58765,40.9963],[-111.59257,40.9933],[-111.59368,40.98634],[-111.58765,40.97872],[-111.58803,40.96586],[-111.58422,40.9616],[-111.5776,40.95837],[-111.57427,40.96072],[-111.56245,40.96018],[-111.5496,40.95399],[-111.53427,40.95815],[-111.5249,40.95384],[-111.52359,40.94592],[-111.5265,40.9385],[-111.52875,40.91896],[-111.51653,40.91765],[-111.51009,40.91185],[-111.50858,40.90969],[-111.51043,40.89862],[-111.50115,40.89202],[-111.49858,40.8845],[-111.48907,40.87413],[-111.48616,40.87312],[-111.48166,40.86466],[-111.48042,40.8554],[-111.48338,40.85358],[-111.48784,40.85432],[-111.49193,40.8501],[-111.50006,40.83202],[-111.51006,40.82107],[-111.51692,40.81939],[-111.51617,40.81279],[-111.51084,40.81038],[-111.51455,40.80546],[-111.51429,40.80043],[-111.51795,40.79818],[-111.51942,40.79169],[-111.5253,40.78902],[-111.52799,40.78536],[-111.55447,40.77995],[-111.55784,40.78069],[-111.55977,40.78487],[-111.57102,40.78558],[-111.58146,40.78927],[-111.58193,40.79158],[-111.5879,40.79369],[-111.58796,40.79751],[-111.59422,40.805],[-111.61103,40.81106],[-111.61661,40.81063],[-111.62432,40.8047],[-111.64105,40.79892],[-111.64082,40.80506],[-111.64248,40.80574],[-111.63905,40.80929],[-111.64227,40.81845],[-111.64559,40.82054],[-111.64565,40.82406],[-111.65176,40.82404],[-111.65246,40.82735],[-111.65673,40.8305],[-111.66569,40.83066],[-111.66389,40.84092],[-111.66048,40.84508],[-111.664,40.85019],[-111.67411,40.85528],[-111.68332,40.8563],[-111.69591,40.86178],[-111.7013,40.86124],[-111.70673,40.85277],[-111.71236,40.85168],[-111.72084,40.85576],[-111.72462,40.85469],[-111.73874,40.861],[-111.7405,40.8654],[-111.74699,40.87118],[-111.76377,40.87371],[-111.76829,40.87253],[-111.76177,40.88737],[-111.77022,40.88842],[-111.77554,40.89568],[-111.7817,40.89604],[-111.77602,40.90014],[-111.78159,40.91137],[-111.79347,40.91586],[-111.7931,40.92411],[-111.79081,40.92779],[-111.80398,40.9407],[-111.80388,40.94424],[-111.80687,40.94919],[-111.81169,40.95017],[-111.8154,40.95772],[-111.81391,40.95997],[-111.8077,40.95741],[-111.79076,40.96085],[-111.78253,40.9568],[-111.77504,40.95932],[-111.77562,40.96136],[-111.78277,40.96885],[-111.79304,40.98574],[-111.80417,40.99497],[-111.80613,41.00169],[-111.81047,41.00509],[-111.81998,41.00645],[-111.82192,41.00812],[-111.82053,41.01084],[-111.8257,41.0185],[-111.82879,41.02078],[-111.83462,41.02032],[-111.83839,41.02348],[-111.83744,41.02557],[-111.8394,41.03137],[-111.83683,41.03618],[-111.83369,41.03701],[-111.83944,41.04065],[-111.83869,41.04465],[-111.84416,41.04985],[-111.84443,41.05886],[-111.8518,41.06665],[-111.84836,41.07574],[-111.85195,41.08246],[-111.85083,41.0879],[-111.85513,41.09272],[-111.85176,41.09769],[-111.8565,41.10288],[-111.85396,41.10814],[-111.85612,41.11191],[-111.84916,41.1156],[-111.84455,41.12179],[-111.84494,41.12398],[-111.84935,41.13393],[-111.85716,41.13751],[-111.85751,41.14829],[-111.85494,41.15048],[-111.85456,41.15452],[-111.87055,41.1611],[-111.8714,41.16491],[-111.8766,41.16974],[-111.87463,41.17345]]]}},{"type":"Feature","id":"84663","properties":{"zip":"84663","pop":null,"city":"Springville","county":"Utah","state":"Utah","area":83.78,"lat":40.19267,"lon":-111.48906},"geometry":{"type":"Polygon","coordinates":[[[-111.66946,40.17839],[-111.66825,40.18044],[-111.66173,40.18202],[-111.66101,40.18506],[-111.64673,40.18406],[-111.6467,40.18774],[-111.63785,40.18816],[-111.6382,40.19414],[-111.62427,40.19396],[-111.6204,40.18651],[-111.61603,40.18583],[-111.61071,40.18706],[-111.61253,40.19215],[-111.60895,40.1922],[-111.59917,40.18335],[-111.5939,40.18501],[-111.58514,40.19821],[-111.58633,40.20194],[-111.5859,40.2047],[-111.58271,40.20707],[-111.58339,40.21041],[-111.59103,40.21722],[-111.61827,40.2219],[-111.61832,40.2269],[-111.61171,40.2313],[-111.61066,40.23569],[-111.61182,40.24106],[-111.61507,40.24108],[-111.61697,40.24334],[-111.60572,40.24453],[-111.59184,40.25055],[-111.58551,40.24369],[-111.5742,40.24137],[-111.57098,40.24333],[-111.55835,40.24328],[-111.55066,40.24691],[-111.5183,40.24684],[-111.5179,40.25024],[-111.49957,40.25002],[-111.49948,40.24669],[-111.47001,40.24665],[-111.4712,40.24755],[-111.46575,40.24979],[-111.46424,40.2549],[-111.45999,40.25217],[-111.45334,40.25487],[-111.446,40.25345],[-111.44478,40.25562],[-111.44379,40.25275],[-111.43716,40.25262],[-111.44527,40.25191],[-111.45171,40.24662],[-111.30335,40.24639],[-111.30625,40.24298],[-111.31098,40.24236],[-111.31899,40.23248],[-111.32543,40.22973],[-111.33276,40.21688],[-111.33687,40.21444],[-111.33931,40.2096],[-111.34547,40.20775],[-111.34728,40.20296],[-111.35304,40.19959],[-111.35226,40.19132],[-111.34404,40.19159],[-111.34318,40.19322],[-111.33577,40.18696],[-111.35594,40.17909],[-111.36531,40.1701],[-111.3746,40.16545],[-111.37696,40.15509],[-111.37516,40.15333],[-111.37707,40.13952],[-111.38581,40.13123],[-111.38781,40.12683],[-111.39323,40.12312],[-111.39435,40.12793],[-111.39167,40.12953],[-111.39329,40.13253],[-111.39552,40.13596],[-111.40383,40.13989],[-111.40122,40.14097],[-111.40263,40.14305],[-111.39964,40.14562],[-111.40638,40.14865],[-111.41059,40.14599],[-111.41335,40.14838],[-111.41126,40.1569],[-111.41842,40.16749],[-111.44641,40.14608],[-111.44788,40.13848],[-111.4569,40.13565],[-111.46564,40.12148],[-111.47,40.12241],[-111.48023,40.11732],[-111.48305,40.11773],[-111.48584,40.1239],[-111.49236,40.1296],[-111.49792,40.12994],[-111.51564,40.13646],[-111.52109,40.13691],[-111.52787,40.13174],[-111.53482,40.13229],[-111.53519,40.13611],[-111.5278,40.14309],[-111.53037,40.1454],[-111.54039,40.14476],[-111.54476,40.14708],[-111.54353,40.14874],[-111.56954,40.14696],[-111.58039,40.14922],[-111.59821,40.14916],[-111.59944,40.14477],[-111.60279,40.14475],[-111.60028,40.13927],[-111.60731,40.13745],[-111.60729,40.13379],[-111.61235,40.13181],[-111.6135,40.13364],[-111.61548,40.12997],[-111.61426,40.12641],[-111.61917,40.12639],[-111.61923,40.12819],[-111.62098,40.12816],[-111.61961,40.13],[-111.63101,40.13071],[-111.63105,40.13584],[-111.62843,40.13731],[-111.63105,40.13729],[-111.63106,40.13905],[-111.6359,40.13755],[-111.63747,40.14021],[-111.63906,40.13896],[-111.64074,40.14285],[-111.64668,40.13811],[-111.64667,40.14455],[-111.65511,40.14445],[-111.65699,40.15402],[-111.65214,40.15448],[-111.6521,40.15601],[-111.66112,40.15595],[-111.66777,40.16308],[-111.66935,40.16605],[-111.66946,40.17839]]]}},{"type":"Feature","id":"84533","properties":{"zip":"84533","pop":null,"city":"","county":"San Juan","state":"Utah","area":1573.02,"lat":37.4082,"lon":-110.56849},"geometry":{"type":"Polygon","coordinates":[[[-111.52113,37.09173],[-111.51658,37.09584],[-111.50728,37.09709],[-111.50048,37.10162],[-111.49236,37.11186],[-111.49123,37.11741],[-111.49508,37.13009],[-111.48508,37.13052],[-111.48226,37.13529],[-111.46904,37.13532],[-111.46333,37.13341],[-111.45685,37.13545],[-111.45033,37.13281],[-111.43895,37.13492],[-111.42766,37.12573],[-111.41227,37.12156],[-111.41446,37.13064],[-111.40662,37.13088],[-111.40224,37.13365],[-111.38911,37.13222],[-111.37341,37.13347],[-111.35028,37.12135],[-111.33441,37.12269],[-111.3235,37.12571],[-111.32401,37.13013],[-111.32071,37.13839],[-111.32359,37.14833],[-111.32686,37.14915],[-111.34926,37.16628],[-111.35378,37.16584],[-111.36291,37.1704],[-111.3679,37.18305],[-111.36705,37.18555],[-111.36386,37.18351],[-111.35298,37.18477],[-111.33615,37.19312],[-111.33302,37.1926],[-111.32972,37.1981],[-111.31932,37.20421],[-111.32184,37.20817],[-111.31976,37.21275],[-111.32185,37.2182],[-111.32442,37.21965],[-111.32157,37.22252],[-111.23769,37.22258],[-111.2377,37.20805],[-111.05684,37.20802],[-111.05697,37.23696],[-111.01923,37.23701],[-111.01951,37.28281],[-111.01674,37.28285],[-111.01675,37.29718],[-111.02103,37.29709],[-111.02204,37.30105],[-111.02759,37.30439],[-111.02949,37.30284],[-111.03091,37.30291],[-111.03052,37.30479],[-111.03496,37.30383],[-111.03511,37.32646],[-111.05036,37.32639],[-111.07018,37.33256],[-111.07137,37.35509],[-111.01825,37.35532],[-111.01824,37.39761],[-111.09075,37.39865],[-111.09078,37.42767],[-111.14526,37.42764],[-111.1453,37.45664],[-111.0907,37.45662],[-111.09065,37.51462],[-111.127,37.51453],[-111.12705,37.54018],[-110.64639,37.54106],[-110.63422,37.55575],[-110.62041,37.56286],[-110.61335,37.56439],[-110.60361,37.57126],[-110.59934,37.58165],[-110.60101,37.6016],[-110.59514,37.60612],[-110.57091,37.61244],[-110.56628,37.61588],[-110.56602,37.62499],[-110.56423,37.62499],[-110.56389,37.63432],[-110.56096,37.64072],[-110.55517,37.64234],[-110.54733,37.6363],[-110.53805,37.6329],[-110.53182,37.63596],[-110.52705,37.64621],[-110.51388,37.65663],[-110.51112,37.65677],[-110.50159,37.65],[-110.49771,37.65221],[-110.49432,37.66558],[-110.48556,37.67521],[-110.48412,37.68168],[-110.4834,37.69667],[-110.48788,37.70219],[-110.47737,37.70614],[-110.47007,37.71269],[-110.46813,37.72478],[-110.454,37.7311],[-110.44728,37.73693],[-110.44648,37.75856],[-110.42936,37.77086],[-110.42662,37.7761],[-110.42811,37.77899],[-110.431,37.7789],[-110.44151,37.77346],[-110.45974,37.77071],[-110.46308,37.77194],[-110.47059,37.78125],[-110.47309,37.79362],[-110.47692,37.79637],[-110.47653,37.80084],[-110.47031,37.80912],[-110.45215,37.81],[-110.44241,37.80603],[-110.43754,37.80692],[-110.43262,37.83458],[-110.42155,37.84419],[-110.4057,37.84832],[-110.40236,37.85224],[-110.40461,37.87992],[-110.38809,37.88791],[-110.37029,37.89089],[-110.34163,37.87085],[-110.34341,37.86583],[-110.35427,37.85966],[-110.35324,37.8537],[-110.35872,37.8276],[-110.3579,37.82373],[-110.34623,37.8178],[-110.34068,37.81155],[-110.31956,37.80617],[-110.30594,37.79942],[-110.28927,37.77589],[-110.28072,37.75402],[-110.28027,37.7426],[-110.27244,37.73702],[-110.25065,37.72987],[-110.24123,37.70646],[-110.23176,37.69893],[-110.2294,37.69344],[-110.21769,37.68009],[-110.1826,37.65868],[-110.17597,37.65639],[-110.15891,37.63683],[-110.15272,37.63556],[-110.14856,37.63768],[-110.13968,37.65436],[-110.13487,37.65493],[-110.12369,37.65149],[-110.11489,37.64689],[-110.10623,37.63665],[-110.08864,37.62993],[-110.0771,37.60341],[-110.06607,37.60503],[-110.04783,37.59642],[-110.04778,37.60579],[-110.03409,37.60579],[-110.03409,37.60938],[-110.02953,37.60941],[-110.02958,37.61666],[-110.02502,37.6167],[-110.02504,37.62032],[-110.01598,37.62033],[-110.01603,37.6276],[-109.99334,37.62761],[-109.9933,37.63484],[-109.9665,37.63476],[-109.96654,37.60831],[-109.94259,37.60128],[-109.94147,37.59685],[-109.93888,37.59578],[-109.93125,37.59613],[-109.92253,37.59309],[-109.91484,37.58649],[-109.91425,37.58151],[-109.89781,37.58677],[-109.88623,37.57949],[-109.89122,37.55715],[-109.88954,37.54815],[-109.89115,37.53599],[-109.89659,37.52558],[-109.89362,37.50621],[-109.8975,37.48758],[-109.90752,37.47803],[-109.91374,37.46213],[-109.94971,37.46608],[-109.95197,37.46231],[-109.95122,37.45529],[-109.95357,37.4463],[-109.94984,37.43108],[-109.94391,37.43325],[-109.93508,37.433],[-109.9337,37.43097],[-109.94415,37.41713],[-109.94603,37.40623],[-109.94253,37.38112],[-109.93877,37.37184],[-109.9265,37.37018],[-109.92272,37.36688],[-109.91954,37.34889],[-109.92154,37.33789],[-109.91394,37.33511],[-109.91338,37.33271],[-109.92079,37.31302],[-109.93789,37.29065],[-109.94026,37.28084],[-109.9431,37.2777],[-109.9504,37.27808],[-109.96461,37.26708],[-109.97679,37.2457],[-109.97695,37.24432],[-109.9465,37.24432],[-109.94651,37.2153],[-109.96473,37.21536],[-109.96452,37.1959],[-109.97272,37.20011],[-109.98005,37.19648],[-109.98438,37.19685],[-109.98625,37.20382],[-109.97993,37.21003],[-109.98489,37.21418],[-109.99118,37.21263],[-109.99404,37.20403],[-109.99737,37.20119],[-110.00537,37.20138],[-110.00752,37.20693],[-109.99918,37.21393],[-110.00123,37.21678],[-110.01121,37.22138],[-110.01108,37.22769],[-110.01321,37.22881],[-110.02108,37.22599],[-110.02608,37.21579],[-110.03579,37.21856],[-110.0373,37.22555],[-110.04464,37.23429],[-110.03933,37.23952],[-110.04712,37.24641],[-110.05003,37.24674],[-110.06296,37.24023],[-110.07233,37.23985],[-110.07613,37.24367],[-110.07526,37.25],[-110.07685,37.25331],[-110.08292,37.25696],[-110.09288,37.25754],[-110.09995,37.273],[-110.10873,37.28091],[-110.11511,37.29091],[-110.1279,37.29458],[-110.13235,37.29785],[-110.15401,37.30371],[-110.15466,37.307],[-110.14853,37.31598],[-110.15074,37.32045],[-110.16782,37.31706],[-110.19583,37.31998],[-110.20796,37.31784],[-110.21465,37.31137],[-110.21885,37.30362],[-110.23145,37.29464],[-110.23874,37.29357],[-110.24696,37.29631],[-110.26142,37.29708],[-110.27373,37.28904],[-110.28606,37.28431],[-110.29316,37.28501],[-110.30012,37.2917],[-110.3049,37.29309],[-110.30737,37.29539],[-110.30787,37.2992],[-110.31402,37.30547],[-110.31975,37.30114],[-110.32606,37.30088],[-110.34206,37.29536],[-110.35036,37.28986],[-110.3483,37.28574],[-110.35066,37.28337],[-110.40336,37.29224],[-110.40898,37.29026],[-110.41134,37.28522],[-110.40978,37.28631],[-110.40954,37.27825],[-110.41143,37.27479],[-110.40716,37.2767],[-110.40783,37.27497],[-110.40562,37.27417],[-110.41183,37.26832],[-110.4104,37.26698],[-110.41213,37.26083],[-110.40738,37.25914],[-110.40658,37.25458],[-110.40799,37.25403],[-110.40748,37.25554],[-110.41266,37.25853],[-110.41733,37.25601],[-110.4163,37.25786],[-110.42075,37.25892],[-110.42429,37.2552],[-110.42188,37.25421],[-110.42436,37.24834],[-110.42369,37.24714],[-110.42086,37.24746],[-110.41915,37.24594],[-110.42143,37.24703],[-110.42147,37.24411],[-110.42309,37.24488],[-110.42147,37.24233],[-110.42401,37.24377],[-110.42521,37.24208],[-110.42459,37.24433],[-110.42738,37.24521],[-110.42626,37.24972],[-110.4276,37.2472],[-110.42874,37.24967],[-110.43452,37.24704],[-110.43413,37.24942],[-110.43954,37.24703],[-110.43942,37.24902],[-110.44631,37.24949],[-110.44462,37.25251],[-110.45005,37.25153],[-110.45773,37.26234],[-110.46031,37.26318],[-110.46405,37.26135],[-110.46112,37.25865],[-110.46222,37.25731],[-110.46053,37.25633],[-110.45976,37.25386],[-110.46546,37.26085],[-110.46736,37.25893],[-110.4664,37.25699],[-110.46818,37.25829],[-110.47334,37.25362],[-110.49,37.25827],[-110.50128,37.25548],[-110.50913,37.24828],[-110.50564,37.2472],[-110.50801,37.24636],[-110.50613,37.24383],[-110.50973,37.24323],[-110.50889,37.24469],[-110.51135,37.24304],[-110.50822,37.23997],[-110.51372,37.24],[-110.51063,37.23924],[-110.50883,37.23755],[-110.51487,37.23647],[-110.51054,37.23105],[-110.5133,37.22965],[-110.51286,37.2257],[-110.51489,37.2239],[-110.51329,37.22207],[-110.51563,37.2179],[-110.51301,37.21738],[-110.51509,37.21309],[-110.51267,37.20814],[-110.52126,37.21638],[-110.53229,37.2194],[-110.54112,37.21639],[-110.55662,37.21813],[-110.5597,37.21067],[-110.56238,37.20856],[-110.56082,37.20679],[-110.56418,37.20468],[-110.56415,37.19824],[-110.56185,37.1986],[-110.56315,37.19705],[-110.56091,37.1966],[-110.56141,37.19343],[-110.56521,37.19537],[-110.56413,37.192],[-110.56661,37.1903],[-110.5631,37.18777],[-110.56338,37.1859],[-110.55763,37.18656],[-110.55832,37.1831],[-110.55831,37.18634],[-110.56343,37.1851],[-110.56407,37.18797],[-110.56926,37.18888],[-110.56681,37.19316],[-110.57005,37.19276],[-110.57111,37.19642],[-110.57319,37.19712],[-110.57032,37.19754],[-110.56881,37.20219],[-110.56701,37.20163],[-110.56379,37.20878],[-110.56983,37.21003],[-110.57229,37.20554],[-110.57361,37.207],[-110.5758,37.20433],[-110.58223,37.2054],[-110.59024,37.19804],[-110.58963,37.20153],[-110.59323,37.20326],[-110.59891,37.20133],[-110.6014,37.20412],[-110.60035,37.20173],[-110.60237,37.20002],[-110.60159,37.20197],[-110.6046,37.20186],[-110.60516,37.20675],[-110.60743,37.20639],[-110.61242,37.21129],[-110.61341,37.22024],[-110.61982,37.21947],[-110.62569,37.22178],[-110.62731,37.22386],[-110.62665,37.22833],[-110.63226,37.23547],[-110.63232,37.23225],[-110.63383,37.23419],[-110.63868,37.23477],[-110.64068,37.23841],[-110.64125,37.23698],[-110.65369,37.24136],[-110.65645,37.24681],[-110.6551,37.25331],[-110.65627,37.25591],[-110.6726,37.25068],[-110.69471,37.26543],[-110.70178,37.26654],[-110.70907,37.25837],[-110.70807,37.25279],[-110.70516,37.24953],[-110.69927,37.24688],[-110.68982,37.24699],[-110.68758,37.24418],[-110.68216,37.2425],[-110.6725,37.24264],[-110.65886,37.2364],[-110.66104,37.22878],[-110.671,37.21918],[-110.6644,37.21812],[-110.65681,37.22175],[-110.65146,37.21967],[-110.65494,37.21676],[-110.65196,37.20925],[-110.65317,37.20898],[-110.64987,37.20621],[-110.65049,37.20172],[-110.64678,37.19939],[-110.65215,37.19837],[-110.65223,37.19481],[-110.64898,37.1923],[-110.65571,37.18884],[-110.64915,37.18036],[-110.65342,37.18151],[-110.65404,37.185],[-110.65665,37.1865],[-110.6567,37.18405],[-110.66195,37.18202],[-110.66121,37.18344],[-110.66488,37.18492],[-110.66728,37.18212],[-110.66925,37.18371],[-110.66956,37.18042],[-110.67477,37.17886],[-110.67561,37.17475],[-110.67761,37.17472],[-110.67653,37.17041],[-110.67978,37.16984],[-110.67829,37.16611],[-110.68391,37.16757],[-110.68532,37.17048],[-110.68942,37.17225],[-110.6892,37.16978],[-110.69193,37.17256],[-110.69822,37.17273],[-110.7,37.17608],[-110.70198,37.16928],[-110.69947,37.1682],[-110.70152,37.16795],[-110.69794,37.16571],[-110.69735,37.16213],[-110.69526,37.16293],[-110.69647,37.16038],[-110.69396,37.15429],[-110.69537,37.14953],[-110.69083,37.14746],[-110.69172,37.14602],[-110.68994,37.14525],[-110.69183,37.14572],[-110.6914,37.14719],[-110.6974,37.14813],[-110.69579,37.15021],[-110.69669,37.15435],[-110.70162,37.16446],[-110.7035,37.16571],[-110.70457,37.16347],[-110.70787,37.16495],[-110.71057,37.17262],[-110.71865,37.1775],[-110.72212,37.18915],[-110.72529,37.18918],[-110.72845,37.1865],[-110.73101,37.1821],[-110.7312,37.17566],[-110.7396,37.17326],[-110.73933,37.16804],[-110.74561,37.16759],[-110.74646,37.16461],[-110.74488,37.16201],[-110.74524,37.16138],[-110.7472,37.1654],[-110.74621,37.16775],[-110.73976,37.16881],[-110.74141,37.17348],[-110.7534,37.17507],[-110.75603,37.16893],[-110.76795,37.16981],[-110.76846,37.16367],[-110.76439,37.16047],[-110.76431,37.15857],[-110.76616,37.15645],[-110.76471,37.15453],[-110.76581,37.15245],[-110.76315,37.15163],[-110.76593,37.1521],[-110.76523,37.15515],[-110.76695,37.15697],[-110.76556,37.1602],[-110.76749,37.1627],[-110.77146,37.16079],[-110.77,37.16208],[-110.77002,37.16962],[-110.77611,37.16754],[-110.78075,37.16968],[-110.78261,37.17372],[-110.78433,37.1648],[-110.78776,37.16823],[-110.79383,37.16628],[-110.79667,37.16815],[-110.80222,37.168],[-110.80964,37.16406],[-110.81303,37.14857],[-110.81446,37.15606],[-110.81581,37.15545],[-110.81732,37.15884],[-110.82788,37.15953],[-110.83562,37.16972],[-110.83748,37.17833],[-110.84332,37.17119],[-110.85401,37.16814],[-110.8546,37.16472],[-110.85605,37.16772],[-110.86039,37.16984],[-110.85962,37.17604],[-110.86131,37.18082],[-110.86519,37.17981],[-110.86177,37.17116],[-110.86362,37.16848],[-110.86208,37.16631],[-110.86661,37.15832],[-110.86579,37.15375],[-110.86764,37.15695],[-110.87214,37.1531],[-110.86458,37.16544],[-110.86626,37.16803],[-110.87448,37.1684],[-110.87771,37.17618],[-110.87554,37.1801],[-110.86549,37.18803],[-110.86257,37.19325],[-110.86658,37.19544],[-110.87374,37.18953],[-110.87452,37.18729],[-110.87297,37.18763],[-110.87535,37.18373],[-110.88437,37.17515],[-110.88447,37.17254],[-110.89329,37.1761],[-110.89669,37.17435],[-110.92187,37.17861],[-110.92645,37.17079],[-110.92912,37.15867],[-110.93343,37.1506],[-110.93631,37.1484],[-110.94291,37.14828],[-110.94983,37.15263],[-110.95489,37.15142],[-110.95628,37.14753],[-110.95066,37.13497],[-110.95833,37.12444],[-110.96667,37.12401],[-110.98081,37.128],[-110.98466,37.12499],[-110.9813,37.11649],[-110.9887,37.11169],[-111.0007,37.11169],[-111.01369,37.11568],[-111.02044,37.11153],[-111.04271,37.1076],[-111.04771,37.10016],[-111.05149,37.09909],[-111.05767,37.0994],[-111.06098,37.1064],[-111.06564,37.10797],[-111.07794,37.10269],[-111.09073,37.10512],[-111.10197,37.10285],[-111.12094,37.10804],[-111.12791,37.10334],[-111.13416,37.091],[-111.14075,37.08849],[-111.15231,37.092],[-111.16476,37.10528],[-111.17835,37.10261],[-111.18923,37.08633],[-111.21667,37.05757],[-111.22225,37.05575],[-111.22587,37.05729],[-111.23319,37.06968],[-111.23696,37.07008],[-111.24088,37.06707],[-111.24818,37.05096],[-111.24733,37.04769],[-111.24576,37.04557],[-111.23208,37.04262],[-111.22994,37.03857],[-111.23778,37.02347],[-111.24177,37.02084],[-111.24749,37.0216],[-111.25071,37.02511],[-111.26331,37.0489],[-111.26777,37.05358],[-111.28627,37.05954],[-111.29789,37.06646],[-111.3017,37.06641],[-111.30511,37.06196],[-111.30583,37.05651],[-111.30206,37.04559],[-111.29724,37.04337],[-111.28445,37.04446],[-111.28153,37.04192],[-111.28689,37.03616],[-111.30363,37.0286],[-111.30729,37.02497],[-111.30374,37.01782],[-111.30628,37.01237],[-111.31486,37.01213],[-111.32273,37.01928],[-111.32863,37.02102],[-111.33601,37.01693],[-111.34433,37.00897],[-111.36213,37.0047],[-111.36621,37.00854],[-111.36731,37.00696],[-111.3687,37.00846],[-111.37354,37.00727],[-111.37447,37.01034],[-111.37769,37.00619],[-111.38734,37.0064],[-111.38921,37.00803],[-111.39122,37.00677],[-111.39448,37.01053],[-111.39319,37.01405],[-111.40133,37.01361],[-111.40601,37.0098],[-111.40845,37.01178],[-111.40143,37.01849],[-111.40703,37.01861],[-111.40125,37.02238],[-111.39921,37.02722],[-111.38755,37.03561],[-111.38685,37.03977],[-111.38013,37.0405],[-111.3853,37.04217],[-111.3843,37.04715],[-111.38697,37.04531],[-111.38274,37.04978],[-111.39001,37.0478],[-111.38612,37.05074],[-111.39065,37.04992],[-111.3926,37.05238],[-111.38957,37.05665],[-111.39392,37.05356],[-111.39753,37.05491],[-111.3961,37.05536],[-111.3951,37.05752],[-111.39806,37.05545],[-111.39771,37.06322],[-111.39825,37.0624],[-111.39979,37.06175],[-111.40004,37.06119],[-111.3988,37.06071],[-111.39952,37.05371],[-111.4013,37.05039],[-111.40946,37.0516],[-111.41212,37.04433],[-111.41241,37.04713],[-111.41418,37.04319],[-111.42078,37.04286],[-111.41883,37.04428],[-111.42794,37.04599],[-111.42863,37.04758],[-111.43182,37.04656],[-111.42769,37.04892],[-111.4323,37.05197],[-111.43044,37.05316],[-111.42335,37.04923],[-111.4221,37.04939],[-111.42778,37.05322],[-111.42574,37.05407],[-111.42788,37.05559],[-111.4254,37.05675],[-111.42774,37.05763],[-111.42536,37.06166],[-111.4308,37.05693],[-111.43112,37.05982],[-111.4357,37.06103],[-111.43468,37.06556],[-111.43659,37.066],[-111.4356,37.06917],[-111.43146,37.0701],[-111.43394,37.0707],[-111.42843,37.07321],[-111.42784,37.07403],[-111.43429,37.0719],[-111.4363,37.07366],[-111.43117,37.07719],[-111.42661,37.08156],[-111.42581,37.08354],[-111.43383,37.07663],[-111.43451,37.07791],[-111.43686,37.07562],[-111.4386,37.07681],[-111.43941,37.07508],[-111.44148,37.07676],[-111.44133,37.07423],[-111.4438,37.07314],[-111.44551,37.07608],[-111.449,37.07525],[-111.44943,37.07946],[-111.45136,37.08023],[-111.44578,37.08403],[-111.45223,37.08157],[-111.45526,37.08426],[-111.44852,37.08802],[-111.46043,37.08655],[-111.45781,37.08814],[-111.45735,37.08994],[-111.45827,37.08869],[-111.46346,37.09054],[-111.46479,37.0948],[-111.46287,37.09486],[-111.46146,37.09777],[-111.45959,37.09839],[-111.45865,37.1003],[-111.45996,37.09941],[-111.46303,37.09612],[-111.46578,37.096],[-111.4672,37.09886],[-111.46467,37.10051],[-111.46747,37.09942],[-111.46818,37.10319],[-111.46493,37.10626],[-111.46791,37.10603],[-111.47011,37.10263],[-111.47004,37.10647],[-111.47271,37.10789],[-111.47539,37.10628],[-111.4713,37.10621],[-111.4729,37.10388],[-111.4754,37.1046],[-111.47802,37.10402],[-111.47347,37.10393],[-111.47058,37.10085],[-111.46819,37.09705],[-111.46881,37.09424],[-111.47014,37.0952],[-111.47123,37.0944],[-111.46895,37.09341],[-111.46993,37.09017],[-111.47682,37.08853],[-111.4687,37.08846],[-111.4695,37.08434],[-111.46089,37.07842],[-111.46179,37.07317],[-111.46313,37.07879],[-111.46873,37.07891],[-111.46638,37.07716],[-111.46955,37.07573],[-111.47162,37.08084],[-111.47209,37.07894],[-111.47842,37.0763],[-111.48534,37.07991],[-111.48929,37.07899],[-111.48912,37.08099],[-111.49388,37.07955],[-111.49878,37.08468],[-111.50472,37.08525],[-111.50725,37.08833],[-111.5124,37.09005],[-111.52089,37.08986],[-111.52113,37.09173]]]}},{"type":"Feature","id":"84313","properties":{"zip":"84313","pop":null,"city":"","county":"Box Elder","state":"Utah","area":1144.35,"lat":41.34604,"lon":-113.71312},"geometry":{"type":"Polygon","coordinates":[[[-114.04255,41.21092],[-114.03997,41.62492],[-114.04115,41.85059],[-114.03965,41.88482],[-114.04148,41.99387],[-113.99009,41.99309],[-113.99237,41.98676],[-114.00085,41.97559],[-114.01134,41.96692],[-114.01269,41.96353],[-114.00835,41.93979],[-114.0096,41.91453],[-114.01302,41.90226],[-113.99664,41.88983],[-113.9816,41.88241],[-113.95641,41.87369],[-113.95078,41.86726],[-113.94805,41.86835],[-113.93927,41.86611],[-113.93665,41.86178],[-113.92115,41.85381],[-113.91967,41.84986],[-113.92213,41.8438],[-113.92177,41.83678],[-113.9171,41.82913],[-113.917,41.82133],[-113.90109,41.81204],[-113.89447,41.80319],[-113.86034,41.78331],[-113.85234,41.77491],[-113.85062,41.76998],[-113.85285,41.76035],[-113.85086,41.75387],[-113.85418,41.75115],[-113.84911,41.75164],[-113.84863,41.7667],[-113.82602,41.77658],[-113.82055,41.7849],[-113.81744,41.78595],[-113.81449,41.78458],[-113.814,41.78064],[-113.80411,41.77988],[-113.79982,41.77516],[-113.79527,41.77741],[-113.78997,41.78924],[-113.75728,41.7928],[-113.75683,41.7969],[-113.76468,41.80331],[-113.76517,41.80734],[-113.77209,41.81211],[-113.772,41.81339],[-113.76533,41.81327],[-113.76173,41.81066],[-113.76142,41.81594],[-113.75955,41.81358],[-113.75728,41.81713],[-113.75987,41.81989],[-113.75924,41.82613],[-113.77106,41.82758],[-113.77005,41.83121],[-113.77185,41.83271],[-113.76934,41.84029],[-113.77122,41.84263],[-113.76809,41.84602],[-113.76934,41.8481],[-113.76793,41.85371],[-113.77185,41.85688],[-113.76795,41.86061],[-113.77573,41.87161],[-113.76178,41.87098],[-113.74278,41.87788],[-113.74592,41.8683],[-113.74286,41.85663],[-113.73429,41.84928],[-113.73062,41.84995],[-113.72764,41.84742],[-113.71775,41.81879],[-113.71679,41.81108],[-113.72675,41.80985],[-113.73367,41.80597],[-113.73534,41.79979],[-113.73438,41.77205],[-113.74123,41.77499],[-113.75109,41.77504],[-113.75345,41.77772],[-113.76861,41.76497],[-113.77535,41.75669],[-113.78122,41.75888],[-113.78776,41.75675],[-113.78647,41.76287],[-113.78982,41.7632],[-113.79253,41.7577],[-113.79999,41.75626],[-113.79675,41.75514],[-113.80616,41.74973],[-113.81814,41.74723],[-113.82433,41.7434],[-113.82678,41.73683],[-113.83101,41.73718],[-113.83158,41.73332],[-113.81799,41.73007],[-113.8183,41.72689],[-113.82459,41.72388],[-113.81639,41.71765],[-113.82024,41.71581],[-113.83142,41.71696],[-113.84307,41.7129],[-113.83818,41.70972],[-113.83871,41.70589],[-113.82739,41.69922],[-113.81866,41.68903],[-113.8219,41.68195],[-113.82615,41.67582],[-113.84649,41.66858],[-113.86098,41.66713],[-113.87813,41.66053],[-113.86226,41.65701],[-113.86571,41.65367],[-113.86417,41.64732],[-113.84986,41.64113],[-113.87182,41.63685],[-113.89164,41.63979],[-113.8998,41.64614],[-113.90459,41.63778],[-113.90722,41.61406],[-113.90714,41.46824],[-113.89817,41.45225],[-113.90776,41.44289],[-113.91228,41.43536],[-113.91264,41.42815],[-113.9084,41.42026],[-113.76129,41.43508],[-113.76159,41.45911],[-113.75912,41.46616],[-113.76021,41.47064],[-113.75384,41.48069],[-113.74837,41.50246],[-113.73572,41.51568],[-113.70463,41.52843],[-113.69766,41.53322],[-113.66048,41.52691],[-113.65699,41.51935],[-113.66004,41.51148],[-113.66544,41.50827],[-113.64707,41.50916],[-113.64902,41.49606],[-113.63723,41.49484],[-113.62272,41.48703],[-113.60308,41.50515],[-113.59092,41.53883],[-113.22777,41.54097],[-113.22445,41.53524],[-113.22591,41.52526],[-113.23486,41.51996],[-113.23841,41.51521],[-113.24101,41.51628],[-113.24369,41.50782],[-113.25468,41.49344],[-113.26176,41.45388],[-113.27715,41.45069],[-113.27748,41.41737],[-113.2719,41.39756],[-113.27695,41.37825],[-113.27736,41.36835],[-113.25889,41.35339],[-113.25231,41.34157],[-113.24426,41.33408],[-113.24008,41.32677],[-113.2354,41.32705],[-113.23233,41.33813],[-113.22705,41.33917],[-113.21165,41.33883],[-113.19478,41.33335],[-113.19021,41.33],[-113.18993,41.31724],[-113.18472,41.30712],[-113.15281,41.2922],[-113.13203,41.27771],[-113.12555,41.27149],[-113.12203,41.2651],[-113.12328,41.25888],[-113.3204,41.28185],[-113.32163,41.2736],[-113.34098,41.26448],[-113.36341,41.26187],[-113.39006,41.25373],[-113.39737,41.24725],[-113.39248,41.23171],[-113.39183,41.21907],[-113.40088,41.22332],[-113.40507,41.2114],[-113.4032,41.20339],[-113.40908,41.19647],[-113.42097,41.10696],[-113.41274,41.0895],[-113.40993,41.05634],[-113.40413,41.04336],[-113.40117,41.03019],[-113.49751,41.03046],[-113.49752,41.03858],[-113.61184,41.03795],[-113.61186,40.99993],[-114.04215,40.9999],[-114.04255,41.21092]]]}},{"type":"Feature","id":"84525","properties":{"zip":"84525","pop":null,"city":"Green River","county":"Emery","state":"Utah","area":386.11,"lat":38.8794,"lon":-110.33222},"geometry":{"type":"MultiPolygon","coordinates":[[[[-110.37608,38.9228],[-110.33866,38.93813],[-110.30884,38.95324],[-110.23259,38.98143],[-110.27297,39.0032],[-110.30244,39.02909],[-110.33115,39.12747],[-110.33749,39.13575],[-110.33897,39.25205],[-110.34478,39.26873],[-110.33069,39.26347],[-110.31961,39.2558],[-110.31433,39.25585],[-110.30789,39.25277],[-110.30023,39.25413],[-110.29374,39.25072],[-110.27992,39.24849],[-110.26952,39.25212],[-110.26369,39.24678],[-110.26436,39.24269],[-110.2608,39.24375],[-110.25581,39.2419],[-110.25414,39.23462],[-110.24002,39.23611],[-110.23099,39.2427],[-110.2275,39.2367],[-110.23098,39.23504],[-110.23394,39.22967],[-110.21898,39.23598],[-110.21508,39.2349],[-110.21566,39.23238],[-110.22044,39.23085],[-110.21857,39.22651],[-110.21369,39.23089],[-110.20703,39.22294],[-110.21599,39.2195],[-110.20959,39.21316],[-110.20459,39.21747],[-110.19135,39.21429],[-110.18282,39.21808],[-110.18046,39.21284],[-110.17961,39.21468],[-110.17187,39.20871],[-110.16238,39.20636],[-110.15867,39.2072],[-110.15513,39.20574],[-110.15145,39.20035],[-110.1445,39.20121],[-110.14268,39.19944],[-110.14536,39.19589],[-110.13769,39.19309],[-110.13475,39.18867],[-110.12886,39.18825],[-110.1216,39.18454],[-110.11178,39.18741],[-110.10995,39.18146],[-110.10536,39.17907],[-110.09847,39.16879],[-110.10543,39.16206],[-110.11226,39.1605],[-110.11615,39.15256],[-110.11282,39.15028],[-110.11261,39.14691],[-110.10257,39.14261],[-110.09941,39.13628],[-110.11019,39.13149],[-110.11401,39.12588],[-110.1148,39.12087],[-110.11296,39.11597],[-110.10933,39.11298],[-110.11807,39.10202],[-110.11757,39.096],[-110.12859,39.0846],[-110.12829,39.07878],[-110.12271,39.07074],[-110.12347,39.06459],[-110.13898,39.0514],[-110.13557,39.03725],[-110.13922,39.02908],[-110.1377,39.02737],[-110.12508,39.03052],[-110.07419,39.03104],[-110.07271,39.02233],[-110.07591,39.01875],[-110.09282,39.00819],[-110.11228,39.00168],[-110.09632,39.00168],[-110.09634,38.98626],[-110.05981,38.98625],[-110.05981,38.99354],[-110.04118,38.99352],[-110.04118,38.97897],[-110.02256,38.97897],[-110.02259,38.96445],[-110.00398,38.96445],[-110.00398,38.94991],[-110.0412,38.94993],[-110.0412,38.95719],[-110.05051,38.95719],[-110.05051,38.96445],[-110.06913,38.96445],[-110.06911,38.97898],[-110.10569,38.9798],[-110.1057,38.98338],[-110.11976,38.9834],[-110.11981,38.97982],[-110.12889,38.97983],[-110.12896,38.9761],[-110.11499,38.9754],[-110.11492,38.9724],[-110.1096,38.97158],[-110.10953,38.96483],[-110.10542,38.9648],[-110.10538,38.95725],[-110.09644,38.95718],[-110.09638,38.95375],[-110.09201,38.95375],[-110.09628,38.94377],[-110.09546,38.94163],[-110.09794,38.93982],[-110.0958,38.93753],[-110.10072,38.93591],[-110.09837,38.92247],[-110.09674,38.92183],[-110.09952,38.91799],[-110.10212,38.91919],[-110.10282,38.91761],[-110.09486,38.90306],[-110.0918,38.90262],[-110.08876,38.89655],[-110.0881,38.89285],[-110.09447,38.88807],[-110.09302,38.88566],[-110.08652,38.88608],[-110.09316,38.87928],[-110.0934,38.87055],[-110.08781,38.86694],[-110.08882,38.86391],[-110.08705,38.86097],[-110.0701,38.85592],[-110.06413,38.85168],[-110.05639,38.84944],[-110.05496,38.84453],[-110.05912,38.838],[-110.05603,38.83393],[-110.05103,38.83804],[-110.04758,38.83856],[-110.0459,38.83162],[-110.04344,38.83113],[-110.04508,38.82575],[-110.05452,38.82407],[-110.04704,38.81942],[-110.04513,38.82058],[-110.03673,38.81892],[-110.04578,38.81077],[-110.05063,38.81144],[-110.05137,38.80479],[-110.05586,38.79787],[-110.08194,38.77866],[-110.07544,38.77465],[-110.05858,38.7697],[-110.04492,38.76948],[-110.03897,38.76437],[-110.03765,38.75852],[-110.03427,38.75453],[-110.02825,38.75433],[-110.02397,38.74715],[-110.01466,38.74564],[-110.01412,38.74131],[-110.02923,38.72989],[-110.0238,38.72931],[-110.02821,38.7247],[-110.01752,38.72282],[-110.0129,38.72609],[-110.01086,38.7237],[-109.99811,38.72696],[-109.99243,38.72903],[-109.98887,38.73329],[-109.98062,38.73478],[-109.97928,38.73814],[-109.97614,38.73977],[-109.97027,38.73982],[-109.96596,38.74567],[-109.95869,38.73889],[-109.95846,38.73267],[-109.95606,38.72893],[-109.97755,38.7149],[-109.97605,38.71028],[-109.95813,38.69681],[-109.94304,38.69143],[-109.95115,38.69178],[-109.96147,38.68895],[-109.96598,38.69001],[-109.97661,38.68218],[-109.98758,38.67817],[-109.98577,38.6676],[-109.99726,38.65211],[-110.00929,38.65785],[-110.01994,38.64735],[-110.02266,38.64867],[-110.02433,38.65369],[-110.0255,38.65196],[-110.02788,38.65291],[-110.03714,38.6464],[-110.03779,38.64109],[-110.04137,38.63969],[-110.04424,38.64158],[-110.04751,38.63916],[-110.03634,38.65231],[-110.03731,38.65668],[-110.03995,38.65847],[-110.04684,38.65826],[-110.04914,38.64774],[-110.05616,38.64619],[-110.05948,38.64986],[-110.05559,38.6577],[-110.05726,38.66155],[-110.06008,38.66183],[-110.06839,38.65644],[-110.0742,38.65938],[-110.06857,38.6674],[-110.07052,38.67218],[-110.07479,38.67326],[-110.07859,38.67192],[-110.08872,38.66503],[-110.09483,38.66676],[-110.08856,38.67417],[-110.08692,38.67908],[-110.09784,38.68802],[-110.10043,38.69266],[-110.09811,38.69692],[-110.0867,38.70577],[-110.08754,38.713],[-110.09082,38.71452],[-110.10225,38.71344],[-110.11794,38.70558],[-110.12306,38.70811],[-110.11959,38.71247],[-110.11111,38.71232],[-110.10627,38.7161],[-110.11342,38.72994],[-110.10082,38.74819],[-110.08221,38.75287],[-110.08194,38.75667],[-110.09054,38.77063],[-110.10557,38.7766],[-110.10889,38.77287],[-110.11559,38.76991],[-110.11375,38.7685],[-110.11627,38.76784],[-110.1192,38.76988],[-110.11999,38.76767],[-110.11713,38.76539],[-110.12517,38.76112],[-110.12961,38.76126],[-110.1291,38.75908],[-110.14158,38.75925],[-110.14358,38.75765],[-110.1458,38.76043],[-110.16475,38.76785],[-110.17602,38.76934],[-110.17807,38.77637],[-110.18132,38.77597],[-110.17998,38.78007],[-110.18569,38.78907],[-110.18617,38.79444],[-110.1913,38.80125],[-110.20985,38.79993],[-110.22566,38.79545],[-110.22939,38.7951],[-110.2327,38.7973],[-110.22731,38.80871],[-110.22525,38.81867],[-110.21738,38.82687],[-110.21698,38.84222],[-110.21909,38.84297],[-110.21655,38.84936],[-110.21263,38.8527],[-110.21075,38.86249],[-110.21178,38.8653],[-110.20664,38.88596],[-110.20229,38.89449],[-110.19587,38.90167],[-110.21499,38.90114],[-110.22714,38.89283],[-110.23485,38.89486],[-110.28046,38.89669],[-110.28091,38.8944],[-110.28381,38.8943],[-110.28549,38.89817],[-110.29953,38.9002],[-110.30013,38.91396],[-110.28366,38.9235],[-110.2742,38.92485],[-110.27239,38.9271],[-110.27301,38.9306],[-110.27848,38.93662],[-110.28725,38.94055],[-110.30818,38.92085],[-110.31814,38.90787],[-110.34354,38.91191],[-110.34306,38.90255],[-110.33126,38.90064],[-110.32613,38.89762],[-110.33106,38.89588],[-110.34028,38.88431],[-110.34911,38.88103],[-110.35921,38.87384],[-110.35861,38.89049],[-110.37608,38.9228]]],[[[-110.95579,38.57106],[-110.93787,38.58141],[-110.93651,38.58397],[-110.91962,38.58512],[-110.91933,38.59214],[-110.90926,38.59879],[-110.90714,38.6038],[-110.91061,38.611],[-110.90837,38.61108],[-110.90335,38.61601],[-110.89801,38.61397],[-110.90247,38.62084],[-110.906,38.62091],[-110.90725,38.62284],[-110.90393,38.6246],[-110.90588,38.62536],[-110.90572,38.62932],[-110.90027,38.63109],[-110.89853,38.63529],[-110.90154,38.63688],[-110.90177,38.63982],[-110.89897,38.64303],[-110.90019,38.64509],[-110.89405,38.65002],[-110.90163,38.66107],[-110.90736,38.6628],[-110.89899,38.66679],[-110.89718,38.67334],[-110.88695,38.68427],[-110.88565,38.6886],[-110.87154,38.69909],[-110.85195,38.69479],[-110.83404,38.69415],[-110.82843,38.68669],[-110.82984,38.68294],[-110.82235,38.68051],[-110.82451,38.67798],[-110.83333,38.67779],[-110.84063,38.67299],[-110.8336,38.6666],[-110.84002,38.66182],[-110.84839,38.66091],[-110.84901,38.65897],[-110.83679,38.65874],[-110.84087,38.65771],[-110.84272,38.6544],[-110.85443,38.65206],[-110.85216,38.64932],[-110.85488,38.64789],[-110.85338,38.64521],[-110.84861,38.64355],[-110.84789,38.64145],[-110.85123,38.63729],[-110.85536,38.63802],[-110.85757,38.63647],[-110.85923,38.63466],[-110.85625,38.63123],[-110.85997,38.62859],[-110.85041,38.62499],[-110.84873,38.62243],[-110.84536,38.62324],[-110.84155,38.6189],[-110.84222,38.61566],[-110.84751,38.61076],[-110.84822,38.6063],[-110.84614,38.60364],[-110.83488,38.60779],[-110.82577,38.60808],[-110.81696,38.60543],[-110.81277,38.61654],[-110.80241,38.61547],[-110.80163,38.61712],[-110.79349,38.61879],[-110.7861,38.62814],[-110.7901,38.63143],[-110.78957,38.63495],[-110.78559,38.63588],[-110.76705,38.62812],[-110.76306,38.62883],[-110.76602,38.62637],[-110.76672,38.61861],[-110.75782,38.61297],[-110.75997,38.61083],[-110.75615,38.61001],[-110.75549,38.60841],[-110.758,38.60717],[-110.75625,38.60582],[-110.75751,38.60282],[-110.75431,38.59516],[-110.74695,38.59433],[-110.74685,38.58861],[-110.75553,38.58765],[-110.75465,38.5782],[-110.75098,38.57493],[-110.74092,38.57581],[-110.71975,38.58401],[-110.68889,38.58303],[-110.67785,38.57637],[-110.67558,38.57673],[-110.6728,38.57396],[-110.61821,38.54914],[-110.64955,38.49998],[-110.83342,38.49998],[-110.8421,38.5009],[-110.84438,38.50373],[-110.84505,38.5016],[-110.84735,38.50482],[-110.85243,38.50242],[-110.85518,38.50735],[-110.86046,38.50524],[-110.8629,38.50633],[-110.86306,38.50798],[-110.86782,38.50932],[-110.86894,38.51278],[-110.87126,38.51176],[-110.87197,38.51434],[-110.88077,38.51565],[-110.88345,38.51749],[-110.88243,38.51814],[-110.88945,38.52046],[-110.88679,38.5229],[-110.88921,38.52487],[-110.88924,38.52884],[-110.89343,38.52867],[-110.89599,38.53239],[-110.90268,38.53342],[-110.90318,38.5294],[-110.90809,38.52586],[-110.91261,38.53161],[-110.92818,38.53115],[-110.9309,38.53868],[-110.9351,38.53641],[-110.9381,38.53964],[-110.93799,38.54967],[-110.93986,38.55082],[-110.93976,38.54828],[-110.94533,38.54601],[-110.9536,38.54846],[-110.94974,38.5588],[-110.95218,38.56776],[-110.95622,38.56892],[-110.95579,38.57106]]]]}},{"type":"Feature","id":"84737","properties":{"zip":"84737","pop":null,"city":"Hurricane","county":"Washington","state":"Utah","area":201.04,"lat":37.08333,"lon":-113.26046},"geometry":{"type":"Polygon","coordinates":[[[-113.46321,37.13631],[-113.45763,37.14293],[-113.44139,37.15573],[-113.43651,37.15764],[-113.43554,37.16041],[-113.44071,37.16076],[-113.45072,37.16741],[-113.41299,37.18222],[-113.38898,37.21462],[-113.38528,37.21455],[-113.38512,37.19908],[-113.37951,37.1991],[-113.37826,37.18766],[-113.37955,37.18764],[-113.37956,37.18392],[-113.37225,37.18392],[-113.36463,37.19394],[-113.35953,37.19217],[-113.35925,37.19014],[-113.35097,37.1918],[-113.35117,37.19614],[-113.34359,37.19501],[-113.34376,37.19774],[-113.34072,37.2011],[-113.33734,37.2006],[-113.33872,37.19642],[-113.33074,37.19442],[-113.3281,37.19818],[-113.32364,37.19681],[-113.32339,37.20002],[-113.32061,37.19926],[-113.31743,37.20123],[-113.30993,37.19653],[-113.29845,37.19948],[-113.29525,37.19767],[-113.28945,37.20322],[-113.28741,37.2028],[-113.28477,37.19691],[-113.27796,37.19558],[-113.27731,37.19393],[-113.28102,37.19239],[-113.28047,37.19105],[-113.2684,37.1887],[-113.26569,37.19291],[-113.26223,37.19246],[-113.25866,37.1965],[-113.25368,37.19605],[-113.24338,37.1999],[-113.24171,37.1975],[-113.23621,37.19694],[-113.23322,37.19965],[-113.23338,37.19488],[-113.24161,37.18922],[-113.24165,37.18021],[-113.23869,37.17876],[-113.24911,37.17016],[-113.25247,37.16252],[-113.25903,37.1561],[-113.2592,37.14639],[-113.26204,37.13855],[-113.25293,37.12886],[-113.24581,37.12611],[-113.23822,37.12929],[-113.23306,37.12809],[-113.2305,37.13082],[-113.22177,37.134],[-113.22111,37.14234],[-113.19677,37.1384],[-113.18553,37.14178],[-113.17873,37.14081],[-113.16577,37.14249],[-113.10682,37.14118],[-113.10681,37.12671],[-113.07074,37.12669],[-113.07044,37.06876],[-113.03422,37.0688],[-113.03422,37.0543],[-113.01646,37.05434],[-113.01645,37.0253],[-113.01193,37.02531],[-113.01192,37.02168],[-113.00741,37.02169],[-113.0074,37.01806],[-112.99384,37.01808],[-112.99386,37.00716],[-113.00739,37.00714],[-113.00737,37.00021],[-113.40958,37.00011],[-113.40657,37.00363],[-113.40911,37.0135],[-113.41726,37.01588],[-113.43562,37.02578],[-113.44997,37.03751],[-113.46294,37.05213],[-113.45915,37.05443],[-113.45852,37.06023],[-113.46179,37.06916],[-113.46188,37.08018],[-113.45911,37.08422],[-113.46067,37.08761],[-113.4577,37.08807],[-113.45483,37.09464],[-113.44125,37.1119],[-113.43535,37.113],[-113.43536,37.11603],[-113.45292,37.12793],[-113.45364,37.13191],[-113.45063,37.1374],[-113.45322,37.13898],[-113.46153,37.13497],[-113.46321,37.13631]]]}},{"type":"Feature","id":"84534","properties":{"zip":"84534","pop":null,"city":"Montezuma Creek","county":"San Juan","state":"Utah","area":380.46,"lat":37.21275,"lon":-109.26826},"geometry":{"type":"Polygon","coordinates":[[[-109.5714,37.15598],[-109.56245,37.16196],[-109.55408,37.16412],[-109.53801,37.16192],[-109.49914,37.18597],[-109.48566,37.20163],[-109.48457,37.20767],[-109.4874,37.22857],[-109.44293,37.22529],[-109.43391,37.23429],[-109.43407,37.23671],[-109.4259,37.24132],[-109.4216,37.24],[-109.42123,37.2377],[-109.41713,37.23806],[-109.41191,37.23556],[-109.41376,37.22954],[-109.41067,37.22897],[-109.40809,37.23309],[-109.40113,37.23168],[-109.39601,37.23486],[-109.39404,37.2324],[-109.39192,37.23387],[-109.38607,37.23296],[-109.37503,37.24828],[-109.37955,37.26179],[-109.38523,37.27121],[-109.36946,37.26601],[-109.36374,37.26199],[-109.34435,37.26845],[-109.33153,37.26819],[-109.33137,37.27357],[-109.33895,37.28021],[-109.33149,37.29736],[-109.33094,37.31667],[-109.3493,37.31657],[-109.34928,37.32019],[-109.35325,37.32024],[-109.35315,37.3314],[-109.37587,37.33125],[-109.3756,37.32442],[-109.38047,37.32434],[-109.3806,37.32063],[-109.39437,37.32056],[-109.39439,37.32433],[-109.39907,37.32436],[-109.39906,37.32785],[-109.40341,37.32787],[-109.4033,37.33927],[-109.3989,37.33925],[-109.39874,37.34948],[-109.39378,37.34952],[-109.39392,37.36009],[-109.41062,37.36016],[-109.41142,37.37108],[-109.39791,37.38235],[-109.39377,37.3902],[-109.38572,37.39475],[-109.37823,37.41122],[-109.36575,37.41023],[-109.35928,37.41504],[-109.35293,37.41687],[-109.35934,37.42917],[-109.33436,37.42003],[-109.28265,37.4062],[-109.25833,37.40434],[-109.2384,37.38911],[-109.22187,37.38911],[-109.2224,37.375],[-109.13212,37.37463],[-109.13217,37.34569],[-109.13049,37.34396],[-109.1146,37.3452],[-109.11435,37.35991],[-109.0958,37.35986],[-109.0959,37.34545],[-109.09133,37.34545],[-109.08788,37.35383],[-109.0862,37.35266],[-109.08243,37.35835],[-109.07738,37.35834],[-109.07737,37.35981],[-109.04584,37.35972],[-109.04521,37.022],[-109.05003,37.03147],[-109.06397,37.04245],[-109.06392,37.04736],[-109.07044,37.0496],[-109.07416,37.05371],[-109.08489,37.05551],[-109.09381,37.0619],[-109.09434,37.06751],[-109.08357,37.08247],[-109.08523,37.08557],[-109.09214,37.08892],[-109.09745,37.09662],[-109.10707,37.10147],[-109.10544,37.10905],[-109.0955,37.11753],[-109.09555,37.12142],[-109.10539,37.12906],[-109.11374,37.13222],[-109.11778,37.15098],[-109.12304,37.15725],[-109.12863,37.15989],[-109.13651,37.1597],[-109.13432,37.15625],[-109.13508,37.15264],[-109.13138,37.14923],[-109.13132,37.14407],[-109.13411,37.13739],[-109.13838,37.13505],[-109.13905,37.1324],[-109.14663,37.12868],[-109.14591,37.12731],[-109.1503,37.12487],[-109.15364,37.12004],[-109.1607,37.11628],[-109.15967,37.12111],[-109.16959,37.12377],[-109.17794,37.12103],[-109.18223,37.1132],[-109.19557,37.11451],[-109.20867,37.11187],[-109.21107,37.10805],[-109.21132,37.09921],[-109.21665,37.0886],[-109.21723,37.07997],[-109.22195,37.07643],[-109.23082,37.07714],[-109.23909,37.08069],[-109.24663,37.07715],[-109.25431,37.08082],[-109.26007,37.07834],[-109.2642,37.08342],[-109.26701,37.07965],[-109.27233,37.08048],[-109.27321,37.08355],[-109.28119,37.08544],[-109.2849,37.07563],[-109.29555,37.07443],[-109.29898,37.06853],[-109.32717,37.07592],[-109.33069,37.07097],[-109.34247,37.06369],[-109.33008,37.06037],[-109.33154,37.05459],[-109.34651,37.05162],[-109.33057,37.03617],[-109.33111,37.02974],[-109.35812,37.02343],[-109.34944,37.0168],[-109.34687,37.0118],[-109.33793,37.01441],[-109.35381,37.00469],[-109.35567,36.99916],[-109.41364,36.99914],[-109.41644,37.00201],[-109.41758,37.00801],[-109.41423,37.00866],[-109.40522,37.01733],[-109.4076,37.01756],[-109.40785,37.02168],[-109.41509,37.0261],[-109.44046,37.03555],[-109.43989,37.03723],[-109.44534,37.04024],[-109.4492,37.03987],[-109.44709,37.05071],[-109.44731,37.05815],[-109.44925,37.06125],[-109.44317,37.06307],[-109.45861,37.08526],[-109.46415,37.08583],[-109.46675,37.08428],[-109.46268,37.09056],[-109.47546,37.09644],[-109.48076,37.10277],[-109.49721,37.10508],[-109.51478,37.11777],[-109.52045,37.11556],[-109.52569,37.10995],[-109.53689,37.11365],[-109.54783,37.12266],[-109.55792,37.11816],[-109.56476,37.11855],[-109.56457,37.1221],[-109.55987,37.12792],[-109.56526,37.13016],[-109.56548,37.13425],[-109.5622,37.13638],[-109.56897,37.14748],[-109.5714,37.15598]]]}},{"type":"Feature","id":"84032","properties":{"zip":"84032","pop":null,"city":"Independence","county":"Wasatch","state":"Utah","area":254.15,"lat":40.3584,"lon":-111.18805},"geometry":{"type":"Polygon","coordinates":[[[-111.47647,40.45388],[-111.47223,40.45546],[-111.47532,40.46617],[-111.47187,40.4805],[-111.45696,40.48808],[-111.44905,40.49625],[-111.45013,40.49804],[-111.44743,40.50069],[-111.45042,40.50455],[-111.45237,40.52385],[-111.44651,40.53261],[-111.44592,40.53752],[-111.44142,40.5395],[-111.43507,40.54914],[-111.43205,40.55011],[-111.43328,40.5542],[-111.42569,40.55767],[-111.43644,40.58044],[-111.43708,40.59233],[-111.42895,40.6069],[-111.44073,40.62515],[-111.44962,40.63468],[-111.45683,40.6531],[-111.4484,40.65451],[-111.44516,40.65946],[-111.4353,40.66069],[-111.42576,40.66967],[-111.41953,40.66657],[-111.41514,40.66009],[-111.41618,40.65902],[-111.41121,40.64781],[-111.4122,40.64109],[-111.41025,40.64073],[-111.41114,40.62794],[-111.40892,40.62472],[-111.4063,40.62644],[-111.40317,40.62503],[-111.40659,40.62311],[-111.40502,40.62212],[-111.4058,40.62048],[-111.40037,40.62084],[-111.40388,40.61902],[-111.40487,40.61517],[-111.40316,40.61414],[-111.40707,40.61068],[-111.40603,40.60881],[-111.40197,40.61001],[-111.40433,40.60672],[-111.39358,40.60846],[-111.38946,40.60697],[-111.36234,40.60715],[-111.35088,40.60397],[-111.33835,40.60478],[-111.33842,40.60019],[-111.35523,40.59616],[-111.35222,40.59528],[-111.35309,40.59125],[-111.36173,40.58754],[-111.3654,40.58051],[-111.35941,40.5744],[-111.34544,40.57354],[-111.33155,40.56908],[-111.325,40.56988],[-111.31761,40.56594],[-111.3183,40.56243],[-111.31372,40.56364],[-111.31039,40.56952],[-111.3007,40.56785],[-111.28661,40.57158],[-111.29082,40.56623],[-111.28929,40.56068],[-111.28505,40.55592],[-111.27312,40.55465],[-111.26463,40.55826],[-111.25973,40.55621],[-111.25736,40.55804],[-111.25896,40.56135],[-111.2454,40.55229],[-111.24563,40.55687],[-111.24281,40.55303],[-111.2326,40.55092],[-111.23331,40.54399],[-111.24761,40.52902],[-111.25179,40.52697],[-111.25494,40.52188],[-111.25715,40.52199],[-111.25864,40.51379],[-111.24567,40.51349],[-111.24323,40.50769],[-111.23451,40.50436],[-111.23181,40.50131],[-111.22332,40.50546],[-111.22115,40.50368],[-111.21804,40.49801],[-111.21608,40.47953],[-111.20882,40.47717],[-111.20703,40.47409],[-111.20692,40.4282],[-111.20715,40.42069],[-111.23489,40.42078],[-111.23497,40.41787],[-111.23046,40.41483],[-111.22592,40.41757],[-111.20554,40.40951],[-111.18344,40.40741],[-111.18118,40.40932],[-111.18152,40.41169],[-111.17769,40.41418],[-111.17876,40.40673],[-111.18354,40.40361],[-111.18303,40.39602],[-111.17652,40.39349],[-111.16951,40.3936],[-111.16612,40.38824],[-111.16672,40.38523],[-111.16199,40.38162],[-111.15587,40.3826],[-111.15195,40.37909],[-111.12621,40.36994],[-111.13424,40.36907],[-111.13369,40.36342],[-111.13757,40.3618],[-111.13839,40.35613],[-111.12927,40.355],[-111.11634,40.3596],[-111.08739,40.35624],[-111.0845,40.35347],[-111.09516,40.35018],[-111.09704,40.34749],[-111.09447,40.34251],[-111.10772,40.33549],[-111.09384,40.33359],[-111.0928,40.33538],[-111.08549,40.33569],[-111.08213,40.3317],[-111.08235,40.32694],[-111.07706,40.32607],[-111.07682,40.32428],[-111.06072,40.33248],[-111.05419,40.33147],[-111.05149,40.3329],[-111.04561,40.32958],[-111.04461,40.32705],[-111.04657,40.32498],[-111.04415,40.32123],[-111.02816,40.31699],[-111.01363,40.30025],[-111.0012,40.29248],[-110.99811,40.28683],[-110.99095,40.28167],[-110.98669,40.27366],[-110.97893,40.2729],[-110.97215,40.26959],[-110.97251,40.2679],[-110.95757,40.25777],[-110.95482,40.25167],[-110.95036,40.25083],[-110.95137,40.24704],[-110.93528,40.22714],[-110.9277,40.22423],[-110.9187,40.22609],[-110.91875,40.22114],[-110.91558,40.21423],[-110.91227,40.21568],[-110.8983,40.21353],[-110.89956,40.21549],[-110.89666,40.21527],[-110.8964,40.12962],[-110.9008,40.13163],[-110.91624,40.12858],[-110.92418,40.12956],[-110.9512,40.12235],[-110.96674,40.12416],[-110.97114,40.12313],[-110.97145,40.12548],[-110.97574,40.12713],[-110.9804,40.12276],[-110.98437,40.12545],[-110.99158,40.11951],[-110.99434,40.12076],[-110.99256,40.12358],[-110.99655,40.12256],[-111.00697,40.12534],[-111.00956,40.12275],[-111.01195,40.12387],[-111.01723,40.12174],[-111.01945,40.12725],[-111.02685,40.12812],[-111.02429,40.13153],[-111.02703,40.137],[-111.02535,40.14154],[-111.0268,40.14365],[-111.02231,40.14793],[-111.02977,40.14596],[-111.0315,40.15634],[-111.02593,40.17553],[-111.02722,40.17687],[-111.03004,40.1746],[-111.02895,40.17879],[-111.03182,40.18077],[-111.03155,40.17455],[-111.02897,40.17187],[-111.0345,40.16583],[-111.03346,40.16445],[-111.03696,40.16096],[-111.03601,40.15916],[-111.04129,40.15905],[-111.0486,40.16292],[-111.04981,40.16092],[-111.05126,40.16501],[-111.05405,40.16445],[-111.05379,40.16101],[-111.05698,40.16048],[-111.05319,40.15941],[-111.05595,40.15784],[-111.04891,40.15798],[-111.04811,40.15507],[-111.04621,40.15575],[-111.04672,40.15313],[-111.04424,40.15408],[-111.04337,40.15255],[-111.0455,40.14276],[-111.05187,40.13477],[-111.05825,40.13669],[-111.06038,40.13547],[-111.06255,40.13746],[-111.06204,40.13475],[-111.07397,40.1301],[-111.07822,40.1337],[-111.08522,40.13102],[-111.08594,40.1278],[-111.0838,40.12514],[-111.08618,40.12455],[-111.09052,40.12715],[-111.09438,40.12606],[-111.09968,40.12756],[-111.09946,40.13365],[-111.10366,40.13636],[-111.0985,40.13938],[-111.09704,40.14693],[-111.09306,40.1495],[-111.09921,40.14676],[-111.09813,40.14996],[-111.09992,40.15293],[-111.08273,40.16104],[-111.09631,40.1574],[-111.10225,40.15331],[-111.10557,40.15496],[-111.10304,40.15837],[-111.08837,40.16392],[-111.0989,40.16276],[-111.10582,40.15661],[-111.11506,40.15844],[-111.11716,40.16699],[-111.11139,40.17971],[-111.10838,40.18385],[-111.10384,40.18227],[-111.09807,40.1865],[-111.10742,40.18422],[-111.10533,40.19531],[-111.10697,40.19623],[-111.10535,40.20689],[-111.10654,40.21146],[-111.10117,40.21239],[-111.10936,40.23217],[-111.11164,40.23405],[-111.1399,40.23912],[-111.15379,40.2445],[-111.16435,40.24596],[-111.18712,40.23879],[-111.19085,40.24168],[-111.19029,40.2431],[-111.20507,40.24954],[-111.20564,40.25214],[-111.21346,40.25797],[-111.21998,40.25954],[-111.2234,40.26356],[-111.22476,40.26888],[-111.22838,40.26935],[-111.2254,40.27535],[-111.22631,40.2809],[-111.23776,40.28363],[-111.24681,40.28938],[-111.25252,40.29808],[-111.25528,40.29912],[-111.25391,40.29969],[-111.25876,40.30545],[-111.25693,40.31278],[-111.26195,40.32583],[-111.26128,40.33755],[-111.26601,40.3451],[-111.28262,40.35725],[-111.29392,40.37129],[-111.29478,40.37594],[-111.30313,40.38725],[-111.30218,40.3939],[-111.30549,40.40046],[-111.31425,40.40816],[-111.32539,40.4122],[-111.34426,40.42325],[-111.36372,40.44445],[-111.37172,40.44886],[-111.37638,40.45477],[-111.38285,40.45718],[-111.39055,40.45624],[-111.39057,40.45891],[-111.40011,40.46204],[-111.4,40.45628],[-111.41446,40.45634],[-111.41445,40.46349],[-111.42244,40.46348],[-111.4235,40.46553],[-111.42742,40.46323],[-111.42647,40.46171],[-111.43831,40.46165],[-111.43834,40.4633],[-111.44548,40.4651],[-111.45199,40.46306],[-111.45193,40.46089],[-111.45548,40.46176],[-111.45736,40.45952],[-111.45736,40.45226],[-111.47646,40.4523],[-111.47647,40.45388]]]}},{"type":"Feature","id":"84784","properties":{"zip":"84784","pop":null,"city":"Hildale","county":"Washington","state":"Utah","area":3.32,"lat":37.01845,"lon":-112.96958},"geometry":{"type":"Polygon","coordinates":[[[-113.00739,37.00714],[-112.98478,37.00721],[-112.98478,37.00358],[-112.97573,37.00344],[-112.97575,37.00723],[-112.97124,37.00724],[-112.97125,37.01087],[-112.96673,37.01088],[-112.96672,37.0145],[-112.97124,37.01449],[-112.97119,37.01813],[-112.97575,37.0181],[-112.97574,37.02172],[-112.98478,37.0217],[-112.98478,37.02532],[-112.98705,37.02532],[-112.98704,37.03076],[-112.98024,37.03077],[-112.98023,37.0344],[-112.96894,37.03442],[-112.96896,37.02535],[-112.96219,37.02537],[-112.96212,37.05073],[-112.95307,37.05074],[-112.95518,37.01454],[-112.94864,37.0145],[-112.94866,37.00724],[-112.95318,37.00725],[-112.95319,37.00024],[-113.00737,37.00021],[-113.00739,37.00714]]]}},{"type":"Feature","id":"84647","properties":{"zip":"84647","pop":null,"city":"Mount Pleasant","county":"Sanpete","state":"Utah","area":79.76,"lat":39.52707,"lon":-111.40683},"geometry":{"type":"Polygon","coordinates":[[[-111.54716,39.55434],[-111.53368,39.57943],[-111.52187,39.59402],[-111.52186,39.59675],[-111.51552,39.60019],[-111.5327,39.60477],[-111.53676,39.60831],[-111.53557,39.6137],[-111.53329,39.6066],[-111.50866,39.60672],[-111.49268,39.59965],[-111.48495,39.59344],[-111.48901,39.60586],[-111.48776,39.60663],[-111.48323,39.60534],[-111.48139,39.60038],[-111.47498,39.59935],[-111.46525,39.60192],[-111.4604,39.60032],[-111.45934,39.59517],[-111.45735,39.59474],[-111.45833,39.58628],[-111.45157,39.5871],[-111.43756,39.59362],[-111.43242,39.59384],[-111.43156,39.59563],[-111.41333,39.59852],[-111.40383,39.59815],[-111.39391,39.59225],[-111.37985,39.58979],[-111.37148,39.58924],[-111.36596,39.59129],[-111.34123,39.59008],[-111.32657,39.5958],[-111.31933,39.60372],[-111.32657,39.59997],[-111.32781,39.60125],[-111.31351,39.60764],[-111.31013,39.60405],[-111.30867,39.59851],[-111.31404,39.58347],[-111.31976,39.57996],[-111.31584,39.57664],[-111.31487,39.57232],[-111.30799,39.56909],[-111.30906,39.56063],[-111.3074,39.55357],[-111.30212,39.54921],[-111.30183,39.54429],[-111.30361,39.5418],[-111.29767,39.53731],[-111.3027,39.52343],[-111.3001,39.52054],[-111.30422,39.51411],[-111.30129,39.5109],[-111.31019,39.50338],[-111.31394,39.50292],[-111.32104,39.49159],[-111.32092,39.48717],[-111.32639,39.48106],[-111.32278,39.47668],[-111.32611,39.47294],[-111.32041,39.46787],[-111.32028,39.45929],[-111.32219,39.45661],[-111.33007,39.45491],[-111.33236,39.44955],[-111.3434,39.44318],[-111.34856,39.43367],[-111.34668,39.42892],[-111.35656,39.43135],[-111.36169,39.42184],[-111.41572,39.42111],[-111.42932,39.42928],[-111.43291,39.43385],[-111.44489,39.43918],[-111.44733,39.4445],[-111.44625,39.44645],[-111.43475,39.44826],[-111.43417,39.45721],[-111.43137,39.46125],[-111.42586,39.46601],[-111.42341,39.46521],[-111.42057,39.4671],[-111.4196,39.47045],[-111.41346,39.47337],[-111.41589,39.47746],[-111.41464,39.47906],[-111.421,39.47943],[-111.4213,39.48161],[-111.41989,39.48437],[-111.41203,39.48178],[-111.40888,39.48488],[-111.41273,39.48685],[-111.41433,39.49337],[-111.44012,39.50099],[-111.44656,39.50528],[-111.49097,39.51386],[-111.51562,39.52228],[-111.52161,39.52762],[-111.52976,39.52718],[-111.53367,39.52359],[-111.54201,39.52101],[-111.54289,39.52247],[-111.53789,39.52575],[-111.53212,39.52717],[-111.53154,39.53306],[-111.52707,39.53795],[-111.5273,39.54103],[-111.52454,39.54042],[-111.51881,39.54653],[-111.5141,39.54675],[-111.53117,39.54682],[-111.53667,39.54784],[-111.53707,39.54971],[-111.54562,39.54978],[-111.54716,39.55434]]]}},{"type":"Feature","id":"84779","properties":{"zip":"84779","pop":null,"city":"Virgin","county":"Washington","state":"Utah","area":184.99,"lat":37.33388,"lon":-113.11868},"geometry":{"type":"Polygon","coordinates":[[[-113.26144,37.27694],[-113.25369,37.28082],[-113.24976,37.29036],[-113.24846,37.29961],[-113.24978,37.30137],[-113.24727,37.3037],[-113.24745,37.30832],[-113.24371,37.31341],[-113.2432,37.31865],[-113.23269,37.33012],[-113.2225,37.33591],[-113.22279,37.33865],[-113.2189,37.34561],[-113.21533,37.34523],[-113.21114,37.34768],[-113.21288,37.34871],[-113.21102,37.35002],[-113.20703,37.35003],[-113.1974,37.35682],[-113.19112,37.36332],[-113.18792,37.37],[-113.18932,37.37246],[-113.18845,37.37729],[-113.19459,37.38297],[-113.19673,37.38864],[-113.19143,37.39324],[-113.18878,37.40033],[-113.20036,37.4056],[-113.19897,37.40945],[-113.19648,37.40969],[-113.19705,37.41159],[-113.19326,37.41496],[-113.19281,37.41763],[-113.19696,37.42419],[-113.19107,37.43852],[-113.19143,37.45212],[-113.18445,37.45453],[-113.19133,37.45404],[-113.19401,37.456],[-113.19608,37.45831],[-113.19591,37.46339],[-113.18843,37.46655],[-113.18751,37.47447],[-113.18084,37.48104],[-113.14611,37.48103],[-113.14608,37.4743],[-113.03705,37.47447],[-113.03709,37.49975],[-112.99888,37.49977],[-112.98988,37.49522],[-112.97832,37.4847],[-112.97784,37.48199],[-112.97128,37.47786],[-112.96901,37.47293],[-112.96209,37.46865],[-112.9597,37.46293],[-112.95228,37.46032],[-112.93071,37.44662],[-112.93014,37.44325],[-112.93414,37.42929],[-112.93217,37.42536],[-112.92629,37.42223],[-112.92434,37.41654],[-112.93075,37.41174],[-112.93418,37.41133],[-112.93393,37.4079],[-112.93713,37.40409],[-112.93625,37.4002],[-112.94332,37.39608],[-112.93869,37.39233],[-112.93314,37.39195],[-112.93318,37.38998],[-112.93923,37.38512],[-112.93986,37.38186],[-112.94685,37.38119],[-112.9475,37.37723],[-112.94594,37.37644],[-112.9482,37.37064],[-113.00053,37.36987],[-113.00047,37.38715],[-113.00536,37.38435],[-113.01072,37.38558],[-113.02304,37.38156],[-113.02397,37.38416],[-113.02528,37.38306],[-113.0315,37.3883],[-113.03556,37.38681],[-113.04151,37.38785],[-113.0341,37.37434],[-113.03804,37.36795],[-113.03756,37.35998],[-113.03939,37.35524],[-113.04673,37.35287],[-113.05868,37.34037],[-113.06349,37.34041],[-113.06471,37.33608],[-113.06296,37.33262],[-113.06997,37.32885],[-113.07071,37.32645],[-113.0681,37.31772],[-113.07244,37.31451],[-113.07247,37.31273],[-113.06937,37.31283],[-113.06745,37.30914],[-113.07777,37.30349],[-113.07822,37.2951],[-113.09659,37.27888],[-113.09729,37.27617],[-113.09234,37.2699],[-113.0999,37.26469],[-113.09981,37.26301],[-113.10901,37.26129],[-113.10904,37.25872],[-113.11858,37.2587],[-113.11844,37.23598],[-113.10953,37.23605],[-113.10944,37.19982],[-113.0913,37.19979],[-113.09102,37.17125],[-113.09429,37.1711],[-113.09439,37.16743],[-113.09542,37.16947],[-113.09725,37.16734],[-113.10374,37.16807],[-113.10314,37.16653],[-113.11095,37.15665],[-113.11001,37.15586],[-113.11952,37.15235],[-113.12675,37.14123],[-113.18553,37.14178],[-113.19677,37.1384],[-113.22111,37.14234],[-113.22234,37.13357],[-113.2305,37.13082],[-113.23306,37.12809],[-113.23822,37.12929],[-113.24581,37.12611],[-113.24915,37.12627],[-113.25889,37.13379],[-113.26204,37.13855],[-113.2592,37.14639],[-113.25903,37.1561],[-113.25247,37.16252],[-113.24911,37.17016],[-113.23869,37.17876],[-113.24165,37.18021],[-113.24161,37.18922],[-113.23338,37.19488],[-113.23311,37.21454],[-113.22726,37.21453],[-113.22797,37.22654],[-113.23154,37.22916],[-113.23531,37.23605],[-113.23259,37.24178],[-113.22748,37.2454],[-113.2298,37.24991],[-113.2283,37.25875],[-113.21983,37.26243],[-113.21998,37.27332],[-113.26372,37.27327],[-113.26144,37.27694]]]}},{"type":"Feature","id":"84138","properties":{"zip":"84138","pop":null,"city":"Salt Lake City","county":"Salt Lake","state":"Utah","area":0.0,"lat":40.76675,"lon":-111.88724},"geometry":{"type":"Polygon","coordinates":[[[-111.88823,40.76717],[-111.88637,40.76718],[-111.88619,40.76631],[-111.88823,40.76635],[-111.88823,40.76717]]]}},{"type":"Feature","id":"84021","properties":{"zip":"84021","pop":null,"city":"","county":"Duchesne","state":"Utah","area":467.58,"lat":40.10997,"lon":-110.51595},"geometry":{"type":"Polygon","coordinates":[[[-110.88894,39.90238],[-110.88185,39.91074],[-110.87437,39.91591],[-110.86653,39.92857],[-110.85524,39.93743],[-110.84572,39.95007],[-110.83358,39.95719],[-110.83181,39.96526],[-110.82206,39.98243],[-110.82554,39.9808],[-110.82653,39.98613],[-110.82834,39.98573],[-110.82453,39.99151],[-110.82494,39.99395],[-110.81131,39.99594],[-110.80593,40.00601],[-110.78869,40.01799],[-110.7771,40.01792],[-110.77347,40.02784],[-110.75915,40.04809],[-110.75621,40.07014],[-110.74415,40.07759],[-110.74494,40.08648],[-110.74256,40.092],[-110.74587,40.0951],[-110.74712,40.09943],[-110.74536,40.10555],[-110.74679,40.10972],[-110.74204,40.12808],[-110.73649,40.12884],[-110.72933,40.12627],[-110.72156,40.13015],[-110.71571,40.12765],[-110.70578,40.13051],[-110.70675,40.13341],[-110.70195,40.1353],[-110.69828,40.13049],[-110.69003,40.13294],[-110.6695,40.13067],[-110.66997,40.13927],[-110.67288,40.14279],[-110.6752,40.15467],[-110.67923,40.1577],[-110.68533,40.1686],[-110.69195,40.1726],[-110.69849,40.18015],[-110.69267,40.18682],[-110.6872,40.18375],[-110.68328,40.20207],[-110.68067,40.20147],[-110.66402,40.20944],[-110.65875,40.20589],[-110.63843,40.20099],[-110.63904,40.19994],[-110.63664,40.19965],[-110.63678,40.19117],[-110.65137,40.18997],[-110.67119,40.19207],[-110.67186,40.18932],[-110.67618,40.18944],[-110.66824,40.18548],[-110.65291,40.18187],[-110.60681,40.1799],[-110.59646,40.17699],[-110.59657,40.21064],[-110.60137,40.21189],[-110.60972,40.22339],[-110.60992,40.22979],[-110.6064,40.23542],[-110.59662,40.23871],[-110.59651,40.29654],[-110.55221,40.29603],[-110.52988,40.29872],[-110.51537,40.29686],[-110.51166,40.2999],[-110.49592,40.29525],[-110.49343,40.29246],[-110.48853,40.29222],[-110.49042,40.29389],[-110.48865,40.30231],[-110.49117,40.30928],[-110.4826,40.31823],[-110.47705,40.31908],[-110.4721,40.31535],[-110.46974,40.31777],[-110.46807,40.31625],[-110.46678,40.31801],[-110.45784,40.31997],[-110.42719,40.31987],[-110.42695,40.33245],[-110.40788,40.33242],[-110.40721,40.32633],[-110.40427,40.32503],[-110.38393,40.32302],[-110.36547,40.32491],[-110.35959,40.32378],[-110.35244,40.32596],[-110.35769,40.32167],[-110.3617,40.31448],[-110.3555,40.31321],[-110.35585,40.30986],[-110.34744,40.30766],[-110.33109,40.30776],[-110.31298,40.31179],[-110.31306,40.33413],[-110.29533,40.33409],[-110.29341,40.32774],[-110.29489,40.32578],[-110.29278,40.32174],[-110.28948,40.32038],[-110.28854,40.31581],[-110.28168,40.31144],[-110.27618,40.30255],[-110.26262,40.29515],[-110.26126,40.29586],[-110.25542,40.29029],[-110.24619,40.28939],[-110.23971,40.28509],[-110.23912,40.28022],[-110.23569,40.27783],[-110.23165,40.26572],[-110.22642,40.25812],[-110.22048,40.25822],[-110.2099,40.25384],[-110.20362,40.24744],[-110.19797,40.24703],[-110.18427,40.24169],[-110.18002,40.23736],[-110.17756,40.23721],[-110.17292,40.2304],[-110.16705,40.22827],[-110.1782,40.21476],[-110.16163,40.21351],[-110.16166,40.20753],[-110.15222,40.20761],[-110.15201,40.19889],[-110.1495,40.19789],[-110.14787,40.19277],[-110.14486,40.19228],[-110.15639,40.18885],[-110.15692,40.18482],[-110.16107,40.18259],[-110.16162,40.1783],[-110.18771,40.17126],[-110.21397,40.17114],[-110.22148,40.16537],[-110.20731,40.16335],[-110.20658,40.14945],[-110.17119,40.14937],[-110.16628,40.15104],[-110.16632,40.16072],[-110.16139,40.16242],[-110.16221,40.13456],[-110.18336,40.12464],[-110.1933,40.12653],[-110.19881,40.13073],[-110.20709,40.12325],[-110.20756,40.11999],[-110.21668,40.11713],[-110.22338,40.1105],[-110.20874,40.11034],[-110.21356,40.10173],[-110.2301,40.10429],[-110.2456,40.1035],[-110.2606,40.08995],[-110.26236,40.08094],[-110.2645,40.08308],[-110.26509,40.08873],[-110.26284,40.09447],[-110.25457,40.0991],[-110.25445,40.10433],[-110.24614,40.10779],[-110.24419,40.11121],[-110.25887,40.11544],[-110.28472,40.11908],[-110.28943,40.12187],[-110.37543,40.06683],[-110.3828,40.05924],[-110.39117,40.05499],[-110.3939,40.05278],[-110.3933,40.04727],[-110.40439,40.03408],[-110.4246,40.02043],[-110.44231,40.00393],[-110.45397,39.99723],[-110.46738,39.98066],[-110.47885,39.97458],[-110.48583,39.96711],[-110.49617,39.96126],[-110.51111,39.94499],[-110.53678,39.93122],[-110.55473,39.9298],[-110.56089,39.9272],[-110.58774,39.92274],[-110.60856,39.9165],[-110.64899,39.89356],[-110.71045,39.88073],[-110.74399,39.88088],[-110.74214,39.88155],[-110.74799,39.88425],[-110.75242,39.88129],[-110.77729,39.87735],[-110.78377,39.88069],[-110.7883,39.87832],[-110.80453,39.87781],[-110.80611,39.87495],[-110.81582,39.87246],[-110.82513,39.87496],[-110.84096,39.8703],[-110.84932,39.87317],[-110.85777,39.87041],[-110.85765,39.89971],[-110.89079,39.89966],[-110.88894,39.90238]]]}},{"type":"Feature","id":"84307","properties":{"zip":"84307","pop":null,"city":"","county":"Box Elder","state":"Utah","area":467.12,"lat":41.55351,"lon":-112.49186},"geometry":{"type":"Polygon","coordinates":[[[-112.85554,41.70449],[-112.84375,41.70338],[-112.84046,41.71023],[-112.83472,41.71523],[-112.81462,41.72],[-112.7922,41.71933],[-112.78382,41.72301],[-112.73532,41.71794],[-112.69021,41.69709],[-112.66922,41.68023],[-112.64321,41.64363],[-112.63382,41.63822],[-112.6165,41.63708],[-112.57126,41.63907],[-112.56843,41.63735],[-112.56721,41.63331],[-112.5486,41.63355],[-112.54917,41.6544],[-112.5538,41.65683],[-112.5551,41.66427],[-112.56077,41.67051],[-112.5654,41.6826],[-112.57248,41.68487],[-112.58829,41.69479],[-112.59365,41.69914],[-112.59485,41.70257],[-112.59495,41.70896],[-112.57775,41.73929],[-112.56897,41.77311],[-112.56902,41.77925],[-112.56501,41.78474],[-112.56495,41.8349],[-112.59121,41.83519],[-112.59066,41.86906],[-112.58065,41.87795],[-112.58014,41.88454],[-112.57412,41.89579],[-112.56844,41.89444],[-112.54117,41.89754],[-112.53273,41.89658],[-112.48233,41.88276],[-112.46627,41.873],[-112.46745,41.88259],[-112.43817,41.88294],[-112.43564,41.842],[-112.43731,41.84118],[-112.42251,41.8247],[-112.49481,41.82393],[-112.49307,41.78057],[-112.49384,41.73707],[-112.49197,41.72187],[-112.42608,41.72259],[-112.42551,41.71491],[-112.43118,41.70531],[-112.44039,41.70488],[-112.44229,41.67878],[-112.44563,41.66944],[-112.43986,41.65477],[-112.42006,41.63242],[-112.41481,41.62965],[-112.3958,41.62587],[-112.37445,41.61403],[-112.32703,41.60792],[-112.17825,41.60869],[-112.17835,41.62342],[-112.17369,41.62342],[-112.1615,41.60801],[-112.14847,41.60924],[-112.15091,41.60507],[-112.1412,41.59854],[-112.13301,41.59861],[-112.131,41.59418],[-112.11424,41.5827],[-112.10851,41.58223],[-112.10225,41.58698],[-112.09454,41.58589],[-112.09426,41.58468],[-112.10464,41.5823],[-112.10575,41.57637],[-112.09712,41.57625],[-112.09441,41.57031],[-112.09529,41.56672],[-112.10117,41.56695],[-112.11027,41.57198],[-112.11578,41.56855],[-112.1175,41.56461],[-112.10843,41.5577],[-112.10628,41.55181],[-112.09418,41.5507],[-112.09167,41.55363],[-112.08889,41.5511],[-112.09992,41.54227],[-112.1029,41.54727],[-112.10716,41.54533],[-112.11115,41.53739],[-112.1012,41.53934],[-112.10295,41.5351],[-112.10071,41.52897],[-112.10246,41.52669],[-112.10956,41.52578],[-112.11385,41.51892],[-112.11943,41.52383],[-112.1229,41.52011],[-112.12141,41.51683],[-112.12314,41.51481],[-112.11866,41.5129],[-112.12149,41.50881],[-112.12396,41.5088],[-112.12694,41.51265],[-112.13405,41.50413],[-112.13989,41.50759],[-112.13749,41.49963],[-112.13862,41.49752],[-112.14457,41.49686],[-112.14312,41.49023],[-112.1407,41.48889],[-112.14395,41.48329],[-112.14799,41.48237],[-112.15059,41.48506],[-112.16071,41.47982],[-112.16389,41.47702],[-112.16301,41.47318],[-112.16821,41.47002],[-112.17145,41.47126],[-112.17129,41.47453],[-112.19287,41.46899],[-112.19847,41.47132],[-112.20838,41.47003],[-112.21545,41.46599],[-112.21751,41.46646],[-112.22814,41.483],[-112.24444,41.48036],[-112.25387,41.48191],[-112.25608,41.48001],[-112.26723,41.47988],[-112.2726,41.48181],[-112.30719,41.48465],[-112.31246,41.48118],[-112.34008,41.4772],[-112.3523,41.51049],[-112.3517,41.48085],[-112.37078,41.47082],[-112.37549,41.47163],[-112.36081,41.48033],[-112.37187,41.47483],[-112.37481,41.47376],[-112.37307,41.47598],[-112.38378,41.47161],[-112.3931,41.4656],[-112.40471,41.46616],[-112.41842,41.46207],[-112.42077,41.45917],[-112.42114,41.45318],[-112.40857,41.44812],[-112.41436,41.44968],[-112.41779,41.44803],[-112.42308,41.4319],[-112.42232,41.42515],[-112.41452,41.40785],[-112.40222,41.4022],[-112.39737,41.39308],[-112.40256,41.3873],[-112.40746,41.36667],[-112.41459,41.36617],[-112.41899,41.36238],[-112.4202,41.35541],[-112.41732,41.34832],[-112.41253,41.34452],[-112.40747,41.34386],[-112.40874,41.34199],[-112.40583,41.3381],[-112.39803,41.34135],[-112.39236,41.33945],[-112.39364,41.33561],[-112.40368,41.33485],[-112.4014,41.33177],[-112.3913,41.33154],[-112.40062,41.32976],[-112.39925,41.32242],[-112.40056,41.31766],[-112.39598,41.31371],[-112.39868,41.31355],[-112.39323,41.30729],[-112.39387,41.30447],[-112.39138,41.30388],[-112.39353,41.30331],[-112.38914,41.29304],[-112.38153,41.29038],[-112.38314,41.28984],[-112.38418,41.2847],[-112.3772,41.27443],[-112.37795,41.27298],[-112.35713,41.27147],[-112.38716,41.24527],[-112.3914,41.23808],[-112.40626,41.22437],[-112.40654,41.22134],[-112.4176,41.21867],[-112.42558,41.21086],[-112.42351,41.2078],[-112.42684,41.20724],[-112.42848,41.20484],[-112.42711,41.20296],[-112.44014,41.20662],[-112.46373,41.20924],[-112.47915,41.21394],[-112.49955,41.21535],[-112.49947,41.21767],[-112.49644,41.21696],[-112.49618,41.22142],[-112.49091,41.22359],[-112.49155,41.22553],[-112.48635,41.22587],[-112.49024,41.23402],[-112.49231,41.23463],[-112.4907,41.23607],[-112.49582,41.24554],[-112.49552,41.24988],[-112.50491,41.24872],[-112.50625,41.25],[-112.49935,41.25344],[-112.49458,41.25202],[-112.49518,41.2539],[-112.4996,41.25923],[-112.50093,41.25726],[-112.49967,41.25439],[-112.50286,41.25295],[-112.51107,41.25899],[-112.5123,41.26229],[-112.51042,41.25976],[-112.50703,41.26416],[-112.51641,41.26971],[-112.51828,41.27396],[-112.51492,41.27522],[-112.51743,41.27907],[-112.51448,41.28344],[-112.513,41.29779],[-112.49818,41.31147],[-112.49494,41.32599],[-112.49998,41.33513],[-112.50444,41.33574],[-112.50845,41.33898],[-112.51115,41.33825],[-112.51934,41.34338],[-112.53444,41.3488],[-112.53326,41.35043],[-112.53667,41.35832],[-112.53574,41.3693],[-112.53806,41.37143],[-112.53768,41.37598],[-112.54022,41.37763],[-112.53888,41.38082],[-112.54239,41.38613],[-112.54144,41.38962],[-112.54622,41.39217],[-112.54551,41.39498],[-112.54214,41.39555],[-112.53943,41.39919],[-112.53977,41.40226],[-112.54244,41.40591],[-112.55152,41.40747],[-112.55248,41.41667],[-112.56312,41.41576],[-112.56934,41.4192],[-112.57068,41.4226],[-112.57677,41.42317],[-112.57635,41.42904],[-112.58349,41.43077],[-112.58587,41.43538],[-112.59008,41.43801],[-112.58957,41.42974],[-112.61079,41.42414],[-112.61925,41.41926],[-112.63375,41.42405],[-112.64315,41.42483],[-112.64286,41.42316],[-112.64768,41.42337],[-112.66021,41.43528],[-112.66732,41.43796],[-112.67942,41.45413],[-112.6907,41.45724],[-112.69339,41.46069],[-112.7069,41.4642],[-112.72512,41.47212],[-112.72736,41.48318],[-112.74385,41.50084],[-112.7442,41.50893],[-112.75407,41.51525],[-112.76168,41.51564],[-112.76241,41.52246],[-112.76834,41.52723],[-112.76989,41.52637],[-112.77424,41.53825],[-112.78266,41.54059],[-112.78102,41.55055],[-112.78733,41.5529],[-112.79073,41.55051],[-112.79257,41.55496],[-112.7995,41.56082],[-112.79669,41.56535],[-112.78635,41.56984],[-112.78682,41.57712],[-112.78362,41.5833],[-112.77352,41.58567],[-112.77869,41.58654],[-112.76655,41.59454],[-112.76778,41.59866],[-112.77803,41.61346],[-112.79042,41.61689],[-112.79982,41.61604],[-112.81022,41.61845],[-112.76479,41.62505],[-112.76154,41.62762],[-112.76323,41.6318],[-112.7778,41.63477],[-112.78329,41.63266],[-112.77824,41.63613],[-112.76275,41.63531],[-112.75131,41.638],[-112.74608,41.64084],[-112.74448,41.6471],[-112.75333,41.6571],[-112.76448,41.66081],[-112.77027,41.66618],[-112.77091,41.66968],[-112.77767,41.67207],[-112.77967,41.67698],[-112.78736,41.67734],[-112.79248,41.68327],[-112.81561,41.68519],[-112.82309,41.6895],[-112.82015,41.69372],[-112.82508,41.696],[-112.83401,41.6965],[-112.84808,41.69405],[-112.85554,41.70449]]]}},{"type":"Feature","id":"84719","properties":{"zip":"84719","pop":null,"city":"Brian Head","county":"Iron","state":"Utah","area":62.83,"lat":37.65532,"lon":-112.76984},"geometry":{"type":"Polygon","coordinates":[[[-112.87859,37.69494],[-112.87282,37.70008],[-112.86756,37.70868],[-112.86971,37.71559],[-112.86934,37.72537],[-112.8662,37.73446],[-112.86246,37.73628],[-112.86071,37.74325],[-112.85565,37.74614],[-112.85245,37.75518],[-112.84614,37.75333],[-112.84324,37.75515],[-112.84666,37.75612],[-112.84413,37.75724],[-112.83799,37.75223],[-112.83745,37.73292],[-112.83645,37.7306],[-112.83303,37.73026],[-112.83604,37.72961],[-112.82935,37.72973],[-112.82658,37.73401],[-112.8261,37.73058],[-112.82397,37.72995],[-112.81969,37.73428],[-112.81377,37.73457],[-112.80775,37.73141],[-112.80167,37.73254],[-112.7938,37.73798],[-112.78751,37.73185],[-112.78238,37.73036],[-112.77947,37.7263],[-112.77766,37.7271],[-112.77776,37.72103],[-112.77188,37.71985],[-112.76375,37.7258],[-112.76544,37.72092],[-112.77103,37.71537],[-112.75321,37.71648],[-112.74274,37.71481],[-112.72218,37.70368],[-112.70886,37.70163],[-112.70494,37.69897],[-112.70135,37.69957],[-112.69451,37.6951],[-112.68585,37.69465],[-112.68635,37.65985],[-112.68521,37.63236],[-112.6836,37.63183],[-112.68375,37.54369],[-112.71479,37.54365],[-112.71955,37.55074],[-112.71931,37.5556],[-112.71362,37.56573],[-112.71433,37.57471],[-112.71604,37.57685],[-112.71122,37.58096],[-112.70459,37.59176],[-112.71121,37.59935],[-112.70449,37.60228],[-112.70103,37.60109],[-112.69843,37.60575],[-112.70002,37.60911],[-112.69598,37.61078],[-112.70329,37.6191],[-112.70189,37.62164],[-112.70287,37.62467],[-112.72925,37.63057],[-112.73048,37.63404],[-112.73376,37.63322],[-112.73997,37.62586],[-112.74046,37.62054],[-112.73473,37.60759],[-112.73618,37.60222],[-112.74286,37.59657],[-112.74365,37.58728],[-112.74629,37.58561],[-112.74719,37.58112],[-112.75505,37.58594],[-112.76606,37.58323],[-112.76781,37.58474],[-112.76963,37.58002],[-112.77465,37.57577],[-112.78201,37.5761],[-112.78719,37.57262],[-112.79123,37.57313],[-112.79535,37.57096],[-112.79982,37.57104],[-112.79863,37.57349],[-112.80952,37.57791],[-112.81444,37.57655],[-112.81952,37.578],[-112.81901,37.58158],[-112.82172,37.58723],[-112.83134,37.6023],[-112.82876,37.60603],[-112.82973,37.60779],[-112.83346,37.60874],[-112.83348,37.60512],[-112.85086,37.60509],[-112.84197,37.60585],[-112.83729,37.61175],[-112.83036,37.61348],[-112.82751,37.62237],[-112.82294,37.62411],[-112.82784,37.62713],[-112.83042,37.63062],[-112.82964,37.63295],[-112.82214,37.63534],[-112.82017,37.63227],[-112.81172,37.63202],[-112.80996,37.63634],[-112.80384,37.63843],[-112.80394,37.64457],[-112.79457,37.64226],[-112.7921,37.64486],[-112.79214,37.64331],[-112.7895,37.64376],[-112.7896,37.64615],[-112.79124,37.64612],[-112.78923,37.65025],[-112.78018,37.6532],[-112.78929,37.65312],[-112.80517,37.66185],[-112.8051,37.66376],[-112.81095,37.6649],[-112.82721,37.66704],[-112.83152,37.66256],[-112.83769,37.66259],[-112.84298,37.67686],[-112.8559,37.68277],[-112.85807,37.68199],[-112.86163,37.69081],[-112.86916,37.69122],[-112.87221,37.69525],[-112.87811,37.69298],[-112.87859,37.69494]]]}},{"type":"Feature","id":"84072","properties":{"zip":"84072","pop":null,"city":"","county":"Duchesne","state":"Utah","area":121.59,"lat":40.36409,"lon":-110.63306},"geometry":{"type":"Polygon","coordinates":[[[-110.80824,40.36135],[-110.7895,40.35815],[-110.75407,40.34606],[-110.7494,40.34575],[-110.75006,40.34827],[-110.74552,40.34924],[-110.73974,40.34897],[-110.74148,40.3541],[-110.73649,40.35284],[-110.73495,40.35527],[-110.73105,40.35133],[-110.72576,40.35006],[-110.71329,40.35341],[-110.71822,40.36035],[-110.72002,40.35927],[-110.72222,40.36433],[-110.72684,40.36665],[-110.72634,40.37015],[-110.73677,40.37688],[-110.73919,40.38146],[-110.74295,40.38242],[-110.74468,40.38589],[-110.76367,40.40149],[-110.75627,40.39757],[-110.75998,40.40041],[-110.75072,40.4004],[-110.75044,40.40589],[-110.74834,40.40704],[-110.74559,40.40645],[-110.74438,40.40344],[-110.73579,40.40258],[-110.72503,40.40442],[-110.72277,40.40661],[-110.719,40.41871],[-110.72219,40.43704],[-110.71848,40.44282],[-110.71364,40.44559],[-110.71215,40.45039],[-110.71389,40.45511],[-110.71282,40.46471],[-110.71616,40.47274],[-110.7146,40.4743],[-110.60014,40.47465],[-110.60037,40.44993],[-110.58879,40.45356],[-110.58209,40.4523],[-110.56041,40.45834],[-110.5594,40.46231],[-110.55569,40.46334],[-110.55276,40.46069],[-110.55142,40.4621],[-110.53722,40.44993],[-110.53395,40.44909],[-110.53282,40.44379],[-110.53722,40.43323],[-110.53269,40.42792],[-110.52566,40.42454],[-110.51742,40.42339],[-110.5135,40.42045],[-110.51701,40.41381],[-110.51377,40.40191],[-110.51542,40.39093],[-110.51919,40.3879],[-110.51907,40.38361],[-110.51418,40.37628],[-110.50921,40.37316],[-110.50622,40.36425],[-110.50618,40.32689],[-110.50302,40.31705],[-110.49639,40.31503],[-110.49117,40.30928],[-110.48865,40.30231],[-110.49042,40.29389],[-110.48853,40.29222],[-110.49343,40.29246],[-110.49592,40.29525],[-110.51166,40.2999],[-110.51537,40.29686],[-110.52988,40.29872],[-110.55221,40.29603],[-110.59651,40.29654],[-110.59662,40.23871],[-110.6064,40.23542],[-110.60937,40.23226],[-110.60929,40.226],[-110.6161,40.23306],[-110.62641,40.23947],[-110.63104,40.2398],[-110.63009,40.24361],[-110.64476,40.25334],[-110.65162,40.25525],[-110.66037,40.25439],[-110.66604,40.25839],[-110.67901,40.26196],[-110.68236,40.26476],[-110.68193,40.26783],[-110.69572,40.27056],[-110.70257,40.27568],[-110.70265,40.28095],[-110.6951,40.29063],[-110.69602,40.29904],[-110.75893,40.29908],[-110.7649,40.3037],[-110.76832,40.30955],[-110.77618,40.3136],[-110.77792,40.32035],[-110.77448,40.31896],[-110.77092,40.3256],[-110.77733,40.32471],[-110.79684,40.34103],[-110.79564,40.34949],[-110.80276,40.35347],[-110.80828,40.35926],[-110.80824,40.36135]]]}},{"type":"Feature","id":"84515","properties":{"zip":"84515","pop":null,"city":"","county":"Grand","state":"Utah","area":93.35,"lat":38.96824,"lon":-109.23907},"geometry":{"type":"Polygon","coordinates":[[[-109.44124,38.93219],[-109.42429,38.93229],[-109.36061,38.9458],[-109.34199,38.95754],[-109.33229,38.96704],[-109.31824,38.97102],[-109.3182,38.96909],[-109.31327,38.96684],[-109.30263,38.96401],[-109.29712,38.95882],[-109.28852,38.95752],[-109.28328,38.95246],[-109.27415,38.951],[-109.26926,38.95615],[-109.26107,38.95998],[-109.25735,38.96737],[-109.24951,38.97182],[-109.24764,38.98541],[-109.24385,38.98875],[-109.24578,39.00615],[-109.24238,39.01287],[-109.2235,39.01876],[-109.22055,39.01726],[-109.20666,39.03513],[-109.19127,39.04705],[-109.19567,39.04899],[-109.20446,39.04506],[-109.1907,39.05825],[-109.17774,39.07699],[-109.17092,39.07865],[-109.15579,39.077],[-109.14572,39.07334],[-109.14032,39.07438],[-109.12738,39.08035],[-109.11253,39.08406],[-109.10455,39.08976],[-109.08833,39.10316],[-109.08627,39.11108],[-109.08056,39.11787],[-109.07493,39.12127],[-109.0648,39.1229],[-109.05156,39.1195],[-109.05271,39.02127],[-109.06367,39.02467],[-109.06827,39.02222],[-109.0686,39.01871],[-109.07531,39.019],[-109.07672,39.01722],[-109.07746,39.01881],[-109.08444,39.01857],[-109.09208,39.01559],[-109.09976,39.01756],[-109.11413,39.01002],[-109.12893,39.01151],[-109.13466,39.01475],[-109.1398,39.01326],[-109.14615,39.01535],[-109.14774,39.01349],[-109.13617,39.00599],[-109.13647,39.00283],[-109.14805,38.99354],[-109.16272,38.99474],[-109.16519,38.99075],[-109.16149,38.98627],[-109.16276,38.98287],[-109.17706,38.98164],[-109.18919,38.9647],[-109.19217,38.96487],[-109.20292,38.95759],[-109.21106,38.95967],[-109.22016,38.96849],[-109.23038,38.97265],[-109.24145,38.97389],[-109.24783,38.97242],[-109.24889,38.96743],[-109.24368,38.96114],[-109.23747,38.95895],[-109.23776,38.95627],[-109.24081,38.95401],[-109.23178,38.95206],[-109.23024,38.9434],[-109.22525,38.93685],[-109.22671,38.93147],[-109.23005,38.92886],[-109.24329,38.92408],[-109.24644,38.9213],[-109.2477,38.9148],[-109.24464,38.9103],[-109.23218,38.90758],[-109.22862,38.90266],[-109.24304,38.89781],[-109.24759,38.89322],[-109.25717,38.89158],[-109.25861,38.88159],[-109.27274,38.86816],[-109.27798,38.86006],[-109.28486,38.85634],[-109.27944,38.84639],[-109.28597,38.83735],[-109.28167,38.82064],[-109.28199,38.81794],[-109.28755,38.81164],[-109.3043,38.81196],[-109.28423,38.82021],[-109.28367,38.82348],[-109.28747,38.83301],[-109.29411,38.82707],[-109.3116,38.82436],[-109.31618,38.82041],[-109.32001,38.824],[-109.3289,38.82527],[-109.3358,38.82332],[-109.33951,38.82547],[-109.33408,38.82769],[-109.33275,38.83191],[-109.3205,38.83463],[-109.32066,38.83817],[-109.3144,38.8459],[-109.31045,38.8465],[-109.30199,38.8521],[-109.30092,38.85433],[-109.30834,38.86136],[-109.33082,38.86624],[-109.33875,38.86304],[-109.3536,38.87108],[-109.36362,38.87215],[-109.37333,38.87645],[-109.3765,38.87505],[-109.37571,38.87775],[-109.37913,38.88014],[-109.38487,38.88006],[-109.38952,38.87524],[-109.38972,38.86824],[-109.39667,38.86455],[-109.40537,38.86988],[-109.41408,38.86662],[-109.42118,38.86786],[-109.42188,38.87107],[-109.41994,38.87476],[-109.42346,38.87587],[-109.42429,38.87923],[-109.41969,38.88125],[-109.41941,38.88321],[-109.43193,38.88889],[-109.42683,38.90263],[-109.42701,38.90845],[-109.4376,38.92189],[-109.44124,38.93219]]]}},{"type":"Feature","id":"84714","properties":{"zip":"84714","pop":null,"city":"","county":"Iron","state":"Utah","area":302.96,"lat":37.8481,"lon":-113.75549},"geometry":{"type":"MultiPolygon","coordinates":[[[[-113.93005,37.81279],[-113.89788,37.8416],[-113.8938,37.86094],[-113.89,37.86918],[-113.88942,37.88058],[-113.86728,37.89193],[-113.86058,37.88232],[-113.83343,37.88247],[-113.82423,37.8798],[-113.81821,37.88276],[-113.80461,37.88262],[-113.80485,37.89669],[-113.67499,37.89624],[-113.67483,37.93974],[-113.61127,37.93987],[-113.61057,37.92697],[-113.58334,37.92543],[-113.53696,37.94193],[-113.48459,37.96604],[-113.4364,38.00303],[-113.43634,37.97792],[-113.44184,37.96403],[-113.45097,37.94844],[-113.45637,37.9443],[-113.47237,37.95754],[-113.47243,37.94651],[-113.49087,37.95622],[-113.49105,37.88297],[-113.56288,37.91084],[-113.58341,37.91089],[-113.58272,37.8383],[-113.5965,37.8382],[-113.59648,37.83108],[-113.58278,37.83108],[-113.58272,37.79469],[-113.61947,37.79472],[-113.61949,37.78011],[-113.60088,37.78005],[-113.60105,37.76548],[-113.58281,37.76546],[-113.58286,37.71438],[-113.58961,37.7144],[-113.58961,37.70723],[-113.59647,37.70723],[-113.59699,37.69302],[-113.60616,37.69303],[-113.60614,37.6915],[-113.62465,37.69816],[-113.62443,37.70736],[-113.63316,37.70729],[-113.63358,37.70137],[-113.64269,37.70461],[-113.64439,37.70318],[-113.6444,37.69438],[-113.64942,37.69227],[-113.63353,37.69219],[-113.63354,37.6777],[-113.62454,37.67755],[-113.62563,37.66381],[-113.62386,37.65034],[-113.6214,37.64526],[-113.62288,37.63394],[-113.62064,37.63254],[-113.62564,37.62316],[-113.54202,37.66214],[-113.52985,37.66928],[-113.53491,37.67098],[-113.53391,37.67364],[-113.51845,37.67535],[-113.51359,37.66977],[-113.50742,37.65521],[-113.50619,37.64958],[-113.50822,37.64384],[-113.49853,37.63867],[-113.50094,37.63688],[-113.49712,37.62907],[-113.50522,37.61826],[-113.58777,37.61822],[-113.5878,37.60461],[-113.76121,37.60479],[-113.7627,37.60886],[-113.77446,37.62274],[-113.77807,37.62427],[-113.78379,37.63608],[-113.79936,37.65064],[-113.78866,37.65064],[-113.76969,37.66311],[-113.7525,37.65179],[-113.74634,37.64966],[-113.72429,37.65527],[-113.71684,37.65055],[-113.71685,37.68363],[-113.71111,37.70399],[-113.71576,37.70436],[-113.71926,37.70925],[-113.72039,37.71769],[-113.72925,37.72074],[-113.73393,37.72763],[-113.74257,37.73011],[-113.74589,37.7365],[-113.75835,37.72935],[-113.77492,37.73356],[-113.78029,37.72951],[-113.78546,37.72836],[-113.79086,37.73359],[-113.79811,37.73291],[-113.80274,37.72943],[-113.80282,37.70723],[-113.80992,37.70646],[-113.80689,37.69704],[-113.79904,37.69111],[-113.79739,37.68598],[-113.80599,37.68016],[-113.81796,37.68422],[-113.82288,37.68876],[-113.82537,37.69858],[-113.82135,37.7084],[-113.8377,37.70737],[-113.83941,37.7037],[-113.85885,37.70189],[-113.85773,37.72202],[-113.89435,37.72202],[-113.8941,37.72934],[-113.86158,37.72924],[-113.87117,37.7402],[-113.86332,37.75114],[-113.85776,37.7511],[-113.85774,37.73392],[-113.85511,37.7334],[-113.85361,37.73804],[-113.83946,37.74299],[-113.82958,37.74187],[-113.82113,37.73655],[-113.82098,37.76766],[-113.8945,37.79289],[-113.89433,37.809],[-113.90539,37.80474],[-113.90943,37.79802],[-113.91979,37.80253],[-113.9258,37.80246],[-113.93005,37.81279]]],[[[-114.0499,38.1486],[-113.96455,38.14872],[-113.9567,38.13287],[-113.95901,38.12999],[-113.9588,38.12067],[-113.96376,38.11736],[-113.9637,38.11353],[-113.9697,38.10607],[-113.96971,38.08731],[-113.95211,38.09099],[-113.94911,38.08852],[-113.94542,38.08951],[-113.94731,38.0879],[-113.93942,38.09435],[-113.93877,38.09786],[-113.93032,38.10045],[-113.92312,38.10026],[-113.90917,38.11137],[-113.89943,38.12192],[-113.89639,38.13155],[-113.88627,38.1337],[-113.88364,38.10535],[-113.88456,38.0961],[-113.86132,38.09859],[-113.85121,38.10352],[-113.86231,38.0853],[-113.86384,38.0749],[-113.86146,38.05732],[-113.88024,38.02054],[-113.87999,38.0107],[-113.87409,37.99845],[-113.96967,37.9987],[-113.96988,38.00476],[-113.99974,38.00048],[-113.99972,37.99847],[-114.00298,38.00002],[-114.01163,37.99878],[-114.02737,38.0025],[-114.03163,38.00143],[-114.04187,38.00858],[-114.0422,38.01097],[-114.05038,38.01284],[-114.0499,38.1486]]]]}},{"type":"Feature","id":"84083","properties":{"zip":"84083","pop":null,"city":"","county":"Tooele","state":"Utah","area":459.77,"lat":40.84359,"lon":-113.6947},"geometry":{"type":"Polygon","coordinates":[[[-114.0438,40.75921],[-114.04215,40.9999],[-113.61186,40.99993],[-113.61195,40.86372],[-113.49761,40.86361],[-113.49757,40.85563],[-113.1866,40.85632],[-113.19079,40.8507],[-113.19235,40.84465],[-113.19695,40.80309],[-113.20172,40.72576],[-113.8215,40.73787],[-113.9631,40.74161],[-113.99905,40.74677],[-113.99903,40.73332],[-114.00857,40.73325],[-114.00847,40.68975],[-114.0438,40.68976],[-114.0438,40.75921]]]}},{"type":"Feature","id":"84526","properties":{"zip":"84526","pop":null,"city":"","county":"Carbon","state":"Utah","area":152.3,"lat":39.72401,"lon":-111.04577},"geometry":{"type":"Polygon","coordinates":[[[-111.2475,39.81303],[-110.93927,39.81358],[-110.9435,39.80611],[-110.93261,39.7998],[-110.9313,39.79087],[-110.92739,39.78574],[-110.91237,39.77539],[-110.90318,39.76457],[-110.89622,39.76298],[-110.89085,39.75882],[-110.88445,39.74751],[-110.87524,39.74034],[-110.87292,39.73435],[-110.86762,39.7285],[-110.86508,39.7216],[-110.86866,39.71666],[-110.86758,39.71202],[-110.86952,39.70829],[-110.86497,39.70258],[-110.8638,39.69569],[-110.84875,39.69577],[-110.84827,39.69213],[-110.84401,39.69212],[-110.844,39.68926],[-110.8363,39.69063],[-110.83596,39.68841],[-110.83947,39.68402],[-110.83807,39.67906],[-110.82901,39.68332],[-110.81129,39.68524],[-110.82998,39.67506],[-110.8331,39.67066],[-110.81772,39.67523],[-110.81482,39.67143],[-110.81014,39.6731],[-110.80292,39.66399],[-110.80975,39.6526],[-110.81445,39.65549],[-110.81603,39.65186],[-110.81145,39.64907],[-110.81758,39.64411],[-110.81801,39.64142],[-110.82558,39.63884],[-110.83459,39.63009],[-110.84409,39.63008],[-110.84475,39.62737],[-110.83927,39.62265],[-110.83957,39.61914],[-110.84379,39.61912],[-110.84412,39.61745],[-110.85135,39.61652],[-110.85846,39.62377],[-110.87634,39.61778],[-110.89958,39.61841],[-110.91598,39.62311],[-110.91385,39.62655],[-110.93203,39.62905],[-110.93494,39.63101],[-110.93976,39.62645],[-110.93429,39.63227],[-110.93241,39.63944],[-110.92097,39.64314],[-110.91754,39.65473],[-110.93083,39.65786],[-110.97349,39.65148],[-110.9809,39.65415],[-110.99189,39.6533],[-111.00037,39.6589],[-111.01059,39.65949],[-111.01557,39.66184],[-111.02561,39.67313],[-111.0335,39.6766],[-111.03675,39.68074],[-111.04702,39.68435],[-111.06211,39.69977],[-111.06346,39.69902],[-111.06246,39.69603],[-111.06742,39.69987],[-111.07076,39.69778],[-111.0734,39.69983],[-111.0789,39.69781],[-111.08602,39.69853],[-111.07394,39.70383],[-111.05893,39.70651],[-111.04702,39.71401],[-111.0432,39.72809],[-111.03567,39.7384],[-111.01197,39.72479],[-111.01165,39.73167],[-111.01417,39.73464],[-111.00877,39.74248],[-111.01311,39.74564],[-111.01457,39.75368],[-111.00845,39.75711],[-111.00772,39.76069],[-111.00548,39.75692],[-111.00396,39.76612],[-111.01278,39.77287],[-111.01425,39.77651],[-111.0192,39.77547],[-111.0256,39.77065],[-111.02646,39.773],[-111.03034,39.76191],[-111.03633,39.75774],[-111.0462,39.75526],[-111.05232,39.75728],[-111.05598,39.75515],[-111.06852,39.75842],[-111.07408,39.75585],[-111.07045,39.75487],[-111.07594,39.75497],[-111.0748,39.75177],[-111.08763,39.74942],[-111.0946,39.7527],[-111.09545,39.75841],[-111.09844,39.76076],[-111.10969,39.76422],[-111.11109,39.76141],[-111.11736,39.76349],[-111.12015,39.76144],[-111.11987,39.76429],[-111.12424,39.76035],[-111.11904,39.75014],[-111.12156,39.74212],[-111.11394,39.73469],[-111.10487,39.72938],[-111.10535,39.72718],[-111.10905,39.72575],[-111.1173,39.72489],[-111.11669,39.70849],[-111.12122,39.6996],[-111.12106,39.68858],[-111.12525,39.68458],[-111.12156,39.68023],[-111.12227,39.6748],[-111.12514,39.66894],[-111.13166,39.66353],[-111.12937,39.65411],[-111.13856,39.66259],[-111.14083,39.66184],[-111.14278,39.66957],[-111.14078,39.67269],[-111.14166,39.6768],[-111.14684,39.67941],[-111.15755,39.67969],[-111.15842,39.68196],[-111.15953,39.68063],[-111.15348,39.66788],[-111.15613,39.6621],[-111.15311,39.65108],[-111.15059,39.65148],[-111.15131,39.64596],[-111.14684,39.64526],[-111.14039,39.63972],[-111.14127,39.63748],[-111.13896,39.63535],[-111.13553,39.63476],[-111.13279,39.63847],[-111.13187,39.63488],[-111.13423,39.63216],[-111.13123,39.6241],[-111.13235,39.61391],[-111.13732,39.61523],[-111.14075,39.60835],[-111.14851,39.60665],[-111.14787,39.60042],[-111.15092,39.60063],[-111.15706,39.59601],[-111.16215,39.5969],[-111.16604,39.60186],[-111.17049,39.60339],[-111.17609,39.61433],[-111.18624,39.6195],[-111.18649,39.62508],[-111.19121,39.62937],[-111.19044,39.63439],[-111.19269,39.64132],[-111.20198,39.64555],[-111.20103,39.65687],[-111.20842,39.66105],[-111.21051,39.66674],[-111.21688,39.66983],[-111.22164,39.67533],[-111.22011,39.68107],[-111.22185,39.68286],[-111.22172,39.69194],[-111.22914,39.69319],[-111.23006,39.69951],[-111.23494,39.69998],[-111.2374,39.70314],[-111.24739,39.70435],[-111.2475,39.81303]]]}},{"type":"Feature","id":"84765","properties":{"zip":"84765","pop":null,"city":"Santa Clara","county":"Washington","state":"Utah","area":38.3,"lat":37.31088,"lon":-113.9261},"geometry":{"type":"MultiPolygon","coordinates":[[[[-113.7348,37.11187],[-113.73362,37.11532],[-113.72571,37.11901],[-113.72594,37.1244],[-113.71595,37.1255],[-113.71594,37.12819],[-113.7063,37.13734],[-113.69715,37.13893],[-113.6974,37.14075],[-113.70465,37.14481],[-113.70309,37.14876],[-113.70599,37.15007],[-113.70573,37.15234],[-113.70845,37.1536],[-113.70808,37.15658],[-113.71094,37.15943],[-113.70171,37.1652],[-113.69785,37.16219],[-113.69777,37.15013],[-113.69314,37.15009],[-113.69314,37.14797],[-113.68849,37.14798],[-113.6885,37.15011],[-113.67851,37.15017],[-113.6725,37.14537],[-113.67004,37.14639],[-113.67008,37.15738],[-113.6431,37.15759],[-113.64534,37.15395],[-113.64833,37.15396],[-113.64823,37.1484],[-113.64703,37.14563],[-113.6377,37.14293],[-113.63756,37.12658],[-113.63086,37.12467],[-113.62826,37.11714],[-113.62823,37.1156],[-113.63722,37.11697],[-113.63574,37.11372],[-113.63815,37.11391],[-113.6417,37.12083],[-113.646,37.12359],[-113.64832,37.12044],[-113.64784,37.11798],[-113.64307,37.11103],[-113.64714,37.10735],[-113.64837,37.11019],[-113.66049,37.1146],[-113.66103,37.11738],[-113.68401,37.12122],[-113.68856,37.11975],[-113.68949,37.11436],[-113.69426,37.11377],[-113.70413,37.10835],[-113.71219,37.10955],[-113.71231,37.11085],[-113.71739,37.1078],[-113.72295,37.10715],[-113.7348,37.11187]]],[[[-114.05262,37.47194],[-114.04049,37.46661],[-114.03094,37.45951],[-114.03127,37.45642],[-114.029,37.45354],[-114.03392,37.44836],[-114.03196,37.44767],[-114.03288,37.44421],[-114.02864,37.44182],[-114.02922,37.43576],[-114.03176,37.43402],[-114.02787,37.4288],[-114.03017,37.42664],[-114.0273,37.42466],[-114.02599,37.41618],[-114.02051,37.41554],[-114.02196,37.41373],[-114.01721,37.4079],[-114.01768,37.40502],[-114.01194,37.40178],[-114.00958,37.39619],[-114.00495,37.39579],[-114.00227,37.38918],[-114.0052,37.38528],[-114.00244,37.38009],[-113.99776,37.38213],[-113.98578,37.37726],[-113.98434,37.38204],[-113.98075,37.38395],[-113.97921,37.39279],[-113.97506,37.39507],[-113.96713,37.3945],[-113.965,37.39131],[-113.9587,37.38853],[-113.96177,37.38346],[-113.96667,37.38272],[-113.96172,37.37274],[-113.94326,37.37316],[-113.94133,37.37117],[-113.93724,37.37097],[-113.94156,37.36444],[-113.94026,37.36305],[-113.94283,37.35854],[-113.94718,37.35798],[-113.92992,37.35276],[-113.92986,37.34297],[-113.94033,37.32928],[-113.93972,37.33192],[-113.94784,37.32721],[-113.95759,37.32885],[-113.95977,37.32567],[-113.95701,37.32504],[-113.96631,37.31578],[-113.98009,37.30768],[-113.99578,37.30696],[-113.99835,37.31027],[-114.00204,37.30556],[-114.00436,37.3082],[-114.00867,37.30476],[-114.01175,37.31351],[-114.01636,37.31732],[-114.0275,37.32013],[-114.03605,37.33128],[-114.03759,37.3374],[-114.05189,37.34726],[-114.05262,37.47194]]]]}},{"type":"Feature","id":"84321","properties":{"zip":"84321","pop":null,"city":"Logan","county":"Cache","state":"Utah","area":164.93,"lat":41.77936,"lon":-111.68324},"geometry":{"type":"Polygon","coordinates":[[[-111.95568,41.74332],[-111.95244,41.74621],[-111.92973,41.74574],[-111.91145,41.74157],[-111.91164,41.75631],[-111.8994,41.7566],[-111.89935,41.76003],[-111.89745,41.76047],[-111.88119,41.75261],[-111.86402,41.75286],[-111.86379,41.76058],[-111.8662,41.76157],[-111.86604,41.76742],[-111.85856,41.76553],[-111.85837,41.77809],[-111.85593,41.77803],[-111.8612,41.77859],[-111.86222,41.7876],[-111.86738,41.78992],[-111.86729,41.79204],[-111.86412,41.79208],[-111.86713,41.79496],[-111.85755,41.79953],[-111.84596,41.79944],[-111.84733,41.77792],[-111.84877,41.77793],[-111.84921,41.75038],[-111.81928,41.74989],[-111.81727,41.75327],[-111.81387,41.75317],[-111.8139,41.75013],[-111.79967,41.75118],[-111.79965,41.74936],[-111.78851,41.74951],[-111.78803,41.74547],[-111.78481,41.74408],[-111.78493,41.75861],[-111.77539,41.75863],[-111.77558,41.78036],[-111.77177,41.78037],[-111.77085,41.7949],[-111.76592,41.79489],[-111.76618,41.8242],[-111.77618,41.82417],[-111.77645,41.8528],[-111.75938,41.85739],[-111.75115,41.85612],[-111.74645,41.85813],[-111.72494,41.858],[-111.71493,41.86114],[-111.71108,41.85884],[-111.70247,41.84734],[-111.70537,41.84387],[-111.71203,41.84138],[-111.71117,41.83756],[-111.7036,41.8355],[-111.69459,41.82835],[-111.68732,41.82872],[-111.68271,41.82685],[-111.68594,41.81354],[-111.68591,41.80487],[-111.69391,41.7931],[-111.67509,41.79207],[-111.66449,41.7892],[-111.65152,41.79425],[-111.64553,41.7921],[-111.64672,41.79432],[-111.64536,41.79754],[-111.63132,41.80297],[-111.62423,41.81367],[-111.61876,41.8139],[-111.6127,41.82181],[-111.60737,41.82357],[-111.60267,41.8221],[-111.60349,41.82399],[-111.60132,41.8266],[-111.60472,41.82991],[-111.59694,41.83344],[-111.59301,41.83298],[-111.59301,41.83523],[-111.59562,41.83696],[-111.58521,41.8415],[-111.58817,41.84466],[-111.58426,41.84965],[-111.5856,41.85565],[-111.57868,41.85603],[-111.57136,41.86219],[-111.56123,41.88104],[-111.56516,41.89154],[-111.56038,41.92281],[-111.56167,41.93087],[-111.56711,41.93362],[-111.57507,41.94403],[-111.58206,41.94783],[-111.60225,41.97773],[-111.5977,41.98687],[-111.59629,41.99936],[-111.5078,41.99954],[-111.50799,41.9877],[-111.4975,41.98509],[-111.49082,41.97705],[-111.48435,41.97536],[-111.48336,41.9638],[-111.47586,41.95765],[-111.47748,41.95341],[-111.47324,41.9475],[-111.4768,41.93623],[-111.47132,41.92816],[-111.47781,41.91885],[-111.47833,41.91269],[-111.49128,41.91069],[-111.49211,41.91238],[-111.50039,41.91209],[-111.50259,41.91365],[-111.50463,41.91122],[-111.50977,41.91086],[-111.51187,41.90779],[-111.51149,41.90473],[-111.50398,41.90233],[-111.5004,41.89826],[-111.49999,41.89247],[-111.50278,41.88766],[-111.49366,41.88713],[-111.49216,41.88314],[-111.49418,41.87363],[-111.50184,41.86848],[-111.5093,41.86876],[-111.50194,41.86099],[-111.50786,41.85259],[-111.49731,41.84685],[-111.50144,41.84797],[-111.49998,41.84632],[-111.50437,41.8384],[-111.50211,41.83284],[-111.50653,41.82788],[-111.50353,41.82333],[-111.50104,41.82456],[-111.49167,41.82194],[-111.47855,41.81052],[-111.47243,41.81006],[-111.47156,41.8042],[-111.49225,41.80536],[-111.5044,41.80313],[-111.50922,41.80517],[-111.5245,41.79537],[-111.52539,41.79268],[-111.53114,41.79048],[-111.53527,41.79347],[-111.53904,41.79199],[-111.54478,41.7941],[-111.5584,41.7936],[-111.56457,41.78944],[-111.56757,41.79525],[-111.5672,41.79888],[-111.57064,41.80055],[-111.57493,41.79978],[-111.57617,41.79644],[-111.58094,41.79572],[-111.59798,41.79621],[-111.60579,41.80007],[-111.60622,41.80214],[-111.61082,41.79939],[-111.61491,41.79353],[-111.61426,41.7881],[-111.61594,41.78616],[-111.61316,41.78305],[-111.61411,41.78037],[-111.61218,41.77531],[-111.59753,41.77224],[-111.60201,41.77122],[-111.59827,41.76085],[-111.56863,41.74796],[-111.55521,41.74538],[-111.55364,41.73614],[-111.55419,41.7346],[-111.5553,41.7379],[-111.55861,41.73949],[-111.56909,41.73678],[-111.579,41.72829],[-111.63705,41.72822],[-111.63701,41.72609],[-111.62251,41.72608],[-111.62246,41.72247],[-111.61766,41.72246],[-111.61723,41.69724],[-111.61465,41.69724],[-111.61326,41.69433],[-111.61728,41.68643],[-111.62662,41.68641],[-111.62667,41.68192],[-111.63006,41.67512],[-111.62715,41.66731],[-111.63123,41.664],[-111.64693,41.66112],[-111.66206,41.66299],[-111.66819,41.65982],[-111.68351,41.6592],[-111.70202,41.64903],[-111.70853,41.63923],[-111.71392,41.63918],[-111.71404,41.6358],[-111.70931,41.63554],[-111.70943,41.63094],[-111.7158,41.62925],[-111.71951,41.63029],[-111.73289,41.62335],[-111.74669,41.62121],[-111.78033,41.62078],[-111.78417,41.62342],[-111.80524,41.62788],[-111.81341,41.63324],[-111.8191,41.63967],[-111.82259,41.63965],[-111.82165,41.64374],[-111.83271,41.64523],[-111.83271,41.64809],[-111.83758,41.64836],[-111.83662,41.65123],[-111.84902,41.65145],[-111.84925,41.64346],[-111.85701,41.64346],[-111.86427,41.64528],[-111.86428,41.64796],[-111.86917,41.64802],[-111.86904,41.66889],[-111.88753,41.6709],[-111.86281,41.69521],[-111.8646,41.69463],[-111.86644,41.69751],[-111.87289,41.69642],[-111.88827,41.69826],[-111.89124,41.69792],[-111.89113,41.69272],[-111.90083,41.69268],[-111.90117,41.70013],[-111.91831,41.69926],[-111.91617,41.70173],[-111.91963,41.70451],[-111.91931,41.70866],[-111.92155,41.70894],[-111.92382,41.71272],[-111.94289,41.71108],[-111.93791,41.71201],[-111.9412,41.71283],[-111.93891,41.71392],[-111.94624,41.71871],[-111.94527,41.71998],[-111.94793,41.71961],[-111.94585,41.72139],[-111.95204,41.72247],[-111.94959,41.72468],[-111.95245,41.72532],[-111.94861,41.72654],[-111.94846,41.7283],[-111.94547,41.72702],[-111.94223,41.72931],[-111.94509,41.73347],[-111.94201,41.73368],[-111.94296,41.73592],[-111.9499,41.73593],[-111.95078,41.73447],[-111.95352,41.73578],[-111.95722,41.74034],[-111.95568,41.74332]],[[-111.83503,41.69891],[-111.83387,41.68706],[-111.832,41.68501],[-111.83287,41.68226],[-111.83038,41.68023],[-111.83188,41.67872],[-111.82798,41.67483],[-111.82768,41.66625],[-111.82548,41.66203],[-111.8268,41.65808],[-111.8227,41.65683],[-111.81919,41.65274],[-111.82024,41.65071],[-111.81821,41.6501],[-111.81686,41.644],[-111.81341,41.64407],[-111.8134,41.64171],[-111.80846,41.6417],[-111.80849,41.66351],[-111.80355,41.66355],[-111.80367,41.68376],[-111.79569,41.68386],[-111.79642,41.68563],[-111.79413,41.68561],[-111.79443,41.71867],[-111.80752,41.71956],[-111.80763,41.71734],[-111.8149,41.71884],[-111.82496,41.71506],[-111.8257,41.71756],[-111.83252,41.71762],[-111.83503,41.69891]]]}},{"type":"Feature","id":"84759","properties":{"zip":"84759","pop":null,"city":"","county":"Garfield","state":"Utah","area":366.63,"lat":37.92222,"lon":-112.38434},"geometry":{"type":"Polygon","coordinates":[[[-112.68922,37.80559],[-112.60817,37.80559],[-112.60685,37.80095],[-112.61028,37.79601],[-112.60907,37.79372],[-112.6107,37.7916],[-112.60906,37.79046],[-112.61123,37.78738],[-112.60932,37.78722],[-112.61032,37.78515],[-112.60725,37.78245],[-112.60245,37.78228],[-112.60339,37.78125],[-112.59773,37.77616],[-112.59411,37.77056],[-112.59425,37.76619],[-112.59097,37.76285],[-112.57927,37.75692],[-112.56446,37.75645],[-112.56051,37.76336],[-112.54826,37.77001],[-112.54721,37.76776],[-112.53383,37.76708],[-112.52533,37.76238],[-112.51898,37.76259],[-112.52101,37.75571],[-112.52965,37.75307],[-112.5285,37.74735],[-112.53802,37.74741],[-112.54495,37.7425],[-112.54809,37.74296],[-112.54765,37.73976],[-112.55222,37.7377],[-112.55624,37.73885],[-112.56498,37.74871],[-112.571,37.73694],[-112.58003,37.73425],[-112.58421,37.73098],[-112.58214,37.72354],[-112.5774,37.71965],[-112.57277,37.72186],[-112.56142,37.72118],[-112.55699,37.72506],[-112.55489,37.72269],[-112.55562,37.72093],[-112.56474,37.71763],[-112.55875,37.71779],[-112.55384,37.7152],[-112.52244,37.71818],[-112.52354,37.72178],[-112.52766,37.72415],[-112.52502,37.72656],[-112.51647,37.72629],[-112.49674,37.71486],[-112.49725,37.71244],[-112.4906,37.70613],[-112.48275,37.70198],[-112.47218,37.69951],[-112.4721,37.70245],[-112.47389,37.70294],[-112.47343,37.71274],[-112.46271,37.71154],[-112.45371,37.71837],[-112.43977,37.72419],[-112.44162,37.72808],[-112.43827,37.72953],[-112.43783,37.72747],[-112.4255,37.72709],[-112.42585,37.73364],[-112.44162,37.748],[-112.45136,37.80188],[-112.45086,37.81796],[-112.46044,37.81969],[-112.46041,37.82147],[-112.45534,37.82152],[-112.45527,37.82695],[-112.453,37.82699],[-112.45297,37.83063],[-112.45098,37.83067],[-112.4507,37.84686],[-112.44813,37.84741],[-112.44797,37.84955],[-112.45335,37.85921],[-112.45531,37.87236],[-112.4608,37.87469],[-112.4596,37.87952],[-112.4629,37.88072],[-112.45721,37.88513],[-112.45062,37.88707],[-112.45455,37.89153],[-112.46393,37.89413],[-112.45896,37.89706],[-112.4544,37.89706],[-112.45377,37.90403],[-112.45026,37.90987],[-112.45,37.91701],[-112.4416,37.91995],[-112.43649,37.91905],[-112.43623,37.92349],[-112.42795,37.92348],[-112.43352,37.93172],[-112.44473,37.94139],[-112.46372,37.94174],[-112.4667,37.94055],[-112.46738,37.9339],[-112.46697,37.97766],[-112.47897,37.97768],[-112.47868,38.14742],[-112.46243,38.15],[-112.12515,38.14872],[-112.12615,38.14363],[-112.12479,38.14075],[-112.12904,38.13179],[-112.12617,38.1275],[-112.1384,38.11362],[-112.14078,38.1092],[-112.14015,38.10454],[-112.14513,38.09775],[-112.15457,38.08897],[-112.15703,38.08973],[-112.15772,38.08773],[-112.16241,38.08669],[-112.16815,38.07178],[-112.1621,38.0745],[-112.15998,38.06866],[-112.14469,38.06779],[-112.15545,38.06202],[-112.15833,38.05277],[-112.16829,38.04988],[-112.16815,38.05185],[-112.16954,38.05143],[-112.19658,38.04028],[-112.20106,38.03235],[-112.20005,38.03096],[-112.19639,38.03212],[-112.19566,38.02945],[-112.20673,38.0266],[-112.20514,38.02499],[-112.206,38.02186],[-112.20137,38.02352],[-112.19939,38.02194],[-112.20152,38.01933],[-112.20722,38.01559],[-112.21406,38.0181],[-112.22784,38.00781],[-112.22759,38.00238],[-112.23073,37.9995],[-112.22994,37.99433],[-112.23243,37.99357],[-112.22558,37.98851],[-112.22389,37.98464],[-112.22595,37.97727],[-112.22482,37.97492],[-112.22148,37.9771],[-112.22166,37.97327],[-112.22746,37.96696],[-112.23056,37.9602],[-112.22972,37.95178],[-112.23201,37.94586],[-112.23675,37.93942],[-112.24955,37.92974],[-112.24778,37.9288],[-112.25165,37.92203],[-112.25296,37.92426],[-112.25502,37.92299],[-112.25388,37.91925],[-112.25553,37.91678],[-112.25202,37.91161],[-112.25648,37.90923],[-112.25647,37.90709],[-112.25956,37.90761],[-112.25755,37.90341],[-112.27512,37.9064],[-112.27662,37.9032],[-112.28168,37.90271],[-112.27892,37.90014],[-112.27822,37.89476],[-112.27979,37.89236],[-112.27759,37.88811],[-112.27976,37.8876],[-112.28071,37.88482],[-112.27826,37.87862],[-112.28168,37.87061],[-112.27863,37.86286],[-112.28059,37.8615],[-112.28068,37.85333],[-112.27887,37.84938],[-112.27519,37.85009],[-112.28012,37.84227],[-112.2789,37.83853],[-112.2753,37.8361],[-112.27809,37.82674],[-112.26922,37.82703],[-112.27038,37.82314],[-112.26475,37.8238],[-112.26513,37.81875],[-112.26065,37.81612],[-112.26024,37.81375],[-112.25605,37.81519],[-112.2537,37.8118],[-112.24984,37.81172],[-112.25608,37.80389],[-112.25219,37.80034],[-112.2542,37.79563],[-112.25291,37.79027],[-112.25683,37.78656],[-112.25369,37.78071],[-112.25607,37.7744],[-112.25167,37.768],[-112.2554,37.76425],[-112.25561,37.75673],[-112.25765,37.75513],[-112.26886,37.75467],[-112.27155,37.75],[-112.26879,37.73392],[-112.27416,37.72968],[-112.26162,37.72047],[-112.26898,37.71749],[-112.28591,37.72627],[-112.33962,37.73833],[-112.34854,37.74025],[-112.37514,37.74092],[-112.37827,37.7328],[-112.37694,37.73035],[-112.37988,37.72842],[-112.37964,37.72614],[-112.38173,37.72676],[-112.38213,37.72198],[-112.3853,37.72033],[-112.40213,37.69383],[-112.39883,37.68132],[-112.40109,37.67699],[-112.42272,37.66581],[-112.42762,37.66611],[-112.42755,37.66407],[-112.43346,37.66886],[-112.45253,37.66642],[-112.45991,37.66803],[-112.46516,37.66711],[-112.48042,37.67328],[-112.48569,37.6732],[-112.49003,37.67613],[-112.50138,37.67502],[-112.50496,37.67818],[-112.52108,37.68261],[-112.53934,37.68016],[-112.5413,37.68489],[-112.55032,37.68173],[-112.56545,37.66222],[-112.58216,37.66717],[-112.59337,37.66585],[-112.61022,37.67093],[-112.61823,37.66617],[-112.62059,37.66976],[-112.62418,37.67081],[-112.63426,37.671],[-112.64111,37.66835],[-112.66308,37.6741],[-112.66734,37.67185],[-112.66896,37.6685],[-112.66583,37.66376],[-112.66635,37.6588],[-112.67458,37.65463],[-112.68606,37.65358],[-112.68576,37.71734],[-112.68899,37.71722],[-112.68922,37.80559]]]}},{"type":"Feature","id":"84319","properties":{"zip":"84319","pop":null,"city":"Hyrum","county":"Cache","state":"Utah","area":76.31,"lat":41.59393,"lon":-111.65899},"geometry":{"type":"Polygon","coordinates":[[[-111.89094,41.64101],[-111.89084,41.64578],[-111.86921,41.64557],[-111.86917,41.64802],[-111.86428,41.64796],[-111.86427,41.64528],[-111.85701,41.64346],[-111.84925,41.64346],[-111.84902,41.65145],[-111.83662,41.65123],[-111.83758,41.64836],[-111.83271,41.64809],[-111.83271,41.64523],[-111.82165,41.64374],[-111.82259,41.63965],[-111.8191,41.63967],[-111.81341,41.63324],[-111.80524,41.62788],[-111.78417,41.62342],[-111.78033,41.62078],[-111.74669,41.62121],[-111.73289,41.62335],[-111.71951,41.63029],[-111.7158,41.62925],[-111.70943,41.63094],[-111.70931,41.63554],[-111.71404,41.6358],[-111.71392,41.63918],[-111.70853,41.63923],[-111.70202,41.64903],[-111.68351,41.6592],[-111.66819,41.65982],[-111.66206,41.66299],[-111.64693,41.66112],[-111.63427,41.66328],[-111.62931,41.65964],[-111.61621,41.65919],[-111.60793,41.65669],[-111.61427,41.65216],[-111.6005,41.64205],[-111.60175,41.63963],[-111.62713,41.63924],[-111.62711,41.63148],[-111.62233,41.6315],[-111.62232,41.62789],[-111.61744,41.62796],[-111.61754,41.62429],[-111.63187,41.62425],[-111.6318,41.61703],[-111.64434,41.61699],[-111.61996,41.60781],[-111.61,41.60784],[-111.59835,41.60506],[-111.59204,41.60669],[-111.58734,41.60556],[-111.5858,41.61033],[-111.58816,41.61207],[-111.58755,41.6151],[-111.58168,41.61754],[-111.57607,41.62555],[-111.56836,41.6267],[-111.56145,41.63149],[-111.55958,41.63846],[-111.55122,41.64498],[-111.54967,41.64473],[-111.55798,41.63645],[-111.55758,41.6337],[-111.55093,41.62733],[-111.54983,41.61771],[-111.54655,41.61953],[-111.5377,41.61726],[-111.53749,41.61569],[-111.5327,41.61828],[-111.53265,41.62411],[-111.52945,41.62605],[-111.52614,41.62447],[-111.52331,41.62664],[-111.52304,41.62979],[-111.51876,41.63198],[-111.51776,41.63739],[-111.51398,41.63366],[-111.51055,41.63596],[-111.50829,41.63228],[-111.50516,41.63139],[-111.50208,41.63271],[-111.49845,41.64045],[-111.49409,41.64211],[-111.49019,41.64148],[-111.48857,41.63712],[-111.48723,41.63953],[-111.48121,41.64037],[-111.47155,41.63534],[-111.46963,41.63913],[-111.46642,41.63932],[-111.46379,41.63699],[-111.46411,41.62392],[-111.47365,41.62404],[-111.47382,41.6094],[-111.44458,41.60982],[-111.44458,41.61547],[-111.44233,41.61734],[-111.43267,41.61282],[-111.43717,41.60976],[-111.43569,41.6083],[-111.43665,41.60621],[-111.44078,41.60874],[-111.44276,41.60771],[-111.44124,41.60561],[-111.44317,41.60332],[-111.44725,41.60372],[-111.45126,41.5998],[-111.45704,41.59888],[-111.45838,41.59601],[-111.47171,41.59061],[-111.48171,41.5908],[-111.50447,41.58668],[-111.50629,41.58866],[-111.51376,41.59019],[-111.51699,41.58702],[-111.52114,41.58837],[-111.52111,41.58523],[-111.52561,41.5853],[-111.52634,41.58266],[-111.52107,41.58163],[-111.52111,41.57081],[-111.53103,41.57091],[-111.53085,41.57817],[-111.5357,41.57822],[-111.53571,41.58187],[-111.54046,41.5819],[-111.54061,41.57462],[-111.54538,41.57455],[-111.54527,41.58181],[-111.55005,41.58173],[-111.5501,41.5781],[-111.55971,41.57795],[-111.55979,41.57434],[-111.55015,41.57448],[-111.55021,41.57086],[-111.54544,41.57092],[-111.54579,41.56914],[-111.55434,41.57037],[-111.56378,41.5748],[-111.56587,41.57355],[-111.5709,41.565],[-111.57377,41.54358],[-111.57997,41.53546],[-111.56822,41.52991],[-111.56487,41.53002],[-111.5648,41.52021],[-111.56245,41.51623],[-111.5655,41.51475],[-111.56924,41.50887],[-111.56963,41.51109],[-111.57201,41.51188],[-111.57302,41.50917],[-111.57584,41.50814],[-111.57988,41.48658],[-111.58249,41.48211],[-111.59006,41.48165],[-111.59776,41.4786],[-111.59547,41.48553],[-111.61073,41.4871],[-111.61259,41.48969],[-111.6211,41.49224],[-111.62106,41.49932],[-111.62331,41.50278],[-111.62975,41.50548],[-111.62578,41.51758],[-111.62503,41.52878],[-111.62322,41.53018],[-111.63063,41.5302],[-111.63133,41.53523],[-111.63489,41.53638],[-111.63261,41.54342],[-111.63563,41.54767],[-111.63235,41.55329],[-111.62086,41.55771],[-111.63719,41.56469],[-111.64058,41.56431],[-111.64145,41.56016],[-111.64375,41.55861],[-111.65105,41.56068],[-111.65076,41.56309],[-111.65509,41.56047],[-111.66039,41.56106],[-111.65674,41.56467],[-111.65654,41.56956],[-111.66007,41.57213],[-111.66016,41.58168],[-111.66354,41.58284],[-111.66733,41.57944],[-111.67178,41.57992],[-111.66713,41.58051],[-111.6656,41.58365],[-111.66763,41.58482],[-111.66463,41.58669],[-111.66504,41.58948],[-111.66755,41.58812],[-111.66801,41.59079],[-111.6703,41.59006],[-111.67358,41.59318],[-111.67603,41.59209],[-111.67493,41.59528],[-111.68085,41.59225],[-111.68053,41.59371],[-111.68363,41.5921],[-111.69112,41.59372],[-111.69898,41.59047],[-111.70726,41.59091],[-111.71625,41.58322],[-111.71513,41.58248],[-111.71696,41.57896],[-111.71372,41.57961],[-111.71241,41.57807],[-111.71422,41.57664],[-111.70997,41.57628],[-111.71313,41.57541],[-111.71689,41.56845],[-111.72242,41.56416],[-111.72391,41.55984],[-111.73531,41.55176],[-111.75479,41.54621],[-111.79385,41.54714],[-111.79412,41.59743],[-111.84824,41.59856],[-111.85347,41.60187],[-111.85536,41.60883],[-111.86821,41.60809],[-111.87222,41.61498],[-111.87162,41.61772],[-111.87619,41.61615],[-111.87601,41.62291],[-111.87167,41.62693],[-111.88003,41.63005],[-111.88114,41.64032],[-111.88295,41.63864],[-111.88674,41.63999],[-111.89094,41.63729],[-111.89094,41.64101]]]}},{"type":"Feature","id":"84741","properties":{"zip":"84741","pop":null,"city":"","county":"Kane","state":"Utah","area":1079.28,"lat":37.19743,"lon":-112.25535},"geometry":{"type":"Polygon","coordinates":[[[-112.89917,37.18191],[-112.89014,37.18086],[-112.87961,37.18229],[-112.87577,37.18027],[-112.86955,37.1804],[-112.86648,37.18418],[-112.86613,37.18235],[-112.86078,37.18034],[-112.86011,37.18337],[-112.85472,37.18229],[-112.85591,37.17929],[-112.85311,37.17753],[-112.85117,37.17959],[-112.84746,37.17901],[-112.84861,37.17639],[-112.84601,37.17765],[-112.84352,37.17481],[-112.84069,37.17545],[-112.83954,37.17859],[-112.83575,37.17581],[-112.83461,37.17755],[-112.8347,37.1752],[-112.83134,37.17642],[-112.82824,37.1741],[-112.82869,37.17178],[-112.82279,37.17301],[-112.81458,37.16928],[-112.81059,37.1723],[-112.8079,37.17171],[-112.80308,37.17415],[-112.79802,37.17445],[-112.79684,37.1729],[-112.79393,37.17554],[-112.79086,37.17378],[-112.78128,37.1805],[-112.76558,37.17742],[-112.75779,37.18127],[-112.74587,37.17982],[-112.7453,37.18172],[-112.74379,37.18053],[-112.73773,37.18285],[-112.73095,37.18217],[-112.72054,37.1935],[-112.69119,37.19854],[-112.69052,37.20242],[-112.68846,37.20188],[-112.69062,37.20414],[-112.68974,37.20775],[-112.68409,37.21111],[-112.68515,37.20467],[-112.67377,37.20391],[-112.66122,37.19458],[-112.65931,37.1895],[-112.58035,37.15757],[-112.57403,37.15374],[-112.5683,37.14525],[-112.54634,37.1472],[-112.5446,37.15129],[-112.54189,37.15206],[-112.54059,37.15056],[-112.53813,37.15228],[-112.54068,37.15566],[-112.53799,37.15651],[-112.53848,37.1643],[-112.53597,37.1678],[-112.53709,37.17213],[-112.53528,37.17521],[-112.53878,37.18524],[-112.54077,37.18596],[-112.54054,37.18925],[-112.53565,37.19502],[-112.53906,37.2038],[-112.53767,37.20914],[-112.54209,37.2214],[-112.54435,37.22304],[-112.54078,37.23233],[-112.54529,37.24194],[-112.54332,37.25607],[-112.54475,37.25685],[-112.54217,37.26799],[-112.53788,37.27225],[-112.53349,37.28203],[-112.52809,37.285],[-112.52267,37.29283],[-112.51941,37.28937],[-112.51312,37.2878],[-112.50666,37.2918],[-112.50261,37.29187],[-112.49883,37.30466],[-112.50218,37.30808],[-112.51232,37.31166],[-112.5114,37.31936],[-112.50614,37.32879],[-112.50864,37.33888],[-112.51431,37.34447],[-112.52276,37.34802],[-112.52602,37.35565],[-112.53281,37.35851],[-112.53914,37.35789],[-112.54062,37.36468],[-112.54716,37.3664],[-112.54551,37.36959],[-112.5272,37.36952],[-112.52955,37.37582],[-112.52649,37.3907],[-112.53064,37.39527],[-112.55072,37.4022],[-112.55075,37.40378],[-112.55562,37.40236],[-112.5575,37.39515],[-112.55619,37.40219],[-112.53826,37.42692],[-112.5267,37.42804],[-112.52669,37.4258],[-112.52219,37.42716],[-112.52213,37.41966],[-112.5132,37.41956],[-112.51317,37.41226],[-112.50436,37.41221],[-112.50443,37.40863],[-112.49543,37.4087],[-112.49547,37.41229],[-112.48795,37.41233],[-112.48667,37.41968],[-112.46844,37.41982],[-112.45962,37.41524],[-112.45536,37.40444],[-112.45589,37.40161],[-112.45935,37.40161],[-112.45966,37.39823],[-112.46813,37.39802],[-112.46815,37.39442],[-112.45525,37.39444],[-112.45412,37.387],[-112.46179,37.38269],[-112.46474,37.37754],[-112.45683,37.37381],[-112.45302,37.37732],[-112.45052,37.37729],[-112.45102,37.36861],[-112.45511,37.36879],[-112.45456,37.35472],[-112.45033,37.35464],[-112.45042,37.35177],[-112.45462,37.3511],[-112.45468,37.34747],[-112.45055,37.34748],[-112.45373,37.34021],[-112.45919,37.34035],[-112.45929,37.32617],[-112.46359,37.326],[-112.46364,37.32963],[-112.46814,37.32963],[-112.4682,37.33328],[-112.47056,37.33329],[-112.47057,37.3368],[-112.47262,37.33681],[-112.4726,37.34036],[-112.47711,37.34043],[-112.47479,37.32592],[-112.47254,37.32594],[-112.47238,37.31681],[-112.47477,37.31678],[-112.47473,37.31328],[-112.47032,37.31323],[-112.48371,37.29695],[-112.48594,37.29694],[-112.48568,37.30056],[-112.48858,37.30042],[-112.49032,37.30444],[-112.48802,37.31138],[-112.48119,37.31142],[-112.48108,37.3188],[-112.49034,37.31889],[-112.49039,37.32222],[-112.49714,37.32223],[-112.49714,37.31862],[-112.49397,37.31715],[-112.49578,37.31148],[-112.49487,37.30037],[-112.49934,37.30049],[-112.49937,37.29688],[-112.49262,37.29681],[-112.49038,37.29384],[-112.49484,37.2933],[-112.49483,37.28973],[-112.49929,37.2897],[-112.49926,37.2861],[-112.5037,37.2861],[-112.50366,37.28252],[-112.50588,37.28252],[-112.50577,37.27531],[-112.50121,37.27531],[-112.50131,37.26466],[-112.50461,37.2637],[-112.50519,37.25775],[-112.51142,37.25747],[-112.51139,37.25357],[-112.50572,37.25295],[-112.50038,37.24813],[-112.4984,37.24927],[-112.49578,37.23939],[-112.49578,37.22906],[-112.49104,37.22156],[-112.48586,37.21905],[-112.48952,37.23572],[-112.48857,37.24643],[-112.48343,37.24336],[-112.48346,37.23922],[-112.46542,37.23941],[-112.46547,37.25626],[-112.4582,37.26737],[-112.4441,37.26267],[-112.43812,37.2548],[-112.4334,37.25408],[-112.43156,37.25857],[-112.42853,37.25888],[-112.42692,37.25172],[-112.41535,37.24496],[-112.41271,37.24993],[-112.40333,37.25172],[-112.40117,37.24861],[-112.39863,37.24971],[-112.39174,37.25658],[-112.39222,37.26013],[-112.39021,37.26277],[-112.38148,37.26182],[-112.38488,37.26605],[-112.38865,37.26639],[-112.39966,37.27544],[-112.39876,37.27894],[-112.40559,37.27894],[-112.40852,37.2827],[-112.40296,37.29025],[-112.40597,37.29925],[-112.4004,37.30658],[-112.39754,37.31945],[-112.40044,37.32412],[-112.39488,37.32882],[-112.38715,37.33071],[-112.37422,37.32699],[-112.36938,37.32482],[-112.35571,37.31163],[-112.35144,37.31165],[-112.35135,37.28626],[-112.34233,37.28628],[-112.3423,37.29715],[-112.33778,37.29715],[-112.33778,37.30078],[-112.33326,37.30078],[-112.33328,37.30805],[-112.32424,37.30804],[-112.32426,37.31167],[-112.31971,37.31168],[-112.31972,37.31529],[-112.32428,37.31529],[-112.32442,37.31891],[-112.32722,37.319],[-112.32799,37.32703],[-112.32582,37.34001],[-112.31848,37.34744],[-112.31465,37.3479],[-112.30635,37.34288],[-112.29721,37.34627],[-112.2974,37.34137],[-112.30327,37.33817],[-112.3031,37.33291],[-112.29301,37.32822],[-112.27935,37.31669],[-112.27252,37.33368],[-112.27367,37.33686],[-112.26956,37.33856],[-112.2687,37.3417],[-112.27108,37.34515],[-112.26736,37.35151],[-112.27017,37.3557],[-112.2687,37.35754],[-112.25714,37.35504],[-112.25715,37.35145],[-112.25255,37.35146],[-112.25253,37.35505],[-112.24792,37.35506],[-112.24814,37.36238],[-112.24142,37.36899],[-112.23658,37.3685],[-112.23195,37.36522],[-112.23182,37.36714],[-112.2374,37.37152],[-112.23891,37.37691],[-112.241,37.37692],[-112.24397,37.38247],[-112.2617,37.39676],[-112.26167,37.40239],[-112.2662,37.40242],[-112.26623,37.40601],[-112.2571,37.406],[-112.25709,37.40962],[-112.25255,37.4096],[-112.25256,37.40599],[-112.23895,37.40594],[-112.23892,37.40955],[-112.24347,37.40957],[-112.24344,37.41319],[-112.23889,37.41317],[-112.2389,37.42767],[-112.25704,37.42771],[-112.25677,37.43135],[-112.23892,37.43125],[-112.23894,37.43483],[-112.22071,37.43487],[-112.22072,37.43964],[-112.2296,37.44413],[-112.23011,37.44967],[-112.22837,37.44961],[-112.2283,37.45672],[-112.21502,37.45697],[-112.21486,37.49271],[-112.24707,37.49237],[-112.24666,37.52197],[-112.23802,37.52198],[-112.23794,37.52459],[-112.23429,37.52504],[-112.22875,37.52232],[-112.23196,37.53656],[-111.90897,37.53587],[-111.90901,37.52977],[-111.91812,37.52681],[-111.9181,37.52863],[-111.94537,37.52857],[-111.94535,37.5322],[-111.95177,37.53217],[-111.95186,37.52493],[-111.9609,37.5249],[-111.961,37.51405],[-111.96554,37.51403],[-111.9656,37.5068],[-111.96105,37.50681],[-111.96103,37.51043],[-111.9474,37.51045],[-111.94742,37.50332],[-111.96779,37.49575],[-111.93246,37.47975],[-111.89886,37.48491],[-111.89053,37.47873],[-111.88854,37.47983],[-111.88749,37.47546],[-111.89526,37.46766],[-111.90262,37.45213],[-111.90111,37.44905],[-111.90221,37.43993],[-111.89748,37.43403],[-111.88915,37.43547],[-111.88435,37.43283],[-111.87628,37.42044],[-111.86816,37.4186],[-111.86539,37.4145],[-111.8649,37.41209],[-111.86744,37.40864],[-111.88318,37.40615],[-111.89034,37.39492],[-111.88794,37.37974],[-111.88227,37.37477],[-111.88692,37.36668],[-111.88573,37.35847],[-111.88763,37.35798],[-111.88839,37.35359],[-111.88574,37.34726],[-111.87159,37.3431],[-111.87908,37.33508],[-111.8845,37.32446],[-111.89556,37.29702],[-111.8952,37.29267],[-111.89878,37.2896],[-111.90216,37.28229],[-111.90686,37.26732],[-111.90637,37.2614],[-111.91243,37.25485],[-111.91202,37.25256],[-111.92377,37.25249],[-111.9238,37.23805],[-111.91685,37.23658],[-111.92532,37.23003],[-111.92702,37.22425],[-111.9609,37.25814],[-111.95598,37.24546],[-111.95809,37.23614],[-111.96086,37.23234],[-111.96232,37.20841],[-111.97025,37.20045],[-111.9851,37.19725],[-111.99539,37.18632],[-111.98647,37.18599],[-111.9783,37.18203],[-111.97064,37.16494],[-111.96955,37.15691],[-111.97683,37.13117],[-111.97539,37.12434],[-111.97262,37.12375],[-111.96363,37.12768],[-111.95449,37.1276],[-111.92954,37.11179],[-111.89968,37.10666],[-111.89291,37.09875],[-111.8916,37.08644],[-111.88335,37.09203],[-111.87365,37.0949],[-111.8722,37.09371],[-111.85126,37.10464],[-111.84681,37.10494],[-111.85223,37.11655],[-111.85154,37.12037],[-111.85472,37.12427],[-111.8534,37.12502],[-111.81658,37.12294],[-111.75512,37.10888],[-111.75471,37.11576],[-111.74932,37.12557],[-111.7607,37.13369],[-111.7645,37.14804],[-111.77383,37.1576],[-111.77569,37.16468],[-111.77116,37.16685],[-111.77044,37.16958],[-111.76011,37.16785],[-111.74612,37.16864],[-111.74336,37.16424],[-111.73211,37.16125],[-111.72711,37.15809],[-111.72562,37.15416],[-111.71529,37.14957],[-111.71203,37.14561],[-111.69535,37.14197],[-111.69008,37.1345],[-111.69227,37.12918],[-111.68719,37.12391],[-111.69021,37.11862],[-111.68866,37.11463],[-111.69128,37.11271],[-111.69012,37.10811],[-111.67874,37.10673],[-111.6715,37.10293],[-111.66653,37.09741],[-111.65629,37.09167],[-111.65289,37.09169],[-111.65006,37.08212],[-111.64669,37.08407],[-111.64673,37.0817],[-111.63891,37.08035],[-111.6238,37.07129],[-111.61522,37.06845],[-111.60342,37.06763],[-111.58283,37.08068],[-111.57937,37.06558],[-111.56994,37.05538],[-111.5714,37.05374],[-111.56774,37.05421],[-111.56551,37.05132],[-111.5636,37.05179],[-111.56576,37.05053],[-111.56386,37.05014],[-111.56439,37.04877],[-111.56062,37.04856],[-111.5621,37.04578],[-111.56014,37.04334],[-111.56042,37.04168],[-111.57721,37.03956],[-111.60641,37.0456],[-111.62086,37.03728],[-111.62397,37.03269],[-111.63709,37.03042],[-111.64198,37.03178],[-111.65177,37.02681],[-111.66624,37.05824],[-111.68401,37.04334],[-111.71886,37.03368],[-111.72324,37.03692],[-111.7542,37.0395],[-111.79209,37.03892],[-111.8023,37.04139],[-111.80519,37.04582],[-111.81864,37.05151],[-111.82184,37.0654],[-111.8336,37.07918],[-111.85169,37.07856],[-111.85164,37.06477],[-111.85617,37.06476],[-111.85617,37.06114],[-111.86049,37.06113],[-111.8607,37.03574],[-111.85164,37.03574],[-111.85171,37.01975],[-111.84207,37.01974],[-111.84205,37.00528],[-111.833,37.00528],[-111.83303,37.00128],[-112.89919,37.00032],[-112.89917,37.18191]]]}},{"type":"Feature","id":"84629","properties":{"zip":"84629","pop":null,"city":"","county":"Sanpete","state":"Utah","area":184.39,"lat":39.76573,"lon":-111.44759},"geometry":{"type":"Polygon","coordinates":[[[-111.58147,39.81603],[-111.57938,39.81791],[-111.58068,39.82179],[-111.57764,39.83343],[-111.56713,39.8549],[-111.56691,39.87483],[-111.5644,39.87575],[-111.56752,39.87523],[-111.55567,39.88444],[-111.55041,39.89184],[-111.54934,39.90375],[-111.55169,39.90402],[-111.55371,39.91315],[-111.55236,39.91698],[-111.54628,39.9208],[-111.54642,39.9235],[-111.5486,39.92443],[-111.5481,39.93298],[-111.54364,39.932],[-111.53915,39.94694],[-111.53078,39.95282],[-111.52563,39.96076],[-111.5175,39.96625],[-111.5104,39.96734],[-111.50368,39.97585],[-111.50224,39.98406],[-111.49818,39.99176],[-111.48559,39.99511],[-111.48161,39.99347],[-111.47986,39.99016],[-111.47616,39.98876],[-111.47277,39.98115],[-111.45633,39.9641],[-111.45653,39.95795],[-111.43626,39.95318],[-111.43456,39.94841],[-111.41781,39.94087],[-111.4157,39.93674],[-111.40933,39.93411],[-111.40823,39.93002],[-111.40222,39.92787],[-111.39824,39.9173],[-111.40014,39.91222],[-111.39689,39.90565],[-111.40062,39.89772],[-111.39912,39.89465],[-111.39546,39.89351],[-111.39831,39.88431],[-111.40542,39.87666],[-111.40526,39.87304],[-111.41475,39.86117],[-111.41928,39.8573],[-111.42004,39.85836],[-111.42234,39.85341],[-111.44675,39.83375],[-111.45495,39.82369],[-111.4655,39.82298],[-111.46547,39.81911],[-111.48689,39.82806],[-111.48825,39.82477],[-111.48589,39.81718],[-111.48969,39.81453],[-111.48944,39.81229],[-111.49385,39.81209],[-111.357,39.81238],[-111.36084,39.8073],[-111.35621,39.80451],[-111.3608,39.79861],[-111.35825,39.79262],[-111.35986,39.78871],[-111.35786,39.78556],[-111.35872,39.78283],[-111.35041,39.77695],[-111.34033,39.77455],[-111.33825,39.77096],[-111.32377,39.76225],[-111.3263,39.75758],[-111.32235,39.75016],[-111.32937,39.74829],[-111.33376,39.7449],[-111.33611,39.74095],[-111.33379,39.73646],[-111.33523,39.72969],[-111.33103,39.72068],[-111.32371,39.71719],[-111.32571,39.71075],[-111.32892,39.70758],[-111.32766,39.70019],[-111.32951,39.69186],[-111.324,39.696],[-111.31341,39.68973],[-111.31319,39.67743],[-111.30923,39.6752],[-111.3117,39.67366],[-111.30291,39.66615],[-111.30214,39.65838],[-111.29636,39.65374],[-111.3003,39.65369],[-111.30101,39.65114],[-111.29863,39.65176],[-111.30002,39.64316],[-111.29813,39.63791],[-111.30273,39.62777],[-111.30288,39.61554],[-111.30697,39.61491],[-111.31196,39.61029],[-111.31287,39.60635],[-111.31351,39.60764],[-111.32781,39.60125],[-111.32657,39.59997],[-111.31933,39.60372],[-111.32657,39.5958],[-111.34123,39.59008],[-111.34814,39.58975],[-111.36596,39.59129],[-111.37148,39.58924],[-111.37985,39.58979],[-111.39391,39.59225],[-111.40383,39.59815],[-111.41333,39.59852],[-111.43156,39.59563],[-111.43242,39.59384],[-111.43756,39.59362],[-111.45157,39.5871],[-111.45833,39.58628],[-111.45735,39.59474],[-111.45934,39.59517],[-111.4604,39.60032],[-111.46525,39.60192],[-111.47498,39.59935],[-111.48139,39.60038],[-111.48323,39.60534],[-111.48776,39.60663],[-111.48901,39.60586],[-111.48495,39.59344],[-111.49268,39.59965],[-111.50866,39.60672],[-111.53329,39.6066],[-111.53557,39.6137],[-111.53284,39.61804],[-111.54037,39.62163],[-111.54045,39.62408],[-111.53859,39.62721],[-111.53384,39.62832],[-111.53346,39.63297],[-111.52695,39.63554],[-111.52631,39.64065],[-111.52301,39.64249],[-111.51234,39.63837],[-111.49343,39.64036],[-111.47926,39.63747],[-111.48057,39.65177],[-111.46101,39.64556],[-111.46197,39.64729],[-111.45714,39.6567],[-111.45539,39.65831],[-111.45033,39.65542],[-111.45034,39.65762],[-111.45802,39.68201],[-111.46973,39.682],[-111.46981,39.68544],[-111.47425,39.68878],[-111.47405,39.6906],[-111.48367,39.69451],[-111.49155,39.69649],[-111.4991,39.69178],[-111.50307,39.69547],[-111.51328,39.69296],[-111.5202,39.69505],[-111.52921,39.69465],[-111.5332,39.69407],[-111.54232,39.68787],[-111.54516,39.68964],[-111.54284,39.70379],[-111.55988,39.70353],[-111.5675,39.70084],[-111.57223,39.70184],[-111.57888,39.70677],[-111.57954,39.70866],[-111.57463,39.71276],[-111.57368,39.71591],[-111.56704,39.7165],[-111.56714,39.71464],[-111.56397,39.71309],[-111.5538,39.71692],[-111.543,39.71759],[-111.55405,39.72502],[-111.55594,39.73006],[-111.56059,39.73349],[-111.56255,39.73101],[-111.5623,39.73325],[-111.56314,39.73173],[-111.56579,39.73288],[-111.56908,39.73694],[-111.5685,39.7398],[-111.57481,39.74507],[-111.57597,39.74961],[-111.56927,39.75224],[-111.56595,39.75691],[-111.55505,39.75851],[-111.5531,39.75612],[-111.5562,39.75292],[-111.55561,39.7505],[-111.54551,39.74603],[-111.54925,39.74444],[-111.5401,39.743],[-111.5409,39.74704],[-111.53621,39.74847],[-111.55071,39.75213],[-111.54765,39.75293],[-111.54715,39.75649],[-111.54873,39.75772],[-111.54437,39.75851],[-111.53364,39.75418],[-111.53632,39.7554],[-111.53254,39.75977],[-111.53578,39.76266],[-111.54609,39.76307],[-111.54855,39.77006],[-111.54447,39.77296],[-111.54112,39.77105],[-111.5392,39.77612],[-111.53808,39.77399],[-111.532,39.77211],[-111.53449,39.77468],[-111.5319,39.77734],[-111.5343,39.7789],[-111.54436,39.77909],[-111.55283,39.77648],[-111.54984,39.78954],[-111.5558,39.78815],[-111.5554,39.79115],[-111.55006,39.7974],[-111.55011,39.8092],[-111.54658,39.81309],[-111.58226,39.81305],[-111.58147,39.81603]]]}},{"type":"Feature","id":"84310","properties":{"zip":"84310","pop":null,"city":"Liberty","county":"Weber","state":"Utah","area":79.67,"lat":41.33714,"lon":-111.84605},"geometry":{"type":"Polygon","coordinates":[[[-111.97576,41.38416],[-111.9675,41.39514],[-111.96776,41.40994],[-111.9715,41.41438],[-111.97236,41.42009],[-111.96376,41.42518],[-111.95903,41.43373],[-111.94055,41.42047],[-111.93828,41.41588],[-111.93154,41.41616],[-111.92636,41.41253],[-111.91378,41.41317],[-111.90896,41.4158],[-111.9055,41.41492],[-111.90412,41.41877],[-111.90107,41.41948],[-111.89297,41.41816],[-111.8915,41.42279],[-111.88544,41.42637],[-111.87224,41.42135],[-111.88013,41.4145],[-111.87554,41.40978],[-111.87499,41.40461],[-111.86851,41.3985],[-111.86371,41.39957],[-111.86126,41.3964],[-111.84403,41.39244],[-111.8364,41.38787],[-111.8296,41.3893],[-111.82784,41.39261],[-111.82014,41.39189],[-111.81411,41.38796],[-111.79742,41.39232],[-111.7926,41.39086],[-111.78911,41.38453],[-111.78406,41.38241],[-111.78084,41.37861],[-111.77159,41.37583],[-111.76654,41.37002],[-111.7463,41.36979],[-111.73773,41.37421],[-111.72618,41.37599],[-111.72689,41.38505],[-111.72513,41.38656],[-111.70321,41.38505],[-111.69679,41.37344],[-111.69486,41.36467],[-111.69561,41.3547],[-111.69211,41.34893],[-111.69672,41.34338],[-111.69588,41.33555],[-111.70514,41.32925],[-111.71068,41.32271],[-111.71084,41.31974],[-111.73563,41.30482],[-111.74185,41.30325],[-111.74926,41.2969],[-111.75798,41.29459],[-111.7581,41.29124],[-111.76086,41.28995],[-111.775,41.28665],[-111.78571,41.28773],[-111.79033,41.29259],[-111.79402,41.28929],[-111.79228,41.27935],[-111.79406,41.27713],[-111.79739,41.27905],[-111.79625,41.28177],[-111.79959,41.28139],[-111.79849,41.2806],[-111.8005,41.27784],[-111.79709,41.27754],[-111.79951,41.27527],[-111.81161,41.27076],[-111.8132,41.27292],[-111.8102,41.27518],[-111.80922,41.2862],[-111.81282,41.28921],[-111.81623,41.28942],[-111.81639,41.29218],[-111.81807,41.2927],[-111.82485,41.29002],[-111.81943,41.28184],[-111.81948,41.27139],[-111.81779,41.26754],[-111.82175,41.26474],[-111.82183,41.26627],[-111.82471,41.26589],[-111.82867,41.26038],[-111.84258,41.25527],[-111.84617,41.25683],[-111.88357,41.25609],[-111.90372,41.24612],[-111.92615,41.24052],[-111.93072,41.24684],[-111.93582,41.24994],[-111.9371,41.25677],[-111.94427,41.26438],[-111.94526,41.26969],[-111.94213,41.29188],[-111.93701,41.30227],[-111.9326,41.30277],[-111.9318,41.31195],[-111.9154,41.31109],[-111.89966,41.32032],[-111.91026,41.32502],[-111.91546,41.32992],[-111.91647,41.34903],[-111.92557,41.35423],[-111.94067,41.35263],[-111.94937,41.35754],[-111.95517,41.36364],[-111.96258,41.36494],[-111.97446,41.37663],[-111.97576,41.38416]]]}},{"type":"Feature","id":"84720","properties":{"zip":"84720","pop":null,"city":"Cedar City","county":"Iron","state":"Utah","area":272.36,"lat":37.55475,"lon":-113.25674},"geometry":{"type":"Polygon","coordinates":[[[-113.61066,37.57383],[-113.60608,37.60111],[-113.60412,37.60063],[-113.60172,37.60467],[-113.5878,37.60461],[-113.58777,37.61822],[-113.50522,37.61826],[-113.49712,37.62907],[-113.50094,37.63688],[-113.49662,37.63938],[-113.48593,37.63808],[-113.48363,37.64142],[-113.48541,37.64404],[-113.48333,37.64506],[-113.48552,37.64611],[-113.45171,37.63586],[-113.44293,37.64129],[-113.43879,37.64137],[-113.4121,37.61833],[-113.40266,37.61237],[-113.36891,37.6094],[-113.36812,37.61432],[-113.36267,37.6173],[-113.35461,37.62586],[-113.35305,37.63303],[-113.3505,37.63091],[-113.34242,37.63372],[-113.34174,37.62766],[-113.33649,37.63494],[-113.33585,37.65434],[-113.33321,37.65897],[-113.32912,37.65915],[-113.32399,37.65529],[-113.31907,37.64561],[-113.30751,37.64025],[-113.30753,37.63457],[-113.30547,37.63231],[-113.26529,37.64489],[-113.26493,37.6586],[-113.24868,37.66051],[-113.24721,37.65779],[-113.23978,37.65939],[-113.23038,37.65194],[-113.21644,37.65867],[-113.21671,37.67764],[-113.20789,37.68165],[-113.19929,37.69181],[-113.17184,37.692],[-113.16709,37.68877],[-113.17969,37.6883],[-113.17976,37.67632],[-113.16186,37.68482],[-113.16597,37.68801],[-113.16596,37.70318],[-113.17263,37.70872],[-113.17033,37.71035],[-113.15208,37.71016],[-113.15208,37.7065],[-113.14319,37.70655],[-113.14315,37.70387],[-113.13725,37.70385],[-113.13644,37.70651],[-113.13393,37.6997],[-113.12937,37.69967],[-113.12938,37.69236],[-113.15242,37.69234],[-113.14302,37.68505],[-113.09779,37.68482],[-113.08288,37.68088],[-113.07733,37.68091],[-113.07737,37.68436],[-113.07618,37.68091],[-113.0582,37.68186],[-113.054,37.67739],[-113.04106,37.67169],[-113.03033,37.6741],[-113.01726,37.67322],[-113.00908,37.66681],[-112.99688,37.66284],[-112.9866,37.65332],[-112.98652,37.65016],[-112.98785,37.64696],[-112.99236,37.64435],[-112.99225,37.6388],[-112.99506,37.63586],[-112.99462,37.6315],[-112.99669,37.62755],[-113.00124,37.62629],[-113.0034,37.62149],[-113.00083,37.61274],[-112.99478,37.60436],[-112.99444,37.59938],[-112.9965,37.59542],[-112.99551,37.58769],[-112.98435,37.58093],[-112.97881,37.57504],[-112.96647,37.55546],[-112.96308,37.54238],[-112.94294,37.53006],[-112.94053,37.51938],[-112.93225,37.51546],[-112.92427,37.49996],[-113.02706,37.49975],[-113.02876,37.50625],[-113.04082,37.50844],[-113.04639,37.51656],[-113.05272,37.52061],[-113.05032,37.52597],[-113.05145,37.53193],[-113.07334,37.53133],[-113.09001,37.53851],[-113.09563,37.54362],[-113.1003,37.54175],[-113.09855,37.5414],[-113.09991,37.54086],[-113.09798,37.53563],[-113.1013,37.53535],[-113.10373,37.54075],[-113.11013,37.54612],[-113.11482,37.5474],[-113.12123,37.55405],[-113.12066,37.55865],[-113.11094,37.56509],[-113.1164,37.56761],[-113.11726,37.57052],[-113.12385,37.56999],[-113.12363,37.57215],[-113.15239,37.56653],[-113.15663,37.56898],[-113.16134,37.57625],[-113.16147,37.58528],[-113.17319,37.58709],[-113.18246,37.57266],[-113.22217,37.57368],[-113.25316,37.57229],[-113.25324,37.55338],[-113.27008,37.55376],[-113.27763,37.551],[-113.27066,37.54701],[-113.27283,37.54296],[-113.2711,37.53961],[-113.26773,37.53766],[-113.26599,37.53974],[-113.26229,37.53775],[-113.25873,37.54006],[-113.25531,37.53773],[-113.24113,37.54566],[-113.2329,37.5587],[-113.22832,37.56166],[-113.2221,37.56274],[-113.22064,37.5591],[-113.21228,37.55805],[-113.21236,37.52914],[-113.2097,37.52873],[-113.22328,37.50553],[-113.23898,37.49513],[-113.25348,37.49397],[-113.25334,37.52898],[-113.32846,37.52916],[-113.32722,37.46734],[-113.30867,37.46722],[-113.30845,37.45997],[-113.29921,37.4602],[-113.29928,37.45309],[-113.28999,37.45319],[-113.29049,37.43769],[-113.2789,37.43765],[-113.27889,37.42967],[-113.27227,37.42971],[-113.27225,37.41523],[-113.27006,37.41623],[-113.26003,37.41066],[-113.25389,37.4095],[-113.25391,37.40601],[-113.24919,37.406],[-113.25338,37.40038],[-113.25232,37.39875],[-113.25642,37.39167],[-113.26834,37.3794],[-113.27161,37.37833],[-113.27651,37.37191],[-113.28374,37.37236],[-113.28353,37.37176],[-113.27656,37.37054],[-113.27013,37.36471],[-113.2679,37.36484],[-113.26759,37.36158],[-113.26206,37.35602],[-113.26,37.35784],[-113.26004,37.36284],[-113.25315,37.37058],[-113.18913,37.36726],[-113.1974,37.35682],[-113.20703,37.35003],[-113.21102,37.35002],[-113.21288,37.34871],[-113.21114,37.34768],[-113.21533,37.34523],[-113.2189,37.34561],[-113.22279,37.33865],[-113.2225,37.33591],[-113.23269,37.33012],[-113.2432,37.31865],[-113.24371,37.31341],[-113.24745,37.30832],[-113.24727,37.3037],[-113.24978,37.30137],[-113.24846,37.29961],[-113.24976,37.29036],[-113.25369,37.28082],[-113.25966,37.27852],[-113.26438,37.27327],[-113.26453,37.28753],[-113.29218,37.2876],[-113.29228,37.30137],[-113.29338,37.30443],[-113.29769,37.3038],[-113.29617,37.3096],[-113.28651,37.32404],[-113.28773,37.32337],[-113.28772,37.32737],[-113.29634,37.33114],[-113.30137,37.33595],[-113.3014,37.34804],[-113.2901,37.34804],[-113.2903,37.37713],[-113.28748,37.37704],[-113.2926,37.38308],[-113.32373,37.38353],[-113.33016,37.39185],[-113.34034,37.39604],[-113.348,37.40273],[-113.38745,37.40369],[-113.38615,37.40918],[-113.39284,37.41349],[-113.39342,37.41783],[-113.38867,37.43038],[-113.3892,37.43612],[-113.3974,37.43936],[-113.4026,37.44443],[-113.40678,37.45297],[-113.43255,37.45721],[-113.44073,37.45647],[-113.4398,37.46033],[-113.43084,37.47028],[-113.42358,37.47104],[-113.41965,37.476],[-113.40836,37.48221],[-113.41298,37.48668],[-113.41929,37.50456],[-113.42859,37.50915],[-113.42517,37.51993],[-113.42845,37.52279],[-113.43624,37.5292],[-113.47403,37.52909],[-113.47402,37.55358],[-113.48945,37.55016],[-113.49605,37.54578],[-113.51767,37.53745],[-113.52796,37.55413],[-113.52719,37.56291],[-113.53134,37.56881],[-113.5305,37.57322],[-113.56527,37.57316],[-113.57329,37.5722],[-113.58071,37.56885],[-113.59454,37.56852],[-113.60532,37.566],[-113.61012,37.56703],[-113.6088,37.57013],[-113.61066,37.57383]]]}},{"type":"Feature","id":"84322","properties":{"zip":"84322","pop":null,"city":"Logan","county":"Cache","state":"Utah","area":0.01,"lat":41.75822,"lon":-111.81256},"geometry":{"type":"Polygon","coordinates":[[[-111.81386,41.75919],[-111.81124,41.75913],[-111.81129,41.75724],[-111.81385,41.75732],[-111.81386,41.75919]]]}},{"type":"Feature","id":"84781","properties":{"zip":"84781","pop":null,"city":"Pine Valley","county":"Washington","state":"Utah","area":59.0,"lat":37.41204,"lon":-113.47211},"geometry":{"type":"Polygon","coordinates":[[[-113.62756,37.39548],[-113.62033,37.3958],[-113.61819,37.40302],[-113.61207,37.40688],[-113.61027,37.41123],[-113.60429,37.41631],[-113.60207,37.41594],[-113.60441,37.41378],[-113.59962,37.4135],[-113.5957,37.41663],[-113.59226,37.4145],[-113.58252,37.41846],[-113.56587,37.41591],[-113.56006,37.41852],[-113.54752,37.41795],[-113.54191,37.41219],[-113.52875,37.40841],[-113.51624,37.42347],[-113.51136,37.41333],[-113.50467,37.41469],[-113.49326,37.42744],[-113.49074,37.43468],[-113.48468,37.44295],[-113.4749,37.44387],[-113.4762,37.4472],[-113.47384,37.45387],[-113.4741,37.46928],[-113.47869,37.47897],[-113.47869,37.48503],[-113.48928,37.48858],[-113.49089,37.50327],[-113.48611,37.50415],[-113.4853,37.50618],[-113.4851,37.50458],[-113.47742,37.50677],[-113.47266,37.50986],[-113.46938,37.50905],[-113.46785,37.51747],[-113.46383,37.52092],[-113.45849,37.52166],[-113.45489,37.52914],[-113.43624,37.5292],[-113.42517,37.51993],[-113.42859,37.50915],[-113.41929,37.50456],[-113.41298,37.48668],[-113.40836,37.48221],[-113.41965,37.476],[-113.42358,37.47104],[-113.43084,37.47028],[-113.4398,37.46033],[-113.44073,37.45647],[-113.43255,37.45721],[-113.40678,37.45297],[-113.4026,37.44443],[-113.38841,37.43441],[-113.39342,37.41783],[-113.39284,37.41349],[-113.38615,37.40918],[-113.38822,37.40084],[-113.39294,37.39962],[-113.39577,37.39152],[-113.39943,37.39234],[-113.41984,37.3613],[-113.42707,37.3584],[-113.42667,37.34897],[-113.43094,37.34396],[-113.43406,37.34389],[-113.43876,37.34703],[-113.44272,37.34663],[-113.45338,37.3419],[-113.45593,37.3376],[-113.46894,37.33482],[-113.46971,37.33022],[-113.46729,37.3262],[-113.49662,37.32274],[-113.50905,37.32846],[-113.53503,37.35256],[-113.55719,37.36499],[-113.56072,37.3652],[-113.56013,37.3718],[-113.5529,37.37655],[-113.55262,37.38015],[-113.54936,37.38302],[-113.55049,37.38568],[-113.54711,37.39625],[-113.54887,37.40197],[-113.55515,37.40385],[-113.57254,37.40385],[-113.57505,37.40806],[-113.59118,37.40518],[-113.59552,37.39955],[-113.6063,37.39976],[-113.60635,37.39513],[-113.61088,37.3951],[-113.61079,37.39203],[-113.61566,37.39188],[-113.61506,37.34938],[-113.6165,37.34963],[-113.61675,37.38533],[-113.62293,37.38643],[-113.62967,37.39442],[-113.62756,37.39548]]]}},{"type":"Feature","id":"84078","properties":{"zip":"84078","pop":null,"city":"","county":"Uintah","state":"Utah","area":1026.34,"lat":40.46408,"lon":-109.50842},"geometry":{"type":"Polygon","coordinates":[[[-109.95454,40.71281],[-109.95232,40.72296],[-109.95391,40.72502],[-109.9471,40.73495],[-109.95516,40.74157],[-109.9371,40.75627],[-109.93782,40.76525],[-109.92169,40.77299],[-109.91391,40.78245],[-109.89682,40.78198],[-109.89338,40.77292],[-109.88307,40.77488],[-109.87674,40.76754],[-109.87021,40.76383],[-109.85472,40.76486],[-109.83413,40.76824],[-109.83188,40.77573],[-109.82553,40.77527],[-109.81624,40.77937],[-109.79901,40.77984],[-109.78972,40.78225],[-109.77618,40.78104],[-109.76468,40.78253],[-109.76117,40.78993],[-109.75585,40.79417],[-109.75641,40.80081],[-109.7525,40.80285],[-109.73154,40.79443],[-109.72816,40.79503],[-109.71996,40.80185],[-109.70056,40.80345],[-109.67678,40.79487],[-109.66312,40.80068],[-109.65281,40.79973],[-109.65017,40.80546],[-109.64434,40.80877],[-109.63581,40.8102],[-109.63212,40.81567],[-109.62061,40.81247],[-109.61343,40.81804],[-109.60236,40.81508],[-109.59828,40.81584],[-109.59257,40.81771],[-109.58653,40.82429],[-109.5806,40.82534],[-109.57114,40.81866],[-109.57185,40.81341],[-109.55444,40.81943],[-109.55375,40.82143],[-109.52927,40.8276],[-109.52432,40.82546],[-109.52111,40.8174],[-109.51336,40.81064],[-109.51146,40.79453],[-109.51358,40.78749],[-109.51762,40.7855],[-109.51898,40.78228],[-109.51471,40.77127],[-109.51633,40.76634],[-109.51426,40.75886],[-109.51645,40.75471],[-109.51169,40.75087],[-109.48514,40.74051],[-109.47423,40.74388],[-109.4721,40.74611],[-109.46912,40.72382],[-109.47301,40.72142],[-109.47371,40.7174],[-109.47626,40.71594],[-109.47138,40.71181],[-109.46936,40.70637],[-109.46585,40.70439],[-109.46309,40.70006],[-109.46068,40.68936],[-109.45233,40.6795],[-109.44686,40.67875],[-109.44265,40.681],[-109.43731,40.68078],[-109.43004,40.67661],[-109.42154,40.6747],[-109.42247,40.67788],[-109.42021,40.67757],[-109.41342,40.67308],[-109.41258,40.67542],[-109.40905,40.67637],[-109.41129,40.68222],[-109.40606,40.68326],[-109.40049,40.68158],[-109.3993,40.67613],[-109.40453,40.67437],[-109.40643,40.67088],[-109.40041,40.66862],[-109.39665,40.66856],[-109.3949,40.67509],[-109.39883,40.67623],[-109.39268,40.67557],[-109.3878,40.66771],[-109.3863,40.67147],[-109.38808,40.67326],[-109.38536,40.67528],[-109.37309,40.66695],[-109.36977,40.66242],[-109.35993,40.6646],[-109.32292,40.65011],[-109.30366,40.64797],[-109.30006,40.64927],[-109.29921,40.65355],[-109.31624,40.66189],[-109.32365,40.6715],[-109.31706,40.67231],[-109.30923,40.67666],[-109.30337,40.66712],[-109.30545,40.68116],[-109.32261,40.69679],[-109.32334,40.70935],[-109.32866,40.71172],[-109.33083,40.74423],[-109.32904,40.75147],[-109.33344,40.7574],[-109.33379,40.76285],[-109.34713,40.7675],[-109.35474,40.77359],[-109.36135,40.79791],[-109.34878,40.85817],[-109.20325,40.8584],[-109.2014,40.78587],[-109.16343,40.78596],[-109.16318,40.77155],[-109.16181,40.77155],[-109.16106,40.68382],[-109.12347,40.68413],[-109.12348,40.66239],[-109.04837,40.66261],[-109.05007,40.54037],[-109.0748,40.53928],[-109.08344,40.53585],[-109.08995,40.53126],[-109.09067,40.52423],[-109.09451,40.52042],[-109.10887,40.51607],[-109.11391,40.51003],[-109.11924,40.50953],[-109.12242,40.51402],[-109.13001,40.51437],[-109.1277,40.5178],[-109.13065,40.51751],[-109.13962,40.522],[-109.15845,40.53703],[-109.17415,40.53724],[-109.17386,40.51508],[-109.20215,40.51513],[-109.20214,40.50769],[-109.20988,40.50771],[-109.22096,40.51125],[-109.25532,40.50514],[-109.28953,40.50529],[-109.29522,40.50373],[-109.32872,40.50611],[-109.37145,40.49672],[-109.36946,40.46314],[-109.35196,40.43783],[-109.34116,40.42735],[-109.33947,40.41022],[-109.34606,40.39902],[-109.35608,40.39889],[-109.37579,40.4074],[-109.3978,40.41068],[-109.40384,40.41369],[-109.40251,40.40811],[-109.41094,40.40283],[-109.41062,40.39983],[-109.3964,40.39957],[-109.38742,40.39063],[-109.3891,40.38831],[-109.38146,40.38287],[-109.38544,40.36928],[-109.39645,40.37022],[-109.40795,40.37499],[-109.40934,40.38094],[-109.41965,40.38516],[-109.42057,40.38844],[-109.42445,40.39028],[-109.42307,40.39162],[-109.42698,40.39358],[-109.42965,40.39823],[-109.43608,40.39814],[-109.43416,40.39583],[-109.44406,40.39059],[-109.41313,40.37725],[-109.42213,40.37607],[-109.42194,40.36126],[-109.49814,40.36089],[-109.49809,40.35759],[-109.48404,40.34236],[-109.48676,40.32636],[-109.48562,40.31977],[-109.47724,40.30091],[-109.47669,40.29374],[-109.47368,40.28711],[-109.46648,40.28008],[-109.46558,40.27605],[-109.45074,40.26328],[-109.43533,40.26058],[-109.43202,40.25468],[-109.42157,40.24721],[-109.40666,40.22868],[-109.38884,40.22201],[-109.38001,40.21297],[-109.36302,40.20825],[-109.34656,40.20007],[-109.3367,40.19839],[-109.33137,40.19267],[-109.3303,40.18599],[-109.30317,40.15328],[-109.28412,40.14304],[-109.27407,40.14095],[-109.26443,40.13203],[-109.2559,40.12074],[-109.22697,40.1083],[-109.2265,40.09452],[-109.20327,40.07055],[-109.18864,40.04808],[-109.1961,40.04582],[-109.20363,40.03794],[-109.20745,40.03632],[-109.21255,40.03903],[-109.2151,40.03624],[-109.21021,40.03057],[-109.20046,40.0272],[-109.19446,40.02147],[-109.19273,40.02321],[-109.1865,40.02199],[-109.18779,40.02543],[-109.18649,40.0257],[-109.17397,40.02122],[-109.17298,40.01905],[-109.19325,40.01516],[-109.19713,40.01253],[-109.20351,40.01454],[-109.20559,40.01711],[-109.23554,40.02342],[-109.24235,40.02634],[-109.24453,40.02988],[-109.25741,40.03057],[-109.2919,40.04051],[-109.30404,40.0398],[-109.31006,40.03664],[-109.31075,40.03349],[-109.31574,40.0294],[-109.31936,40.02802],[-109.3211,40.03073],[-109.32437,40.02961],[-109.32891,40.02423],[-109.33922,40.01915],[-109.36244,40.02282],[-109.36404,40.02756],[-109.36895,40.02645],[-109.37087,40.02399],[-109.38261,40.03115],[-109.41354,40.03637],[-109.43945,40.0377],[-109.44364,40.03559],[-109.44559,40.03734],[-109.45824,40.03918],[-109.46138,40.03519],[-109.47727,40.03176],[-109.51064,40.01698],[-109.57904,40.00017],[-109.59014,40.01423],[-109.61095,40.02181],[-109.61007,40.0247],[-109.61164,40.02592],[-109.61587,40.02478],[-109.62236,40.02718],[-109.62728,40.02506],[-109.64056,40.02517],[-109.65565,40.02958],[-109.66226,40.03439],[-109.67103,40.03533],[-109.68456,40.04246],[-109.68229,40.05309],[-109.68355,40.05316],[-109.68987,40.05111],[-109.71686,40.03341],[-109.7262,40.03066],[-109.732,40.03128],[-109.73349,40.01639],[-109.72841,40.00496],[-109.73457,39.99269],[-109.75475,39.97969],[-109.75371,39.97447],[-109.75666,39.97166],[-109.75469,39.95974],[-109.76683,39.94833],[-109.76963,39.93765],[-109.76758,39.93453],[-109.76978,39.9303],[-109.78299,39.93384],[-109.7918,39.93183],[-109.80766,39.93884],[-109.81012,39.94225],[-109.81461,39.93853],[-109.81816,39.9382],[-109.81776,39.93639],[-109.8235,39.93968],[-109.83201,39.95637],[-109.82832,39.9648],[-109.81915,39.9677],[-109.7979,39.95813],[-109.78822,39.96087],[-109.78639,39.96348],[-109.7895,39.96734],[-109.80397,39.97033],[-109.81023,39.97379],[-109.81233,39.9773],[-109.81148,39.98175],[-109.79414,39.9849],[-109.7892,39.99471],[-109.78782,40.00572],[-109.78475,40.00894],[-109.77939,40.01063],[-109.76521,40.00676],[-109.74455,40.02467],[-109.74633,40.03342],[-109.75035,40.03005],[-109.76316,40.03141],[-109.75591,40.04585],[-109.76871,40.05169],[-109.78758,40.05554],[-109.79162,40.05864],[-109.79718,40.0594],[-109.7988,40.06155],[-109.7986,40.06757],[-109.80409,40.06869],[-109.80631,40.07155],[-109.81495,40.07265],[-109.8201,40.07635],[-109.82881,40.07637],[-109.84768,40.08143],[-109.84908,40.0868],[-109.85357,40.09181],[-109.85939,40.09407],[-109.86711,40.09398],[-109.86479,40.08789],[-109.8652,40.08387],[-109.86799,40.08428],[-109.87026,40.09006],[-109.86994,40.10077],[-109.86081,40.10933],[-109.87017,40.11967],[-109.8688,40.12626],[-109.86624,40.12916],[-109.86585,40.13941],[-109.85391,40.14812],[-109.84273,40.14831],[-109.84563,40.15327],[-109.84332,40.16128],[-109.83384,40.1717],[-109.8494,40.17433],[-109.85576,40.17795],[-109.85138,40.18153],[-109.85266,40.19143],[-109.85123,40.19568],[-109.85966,40.20032],[-109.85886,40.20666],[-109.84991,40.20495],[-109.85043,40.20939],[-109.84346,40.20978],[-109.84036,40.20681],[-109.81984,40.20709],[-109.815,40.20963],[-109.80773,40.20728],[-109.79891,40.21067],[-109.79869,40.21294],[-109.78947,40.21301],[-109.78721,40.21648],[-109.78454,40.21517],[-109.78316,40.21638],[-109.77123,40.21483],[-109.76609,40.21237],[-109.76021,40.21404],[-109.75564,40.20785],[-109.74101,40.20271],[-109.74121,40.19688],[-109.74892,40.19656],[-109.74803,40.18536],[-109.74033,40.17451],[-109.72681,40.16435],[-109.72415,40.15952],[-109.72579,40.15551],[-109.7236,40.14925],[-109.7119,40.13326],[-109.70493,40.12618],[-109.69641,40.12139],[-109.69335,40.11727],[-109.69275,40.10791],[-109.68053,40.0915],[-109.67802,40.09105],[-109.67608,40.08577],[-109.66168,40.08631],[-109.65483,40.09169],[-109.65728,40.09551],[-109.66699,40.09816],[-109.66795,40.10052],[-109.66363,40.107],[-109.63225,40.11107],[-109.62912,40.11336],[-109.62769,40.12604],[-109.63286,40.13948],[-109.64492,40.14417],[-109.64535,40.1592],[-109.66424,40.15906],[-109.6646,40.189],[-109.63118,40.18863],[-109.62084,40.19147],[-109.61916,40.1947],[-109.61295,40.19745],[-109.5991,40.19612],[-109.59066,40.19861],[-109.58454,40.20632],[-109.58346,40.20922],[-109.58518,40.22],[-109.59243,40.23089],[-109.59828,40.23456],[-109.59923,40.24307],[-109.59212,40.24474],[-109.58177,40.24077],[-109.57063,40.2453],[-109.56925,40.24898],[-109.57129,40.2503],[-109.57922,40.24784],[-109.58311,40.2486],[-109.59324,40.25511],[-109.59888,40.26406],[-109.5947,40.26797],[-109.58983,40.26898],[-109.58878,40.27094],[-109.59177,40.27131],[-109.58743,40.27362],[-109.58972,40.27471],[-109.5821,40.27731],[-109.58406,40.28576],[-109.58092,40.29447],[-109.58019,40.30675],[-109.58469,40.31627],[-109.58142,40.31856],[-109.57222,40.31576],[-109.5757,40.32359],[-109.57138,40.32725],[-109.56992,40.34087],[-109.57465,40.34689],[-109.5823,40.35059],[-109.58701,40.35913],[-109.59435,40.36611],[-109.59575,40.37309],[-109.5938,40.38785],[-109.59526,40.39148],[-109.65805,40.39268],[-109.65766,40.40019],[-109.6603,40.41241],[-109.66338,40.42168],[-109.66593,40.42331],[-109.65664,40.42843],[-109.64322,40.44021],[-109.62328,40.4509],[-109.61587,40.45863],[-109.61897,40.45859],[-109.61895,40.46201],[-109.62802,40.462],[-109.62867,40.47299],[-109.62409,40.4731],[-109.62437,40.48526],[-109.62244,40.48521],[-109.64036,40.49418],[-109.64192,40.49964],[-109.64963,40.50354],[-109.65211,40.51134],[-109.65884,40.51326],[-109.6608,40.51567],[-109.66275,40.52216],[-109.66806,40.52103],[-109.676,40.52582],[-109.67884,40.52109],[-109.68561,40.52069],[-109.68408,40.52636],[-109.68537,40.52907],[-109.68811,40.52923],[-109.68602,40.53436],[-109.6922,40.54129],[-109.68939,40.54509],[-109.69166,40.54663],[-109.70356,40.54263],[-109.70565,40.54548],[-109.70944,40.54323],[-109.70885,40.54143],[-109.71196,40.54266],[-109.71317,40.54794],[-109.71749,40.55171],[-109.7214,40.55241],[-109.72339,40.55568],[-109.72775,40.55405],[-109.73168,40.55552],[-109.73574,40.5601],[-109.75141,40.56989],[-109.76267,40.56542],[-109.7579,40.55662],[-109.76176,40.55562],[-109.76063,40.55189],[-109.77902,40.55128],[-109.78008,40.5497],[-109.77751,40.54688],[-109.77801,40.54359],[-109.78066,40.53984],[-109.78681,40.54041],[-109.78775,40.52992],[-109.80015,40.53333],[-109.80447,40.53689],[-109.81895,40.55732],[-109.82682,40.56115],[-109.83753,40.57036],[-109.84475,40.56988],[-109.84479,40.54009],[-109.88989,40.5509],[-109.88232,40.56732],[-109.88515,40.57756],[-109.8766,40.58474],[-109.88206,40.5938],[-109.91139,40.60686],[-109.89079,40.62416],[-109.90533,40.64892],[-109.90339,40.65174],[-109.90908,40.65653],[-109.90996,40.67903],[-109.91848,40.68958],[-109.92777,40.68789],[-109.94843,40.69564],[-109.96266,40.70923],[-109.95454,40.71281]]]}},{"type":"Feature","id":"84082","properties":{"zip":"84082","pop":null,"city":"","county":"Wasatch","state":"Utah","area":111.57,"lat":40.34036,"lon":-111.36168},"geometry":{"type":"Polygon","coordinates":[[[-111.55617,40.3755],[-111.55144,40.38135],[-111.55199,40.38432],[-111.54682,40.386],[-111.54166,40.39114],[-111.53866,40.39827],[-111.53213,40.40235],[-111.53085,40.4077],[-111.52389,40.40561],[-111.51195,40.4112],[-111.49129,40.40637],[-111.47836,40.4106],[-111.47847,40.41267],[-111.48887,40.41889],[-111.49044,40.43036],[-111.49311,40.43618],[-111.48952,40.44052],[-111.47803,40.444],[-111.47844,40.45061],[-111.47648,40.45373],[-111.47646,40.4523],[-111.45736,40.45226],[-111.45736,40.45952],[-111.45548,40.46176],[-111.45193,40.46089],[-111.45199,40.46306],[-111.44548,40.4651],[-111.43834,40.4633],[-111.43831,40.46165],[-111.42647,40.46171],[-111.42742,40.46323],[-111.4235,40.46553],[-111.42244,40.46348],[-111.41445,40.46349],[-111.41446,40.45634],[-111.4,40.45628],[-111.40011,40.46204],[-111.39057,40.45891],[-111.39055,40.45624],[-111.38285,40.45718],[-111.37638,40.45477],[-111.37172,40.44886],[-111.36372,40.44445],[-111.34426,40.42325],[-111.32539,40.4122],[-111.31425,40.40816],[-111.30549,40.40046],[-111.30218,40.3939],[-111.30313,40.38725],[-111.29478,40.37594],[-111.29392,40.37129],[-111.28262,40.35725],[-111.26601,40.3451],[-111.26128,40.33755],[-111.26195,40.32583],[-111.25693,40.31278],[-111.25876,40.30545],[-111.25391,40.29969],[-111.25528,40.29912],[-111.25252,40.29808],[-111.24681,40.28938],[-111.23776,40.28363],[-111.22631,40.2809],[-111.2254,40.27535],[-111.22838,40.26935],[-111.22476,40.26888],[-111.2234,40.26356],[-111.21998,40.25954],[-111.21346,40.25797],[-111.20564,40.25214],[-111.20507,40.24954],[-111.19029,40.2431],[-111.19085,40.24168],[-111.18712,40.23879],[-111.19118,40.23691],[-111.19249,40.22905],[-111.19846,40.22492],[-111.19851,40.2167],[-111.20085,40.20974],[-111.19729,40.19707],[-111.19234,40.18973],[-111.19751,40.17973],[-111.19255,40.17592],[-111.19811,40.17001],[-111.19784,40.16104],[-111.20138,40.15766],[-111.2015,40.15495],[-111.20622,40.15211],[-111.21238,40.15363],[-111.22441,40.15085],[-111.22686,40.1497],[-111.22582,40.14462],[-111.23117,40.14748],[-111.2267,40.15584],[-111.22914,40.15834],[-111.22551,40.16732],[-111.23077,40.1711],[-111.23541,40.1769],[-111.23622,40.1814],[-111.2479,40.19373],[-111.25816,40.19785],[-111.25641,40.20073],[-111.26324,40.20558],[-111.26478,40.20949],[-111.26185,40.21073],[-111.26728,40.21324],[-111.27337,40.22186],[-111.27184,40.22764],[-111.27362,40.23622],[-111.26774,40.23707],[-111.26482,40.24237],[-111.27161,40.25075],[-111.27628,40.25221],[-111.27876,40.25879],[-111.29066,40.26637],[-111.29417,40.26547],[-111.29421,40.27074],[-111.2976,40.27296],[-111.3079,40.2745],[-111.30903,40.27616],[-111.30708,40.28265],[-111.31183,40.28646],[-111.32143,40.28737],[-111.32754,40.28213],[-111.33956,40.28865],[-111.34613,40.28714],[-111.35196,40.28962],[-111.36075,40.28873],[-111.37716,40.29749],[-111.38143,40.29444],[-111.39212,40.2962],[-111.39665,40.2923],[-111.40243,40.29596],[-111.41036,40.29511],[-111.41268,40.28955],[-111.42604,40.28702],[-111.43361,40.2919],[-111.44345,40.28988],[-111.45163,40.29317],[-111.4526,40.29697],[-111.45719,40.30074],[-111.45028,40.30528],[-111.44225,40.31484],[-111.44112,40.32014],[-111.43791,40.32177],[-111.44485,40.32672],[-111.44582,40.32996],[-111.45329,40.33427],[-111.45315,40.34028],[-111.46246,40.34034],[-111.46228,40.34748],[-111.47158,40.34758],[-111.47148,40.35121],[-111.47595,40.35121],[-111.47586,40.35486],[-111.48054,40.35496],[-111.48034,40.36217],[-111.55523,40.3627],[-111.55617,40.3755]]]}},{"type":"Feature","id":"84086","properties":{"zip":"84086","pop":null,"city":"","county":"Rich","state":"Utah","area":87.02,"lat":41.41642,"lon":-111.20862},"geometry":{"type":"Polygon","coordinates":[[[-111.41682,41.4829],[-111.39461,41.48465],[-111.389,41.4805],[-111.37865,41.48243],[-111.35932,41.47788],[-111.35097,41.4797],[-111.31947,41.5005],[-111.29824,41.504],[-111.28828,41.5038],[-111.26085,41.49517],[-111.23277,41.50895],[-111.23611,41.51727],[-111.23697,41.52975],[-111.23544,41.53072],[-111.23178,41.53008],[-111.22805,41.52663],[-111.22108,41.52604],[-111.20696,41.51827],[-111.19291,41.52046],[-111.18422,41.52401],[-111.16954,41.52409],[-111.16939,41.54939],[-111.17106,41.55213],[-111.16849,41.55641],[-111.16015,41.56203],[-111.16985,41.56183],[-111.19649,41.57514],[-111.19671,41.58257],[-111.19898,41.58687],[-111.19781,41.58837],[-111.20046,41.58947],[-111.18712,41.59824],[-111.17913,41.59984],[-111.17479,41.5988],[-111.15496,41.55451],[-111.14809,41.55505],[-111.13937,41.53876],[-111.13622,41.52401],[-111.14007,41.52232],[-111.14008,41.51703],[-111.13073,41.51078],[-111.12395,41.50292],[-111.11506,41.48005],[-111.09934,41.46117],[-111.08898,41.45282],[-111.10024,41.45077],[-111.10008,41.44723],[-111.09632,41.44145],[-111.09077,41.43935],[-111.09005,41.43736],[-111.09018,41.41886],[-111.09513,41.42132],[-111.10379,41.42216],[-111.1059,41.42541],[-111.10561,41.43104],[-111.10957,41.43811],[-111.10976,41.44778],[-111.13068,41.44225],[-111.13976,41.43477],[-111.15591,41.4348],[-111.15653,41.42881],[-111.16512,41.4246],[-111.1804,41.40623],[-111.1829,41.38416],[-111.18608,41.37759],[-111.17271,41.37253],[-111.17374,41.36977],[-111.17901,41.36861],[-111.17889,41.36414],[-111.17565,41.36269],[-111.18284,41.35299],[-111.18921,41.3381],[-111.18009,41.3168],[-111.1832,41.31082],[-111.1818,41.30609],[-111.18491,41.30109],[-111.17122,41.29592],[-111.15566,41.29954],[-111.14826,41.30331],[-111.15434,41.29944],[-111.15168,41.29879],[-111.15077,41.29274],[-111.15223,41.28838],[-111.15517,41.28777],[-111.15243,41.28555],[-111.15801,41.28046],[-111.16137,41.27379],[-111.18072,41.26382],[-111.1692,41.25216],[-111.16149,41.24793],[-111.15659,41.23895],[-111.15711,41.23459],[-111.15242,41.22939],[-111.15285,41.22479],[-111.15863,41.22273],[-111.16218,41.21854],[-111.18314,41.21379],[-111.20307,41.20383],[-111.20763,41.20636],[-111.2189,41.20606],[-111.22739,41.20807],[-111.22148,41.21268],[-111.22178,41.21512],[-111.22678,41.21725],[-111.23365,41.21827],[-111.25006,41.21451],[-111.25647,41.21783],[-111.25311,41.22268],[-111.25454,41.22913],[-111.24282,41.23681],[-111.23468,41.23957],[-111.22955,41.24709],[-111.22137,41.25321],[-111.21057,41.25618],[-111.20787,41.26021],[-111.20784,41.26389],[-111.20216,41.26824],[-111.201,41.27134],[-111.20153,41.27539],[-111.21684,41.27573],[-111.21981,41.27747],[-111.21884,41.28226],[-111.22641,41.28991],[-111.23117,41.29145],[-111.22414,41.2994],[-111.2214,41.31567],[-111.2232,41.31527],[-111.23039,41.32437],[-111.23343,41.32467],[-111.23393,41.33204],[-111.2376,41.33576],[-111.25207,41.34095],[-111.24191,41.34617],[-111.22684,41.35021],[-111.22387,41.35565],[-111.22303,41.36608],[-111.2205,41.36725],[-111.21976,41.37077],[-111.22515,41.38327],[-111.22435,41.38573],[-111.20888,41.38461],[-111.20842,41.39076],[-111.21206,41.39627],[-111.20926,41.40067],[-111.21048,41.40252],[-111.22298,41.40841],[-111.224,41.41125],[-111.23534,41.41152],[-111.24486,41.41483],[-111.26234,41.41184],[-111.26904,41.41173],[-111.27599,41.41488],[-111.28789,41.41409],[-111.27875,41.41603],[-111.27749,41.41895],[-111.29502,41.42724],[-111.30157,41.42773],[-111.30055,41.42971],[-111.315,41.42871],[-111.32383,41.43074],[-111.32393,41.4342],[-111.30479,41.43626],[-111.3109,41.44554],[-111.31663,41.44759],[-111.30339,41.46089],[-111.30579,41.46883],[-111.30292,41.4694],[-111.30299,41.47155],[-111.31341,41.4745],[-111.32129,41.47434],[-111.32506,41.47882],[-111.33422,41.47997],[-111.34187,41.47585],[-111.36396,41.4714],[-111.38858,41.47093],[-111.40295,41.47304],[-111.40359,41.4765],[-111.4148,41.47755],[-111.41682,41.4829]]]}},{"type":"Feature","id":"84092","properties":{"zip":"84092","pop":null,"city":"Sandy","county":"Salt Lake","state":"Utah","area":41.4,"lat":40.55808,"lon":-111.74199},"geometry":{"type":"Polygon","coordinates":[[[-111.85341,40.54778],[-111.85317,40.56236],[-111.85006,40.56235],[-111.85116,40.56578],[-111.85311,40.56554],[-111.85185,40.57285],[-111.85314,40.57315],[-111.85323,40.58044],[-111.84999,40.57776],[-111.84379,40.57862],[-111.8438,40.58048],[-111.82845,40.58047],[-111.82327,40.57867],[-111.82325,40.58045],[-111.81509,40.58034],[-111.80341,40.58495],[-111.7971,40.57852],[-111.79438,40.58595],[-111.79224,40.58651],[-111.79235,40.58115],[-111.78666,40.57647],[-111.78761,40.58153],[-111.78433,40.58775],[-111.78656,40.5882],[-111.7865,40.59203],[-111.77584,40.59546],[-111.75076,40.59375],[-111.73441,40.59791],[-111.72641,40.59791],[-111.71981,40.59431],[-111.67126,40.59135],[-111.64526,40.60109],[-111.62597,40.5975],[-111.61843,40.60324],[-111.61772,40.60019],[-111.61454,40.60187],[-111.60941,40.59777],[-111.61069,40.5957],[-111.60866,40.59331],[-111.60814,40.5866],[-111.59879,40.58446],[-111.59881,40.58169],[-111.59394,40.57707],[-111.59808,40.57791],[-111.60127,40.57625],[-111.60262,40.56797],[-111.60581,40.56441],[-111.63808,40.56775],[-111.64556,40.55994],[-111.65025,40.55113],[-111.6566,40.55186],[-111.66187,40.54967],[-111.66121,40.54736],[-111.6641,40.54122],[-111.67334,40.5372],[-111.67532,40.53303],[-111.67846,40.53171],[-111.68131,40.53299],[-111.68463,40.53131],[-111.69811,40.53573],[-111.70164,40.53359],[-111.71314,40.53269],[-111.71636,40.52764],[-111.72085,40.52519],[-111.73511,40.53269],[-111.73985,40.52398],[-111.74377,40.52254],[-111.76237,40.52924],[-111.76966,40.52261],[-111.78117,40.51868],[-111.78354,40.51491],[-111.78784,40.51376],[-111.79167,40.50521],[-111.78911,40.50186],[-111.78963,40.49777],[-111.80268,40.49364],[-111.80727,40.48938],[-111.8163,40.48916],[-111.82215,40.48654],[-111.81949,40.49074],[-111.81279,40.49267],[-111.83018,40.50197],[-111.83127,40.50454],[-111.82956,40.5068],[-111.83144,40.50699],[-111.83257,40.51293],[-111.82549,40.52238],[-111.82182,40.5217],[-111.82374,40.52571],[-111.81653,40.53228],[-111.81225,40.5333],[-111.81043,40.53694],[-111.81894,40.53333],[-111.8242,40.5333],[-111.82474,40.53612],[-111.82992,40.53521],[-111.83904,40.52996],[-111.85063,40.52808],[-111.85319,40.53254],[-111.85341,40.54778]]]}},{"type":"Feature","id":"84101","properties":{"zip":"84101","pop":null,"city":"Salt Lake City","county":"Salt Lake","state":"Utah","area":1.39,"lat":40.75638,"lon":-111.89993},"geometry":{"type":"Polygon","coordinates":[[[-111.91053,40.76837],[-111.90548,40.77155],[-111.90254,40.77155],[-111.90253,40.76934],[-111.89967,40.76935],[-111.89968,40.77155],[-111.89396,40.77155],[-111.89396,40.76935],[-111.8911,40.76935],[-111.89107,40.74161],[-111.8968,40.74161],[-111.89693,40.74348],[-111.89966,40.74161],[-111.90846,40.7416],[-111.90825,40.76064],[-111.91052,40.76499],[-111.90825,40.76499],[-111.90825,40.76717],[-111.91104,40.76717],[-111.91053,40.76837]]]}},{"type":"Feature","id":"84108","properties":{"zip":"84108","pop":null,"city":"Emigration Canyon","county":"Salt Lake","state":"Utah","area":54.93,"lat":40.78809,"lon":-111.73629},"geometry":{"type":"Polygon","coordinates":[[[-111.84774,40.75849],[-111.83885,40.75836],[-111.83467,40.75625],[-111.83216,40.75801],[-111.82655,40.7662],[-111.83503,40.77443],[-111.83692,40.77337],[-111.83884,40.77484],[-111.83884,40.7764],[-111.82888,40.78541],[-111.81511,40.79185],[-111.81509,40.79798],[-111.79976,40.79864],[-111.79972,40.81233],[-111.78699,40.81675],[-111.78706,40.81966],[-111.74048,40.81974],[-111.74046,40.82966],[-111.74506,40.82804],[-111.75153,40.83101],[-111.75819,40.82932],[-111.76918,40.83107],[-111.78067,40.827],[-111.79757,40.82546],[-111.80803,40.82204],[-111.81448,40.83124],[-111.81576,40.83892],[-111.80439,40.83835],[-111.78923,40.84555],[-111.77853,40.84458],[-111.77488,40.84763],[-111.75997,40.85297],[-111.75219,40.8535],[-111.74477,40.86066],[-111.73874,40.861],[-111.72462,40.85469],[-111.72084,40.85576],[-111.71236,40.85168],[-111.70673,40.85277],[-111.7013,40.86124],[-111.69591,40.86178],[-111.68332,40.8563],[-111.67411,40.85528],[-111.66203,40.84838],[-111.66048,40.84508],[-111.66389,40.84092],[-111.66569,40.83066],[-111.65673,40.8305],[-111.65246,40.82735],[-111.65176,40.82404],[-111.64565,40.82406],[-111.64559,40.82054],[-111.64227,40.81845],[-111.63905,40.80929],[-111.64248,40.80574],[-111.64082,40.80506],[-111.64105,40.79892],[-111.64648,40.79757],[-111.64874,40.79225],[-111.64304,40.78594],[-111.64581,40.78329],[-111.64534,40.77904],[-111.64913,40.77344],[-111.63993,40.77053],[-111.63521,40.76241],[-111.62539,40.76102],[-111.62133,40.75822],[-111.62353,40.75372],[-111.63505,40.74891],[-111.67085,40.73912],[-111.67882,40.74304],[-111.68965,40.74431],[-111.70306,40.75066],[-111.71628,40.75195],[-111.73381,40.74266],[-111.7417,40.74111],[-111.74819,40.734],[-111.76604,40.7282],[-111.78261,40.71891],[-111.78993,40.71209],[-111.797,40.71103],[-111.80551,40.71437],[-111.80538,40.72344],[-111.8043,40.72554],[-111.79589,40.72551],[-111.79594,40.73305],[-111.8017,40.73296],[-111.80669,40.72879],[-111.80627,40.72723],[-111.81139,40.72695],[-111.81093,40.7258],[-111.84351,40.72598],[-111.84226,40.74717],[-111.84375,40.74804],[-111.84022,40.75075],[-111.84762,40.75074],[-111.84774,40.75849]]]}},{"type":"Feature","id":"84111","properties":{"zip":"84111","pop":null,"city":"Salt Lake City","county":"Salt Lake","state":"Utah","area":1.06,"lat":40.75585,"lon":-111.88416},"geometry":{"type":"Polygon","coordinates":[[[-111.8911,40.76935],[-111.88055,40.77056],[-111.8782,40.76935],[-111.87701,40.76501],[-111.87881,40.76403],[-111.87678,40.76283],[-111.87742,40.7422],[-111.89107,40.74161],[-111.8911,40.76935]],[[-111.88823,40.76635],[-111.88619,40.76631],[-111.88637,40.76718],[-111.88823,40.76635]]]}},{"type":"Feature","id":"84302","properties":{"zip":"84302","pop":null,"city":"Brigham City","county":"Box Elder","state":"Utah","area":59.9,"lat":41.57936,"lon":-112.04761},"geometry":{"type":"Polygon","coordinates":[[[-112.12714,41.63848],[-112.11821,41.63833],[-112.11436,41.63546],[-112.10078,41.63509],[-112.08443,41.61279],[-112.08128,41.60591],[-112.07058,41.61061],[-112.08305,41.63477],[-112.06995,41.63459],[-112.0706,41.66685],[-112.08227,41.7059],[-112.08426,41.72761],[-112.08336,41.74239],[-112.03824,41.74243],[-112.04399,41.73485],[-112.04293,41.73086],[-112.04502,41.72735],[-112.04547,41.71858],[-112.04279,41.71043],[-112.04994,41.7063],[-112.05186,41.70016],[-112.04507,41.68685],[-112.0309,41.68184],[-112.02761,41.67202],[-112.01874,41.66356],[-112.01587,41.65828],[-112.01274,41.64807],[-112.01552,41.64181],[-112.01325,41.63578],[-112.00464,41.62962],[-112.00708,41.6275],[-112.00771,41.62352],[-112.00369,41.60953],[-112.00772,41.59977],[-112.0067,41.59189],[-112.0004,41.57963],[-111.99896,41.57196],[-111.99411,41.56612],[-111.99661,41.55757],[-111.99276,41.55501],[-111.99164,41.54962],[-111.98183,41.5341],[-111.9778,41.53515],[-111.97544,41.5419],[-111.97252,41.54357],[-111.96874,41.54416],[-111.96843,41.53941],[-111.96914,41.48854],[-112.0037,41.48803],[-112.01917,41.46627],[-112.02154,41.46625],[-112.03226,41.45744],[-112.03078,41.43935],[-112.04437,41.43946],[-112.0458,41.44559],[-112.05653,41.44542],[-112.05424,41.47371],[-112.05805,41.4762],[-112.06396,41.47596],[-112.06407,41.48417],[-112.05929,41.48443],[-112.06056,41.4862],[-112.05429,41.48879],[-112.05522,41.49114],[-112.05342,41.49164],[-112.05308,41.48568],[-112.04348,41.48624],[-112.03335,41.50274],[-112.05719,41.50225],[-112.06139,41.5135],[-112.05447,41.51351],[-112.05451,41.51716],[-112.0447,41.51721],[-112.04741,41.52448],[-112.06739,41.52435],[-112.07218,41.52092],[-112.06988,41.51461],[-112.07177,41.51133],[-112.07681,41.51131],[-112.07704,41.5098],[-112.06662,41.50984],[-112.06697,41.4953],[-112.07735,41.49525],[-112.07922,41.48907],[-112.07989,41.49174],[-112.08147,41.49165],[-112.07911,41.49524],[-112.08344,41.49522],[-112.08373,41.50247],[-112.10878,41.50237],[-112.10883,41.50743],[-112.10714,41.50791],[-112.10555,41.51325],[-112.10762,41.51828],[-112.11385,41.51892],[-112.10956,41.52578],[-112.10594,41.52504],[-112.10071,41.52897],[-112.10295,41.5351],[-112.1012,41.53934],[-112.10756,41.53896],[-112.10942,41.53668],[-112.11129,41.53843],[-112.10533,41.54716],[-112.1029,41.54727],[-112.09992,41.54227],[-112.08889,41.5511],[-112.09167,41.55363],[-112.09418,41.5507],[-112.10628,41.55181],[-112.10843,41.5577],[-112.1175,41.56461],[-112.11578,41.56855],[-112.11027,41.57198],[-112.10117,41.56695],[-112.09529,41.56672],[-112.09441,41.57031],[-112.09712,41.57625],[-112.10575,41.57637],[-112.10464,41.5823],[-112.09426,41.58468],[-112.09907,41.58742],[-112.10225,41.58698],[-112.10851,41.58223],[-112.11171,41.58219],[-112.12526,41.5904],[-112.12495,41.60238],[-112.11641,41.60259],[-112.11418,41.60643],[-112.11572,41.60918],[-112.12035,41.60976],[-112.12041,41.61491],[-112.11226,41.61347],[-112.11194,41.6237],[-112.11863,41.62288],[-112.11859,41.62538],[-112.11193,41.62608],[-112.11054,41.62794],[-112.11224,41.63025],[-112.1271,41.63533],[-112.12714,41.63848]]]}},{"type":"Feature","id":"84334","properties":{"zip":"84334","pop":null,"city":"Riverside","county":"Box Elder","state":"Utah","area":0.33,"lat":41.78934,"lon":-112.15199},"geometry":{"type":"Polygon","coordinates":[[[-112.15973,41.78763],[-112.1604,41.79209],[-112.14949,41.79223],[-112.14474,41.79951],[-112.14564,41.78504],[-112.16079,41.78478],[-112.15973,41.78763]]]}},{"type":"Feature","id":"84501","properties":{"zip":"84501","pop":null,"city":"Price","county":"Carbon","state":"Utah","area":166.22,"lat":39.53227,"lon":-110.80421},"geometry":{"type":"Polygon","coordinates":[[[-111.08838,39.53393],[-111.07412,39.53322],[-111.06624,39.5285],[-111.06553,39.53446],[-111.06287,39.53409],[-111.05823,39.52914],[-111.05151,39.52946],[-111.0508,39.52533],[-111.04642,39.52535],[-111.04441,39.52215],[-111.04085,39.52269],[-111.03353,39.51963],[-111.0308,39.52364],[-111.03108,39.52144],[-111.02713,39.5194],[-111.02428,39.5239],[-111.02755,39.52217],[-111.02524,39.52607],[-111.01762,39.53],[-111.00014,39.53033],[-110.99667,39.52765],[-110.98971,39.52884],[-110.98244,39.5263],[-110.96595,39.54881],[-110.95858,39.5487],[-110.95696,39.54659],[-110.95418,39.54988],[-110.94696,39.55112],[-110.94793,39.55327],[-110.94397,39.56034],[-110.94515,39.56333],[-110.95216,39.56882],[-110.93868,39.5889],[-110.947,39.58881],[-110.9476,39.60046],[-110.93481,39.60065],[-110.9357,39.59656],[-110.93034,39.59098],[-110.92774,39.59315],[-110.92943,39.59286],[-110.92771,39.60401],[-110.91773,39.62038],[-110.91975,39.62089],[-110.92333,39.6176],[-110.92643,39.61814],[-110.93088,39.61339],[-110.93565,39.61392],[-110.93859,39.61124],[-110.941,39.61405],[-110.93893,39.61581],[-110.94042,39.61714],[-110.95345,39.61755],[-110.95289,39.62014],[-110.94403,39.62211],[-110.93494,39.63101],[-110.93203,39.62905],[-110.91385,39.62655],[-110.91598,39.62311],[-110.89958,39.61841],[-110.87634,39.61778],[-110.85846,39.62377],[-110.85135,39.61652],[-110.84412,39.61745],[-110.84379,39.61912],[-110.83957,39.61914],[-110.83927,39.62265],[-110.84475,39.62737],[-110.84409,39.63008],[-110.83459,39.63009],[-110.82558,39.63884],[-110.81801,39.64142],[-110.81758,39.64411],[-110.81279,39.64806],[-110.80917,39.63853],[-110.81113,39.63026],[-110.80455,39.62789],[-110.80401,39.63009],[-110.79562,39.62282],[-110.77823,39.62282],[-110.77829,39.61572],[-110.74785,39.62946],[-110.72673,39.60738],[-110.62671,39.57762],[-110.62392,39.56762],[-110.62587,39.56018],[-110.61718,39.5598],[-110.61574,39.55543],[-110.62126,39.55153],[-110.62355,39.54825],[-110.62256,39.54619],[-110.53638,39.50932],[-110.50896,39.47971],[-110.49736,39.46963],[-111.07755,39.46974],[-111.07754,39.46746],[-111.08133,39.46746],[-111.0818,39.4732],[-111.07514,39.47969],[-111.07743,39.48446],[-111.07387,39.4879],[-111.07469,39.49114],[-111.08069,39.49614],[-111.08252,39.50549],[-111.08489,39.50795],[-111.08595,39.51476],[-111.08003,39.52212],[-111.08616,39.52799],[-111.08838,39.53393]],[[-110.81475,39.54282],[-110.81461,39.54034],[-110.80944,39.54015],[-110.79906,39.53539],[-110.78886,39.53453],[-110.77785,39.52796],[-110.76746,39.52437],[-110.74742,39.52295],[-110.73529,39.52462],[-110.7343,39.53147],[-110.73252,39.53181],[-110.73257,39.53756],[-110.72148,39.53761],[-110.71192,39.53506],[-110.71184,39.52062],[-110.70713,39.52058],[-110.7071,39.51404],[-110.70278,39.51185],[-110.69629,39.51187],[-110.69498,39.50748],[-110.69258,39.50693],[-110.68219,39.50912],[-110.68364,39.51495],[-110.70104,39.52625],[-110.69695,39.5323],[-110.69928,39.53614],[-110.69424,39.53806],[-110.69316,39.54078],[-110.6827,39.54327],[-110.68609,39.54381],[-110.68571,39.54619],[-110.68747,39.5438],[-110.71795,39.5437],[-110.71778,39.55314],[-110.72142,39.55336],[-110.72141,39.5461],[-110.72611,39.54367],[-110.72612,39.54611],[-110.73635,39.54791],[-110.73998,39.55709],[-110.74475,39.55707],[-110.74489,39.5643],[-110.74957,39.56431],[-110.7496,39.56776],[-110.75921,39.57167],[-110.75908,39.56064],[-110.75434,39.56064],[-110.75422,39.55613],[-110.7496,39.55613],[-110.74957,39.54977],[-110.74162,39.54975],[-110.74005,39.54792],[-110.74939,39.54793],[-110.74953,39.54106],[-110.74439,39.54108],[-110.74473,39.53878],[-110.76853,39.53878],[-110.76857,39.54255],[-110.81475,39.54282]]]}},{"type":"Feature","id":"84511","properties":{"zip":"84511","pop":null,"city":"White Mesa","county":"San Juan","state":"Utah","area":145.92,"lat":37.5267,"lon":-109.42057},"geometry":{"type":"Polygon","coordinates":[[[-109.54008,37.56307],[-109.538,37.56909],[-109.53981,37.57507],[-109.51305,37.57835],[-109.49422,37.57359],[-109.49424,37.57737],[-109.50566,37.57753],[-109.50705,37.58001],[-109.50132,37.58748],[-109.49721,37.59844],[-109.49869,37.61369],[-109.49345,37.61366],[-109.49273,37.6209],[-109.49419,37.6209],[-109.49416,37.62326],[-109.49428,37.62091],[-109.50324,37.62095],[-109.50324,37.62458],[-109.5078,37.6246],[-109.50789,37.63188],[-109.51238,37.63195],[-109.51235,37.6391],[-109.50784,37.63833],[-109.51186,37.64228],[-109.51197,37.64843],[-109.51759,37.65215],[-109.51591,37.6612],[-109.5074,37.67632],[-109.50982,37.68028],[-109.50995,37.69846],[-109.50847,37.69996],[-109.51441,37.70981],[-109.51414,37.71857],[-109.51093,37.72307],[-109.50267,37.72454],[-109.49708,37.72844],[-109.49619,37.7312],[-109.49092,37.73286],[-109.48657,37.73713],[-109.48625,37.74013],[-109.48133,37.741],[-109.47899,37.74623],[-109.475,37.7458],[-109.47438,37.74043],[-109.47239,37.74014],[-109.46929,37.75174],[-109.45914,37.76424],[-109.45587,37.76557],[-109.45499,37.76353],[-109.4531,37.76631],[-109.44853,37.76393],[-109.44585,37.76642],[-109.44193,37.75928],[-109.43281,37.75067],[-109.42435,37.74565],[-109.42396,37.74155],[-109.41672,37.74027],[-109.41402,37.72947],[-109.41078,37.73071],[-109.40846,37.72931],[-109.40206,37.71603],[-109.39249,37.70901],[-109.43783,37.66038],[-109.43695,37.65435],[-109.43436,37.65134],[-109.43609,37.64044],[-109.43367,37.63953],[-109.43521,37.63228],[-109.43225,37.62644],[-109.43379,37.62311],[-109.43038,37.61855],[-109.43226,37.61163],[-109.42981,37.60479],[-109.43253,37.59865],[-109.43041,37.5959],[-109.43079,37.59298],[-109.42709,37.59094],[-109.42763,37.58727],[-109.42603,37.58545],[-109.42881,37.5641],[-109.42752,37.5616],[-109.42936,37.56116],[-109.4249,37.55183],[-109.42638,37.54702],[-109.42456,37.54471],[-109.4206,37.54718],[-109.41438,37.54387],[-109.39496,37.55048],[-109.3938,37.5279],[-109.37235,37.53047],[-109.38076,37.51086],[-109.37971,37.50438],[-109.36463,37.49153],[-109.35896,37.49564],[-109.34384,37.49917],[-109.33778,37.4859],[-109.33859,37.48316],[-109.33102,37.475],[-109.33324,37.47396],[-109.32027,37.45918],[-109.31818,37.45848],[-109.31931,37.46304],[-109.31794,37.46544],[-109.31712,37.46204],[-109.31397,37.46154],[-109.31175,37.45835],[-109.30451,37.4583],[-109.30463,37.46129],[-109.27723,37.46136],[-109.27729,37.44698],[-109.24123,37.44695],[-109.24112,37.43223],[-109.22396,37.43225],[-109.22413,37.42914],[-109.21534,37.42913],[-109.21551,37.43225],[-109.19611,37.43247],[-109.19225,37.43225],[-109.19161,37.42937],[-109.1873,37.42938],[-109.18668,37.40347],[-109.18829,37.40146],[-109.19858,37.39974],[-109.20497,37.39558],[-109.20501,37.38894],[-109.2384,37.38911],[-109.25833,37.40434],[-109.28265,37.4062],[-109.33436,37.42003],[-109.35934,37.42917],[-109.35293,37.41687],[-109.35928,37.41504],[-109.36575,37.41023],[-109.37823,37.41122],[-109.38572,37.39475],[-109.39377,37.3902],[-109.39791,37.38235],[-109.41142,37.37108],[-109.41062,37.36016],[-109.44168,37.36005],[-109.44805,37.35445],[-109.44884,37.34374],[-109.44679,37.34116],[-109.46096,37.34162],[-109.4603,37.35335],[-109.47365,37.35427],[-109.47286,37.35586],[-109.47494,37.35726],[-109.47188,37.36048],[-109.46602,37.36181],[-109.47026,37.3658],[-109.46792,37.36875],[-109.4737,37.37519],[-109.47336,37.37997],[-109.47555,37.38127],[-109.48936,37.38049],[-109.48986,37.38214],[-109.47589,37.38233],[-109.4674,37.38477],[-109.4625,37.38231],[-109.46245,37.38903],[-109.48008,37.40043],[-109.48552,37.39537],[-109.49628,37.3967],[-109.48728,37.41038],[-109.48088,37.41536],[-109.47623,37.40872],[-109.46134,37.40252],[-109.45793,37.40703],[-109.45783,37.41221],[-109.46217,37.41201],[-109.4625,37.41368],[-109.45757,37.41973],[-109.47415,37.42327],[-109.47136,37.43092],[-109.47623,37.43093],[-109.47608,37.43933],[-109.48839,37.43753],[-109.49425,37.43879],[-109.49354,37.46049],[-109.49851,37.46046],[-109.49928,37.46816],[-109.50231,37.47214],[-109.50011,37.47915],[-109.50188,37.48585],[-109.50452,37.48954],[-109.5091,37.49013],[-109.49861,37.51225],[-109.51712,37.51227],[-109.52033,37.51514],[-109.52141,37.53249],[-109.52448,37.52904],[-109.52661,37.52962],[-109.52627,37.5324],[-109.53139,37.53494],[-109.53053,37.53773],[-109.53896,37.53939],[-109.53936,37.54138],[-109.53387,37.54882],[-109.53506,37.55261],[-109.53957,37.55265],[-109.54008,37.56307]]]}},{"type":"Feature","id":"84512","properties":{"zip":"84512","pop":null,"city":"Bluff","county":"San Juan","state":"Utah","area":238.32,"lat":37.16268,"lon":-109.55913},"geometry":{"type":"Polygon","coordinates":[[[-109.73801,37.13914],[-109.73409,37.1433],[-109.7356,37.14804],[-109.73224,37.15018],[-109.73243,37.15363],[-109.72763,37.16014],[-109.72398,37.15639],[-109.72151,37.15694],[-109.71708,37.16128],[-109.72182,37.16344],[-109.70579,37.16565],[-109.70491,37.16769],[-109.7074,37.17006],[-109.70168,37.16999],[-109.7011,37.17319],[-109.70541,37.17922],[-109.70131,37.18735],[-109.69554,37.19317],[-109.69666,37.19678],[-109.70278,37.20325],[-109.71592,37.19903],[-109.71305,37.21019],[-109.70204,37.21639],[-109.68699,37.21883],[-109.67692,37.22365],[-109.67518,37.22794],[-109.66426,37.23651],[-109.66556,37.23691],[-109.66298,37.23964],[-109.66138,37.24663],[-109.66237,37.25147],[-109.65465,37.26167],[-109.65208,37.26388],[-109.64794,37.264],[-109.6358,37.28768],[-109.61976,37.28768],[-109.60262,37.31999],[-109.59419,37.33134],[-109.54168,37.33114],[-109.54757,37.32796],[-109.54588,37.31953],[-109.54351,37.31731],[-109.54429,37.3136],[-109.54268,37.31342],[-109.5467,37.30442],[-109.53039,37.30361],[-109.53218,37.30115],[-109.52953,37.29693],[-109.4921,37.2995],[-109.4893,37.29171],[-109.47642,37.29726],[-109.445,37.30304],[-109.44289,37.3059],[-109.44147,37.31265],[-109.45276,37.31477],[-109.45536,37.32245],[-109.45462,37.32762],[-109.44116,37.3361],[-109.44283,37.33998],[-109.44884,37.34374],[-109.44805,37.35445],[-109.44168,37.36005],[-109.39392,37.36009],[-109.39378,37.34952],[-109.39874,37.34948],[-109.3989,37.33925],[-109.4033,37.33927],[-109.40341,37.32787],[-109.39906,37.32785],[-109.39907,37.32436],[-109.39439,37.32433],[-109.39437,37.32056],[-109.3806,37.32063],[-109.38047,37.32434],[-109.3756,37.32442],[-109.37587,37.33125],[-109.35315,37.3314],[-109.35325,37.32024],[-109.34928,37.32019],[-109.3493,37.31657],[-109.33094,37.31667],[-109.33149,37.29736],[-109.33895,37.28021],[-109.33137,37.27357],[-109.33153,37.26819],[-109.34435,37.26845],[-109.36374,37.26199],[-109.36946,37.26601],[-109.38523,37.27121],[-109.37955,37.26179],[-109.37503,37.24828],[-109.38607,37.23296],[-109.39192,37.23387],[-109.39404,37.2324],[-109.39601,37.23486],[-109.40113,37.23168],[-109.40809,37.23309],[-109.41067,37.22897],[-109.41376,37.22954],[-109.41191,37.23556],[-109.41713,37.23806],[-109.42123,37.2377],[-109.4216,37.24],[-109.4259,37.24132],[-109.43407,37.23671],[-109.43391,37.23429],[-109.44293,37.22529],[-109.4874,37.22857],[-109.48457,37.20767],[-109.48566,37.20163],[-109.49914,37.18597],[-109.53801,37.16192],[-109.55408,37.16412],[-109.56245,37.16196],[-109.5714,37.15598],[-109.56897,37.14748],[-109.5622,37.13638],[-109.56548,37.13425],[-109.56526,37.13016],[-109.55987,37.12792],[-109.56457,37.1221],[-109.56476,37.11855],[-109.55792,37.11816],[-109.54783,37.12266],[-109.53689,37.11365],[-109.52569,37.10995],[-109.52045,37.11556],[-109.51478,37.11777],[-109.49721,37.10508],[-109.48076,37.10277],[-109.47546,37.09644],[-109.46268,37.09056],[-109.46675,37.08428],[-109.46415,37.08583],[-109.45861,37.08526],[-109.44317,37.06307],[-109.44925,37.06125],[-109.44731,37.05815],[-109.44709,37.05071],[-109.4492,37.03987],[-109.44534,37.04024],[-109.43989,37.03723],[-109.44046,37.03555],[-109.41509,37.0261],[-109.40785,37.02168],[-109.4076,37.01756],[-109.40522,37.01733],[-109.41423,37.00866],[-109.41758,37.00801],[-109.41644,37.00201],[-109.41364,36.99914],[-109.70977,36.99837],[-109.70839,37.00277],[-109.70995,37.00456],[-109.7082,37.004],[-109.70394,37.00931],[-109.70536,37.01335],[-109.70107,37.01523],[-109.70297,37.0179],[-109.70144,37.02289],[-109.70249,37.02134],[-109.70312,37.02354],[-109.70861,37.02547],[-109.71023,37.02902],[-109.70786,37.02823],[-109.70252,37.033],[-109.70401,37.03872],[-109.70273,37.04013],[-109.70611,37.04226],[-109.70936,37.04117],[-109.71148,37.04352],[-109.70929,37.04615],[-109.7113,37.04718],[-109.72027,37.04177],[-109.72146,37.04389],[-109.72139,37.04614],[-109.71935,37.04577],[-109.71711,37.04905],[-109.71082,37.05044],[-109.7113,37.05327],[-109.72013,37.05163],[-109.72205,37.05445],[-109.72112,37.05668],[-109.71697,37.05588],[-109.71273,37.0596],[-109.70998,37.05966],[-109.71029,37.06157],[-109.71693,37.06092],[-109.71985,37.06277],[-109.71885,37.06427],[-109.72219,37.06787],[-109.72092,37.07476],[-109.72379,37.07749],[-109.71753,37.07917],[-109.71647,37.0818],[-109.71365,37.08222],[-109.71263,37.08603],[-109.72139,37.08168],[-109.7288,37.08229],[-109.72737,37.08451],[-109.73051,37.08522],[-109.72691,37.0883],[-109.72777,37.09207],[-109.73264,37.09629],[-109.73185,37.09748],[-109.72882,37.09607],[-109.72668,37.09764],[-109.72803,37.09933],[-109.72257,37.10303],[-109.71562,37.10251],[-109.71474,37.10409],[-109.70548,37.10497],[-109.70489,37.10761],[-109.707,37.11084],[-109.70485,37.11239],[-109.70524,37.11445],[-109.70934,37.11325],[-109.7105,37.115],[-109.7012,37.11834],[-109.69829,37.12752],[-109.69986,37.12824],[-109.70759,37.12417],[-109.70736,37.13083],[-109.71083,37.13191],[-109.7068,37.1355],[-109.70877,37.13635],[-109.71252,37.13573],[-109.71633,37.12747],[-109.71948,37.12831],[-109.71944,37.13287],[-109.72445,37.12961],[-109.72795,37.13031],[-109.72407,37.13616],[-109.72456,37.14255],[-109.72853,37.14091],[-109.72789,37.13709],[-109.73066,37.13533],[-109.73418,37.13517],[-109.73801,37.13914]]]}},{"type":"Feature","id":"84521","properties":{"zip":"84521","pop":null,"city":"","county":"Emery","state":"Utah","area":38.83,"lat":39.4214,"lon":-110.7872},"geometry":{"type":"Polygon","coordinates":[[[-110.86602,39.43882],[-110.85672,39.46952],[-110.72106,39.46943],[-110.72441,39.46295],[-110.71424,39.45406],[-110.70636,39.43813],[-110.70768,39.42224],[-110.72047,39.40378],[-110.77437,39.35629],[-110.78417,39.35919],[-110.79429,39.35647],[-110.79564,39.36065],[-110.82107,39.3605],[-110.82747,39.35887],[-110.83253,39.36073],[-110.83055,39.36361],[-110.83328,39.36378],[-110.83367,39.3829],[-110.83083,39.38506],[-110.82748,39.38477],[-110.82431,39.38957],[-110.82782,39.38953],[-110.82787,39.39397],[-110.84636,39.39921],[-110.85258,39.4028],[-110.853,39.40848],[-110.86309,39.43068],[-110.86762,39.43304],[-110.86602,39.43882]]]}},{"type":"Feature","id":"84523","properties":{"zip":"84523","pop":null,"city":"Ferron","county":"Emery","state":"Utah","area":90.33,"lat":39.09449,"lon":-111.2014},"geometry":{"type":"Polygon","coordinates":[[[-111.29971,39.15535],[-111.27511,39.14398],[-111.27443,39.1395],[-111.2689,39.138],[-111.26673,39.13611],[-111.2669,39.13296],[-111.26397,39.13087],[-111.26249,39.13914],[-111.26476,39.14834],[-111.27561,39.16302],[-111.26956,39.1805],[-111.27411,39.20144],[-111.26268,39.19428],[-111.26065,39.19159],[-111.26035,39.18439],[-111.2543,39.18085],[-111.2489,39.18148],[-111.24646,39.1852],[-111.24185,39.18517],[-111.23513,39.19119],[-111.22848,39.19333],[-111.22049,39.19271],[-111.1967,39.18276],[-111.18284,39.18049],[-111.17674,39.17452],[-111.16846,39.17512],[-111.16068,39.1687],[-111.14545,39.16305],[-111.14274,39.15956],[-111.13387,39.15673],[-111.12556,39.15703],[-111.11546,39.15147],[-111.12144,39.14695],[-111.11951,39.13696],[-111.10505,39.13036],[-111.10826,39.12857],[-111.10827,39.12534],[-111.10383,39.12355],[-111.10389,39.12008],[-111.09866,39.11432],[-111.07918,39.10613],[-111.07849,39.10748],[-111.07371,39.10649],[-111.06213,39.0997],[-111.06191,39.09642],[-111.0515,39.09038],[-111.05385,39.08862],[-111.06569,39.08858],[-111.06541,39.07932],[-111.06335,39.07848],[-111.07082,39.07377],[-111.07494,39.07408],[-111.07314,39.07028],[-111.07484,39.06893],[-111.07376,39.06204],[-111.07993,39.05735],[-111.09281,39.06145],[-111.12264,39.05032],[-111.13109,39.0292],[-111.1369,39.02282],[-111.15483,39.02161],[-111.16381,39.02318],[-111.16558,39.02189],[-111.16947,39.02439],[-111.17282,39.0191],[-111.18091,39.02103],[-111.18719,39.01722],[-111.19589,39.01887],[-111.20537,39.02418],[-111.21164,39.0223],[-111.21216,39.02489],[-111.21989,39.02962],[-111.22568,39.02788],[-111.22938,39.02381],[-111.23309,39.01441],[-111.23565,39.01322],[-111.23488,39.00756],[-111.23986,39.00358],[-111.24208,38.99858],[-111.24104,38.99302],[-111.24371,38.99186],[-111.24292,38.9896],[-111.24604,38.98566],[-111.24899,38.98426],[-111.2552,38.99294],[-111.26022,38.99433],[-111.26297,38.99809],[-111.26836,38.99931],[-111.27941,39.00789],[-111.28331,39.00827],[-111.29938,39.01779],[-111.29971,39.15535]]]}},{"type":"Feature","id":"84532","properties":{"zip":"84532","pop":null,"city":"","county":"Grand","state":"Utah","area":1247.42,"lat":38.53898,"lon":-109.45905},"geometry":{"type":"Polygon","coordinates":[[[-110.04445,38.45363],[-110.04234,38.45718],[-110.0345,38.45991],[-110.02057,38.44705],[-110.01402,38.44643],[-110.01105,38.44907],[-110.01157,38.45878],[-110.00438,38.46848],[-110.00194,38.48102],[-110.01558,38.48988],[-110.0254,38.49998],[-109.73252,38.49994],[-109.72924,38.51165],[-109.73185,38.52026],[-109.74153,38.52299],[-109.74955,38.52844],[-109.76019,38.54341],[-109.76394,38.54488],[-109.71273,38.53968],[-109.70175,38.54531],[-109.69465,38.54612],[-109.69622,38.54794],[-109.68556,38.547],[-109.68628,38.54857],[-109.67778,38.54466],[-109.64697,38.54643],[-109.64604,38.54831],[-109.64824,38.55152],[-109.65801,38.56163],[-109.65857,38.56522],[-109.65116,38.57345],[-109.65285,38.57346],[-109.64139,38.58006],[-109.63341,38.57812],[-109.63159,38.57469],[-109.62837,38.57354],[-109.61679,38.57995],[-109.60548,38.59807],[-109.60559,38.6043],[-109.61059,38.61035],[-109.61593,38.61321],[-109.61616,38.61557],[-109.62715,38.61442],[-109.64559,38.62291],[-109.66268,38.63538],[-109.68634,38.67249],[-109.68893,38.67062],[-109.71718,38.7138],[-109.73274,38.72327],[-109.73054,38.72648],[-109.72241,38.72711],[-109.73632,38.74363],[-109.74016,38.75505],[-109.73794,38.75875],[-109.74942,38.78355],[-109.74295,38.77743],[-109.73941,38.77675],[-109.72576,38.78527],[-109.71778,38.78334],[-109.70801,38.785],[-109.70528,38.78861],[-109.7062,38.7957],[-109.70952,38.79592],[-109.70947,38.79919],[-109.71185,38.80033],[-109.71083,38.80419],[-109.71511,38.80827],[-109.71432,38.81096],[-109.71164,38.81275],[-109.70619,38.80957],[-109.70152,38.81364],[-109.68574,38.81044],[-109.68541,38.82459],[-109.69464,38.8246],[-109.69461,38.83184],[-109.70394,38.83187],[-109.7039,38.8391],[-109.7132,38.83915],[-109.71316,38.8469],[-109.6667,38.84693],[-109.66686,38.83173],[-109.63543,38.83174],[-109.63543,38.8245],[-109.61698,38.8245],[-109.61697,38.81726],[-109.59842,38.81734],[-109.59841,38.8101],[-109.5799,38.81009],[-109.5799,38.79586],[-109.58269,38.79183],[-109.58077,38.78994],[-109.56403,38.79398],[-109.57189,38.8026],[-109.56662,38.81147],[-109.56754,38.81362],[-109.56463,38.81475],[-109.56555,38.81578],[-109.55637,38.81434],[-109.54967,38.82317],[-109.54147,38.82995],[-109.52913,38.82843],[-109.51648,38.82445],[-109.50988,38.82023],[-109.49636,38.82379],[-109.48493,38.8212],[-109.48214,38.8177],[-109.4739,38.81369],[-109.46333,38.81196],[-109.46924,38.80277],[-109.46723,38.79687],[-109.46837,38.7925],[-109.46427,38.79316],[-109.45884,38.7891],[-109.43519,38.79704],[-109.4392,38.80121],[-109.43876,38.80335],[-109.44812,38.80669],[-109.44903,38.80854],[-109.44375,38.81158],[-109.44389,38.81625],[-109.43786,38.82215],[-109.41707,38.82737],[-109.40328,38.82548],[-109.38388,38.83394],[-109.38135,38.83237],[-109.38318,38.8281],[-109.38527,38.82792],[-109.38397,38.82458],[-109.38632,38.81799],[-109.38196,38.81294],[-109.37328,38.81848],[-109.35524,38.82175],[-109.35547,38.82572],[-109.35282,38.8266],[-109.35106,38.8306],[-109.3358,38.82332],[-109.3289,38.82527],[-109.32001,38.824],[-109.31618,38.82041],[-109.3116,38.82436],[-109.29411,38.82707],[-109.28747,38.83301],[-109.28367,38.82348],[-109.28423,38.82021],[-109.3043,38.81196],[-109.28894,38.81123],[-109.28199,38.81794],[-109.28167,38.82064],[-109.28597,38.83735],[-109.27944,38.84639],[-109.28486,38.85634],[-109.27798,38.86006],[-109.27274,38.86816],[-109.25861,38.88159],[-109.25717,38.89158],[-109.24759,38.89322],[-109.24304,38.89781],[-109.22862,38.90266],[-109.23218,38.90758],[-109.24464,38.9103],[-109.2477,38.9148],[-109.24644,38.9213],[-109.24329,38.92408],[-109.23005,38.92886],[-109.22671,38.93147],[-109.22525,38.93685],[-109.23024,38.9434],[-109.23178,38.95206],[-109.24081,38.95401],[-109.23776,38.95627],[-109.23747,38.95895],[-109.24368,38.96114],[-109.24889,38.96743],[-109.24783,38.97242],[-109.24145,38.97389],[-109.23038,38.97265],[-109.22016,38.96849],[-109.21106,38.95967],[-109.20292,38.95759],[-109.19217,38.96487],[-109.18919,38.9647],[-109.17706,38.98164],[-109.16276,38.98287],[-109.16149,38.98627],[-109.16519,38.99075],[-109.16272,38.99474],[-109.14805,38.99354],[-109.13647,39.00283],[-109.13617,39.00599],[-109.14774,39.01349],[-109.14615,39.01535],[-109.1398,39.01326],[-109.13466,39.01475],[-109.12893,39.01151],[-109.11413,39.01002],[-109.09976,39.01756],[-109.09208,39.01559],[-109.08444,39.01857],[-109.07038,39.01829],[-109.0686,39.01871],[-109.06827,39.02222],[-109.06367,39.02467],[-109.05475,39.02144],[-109.05227,39.02233],[-109.05419,38.87498],[-109.05954,38.71989],[-109.06001,38.3881],[-109.06226,38.38373],[-109.06778,38.37708],[-109.06798,38.37368],[-109.07274,38.3771],[-109.07955,38.37796],[-109.08256,38.38282],[-109.08774,38.38504],[-109.08982,38.38331],[-109.09833,38.38376],[-109.09955,38.39244],[-109.1033,38.39428],[-109.11611,38.41557],[-109.12681,38.41913],[-109.1286,38.41784],[-109.13347,38.42074],[-109.13289,38.42196],[-109.14267,38.42636],[-109.14965,38.42528],[-109.14826,38.42314],[-109.14956,38.42229],[-109.14733,38.42161],[-109.15586,38.4242],[-109.1496,38.42024],[-109.15426,38.41122],[-109.15033,38.40624],[-109.15157,38.40333],[-109.15688,38.40057],[-109.15536,38.39138],[-109.16423,38.38917],[-109.16729,38.37804],[-109.17007,38.37494],[-109.17411,38.37682],[-109.19646,38.3534],[-109.20393,38.34904],[-109.21301,38.33515],[-109.22093,38.3311],[-109.2225,38.33487],[-109.22145,38.33677],[-109.23049,38.33659],[-109.23226,38.33262],[-109.24766,38.31899],[-109.26292,38.31164],[-109.27458,38.31346],[-109.28188,38.30964],[-109.29411,38.30952],[-109.29421,38.31458],[-109.3057,38.31432],[-109.33381,38.31904],[-109.3491,38.31673],[-109.35692,38.30915],[-109.36328,38.30606],[-109.38197,38.30388],[-109.40349,38.30917],[-109.40989,38.31383],[-109.42379,38.3187],[-109.4282,38.32344],[-109.43646,38.32559],[-109.4326,38.3281],[-109.43999,38.34587],[-109.43468,38.34691],[-109.43526,38.36285],[-109.43918,38.36788],[-109.44889,38.37351],[-109.45581,38.38156],[-109.4573,38.3811],[-109.45963,38.38658],[-109.46587,38.38265],[-109.4673,38.38387],[-109.48345,38.3801],[-109.48886,38.38327],[-109.50059,38.38056],[-109.50947,38.38239],[-109.51172,38.3807],[-109.52161,38.3804],[-109.52501,38.38242],[-109.52863,38.38873],[-109.53419,38.3917],[-109.536,38.40516],[-109.5405,38.40595],[-109.54133,38.40906],[-109.53984,38.41088],[-109.54324,38.41944],[-109.54568,38.41739],[-109.5595,38.43263],[-109.56962,38.44636],[-109.59596,38.47357],[-109.60387,38.48679],[-109.59852,38.47501],[-109.60271,38.47317],[-109.60145,38.46418],[-109.61429,38.46603],[-109.62425,38.47092],[-109.62156,38.47454],[-109.62315,38.47776],[-109.62045,38.4792],[-109.6252,38.48195],[-109.62748,38.47541],[-109.63113,38.47134],[-109.62934,38.47033],[-109.6351,38.46873],[-109.63999,38.47147],[-109.65163,38.47017],[-109.65572,38.47149],[-109.66299,38.46755],[-109.66501,38.46003],[-109.66816,38.45693],[-109.66953,38.45011],[-109.6681,38.44572],[-109.67122,38.4382],[-109.68961,38.42918],[-109.689,38.4249],[-109.68317,38.41869],[-109.68558,38.42095],[-109.68804,38.42008],[-109.68606,38.41838],[-109.69338,38.41306],[-109.70204,38.41304],[-109.70816,38.41809],[-109.70638,38.42277],[-109.70859,38.422],[-109.71709,38.42572],[-109.71807,38.42433],[-109.71731,38.42007],[-109.71934,38.41747],[-109.71231,38.41223],[-109.71553,38.40771],[-109.72231,38.40353],[-109.72143,38.40158],[-109.71616,38.40031],[-109.71723,38.39843],[-109.72602,38.39555],[-109.72552,38.38934],[-109.72803,38.38907],[-109.72453,38.36161],[-109.72467,38.34459],[-109.75071,38.34391],[-109.75306,38.29397],[-109.78041,38.29355],[-109.78045,38.28877],[-109.77731,38.28854],[-109.77745,38.28655],[-109.77495,38.28595],[-109.77052,38.28942],[-109.7698,38.28365],[-109.77236,38.28426],[-109.77568,38.27883],[-109.76814,38.27945],[-109.76714,38.27654],[-109.76899,38.27579],[-109.76579,38.273],[-109.7605,38.27407],[-109.76451,38.27041],[-109.76378,38.26835],[-109.7579,38.27142],[-109.75797,38.2617],[-109.75202,38.26356],[-109.75203,38.25698],[-109.75353,38.25659],[-109.74985,38.25048],[-109.75448,38.25058],[-109.75347,38.24675],[-109.75047,38.24771],[-109.74631,38.23782],[-109.74246,38.2387],[-109.7445,38.23573],[-109.74077,38.23127],[-109.72833,38.2278],[-109.73112,38.22646],[-109.72915,38.22231],[-109.72737,38.22262],[-109.72623,38.22622],[-109.72465,38.22672],[-109.72437,38.22355],[-109.72326,38.22562],[-109.72061,38.22371],[-109.71249,38.23002],[-109.71018,38.22802],[-109.7142,38.22566],[-109.7105,38.22524],[-109.71135,38.22322],[-109.70638,38.22236],[-109.70624,38.22535],[-109.70422,38.22606],[-109.70002,38.2242],[-109.70232,38.21887],[-109.69975,38.21906],[-109.69975,38.22066],[-109.69623,38.21796],[-109.68964,38.22138],[-109.68152,38.21817],[-109.68022,38.21237],[-109.68176,38.20878],[-109.68022,38.208],[-109.6773,38.2136],[-109.67277,38.2125],[-109.67208,38.20977],[-109.67037,38.20967],[-109.66673,38.2141],[-109.65909,38.21036],[-109.65734,38.2059],[-109.65102,38.20542],[-109.64813,38.19549],[-109.64382,38.19569],[-109.64207,38.19215],[-109.63896,38.19143],[-109.63749,38.18677],[-109.63601,38.18701],[-109.63473,38.17974],[-109.63659,38.17999],[-109.63673,38.17653],[-109.63473,38.17655],[-109.63405,38.17438],[-109.6355,38.17376],[-109.6274,38.15818],[-109.62288,38.1545],[-109.62582,38.15103],[-109.62362,38.14687],[-109.62581,38.14258],[-109.6249,38.13958],[-109.63059,38.13474],[-109.6261,38.12914],[-109.62978,38.12792],[-109.62166,38.12615],[-109.62419,38.12474],[-109.62151,38.12234],[-109.62348,38.12088],[-109.6158,38.1117],[-109.61748,38.11084],[-109.61602,38.10742],[-109.61466,38.10549],[-109.60593,38.10354],[-109.60335,38.10035],[-109.59509,38.09875],[-109.59058,38.09317],[-109.59217,38.09167],[-109.58508,38.09129],[-109.58467,38.08891],[-109.58257,38.08906],[-109.58115,38.0868],[-109.57734,38.08695],[-109.57113,38.07964],[-109.56566,38.07819],[-109.56126,38.07371],[-109.56405,38.07272],[-109.56879,38.06649],[-109.57883,38.04819],[-109.57788,38.04552],[-109.58024,38.04219],[-109.58106,38.03457],[-109.59108,38.01667],[-109.59202,38.00761],[-109.59009,38.00455],[-109.59726,37.99668],[-109.5966,37.9935],[-109.59871,37.99422],[-109.59851,37.9911],[-109.61037,37.98317],[-109.61143,37.98592],[-109.61613,37.9821],[-109.61868,37.97637],[-109.62225,37.97537],[-109.62324,37.97198],[-109.63183,37.97071],[-109.63374,37.96681],[-109.64105,37.96364],[-109.6484,37.96291],[-109.64794,37.95772],[-109.64455,37.95588],[-109.64821,37.95221],[-109.65987,37.95018],[-109.65915,37.95316],[-109.66509,37.95699],[-109.67112,37.95591],[-109.69452,37.96123],[-109.70122,37.95922],[-109.70621,37.95],[-109.71054,37.95413],[-109.70924,37.9582],[-109.72806,37.95965],[-109.73486,37.96803],[-109.73936,37.96998],[-109.74534,37.98462],[-109.74212,37.99145],[-109.74352,37.99759],[-109.73984,38.00408],[-109.74458,38.0165],[-109.7505,38.0236],[-109.74891,38.02596],[-109.75162,38.03194],[-109.75037,38.03275],[-109.76416,38.04096],[-109.76446,38.04378],[-109.76972,38.04159],[-109.76618,38.0463],[-109.77084,38.04604],[-109.77082,38.05106],[-109.77817,38.05449],[-109.77713,38.05629],[-109.77015,38.05574],[-109.77562,38.05761],[-109.77114,38.05891],[-109.77269,38.06153],[-109.77625,38.06226],[-109.77611,38.06395],[-109.76625,38.07101],[-109.77289,38.07313],[-109.77007,38.07626],[-109.76502,38.07576],[-109.76704,38.08056],[-109.77057,38.08121],[-109.76278,38.08488],[-109.76984,38.08571],[-109.76792,38.08741],[-109.76176,38.08764],[-109.76515,38.08985],[-109.76337,38.09271],[-109.7676,38.09573],[-109.76761,38.09847],[-109.7632,38.10193],[-109.76394,38.10587],[-109.76553,38.10619],[-109.76035,38.10815],[-109.76091,38.11115],[-109.75756,38.11444],[-109.75142,38.11275],[-109.75504,38.11583],[-109.74943,38.11899],[-109.75139,38.12147],[-109.7491,38.12596],[-109.75543,38.12951],[-109.74913,38.13541],[-109.75242,38.13668],[-109.75443,38.1427],[-109.75414,38.15497],[-109.76839,38.15368],[-109.7715,38.15713],[-109.76371,38.16173],[-109.7595,38.16695],[-109.76266,38.17216],[-109.76039,38.17466],[-109.77089,38.18589],[-109.78058,38.192],[-109.78556,38.19172],[-109.78528,38.19429],[-109.77943,38.19805],[-109.78227,38.19852],[-109.78456,38.2066],[-109.78883,38.20658],[-109.78941,38.20836],[-109.793,38.20218],[-109.79861,38.19902],[-109.80252,38.20143],[-109.80092,38.20527],[-109.81207,38.20426],[-109.81832,38.20692],[-109.81922,38.21057],[-109.82517,38.21134],[-109.82469,38.20925],[-109.8272,38.20866],[-109.83124,38.21247],[-109.83367,38.2119],[-109.83434,38.20866],[-109.83632,38.21336],[-109.84615,38.21525],[-109.85069,38.21441],[-109.85479,38.20587],[-109.86631,38.19721],[-109.881,38.19508],[-109.88457,38.18903],[-109.88727,38.19021],[-109.9029,38.18862],[-109.90335,38.19293],[-109.89095,38.20206],[-109.88801,38.20748],[-109.89891,38.20684],[-109.9122,38.21251],[-109.91749,38.21533],[-109.92023,38.22189],[-109.91847,38.22536],[-109.91122,38.22816],[-109.889,38.22867],[-109.88908,38.23148],[-109.89933,38.2426],[-109.9123,38.2386],[-109.91843,38.24283],[-109.91706,38.24672],[-109.90677,38.25129],[-109.90221,38.25596],[-109.90439,38.26702],[-109.90889,38.27126],[-109.9264,38.26001],[-109.93378,38.26166],[-109.93597,38.26568],[-109.9284,38.27594],[-109.92791,38.27929],[-109.93197,38.28425],[-109.9479,38.28907],[-109.95048,38.29451],[-109.94619,38.3068],[-109.94679,38.30965],[-109.95017,38.31334],[-109.96084,38.31726],[-109.96368,38.32061],[-109.96528,38.32935],[-109.96422,38.33262],[-109.94724,38.33924],[-109.94095,38.35279],[-109.94419,38.35543],[-109.95245,38.35434],[-109.95463,38.34492],[-109.95963,38.34059],[-109.96399,38.33974],[-109.98291,38.35149],[-109.98623,38.35942],[-109.97243,38.3797],[-109.97432,38.38694],[-109.97863,38.38902],[-109.98426,38.38844],[-109.98807,38.38572],[-110.00418,38.36794],[-110.01467,38.36425],[-110.01506,38.36654],[-110.00943,38.37276],[-110.00984,38.37736],[-110.01936,38.38278],[-110.03197,38.38496],[-110.03311,38.3908],[-110.02393,38.39497],[-110.01681,38.40549],[-110.0058,38.41102],[-110.00338,38.41328],[-110.00338,38.41618],[-110.00824,38.42469],[-110.02696,38.44737],[-110.04107,38.44673],[-110.04445,38.45363]]]}},{"type":"Feature","id":"84535","properties":{"zip":"84535","pop":null,"city":"","county":"San Juan","state":"Utah","area":715.64,"lat":37.84244,"lon":-109.28678},"geometry":{"type":"Polygon","coordinates":[[[-109.64234,37.92023],[-109.6417,37.92559],[-109.63592,37.93553],[-109.63686,37.93967],[-109.63487,37.9416],[-109.63374,37.94933],[-109.63108,37.9513],[-109.63162,37.95328],[-109.62854,37.95427],[-109.62901,37.95845],[-109.62629,37.95936],[-109.62631,37.95711],[-109.62594,37.96022],[-109.62239,37.96263],[-109.62308,37.96472],[-109.62111,37.96421],[-109.62009,37.96726],[-109.6187,37.96705],[-109.62063,37.97099],[-109.61592,37.97621],[-109.61327,37.97618],[-109.60865,37.98004],[-109.60353,37.98837],[-109.60011,37.98886],[-109.59851,37.9911],[-109.59936,37.99344],[-109.5966,37.9935],[-109.59726,37.99668],[-109.59176,38.00112],[-109.59009,38.00455],[-109.59202,38.00761],[-109.59082,38.01766],[-109.58106,38.03457],[-109.58024,38.04219],[-109.57788,38.04552],[-109.57883,38.04819],[-109.56879,38.06649],[-109.56405,38.07272],[-109.56126,38.07371],[-109.5517,38.06423],[-109.55051,38.05795],[-109.55349,38.05492],[-109.55156,38.04548],[-109.55309,38.03976],[-109.54207,38.03257],[-109.53969,38.02629],[-109.54073,38.02243],[-109.53877,38.01951],[-109.5387,38.01104],[-109.5295,37.9975],[-109.51863,37.98958],[-109.51842,37.9867],[-109.51008,37.98591],[-109.50307,37.98249],[-109.49313,37.99064],[-109.43617,38.00924],[-109.41504,38.03986],[-109.40603,38.05911],[-109.35023,38.07429],[-109.35864,38.0959],[-109.32517,38.09026],[-109.31655,38.12163],[-109.3137,38.13941],[-109.30287,38.14344],[-109.26238,38.1413],[-109.25882,38.13794],[-109.26098,38.13692],[-109.25742,38.1343],[-109.2589,38.13303],[-109.2524,38.13431],[-109.25286,38.13272],[-109.25035,38.13154],[-109.25231,38.12878],[-109.2501,38.12633],[-109.25205,38.12399],[-109.24594,38.12569],[-109.21986,38.10721],[-109.21778,38.10192],[-109.2123,38.10128],[-109.20865,38.0978],[-109.19298,38.09784],[-109.19072,38.09353],[-109.17867,38.10666],[-109.17051,38.10398],[-109.16111,38.10641],[-109.14616,38.10099],[-109.14194,38.10118],[-109.13595,38.10445],[-109.13619,38.11074],[-109.12022,38.10371],[-109.11485,38.11029],[-109.11196,38.11078],[-109.11083,38.10859],[-109.10037,38.10513],[-109.10051,38.10745],[-109.09803,38.10819],[-109.09783,38.1135],[-109.11791,38.13492],[-109.10381,38.1349],[-109.09089,38.13101],[-109.08598,38.12699],[-109.07417,38.1221],[-109.07074,38.11849],[-109.05948,38.11492],[-109.05432,38.11516],[-109.04846,38.11075],[-109.04211,38.10952],[-109.04204,37.75445],[-109.04548,37.75268],[-109.0464,37.74248],[-109.06376,37.742],[-109.06378,37.7277],[-109.09841,37.7274],[-109.10024,37.72545],[-109.10009,37.71327],[-109.08201,37.71321],[-109.08204,37.69871],[-109.10009,37.69874],[-109.1003,37.68427],[-109.1137,37.68428],[-109.11372,37.68067],[-109.11701,37.67881],[-109.11751,37.67335],[-109.12328,37.67124],[-109.12188,37.66672],[-109.12318,37.66552],[-109.12095,37.66211],[-109.13138,37.65202],[-109.13382,37.64725],[-109.14979,37.63716],[-109.16109,37.63941],[-109.17517,37.62617],[-109.18769,37.61816],[-109.18697,37.61053],[-109.19268,37.60588],[-109.19652,37.59447],[-109.20875,37.58359],[-109.21004,37.57692],[-109.21803,37.57399],[-109.22439,37.57668],[-109.22761,37.57407],[-109.22596,37.57166],[-109.23038,37.56931],[-109.23489,37.57027],[-109.23678,37.56917],[-109.2359,37.5665],[-109.24534,37.56285],[-109.24722,37.55712],[-109.24545,37.55321],[-109.23455,37.54891],[-109.24134,37.54313],[-109.23546,37.53377],[-109.23833,37.53182],[-109.23443,37.52485],[-109.23409,37.51363],[-109.23675,37.50987],[-109.22795,37.50181],[-109.2334,37.4974],[-109.22497,37.49254],[-109.22438,37.49039],[-109.23179,37.48246],[-109.23541,37.47391],[-109.23295,37.47098],[-109.22705,37.46968],[-109.22881,37.46426],[-109.22305,37.46119],[-109.22189,37.45851],[-109.2237,37.44967],[-109.22302,37.44736],[-109.21782,37.44447],[-109.21389,37.43637],[-109.21534,37.42913],[-109.22413,37.42914],[-109.22396,37.43225],[-109.24112,37.43223],[-109.24123,37.44695],[-109.27729,37.44698],[-109.27723,37.46136],[-109.30463,37.46129],[-109.30451,37.4583],[-109.31175,37.45835],[-109.31397,37.46154],[-109.31712,37.46204],[-109.31794,37.46544],[-109.31931,37.46304],[-109.31818,37.45848],[-109.32027,37.45918],[-109.33324,37.47396],[-109.33102,37.475],[-109.33859,37.48316],[-109.33778,37.4859],[-109.34384,37.49917],[-109.35896,37.49564],[-109.36463,37.49153],[-109.37971,37.50438],[-109.38076,37.51086],[-109.37235,37.53047],[-109.3938,37.5279],[-109.39496,37.55048],[-109.41438,37.54387],[-109.4206,37.54718],[-109.42456,37.54471],[-109.42667,37.55002],[-109.4249,37.55183],[-109.42936,37.56116],[-109.42752,37.5616],[-109.42881,37.5641],[-109.42603,37.58545],[-109.42763,37.58727],[-109.42709,37.59094],[-109.43079,37.59298],[-109.43041,37.5959],[-109.43253,37.59865],[-109.42981,37.60479],[-109.43226,37.61163],[-109.43038,37.61855],[-109.43379,37.62311],[-109.43225,37.62644],[-109.43521,37.63228],[-109.43367,37.63953],[-109.43609,37.64044],[-109.43436,37.65134],[-109.43695,37.65435],[-109.43783,37.66038],[-109.39249,37.70901],[-109.40206,37.71603],[-109.40846,37.72931],[-109.41078,37.73071],[-109.41402,37.72947],[-109.41185,37.73751],[-109.41434,37.74049],[-109.41332,37.75173],[-109.41974,37.75534],[-109.4208,37.76313],[-109.42493,37.76625],[-109.43176,37.76621],[-109.44078,37.76231],[-109.44109,37.76665],[-109.43838,37.77002],[-109.43919,37.77837],[-109.44348,37.77734],[-109.45223,37.78205],[-109.46499,37.7821],[-109.47279,37.78013],[-109.47413,37.7865],[-109.47273,37.78952],[-109.48368,37.79612],[-109.48673,37.80093],[-109.48297,37.81044],[-109.48675,37.81277],[-109.48784,37.81737],[-109.48643,37.81849],[-109.48999,37.82116],[-109.48899,37.82458],[-109.49637,37.82335],[-109.50196,37.82849],[-109.50422,37.82707],[-109.50401,37.82146],[-109.50818,37.82745],[-109.51127,37.83564],[-109.50909,37.83894],[-109.50334,37.84177],[-109.50787,37.84129],[-109.51934,37.84461],[-109.5191,37.84814],[-109.52334,37.85199],[-109.53162,37.84864],[-109.54681,37.83506],[-109.55049,37.8424],[-109.55893,37.84916],[-109.56253,37.86442],[-109.56881,37.87374],[-109.57636,37.87999],[-109.59289,37.88782],[-109.6121,37.8788],[-109.62503,37.88599],[-109.6297,37.89195],[-109.63809,37.89519],[-109.64234,37.92023]]]}},{"type":"Feature","id":"84540","properties":{"zip":"84540","pop":null,"city":"","county":"Grand","state":"Utah","area":1059.07,"lat":39.20029,"lon":-109.55299},"geometry":{"type":"Polygon","coordinates":[[[-110.13922,39.02908],[-110.13557,39.03725],[-110.13898,39.0514],[-110.12347,39.06459],[-110.12271,39.07074],[-110.12829,39.07878],[-110.12859,39.0846],[-110.11757,39.096],[-110.11807,39.10202],[-110.10933,39.11298],[-110.11296,39.11597],[-110.1148,39.12087],[-110.11401,39.12588],[-110.11019,39.13149],[-110.09941,39.13628],[-110.10257,39.14261],[-110.11261,39.14691],[-110.11282,39.15028],[-110.11615,39.15256],[-110.11567,39.15597],[-110.11226,39.1605],[-110.10543,39.16206],[-110.09878,39.16772],[-110.10536,39.17907],[-110.09876,39.18951],[-110.0908,39.19322],[-110.08008,39.19296],[-110.07341,39.20104],[-110.07236,39.20582],[-110.07771,39.21844],[-110.07783,39.22619],[-110.07029,39.22849],[-110.06675,39.22422],[-110.06244,39.22324],[-110.05389,39.22925],[-110.05443,39.23344],[-110.05829,39.23822],[-110.05944,39.24533],[-110.06357,39.24997],[-110.06249,39.25223],[-110.05716,39.25208],[-110.05455,39.25418],[-110.05316,39.25267],[-110.05502,39.24903],[-110.05108,39.249],[-110.04562,39.24542],[-110.02994,39.2463],[-110.02538,39.24173],[-110.02081,39.24463],[-110.02363,39.24855],[-110.0195,39.24734],[-110.01691,39.25177],[-110.0132,39.25163],[-110.01198,39.25518],[-110.00572,39.25717],[-110.00578,39.25938],[-110.0022,39.25773],[-110.00308,39.25498],[-110.00056,39.25428],[-109.99235,39.25759],[-109.98806,39.25603],[-109.98181,39.25844],[-109.97902,39.25707],[-109.97687,39.25871],[-109.97066,39.25799],[-109.96604,39.25956],[-109.9564,39.25402],[-109.95241,39.25536],[-109.94677,39.25243],[-109.93725,39.25437],[-109.93301,39.2532],[-109.92225,39.2589],[-109.90515,39.26173],[-109.90041,39.26676],[-109.8982,39.26615],[-109.89269,39.26951],[-109.88815,39.26889],[-109.88724,39.27103],[-109.87405,39.27206],[-109.86643,39.26956],[-109.85953,39.27226],[-109.84611,39.27084],[-109.8386,39.26526],[-109.83775,39.25667],[-109.84164,39.25297],[-109.84979,39.25127],[-109.84045,39.2468],[-109.83201,39.24694],[-109.83201,39.25114],[-109.826,39.25273],[-109.82389,39.25201],[-109.82394,39.24007],[-109.80896,39.23964],[-109.80763,39.23616],[-109.80967,39.22802],[-109.81551,39.22333],[-109.80614,39.21958],[-109.80427,39.21635],[-109.80384,39.20741],[-109.80865,39.20376],[-109.80361,39.2029],[-109.7994,39.2065],[-109.78737,39.20454],[-109.78312,39.20054],[-109.78426,39.1922],[-109.77048,39.19199],[-109.77053,39.18953],[-109.76363,39.1899],[-109.75996,39.14677],[-109.70706,39.14964],[-109.70723,39.16447],[-109.71325,39.16442],[-109.71336,39.19272],[-109.71785,39.1933],[-109.71831,39.20201],[-109.71419,39.20833],[-109.71686,39.21043],[-109.7145,39.21492],[-109.71683,39.21691],[-109.71538,39.22205],[-109.71598,39.2344],[-109.72016,39.23817],[-109.72034,39.24241],[-109.71603,39.25201],[-109.70174,39.26708],[-109.69763,39.27997],[-109.69967,39.28227],[-109.69509,39.29132],[-109.68084,39.30284],[-109.67903,39.31],[-109.67115,39.31956],[-109.66432,39.34353],[-109.6535,39.34343],[-109.65347,39.36445],[-109.64467,39.3643],[-109.64549,39.4014],[-109.63613,39.40151],[-109.63586,39.40861],[-109.62602,39.40877],[-109.62644,39.4411],[-109.61705,39.44103],[-109.61682,39.43737],[-109.60745,39.43744],[-109.60774,39.46228],[-109.10697,39.46198],[-109.10454,39.4638],[-109.1043,39.46937],[-109.09583,39.47159],[-109.09593,39.47905],[-109.08978,39.48503],[-109.08732,39.49233],[-109.08292,39.48937],[-109.07675,39.48919],[-109.07285,39.49988],[-109.06875,39.49559],[-109.06296,39.49962],[-109.05136,39.4977],[-109.05156,39.1195],[-109.06805,39.12286],[-109.07958,39.11869],[-109.08627,39.11108],[-109.08833,39.10316],[-109.11253,39.08406],[-109.12738,39.08035],[-109.143,39.07351],[-109.15579,39.077],[-109.17595,39.07795],[-109.1797,39.07498],[-109.18283,39.06878],[-109.1907,39.05825],[-109.20446,39.04506],[-109.18384,39.06762],[-109.19105,39.06861],[-109.19209,39.07082],[-109.19644,39.06952],[-109.20001,39.07245],[-109.19915,39.07623],[-109.19119,39.08169],[-109.197,39.08779],[-109.19562,39.08867],[-109.20607,39.09286],[-109.18274,39.11265],[-109.18783,39.11593],[-109.20297,39.10462],[-109.20859,39.11064],[-109.21022,39.1171],[-109.22504,39.13153],[-109.24322,39.14073],[-109.24061,39.14526],[-109.24415,39.15316],[-109.24954,39.15636],[-109.25696,39.1696],[-109.27043,39.18151],[-109.27222,39.19121],[-109.28134,39.19336],[-109.29782,39.20571],[-109.29657,39.19317],[-109.30172,39.18526],[-109.31023,39.17818],[-109.31607,39.17737],[-109.32206,39.17974],[-109.33384,39.17732],[-109.34709,39.1735],[-109.36319,39.16269],[-109.37428,39.16278],[-109.38351,39.15847],[-109.39529,39.15877],[-109.40674,39.15356],[-109.41381,39.15293],[-109.42252,39.15594],[-109.42117,39.1498],[-109.41629,39.14681],[-109.40908,39.13307],[-109.40448,39.12916],[-109.39144,39.12476],[-109.38926,39.12165],[-109.37348,39.11458],[-109.36773,39.10551],[-109.34031,39.10518],[-109.31946,39.10783],[-109.31717,39.10273],[-109.2949,39.07875],[-109.29487,39.07404],[-109.35183,39.07299],[-109.37062,39.06963],[-109.36935,39.06409],[-109.37077,39.05825],[-109.3672,39.0499],[-109.36656,39.04127],[-109.36124,39.03648],[-109.35388,39.03415],[-109.35474,39.03191],[-109.3515,39.0251],[-109.35062,39.01599],[-109.35056,39.00937],[-109.35664,39.00949],[-109.35676,39.00499],[-109.3592,39.00183],[-109.36767,38.99948],[-109.37147,38.99961],[-109.37301,39.00385],[-109.37602,39.00412],[-109.37553,39.00589],[-109.37956,39.01132],[-109.39011,39.00925],[-109.39066,39.01556],[-109.39592,39.01416],[-109.40784,39.01556],[-109.40943,39.01964],[-109.41918,39.02227],[-109.42066,39.02076],[-109.42047,39.01361],[-109.42691,39.00828],[-109.45139,39.01024],[-109.46353,39.00506],[-109.46924,39.00803],[-109.47484,39.0081],[-109.47653,39.01207],[-109.50312,39.03],[-109.54356,39.04449],[-109.54481,39.03144],[-109.54918,39.0255],[-109.53119,39.01655],[-109.52802,39.00897],[-109.53224,39.00596],[-109.53632,38.99579],[-109.54295,38.99238],[-109.54666,38.9869],[-109.55165,38.98936],[-109.56746,38.9898],[-109.57417,38.99277],[-109.57675,38.99609],[-109.59389,38.99918],[-109.5977,39.00234],[-109.60087,38.99936],[-109.61206,39.00508],[-109.61642,39.00247],[-109.62026,38.9937],[-109.63127,38.99283],[-109.62859,38.98795],[-109.62884,38.9819],[-109.61984,38.98099],[-109.61577,38.9768],[-109.62319,38.96393],[-109.62161,38.96087],[-109.64242,38.9668],[-109.64975,38.96213],[-109.65791,38.96127],[-109.6661,38.96388],[-109.67801,38.96396],[-109.68703,38.95628],[-109.69234,38.95808],[-109.69736,38.96579],[-109.69856,38.96507],[-109.69051,38.95598],[-109.65847,38.95208],[-109.6512,38.94577],[-109.69707,38.95244],[-109.71763,38.96197],[-109.73903,38.95871],[-109.73489,38.97029],[-109.76099,38.96593],[-109.76159,38.95979],[-109.84488,38.93483],[-109.9355,38.92098],[-109.94767,38.92051],[-110.00505,38.92698],[-110.02699,38.93588],[-110.06505,38.96074],[-110.07875,38.96518],[-110.07771,38.97504],[-110.08129,38.97898],[-110.06911,38.97898],[-110.06913,38.96445],[-110.05051,38.96445],[-110.05051,38.95719],[-110.0412,38.95719],[-110.0412,38.94993],[-110.00398,38.94991],[-110.00398,38.96445],[-110.02259,38.96445],[-110.02256,38.97897],[-110.04118,38.97897],[-110.04118,38.99352],[-110.05981,38.99354],[-110.05981,38.98625],[-110.09634,38.98626],[-110.09632,39.00168],[-110.11228,39.00168],[-110.09282,39.00819],[-110.07591,39.01875],[-110.07271,39.02233],[-110.07419,39.03104],[-110.12508,39.03052],[-110.1377,39.02737],[-110.13922,39.02908]]]}},{"type":"Feature","id":"84604","properties":{"zip":"84604","pop":null,"city":"Provo","county":"Utah","state":"Utah","area":72.56,"lat":40.33129,"lon":-111.57265},"geometry":{"type":"Polygon","coordinates":[[[-111.70016,40.25693],[-111.69477,40.25707],[-111.69479,40.25866],[-111.69075,40.25845],[-111.68765,40.26064],[-111.67745,40.26139],[-111.67235,40.27118],[-111.67148,40.26601],[-111.66651,40.26874],[-111.66873,40.27522],[-111.66749,40.27887],[-111.66884,40.28647],[-111.66719,40.28838],[-111.66972,40.29007],[-111.66666,40.30136],[-111.66066,40.31127],[-111.65535,40.31312],[-111.64854,40.32148],[-111.64281,40.32438],[-111.64157,40.32706],[-111.64397,40.32707],[-111.64398,40.3304],[-111.63553,40.33871],[-111.62015,40.33461],[-111.6165,40.34094],[-111.61052,40.33969],[-111.61121,40.33643],[-111.59874,40.34591],[-111.58993,40.34892],[-111.59427,40.35906],[-111.59199,40.36388],[-111.59266,40.3678],[-111.59606,40.36909],[-111.5912,40.37435],[-111.59314,40.37331],[-111.59395,40.3801],[-111.59145,40.38255],[-111.58199,40.38089],[-111.5792,40.38741],[-111.58842,40.38425],[-111.59918,40.38371],[-111.6003,40.38687],[-111.60425,40.38666],[-111.60335,40.38852],[-111.59673,40.39041],[-111.60072,40.39218],[-111.60299,40.40109],[-111.60163,40.40381],[-111.60669,40.40588],[-111.61286,40.40453],[-111.62149,40.40473],[-111.62137,40.40621],[-111.6235,40.40445],[-111.62212,40.40725],[-111.62878,40.40403],[-111.62983,40.39781],[-111.63288,40.39603],[-111.6381,40.39556],[-111.63954,40.39381],[-111.64527,40.39442],[-111.64905,40.39607],[-111.64709,40.39851],[-111.64845,40.39909],[-111.64045,40.40511],[-111.6424,40.40445],[-111.64616,40.40849],[-111.64375,40.41106],[-111.64958,40.41103],[-111.64654,40.41519],[-111.64222,40.41115],[-111.64001,40.41167],[-111.64319,40.4157],[-111.63319,40.44077],[-111.63865,40.4471],[-111.63097,40.44721],[-111.6195,40.45331],[-111.62013,40.4555],[-111.61489,40.45752],[-111.6101,40.46297],[-111.60948,40.46632],[-111.59487,40.46771],[-111.58796,40.47368],[-111.58115,40.46499],[-111.58485,40.4641],[-111.58149,40.46205],[-111.58091,40.45902],[-111.58444,40.45973],[-111.58559,40.45714],[-111.58106,40.4535],[-111.57662,40.45365],[-111.5725,40.45088],[-111.56599,40.44248],[-111.56612,40.42027],[-111.54803,40.42034],[-111.54241,40.41452],[-111.5423,40.4076],[-111.53984,40.40546],[-111.53137,40.40594],[-111.53213,40.40235],[-111.53991,40.39659],[-111.54166,40.39114],[-111.54682,40.386],[-111.55199,40.38432],[-111.55144,40.38135],[-111.55617,40.3755],[-111.55523,40.3627],[-111.48034,40.36217],[-111.48054,40.35496],[-111.47586,40.35486],[-111.47595,40.35121],[-111.47148,40.35121],[-111.47158,40.34758],[-111.46228,40.34748],[-111.46246,40.34034],[-111.45315,40.34028],[-111.45329,40.33427],[-111.44582,40.32996],[-111.44485,40.32672],[-111.43791,40.32177],[-111.44112,40.32014],[-111.44225,40.31484],[-111.45028,40.30528],[-111.46896,40.29339],[-111.48487,40.28912],[-111.49469,40.28968],[-111.50074,40.28484],[-111.51235,40.28305],[-111.51663,40.27777],[-111.52787,40.27068],[-111.53536,40.26088],[-111.5424,40.25772],[-111.54237,40.24684],[-111.55066,40.24691],[-111.55835,40.24328],[-111.57098,40.24333],[-111.5742,40.24137],[-111.58551,40.24369],[-111.59184,40.25055],[-111.60572,40.24453],[-111.62719,40.24264],[-111.62738,40.24545],[-111.6316,40.2443],[-111.64573,40.24585],[-111.64721,40.25204],[-111.65109,40.25246],[-111.64323,40.25297],[-111.64325,40.25669],[-111.65609,40.25577],[-111.65615,40.25063],[-111.65439,40.25065],[-111.65614,40.24431],[-111.69193,40.24514],[-111.70016,40.25693]]]}},{"type":"Feature","id":"84624","properties":{"zip":"84624","pop":null,"city":"Delta","county":"Millard","state":"Utah","area":231.03,"lat":39.38411,"lon":-112.58752},"geometry":{"type":"Polygon","coordinates":[[[-112.80886,39.30178],[-112.8028,39.3047],[-112.75145,39.31535],[-112.72286,39.32943],[-112.71585,39.33085],[-112.70852,39.33089],[-112.70869,39.31632],[-112.66568,39.31619],[-112.66576,39.31976],[-112.66156,39.31973],[-112.66177,39.32905],[-112.65664,39.32898],[-112.65666,39.3346],[-112.65219,39.3347],[-112.65203,39.35277],[-112.67085,39.35267],[-112.67106,39.37473],[-112.68046,39.37478],[-112.68073,39.38919],[-112.67112,39.38917],[-112.67114,39.39644],[-112.68972,39.39654],[-112.68983,39.41842],[-112.70883,39.41837],[-112.70887,39.43279],[-112.7184,39.43285],[-112.71828,39.41832],[-112.7465,39.41883],[-112.74966,39.42175],[-112.75239,39.43309],[-112.76496,39.43309],[-112.76465,39.46046],[-112.75634,39.46534],[-112.74223,39.46536],[-112.74346,39.47993],[-112.74578,39.47991],[-112.75057,39.48882],[-112.74216,39.48864],[-112.72441,39.47649],[-112.72661,39.50918],[-112.68711,39.50884],[-112.68693,39.51628],[-112.67854,39.51637],[-112.67766,39.50884],[-112.64955,39.50881],[-112.64932,39.52391],[-112.62954,39.5524],[-112.46242,39.55245],[-112.4621,39.47056],[-112.43665,39.46409],[-112.4756,39.42685],[-112.47588,39.42161],[-112.49902,39.40053],[-112.49436,39.40067],[-112.49872,39.39602],[-112.49652,39.39448],[-112.48991,39.39758],[-112.48497,39.39637],[-112.48704,39.38775],[-112.47876,39.38415],[-112.47195,39.38716],[-112.4693,39.39269],[-112.46584,39.39399],[-112.43572,39.39313],[-112.43067,39.39105],[-112.43235,39.38912],[-112.43125,39.38679],[-112.43581,39.38054],[-112.43562,39.35973],[-112.4334,39.35659],[-112.43465,39.35402],[-112.46686,39.35345],[-112.4648,39.35102],[-112.4661,39.34454],[-112.46317,39.33817],[-112.44885,39.32522],[-112.45629,39.32082],[-112.48024,39.31734],[-112.45306,39.26886],[-112.44283,39.25599],[-112.41002,39.20361],[-112.41003,39.18359],[-112.46082,39.18451],[-112.4855,39.20046],[-112.50045,39.20347],[-112.50774,39.21612],[-112.50498,39.21751],[-112.50213,39.2144],[-112.5012,39.21571],[-112.49453,39.21386],[-112.49373,39.2153],[-112.49597,39.2183],[-112.49447,39.22036],[-112.49665,39.22269],[-112.48703,39.22474],[-112.48965,39.22721],[-112.48792,39.22902],[-112.49057,39.23197],[-112.4856,39.23522],[-112.48139,39.24429],[-112.48572,39.2412],[-112.49145,39.24021],[-112.49595,39.23609],[-112.49922,39.23644],[-112.49869,39.23969],[-112.49307,39.24162],[-112.49125,39.24638],[-112.48266,39.25115],[-112.48325,39.25843],[-112.48543,39.25925],[-112.48305,39.26207],[-112.49012,39.27116],[-112.48856,39.27427],[-112.48991,39.27608],[-112.49453,39.27193],[-112.49153,39.26729],[-112.49205,39.25782],[-112.49953,39.25942],[-112.50403,39.25343],[-112.51224,39.25316],[-112.51981,39.24405],[-112.52261,39.24621],[-112.52178,39.24898],[-112.52782,39.24502],[-112.52758,39.2434],[-112.52985,39.24344],[-112.53052,39.24585],[-112.53552,39.24642],[-112.53582,39.24867],[-112.53845,39.24513],[-112.54036,39.24974],[-112.55878,39.26212],[-112.55865,39.28002],[-112.56771,39.27959],[-112.56792,39.27319],[-112.57246,39.27302],[-112.57564,39.27702],[-112.57848,39.27636],[-112.58089,39.27254],[-112.60123,39.2722],[-112.60164,39.26362],[-112.60621,39.26362],[-112.60641,39.25759],[-112.61538,39.25762],[-112.62482,39.26696],[-112.63429,39.26522],[-112.63512,39.25783],[-112.65289,39.25785],[-112.66104,39.24329],[-112.72845,39.24316],[-112.72719,39.25399],[-112.72975,39.25409],[-112.76055,39.24428],[-112.76509,39.24481],[-112.78079,39.25305],[-112.79046,39.26301],[-112.78943,39.26673],[-112.79527,39.26663],[-112.79996,39.26978],[-112.80471,39.26584],[-112.80881,39.26571],[-112.80338,39.2678],[-112.79854,39.27575],[-112.78777,39.28073],[-112.79115,39.28732],[-112.79585,39.28899],[-112.80017,39.29325],[-112.80088,39.29646],[-112.80447,39.29728],[-112.80886,39.30178]]]}},{"type":"Feature","id":"84034","properties":{"zip":"84034","pop":null,"city":"","county":"Tooele","state":"Utah","area":273.15,"lat":39.99423,"lon":-113.95756},"geometry":{"type":"Polygon","coordinates":[[[-114.2277,39.99347],[-114.06021,39.99323],[-114.06024,39.9901],[-114.04661,40.00293],[-114.0464,40.17903],[-114.02322,40.17361],[-114.01698,40.17452],[-114.0055,40.17185],[-113.99831,40.1722],[-113.99892,40.18147],[-113.99374,40.18975],[-113.98705,40.19588],[-113.99113,40.20896],[-113.99466,40.24547],[-113.98464,40.27401],[-113.98511,40.27865],[-113.97136,40.27991],[-113.96207,40.28617],[-113.97894,40.29427],[-113.96591,40.30816],[-113.96307,40.31482],[-113.95863,40.31808],[-113.92355,40.32871],[-113.91557,40.33333],[-113.83285,40.26675],[-113.8357,40.26841],[-113.84364,40.26693],[-113.84856,40.26158],[-113.84827,40.25649],[-113.85077,40.25],[-113.85469,40.24821],[-113.91087,40.2581],[-113.91447,40.25687],[-113.92255,40.24735],[-113.92547,40.23691],[-113.95757,40.24972],[-113.96143,40.25267],[-113.9608,40.25859],[-113.96531,40.26095],[-113.96867,40.25971],[-113.97407,40.25282],[-113.96606,40.2499],[-113.96249,40.25112],[-113.95782,40.2498],[-113.95728,40.24428],[-113.96098,40.23706],[-113.96139,40.22328],[-113.95567,40.21208],[-113.96787,40.21216],[-113.96911,40.21442],[-113.97023,40.20849],[-113.97442,40.20457],[-113.968,40.20473],[-113.96689,40.19814],[-113.97157,40.19347],[-113.97108,40.18817],[-113.96919,40.18528],[-113.96257,40.18235],[-113.96187,40.17986],[-113.96775,40.16633],[-113.96694,40.16064],[-113.96881,40.15476],[-113.95727,40.15316],[-113.95122,40.15516],[-113.95287,40.1527],[-113.95089,40.15235],[-113.94881,40.14576],[-113.94479,40.1432],[-113.94637,40.14274],[-113.94111,40.13651],[-113.92746,40.13059],[-113.92967,40.12252],[-113.9164,40.11088],[-113.91652,40.1022],[-113.90283,40.1008],[-113.88834,40.10212],[-113.87899,40.09986],[-113.86331,40.08654],[-113.85131,40.07929],[-113.84632,40.07961],[-113.83808,40.06944],[-113.81808,40.05931],[-113.8152,40.05414],[-113.80879,40.05046],[-113.80324,40.04371],[-113.81863,40.03014],[-113.82571,40.02798],[-113.82362,40.02626],[-113.82619,40.0161],[-113.82292,40.01023],[-113.82553,40.00859],[-113.82331,40.00633],[-113.83136,39.9954],[-113.83323,39.99001],[-113.80235,39.9931],[-113.79685,39.98994],[-113.7788,39.98837],[-113.78096,39.98691],[-113.78951,39.98793],[-113.78803,39.97781],[-113.77464,39.97981],[-113.75707,39.97822],[-113.75861,39.96968],[-113.75224,39.96047],[-113.73172,39.95791],[-113.73797,39.94623],[-113.73882,39.93067],[-113.73687,39.9223],[-113.72821,39.90834],[-113.72564,39.90831],[-113.7254,39.92044],[-113.72072,39.92009],[-113.71591,39.92361],[-113.70372,39.93856],[-113.70175,39.94602],[-113.70129,39.90553],[-113.92481,39.90593],[-113.92419,39.83371],[-113.9433,39.83389],[-113.94302,39.81931],[-113.9484,39.81916],[-113.94858,39.76857],[-113.93866,39.76857],[-113.93865,39.73812],[-113.93045,39.73814],[-113.93045,39.7216],[-113.94497,39.72165],[-113.94496,39.70286],[-113.9577,39.70289],[-113.95777,39.74946],[-113.97674,39.74948],[-113.97718,39.73951],[-113.96737,39.73956],[-113.96728,39.73255],[-113.96246,39.73261],[-113.96242,39.72865],[-113.96723,39.72863],[-113.96714,39.72491],[-113.99358,39.72477],[-113.99357,39.72071],[-113.99887,39.72071],[-113.99889,39.71786],[-114.00826,39.71785],[-114.00826,39.72071],[-114.02702,39.72071],[-114.027,39.72479],[-114.04735,39.7248],[-114.04713,39.90693],[-114.05593,39.91569],[-114.05911,39.91673],[-114.07167,39.93694],[-114.07741,39.9539],[-114.07668,39.96965],[-114.08093,39.96941],[-114.0853,39.96096],[-114.08852,39.95069],[-114.08901,39.93418],[-114.09163,39.93263],[-114.09118,39.92846],[-114.09831,39.91168],[-114.11636,39.92914],[-114.11474,39.93976],[-114.11611,39.94344],[-114.13229,39.94202],[-114.14848,39.93735],[-114.15971,39.93884],[-114.22781,39.98194],[-114.2277,39.99347]]]}},{"type":"Feature","id":"84531","properties":{"zip":"84531","pop":null,"city":"Halchita","county":"San Juan","state":"Utah","area":219.17,"lat":37.06827,"lon":-109.86371},"geometry":{"type":"Polygon","coordinates":[[[-110.16988,37.0035],[-110.16073,37.00049],[-110.14964,37.00047],[-110.14576,37.02016],[-110.12949,37.02495],[-110.11075,37.03443],[-110.1079,37.03775],[-110.09848,37.04201],[-110.08055,37.06007],[-110.05924,37.06788],[-110.04235,37.06748],[-110.03625,37.06911],[-110.02437,37.0799],[-110.01011,37.08857],[-109.99268,37.07891],[-109.9923,37.07478],[-110.00396,37.06648],[-110.00439,37.0527],[-110.00951,37.04649],[-110.00477,37.04888],[-110.00412,37.05107],[-109.99896,37.05271],[-109.99074,37.0502],[-109.98504,37.03409],[-109.98179,37.03169],[-109.97239,37.03232],[-109.96453,37.03539],[-109.93938,37.02931],[-109.93271,37.03323],[-109.92962,37.03968],[-109.91842,37.04443],[-109.91221,37.05034],[-109.90853,37.04606],[-109.90168,37.04364],[-109.89544,37.0338],[-109.89098,37.03513],[-109.88793,37.03899],[-109.88458,37.03758],[-109.87755,37.04135],[-109.87297,37.04634],[-109.86666,37.047],[-109.87027,37.05765],[-109.86953,37.06417],[-109.87131,37.06579],[-109.86112,37.07015],[-109.86298,37.07277],[-109.8624,37.0768],[-109.86563,37.0787],[-109.86112,37.08528],[-109.86393,37.08439],[-109.86527,37.08108],[-109.87214,37.07835],[-109.88411,37.07688],[-109.89291,37.07829],[-109.90321,37.08547],[-109.90706,37.0852],[-109.90819,37.09176],[-109.88727,37.1081],[-109.90021,37.10469],[-109.90906,37.10524],[-109.91258,37.10325],[-109.91194,37.10169],[-109.91866,37.09916],[-109.92453,37.10019],[-109.92715,37.10368],[-109.93409,37.10624],[-109.94025,37.11144],[-109.95903,37.10773],[-109.96796,37.1083],[-109.97021,37.11138],[-109.95717,37.11688],[-109.91795,37.12805],[-109.89288,37.13063],[-109.88063,37.13792],[-109.87518,37.14543],[-109.86773,37.15077],[-109.87525,37.15472],[-109.88114,37.14835],[-109.88384,37.14832],[-109.88511,37.15553],[-109.88896,37.15757],[-109.89871,37.15366],[-109.8985,37.15725],[-109.89193,37.15945],[-109.88598,37.1646],[-109.88594,37.16618],[-109.89079,37.16884],[-109.89538,37.17706],[-109.89501,37.17896],[-109.88969,37.17948],[-109.88772,37.18148],[-109.89511,37.18193],[-109.8999,37.17509],[-109.90445,37.17274],[-109.90722,37.17789],[-109.90387,37.1785],[-109.90189,37.18175],[-109.9053,37.18939],[-109.91093,37.19213],[-109.91067,37.19385],[-109.89592,37.20023],[-109.87906,37.19888],[-109.87535,37.19549],[-109.87718,37.19227],[-109.87399,37.18484],[-109.85959,37.17804],[-109.86035,37.1827],[-109.8648,37.18901],[-109.86541,37.19517],[-109.86336,37.19966],[-109.84715,37.21178],[-109.8254,37.21951],[-109.81289,37.23612],[-109.77283,37.24501],[-109.73287,37.26165],[-109.71642,37.27189],[-109.69374,37.279],[-109.67596,37.27034],[-109.67566,37.25865],[-109.69192,37.25865],[-109.69187,37.2182],[-109.70204,37.21639],[-109.70777,37.21192],[-109.71,37.21313],[-109.71305,37.21019],[-109.71558,37.20308],[-109.71592,37.19903],[-109.70278,37.20325],[-109.69666,37.19678],[-109.69554,37.19317],[-109.70131,37.18735],[-109.70541,37.17922],[-109.7011,37.17319],[-109.70168,37.16999],[-109.7074,37.17006],[-109.70491,37.16769],[-109.70579,37.16565],[-109.72182,37.16344],[-109.71708,37.16128],[-109.72151,37.15694],[-109.72398,37.15639],[-109.72763,37.16014],[-109.73243,37.15363],[-109.73224,37.15018],[-109.7356,37.14804],[-109.73409,37.1433],[-109.73801,37.13914],[-109.73418,37.13517],[-109.73066,37.13533],[-109.72789,37.13709],[-109.72853,37.14091],[-109.72456,37.14255],[-109.72407,37.13616],[-109.72795,37.13031],[-109.72445,37.12961],[-109.71944,37.13287],[-109.71948,37.12831],[-109.71633,37.12747],[-109.71252,37.13573],[-109.70877,37.13635],[-109.7068,37.1355],[-109.71083,37.13191],[-109.70736,37.13083],[-109.70759,37.12417],[-109.69986,37.12824],[-109.69829,37.12752],[-109.7012,37.11834],[-109.7105,37.115],[-109.70934,37.11325],[-109.70524,37.11445],[-109.70485,37.11239],[-109.707,37.11084],[-109.70489,37.10761],[-109.70548,37.10497],[-109.71474,37.10409],[-109.71562,37.10251],[-109.72257,37.10303],[-109.72803,37.09933],[-109.72668,37.09764],[-109.72882,37.09607],[-109.73185,37.09748],[-109.73264,37.09629],[-109.72777,37.09207],[-109.72691,37.0883],[-109.73051,37.08522],[-109.72737,37.08451],[-109.7288,37.08229],[-109.72139,37.08168],[-109.71263,37.08603],[-109.71365,37.08222],[-109.71647,37.0818],[-109.71753,37.07917],[-109.72379,37.07749],[-109.72092,37.07476],[-109.72219,37.06787],[-109.71885,37.06427],[-109.71985,37.06277],[-109.71693,37.06092],[-109.71029,37.06157],[-109.70998,37.05966],[-109.71273,37.0596],[-109.71697,37.05588],[-109.72112,37.05668],[-109.72205,37.05445],[-109.72013,37.05163],[-109.7113,37.05327],[-109.71082,37.05044],[-109.71711,37.04905],[-109.71935,37.04577],[-109.72139,37.04614],[-109.72146,37.04389],[-109.72027,37.04177],[-109.7113,37.04718],[-109.70929,37.04615],[-109.71148,37.04352],[-109.70936,37.04117],[-109.70611,37.04226],[-109.70273,37.04013],[-109.70401,37.03872],[-109.70252,37.033],[-109.70786,37.02823],[-109.71023,37.02902],[-109.70861,37.02547],[-109.70312,37.02354],[-109.70249,37.02134],[-109.70144,37.02289],[-109.70297,37.0179],[-109.70107,37.01523],[-109.70536,37.01335],[-109.70394,37.00931],[-109.7082,37.004],[-109.70995,37.00456],[-109.70839,37.00277],[-109.70977,36.99837],[-109.83497,36.99847],[-109.84191,36.99142],[-109.84581,36.98138],[-109.84502,36.96774],[-109.84788,36.9601],[-109.84641,36.93891],[-109.85289,36.93209],[-109.86076,36.93114],[-109.86208,36.92386],[-109.87625,36.90433],[-109.88752,36.89488],[-109.90247,36.88674],[-109.91607,36.88055],[-109.93665,36.87586],[-109.93302,36.88358],[-109.93578,36.89236],[-109.95494,36.90842],[-109.96314,36.911],[-109.99151,36.89112],[-110.00068,36.89051],[-110.00088,36.9985],[-110.16565,36.99841],[-110.16682,37.00218],[-110.16988,37.0035]]]}},{"type":"Feature","id":"84003","properties":{"zip":"84003","pop":null,"city":"American Fork","county":"Utah","state":"Utah","area":56.13,"lat":40.46627,"lon":-111.6933},"geometry":{"type":"MultiPolygon","coordinates":[[[[-111.71496,40.46555],[-111.70709,40.47072],[-111.69302,40.47279],[-111.69694,40.48584],[-111.69574,40.50289],[-111.68456,40.51262],[-111.68522,40.52717],[-111.68132,40.53036],[-111.68131,40.53299],[-111.67846,40.53171],[-111.67532,40.53303],[-111.67334,40.5372],[-111.6641,40.54122],[-111.66121,40.54736],[-111.66187,40.54967],[-111.6566,40.55186],[-111.65025,40.55113],[-111.64556,40.55994],[-111.63808,40.56775],[-111.60581,40.56441],[-111.60262,40.56797],[-111.60127,40.57625],[-111.59808,40.57791],[-111.59388,40.57706],[-111.59079,40.572],[-111.58155,40.56641],[-111.57517,40.55435],[-111.56772,40.54721],[-111.57125,40.5433],[-111.57261,40.53775],[-111.5703,40.53433],[-111.56977,40.52684],[-111.57155,40.52005],[-111.57543,40.51641],[-111.57544,40.50319],[-111.57913,40.50036],[-111.57443,40.493],[-111.57483,40.48712],[-111.59487,40.46771],[-111.60948,40.46632],[-111.6101,40.46297],[-111.61489,40.45752],[-111.62013,40.4555],[-111.6195,40.45331],[-111.63097,40.44721],[-111.63865,40.4471],[-111.63319,40.44077],[-111.63555,40.43758],[-111.63569,40.43298],[-111.64649,40.43207],[-111.64243,40.43505],[-111.64701,40.43561],[-111.65328,40.4339],[-111.66101,40.44087],[-111.6621,40.43744],[-111.66556,40.4365],[-111.66554,40.43251],[-111.66798,40.43033],[-111.67392,40.42855],[-111.68033,40.43277],[-111.6821,40.42859],[-111.69354,40.43518],[-111.69433,40.4393],[-111.69945,40.44455],[-111.70347,40.44391],[-111.70347,40.43587],[-111.71532,40.43587],[-111.71532,40.44492],[-111.70862,40.44492],[-111.70877,40.44821],[-111.70715,40.44903],[-111.71467,40.46008],[-111.71496,40.46555]]],[[[-111.8498,40.44015],[-111.8494,40.44796],[-111.84522,40.45156],[-111.8489,40.45816],[-111.84191,40.45617],[-111.82898,40.45671],[-111.82187,40.4532],[-111.8215,40.45501],[-111.81336,40.45704],[-111.81118,40.45994],[-111.80594,40.46053],[-111.80719,40.4647],[-111.80387,40.4647],[-111.7978,40.46023],[-111.79805,40.44652],[-111.7963,40.43957],[-111.76091,40.4392],[-111.7609,40.43746],[-111.75436,40.43743],[-111.75256,40.43284],[-111.75435,40.43279],[-111.7519,40.43196],[-111.76283,40.42687],[-111.76387,40.42098],[-111.77051,40.42096],[-111.77048,40.41734],[-111.7734,40.41733],[-111.77336,40.41165],[-111.771,40.41165],[-111.7717,40.40718],[-111.76432,40.40511],[-111.76298,40.38312],[-111.76426,40.37755],[-111.76914,40.37567],[-111.77009,40.36398],[-111.77436,40.36393],[-111.77411,40.35517],[-111.77121,40.35517],[-111.77046,40.35162],[-111.77434,40.35355],[-111.77439,40.34767],[-111.7793,40.34766],[-111.77278,40.34104],[-111.77283,40.33431],[-111.80193,40.34192],[-111.8058,40.34539],[-111.81981,40.35157],[-111.83518,40.35584],[-111.83387,40.36838],[-111.83636,40.36835],[-111.83543,40.37136],[-111.8314,40.37472],[-111.83224,40.37735],[-111.82639,40.37745],[-111.82784,40.38231],[-111.82595,40.38849],[-111.82158,40.38808],[-111.82132,40.39021],[-111.82368,40.39168],[-111.82375,40.39897],[-111.82075,40.399],[-111.82078,40.40182],[-111.8267,40.40347],[-111.82557,40.40988],[-111.82202,40.40987],[-111.82205,40.41358],[-111.82565,40.4136],[-111.82586,40.42078],[-111.8303,40.41988],[-111.83053,40.42434],[-111.8259,40.424],[-111.82732,40.42702],[-111.82395,40.42759],[-111.82169,40.43169],[-111.8497,40.43233],[-111.8498,40.44015]]]]}},{"type":"Feature","id":"84006","properties":{"zip":"84006","pop":null,"city":"West Jordan","county":"Salt Lake","state":"Utah","area":19.72,"lat":40.59678,"lon":-112.12382},"geometry":{"type":"Polygon","coordinates":[[[-112.19639,40.62934],[-112.19034,40.62801],[-112.06661,40.62892],[-112.06734,40.62402],[-112.07318,40.6242],[-112.07312,40.61706],[-112.08257,40.61694],[-112.08254,40.60972],[-112.07209,40.60949],[-112.07192,40.59891],[-112.07283,40.59524],[-112.07499,40.59525],[-112.075,40.59159],[-112.05863,40.59225],[-112.06327,40.56598],[-112.07919,40.56602],[-112.07918,40.56459],[-112.08168,40.56438],[-112.0817,40.56598],[-112.08901,40.566],[-112.09739,40.56173],[-112.11743,40.56141],[-112.13043,40.5556],[-112.15503,40.57479],[-112.16694,40.57232],[-112.18261,40.5746],[-112.18038,40.57735],[-112.18147,40.58038],[-112.17508,40.58566],[-112.17752,40.59627],[-112.17534,40.60398],[-112.17855,40.60547],[-112.18171,40.61205],[-112.18845,40.61418],[-112.1959,40.62123],[-112.19767,40.62546],[-112.19639,40.62934]]]}},{"type":"Feature","id":"84639","properties":{"zip":"84639","pop":null,"city":"","county":"Juab","state":"Utah","area":169.27,"lat":39.51072,"lon":-111.90223},"geometry":{"type":"Polygon","coordinates":[[[-112.15946,39.51414],[-112.13499,39.51724],[-112.10869,39.53265],[-112.1079,39.53473],[-112.11051,39.53638],[-112.10697,39.53539],[-112.11475,39.54152],[-112.11813,39.5476],[-112.13524,39.55884],[-112.13721,39.56135],[-112.13563,39.56594],[-112.13701,39.57092],[-112.13944,39.57128],[-112.14498,39.57875],[-112.14498,39.58276],[-112.15912,39.58561],[-112.16445,39.58854],[-112.14761,39.5963],[-112.13267,39.61277],[-112.12222,39.61274],[-112.12228,39.60548],[-112.07703,39.6057],[-112.08308,39.60328],[-112.08573,39.59928],[-112.09645,39.59615],[-112.08826,39.59195],[-112.08176,39.58481],[-112.08869,39.57358],[-112.08984,39.57062],[-112.08845,39.56803],[-112.09977,39.56276],[-112.09614,39.55253],[-112.0901,39.54605],[-112.08866,39.5419],[-112.08959,39.535],[-112.0818,39.5292],[-112.07737,39.51599],[-112.05985,39.52173],[-112.04106,39.52085],[-112.0336,39.51873],[-112.02404,39.52008],[-112.02426,39.50057],[-112.01557,39.50513],[-112.00783,39.51452],[-111.99421,39.54797],[-111.98803,39.55449],[-111.98462,39.56808],[-111.97709,39.57291],[-111.9781,39.5775],[-111.97606,39.57958],[-111.98099,39.57903],[-111.98437,39.58256],[-111.98012,39.58851],[-111.97378,39.58708],[-111.9698,39.59124],[-111.94902,39.58862],[-111.94527,39.58646],[-111.94343,39.57685],[-111.9357,39.57219],[-111.92615,39.58683],[-111.91092,39.6013],[-111.76021,39.60277],[-111.76017,39.60593],[-111.71523,39.60777],[-111.71571,39.54817],[-111.71328,39.54811],[-111.71322,39.46029],[-111.74774,39.46008],[-111.74747,39.42374],[-111.7526,39.42271],[-111.75375,39.42046],[-111.76351,39.42257],[-111.77391,39.41891],[-111.77992,39.42554],[-111.78667,39.42683],[-111.79403,39.42471],[-111.795,39.43096],[-111.80406,39.43447],[-111.80907,39.43422],[-111.81589,39.42957],[-111.84698,39.41824],[-111.84705,39.41983],[-111.85015,39.42],[-111.85981,39.41643],[-111.87677,39.41834],[-111.88748,39.42344],[-111.88998,39.43004],[-111.8939,39.43097],[-111.90255,39.43789],[-111.92539,39.44208],[-111.92938,39.44008],[-111.92934,39.44383],[-111.94452,39.44353],[-111.94669,39.45321],[-111.9421,39.45538],[-111.9409,39.46292],[-111.94403,39.46814],[-111.95139,39.47235],[-111.9548,39.47954],[-111.97108,39.4789],[-111.97432,39.47949],[-111.97636,39.48219],[-111.9898,39.4713],[-111.99238,39.46375],[-112.01147,39.43572],[-112.00348,39.43538],[-112.00302,39.4076],[-111.99844,39.4038],[-111.99686,39.39948],[-111.98844,39.39489],[-111.98411,39.39497],[-111.98162,39.38419],[-111.97802,39.38269],[-111.97132,39.38951],[-111.96672,39.39047],[-111.96496,39.39561],[-111.96084,39.39595],[-111.96135,39.37779],[-111.97267,39.37703],[-111.97458,39.37437],[-111.97349,39.37698],[-111.97588,39.37695],[-111.97958,39.38268],[-111.98521,39.38408],[-111.98802,39.3827],[-111.98718,39.37902],[-111.99082,39.37712],[-111.99082,39.37525],[-111.99273,39.37593],[-111.99151,39.3768],[-111.99278,39.37965],[-111.98948,39.38377],[-111.99582,39.37839],[-112.00226,39.38472],[-112.00091,39.38198],[-112.00448,39.38469],[-112.01182,39.39882],[-112.02553,39.40439],[-112.02807,39.39909],[-112.02377,39.38048],[-112.02828,39.37471],[-112.03786,39.37104],[-112.03847,39.37457],[-112.047,39.37685],[-112.04809,39.37885],[-112.04521,39.38379],[-112.05164,39.38481],[-112.04641,39.38604],[-112.04992,39.38859],[-112.04806,39.39017],[-112.05755,39.3917],[-112.05827,39.39396],[-112.05209,39.39816],[-112.05416,39.40516],[-112.04984,39.4087],[-112.05161,39.40937],[-112.05567,39.40453],[-112.0614,39.41422],[-112.05885,39.43216],[-112.06556,39.43983],[-112.06744,39.45127],[-112.0629,39.46327],[-112.06846,39.47009],[-112.07161,39.47127],[-112.07605,39.46992],[-112.07795,39.47326],[-112.07368,39.47585],[-112.08081,39.49814],[-112.09775,39.49473],[-112.10494,39.49599],[-112.12802,39.48297],[-112.15552,39.49927],[-112.1565,39.50789],[-112.16521,39.50978],[-112.15946,39.51414]]]}},{"type":"Feature","id":"84649","properties":{"zip":"84649","pop":null,"city":"","county":"Millard","state":"Utah","area":117.92,"lat":39.34658,"lon":-112.32996},"geometry":{"type":"Polygon","coordinates":[[[-112.47361,39.31786],[-112.45629,39.32082],[-112.44885,39.32522],[-112.46317,39.33817],[-112.4661,39.34454],[-112.4648,39.35102],[-112.46686,39.35345],[-112.43465,39.35402],[-112.4334,39.35659],[-112.43562,39.35973],[-112.43581,39.38054],[-112.43125,39.38679],[-112.43235,39.38912],[-112.42002,39.40179],[-112.40666,39.40871],[-112.40408,39.413],[-112.40045,39.41358],[-112.39671,39.41167],[-112.38081,39.39119],[-112.38032,39.38741],[-112.38801,39.36873],[-112.38168,39.37068],[-112.36499,39.40853],[-112.35724,39.41705],[-112.34908,39.42147],[-112.33663,39.43906],[-112.32919,39.45248],[-112.32425,39.46906],[-112.32002,39.46965],[-112.31159,39.46676],[-112.3094,39.46778],[-112.30847,39.46563],[-112.30485,39.46614],[-112.29529,39.45813],[-112.26901,39.47218],[-112.26364,39.46249],[-112.26219,39.44394],[-112.24933,39.44171],[-112.22009,39.44458],[-112.20223,39.44055],[-112.19342,39.44338],[-112.1936,39.37309],[-112.18891,39.37309],[-112.18891,39.35521],[-112.19027,39.35823],[-112.19341,39.35507],[-112.21012,39.35477],[-112.2058,39.34781],[-112.20695,39.34304],[-112.20369,39.33962],[-112.20413,39.3284],[-112.21947,39.32499],[-112.22927,39.31813],[-112.23423,39.31796],[-112.23381,39.31553],[-112.23586,39.31558],[-112.23972,39.30533],[-112.23945,39.29547],[-112.24113,39.29385],[-112.25362,39.29266],[-112.27418,39.29642],[-112.29158,39.28968],[-112.30172,39.28068],[-112.30677,39.27863],[-112.31477,39.26989],[-112.32762,39.27263],[-112.33742,39.27085],[-112.34322,39.27509],[-112.36156,39.26736],[-112.35613,39.27208],[-112.34971,39.28171],[-112.34895,39.2861],[-112.35487,39.29208],[-112.36335,39.29213],[-112.36893,39.29631],[-112.37293,39.2966],[-112.36596,39.30023],[-112.3508,39.30372],[-112.35555,39.30802],[-112.35437,39.31369],[-112.35577,39.31913],[-112.36256,39.3246],[-112.37146,39.32648],[-112.37754,39.30628],[-112.39279,39.30403],[-112.39826,39.27657],[-112.37734,39.27825],[-112.37226,39.27428],[-112.34728,39.24539],[-112.35307,39.24294],[-112.34544,39.24287],[-112.33453,39.22916],[-112.33467,39.21358],[-112.40957,39.21392],[-112.40989,39.20245],[-112.47088,39.29897],[-112.48024,39.31734],[-112.47361,39.31786]]]}},{"type":"Feature","id":"84017","properties":{"zip":"84017","pop":null,"city":"","county":"Summit","state":"Utah","area":400.99,"lat":40.95491,"lon":-111.20587},"geometry":{"type":"Polygon","coordinates":[[[-111.51692,40.81939],[-111.51006,40.82107],[-111.50006,40.83202],[-111.49193,40.8501],[-111.48784,40.85432],[-111.48338,40.85358],[-111.48042,40.8554],[-111.47966,40.85854],[-111.48387,40.8693],[-111.47459,40.86311],[-111.47238,40.8629],[-111.46795,40.86696],[-111.46782,40.86405],[-111.46427,40.86457],[-111.4615,40.87015],[-111.45149,40.87586],[-111.45062,40.87973],[-111.4449,40.88531],[-111.44556,40.8886],[-111.45011,40.88773],[-111.45247,40.88884],[-111.4518,40.8908],[-111.45618,40.89193],[-111.45575,40.89708],[-111.46168,40.8999],[-111.44896,40.91299],[-111.44675,40.92103],[-111.4444,40.92305],[-111.43791,40.9233],[-111.43241,40.91907],[-111.42534,40.91816],[-111.42055,40.92113],[-111.40936,40.92047],[-111.4109,40.92506],[-111.40843,40.9364],[-111.41309,40.94419],[-111.42206,40.9521],[-111.42519,40.95795],[-111.43891,40.96851],[-111.43769,40.97179],[-111.43172,40.97511],[-111.42886,40.97974],[-111.43317,40.98343],[-111.42965,40.99092],[-111.43088,40.99348],[-111.42805,40.99686],[-111.4287,41.0072],[-111.42158,41.01775],[-111.41844,41.01968],[-111.4176,41.02326],[-111.41891,41.03079],[-111.41668,41.04103],[-111.42001,41.04193],[-111.42065,41.04601],[-111.42446,41.04745],[-111.41648,41.05485],[-111.4158,41.05334],[-111.41523,41.05709],[-111.41876,41.05897],[-111.4201,41.06576],[-111.41702,41.07402],[-111.40844,41.07494],[-111.40029,41.0813],[-111.39601,41.08017],[-111.39225,41.0816],[-111.38949,41.08541],[-111.38424,41.08641],[-111.38007,41.08185],[-111.37681,41.08291],[-111.37496,41.07927],[-111.37698,41.07229],[-111.38009,41.06924],[-111.38071,41.06195],[-111.3868,41.0511],[-111.38051,41.02775],[-111.37073,41.0116],[-111.36391,41.01966],[-111.33534,41.03109],[-111.33277,41.03347],[-111.33522,41.03619],[-111.33417,41.04235],[-111.32327,41.0506],[-111.3224,41.05306],[-111.32309,41.06076],[-111.33307,41.06856],[-111.33812,41.08087],[-111.33873,41.10213],[-111.32768,41.12451],[-111.33226,41.12827],[-111.33932,41.12953],[-111.34096,41.13282],[-111.33787,41.13304],[-111.33239,41.1381],[-111.32412,41.13746],[-111.31846,41.13244],[-111.30701,41.13093],[-111.29073,41.14316],[-111.26497,41.14404],[-111.26266,41.14107],[-111.24455,41.14511],[-111.24063,41.14197],[-111.23282,41.14288],[-111.22476,41.14857],[-111.22331,41.15153],[-111.20618,41.16227],[-111.18793,41.16965],[-111.17565,41.17025],[-111.1674,41.17613],[-111.16089,41.17611],[-111.14875,41.18318],[-111.14892,41.17805],[-111.13329,41.17805],[-111.1302,41.18453],[-111.11895,41.19066],[-111.11093,41.19834],[-111.09477,41.19836],[-111.09478,41.19495],[-111.09238,41.19275],[-111.07039,41.19002],[-111.06241,41.18101],[-111.0466,41.17712],[-111.04663,41.14012],[-111.05462,41.14259],[-111.05551,41.14463],[-111.06275,41.12531],[-111.06617,41.1214],[-111.08374,41.12138],[-111.09859,41.10851],[-111.10643,41.11147],[-111.09914,41.10298],[-111.09403,41.09298],[-111.09948,41.08849],[-111.10546,41.07371],[-111.11364,41.0634],[-111.10999,41.06071],[-111.12037,41.06026],[-111.11915,41.05772],[-111.12765,41.0645],[-111.12911,41.06775],[-111.13442,41.07005],[-111.13401,41.01776],[-111.12859,41.01697],[-111.12364,41.01139],[-111.12004,41.01077],[-111.11964,41.00338],[-111.11743,40.99915],[-111.11857,40.99299],[-111.1222,40.99074],[-111.12236,40.98651],[-111.11963,40.98499],[-111.12508,40.97668],[-111.12405,40.97463],[-111.11567,40.97079],[-111.11343,40.97349],[-111.11628,40.97921],[-111.11433,40.98162],[-111.1085,40.97956],[-111.10558,40.97625],[-111.09893,40.9797],[-111.08716,40.97796],[-111.08108,40.98369],[-111.06484,40.99047],[-111.05378,40.99005],[-111.04877,40.99806],[-110.87206,40.9973],[-110.86799,40.99101],[-110.86377,40.9882],[-110.86476,40.98598],[-110.85977,40.97796],[-110.86097,40.97708],[-110.85795,40.97026],[-110.85394,40.96785],[-110.85183,40.96363],[-110.85676,40.95869],[-110.85782,40.94943],[-110.85653,40.9476],[-110.85872,40.94098],[-110.86457,40.93477],[-110.87355,40.91698],[-110.87801,40.91271],[-110.88894,40.90741],[-110.89549,40.90114],[-110.90277,40.89787],[-110.9093,40.88103],[-110.92075,40.86568],[-110.92174,40.86128],[-110.92682,40.86261],[-110.94153,40.85552],[-110.95655,40.85299],[-110.9678,40.84774],[-110.96008,40.84567],[-110.96722,40.83807],[-110.97205,40.8369],[-110.9786,40.83922],[-110.99472,40.85029],[-111.00573,40.84434],[-111.02151,40.84373],[-111.03891,40.84766],[-111.05765,40.84319],[-111.06349,40.84449],[-111.07584,40.83336],[-111.08835,40.83273],[-111.09121,40.83011],[-111.09891,40.83136],[-111.12298,40.82874],[-111.12983,40.83025],[-111.16113,40.8244],[-111.18167,40.80885],[-111.19047,40.80857],[-111.19825,40.81217],[-111.24611,40.81106],[-111.25807,40.80685],[-111.26828,40.80618],[-111.27636,40.80847],[-111.29108,40.80407],[-111.29465,40.80516],[-111.29994,40.80045],[-111.30445,40.80687],[-111.30904,40.80096],[-111.3145,40.80331],[-111.31561,40.8059],[-111.31648,40.80348],[-111.32789,40.79984],[-111.33898,40.80649],[-111.34289,40.8042],[-111.34223,40.80078],[-111.35524,40.79837],[-111.35671,40.79411],[-111.36778,40.7875],[-111.38705,40.7799],[-111.39153,40.78157],[-111.39232,40.78015],[-111.38614,40.77452],[-111.38819,40.76868],[-111.38557,40.76839],[-111.38564,40.76505],[-111.38101,40.76597],[-111.38201,40.76392],[-111.37498,40.75922],[-111.37126,40.75387],[-111.3748,40.75437],[-111.37599,40.75286],[-111.3846,40.75546],[-111.39411,40.76144],[-111.39585,40.75765],[-111.41369,40.74796],[-111.41914,40.74676],[-111.42486,40.74892],[-111.4227,40.75082],[-111.42382,40.75318],[-111.43182,40.75717],[-111.42918,40.75852],[-111.43262,40.75914],[-111.43182,40.76157],[-111.42753,40.76393],[-111.42759,40.76636],[-111.43525,40.76301],[-111.43999,40.76362],[-111.43899,40.76598],[-111.44086,40.76648],[-111.43947,40.7678],[-111.44223,40.7745],[-111.44034,40.77803],[-111.4409,40.78218],[-111.44401,40.78202],[-111.44519,40.78535],[-111.44813,40.78157],[-111.45169,40.78224],[-111.45192,40.77892],[-111.46826,40.7752],[-111.46884,40.77303],[-111.49431,40.77329],[-111.49431,40.77858],[-111.48598,40.78216],[-111.49009,40.79077],[-111.50264,40.79949],[-111.50187,40.79766],[-111.50436,40.79691],[-111.50177,40.79209],[-111.50322,40.79156],[-111.50686,40.79167],[-111.50717,40.79512],[-111.50881,40.79465],[-111.51142,40.79876],[-111.51673,40.79876],[-111.51429,40.80043],[-111.51455,40.80546],[-111.51084,40.81038],[-111.51617,40.81279],[-111.51692,40.81939]]]}},{"type":"Feature","id":"84018","properties":{"zip":"84018","pop":null,"city":"","county":"Morgan","state":"Utah","area":131.84,"lat":41.20536,"lon":-111.42726},"geometry":{"type":"Polygon","coordinates":[[[-111.56706,41.16502],[-111.56599,41.16848],[-111.56342,41.16901],[-111.56293,41.18294],[-111.55984,41.18687],[-111.55505,41.19018],[-111.5526,41.1892],[-111.54984,41.19337],[-111.54322,41.19686],[-111.54493,41.20592],[-111.54203,41.21116],[-111.54285,41.21901],[-111.53344,41.22888],[-111.52267,41.23025],[-111.51198,41.22897],[-111.51029,41.23093],[-111.50606,41.23093],[-111.49667,41.22729],[-111.49681,41.23061],[-111.49131,41.23711],[-111.49446,41.24126],[-111.47718,41.24553],[-111.47793,41.2508],[-111.47169,41.25146],[-111.47112,41.25575],[-111.46443,41.25811],[-111.46646,41.26248],[-111.45814,41.26787],[-111.4577,41.27368],[-111.44514,41.27839],[-111.44601,41.28527],[-111.44011,41.28959],[-111.44282,41.29236],[-111.43918,41.29512],[-111.44255,41.29824],[-111.44411,41.30629],[-111.44842,41.31057],[-111.44941,41.31571],[-111.44471,41.31823],[-111.44339,41.32206],[-111.43742,41.32356],[-111.4378,41.33429],[-111.43635,41.33612],[-111.43815,41.3381],[-111.43436,41.34226],[-111.42668,41.34278],[-111.42367,41.34829],[-111.42401,41.35634],[-111.42073,41.36131],[-111.40459,41.36222],[-111.40354,41.3693],[-111.39613,41.37331],[-111.38226,41.37354],[-111.37031,41.3672],[-111.36703,41.36164],[-111.34827,41.36234],[-111.34024,41.35546],[-111.33194,41.35747],[-111.32712,41.35325],[-111.32681,41.34545],[-111.31879,41.34383],[-111.30533,41.33367],[-111.29489,41.32997],[-111.29349,41.32055],[-111.29667,41.31889],[-111.29237,41.30941],[-111.28446,41.30945],[-111.28599,41.30514],[-111.26595,41.29659],[-111.27986,41.2894],[-111.31567,41.27817],[-111.33189,41.2689],[-111.3418,41.25706],[-111.3412,41.25218],[-111.34589,41.24294],[-111.34899,41.24138],[-111.34861,41.23595],[-111.35739,41.2262],[-111.3561,41.2246],[-111.36319,41.21803],[-111.3649,41.21106],[-111.37642,41.20254],[-111.3848,41.19149],[-111.38056,41.19125],[-111.37211,41.18205],[-111.36824,41.18156],[-111.36115,41.17681],[-111.33953,41.17089],[-111.33443,41.17144],[-111.32881,41.16429],[-111.30805,41.14933],[-111.30891,41.14551],[-111.30419,41.1446],[-111.30369,41.14104],[-111.29761,41.13774],[-111.30701,41.13093],[-111.3102,41.13049],[-111.31846,41.13244],[-111.32412,41.13746],[-111.33239,41.1381],[-111.34636,41.12867],[-111.35275,41.13033],[-111.36429,41.12831],[-111.36692,41.12994],[-111.36868,41.12201],[-111.36755,41.11963],[-111.37543,41.11216],[-111.37769,41.10782],[-111.37852,41.0984],[-111.38163,41.09686],[-111.38065,41.08699],[-111.38949,41.08541],[-111.39225,41.0816],[-111.39601,41.08017],[-111.40029,41.0813],[-111.40844,41.07494],[-111.41293,41.07396],[-111.42287,41.07656],[-111.42344,41.07972],[-111.44605,41.08214],[-111.45446,41.07468],[-111.46741,41.07036],[-111.47364,41.06437],[-111.49054,41.06108],[-111.49463,41.06413],[-111.50026,41.06134],[-111.50811,41.06312],[-111.513,41.05846],[-111.52364,41.05623],[-111.52977,41.05284],[-111.53291,41.05704],[-111.54014,41.05916],[-111.53054,41.0624],[-111.52569,41.07101],[-111.53961,41.07737],[-111.5449,41.08311],[-111.54536,41.08609],[-111.54025,41.09249],[-111.53973,41.09958],[-111.54372,41.10327],[-111.54344,41.1071],[-111.54639,41.11149],[-111.54501,41.11512],[-111.54608,41.11945],[-111.55163,41.12387],[-111.554,41.12866],[-111.55519,41.13546],[-111.5535,41.1427],[-111.55981,41.14871],[-111.56216,41.15648],[-111.56694,41.16023],[-111.56706,41.16502]]]}},{"type":"Feature","id":"84651","properties":{"zip":"84651","pop":null,"city":"Payson","county":"Utah","state":"Utah","area":97.25,"lat":39.95632,"lon":-111.69345},"geometry":{"type":"Polygon","coordinates":[[[-111.8298,40.05177],[-111.82753,40.06715],[-111.82894,40.07006],[-111.81512,40.07419],[-111.80762,40.08624],[-111.8005,40.08746],[-111.80296,40.09958],[-111.7759,40.09784],[-111.77462,40.09295],[-111.77027,40.09085],[-111.77016,40.08605],[-111.75513,40.08605],[-111.7551,40.08381],[-111.7503,40.08248],[-111.73584,40.08104],[-111.73587,40.06848],[-111.73371,40.07075],[-111.72119,40.07063],[-111.72121,40.06918],[-111.71905,40.06916],[-111.72397,40.06432],[-111.71638,40.0575],[-111.69807,40.05732],[-111.69819,40.04882],[-111.69177,40.04859],[-111.69186,40.0343],[-111.68713,40.03433],[-111.68724,40.03079],[-111.68231,40.03129],[-111.68228,40.0273],[-111.67006,40.02733],[-111.66727,40.02375],[-111.66773,40.00549],[-111.66902,40.00547],[-111.66327,39.99841],[-111.6568,39.99854],[-111.65628,39.98387],[-111.64629,39.97868],[-111.62664,39.97317],[-111.62283,39.97798],[-111.61632,39.9775],[-111.61373,39.9868],[-111.61017,39.98992],[-111.60527,39.98951],[-111.6034,39.99395],[-111.60125,39.9916],[-111.60049,39.99415],[-111.60027,39.98937],[-111.59366,39.98844],[-111.59638,39.98611],[-111.58677,39.98493],[-111.58337,39.98039],[-111.59174,39.98285],[-111.5888,39.97998],[-111.59049,39.97733],[-111.58836,39.97646],[-111.5752,39.97935],[-111.54791,39.97695],[-111.54137,39.97866],[-111.53138,39.97241],[-111.5256,39.97282],[-111.51709,39.97002],[-111.51781,39.96668],[-111.52044,39.96502],[-111.5175,39.96625],[-111.52563,39.96076],[-111.53078,39.95282],[-111.53915,39.94694],[-111.54364,39.932],[-111.5481,39.93298],[-111.5486,39.92443],[-111.54642,39.9235],[-111.54628,39.9208],[-111.55236,39.91698],[-111.55371,39.91315],[-111.55169,39.90402],[-111.54934,39.90375],[-111.55041,39.89184],[-111.55919,39.8813],[-111.56533,39.87897],[-111.5747,39.88416],[-111.58488,39.88687],[-111.58363,39.89175],[-111.62035,39.90057],[-111.61284,39.90004],[-111.61296,39.90237],[-111.60821,39.90439],[-111.60862,39.90974],[-111.59986,39.91184],[-111.58503,39.92048],[-111.5781,39.92117],[-111.57227,39.92595],[-111.57707,39.92931],[-111.60432,39.92334],[-111.60755,39.93902],[-111.61187,39.94267],[-111.62964,39.94719],[-111.63473,39.9514],[-111.63583,39.95011],[-111.6404,39.95249],[-111.6419,39.94381],[-111.6401,39.94206],[-111.64234,39.94086],[-111.63446,39.93436],[-111.63134,39.92431],[-111.63407,39.91542],[-111.63767,39.9117],[-111.65232,39.90671],[-111.65713,39.89824],[-111.65811,39.90631],[-111.66658,39.91386],[-111.68499,39.91224],[-111.69325,39.90697],[-111.68979,39.90671],[-111.67813,39.89997],[-111.67941,39.89749],[-111.67823,39.89194],[-111.66679,39.87701],[-111.66587,39.87234],[-111.6578,39.85851],[-111.64034,39.85066],[-111.64991,39.84898],[-111.6604,39.83575],[-111.6715,39.83067],[-111.67075,39.82867],[-111.67413,39.82207],[-111.67345,39.81689],[-111.67625,39.81248],[-111.75467,39.81227],[-111.76636,39.81056],[-111.75859,39.82436],[-111.74873,39.8332],[-111.75019,39.84084],[-111.74646,39.85012],[-111.7376,39.85132],[-111.73418,39.854],[-111.73793,39.8641],[-111.75659,39.8753],[-111.76104,39.88386],[-111.75562,39.88929],[-111.75129,39.8992],[-111.75387,39.90186],[-111.75348,39.91047],[-111.75582,39.91827],[-111.75342,39.92249],[-111.75457,39.92443],[-111.74502,39.92011],[-111.7385,39.91942],[-111.73292,39.91982],[-111.72989,39.92376],[-111.72949,39.92629],[-111.73269,39.9318],[-111.73143,39.94701],[-111.729,39.95271],[-111.73084,39.95764],[-111.72933,39.96784],[-111.72537,39.97537],[-111.72734,39.9781],[-111.73816,39.98321],[-111.74305,39.99026],[-111.7498,39.99014],[-111.75034,39.98801],[-111.75609,39.9862],[-111.76531,39.98652],[-111.76273,40.00465],[-111.76767,40.00467],[-111.76761,39.99733],[-111.78649,39.99727],[-111.78651,39.99907],[-111.79158,39.99898],[-111.79418,40.00336],[-111.80517,40.00438],[-111.80099,40.01121],[-111.8058,40.01342],[-111.80599,40.02061],[-111.80832,40.02059],[-111.80834,40.02419],[-111.81068,40.02416],[-111.8106,40.01696],[-111.81293,40.01694],[-111.81296,40.01873],[-111.81529,40.0187],[-111.81533,40.0223],[-111.81767,40.02228],[-111.81772,40.02587],[-111.82474,40.02579],[-111.82511,40.03915],[-111.82878,40.04141],[-111.8298,40.05177]]]}},{"type":"Feature","id":"84022","properties":{"zip":"84022","pop":null,"city":"Dugway","county":"Tooele","state":"Utah","area":113.14,"lat":40.1796,"lon":-112.81308},"geometry":{"type":"MultiPolygon","coordinates":[[[[-112.77924,40.23529],[-112.77174,40.24433],[-112.72317,40.24456],[-112.72536,40.24754],[-112.73987,40.25597],[-112.7431,40.30647],[-112.73505,40.30646],[-112.73511,40.317],[-112.72556,40.33121],[-112.72567,40.34664],[-112.70666,40.34654],[-112.70678,40.3754],[-112.67874,40.37535],[-112.67535,40.3727],[-112.67094,40.36409],[-112.66895,40.36371],[-112.66273,40.36873],[-112.64651,40.37195],[-112.63827,40.37126],[-112.64007,40.36901],[-112.6368,40.36935],[-112.63522,40.36675],[-112.63096,40.36637],[-112.6368,40.35145],[-112.63518,40.32475],[-112.62447,40.32451],[-112.61216,40.33773],[-112.60427,40.34348],[-112.59181,40.34639],[-112.5715,40.33835],[-112.56787,40.34414],[-112.56787,40.34871],[-112.58578,40.36565],[-112.58817,40.37023],[-112.59175,40.37961],[-112.59352,40.40545],[-112.60725,40.41553],[-112.60815,40.4185],[-112.60184,40.42669],[-112.59375,40.42392],[-112.57138,40.42488],[-112.5628,40.42039],[-112.57021,40.41763],[-112.56902,40.39407],[-112.56299,40.39097],[-112.55569,40.383],[-112.54562,40.3681],[-112.53256,40.36141],[-112.52985,40.35638],[-112.53733,40.36023],[-112.53946,40.35969],[-112.53912,40.35363],[-112.54205,40.35397],[-112.54994,40.34685],[-112.55112,40.34883],[-112.55813,40.34914],[-112.56552,40.34658],[-112.56426,40.34565],[-112.56805,40.33825],[-112.57104,40.33636],[-112.57263,40.33731],[-112.58099,40.32956],[-112.58543,40.31956],[-112.58419,40.30934],[-112.57817,40.29866],[-112.57004,40.2864],[-112.56094,40.2803],[-112.55107,40.24518],[-112.55056,40.24232],[-112.56079,40.23241],[-112.56862,40.22827],[-112.56015,40.2095],[-112.56132,40.20004],[-112.54378,40.19069],[-112.54035,40.18115],[-112.54098,40.1709],[-112.54561,40.1613],[-112.5509,40.16221],[-112.56682,40.15776],[-112.56789,40.16004],[-112.58237,40.15863],[-112.58803,40.15623],[-112.60607,40.1541],[-112.61066,40.16949],[-112.616,40.17827],[-112.62317,40.18426],[-112.62375,40.18733],[-112.62852,40.18681],[-112.62834,40.21125],[-112.63916,40.21489],[-112.64186,40.21984],[-112.66367,40.23992],[-112.68026,40.219],[-112.68254,40.21251],[-112.68723,40.2103],[-112.70343,40.2204],[-112.72299,40.22079],[-112.72342,40.23192],[-112.72749,40.22798],[-112.72399,40.22536],[-112.72533,40.21826],[-112.75,40.21088],[-112.75348,40.21563],[-112.77725,40.21311],[-112.78024,40.21841],[-112.77836,40.22702],[-112.78077,40.23193],[-112.77924,40.23529]]],[[[-113.43293,39.90214],[-113.43247,39.9054],[-113.2348,39.90472],[-113.25482,39.87992],[-113.27149,39.87787],[-113.29586,39.86652],[-113.30661,39.84964],[-113.3228,39.83588],[-113.35409,39.83196],[-113.36469,39.82433],[-113.37716,39.81967],[-113.39593,39.8218],[-113.39755,39.82613],[-113.3967,39.83262],[-113.40032,39.84035],[-113.41099,39.84819],[-113.40758,39.87661],[-113.41267,39.88209],[-113.41622,39.89149],[-113.4296,39.89547],[-113.43255,39.89761],[-113.43293,39.90214]]]]}},{"type":"Feature","id":"84023","properties":{"zip":"84023","pop":null,"city":"Dutch John","county":"Daggett","state":"Utah","area":134.86,"lat":40.83764,"lon":-109.20635},"geometry":{"type":"Polygon","coordinates":[[[-109.63829,40.84913],[-109.63291,40.85547],[-109.62204,40.85905],[-109.61271,40.86502],[-109.61146,40.86659],[-109.61417,40.87199],[-109.60171,40.88063],[-109.59598,40.88052],[-109.59078,40.88424],[-109.58888,40.88684],[-109.58873,40.89111],[-109.5914,40.89423],[-109.59031,40.89513],[-109.58151,40.89514],[-109.57731,40.89184],[-109.57827,40.88984],[-109.57579,40.89189],[-109.56703,40.89271],[-109.56422,40.89917],[-109.56167,40.89945],[-109.54953,40.89158],[-109.53686,40.88922],[-109.5301,40.89293],[-109.52704,40.9044],[-109.52481,40.90607],[-109.52466,40.91306],[-109.52048,40.91281],[-109.51799,40.90837],[-109.51575,40.90852],[-109.51822,40.91226],[-109.51171,40.91203],[-109.49286,40.92016],[-109.48733,40.92068],[-109.49278,40.9176],[-109.49166,40.91138],[-109.49556,40.90664],[-109.48971,40.90838],[-109.49039,40.90449],[-109.48677,40.9072],[-109.47898,40.90319],[-109.47165,40.9034],[-109.46864,40.90929],[-109.46406,40.91245],[-109.45569,40.91309],[-109.45134,40.91212],[-109.45168,40.91072],[-109.44263,40.91454],[-109.44091,40.91324],[-109.43985,40.91545],[-109.43484,40.91541],[-109.43565,40.90943],[-109.42782,40.91334],[-109.41871,40.91392],[-109.415,40.91678],[-109.41774,40.9232],[-109.41238,40.92957],[-109.41166,40.94226],[-109.41416,40.94658],[-109.37575,40.94661],[-109.37571,40.93502],[-109.36512,40.93496],[-109.36499,40.93046],[-109.33562,40.93069],[-109.33537,40.92341],[-109.26074,40.92382],[-109.26072,40.9257],[-109.24109,40.92448],[-109.24073,40.91262],[-109.23203,40.91349],[-109.22868,40.91626],[-109.22681,40.92732],[-109.22804,40.928],[-109.2266,40.93042],[-109.22417,40.92982],[-109.22156,40.93181],[-109.22144,40.93855],[-109.22278,40.94129],[-109.22686,40.94209],[-109.22925,40.94503],[-109.22989,40.94222],[-109.23462,40.94379],[-109.23679,40.94228],[-109.2417,40.94586],[-109.24036,40.94733],[-109.24482,40.94861],[-109.24572,40.95245],[-109.24357,40.95319],[-109.24505,40.95556],[-109.24065,40.95871],[-109.23748,40.96467],[-109.23817,40.96735],[-109.23598,40.96744],[-109.23786,40.96944],[-109.23339,40.97062],[-109.22951,40.97732],[-109.22946,40.98071],[-109.23207,40.98029],[-109.23277,40.98184],[-109.20661,40.9868],[-109.19934,40.98449],[-109.20107,40.98401],[-109.19899,40.98131],[-109.20261,40.97976],[-109.20009,40.97471],[-109.18725,40.97128],[-109.16827,40.96992],[-109.15545,40.95997],[-109.15143,40.95379],[-109.15424,40.94404],[-109.15309,40.94145],[-109.14647,40.93775],[-109.14113,40.92543],[-109.1552,40.91918],[-109.14684,40.91487],[-109.14623,40.90397],[-109.14275,40.89994],[-109.14275,40.89524],[-109.13829,40.89503],[-109.13008,40.89821],[-109.12647,40.9025],[-109.12119,40.90349],[-109.1148,40.91108],[-109.11461,40.91505],[-109.10838,40.91531],[-109.10267,40.90267],[-109.09256,40.89353],[-109.08377,40.86539],[-109.04879,40.86192],[-109.04837,40.66261],[-109.12348,40.66239],[-109.12347,40.68413],[-109.16106,40.68382],[-109.16181,40.77155],[-109.16318,40.77155],[-109.16343,40.78596],[-109.2014,40.78587],[-109.20325,40.8584],[-109.25823,40.85811],[-109.25675,40.86348],[-109.26096,40.87025],[-109.27146,40.87196],[-109.2698,40.8811],[-109.27157,40.8844],[-109.27504,40.88544],[-109.2751,40.89035],[-109.28082,40.89936],[-109.28113,40.90365],[-109.27697,40.91136],[-109.28444,40.91035],[-109.29303,40.9127],[-109.3024,40.9068],[-109.31027,40.91],[-109.32436,40.90789],[-109.3295,40.9113],[-109.33665,40.91239],[-109.35455,40.89836],[-109.36006,40.89683],[-109.36781,40.89701],[-109.37205,40.90451],[-109.38091,40.90341],[-109.39065,40.89882],[-109.41476,40.90701],[-109.42331,40.90413],[-109.4252,40.91243],[-109.42924,40.9074],[-109.43817,40.90525],[-109.44259,40.90209],[-109.4467,40.89788],[-109.4451,40.8947],[-109.45634,40.89707],[-109.45884,40.89205],[-109.45544,40.88883],[-109.45575,40.88446],[-109.47763,40.86502],[-109.48288,40.86421],[-109.49271,40.87086],[-109.49759,40.87178],[-109.50692,40.87027],[-109.53103,40.86172],[-109.54159,40.86088],[-109.5422,40.86471],[-109.55474,40.86282],[-109.55737,40.86422],[-109.56245,40.85613],[-109.5665,40.8546],[-109.57183,40.86439],[-109.57412,40.86545],[-109.5779,40.86365],[-109.5867,40.85017],[-109.59043,40.85317],[-109.60153,40.85352],[-109.62831,40.85159],[-109.63829,40.84913]]]}},{"type":"Feature","id":"84027","properties":{"zip":"84027","pop":null,"city":"","county":"Duchesne","state":"Utah","area":173.27,"lat":40.15666,"lon":-110.79433},"geometry":{"type":"Polygon","coordinates":[[[-110.89669,40.29944],[-110.69602,40.29904],[-110.6951,40.29063],[-110.70265,40.28095],[-110.70257,40.27568],[-110.69572,40.27056],[-110.68193,40.26783],[-110.68236,40.26476],[-110.67901,40.26196],[-110.66604,40.25839],[-110.66037,40.25439],[-110.6473,40.25446],[-110.63809,40.24965],[-110.63009,40.24361],[-110.63104,40.2398],[-110.62641,40.23947],[-110.6161,40.23306],[-110.60929,40.226],[-110.60972,40.22339],[-110.60137,40.21189],[-110.59657,40.21064],[-110.59646,40.17699],[-110.60681,40.1799],[-110.65291,40.18187],[-110.66824,40.18548],[-110.67618,40.18944],[-110.67186,40.18932],[-110.67119,40.19207],[-110.65137,40.18997],[-110.63678,40.19117],[-110.63664,40.19965],[-110.63904,40.19994],[-110.63843,40.20099],[-110.65875,40.20589],[-110.66402,40.20944],[-110.68067,40.20147],[-110.68328,40.20207],[-110.6872,40.18375],[-110.69267,40.18682],[-110.69849,40.18015],[-110.69195,40.1726],[-110.68533,40.1686],[-110.67923,40.1577],[-110.6752,40.15467],[-110.67288,40.14279],[-110.66997,40.13927],[-110.6695,40.13067],[-110.69003,40.13294],[-110.69828,40.13049],[-110.70195,40.1353],[-110.70675,40.13341],[-110.70578,40.13051],[-110.71571,40.12765],[-110.72156,40.13015],[-110.72933,40.12627],[-110.73649,40.12884],[-110.74204,40.12808],[-110.74679,40.10972],[-110.74536,40.10555],[-110.74712,40.09943],[-110.74587,40.0951],[-110.74256,40.092],[-110.74494,40.08648],[-110.74415,40.07759],[-110.75621,40.07014],[-110.75915,40.04809],[-110.77347,40.02784],[-110.7771,40.01792],[-110.78869,40.01799],[-110.80593,40.00601],[-110.81131,39.99594],[-110.82494,39.99395],[-110.82453,39.99151],[-110.82834,39.98573],[-110.82653,39.98613],[-110.82554,39.9808],[-110.82206,39.98243],[-110.83181,39.96526],[-110.83358,39.95719],[-110.84572,39.95007],[-110.85524,39.93743],[-110.86653,39.92857],[-110.87437,39.91591],[-110.88185,39.91074],[-110.89079,39.89966],[-110.89179,40.0824],[-110.89627,40.08238],[-110.89669,40.29944]]]}},{"type":"Feature","id":"84033","properties":{"zip":"84033","pop":null,"city":"Henefer","county":"Summit","state":"Utah","area":54.38,"lat":40.97986,"lon":-111.49149},"geometry":{"type":"Polygon","coordinates":[[[-111.59347,40.99162],[-111.58765,40.9963],[-111.57985,40.99591],[-111.57278,41.00069],[-111.56663,41.00048],[-111.56873,41.00288],[-111.55875,41.011],[-111.55434,41.01705],[-111.55334,41.02046],[-111.55742,41.02421],[-111.55297,41.02971],[-111.55507,41.0322],[-111.54537,41.03739],[-111.54105,41.04528],[-111.52364,41.05623],[-111.513,41.05846],[-111.50811,41.06312],[-111.50026,41.06134],[-111.49463,41.06413],[-111.49054,41.06108],[-111.47364,41.06437],[-111.46741,41.07036],[-111.45446,41.07468],[-111.44605,41.08214],[-111.42344,41.07972],[-111.42287,41.07656],[-111.41702,41.07402],[-111.4201,41.06576],[-111.41974,41.06178],[-111.41876,41.05897],[-111.41523,41.05709],[-111.4158,41.05334],[-111.41648,41.05485],[-111.42446,41.04745],[-111.42065,41.04601],[-111.42001,41.04193],[-111.41668,41.04103],[-111.41838,41.0356],[-111.42342,41.02946],[-111.43984,41.02949],[-111.44714,41.02653],[-111.44669,41.028],[-111.45514,41.02999],[-111.45596,41.02772],[-111.46255,41.03007],[-111.47334,41.02477],[-111.48014,41.02388],[-111.47961,41.01591],[-111.47227,41.01581],[-111.47232,41.01231],[-111.47684,41.01232],[-111.48106,41.0098],[-111.45102,40.98602],[-111.44215,40.97183],[-111.4374,40.97163],[-111.43822,40.96681],[-111.42519,40.95795],[-111.42206,40.9521],[-111.41309,40.94419],[-111.40843,40.9364],[-111.4109,40.92506],[-111.40936,40.92047],[-111.42055,40.92113],[-111.42534,40.91816],[-111.43241,40.91907],[-111.43791,40.9233],[-111.4444,40.92305],[-111.44675,40.92103],[-111.44896,40.91299],[-111.46168,40.8999],[-111.45575,40.89708],[-111.45618,40.89193],[-111.4518,40.8908],[-111.45247,40.88884],[-111.45011,40.88773],[-111.44556,40.8886],[-111.4449,40.88531],[-111.45062,40.87973],[-111.45149,40.87586],[-111.4615,40.87015],[-111.46256,40.86577],[-111.46696,40.8638],[-111.46795,40.86696],[-111.47238,40.8629],[-111.47459,40.86311],[-111.48019,40.86553],[-111.48616,40.87312],[-111.49477,40.87953],[-111.50115,40.89202],[-111.51043,40.89862],[-111.50858,40.90969],[-111.51341,40.91324],[-111.51491,40.91689],[-111.52875,40.91896],[-111.5265,40.9385],[-111.52359,40.94592],[-111.5249,40.95384],[-111.53427,40.95815],[-111.54276,40.95467],[-111.55173,40.95407],[-111.5601,40.95978],[-111.57427,40.96072],[-111.5776,40.95837],[-111.58422,40.9616],[-111.58803,40.96586],[-111.58765,40.97872],[-111.59368,40.98634],[-111.59347,40.99162]]]}},{"type":"Feature","id":"84035","properties":{"zip":"84035","pop":null,"city":"","county":"Uintah","state":"Utah","area":172.76,"lat":40.39025,"lon":-109.28209},"geometry":{"type":"Polygon","coordinates":[[[-109.49814,40.36089],[-109.42194,40.36126],[-109.42213,40.37607],[-109.41313,40.37725],[-109.44406,40.39059],[-109.43416,40.39583],[-109.43608,40.39814],[-109.42965,40.39823],[-109.42698,40.39358],[-109.42307,40.39162],[-109.42445,40.39028],[-109.42057,40.38844],[-109.41965,40.38516],[-109.40934,40.38094],[-109.40795,40.37499],[-109.39645,40.37022],[-109.38544,40.36928],[-109.38146,40.38287],[-109.3891,40.38831],[-109.38742,40.39063],[-109.3964,40.39957],[-109.41062,40.39983],[-109.41094,40.40283],[-109.40251,40.40811],[-109.40384,40.41369],[-109.3978,40.41068],[-109.37579,40.4074],[-109.35608,40.39889],[-109.34606,40.39902],[-109.33947,40.41022],[-109.34116,40.42735],[-109.35196,40.43783],[-109.36946,40.46314],[-109.37145,40.49672],[-109.32872,40.50611],[-109.29522,40.50373],[-109.28953,40.50529],[-109.25532,40.50514],[-109.22096,40.51125],[-109.20988,40.50771],[-109.20214,40.50769],[-109.20215,40.51513],[-109.17386,40.51508],[-109.17415,40.53724],[-109.15845,40.53703],[-109.13962,40.522],[-109.13065,40.51751],[-109.1277,40.5178],[-109.13001,40.51437],[-109.12242,40.51402],[-109.11924,40.50953],[-109.11391,40.51003],[-109.10887,40.51607],[-109.09451,40.52042],[-109.09067,40.52423],[-109.08995,40.53126],[-109.08344,40.53585],[-109.0748,40.53928],[-109.05007,40.54037],[-109.05095,40.43739],[-109.07196,40.43764],[-109.07534,40.4424],[-109.07803,40.45238],[-109.08599,40.46271],[-109.08902,40.46023],[-109.09163,40.46546],[-109.10188,40.47157],[-109.09911,40.47945],[-109.15443,40.47951],[-109.15525,40.41423],[-109.19127,40.41408],[-109.17866,40.40383],[-109.17242,40.4022],[-109.17812,40.39875],[-109.17778,40.39482],[-109.18256,40.38509],[-109.17987,40.38401],[-109.18108,40.38195],[-109.18485,40.37967],[-109.19078,40.37954],[-109.20117,40.37401],[-109.20897,40.37296],[-109.24014,40.35946],[-109.24848,40.3503],[-109.25367,40.34735],[-109.25472,40.34344],[-109.25163,40.33627],[-109.24146,40.32793],[-109.24026,40.32353],[-109.23727,40.32178],[-109.23912,40.3201],[-109.23715,40.31705],[-109.21739,40.30885],[-109.22431,40.29895],[-109.22845,40.29733],[-109.16303,40.26419],[-109.16204,40.2616],[-109.1642,40.25599],[-109.16809,40.25366],[-109.17386,40.25685],[-109.17664,40.26091],[-109.18718,40.25922],[-109.19415,40.25364],[-109.18551,40.24777],[-109.19721,40.24119],[-109.20391,40.233],[-109.21034,40.22899],[-109.21493,40.22958],[-109.21482,40.23632],[-109.21727,40.23855],[-109.22598,40.24084],[-109.22965,40.24455],[-109.22956,40.24881],[-109.23278,40.25262],[-109.22938,40.25906],[-109.24048,40.26466],[-109.24638,40.27011],[-109.25251,40.27151],[-109.25813,40.27578],[-109.26553,40.27705],[-109.27254,40.28241],[-109.27791,40.28157],[-109.28014,40.28366],[-109.28701,40.2749],[-109.28317,40.27174],[-109.28317,40.26892],[-109.29205,40.27138],[-109.29526,40.26382],[-109.29955,40.26064],[-109.34489,40.26915],[-109.35732,40.26861],[-109.3681,40.27247],[-109.3836,40.27465],[-109.38882,40.27865],[-109.38917,40.28261],[-109.40168,40.28955],[-109.39473,40.2708],[-109.39418,40.25017],[-109.42404,40.24938],[-109.43202,40.25468],[-109.43533,40.26058],[-109.45074,40.26328],[-109.46558,40.27605],[-109.46648,40.28008],[-109.47368,40.28711],[-109.47669,40.29374],[-109.47724,40.30091],[-109.48001,40.30434],[-109.48684,40.32423],[-109.48404,40.34236],[-109.49769,40.3563],[-109.49814,40.36089]]]}},{"type":"Feature","id":"84036","properties":{"zip":"84036","pop":null,"city":"","county":"Summit","state":"Utah","area":253.38,"lat":40.6602,"lon":-111.10935},"geometry":{"type":"Polygon","coordinates":[[[-111.43734,40.68433],[-111.43664,40.68598],[-111.42756,40.68532],[-111.42342,40.68124],[-111.41219,40.68115],[-111.39717,40.69074],[-111.39674,40.69413],[-111.39289,40.69335],[-111.38756,40.6881],[-111.38083,40.69123],[-111.38087,40.6853],[-111.378,40.68365],[-111.37536,40.6853],[-111.37462,40.68151],[-111.37005,40.6843],[-111.36377,40.67491],[-111.35445,40.69357],[-111.34415,40.70282],[-111.34261,40.70325],[-111.33948,40.69565],[-111.33355,40.69034],[-111.32886,40.68753],[-111.32191,40.68825],[-111.31939,40.68968],[-111.31932,40.70004],[-111.30017,40.69844],[-111.30022,40.70575],[-111.28571,40.70573],[-111.29284,40.70919],[-111.28776,40.71031],[-111.28547,40.71371],[-111.28109,40.71567],[-111.27044,40.71713],[-111.26235,40.72331],[-111.26167,40.72746],[-111.25693,40.72743],[-111.25505,40.73067],[-111.25325,40.72864],[-111.2555,40.72731],[-111.25448,40.72235],[-111.26162,40.72013],[-111.26185,40.70592],[-111.27045,40.70587],[-111.26539,40.70278],[-111.2718,40.69609],[-111.26953,40.69432],[-111.26446,40.69861],[-111.25689,40.69858],[-111.2572,40.68764],[-111.23997,40.68115],[-111.23797,40.67954],[-111.24166,40.67905],[-111.23627,40.67444],[-111.23987,40.67449],[-111.23834,40.67284],[-111.21568,40.67235],[-111.21235,40.67057],[-111.19821,40.67423],[-111.19481,40.67904],[-111.1848,40.67713],[-111.18692,40.66747],[-111.19303,40.66094],[-111.19178,40.65753],[-111.19377,40.65473],[-111.20626,40.64916],[-111.21626,40.63862],[-111.22889,40.62968],[-111.23114,40.62536],[-111.21133,40.61689],[-111.20757,40.61816],[-111.20092,40.6277],[-111.19083,40.63152],[-111.16398,40.62754],[-111.15447,40.62345],[-111.14069,40.62291],[-111.13607,40.62104],[-111.11678,40.6026],[-111.08812,40.59429],[-111.07699,40.59539],[-111.07043,40.5921],[-111.07088,40.7714],[-111.09338,40.77139],[-111.09356,40.83049],[-111.08935,40.83089],[-111.08835,40.83273],[-111.07584,40.83336],[-111.06349,40.84449],[-111.05765,40.84319],[-111.03891,40.84766],[-111.02151,40.84373],[-111.00573,40.84434],[-110.99472,40.85029],[-110.9786,40.83922],[-110.97205,40.8369],[-110.96722,40.83807],[-110.96008,40.84567],[-110.9678,40.84774],[-110.95655,40.85299],[-110.94153,40.85552],[-110.92682,40.86261],[-110.91839,40.86006],[-110.91796,40.85746],[-110.91552,40.85817],[-110.91308,40.85131],[-110.90691,40.85674],[-110.9034,40.85705],[-110.90084,40.85296],[-110.89279,40.85267],[-110.88981,40.85465],[-110.87892,40.85451],[-110.87607,40.85611],[-110.86652,40.85255],[-110.85942,40.85583],[-110.85596,40.84844],[-110.85188,40.85373],[-110.85013,40.85398],[-110.84892,40.84862],[-110.84681,40.85041],[-110.84813,40.83856],[-110.85369,40.83067],[-110.86358,40.82527],[-110.87118,40.81699],[-110.87446,40.80886],[-110.88278,40.79827],[-110.88631,40.78631],[-110.88276,40.76236],[-110.86394,40.72764],[-110.86522,40.72312],[-110.87526,40.72832],[-110.89198,40.72712],[-110.89445,40.72357],[-110.89115,40.71993],[-110.88807,40.72027],[-110.8856,40.71529],[-110.89777,40.71336],[-110.90148,40.70738],[-110.9042,40.70641],[-110.90435,40.7015],[-110.89377,40.67975],[-110.90197,40.67816],[-110.90195,40.68219],[-110.92494,40.68106],[-110.93045,40.6847],[-110.94791,40.67452],[-110.95354,40.67729],[-110.94682,40.66849],[-110.94648,40.66505],[-110.94882,40.66133],[-110.94581,40.65611],[-110.94606,40.64818],[-110.95246,40.63543],[-110.96036,40.62629],[-110.95823,40.62749],[-110.96269,40.61681],[-110.96113,40.60744],[-110.96442,40.60264],[-110.97576,40.59314],[-110.98174,40.59126],[-111.01097,40.592],[-111.01615,40.58888],[-111.01823,40.58311],[-111.0249,40.5775],[-111.0328,40.57592],[-111.04512,40.57935],[-111.04642,40.5724],[-111.04362,40.56344],[-111.03517,40.55723],[-111.03732,40.55534],[-111.038,40.55019],[-111.029,40.54134],[-111.0392,40.54272],[-111.04015,40.53961],[-111.03325,40.53625],[-111.03177,40.53163],[-111.03993,40.53266],[-111.04525,40.53551],[-111.05631,40.53499],[-111.06406,40.53717],[-111.06686,40.5346],[-111.07167,40.53489],[-111.07522,40.53216],[-111.09356,40.53347],[-111.09089,40.52882],[-111.09269,40.52579],[-111.09385,40.5269],[-111.09288,40.52492],[-111.08927,40.52164],[-111.07532,40.51629],[-111.06355,40.51417],[-111.04753,40.51823],[-111.04754,40.51538],[-111.04395,40.51116],[-111.04616,40.5079],[-111.03783,40.49461],[-111.0351,40.4963],[-111.03515,40.48814],[-111.03211,40.48222],[-111.0386,40.48341],[-111.05179,40.47786],[-111.05539,40.47216],[-111.06557,40.46905],[-111.06819,40.46553],[-111.07545,40.46506],[-111.07503,40.47163],[-111.08564,40.47696],[-111.08435,40.49171],[-111.08287,40.49124],[-111.08476,40.4979],[-111.08305,40.49943],[-111.1042,40.50006],[-111.12832,40.48985],[-111.12229,40.49853],[-111.12624,40.50483],[-111.12753,40.50115],[-111.1322,40.50651],[-111.1343,40.50475],[-111.15187,40.50619],[-111.15512,40.504],[-111.16578,40.50837],[-111.16005,40.50188],[-111.16031,40.4966],[-111.18943,40.47105],[-111.19143,40.45606],[-111.19384,40.45296],[-111.18984,40.44575],[-111.18799,40.44658],[-111.18508,40.43613],[-111.17898,40.42872],[-111.17696,40.41532],[-111.18152,40.41169],[-111.18118,40.40932],[-111.18344,40.40741],[-111.20554,40.40951],[-111.22592,40.41757],[-111.23046,40.41483],[-111.23584,40.41967],[-111.20715,40.42069],[-111.20692,40.4282],[-111.20703,40.47409],[-111.20882,40.47717],[-111.21608,40.47953],[-111.21804,40.49801],[-111.22115,40.50368],[-111.22332,40.50546],[-111.23181,40.50131],[-111.23451,40.50436],[-111.24323,40.50769],[-111.24567,40.51349],[-111.25864,40.51379],[-111.25715,40.52199],[-111.25494,40.52188],[-111.25179,40.52697],[-111.24761,40.52902],[-111.23331,40.54399],[-111.2326,40.55092],[-111.24281,40.55303],[-111.24563,40.55687],[-111.2454,40.55229],[-111.25896,40.56135],[-111.25736,40.55804],[-111.25973,40.55621],[-111.26463,40.55826],[-111.27312,40.55465],[-111.28505,40.55592],[-111.28929,40.56068],[-111.29082,40.56623],[-111.28661,40.57158],[-111.3007,40.56785],[-111.31039,40.56952],[-111.31372,40.56364],[-111.3183,40.56243],[-111.31761,40.56594],[-111.325,40.56988],[-111.33155,40.56908],[-111.34544,40.57354],[-111.35941,40.5744],[-111.3654,40.58051],[-111.36173,40.58754],[-111.35309,40.59125],[-111.35222,40.59528],[-111.35523,40.59616],[-111.33842,40.60019],[-111.33835,40.60478],[-111.35088,40.60397],[-111.36234,40.60715],[-111.38946,40.60697],[-111.39358,40.60846],[-111.40433,40.60672],[-111.40197,40.61001],[-111.40603,40.60881],[-111.40707,40.61068],[-111.40316,40.61414],[-111.40487,40.61517],[-111.40388,40.61902],[-111.40037,40.62084],[-111.4058,40.62048],[-111.40502,40.62212],[-111.40659,40.62311],[-111.40317,40.62503],[-111.4063,40.62644],[-111.40892,40.62472],[-111.41114,40.62794],[-111.41025,40.64073],[-111.4122,40.64109],[-111.41121,40.64781],[-111.41618,40.65902],[-111.41514,40.66009],[-111.41953,40.66657],[-111.42576,40.66967],[-111.43039,40.66539],[-111.43638,40.67464],[-111.43734,40.68433]]]}},{"type":"Feature","id":"84660","properties":{"zip":"84660","pop":null,"city":"Spanish Fork","county":"Utah","state":"Utah","area":278.16,"lat":40.00734,"lon":-111.42698},"geometry":{"type":"Polygon","coordinates":[[[-111.87124,40.07884],[-111.8674,40.0844],[-111.86403,40.08564],[-111.856,40.09795],[-111.85344,40.10386],[-111.85377,40.11191],[-111.84686,40.11784],[-111.84102,40.12987],[-111.82752,40.13857],[-111.81118,40.14562],[-111.79938,40.14408],[-111.79994,40.13882],[-111.79589,40.13812],[-111.77271,40.14222],[-111.75376,40.14939],[-111.74796,40.15601],[-111.74977,40.16039],[-111.74846,40.16691],[-111.73804,40.17057],[-111.73833,40.17932],[-111.7329,40.18301],[-111.71875,40.1787],[-111.71822,40.17567],[-111.72206,40.16736],[-111.71818,40.1663],[-111.71527,40.16111],[-111.71249,40.16135],[-111.71037,40.16588],[-111.69619,40.17692],[-111.6841,40.17441],[-111.67562,40.17787],[-111.67179,40.17592],[-111.66946,40.17839],[-111.66935,40.16605],[-111.66777,40.16308],[-111.66112,40.15595],[-111.6521,40.15601],[-111.65214,40.15448],[-111.65699,40.15402],[-111.65511,40.14445],[-111.64667,40.14455],[-111.64668,40.13811],[-111.64074,40.14285],[-111.63906,40.13896],[-111.63747,40.14021],[-111.6359,40.13755],[-111.63106,40.13905],[-111.63105,40.13729],[-111.62843,40.13731],[-111.63105,40.13584],[-111.63101,40.13071],[-111.62224,40.13072],[-111.61961,40.13],[-111.62098,40.12816],[-111.61923,40.12819],[-111.61917,40.12639],[-111.61426,40.12641],[-111.59725,40.1021],[-111.59284,40.10276],[-111.59284,40.10459],[-111.58808,40.10463],[-111.588,40.09361],[-111.59122,40.09349],[-111.58947,40.08548],[-111.58616,40.08138],[-111.58158,40.09558],[-111.58324,40.09811],[-111.5825,40.09931],[-111.58218,40.09941],[-111.58132,40.09908],[-111.58098,40.09946],[-111.58095,40.10155],[-111.57973,40.10412],[-111.58113,40.10545],[-111.58206,40.107],[-111.58196,40.10738],[-111.57859,40.11016],[-111.58191,40.10687],[-111.57971,40.10423],[-111.57957,40.10365],[-111.58093,40.09926],[-111.58319,40.09807],[-111.58202,40.0968],[-111.57034,40.10096],[-111.56964,40.09882],[-111.55582,40.11935],[-111.5535,40.12825],[-111.55689,40.12803],[-111.55635,40.13058],[-111.52787,40.13174],[-111.52109,40.13691],[-111.51702,40.13682],[-111.49792,40.12994],[-111.49236,40.1296],[-111.48584,40.1239],[-111.48305,40.11773],[-111.48023,40.11732],[-111.47,40.12241],[-111.46564,40.12148],[-111.4569,40.13565],[-111.44788,40.13848],[-111.44641,40.14608],[-111.41842,40.16749],[-111.41126,40.1569],[-111.41335,40.14838],[-111.41059,40.14599],[-111.40638,40.14865],[-111.39964,40.14562],[-111.40263,40.14305],[-111.40122,40.14097],[-111.40383,40.13989],[-111.39552,40.13596],[-111.39329,40.13253],[-111.39167,40.12953],[-111.39435,40.12793],[-111.39451,40.12364],[-111.38977,40.12513],[-111.38776,40.11233],[-111.38282,40.11484],[-111.38174,40.1194],[-111.37942,40.11611],[-111.3797,40.10811],[-111.38741,40.10036],[-111.39217,40.07306],[-111.39027,40.06435],[-111.38539,40.05883],[-111.38458,40.06296],[-111.37718,40.05921],[-111.37939,40.05192],[-111.38428,40.04576],[-111.38204,40.04199],[-111.38277,40.03889],[-111.39287,40.04233],[-111.40322,40.0408],[-111.4004,40.03708],[-111.39998,40.03216],[-111.40444,40.02825],[-111.40389,40.02592],[-111.39825,40.02089],[-111.40392,40.01108],[-111.4153,40.00548],[-111.43019,40.00305],[-111.43297,40.00133],[-111.43239,39.996],[-111.40583,39.99679],[-111.39518,39.99184],[-111.3705,39.98926],[-111.34052,39.97466],[-111.32972,39.9834],[-111.30286,39.99337],[-111.29804,39.99824],[-111.29061,40.00129],[-111.28972,40.00562],[-111.28435,40.00854],[-111.27697,40.01103],[-111.27201,40.00861],[-111.26762,40.00893],[-111.26032,40.01521],[-111.24878,40.02021],[-111.24647,40.02322],[-111.24704,40.02563],[-111.24406,40.02571],[-111.23935,40.0317],[-111.24144,40.03348],[-111.23881,40.03497],[-111.23798,40.03857],[-111.2267,40.03569],[-111.22346,40.0401],[-111.21372,40.04285],[-111.20383,40.0493],[-111.20391,40.04614],[-111.19899,40.04004],[-111.20031,40.03719],[-111.19771,40.03118],[-111.19186,40.03014],[-111.18959,40.02308],[-111.18608,40.01966],[-111.17691,40.01603],[-111.17155,40.01058],[-111.16801,40.00344],[-111.16987,40.00021],[-111.16766,39.99059],[-111.16014,39.99197],[-111.1522,39.98506],[-111.14305,39.98699],[-111.13399,39.97919],[-111.13513,39.97626],[-111.13001,39.97286],[-111.12935,39.97037],[-111.11927,39.96816],[-111.11821,39.96142],[-111.12089,39.95971],[-111.12022,39.95708],[-111.12922,39.95147],[-111.1313,39.9474],[-111.11906,39.94496],[-111.11842,39.94348],[-111.08306,39.9432],[-111.08245,39.90015],[-111.01626,39.89972],[-111.02833,39.8941],[-111.05008,39.88841],[-111.04874,39.88362],[-111.03153,39.86051],[-111.08837,39.85642],[-111.10475,39.85888],[-111.11595,39.86428],[-111.12179,39.86342],[-111.12706,39.85357],[-111.13085,39.83485],[-111.13922,39.83002],[-111.13496,39.82212],[-111.13523,39.81299],[-111.20798,39.81303],[-111.20642,39.8143],[-111.21153,39.81473],[-111.20353,39.81883],[-111.18788,39.83419],[-111.18908,39.84129],[-111.18385,39.85123],[-111.18889,39.86712],[-111.19199,39.86912],[-111.19128,39.87087],[-111.19627,39.87699],[-111.20231,39.89343],[-111.20676,39.89912],[-111.20243,39.90296],[-111.2071,39.91215],[-111.20811,39.92621],[-111.1993,39.93573],[-111.20938,39.9352],[-111.222,39.92733],[-111.22795,39.92683],[-111.22422,39.926],[-111.2247,39.92437],[-111.2321,39.92388],[-111.23565,39.92176],[-111.24141,39.90475],[-111.24542,39.90144],[-111.25059,39.89081],[-111.25776,39.889],[-111.26547,39.88092],[-111.28492,39.8672],[-111.28628,39.86431],[-111.28445,39.86393],[-111.28906,39.85786],[-111.2948,39.85889],[-111.30772,39.85544],[-111.31669,39.85818],[-111.3248,39.8558],[-111.3261,39.85882],[-111.34092,39.87206],[-111.34899,39.87418],[-111.35562,39.87145],[-111.35648,39.86917],[-111.36674,39.86707],[-111.37363,39.8622],[-111.36829,39.85976],[-111.36988,39.8581],[-111.39566,39.86594],[-111.40516,39.87284],[-111.40542,39.87666],[-111.39831,39.88431],[-111.39546,39.89351],[-111.39912,39.89465],[-111.40062,39.89772],[-111.39689,39.90565],[-111.40014,39.91222],[-111.39824,39.9173],[-111.40222,39.92787],[-111.40823,39.93002],[-111.40933,39.93411],[-111.4157,39.93674],[-111.41781,39.94087],[-111.43456,39.94841],[-111.43626,39.95318],[-111.45653,39.95795],[-111.45633,39.9641],[-111.47277,39.98115],[-111.47616,39.98876],[-111.47986,39.99016],[-111.48161,39.99347],[-111.48559,39.99511],[-111.49818,39.99176],[-111.50224,39.98406],[-111.50368,39.97585],[-111.5104,39.96734],[-111.52044,39.96502],[-111.51781,39.96668],[-111.51709,39.97002],[-111.5256,39.97282],[-111.53138,39.97241],[-111.54137,39.97866],[-111.54791,39.97695],[-111.5752,39.97935],[-111.58836,39.97646],[-111.59049,39.97733],[-111.5888,39.97998],[-111.59174,39.98285],[-111.58337,39.98039],[-111.58677,39.98493],[-111.59638,39.98611],[-111.59366,39.98844],[-111.60027,39.98937],[-111.60049,39.99415],[-111.60125,39.9916],[-111.6034,39.99395],[-111.60527,39.98951],[-111.61017,39.98992],[-111.61373,39.9868],[-111.61632,39.9775],[-111.62283,39.97798],[-111.62664,39.97317],[-111.63991,39.9761],[-111.65628,39.98387],[-111.6568,39.99854],[-111.65348,39.9986],[-111.65343,39.99533],[-111.64647,39.99536],[-111.64658,40.00263],[-111.63984,40.01157],[-111.63472,40.01299],[-111.63496,40.04189],[-111.62886,40.05008],[-111.63076,40.05583],[-111.61612,40.07153],[-111.61978,40.07152],[-111.622,40.06832],[-111.62981,40.067],[-111.63151,40.06076],[-111.63518,40.05797],[-111.63527,40.07135],[-111.63989,40.0713],[-111.6399,40.06405],[-111.6518,40.06378],[-111.6543,40.06748],[-111.65923,40.0699],[-111.65431,40.07112],[-111.65439,40.07297],[-111.65667,40.07296],[-111.65626,40.07576],[-111.66345,40.07296],[-111.66481,40.08297],[-111.67738,40.08209],[-111.68343,40.08536],[-111.70231,40.08536],[-111.71946,40.06915],[-111.72119,40.07063],[-111.73371,40.07075],[-111.73587,40.06848],[-111.73584,40.08104],[-111.7503,40.08248],[-111.7551,40.08381],[-111.75513,40.08605],[-111.77016,40.08605],[-111.77027,40.09085],[-111.77462,40.09295],[-111.7759,40.09784],[-111.80296,40.09958],[-111.8005,40.08746],[-111.80762,40.08624],[-111.81512,40.07419],[-111.82894,40.07006],[-111.82753,40.06715],[-111.8298,40.05177],[-111.82878,40.04141],[-111.82511,40.03915],[-111.82496,40.03328],[-111.84352,40.03278],[-111.84348,40.03485],[-111.853,40.04002],[-111.85295,40.05478],[-111.86889,40.05446],[-111.86755,40.05749],[-111.8622,40.06104],[-111.8621,40.06431],[-111.85625,40.07349],[-111.86748,40.07886],[-111.87043,40.07735],[-111.87124,40.07884]]]}},{"type":"Feature","id":"84712","properties":{"zip":"84712","pop":null,"city":"Antimony","county":"Piute","state":"Utah","area":125.81,"lat":38.14062,"lon":-111.97786},"geometry":{"type":"Polygon","coordinates":[[[-112.22564,38.16631],[-112.21957,38.16851],[-112.21885,38.17491],[-112.20994,38.18101],[-112.2097,38.1863],[-112.20574,38.19372],[-112.14211,38.19324],[-112.13849,38.19543],[-112.13246,38.19235],[-112.12858,38.19275],[-112.12426,38.19753],[-112.09037,38.18772],[-112.0803,38.18189],[-112.07844,38.17899],[-112.06747,38.1766],[-112.05459,38.16849],[-112.04512,38.16911],[-112.03199,38.16495],[-112.02192,38.16749],[-112.02609,38.16906],[-112.0267,38.17284],[-112.01649,38.18009],[-112.00045,38.20943],[-111.99578,38.20776],[-111.98957,38.21143],[-111.99091,38.21765],[-111.98904,38.21943],[-111.98539,38.23914],[-111.98579,38.27359],[-111.97503,38.29323],[-111.95544,38.29348],[-111.95193,38.29537],[-111.95451,38.30239],[-111.95428,38.30792],[-111.95213,38.30814],[-111.95408,38.31032],[-111.95194,38.31255],[-111.95548,38.31797],[-111.95367,38.32442],[-111.95116,38.32563],[-111.93759,38.32144],[-111.92047,38.32384],[-111.91685,38.32693],[-111.90554,38.33066],[-111.89198,38.32877],[-111.89051,38.33167],[-111.88345,38.33377],[-111.86497,38.32426],[-111.86591,38.3213],[-111.869,38.31965],[-111.88779,38.31837],[-111.89564,38.30604],[-111.89121,38.30402],[-111.885,38.29023],[-111.88071,38.28712],[-111.87337,38.28925],[-111.8551,38.28437],[-111.85715,38.27289],[-111.86624,38.26358],[-111.86964,38.2537],[-111.87361,38.25027],[-111.8737,38.2361],[-111.87643,38.22955],[-111.88563,38.23886],[-111.88983,38.24012],[-111.89445,38.23282],[-111.90018,38.22817],[-111.89211,38.21181],[-111.88549,38.21053],[-111.88539,38.21334],[-111.8755,38.20624],[-111.86886,38.20941],[-111.86551,38.20824],[-111.8629,38.20452],[-111.86198,38.19785],[-111.87036,38.19318],[-111.87812,38.19385],[-111.88076,38.19217],[-111.89175,38.18021],[-111.89353,38.17008],[-111.89744,38.16338],[-111.91131,38.16072],[-111.91209,38.16187],[-111.91327,38.1589],[-111.92755,38.15108],[-111.95145,38.15108],[-111.95135,38.14598],[-111.96739,38.14598],[-111.96054,38.10292],[-111.94018,38.10221],[-111.94021,38.0923],[-111.93812,38.09125],[-111.92679,38.09595],[-111.92116,38.09575],[-111.93785,38.08869],[-111.94021,38.08719],[-111.94021,38.08405],[-111.95748,38.08482],[-111.95614,38.07688],[-111.94961,38.07364],[-111.93821,38.07499],[-111.9218,38.06842],[-111.91352,38.06895],[-111.90592,38.06467],[-111.90302,38.06636],[-111.89647,38.06461],[-111.88411,38.05612],[-111.87589,38.05553],[-111.87394,38.05055],[-111.87488,38.0423],[-111.8795,38.03911],[-111.88733,38.03783],[-111.88999,38.04421],[-111.89792,38.04389],[-111.89822,38.03385],[-111.90199,38.03419],[-111.90509,38.0306],[-111.90645,38.0274],[-111.90279,38.02229],[-111.90737,38.0221],[-111.90888,38.01674],[-111.91181,38.0155],[-111.90699,38.00971],[-111.90547,37.99191],[-111.90738,37.99114],[-111.90864,37.98378],[-111.90606,37.97922],[-111.90799,37.97625],[-111.90579,37.97439],[-111.90816,37.97266],[-111.90818,37.96938],[-111.91433,37.96999],[-111.91677,37.96691],[-111.91699,37.96958],[-111.92158,37.97222],[-111.9231,37.96939],[-111.92696,37.97257],[-111.92853,37.97161],[-111.92758,37.96842],[-111.93175,37.95831],[-111.9321,37.95185],[-111.94295,37.93313],[-111.94222,37.92222],[-111.94716,37.90946],[-111.94615,37.90333],[-111.94861,37.90021],[-111.95539,37.90422],[-111.96008,37.90262],[-111.96221,37.90503],[-111.96107,37.90719],[-111.96293,37.90784],[-111.97769,37.90189],[-111.98033,37.89906],[-111.98083,37.88856],[-112.00289,37.88833],[-112.00304,37.94014],[-111.97195,37.98886],[-111.98311,37.9866],[-111.98817,37.98222],[-111.98777,37.99052],[-111.97956,38.00143],[-111.97704,38.01187],[-111.96582,38.01141],[-111.96169,38.01584],[-111.96121,38.02044],[-111.9682,38.02731],[-111.97371,38.02815],[-111.97678,38.03103],[-111.97717,38.04259],[-111.96895,38.04661],[-111.96972,38.04931],[-111.9734,38.05385],[-111.97959,38.05007],[-111.98539,38.05089],[-111.98925,38.05578],[-111.98944,38.05935],[-111.97919,38.06523],[-111.97953,38.07035],[-111.9837,38.07343],[-112.00358,38.07329],[-112.00489,38.1108],[-112.01158,38.11687],[-112.01033,38.1271],[-112.0139,38.13037],[-112.01456,38.13889],[-112.01928,38.14579],[-112.06092,38.14556],[-112.06093,38.14928],[-112.21626,38.1499],[-112.22403,38.16477],[-112.22752,38.16477],[-112.22564,38.16631]]]}},{"type":"Feature","id":"84039","properties":{"zip":"84039","pop":null,"city":"","county":"Uintah","state":"Utah","area":67.59,"lat":40.44608,"lon":-109.80966},"geometry":{"type":"Polygon","coordinates":[[[-109.93828,40.45199],[-109.93381,40.45877],[-109.93136,40.45336],[-109.92783,40.46786],[-109.89742,40.46927],[-109.89735,40.43295],[-109.87431,40.43276],[-109.87314,40.42897],[-109.86816,40.42563],[-109.85981,40.42547],[-109.85969,40.41093],[-109.84074,40.41098],[-109.84062,40.43291],[-109.81685,40.43271],[-109.81679,40.44722],[-109.81241,40.44722],[-109.81061,40.45002],[-109.81608,40.45494],[-109.8125,40.46352],[-109.81453,40.46666],[-109.82399,40.47143],[-109.82641,40.46867],[-109.83032,40.468],[-109.83321,40.46966],[-109.83467,40.47608],[-109.84109,40.47302],[-109.84355,40.47588],[-109.85023,40.47646],[-109.85063,40.48516],[-109.85824,40.49305],[-109.85511,40.49519],[-109.85358,40.50617],[-109.84412,40.50737],[-109.84522,40.51275],[-109.83884,40.51608],[-109.83548,40.53476],[-109.82903,40.5348],[-109.8273,40.53682],[-109.84479,40.54009],[-109.84475,40.56988],[-109.83753,40.57036],[-109.82682,40.56115],[-109.82125,40.559],[-109.81435,40.55236],[-109.80447,40.53689],[-109.80015,40.53333],[-109.78775,40.52992],[-109.78681,40.54041],[-109.78066,40.53984],[-109.77801,40.54359],[-109.77751,40.54688],[-109.78008,40.5497],[-109.77902,40.55128],[-109.76063,40.55189],[-109.76176,40.55562],[-109.7579,40.55662],[-109.76267,40.56542],[-109.75913,40.56803],[-109.75141,40.56989],[-109.73574,40.5601],[-109.73168,40.55552],[-109.72775,40.55405],[-109.72339,40.55568],[-109.7214,40.55241],[-109.71749,40.55171],[-109.71317,40.54794],[-109.71107,40.53917],[-109.71404,40.53614],[-109.7334,40.53148],[-109.74537,40.52414],[-109.74422,40.52328],[-109.7486,40.51901],[-109.75756,40.51245],[-109.75757,40.5102],[-109.77093,40.50262],[-109.72861,40.49873],[-109.74033,40.47579],[-109.75558,40.46259],[-109.75369,40.4551],[-109.7681,40.42069],[-109.76637,40.41334],[-109.77594,40.40424],[-109.76932,40.40203],[-109.76431,40.40937],[-109.76328,40.41518],[-109.76109,40.41623],[-109.71032,40.4102],[-109.71212,40.40998],[-109.71444,40.40557],[-109.71505,40.39754],[-109.71358,40.39758],[-109.7503,40.37759],[-109.75918,40.37653],[-109.76057,40.37533],[-109.75778,40.37627],[-109.75968,40.37293],[-109.75605,40.36325],[-109.7624,40.34696],[-109.76017,40.34457],[-109.76469,40.34188],[-109.76812,40.3436],[-109.77479,40.34318],[-109.77881,40.3376],[-109.78541,40.33813],[-109.79008,40.34175],[-109.78968,40.34905],[-109.79749,40.35371],[-109.81015,40.35141],[-109.80598,40.34303],[-109.80819,40.33972],[-109.8217,40.33817],[-109.81932,40.35252],[-109.82317,40.35682],[-109.82029,40.36023],[-109.82489,40.36016],[-109.83922,40.34863],[-109.84054,40.33095],[-109.84948,40.33093],[-109.85514,40.32527],[-109.85692,40.32773],[-109.8553,40.32781],[-109.85708,40.32983],[-109.85544,40.33058],[-109.85649,40.33875],[-109.86142,40.3486],[-109.86181,40.35193],[-109.85968,40.35485],[-109.86324,40.35686],[-109.86088,40.35851],[-109.86158,40.36037],[-109.85851,40.36148],[-109.85969,40.36467],[-109.85821,40.36584],[-109.86279,40.37223],[-109.86096,40.3788],[-109.85917,40.37897],[-109.86124,40.38247],[-109.85884,40.38711],[-109.86142,40.39115],[-109.87581,40.40375],[-109.93533,40.40385],[-109.93535,40.43286],[-109.92876,40.43284],[-109.93828,40.45199]]]}},{"type":"Feature","id":"84721","properties":{"zip":"84721","pop":null,"city":"Cedar City","county":"Iron","state":"Utah","area":148.33,"lat":37.77014,"lon":-113.13296},"geometry":{"type":"Polygon","coordinates":[[[-113.4364,38.00303],[-113.40742,38.02716],[-113.38101,38.02722],[-113.38107,38.01096],[-113.37554,38.00945],[-113.37361,38.00104],[-113.37997,37.99002],[-113.37873,37.98348],[-113.38939,37.98347],[-113.3667,37.97088],[-113.36851,37.96844],[-113.37363,37.97143],[-113.3907,37.95427],[-113.35624,37.95363],[-113.35232,37.95302],[-113.34787,37.94793],[-113.34552,37.9448],[-113.34541,37.94026],[-113.34572,37.90966],[-113.34731,37.90693],[-113.32452,37.89104],[-113.33362,37.88393],[-113.29296,37.83413],[-113.29162,37.83075],[-113.29866,37.8275],[-113.25402,37.77014],[-113.24872,37.77332],[-113.23904,37.75655],[-113.23407,37.75397],[-113.22846,37.75943],[-113.22094,37.7587],[-113.22186,37.74927],[-113.22389,37.74704],[-113.20552,37.7347],[-113.20927,37.739],[-113.20874,37.74143],[-113.19327,37.75342],[-113.19534,37.75658],[-113.19414,37.76064],[-113.19095,37.76222],[-113.19108,37.76047],[-113.17674,37.75239],[-113.17682,37.75426],[-113.17056,37.75814],[-113.17032,37.76543],[-113.16797,37.76679],[-113.15561,37.76546],[-113.15935,37.76981],[-113.16074,37.76863],[-113.16898,37.78657],[-113.1819,37.7901],[-113.17725,37.79794],[-113.17849,37.80253],[-113.16701,37.80241],[-113.17265,37.80512],[-113.16877,37.8107],[-113.16862,37.81854],[-113.16396,37.82657],[-113.16135,37.83754],[-113.15964,37.83863],[-113.14769,37.82319],[-113.07809,37.82434],[-113.07864,37.84419],[-113.07657,37.84716],[-113.07945,37.85802],[-113.07855,37.86031],[-113.08244,37.86459],[-113.08302,37.8744],[-113.06861,37.88515],[-113.06846,37.89829],[-113.03152,37.90364],[-113.00195,37.91019],[-113.01525,37.8941],[-113.03103,37.88647],[-113.03163,37.85719],[-113.02876,37.85649],[-113.02742,37.85371],[-113.01952,37.85435],[-113.01422,37.85129],[-113.01735,37.83859],[-113.03176,37.82863],[-113.03537,37.83187],[-113.0396,37.83217],[-113.03853,37.84376],[-113.04001,37.84592],[-113.04994,37.83562],[-113.05047,37.80939],[-113.03508,37.8095],[-113.03809,37.80684],[-113.04294,37.79476],[-113.04609,37.7949],[-113.04599,37.783],[-113.04138,37.78301],[-113.04143,37.77201],[-113.03219,37.77205],[-113.03259,37.77876],[-113.03021,37.77794],[-113.0302,37.7803],[-113.0276,37.78029],[-113.02757,37.78292],[-113.03215,37.78293],[-113.03207,37.78837],[-113.0283,37.78978],[-113.02433,37.78578],[-113.01377,37.78384],[-113.01381,37.77657],[-113.00692,37.77657],[-113.00693,37.77311],[-112.9998,37.7723],[-112.96304,37.79261],[-112.96024,37.77979],[-112.96097,37.77243],[-112.95839,37.76702],[-112.94362,37.76093],[-112.93788,37.75193],[-112.93591,37.73929],[-112.93114,37.73715],[-112.93357,37.72678],[-112.93242,37.72358],[-112.92916,37.72166],[-112.93313,37.7158],[-112.93071,37.71437],[-112.92808,37.70636],[-112.92893,37.7017],[-112.92686,37.69996],[-112.93031,37.68741],[-112.92767,37.68411],[-112.92551,37.6851],[-112.92961,37.67962],[-112.92867,37.67802],[-112.93714,37.67218],[-112.93943,37.66693],[-112.94647,37.66353],[-112.94966,37.65902],[-112.95406,37.65642],[-112.96153,37.6602],[-112.96462,37.65931],[-112.96713,37.65481],[-112.97367,37.64952],[-112.98851,37.65421],[-112.99963,37.66471],[-113.00908,37.66681],[-113.01726,37.67322],[-113.03033,37.6741],[-113.04106,37.67169],[-113.054,37.67739],[-113.0582,37.68186],[-113.07618,37.68091],[-113.07737,37.68436],[-113.07733,37.68091],[-113.08288,37.68088],[-113.09779,37.68482],[-113.14302,37.68505],[-113.15242,37.69234],[-113.12938,37.69236],[-113.12937,37.69967],[-113.13393,37.6997],[-113.13644,37.70651],[-113.13725,37.70385],[-113.14315,37.70387],[-113.14319,37.70655],[-113.15208,37.7065],[-113.15208,37.71016],[-113.17033,37.71035],[-113.17263,37.70872],[-113.16596,37.70318],[-113.16597,37.68801],[-113.16186,37.68482],[-113.17976,37.67632],[-113.17969,37.6883],[-113.16709,37.68877],[-113.17184,37.692],[-113.19929,37.69181],[-113.20789,37.68165],[-113.21671,37.67764],[-113.21644,37.65867],[-113.23038,37.65194],[-113.23978,37.65939],[-113.24721,37.65779],[-113.24868,37.66051],[-113.26493,37.6586],[-113.26529,37.64489],[-113.30547,37.63231],[-113.30753,37.63457],[-113.30751,37.64025],[-113.31907,37.64561],[-113.32399,37.65529],[-113.32912,37.65915],[-113.33321,37.65897],[-113.33585,37.65434],[-113.33545,37.65575],[-113.33042,37.66379],[-113.30085,37.67832],[-113.29388,37.68688],[-113.29335,37.69303],[-113.24696,37.70395],[-113.24845,37.70843],[-113.24572,37.71345],[-113.23541,37.71041],[-113.22532,37.71511],[-113.22049,37.72238],[-113.22086,37.72516],[-113.21721,37.72778],[-113.21262,37.73565],[-113.24238,37.75279],[-113.28365,37.79467],[-113.29935,37.79451],[-113.3067,37.818],[-113.31363,37.82318],[-113.31811,37.82337],[-113.32529,37.82942],[-113.32557,37.83874],[-113.32916,37.84134],[-113.32678,37.84605],[-113.32645,37.85481],[-113.33267,37.86171],[-113.33144,37.86687],[-113.32952,37.86709],[-113.39766,37.95428],[-113.4066,37.95445],[-113.42132,37.96832],[-113.43634,37.97792],[-113.4364,38.00303]]]}},{"type":"Feature","id":"84729","properties":{"zip":"84729","pop":null,"city":"Glendale","county":"Kane","state":"Utah","area":62.06,"lat":37.3585,"lon":-112.61526},"geometry":{"type":"Polygon","coordinates":[[[-112.71858,37.38459],[-112.71248,37.40192],[-112.71679,37.4109],[-112.71356,37.41958],[-112.71075,37.42219],[-112.70843,37.42288],[-112.70635,37.4207],[-112.70792,37.41614],[-112.70519,37.4162],[-112.68663,37.42896],[-112.67771,37.43253],[-112.66434,37.43358],[-112.64951,37.43937],[-112.64675,37.43876],[-112.64593,37.43313],[-112.63921,37.4305],[-112.63312,37.41983],[-112.61181,37.40791],[-112.60306,37.39905],[-112.59835,37.39905],[-112.59854,37.40266],[-112.59415,37.40267],[-112.59392,37.39902],[-112.55773,37.39869],[-112.5575,37.39515],[-112.55562,37.40236],[-112.55075,37.40378],[-112.55072,37.4022],[-112.53064,37.39527],[-112.52649,37.3907],[-112.52955,37.37582],[-112.5272,37.36952],[-112.54551,37.36959],[-112.54716,37.3664],[-112.54062,37.36468],[-112.53914,37.35789],[-112.53281,37.35851],[-112.52602,37.35565],[-112.52276,37.34802],[-112.51431,37.34447],[-112.50864,37.33888],[-112.50614,37.32879],[-112.5114,37.31936],[-112.51232,37.31166],[-112.49947,37.30603],[-112.50089,37.29476],[-112.50261,37.29187],[-112.50666,37.2918],[-112.51312,37.2878],[-112.51645,37.28825],[-112.52993,37.29836],[-112.53992,37.29893],[-112.54944,37.30288],[-112.55594,37.30954],[-112.56252,37.30421],[-112.57841,37.30419],[-112.58167,37.29556],[-112.58982,37.28415],[-112.59333,37.28619],[-112.6039,37.28595],[-112.61283,37.29246],[-112.61673,37.29249],[-112.61671,37.29414],[-112.62115,37.29054],[-112.62641,37.29016],[-112.63384,37.29651],[-112.63493,37.30791],[-112.63925,37.31964],[-112.64297,37.32232],[-112.64855,37.33147],[-112.64901,37.32511],[-112.65084,37.32353],[-112.65703,37.33465],[-112.65931,37.33574],[-112.65604,37.32123],[-112.65722,37.31852],[-112.66233,37.31751],[-112.66038,37.31215],[-112.66309,37.31172],[-112.66909,37.31941],[-112.67085,37.31683],[-112.6687,37.30449],[-112.66569,37.29947],[-112.6688,37.29886],[-112.67443,37.30389],[-112.68625,37.30004],[-112.67782,37.31054],[-112.67628,37.32189],[-112.66906,37.3264],[-112.67053,37.32756],[-112.67003,37.33093],[-112.6743,37.33025],[-112.67659,37.34479],[-112.67199,37.35112],[-112.67634,37.3491],[-112.67806,37.35224],[-112.68145,37.34722],[-112.68247,37.34172],[-112.67895,37.33462],[-112.67776,37.32637],[-112.68135,37.31912],[-112.68706,37.31567],[-112.68706,37.32125],[-112.69501,37.33104],[-112.7027,37.34603],[-112.70575,37.34665],[-112.70941,37.35987],[-112.71377,37.36227],[-112.71368,37.36593],[-112.71213,37.36631],[-112.71301,37.37417],[-112.71599,37.37482],[-112.71858,37.38459]]]}},{"type":"Feature","id":"84734","properties":{"zip":"84734","pop":null,"city":"","county":"Wayne","state":"Utah","area":353.18,"lat":38.36356,"lon":-110.56583},"geometry":{"type":"Polygon","coordinates":[[[-110.92538,38.49998],[-110.61546,38.49998],[-110.6239,38.49333],[-110.63274,38.4789],[-110.65637,38.45427],[-110.64961,38.45031],[-110.66671,38.4362],[-110.67767,38.43349],[-110.68586,38.425],[-110.67492,38.42],[-110.6749,38.41053],[-110.663,38.41066],[-110.66378,38.4074],[-110.6696,38.40298],[-110.66617,38.39928],[-110.66081,38.39768],[-110.65016,38.41774],[-110.63203,38.43917],[-110.63107,38.44341],[-110.62406,38.44469],[-110.6199,38.44316],[-110.60813,38.4322],[-110.5675,38.41078],[-110.58349,38.41076],[-110.58343,38.39563],[-110.565,38.39562],[-110.5651,38.41078],[-110.54677,38.41079],[-110.54677,38.42529],[-110.54885,38.42528],[-110.52347,38.47108],[-110.49547,38.49998],[-110.41904,38.49998],[-110.41907,38.49775],[-110.41215,38.49775],[-110.41058,38.49461],[-110.41192,38.48574],[-110.41548,38.495],[-110.42186,38.49378],[-110.43958,38.48803],[-110.44743,38.47569],[-110.44432,38.43717],[-110.44797,38.41516],[-110.44638,38.41252],[-110.43659,38.41256],[-110.43659,38.41644],[-110.43454,38.4183],[-110.41593,38.42955],[-110.41366,38.44044],[-110.41394,38.42699],[-110.39497,38.42674],[-110.39286,38.42355],[-110.39299,38.41901],[-110.38924,38.4158],[-110.37367,38.4099],[-110.35961,38.4154],[-110.35956,38.41251],[-110.36381,38.41251],[-110.36379,38.39797],[-110.35113,38.39716],[-110.35492,38.38918],[-110.34957,38.38394],[-110.35662,38.37575],[-110.35545,38.3727],[-110.35783,38.36733],[-110.35507,38.36325],[-110.35836,38.35906],[-110.35861,38.35165],[-110.35519,38.34965],[-110.35352,38.34314],[-110.3454,38.3358],[-110.34539,38.34009],[-110.32772,38.34005],[-110.32081,38.35652],[-110.31752,38.35863],[-110.29702,38.38859],[-110.28873,38.4038],[-110.2882,38.41193],[-110.27707,38.41498],[-110.27026,38.41924],[-110.26664,38.42406],[-110.26606,38.43954],[-110.25702,38.43291],[-110.25309,38.42736],[-110.2458,38.4338],[-110.24166,38.44239],[-110.24264,38.44757],[-110.247,38.4501],[-110.2529,38.45765],[-110.25516,38.46532],[-110.23879,38.47393],[-110.22889,38.48442],[-110.2078,38.49548],[-110.20407,38.49136],[-110.20265,38.48601],[-110.20529,38.47836],[-110.20098,38.47596],[-110.19991,38.47037],[-110.2078,38.47035],[-110.20788,38.46309],[-110.2164,38.46315],[-110.21614,38.44855],[-110.23501,38.44852],[-110.23521,38.4125],[-110.21678,38.41249],[-110.21649,38.43743],[-110.21021,38.42997],[-110.19875,38.42186],[-110.19874,38.41249],[-110.1803,38.41248],[-110.18031,38.41716],[-110.16497,38.42502],[-110.15047,38.41737],[-110.14542,38.41232],[-110.14472,38.3689],[-110.16321,38.3689],[-110.16323,38.32435],[-110.15989,38.3212],[-110.15878,38.31002],[-110.15349,38.30471],[-110.15345,38.2862],[-110.15773,38.28264],[-110.16234,38.26931],[-110.1779,38.25628],[-110.18161,38.25619],[-110.18161,38.25299],[-110.1985,38.253],[-110.19849,38.25067],[-110.20165,38.25065],[-110.20705,38.25279],[-110.21372,38.25152],[-110.21684,38.25299],[-110.23466,38.25298],[-110.25407,38.25802],[-110.28037,38.27345],[-110.29394,38.27681],[-110.2904,38.28205],[-110.27197,38.282],[-110.27199,38.29648],[-110.28901,38.29703],[-110.29733,38.29391],[-110.30666,38.30043],[-110.31746,38.30456],[-110.3391,38.30143],[-110.34247,38.30365],[-110.35353,38.29857],[-110.36244,38.2968],[-110.37277,38.30004],[-110.38299,38.30972],[-110.39352,38.3162],[-110.4028,38.32026],[-110.4163,38.31981],[-110.41867,38.32313],[-110.43767,38.32306],[-110.43591,38.32536],[-110.43718,38.32544],[-110.47397,38.32545],[-110.47399,38.3186],[-110.49113,38.316],[-110.51202,38.30632],[-110.5142,38.30732],[-110.51441,38.30546],[-110.52227,38.30327],[-110.52958,38.30417],[-110.5348,38.30185],[-110.5352,38.30973],[-110.52862,38.3127],[-110.53108,38.31705],[-110.53777,38.32065],[-110.53586,38.32623],[-110.53169,38.32869],[-110.53713,38.33402],[-110.54368,38.33245],[-110.54692,38.33292],[-110.54689,38.33772],[-110.56506,38.33774],[-110.56539,38.32541],[-110.58009,38.32811],[-110.58171,38.33],[-110.58943,38.32925],[-110.59955,38.33611],[-110.61739,38.32399],[-110.62081,38.30332],[-110.6247,38.30264],[-110.62824,38.29716],[-110.6346,38.29407],[-110.64116,38.29631],[-110.64579,38.29429],[-110.65783,38.29396],[-110.66103,38.29427],[-110.66975,38.30318],[-110.67578,38.32315],[-110.68879,38.32318],[-110.70059,38.33299],[-110.70127,38.31911],[-110.70968,38.31266],[-110.70856,38.30677],[-110.71475,38.29422],[-110.73171,38.29429],[-110.73191,38.27976],[-110.72095,38.2795],[-110.7177,38.27558],[-110.7188,38.27321],[-110.71084,38.22085],[-110.70288,38.21488],[-110.68975,38.21421],[-110.68717,38.21641],[-110.6875,38.21208],[-110.69477,38.20267],[-110.71518,38.1817],[-110.73945,38.17198],[-110.73996,38.16629],[-110.75009,38.16632],[-110.75026,38.15183],[-110.86263,38.15202],[-110.86171,38.16794],[-110.87162,38.17869],[-110.87198,38.18221],[-110.8624,38.19381],[-110.85769,38.19631],[-110.85581,38.21002],[-110.857,38.21384],[-110.81184,38.22642],[-110.82689,38.25136],[-110.82682,38.26754],[-110.81513,38.26925],[-110.79849,38.26566],[-110.79853,38.27706],[-110.7949,38.27771],[-110.79106,38.28724],[-110.79203,38.29389],[-110.78935,38.29898],[-110.7916,38.30905],[-110.78718,38.30902],[-110.78694,38.33826],[-110.76847,38.33815],[-110.76851,38.32883],[-110.7672,38.33176],[-110.75821,38.3349],[-110.74494,38.33599],[-110.74437,38.33807],[-110.73084,38.33803],[-110.72252,38.34531],[-110.72642,38.3453],[-110.7264,38.34895],[-110.72176,38.34897],[-110.7214,38.3671],[-110.73788,38.36632],[-110.74483,38.36727],[-110.74487,38.36908],[-110.75235,38.37093],[-110.75857,38.36956],[-110.76978,38.37112],[-110.77454,38.36354],[-110.77862,38.3637],[-110.77589,38.36674],[-110.77808,38.36736],[-110.78876,38.358],[-110.794,38.36351],[-110.81438,38.36242],[-110.81977,38.3656],[-110.82366,38.36527],[-110.82366,38.36865],[-110.83015,38.36932],[-110.84906,38.36933],[-110.87057,38.36029],[-110.87624,38.36028],[-110.87997,38.36499],[-110.89221,38.36698],[-110.89981,38.37692],[-110.89964,38.38215],[-110.89171,38.39215],[-110.89078,38.39646],[-110.88717,38.39907],[-110.88665,38.40342],[-110.8792,38.41742],[-110.88046,38.44338],[-110.88691,38.4588],[-110.89575,38.46596],[-110.91482,38.47285],[-110.91874,38.47875],[-110.92265,38.49822],[-110.92538,38.49998]]]}},{"type":"Feature","id":"84735","properties":{"zip":"84735","pop":null,"city":"","county":"Garfield","state":"Utah","area":108.97,"lat":37.64634,"lon":-112.44992},"geometry":{"type":"Polygon","coordinates":[[[-112.68606,37.65358],[-112.67458,37.65463],[-112.66635,37.6588],[-112.66583,37.66376],[-112.66896,37.6685],[-112.66734,37.67185],[-112.66308,37.6741],[-112.64111,37.66835],[-112.63426,37.671],[-112.62418,37.67081],[-112.62059,37.66976],[-112.61823,37.66617],[-112.61022,37.67093],[-112.59337,37.66585],[-112.58216,37.66717],[-112.56545,37.66222],[-112.55032,37.68173],[-112.5413,37.68489],[-112.53934,37.68016],[-112.52108,37.68261],[-112.50496,37.67818],[-112.50138,37.67502],[-112.49003,37.67613],[-112.48569,37.6732],[-112.48042,37.67328],[-112.46516,37.66711],[-112.45991,37.66803],[-112.45253,37.66642],[-112.43346,37.66886],[-112.42755,37.66407],[-112.42762,37.66611],[-112.42272,37.66581],[-112.40109,37.67699],[-112.39883,37.68132],[-112.40213,37.69383],[-112.3853,37.72033],[-112.38213,37.72198],[-112.38173,37.72676],[-112.37964,37.72614],[-112.37988,37.72842],[-112.37694,37.73035],[-112.37827,37.7328],[-112.37514,37.74092],[-112.34854,37.74025],[-112.33962,37.73833],[-112.28591,37.72627],[-112.26898,37.71749],[-112.26162,37.72047],[-112.25542,37.71964],[-112.24618,37.7079],[-112.26437,37.71512],[-112.26383,37.7076],[-112.25542,37.70347],[-112.24848,37.70405],[-112.2447,37.70185],[-112.26216,37.69707],[-112.27622,37.68916],[-112.29009,37.68647],[-112.28539,37.6836],[-112.28418,37.67905],[-112.27341,37.68126],[-112.26996,37.68507],[-112.26352,37.68785],[-112.25227,37.68304],[-112.24151,37.67379],[-112.24272,37.6721],[-112.26743,37.67011],[-112.27247,37.66669],[-112.26965,37.66077],[-112.26594,37.65408],[-112.24636,37.64793],[-112.23263,37.64652],[-112.23399,37.64494],[-112.24295,37.64668],[-112.25482,37.64093],[-112.26978,37.63985],[-112.27959,37.63664],[-112.29987,37.63512],[-112.30964,37.63641],[-112.31597,37.6341],[-112.32587,37.62631],[-112.33109,37.61276],[-112.32869,37.61529],[-112.32399,37.60392],[-112.31754,37.602],[-112.31411,37.60489],[-112.30759,37.60656],[-112.29864,37.60594],[-112.29569,37.60455],[-112.29489,37.60103],[-112.29829,37.60274],[-112.29979,37.60103],[-112.29324,37.59571],[-112.32035,37.59038],[-112.33604,37.58971],[-112.34786,37.59218],[-112.35095,37.58872],[-112.35327,37.59162],[-112.35095,37.59506],[-112.35334,37.59394],[-112.35392,37.59574],[-112.35076,37.5981],[-112.3462,37.59831],[-112.34526,37.60166],[-112.34194,37.60081],[-112.33996,37.60559],[-112.34304,37.61013],[-112.34408,37.60777],[-112.34279,37.61302],[-112.347,37.62113],[-112.35617,37.62716],[-112.37375,37.63443],[-112.38159,37.64346],[-112.40466,37.64371],[-112.40466,37.63918],[-112.41351,37.63525],[-112.41327,37.62073],[-112.42112,37.61766],[-112.42823,37.62118],[-112.43112,37.61976],[-112.43974,37.63157],[-112.43955,37.62312],[-112.43515,37.61242],[-112.42095,37.60011],[-112.41651,37.59257],[-112.43579,37.58999],[-112.46009,37.59579],[-112.46448,37.59441],[-112.46392,37.59256],[-112.46668,37.58994],[-112.45988,37.58702],[-112.4599,37.5818],[-112.46224,37.57549],[-112.46942,37.57403],[-112.46572,37.57138],[-112.45954,37.55907],[-112.46248,37.55161],[-112.46029,37.54276],[-112.52242,37.54285],[-112.52381,37.55383],[-112.52727,37.55453],[-112.52807,37.55723],[-112.52444,37.55699],[-112.52468,37.55875],[-112.52183,37.55972],[-112.52257,37.56141],[-112.51383,37.56551],[-112.51555,37.56647],[-112.51178,37.56682],[-112.50558,37.5723],[-112.50227,37.57278],[-112.50285,37.57532],[-112.4998,37.57818],[-112.50416,37.58483],[-112.51329,37.58925],[-112.52673,37.59122],[-112.53553,37.58641],[-112.55795,37.58242],[-112.56243,37.57788],[-112.56236,37.58407],[-112.55357,37.5864],[-112.56127,37.5894],[-112.56376,37.58619],[-112.56673,37.58729],[-112.57138,37.59959],[-112.58824,37.59422],[-112.58901,37.59674],[-112.5992,37.59269],[-112.60097,37.5926],[-112.60246,37.59586],[-112.61486,37.59275],[-112.61696,37.59822],[-112.62548,37.60053],[-112.62555,37.59915],[-112.62906,37.59945],[-112.63513,37.60518],[-112.63455,37.60978],[-112.63778,37.61419],[-112.63551,37.62643],[-112.66431,37.62801],[-112.67165,37.63799],[-112.68557,37.6427],[-112.68606,37.65358]]]}},{"type":"Feature","id":"84736","properties":{"zip":"84736","pop":null,"city":"","county":"Garfield","state":"Utah","area":110.56,"lat":37.63737,"lon":-111.79372},"geometry":{"type":"Polygon","coordinates":[[[-112.04261,37.53934],[-112.04051,37.53934],[-112.03944,37.54931],[-112.03695,37.54939],[-112.03171,37.55575],[-112.03305,37.56277],[-112.02008,37.55878],[-112.0201,37.56122],[-112.01541,37.56109],[-112.01544,37.56834],[-112.00168,37.56835],[-112.0017,37.57202],[-111.98845,37.57199],[-111.97907,37.5958],[-111.96799,37.60188],[-111.96102,37.60232],[-111.94163,37.59453],[-111.92888,37.59213],[-111.92061,37.59647],[-111.9156,37.60331],[-111.9111,37.60397],[-111.89862,37.61078],[-111.89373,37.61637],[-111.88459,37.616],[-111.86995,37.62117],[-111.85236,37.62424],[-111.8421,37.63649],[-111.84518,37.64598],[-111.83371,37.66099],[-111.82838,37.67254],[-111.79274,37.69754],[-111.78489,37.71548],[-111.77872,37.72355],[-111.7734,37.72645],[-111.74369,37.73783],[-111.73129,37.73871],[-111.72093,37.74213],[-111.71199,37.74032],[-111.70642,37.74393],[-111.69631,37.76036],[-111.6625,37.77045],[-111.6612,37.76833],[-111.65028,37.76529],[-111.63385,37.75603],[-111.63218,37.76006],[-111.63073,37.75956],[-111.62951,37.75391],[-111.62162,37.75053],[-111.6277,37.74278],[-111.63218,37.72915],[-111.62893,37.71708],[-111.63104,37.70934],[-111.62623,37.70404],[-111.63009,37.69645],[-111.62712,37.68548],[-111.6277,37.68034],[-111.63913,37.67143],[-111.63648,37.65902],[-111.63278,37.65563],[-111.64426,37.63313],[-111.65319,37.62962],[-111.66978,37.62725],[-111.67988,37.61871],[-111.68466,37.61811],[-111.69483,37.62123],[-111.69829,37.6203],[-111.71601,37.61095],[-111.71504,37.61583],[-111.71828,37.61501],[-111.7198,37.61654],[-111.72391,37.61407],[-111.72751,37.62347],[-111.72456,37.62277],[-111.72371,37.62845],[-111.72789,37.62711],[-111.73244,37.63282],[-111.73073,37.63217],[-111.73217,37.63494],[-111.73111,37.63819],[-111.73385,37.64251],[-111.73583,37.64386],[-111.73871,37.64263],[-111.74085,37.64848],[-111.73828,37.65148],[-111.73856,37.65637],[-111.73957,37.65486],[-111.74028,37.65728],[-111.74332,37.65809],[-111.76042,37.65553],[-111.76128,37.65357],[-111.77527,37.65007],[-111.77776,37.64507],[-111.778,37.64117],[-111.77579,37.64123],[-111.7767,37.63503],[-111.78021,37.631],[-111.78725,37.62771],[-111.78367,37.62672],[-111.78243,37.61619],[-111.78459,37.61931],[-111.78711,37.61402],[-111.79204,37.61391],[-111.79056,37.61049],[-111.79754,37.61156],[-111.79802,37.6077],[-111.79436,37.60592],[-111.79375,37.60123],[-111.79595,37.59727],[-111.79448,37.59117],[-111.79698,37.58672],[-111.79658,37.58191],[-111.80315,37.57301],[-111.80848,37.56947],[-111.80512,37.56825],[-111.80571,37.56638],[-111.80175,37.56708],[-111.80212,37.56445],[-111.79978,37.56386],[-111.80165,37.56129],[-111.79951,37.55891],[-111.79592,37.55867],[-111.79471,37.55242],[-111.79043,37.54865],[-111.79216,37.5464],[-111.78878,37.53979],[-111.84082,37.53971],[-111.84081,37.53579],[-112.04168,37.53582],[-112.04261,37.53934]]]}},{"type":"Feature","id":"84051","properties":{"zip":"84051","pop":null,"city":"","county":"Duchesne","state":"Utah","area":38.37,"lat":40.39543,"lon":-110.43151},"geometry":{"type":"Polygon","coordinates":[[[-110.53722,40.44993],[-110.53515,40.45401],[-110.53213,40.45351],[-110.52369,40.45822],[-110.51837,40.46442],[-110.51532,40.46284],[-110.51018,40.4636],[-110.50816,40.45781],[-110.49959,40.45473],[-110.49425,40.44934],[-110.49989,40.44427],[-110.50151,40.43758],[-110.47423,40.43073],[-110.45895,40.42045],[-110.46118,40.42429],[-110.46061,40.42703],[-110.45529,40.43162],[-110.43311,40.44189],[-110.41273,40.43644],[-110.4145,40.43238],[-110.41306,40.42737],[-110.40533,40.41728],[-110.38802,40.41847],[-110.38413,40.41713],[-110.37899,40.42526],[-110.3838,40.43868],[-110.38643,40.43996],[-110.38783,40.44426],[-110.38164,40.45758],[-110.38748,40.46674],[-110.38702,40.46813],[-110.38193,40.46655],[-110.37885,40.45834],[-110.36444,40.44108],[-110.3658,40.43384],[-110.36211,40.42668],[-110.35199,40.41563],[-110.34916,40.40896],[-110.3508,40.40804],[-110.34988,40.40292],[-110.34174,40.39252],[-110.34289,40.3911],[-110.34037,40.38577],[-110.33441,40.37949],[-110.32509,40.37697],[-110.31967,40.36738],[-110.3152,40.36472],[-110.31342,40.35766],[-110.3234,40.3557],[-110.31763,40.3487],[-110.31704,40.34486],[-110.34614,40.34476],[-110.34618,40.35557],[-110.38222,40.35551],[-110.39605,40.35934],[-110.39744,40.35806],[-110.39542,40.35431],[-110.42619,40.35493],[-110.42622,40.36049],[-110.42311,40.36523],[-110.42531,40.36813],[-110.44016,40.36943],[-110.4444,40.37321],[-110.44375,40.37564],[-110.42611,40.37642],[-110.43499,40.3915],[-110.43728,40.39893],[-110.44576,40.40024],[-110.45705,40.40784],[-110.45969,40.40669],[-110.45966,40.40211],[-110.4674,40.39948],[-110.46727,40.39479],[-110.47424,40.39357],[-110.47819,40.38843],[-110.4759,40.38208],[-110.46427,40.37613],[-110.46409,40.35815],[-110.49416,40.35816],[-110.4881,40.34855],[-110.46982,40.34299],[-110.47592,40.34233],[-110.48766,40.33364],[-110.48794,40.32946],[-110.48966,40.32961],[-110.48925,40.32249],[-110.49282,40.31797],[-110.4925,40.31364],[-110.49005,40.31461],[-110.49259,40.31195],[-110.50365,40.31841],[-110.50618,40.32689],[-110.50529,40.36092],[-110.50921,40.37316],[-110.51418,40.37628],[-110.51907,40.38361],[-110.51919,40.3879],[-110.51542,40.39093],[-110.51377,40.40191],[-110.51701,40.41381],[-110.5135,40.42045],[-110.51742,40.42339],[-110.53035,40.42644],[-110.53647,40.43211],[-110.53686,40.43578],[-110.53282,40.44379],[-110.53395,40.44909],[-110.53722,40.44993]]]}},{"type":"Feature","id":"84052","properties":{"zip":"84052","pop":null,"city":"","county":"Duchesne","state":"Utah","area":109.34,"lat":40.16829,"lon":-109.99084},"geometry":{"type":"Polygon","coordinates":[[[-110.2194,40.1667],[-110.21397,40.17114],[-110.18771,40.17126],[-110.16162,40.1783],[-110.16107,40.18259],[-110.15692,40.18482],[-110.15639,40.18885],[-110.14486,40.19228],[-110.14787,40.19277],[-110.1495,40.19789],[-110.15201,40.19889],[-110.15222,40.20761],[-110.12176,40.20754],[-110.11314,40.21141],[-110.04838,40.21148],[-110.04819,40.21491],[-110.02993,40.21518],[-110.02955,40.22979],[-109.9766,40.22977],[-109.9766,40.25861],[-109.93538,40.25852],[-109.93499,40.27322],[-109.9167,40.27318],[-109.91624,40.27137],[-109.91126,40.27019],[-109.90681,40.27134],[-109.91592,40.26571],[-109.91603,40.25866],[-109.9198,40.25908],[-109.91596,40.25125],[-109.89839,40.25141],[-109.89733,40.25293],[-109.88649,40.25372],[-109.86768,40.24787],[-109.86421,40.24243],[-109.85928,40.24159],[-109.85966,40.20032],[-109.85123,40.19568],[-109.85266,40.19143],[-109.85138,40.18153],[-109.85576,40.17795],[-109.8494,40.17433],[-109.83384,40.1717],[-109.84332,40.16128],[-109.84563,40.15327],[-109.84273,40.14831],[-109.85391,40.14812],[-109.86585,40.13941],[-109.86624,40.12916],[-109.87027,40.1204],[-109.86081,40.10933],[-109.86994,40.10077],[-109.87026,40.09006],[-109.86799,40.08428],[-109.8652,40.08387],[-109.86359,40.07948],[-109.85976,40.07827],[-109.85585,40.07327],[-109.86153,40.07161],[-109.86794,40.07421],[-109.87282,40.08227],[-109.8775,40.08247],[-109.87628,40.08365],[-109.87996,40.08409],[-109.88448,40.08935],[-109.88165,40.09234],[-109.88421,40.09348],[-109.8858,40.09824],[-109.88802,40.09739],[-109.89492,40.10479],[-109.89724,40.10379],[-109.90984,40.10704],[-109.91163,40.11119],[-109.91946,40.11319],[-109.93534,40.1134],[-109.94359,40.11756],[-109.95025,40.11649],[-109.9603,40.11911],[-109.96787,40.11738],[-109.96793,40.11161],[-109.95999,40.10782],[-109.96684,40.10509],[-109.97665,40.10574],[-109.97667,40.05882],[-109.98864,40.06266],[-110.00129,40.05736],[-110.00843,40.0565],[-110.00941,40.05338],[-110.02058,40.06562],[-110.02511,40.06719],[-110.02777,40.07062],[-110.01662,40.07214],[-110.01752,40.07312],[-110.01506,40.07575],[-110.0116,40.07659],[-110.01128,40.08612],[-110.00784,40.08658],[-110.0254,40.08982],[-110.03699,40.08841],[-110.04073,40.08432],[-110.03962,40.08278],[-110.04793,40.08518],[-110.05118,40.08816],[-110.05817,40.10258],[-110.05812,40.11253],[-110.06479,40.11256],[-110.06607,40.11596],[-110.08041,40.12552],[-110.08717,40.12548],[-110.09423,40.12241],[-110.10028,40.12419],[-110.1006,40.12893],[-110.10734,40.13008],[-110.10929,40.13353],[-110.10786,40.13671],[-110.11959,40.13196],[-110.12975,40.13584],[-110.12913,40.13853],[-110.14054,40.13751],[-110.14911,40.13426],[-110.13802,40.16228],[-110.13553,40.16215],[-110.13538,40.16416],[-110.14631,40.1623],[-110.14907,40.16093],[-110.14903,40.15881],[-110.15828,40.15562],[-110.15671,40.15453],[-110.1588,40.15304],[-110.1609,40.15295],[-110.16163,40.1549],[-110.16139,40.16242],[-110.16632,40.16072],[-110.16628,40.15104],[-110.17119,40.14937],[-110.20658,40.14945],[-110.20731,40.16335],[-110.22148,40.16537],[-110.2194,40.1667]]]}},{"type":"Feature","id":"84749","properties":{"zip":"84749","pop":null,"city":"Lyman","county":"Wayne","state":"Utah","area":70.73,"lat":38.36691,"lon":-111.47668},"geometry":{"type":"Polygon","coordinates":[[[-111.61566,38.39708],[-111.59736,38.39708],[-111.59749,38.41748],[-111.59226,38.421],[-111.58988,38.42531],[-111.58823,38.42528],[-111.58822,38.41891],[-111.58362,38.41885],[-111.58363,38.42244],[-111.57868,38.42246],[-111.57484,38.41797],[-111.56919,38.42248],[-111.55144,38.42241],[-111.55142,38.42592],[-111.54219,38.42594],[-111.54166,38.48938],[-111.52635,38.48716],[-111.51832,38.48859],[-111.5034,38.48517],[-111.49067,38.48175],[-111.48347,38.4772],[-111.47757,38.47712],[-111.47562,38.47274],[-111.47067,38.47145],[-111.46009,38.47346],[-111.45635,38.46947],[-111.45692,38.46413],[-111.46219,38.4635],[-111.47461,38.4672],[-111.4781,38.46258],[-111.48652,38.45748],[-111.48788,38.45389],[-111.49265,38.45161],[-111.4841,38.43775],[-111.47839,38.43541],[-111.4855,38.41887],[-111.48464,38.41513],[-111.4716,38.40575],[-111.46821,38.40526],[-111.46623,38.40089],[-111.46146,38.40107],[-111.46246,38.39855],[-111.45408,38.39979],[-111.45029,38.39603],[-111.44824,38.39045],[-111.44974,38.39052],[-111.44821,38.38926],[-111.44946,38.38883],[-111.44748,38.38746],[-111.44911,38.38263],[-111.44729,38.37203],[-111.43711,38.36116],[-111.42016,38.35685],[-111.41301,38.34806],[-111.39873,38.34262],[-111.39192,38.33531],[-111.37456,38.33076],[-111.36917,38.32551],[-111.37547,38.32272],[-111.36377,38.31368],[-111.36613,38.31307],[-111.36614,38.30944],[-111.36154,38.30944],[-111.36152,38.30582],[-111.3523,38.30582],[-111.35232,38.30931],[-111.32031,38.30961],[-111.32003,38.30416],[-111.31176,38.30374],[-111.31024,38.30181],[-111.30193,38.30353],[-111.30356,38.30075],[-111.29993,38.29951],[-111.30119,38.29734],[-111.2985,38.29781],[-111.29759,38.29582],[-111.2849,38.29214],[-111.28191,38.28955],[-111.27733,38.28877],[-111.27711,38.29105],[-111.27107,38.2897],[-111.26701,38.2912],[-111.26442,38.28961],[-111.26287,38.29227],[-111.2593,38.28846],[-111.25204,38.28811],[-111.24655,38.28469],[-111.25703,38.27831],[-111.26203,38.27835],[-111.27751,38.27302],[-111.28306,38.27448],[-111.28715,38.27013],[-111.29477,38.26729],[-111.30184,38.26048],[-111.3071,38.25847],[-111.31291,38.25896],[-111.33284,38.27129],[-111.35407,38.2648],[-111.36228,38.26606],[-111.36623,38.26864],[-111.36923,38.267],[-111.38632,38.2784],[-111.38634,38.28076],[-111.39089,38.28159],[-111.39086,38.31346],[-111.37709,38.31362],[-111.37713,38.32434],[-111.40479,38.32433],[-111.40479,38.33158],[-111.41396,38.33158],[-111.41398,38.33885],[-111.4324,38.33885],[-111.43249,38.3099],[-111.45992,38.31],[-111.45989,38.31392],[-111.50599,38.31372],[-111.5061,38.32459],[-111.52413,38.32461],[-111.52408,38.33903],[-111.53328,38.33905],[-111.53328,38.34268],[-111.53778,38.34268],[-111.53777,38.34639],[-111.55618,38.34631],[-111.55631,38.34271],[-111.56534,38.34271],[-111.56534,38.33905],[-111.58823,38.33909],[-111.58822,38.34393],[-111.59306,38.3464],[-111.59366,38.34961],[-111.59743,38.3514],[-111.59743,38.35007],[-111.60658,38.35004],[-111.60642,38.38981],[-111.61567,38.38982],[-111.61566,38.39708]]]}},{"type":"Feature","id":"84751","properties":{"zip":"84751","pop":null,"city":"","county":"Beaver","state":"Utah","area":242.67,"lat":38.44394,"lon":-113.06185},"geometry":{"type":"Polygon","coordinates":[[[-113.47946,38.49586],[-113.4774,38.50287],[-113.459,38.5086],[-113.45317,38.52448],[-113.44812,38.52586],[-113.43937,38.51888],[-113.42627,38.50012],[-113.41729,38.5244],[-113.40731,38.52449],[-113.40034,38.53031],[-113.3967,38.53124],[-113.36672,38.5249],[-113.34877,38.52512],[-113.34592,38.52784],[-113.35085,38.56515],[-113.3286,38.56428],[-113.32628,38.57263],[-112.98984,38.57254],[-112.97997,38.67188],[-112.96729,38.71683],[-112.95567,38.71262],[-112.95292,38.71359],[-112.95028,38.69481],[-112.93464,38.68154],[-112.87155,38.65634],[-112.85857,38.6458],[-112.8978,38.64537],[-112.90884,38.6399],[-112.93473,38.63143],[-112.9348,38.60907],[-112.94103,38.60906],[-112.94273,38.57867],[-112.93859,38.56421],[-112.93915,38.55964],[-112.9467,38.53831],[-112.9486,38.53773],[-112.95576,38.51468],[-112.97837,38.46273],[-112.98283,38.44764],[-112.9831,38.44014],[-112.98861,38.42929],[-112.9861,38.42465],[-112.98245,38.42429],[-112.9732,38.42666],[-112.95364,38.42767],[-112.95376,38.44365],[-112.94524,38.43121],[-112.93883,38.43558],[-112.93537,38.43303],[-112.93813,38.43118],[-112.93737,38.42042],[-112.92716,38.41781],[-112.92712,38.4153],[-112.92487,38.41418],[-112.93752,38.38826],[-112.9008,38.39211],[-112.87939,38.39052],[-112.86758,38.38718],[-112.86778,38.39021],[-112.86289,38.39042],[-112.84583,38.40279],[-112.8401,38.40328],[-112.83505,38.40854],[-112.83327,38.40806],[-112.83411,38.4125],[-112.83077,38.42101],[-112.82763,38.42113],[-112.82739,38.41942],[-112.82089,38.42287],[-112.82298,38.42395],[-112.82114,38.42772],[-112.81619,38.43031],[-112.80817,38.42835],[-112.80596,38.42264],[-112.79532,38.42602],[-112.79381,38.42802],[-112.79163,38.42733],[-112.7883,38.42174],[-112.78988,38.4199],[-112.78772,38.41101],[-112.78348,38.4136],[-112.77826,38.41143],[-112.76377,38.41198],[-112.75461,38.40998],[-112.75639,38.39415],[-112.75872,38.39274],[-112.76888,38.36125],[-112.76884,38.35225],[-112.77782,38.34505],[-112.79487,38.29978],[-112.77751,38.28935],[-112.78494,38.27845],[-112.78223,38.27689],[-112.79448,38.26359],[-112.79106,38.26882],[-112.79251,38.27152],[-112.80806,38.28114],[-112.82125,38.28587],[-112.82948,38.28661],[-112.83738,38.28462],[-112.84566,38.28809],[-112.85513,38.28528],[-112.85749,38.28113],[-112.86816,38.27587],[-112.87109,38.27494],[-112.8803,38.27729],[-112.88424,38.2757],[-112.88805,38.26685],[-112.89355,38.26515],[-112.89741,38.26728],[-112.90087,38.26614],[-112.9079,38.27464],[-112.93343,38.2645],[-112.93568,38.27784],[-112.93419,38.28185],[-112.93745,38.28422],[-112.93909,38.29537],[-112.93712,38.29978],[-112.93139,38.30346],[-112.96753,38.29598],[-112.96975,38.30951],[-112.97823,38.30953],[-112.97958,38.30534],[-112.97931,38.30056],[-112.97694,38.29723],[-112.97726,38.28657],[-112.98197,38.273],[-112.99028,38.27261],[-112.99964,38.28016],[-113.06574,38.28004],[-113.06577,38.26558],[-113.11573,38.26539],[-113.02405,38.3755],[-113.03769,38.3685],[-113.03714,38.38741],[-113.04946,38.40605],[-113.07561,38.41382],[-113.07443,38.42246],[-113.06946,38.42013],[-113.07045,38.42525],[-113.06355,38.43205],[-113.05163,38.43325],[-113.04176,38.43871],[-113.04438,38.44338],[-113.04694,38.44428],[-113.04964,38.4531],[-113.01679,38.46294],[-113.0095,38.45731],[-113.00424,38.45959],[-112.99213,38.47473],[-112.99125,38.54352],[-113.09841,38.54243],[-113.0995,38.5433],[-113.09683,38.54646],[-113.09159,38.549],[-113.10344,38.55749],[-113.10311,38.5523],[-113.11639,38.55645],[-113.13391,38.55261],[-113.13274,38.55501],[-113.13556,38.5545],[-113.14248,38.54843],[-113.16962,38.53824],[-113.17013,38.54462],[-113.17497,38.5522],[-113.18589,38.55207],[-113.18912,38.53482],[-113.18257,38.53208],[-113.18783,38.52936],[-113.21892,38.5177],[-113.22847,38.51595],[-113.23281,38.51781],[-113.24753,38.51801],[-113.25428,38.51608],[-113.25431,38.51318],[-113.25734,38.51179],[-113.26936,38.51059],[-113.27002,38.50893],[-113.26341,38.49683],[-113.25871,38.4943],[-113.25258,38.48604],[-113.25542,38.47516],[-113.26163,38.47905],[-113.26926,38.47686],[-113.2694,38.47529],[-113.27479,38.4762],[-113.27285,38.46418],[-113.27036,38.4639],[-113.2665,38.45611],[-113.26704,38.45303],[-113.27295,38.45311],[-113.27536,38.44989],[-113.27071,38.4401],[-113.26917,38.43999],[-113.27101,38.43857],[-113.28175,38.43423],[-113.3024,38.43722],[-113.29797,38.43987],[-113.29557,38.44633],[-113.30666,38.4501],[-113.30634,38.4564],[-113.3221,38.45921],[-113.32391,38.46605],[-113.33604,38.47687],[-113.33663,38.4804],[-113.34111,38.47797],[-113.33598,38.44732],[-113.34294,38.44837],[-113.3426,38.42392],[-113.34406,38.41996],[-113.38584,38.39774],[-113.42243,38.39145],[-113.43487,38.39404],[-113.43857,38.41066],[-113.40873,38.43588],[-113.40114,38.4638],[-113.3975,38.46736],[-113.48086,38.49452],[-113.47946,38.49586]]]}},{"type":"Feature","id":"84753","properties":{"zip":"84753","pop":null,"city":"","county":"Iron","state":"Utah","area":219.9,"lat":37.9503,"lon":-113.87946},"geometry":{"type":"Polygon","coordinates":[[[-114.05173,37.746],[-114.04847,37.80986],[-114.05038,38.01284],[-114.0422,38.01097],[-114.04187,38.00858],[-114.03163,38.00143],[-114.02737,38.0025],[-114.01163,37.99878],[-114.00298,38.00002],[-113.99972,37.99847],[-113.99974,38.00048],[-113.96988,38.00476],[-113.96967,37.9987],[-113.87409,37.99845],[-113.87999,38.0107],[-113.88024,38.02054],[-113.86146,38.05732],[-113.86384,38.0749],[-113.86231,38.0853],[-113.82282,38.11048],[-113.81836,38.11128],[-113.81972,38.11535],[-113.81205,38.12056],[-113.81073,38.12717],[-113.7793,38.12697],[-113.76426,38.13288],[-113.75331,38.12866],[-113.75071,38.12475],[-113.74883,38.11425],[-113.75008,38.1082],[-113.74143,38.1089],[-113.72328,38.11534],[-113.70029,38.11421],[-113.69128,38.1095],[-113.67207,38.10714],[-113.66689,38.10025],[-113.66586,38.09249],[-113.6635,38.09459],[-113.65738,38.09323],[-113.64006,38.07505],[-113.64044,38.07258],[-113.64621,38.06725],[-113.6462,38.06316],[-113.64368,38.06247],[-113.63127,38.04248],[-113.63529,38.04142],[-113.64026,38.04293],[-113.65136,38.03969],[-113.66289,38.03901],[-113.67041,38.0346],[-113.66586,38.0293],[-113.66155,38.02977],[-113.65229,38.01887],[-113.65141,38.00224],[-113.65653,37.99083],[-113.65536,37.98484],[-113.65713,37.97459],[-113.6745,37.97179],[-113.68226,37.97348],[-113.68963,37.97832],[-113.70249,37.98101],[-113.70507,37.97607],[-113.71427,37.97374],[-113.723,37.9934],[-113.72533,38.00794],[-113.71849,38.00668],[-113.72193,38.01305],[-113.74121,38.00266],[-113.75574,37.98952],[-113.75782,37.98216],[-113.76337,37.98841],[-113.77111,37.99119],[-113.77782,37.99627],[-113.78036,37.99623],[-113.77912,37.99226],[-113.78293,37.9915],[-113.76418,37.97577],[-113.76462,37.97305],[-113.75058,37.95854],[-113.74929,37.94823],[-113.76337,37.94594],[-113.80887,37.92234],[-113.81142,37.9288],[-113.83022,37.93272],[-113.83667,37.92876],[-113.84021,37.9196],[-113.84694,37.91717],[-113.85103,37.91873],[-113.85438,37.9277],[-113.85913,37.9311],[-113.86458,37.93951],[-113.86625,37.94049],[-113.87191,37.93401],[-113.87839,37.92415],[-113.88055,37.91732],[-113.87118,37.90438],[-113.86728,37.89193],[-113.88942,37.88058],[-113.89,37.86918],[-113.8938,37.86094],[-113.89788,37.8416],[-113.93005,37.81279],[-113.9258,37.80246],[-113.91979,37.80253],[-113.90943,37.79802],[-113.90539,37.80474],[-113.89433,37.809],[-113.8945,37.79289],[-113.89147,37.79185],[-113.89079,37.78656],[-113.90585,37.79106],[-113.91555,37.79087],[-113.91332,37.78852],[-113.91365,37.78132],[-113.92157,37.77929],[-113.93058,37.78313],[-113.94837,37.77187],[-113.95772,37.77004],[-113.96663,37.76023],[-113.974,37.74633],[-113.97782,37.73251],[-113.98628,37.73177],[-113.9947,37.73581],[-114.00258,37.73433],[-114.01663,37.72367],[-114.02508,37.72236],[-114.02722,37.7244],[-114.03427,37.72022],[-114.03488,37.72632],[-114.0422,37.72401],[-114.05184,37.72404],[-114.05173,37.746]]]}},{"type":"Feature","id":"84066","properties":{"zip":"84066","pop":null,"city":"Ballard","county":"Duchesne","state":"Utah","area":183.73,"lat":40.3467,"lon":-110.05165},"geometry":{"type":"Polygon","coordinates":[[[-110.22193,40.25828],[-110.21447,40.25846],[-110.21852,40.2647],[-110.21863,40.27967],[-110.19976,40.27968],[-110.19974,40.28337],[-110.19427,40.28337],[-110.21867,40.28959],[-110.21353,40.3032],[-110.20956,40.30164],[-110.19882,40.30228],[-110.19935,40.30747],[-110.20119,40.30858],[-110.21277,40.30863],[-110.21564,40.31578],[-110.18991,40.31578],[-110.17907,40.32355],[-110.17816,40.32658],[-110.17249,40.32631],[-110.17624,40.33894],[-110.18508,40.34879],[-110.18302,40.35219],[-110.19023,40.36432],[-110.18516,40.37477],[-110.17295,40.38472],[-110.17153,40.38278],[-110.1731,40.37966],[-110.17095,40.37877],[-110.15023,40.3787],[-110.1519,40.40998],[-110.15876,40.4256],[-110.15,40.43486],[-110.14669,40.43544],[-110.1433,40.43219],[-110.12258,40.43324],[-110.12709,40.43616],[-110.10642,40.43594],[-110.10525,40.43319],[-110.10066,40.43524],[-110.09787,40.44055],[-110.09319,40.44321],[-110.08213,40.43763],[-110.07863,40.44468],[-110.07905,40.4474],[-110.0741,40.44481],[-110.06431,40.44757],[-110.06537,40.4498],[-110.06876,40.44764],[-110.07189,40.44805],[-110.07127,40.45387],[-110.07318,40.45916],[-110.07749,40.4595],[-110.07973,40.46252],[-110.09919,40.4648],[-110.10161,40.46959],[-110.10839,40.46288],[-110.10741,40.46934],[-110.11089,40.47351],[-110.12493,40.47247],[-110.12848,40.47552],[-110.12897,40.47869],[-110.12418,40.48792],[-110.12482,40.49166],[-110.12945,40.49552],[-110.13151,40.50007],[-110.1312,40.51334],[-110.13894,40.54354],[-110.13465,40.54485],[-110.11223,40.5442],[-110.10417,40.55382],[-110.10371,40.55805],[-110.1007,40.55281],[-110.09743,40.55552],[-110.09224,40.54694],[-110.07924,40.54077],[-110.07099,40.53229],[-110.0641,40.53379],[-110.06102,40.5297],[-110.04848,40.52847],[-110.02301,40.51441],[-109.99401,40.50536],[-109.98255,40.49917],[-109.97651,40.49894],[-109.97652,40.48224],[-109.98584,40.4919],[-109.99036,40.49377],[-109.99504,40.48726],[-110.00421,40.48054],[-110.02053,40.47384],[-110.02071,40.44748],[-110.05855,40.44754],[-110.05863,40.43307],[-110.0497,40.43306],[-110.04957,40.42961],[-110.04541,40.42665],[-110.04281,40.42146],[-110.04275,40.41781],[-110.02987,40.418],[-110.02972,40.38903],[-110.01069,40.38889],[-110.00878,40.38552],[-109.99238,40.3734],[-109.9923,40.37462],[-109.97824,40.37487],[-109.97656,40.3733],[-109.97655,40.40362],[-109.87581,40.40375],[-109.86436,40.39512],[-109.85884,40.38711],[-109.86124,40.38247],[-109.85917,40.37897],[-109.86096,40.3788],[-109.86279,40.37223],[-109.85821,40.36584],[-109.85969,40.36467],[-109.89659,40.3603],[-109.87777,40.36207],[-109.87873,40.33186],[-109.86934,40.33098],[-109.86776,40.32106],[-109.86394,40.31302],[-109.86396,40.30187],[-109.89723,40.30188],[-109.89721,40.27918],[-109.88981,40.27572],[-109.89601,40.27305],[-109.91126,40.27019],[-109.91624,40.27137],[-109.9167,40.27318],[-109.93499,40.27322],[-109.93538,40.25852],[-109.9766,40.25861],[-109.9766,40.22977],[-110.02955,40.22979],[-110.02993,40.21518],[-110.04819,40.21491],[-110.04838,40.21148],[-110.11314,40.21141],[-110.12176,40.20754],[-110.16166,40.20753],[-110.16163,40.21351],[-110.1782,40.21476],[-110.16705,40.22827],[-110.17292,40.2304],[-110.17756,40.23721],[-110.19066,40.24455],[-110.20362,40.24744],[-110.2099,40.25384],[-110.22193,40.25828]]]}},{"type":"Feature","id":"84758","properties":{"zip":"84758","pop":null,"city":"Orderville","county":"Kane","state":"Utah","area":105.09,"lat":37.2705,"lon":-112.68541},"geometry":{"type":"Polygon","coordinates":[[[-112.88154,37.27113],[-112.87949,37.27479],[-112.8788,37.27235],[-112.87514,37.27104],[-112.87303,37.27284],[-112.8739,37.27678],[-112.87102,37.2811],[-112.8707,37.28784],[-112.86041,37.29577],[-112.86134,37.30478],[-112.86058,37.30756],[-112.85616,37.30971],[-112.85779,37.31244],[-112.85421,37.31339],[-112.85249,37.3185],[-112.84574,37.32415],[-112.83394,37.32628],[-112.83045,37.33731],[-112.831,37.34086],[-112.82816,37.34309],[-112.82817,37.33942],[-112.81659,37.34218],[-112.81116,37.34082],[-112.80997,37.34467],[-112.80001,37.34698],[-112.79493,37.3517],[-112.79613,37.35376],[-112.80095,37.35377],[-112.80094,37.35016],[-112.80845,37.35017],[-112.7745,37.37449],[-112.76392,37.37975],[-112.75531,37.37668],[-112.74882,37.37772],[-112.74373,37.38089],[-112.71368,37.36593],[-112.71377,37.36227],[-112.70941,37.35987],[-112.70575,37.34665],[-112.7027,37.34603],[-112.69501,37.33104],[-112.68706,37.32125],[-112.68706,37.31567],[-112.68135,37.31912],[-112.67776,37.32637],[-112.67895,37.33462],[-112.68247,37.34172],[-112.68145,37.34722],[-112.67806,37.35224],[-112.67634,37.3491],[-112.67199,37.35112],[-112.67659,37.34479],[-112.6743,37.33025],[-112.67003,37.33093],[-112.67053,37.32756],[-112.66906,37.3264],[-112.67628,37.32189],[-112.67782,37.31054],[-112.68625,37.30004],[-112.67443,37.30389],[-112.6688,37.29886],[-112.66569,37.29947],[-112.6687,37.30449],[-112.67085,37.31683],[-112.66909,37.31941],[-112.66309,37.31172],[-112.66038,37.31215],[-112.66233,37.31751],[-112.65722,37.31852],[-112.65604,37.32123],[-112.65931,37.33574],[-112.65703,37.33465],[-112.65084,37.32353],[-112.64901,37.32511],[-112.64855,37.33147],[-112.64297,37.32232],[-112.63925,37.31964],[-112.63493,37.30791],[-112.63384,37.29651],[-112.62641,37.29016],[-112.62115,37.29054],[-112.61671,37.29414],[-112.61673,37.29249],[-112.61283,37.29246],[-112.6039,37.28595],[-112.59333,37.28619],[-112.58982,37.28415],[-112.58167,37.29556],[-112.57841,37.30419],[-112.56252,37.30421],[-112.55594,37.30954],[-112.54944,37.30288],[-112.53992,37.29893],[-112.52993,37.29836],[-112.52267,37.29283],[-112.52809,37.285],[-112.53349,37.28203],[-112.53788,37.27225],[-112.54126,37.26974],[-112.54475,37.25685],[-112.54332,37.25607],[-112.54497,37.2387],[-112.54078,37.23233],[-112.54435,37.22304],[-112.5387,37.2131],[-112.53906,37.2038],[-112.53565,37.19502],[-112.54054,37.18925],[-112.54077,37.18596],[-112.53878,37.18524],[-112.53528,37.17521],[-112.53709,37.17213],[-112.53597,37.1678],[-112.53848,37.1643],[-112.53799,37.15651],[-112.54068,37.15566],[-112.53813,37.15228],[-112.54059,37.15056],[-112.54189,37.15206],[-112.5446,37.15129],[-112.54634,37.1472],[-112.5683,37.14525],[-112.57403,37.15374],[-112.58035,37.15757],[-112.65871,37.1892],[-112.66122,37.19458],[-112.67377,37.20391],[-112.68515,37.20467],[-112.68409,37.21111],[-112.68612,37.21085],[-112.68624,37.21302],[-112.68376,37.22178],[-112.6918,37.22285],[-112.68727,37.2276],[-112.68111,37.22322],[-112.67909,37.22525],[-112.6716,37.24104],[-112.66195,37.24972],[-112.65003,37.27066],[-112.66087,37.27052],[-112.67071,37.27711],[-112.67038,37.28079],[-112.67726,37.28133],[-112.67931,37.2668],[-112.68143,37.26681],[-112.68923,37.27894],[-112.69285,37.29313],[-112.69325,37.29158],[-112.69931,37.29077],[-112.69991,37.28271],[-112.70197,37.28134],[-112.70077,37.27829],[-112.70343,37.27611],[-112.70977,37.27888],[-112.72338,37.27308],[-112.72709,37.27617],[-112.73376,37.2776],[-112.73385,37.2729],[-112.75629,37.27288],[-112.7563,37.28013],[-112.76082,37.28014],[-112.76082,37.27652],[-112.76534,37.27653],[-112.76535,37.27843],[-112.76756,37.27667],[-112.76791,37.26862],[-112.77133,37.26467],[-112.79075,37.26145],[-112.79272,37.25605],[-112.80446,37.25605],[-112.80717,37.2477],[-112.80374,37.24709],[-112.81346,37.2424],[-112.83239,37.23924],[-112.83326,37.24095],[-112.83,37.24635],[-112.83222,37.25234],[-112.84018,37.25273],[-112.8453,37.24574],[-112.84532,37.25239],[-112.87231,37.25261],[-112.87239,37.25963],[-112.88157,37.25969],[-112.88154,37.27113]]]}},{"type":"Feature","id":"84764","properties":{"zip":"84764","pop":null,"city":"Bryce Canyon City","county":"Garfield","state":"Utah","area":122.7,"lat":37.72034,"lon":-112.06728},"geometry":{"type":"Polygon","coordinates":[[[-112.26227,37.53976],[-112.2592,37.5408],[-112.25338,37.53703],[-112.24694,37.54485],[-112.24489,37.54858],[-112.2447,37.55663],[-112.22965,37.57689],[-112.23341,37.57885],[-112.2335,37.58737],[-112.22823,37.58738],[-112.22807,37.59468],[-112.21947,37.59467],[-112.2194,37.60204],[-112.21057,37.60213],[-112.21045,37.61295],[-112.20154,37.61288],[-112.20137,37.61677],[-112.18353,37.61657],[-112.18386,37.64454],[-112.17514,37.64455],[-112.17472,37.65183],[-112.16608,37.65183],[-112.16599,37.65536],[-112.16258,37.65564],[-112.16788,37.65774],[-112.17356,37.65262],[-112.17701,37.65186],[-112.17825,37.65429],[-112.17671,37.65611],[-112.16545,37.66437],[-112.1726,37.66602],[-112.17462,37.66976],[-112.18259,37.67303],[-112.19734,37.67398],[-112.20173,37.67144],[-112.2074,37.67279],[-112.20816,37.67628],[-112.20258,37.69136],[-112.2407,37.70637],[-112.23959,37.71758],[-112.22576,37.71427],[-112.22525,37.71548],[-112.23129,37.73989],[-112.22887,37.74168],[-112.229,37.74406],[-112.22538,37.74365],[-112.21685,37.7476],[-112.20928,37.75472],[-112.2056,37.7635],[-112.19503,37.77313],[-112.19126,37.77264],[-112.1874,37.7754],[-112.18422,37.77453],[-112.16992,37.76387],[-112.15403,37.75732],[-112.15354,37.74754],[-112.16134,37.73639],[-112.15775,37.7138],[-112.14323,37.72541],[-112.13766,37.72513],[-112.12632,37.73915],[-112.11467,37.73788],[-112.08507,37.75632],[-112.07649,37.76699],[-112.07597,37.78723],[-112.06694,37.79684],[-112.02509,37.79741],[-112.02267,37.81201],[-112.01761,37.812],[-112.01343,37.82063],[-112.00269,37.83145],[-112.00289,37.88833],[-111.98083,37.88856],[-111.97981,37.89249],[-111.96903,37.88329],[-111.95968,37.88143],[-111.95752,37.88583],[-111.95254,37.88706],[-111.92704,37.88434],[-111.91764,37.88603],[-111.91265,37.88385],[-111.90662,37.88552],[-111.90313,37.88911],[-111.88749,37.88868],[-111.88545,37.89201],[-111.88274,37.89243],[-111.86707,37.8865],[-111.87155,37.87653],[-111.87709,37.87389],[-111.88227,37.86476],[-111.87808,37.85806],[-111.87999,37.85086],[-111.88392,37.85401],[-111.88415,37.84892],[-111.87906,37.8443],[-111.88148,37.83973],[-111.87926,37.83558],[-111.88331,37.8298],[-111.88246,37.82285],[-111.8857,37.81416],[-111.88428,37.81224],[-111.88796,37.81162],[-111.89177,37.80444],[-111.89116,37.80159],[-111.8858,37.79825],[-111.88797,37.78972],[-111.88492,37.78529],[-111.88624,37.7791],[-111.8837,37.7731],[-111.88025,37.7665],[-111.87178,37.76277],[-111.87343,37.75729],[-111.87101,37.74965],[-111.8726,37.74827],[-111.86515,37.74832],[-111.87117,37.73354],[-111.87304,37.7395],[-111.88047,37.74245],[-111.87893,37.74285],[-111.87959,37.74442],[-111.88741,37.75038],[-111.89508,37.75196],[-111.89762,37.74969],[-111.93828,37.74256],[-111.96428,37.75022],[-111.98285,37.7647],[-111.99141,37.77521],[-111.99275,37.78202],[-111.99586,37.7858],[-112.01235,37.79685],[-112.02101,37.79748],[-112.02126,37.78386],[-112.04149,37.76232],[-112.09966,37.72687],[-112.12308,37.70253],[-112.15211,37.6926],[-112.1388,37.687],[-112.13876,37.68107],[-112.14572,37.681],[-112.14571,37.67737],[-112.14343,37.67738],[-112.14342,37.67461],[-112.13887,37.67468],[-112.12546,37.66989],[-112.1109,37.66125],[-112.09696,37.65908],[-112.09697,37.65178],[-112.10147,37.65174],[-112.10142,37.63373],[-112.11048,37.63356],[-112.11043,37.62264],[-112.11957,37.62276],[-112.11963,37.61551],[-112.13335,37.61518],[-112.13355,37.60792],[-112.12922,37.60789],[-112.12888,37.60433],[-112.13349,37.60426],[-112.13358,37.59707],[-112.12939,37.59711],[-112.12907,37.57356],[-112.12145,37.57252],[-112.11533,37.57596],[-112.10716,37.57462],[-112.10258,37.57073],[-112.09904,37.57032],[-112.09686,37.56859],[-112.09617,37.56304],[-112.08811,37.5571],[-112.08825,37.5551],[-112.07212,37.54245],[-112.07012,37.54255],[-112.06379,37.53582],[-112.26108,37.53665],[-112.26227,37.53976]]]}},{"type":"Feature","id":"84775","properties":{"zip":"84775","pop":null,"city":"","county":"Wayne","state":"Utah","area":362.23,"lat":38.28884,"lon":-111.04068},"geometry":{"type":"Polygon","coordinates":[[[-111.46524,38.29498],[-111.45971,38.30259],[-111.44496,38.30053],[-111.45174,38.30996],[-111.43249,38.3099],[-111.4324,38.33885],[-111.41398,38.33885],[-111.41396,38.33158],[-111.40479,38.33158],[-111.40479,38.32433],[-111.37713,38.32434],[-111.37709,38.31362],[-111.39086,38.31346],[-111.39089,38.28159],[-111.38634,38.28076],[-111.38632,38.2784],[-111.36923,38.267],[-111.36623,38.26864],[-111.36228,38.26606],[-111.35407,38.2648],[-111.33284,38.27129],[-111.32449,38.26498],[-111.31072,38.25858],[-111.30184,38.26048],[-111.29477,38.26729],[-111.28715,38.27013],[-111.28306,38.27448],[-111.27751,38.27302],[-111.26203,38.27835],[-111.25703,38.27831],[-111.24655,38.28469],[-111.25204,38.28811],[-111.2593,38.28846],[-111.26122,38.29156],[-111.24706,38.2875],[-111.22344,38.28914],[-111.21534,38.28255],[-111.20745,38.28454],[-111.19926,38.28382],[-111.19537,38.28564],[-111.19248,38.27881],[-111.18958,38.27752],[-111.18074,38.28014],[-111.17819,38.28328],[-111.17321,38.28152],[-111.17003,38.28387],[-111.16466,38.28385],[-111.16339,38.28885],[-111.16154,38.28973],[-111.15008,38.28471],[-111.14164,38.28933],[-111.13728,38.28357],[-111.12358,38.28589],[-111.1196,38.28533],[-111.12843,38.28354],[-111.12848,38.27885],[-111.1322,38.27418],[-111.13048,38.26617],[-111.12387,38.26066],[-111.11953,38.25823],[-111.11823,38.26112],[-111.11174,38.25905],[-111.10806,38.26121],[-111.11059,38.26301],[-111.10565,38.263],[-111.10283,38.26548],[-111.0971,38.26359],[-111.09712,38.26163],[-111.09114,38.26078],[-111.07737,38.26789],[-111.08299,38.2726],[-111.06952,38.27265],[-111.06921,38.27629],[-111.07548,38.27627],[-111.07307,38.27665],[-111.0742,38.27887],[-111.0717,38.27966],[-111.0728,38.28233],[-111.0682,38.27846],[-111.06457,38.28106],[-111.06456,38.29468],[-111.04607,38.29479],[-111.04608,38.29255],[-111.04338,38.29411],[-111.03178,38.33049],[-111.02382,38.33405],[-111.02683,38.3363],[-111.02555,38.34403],[-111.02811,38.35009],[-111.02831,38.35883],[-111.02622,38.3637],[-111.02801,38.36892],[-111.02955,38.36789],[-111.03067,38.37539],[-111.0273,38.38366],[-111.02826,38.38817],[-111.02502,38.3917],[-111.03081,38.39495],[-111.03205,38.39982],[-111.04031,38.40269],[-111.04294,38.40066],[-111.05314,38.40758],[-111.0615,38.41037],[-111.06996,38.41003],[-111.07214,38.41298],[-111.08189,38.41627],[-111.09409,38.42476],[-111.10142,38.43539],[-111.11921,38.43681],[-111.12593,38.44265],[-111.13376,38.44331],[-111.14406,38.44746],[-111.15179,38.44768],[-111.16752,38.45472],[-111.18045,38.45465],[-111.17875,38.4581],[-111.18013,38.45874],[-111.17552,38.4594],[-111.17887,38.46299],[-111.1934,38.46881],[-111.19929,38.46903],[-111.20786,38.47713],[-111.23004,38.48381],[-111.23002,38.49998],[-110.92538,38.49998],[-110.92265,38.49822],[-110.91874,38.47875],[-110.91482,38.47285],[-110.89575,38.46596],[-110.88691,38.4588],[-110.88046,38.44338],[-110.8792,38.41742],[-110.88665,38.40342],[-110.88717,38.39907],[-110.89078,38.39646],[-110.89171,38.39215],[-110.89964,38.38215],[-110.89981,38.37692],[-110.89221,38.36698],[-110.87997,38.36499],[-110.87624,38.36028],[-110.87057,38.36029],[-110.84906,38.36933],[-110.83015,38.36932],[-110.82366,38.36865],[-110.82366,38.36527],[-110.81977,38.3656],[-110.81438,38.36242],[-110.794,38.36351],[-110.78876,38.358],[-110.77808,38.36736],[-110.77589,38.36674],[-110.77862,38.3637],[-110.77454,38.36354],[-110.76978,38.37112],[-110.75857,38.36956],[-110.75235,38.37093],[-110.74487,38.36908],[-110.74483,38.36727],[-110.73788,38.36632],[-110.7214,38.3671],[-110.72176,38.34897],[-110.7264,38.34895],[-110.72642,38.3453],[-110.72252,38.34531],[-110.73084,38.33803],[-110.74437,38.33807],[-110.74494,38.33599],[-110.75821,38.3349],[-110.7672,38.33176],[-110.76851,38.32883],[-110.76847,38.33815],[-110.78694,38.33826],[-110.78718,38.30902],[-110.7916,38.30905],[-110.78935,38.29898],[-110.79203,38.29389],[-110.79106,38.28724],[-110.7949,38.27771],[-110.79853,38.27706],[-110.79849,38.26566],[-110.81513,38.26925],[-110.82682,38.26754],[-110.82689,38.25136],[-110.81184,38.22642],[-110.857,38.21384],[-110.85581,38.21002],[-110.85769,38.19631],[-110.8624,38.19381],[-110.87198,38.18221],[-110.87162,38.17869],[-110.86171,38.16794],[-110.86263,38.15202],[-110.88103,38.15203],[-110.88093,38.16679],[-110.89928,38.16676],[-110.89936,38.15205],[-111.06453,38.15233],[-111.0635,38.14401],[-111.05974,38.14093],[-111.0606,38.13918],[-111.05792,38.13534],[-111.05616,38.13542],[-111.05938,38.13262],[-111.05797,38.13022],[-111.06137,38.12796],[-111.05902,38.12654],[-111.06027,38.12372],[-111.05464,38.11709],[-111.05429,38.1117],[-111.05088,38.10925],[-111.05223,38.10809],[-111.04926,38.10272],[-111.05456,38.1011],[-111.06176,38.10332],[-111.06788,38.10029],[-111.05746,38.09925],[-111.0535,38.08136],[-111.05764,38.07093],[-111.0632,38.06871],[-111.06963,38.07708],[-111.0759,38.07928],[-111.09429,38.07121],[-111.12198,38.07007],[-111.12332,38.07428],[-111.12115,38.0741],[-111.12146,38.07539],[-111.12311,38.07464],[-111.13284,38.08147],[-111.14305,38.08528],[-111.15449,38.08658],[-111.17114,38.08338],[-111.1767,38.07901],[-111.18274,38.07758],[-111.18242,38.07603],[-111.18411,38.07641],[-111.18627,38.07335],[-111.18698,38.12501],[-111.18028,38.12633],[-111.17413,38.13284],[-111.16961,38.14229],[-111.17033,38.14987],[-111.1717,38.15253],[-111.21286,38.1525],[-111.21273,38.19619],[-111.23077,38.19651],[-111.23078,38.21096],[-111.24909,38.2112],[-111.24878,38.23994],[-111.26544,38.24008],[-111.26502,38.25458],[-111.30165,38.25458],[-111.30172,38.24006],[-111.30315,38.23841],[-111.30186,38.23537],[-111.30617,38.22847],[-111.31445,38.22114],[-111.31721,38.21371],[-111.31642,38.21055],[-111.30999,38.20591],[-111.31089,38.19936],[-111.31603,38.20088],[-111.31557,38.19683],[-111.28641,38.1967],[-111.28813,38.19426],[-111.285,38.19123],[-111.27047,38.19055],[-111.27124,38.1875],[-111.26943,38.18649],[-111.26734,38.18847],[-111.26713,38.17296],[-111.27596,38.17227],[-111.28248,38.17492],[-111.28921,38.17274],[-111.30984,38.16145],[-111.30816,38.16103],[-111.30827,38.1538],[-111.31512,38.15382],[-111.31507,38.15654],[-111.31957,38.15745],[-111.31955,38.16097],[-111.3255,38.15925],[-111.33391,38.16147],[-111.3372,38.16615],[-111.3424,38.16889],[-111.35297,38.18762],[-111.35072,38.19252],[-111.35091,38.20033],[-111.34761,38.20677],[-111.34798,38.21179],[-111.34165,38.21179],[-111.34159,38.21489],[-111.33865,38.21756],[-111.33285,38.2174],[-111.32689,38.20903],[-111.32676,38.21211],[-111.32882,38.21214],[-111.32878,38.21452],[-111.33158,38.21578],[-111.33152,38.22297],[-111.3229,38.22302],[-111.32255,38.23762],[-111.3412,38.23745],[-111.34107,38.24088],[-111.34559,38.24089],[-111.34534,38.25176],[-111.34979,38.25181],[-111.3499,38.24818],[-111.36806,38.2482],[-111.36856,38.23513],[-111.37708,38.24126],[-111.37713,38.25173],[-111.38178,38.25176],[-111.38172,38.25538],[-111.38641,38.25541],[-111.38929,38.25182],[-111.39575,38.25185],[-111.39578,38.25014],[-111.4062,38.25278],[-111.428,38.27105],[-111.42793,38.27726],[-111.43249,38.27727],[-111.43249,38.27364],[-111.43717,38.27369],[-111.43715,38.27729],[-111.44181,38.27731],[-111.44177,38.28089],[-111.44604,38.28084],[-111.44601,38.28444],[-111.45266,38.28441],[-111.4508,38.28673],[-111.45351,38.29341],[-111.46524,38.29498]]]}},{"type":"Feature","id":"84701","properties":{"zip":"84701","pop":null,"city":"Richfield","county":"Sevier","state":"Utah","area":179.43,"lat":38.69589,"lon":-111.90472},"geometry":{"type":"Polygon","coordinates":[[[-112.22844,38.83751],[-112.22464,38.83751],[-112.22446,38.8648],[-112.1991,38.86498],[-112.20437,38.85762],[-112.1907,38.84977],[-112.18367,38.83624],[-112.16074,38.83579],[-112.15047,38.83091],[-112.13671,38.83121],[-112.12417,38.82514],[-112.11573,38.83015],[-112.11701,38.8326],[-112.11348,38.83427],[-112.10802,38.83205],[-112.1005,38.83315],[-112.09978,38.83106],[-112.095,38.83142],[-112.08533,38.82845],[-112.07451,38.82323],[-112.06009,38.80838],[-112.0548,38.8132],[-112.0474,38.81279],[-112.04458,38.81612],[-112.03945,38.8162],[-112.03481,38.82348],[-112.0306,38.82353],[-112.03033,38.82671],[-112.02549,38.82699],[-112.02542,38.82324],[-112.01606,38.82372],[-112.01592,38.81636],[-112.00881,38.81639],[-111.98938,38.83131],[-111.981,38.83146],[-111.9715,38.8228],[-111.96715,38.8318],[-111.96483,38.83183],[-111.96085,38.82671],[-111.94417,38.82791],[-111.92788,38.77991],[-111.92778,38.77258],[-111.91295,38.76846],[-111.90391,38.75995],[-111.89545,38.76169],[-111.8883,38.77041],[-111.8864,38.77066],[-111.88468,38.76777],[-111.87876,38.7691],[-111.86612,38.76713],[-111.86877,38.7588],[-111.87848,38.7585],[-111.88142,38.7525],[-111.87313,38.75341],[-111.87479,38.74197],[-111.85552,38.6989],[-111.85902,38.69932],[-111.85392,38.69494],[-111.83899,38.69811],[-111.8416,38.68655],[-111.83073,38.68661],[-111.83059,38.66858],[-111.81883,38.66994],[-111.81577,38.67464],[-111.80899,38.6788],[-111.79823,38.68192],[-111.79891,38.69331],[-111.79608,38.70131],[-111.79781,38.70695],[-111.79582,38.70679],[-111.79745,38.71688],[-111.79027,38.71696],[-111.78471,38.72043],[-111.77148,38.71972],[-111.77006,38.72076],[-111.77048,38.72498],[-111.77281,38.72522],[-111.77316,38.72799],[-111.76228,38.73175],[-111.75841,38.73547],[-111.75826,38.73802],[-111.75577,38.73974],[-111.75684,38.74786],[-111.76048,38.7549],[-111.76646,38.75956],[-111.76653,38.76586],[-111.76449,38.77027],[-111.76336,38.76777],[-111.75783,38.76919],[-111.75185,38.76297],[-111.74562,38.7598],[-111.7377,38.73973],[-111.72561,38.73236],[-111.71484,38.72913],[-111.71117,38.72578],[-111.69733,38.72315],[-111.69611,38.7211],[-111.69768,38.71636],[-111.69359,38.71173],[-111.68049,38.71348],[-111.68407,38.69778],[-111.68129,38.69463],[-111.68649,38.69359],[-111.68882,38.69494],[-111.68602,38.69033],[-111.67485,38.68608],[-111.67329,38.68373],[-111.67657,38.67567],[-111.67283,38.67148],[-111.67247,38.66646],[-111.6643,38.65756],[-111.66037,38.64237],[-111.66168,38.6404],[-111.65082,38.63249],[-111.64671,38.62658],[-111.64744,38.62105],[-111.65472,38.61473],[-111.66145,38.60189],[-111.6734,38.59467],[-111.67543,38.5902],[-111.67789,38.59101],[-111.6894,38.58449],[-111.6928,38.58008],[-111.68755,38.57174],[-111.69146,38.56451],[-111.69856,38.56208],[-111.70529,38.56262],[-111.71331,38.55722],[-111.72245,38.54791],[-111.72665,38.54686],[-111.73565,38.5394],[-111.73838,38.53319],[-111.75223,38.52277],[-111.74884,38.52269],[-111.74846,38.51865],[-111.73959,38.52205],[-111.73734,38.51959],[-111.73854,38.51728],[-111.74272,38.51482],[-111.74678,38.51595],[-111.75371,38.51121],[-111.75232,38.51013],[-111.7563,38.51015],[-111.76639,38.50224],[-111.83289,38.50219],[-111.83125,38.51649],[-111.8332,38.5278],[-111.83669,38.53227],[-111.83511,38.54906],[-111.84004,38.56779],[-111.83543,38.56978],[-111.83528,38.58908],[-111.82888,38.59186],[-111.81864,38.59278],[-111.82375,38.59403],[-111.83225,38.59143],[-111.84347,38.59231],[-111.84696,38.59106],[-111.84757,38.58857],[-111.84965,38.59529],[-111.846,38.60285],[-111.84895,38.60279],[-111.84923,38.59948],[-111.85384,38.59949],[-111.85291,38.6234],[-111.83836,38.62341],[-111.83433,38.63295],[-111.92879,38.7463],[-111.93079,38.74332],[-111.93517,38.74755],[-111.95228,38.77572],[-111.96034,38.77218],[-111.96119,38.78289],[-111.96407,38.78521],[-111.97152,38.78505],[-111.97417,38.78065],[-111.97948,38.784],[-111.98531,38.78014],[-111.99053,38.78],[-111.99048,38.77457],[-112.01913,38.77423],[-112.01587,38.77227],[-112.01759,38.77077],[-112.01671,38.7665],[-112.02008,38.76018],[-112.0203,38.75449],[-112.03178,38.73787],[-112.03442,38.73621],[-112.03597,38.73903],[-112.04278,38.73896],[-112.04491,38.74072],[-112.05207,38.73586],[-112.05235,38.7316],[-112.06117,38.73047],[-112.06253,38.73168],[-112.06671,38.72787],[-112.06936,38.7287],[-112.06973,38.72441],[-112.06743,38.72274],[-112.07169,38.71588],[-112.09203,38.71621],[-112.09433,38.71797],[-112.09206,38.71852],[-112.09444,38.71857],[-112.09464,38.72439],[-112.08997,38.72436],[-112.0901,38.73088],[-112.09483,38.73093],[-112.10012,38.72416],[-112.10423,38.72558],[-112.10416,38.72362],[-112.1063,38.72364],[-112.10804,38.72067],[-112.11081,38.7223],[-112.11089,38.7206],[-112.11735,38.72055],[-112.11729,38.71689],[-112.12786,38.7166],[-112.13176,38.721],[-112.1373,38.71024],[-112.14592,38.71146],[-112.14811,38.71286],[-112.14872,38.71791],[-112.151,38.71814],[-112.14945,38.72058],[-112.1529,38.72415],[-112.15451,38.73268],[-112.15617,38.73305],[-112.1541,38.73461],[-112.15527,38.73916],[-112.15315,38.74057],[-112.15291,38.7451],[-112.1708,38.75246],[-112.182,38.75107],[-112.19339,38.75701],[-112.20101,38.75406],[-112.2107,38.75476],[-112.21912,38.75125],[-112.21912,38.76399],[-112.22838,38.76399],[-112.22844,38.83751]]]}},{"type":"Feature","id":"84726","properties":{"zip":"84726","pop":null,"city":"","county":"Garfield","state":"Utah","area":273.89,"lat":37.75157,"lon":-111.57904},"geometry":{"type":"Polygon","coordinates":[[[-111.85309,37.72555],[-111.84797,37.72686],[-111.85023,37.73192],[-111.8478,37.73236],[-111.85009,37.73591],[-111.84692,37.73815],[-111.84917,37.74429],[-111.8436,37.75012],[-111.84307,37.75327],[-111.84585,37.75823],[-111.84447,37.76364],[-111.83288,37.76903],[-111.83102,37.77114],[-111.83248,37.77294],[-111.82537,37.77687],[-111.82637,37.77948],[-111.83052,37.78005],[-111.82968,37.7819],[-111.83318,37.78196],[-111.8273,37.78476],[-111.82132,37.78422],[-111.80117,37.7877],[-111.79421,37.79192],[-111.77622,37.78642],[-111.75113,37.76788],[-111.73833,37.76239],[-111.7275,37.76144],[-111.71461,37.76507],[-111.69779,37.76546],[-111.6928,37.76397],[-111.68424,37.76605],[-111.68357,37.76882],[-111.6893,37.77428],[-111.70759,37.77811],[-111.71048,37.78064],[-111.71508,37.78882],[-111.72341,37.79788],[-111.72484,37.80421],[-111.73104,37.81536],[-111.75076,37.83102],[-111.75613,37.83933],[-111.75735,37.84718],[-111.76092,37.85421],[-111.77363,37.86837],[-111.77007,37.86729],[-111.76853,37.86996],[-111.76341,37.87033],[-111.76246,37.87472],[-111.75348,37.88618],[-111.75293,37.89395],[-111.74742,37.8892],[-111.73764,37.89151],[-111.73356,37.89603],[-111.72703,37.89808],[-111.70997,37.898],[-111.71037,37.90116],[-111.70762,37.90503],[-111.70811,37.90885],[-111.71,37.90969],[-111.70893,37.91101],[-111.70059,37.90935],[-111.69601,37.91084],[-111.69977,37.91545],[-111.69545,37.91712],[-111.69561,37.92286],[-111.69276,37.92464],[-111.69202,37.93144],[-111.67678,37.92964],[-111.67225,37.9255],[-111.66792,37.92648],[-111.66719,37.92984],[-111.66288,37.92978],[-111.66085,37.92782],[-111.6572,37.92792],[-111.6523,37.91885],[-111.64572,37.91727],[-111.64361,37.9214],[-111.64183,37.93785],[-111.64372,37.94507],[-111.64994,37.95363],[-111.65386,37.96616],[-111.65255,37.96722],[-111.64665,37.95996],[-111.64635,37.96276],[-111.64269,37.96223],[-111.63781,37.96445],[-111.6364,37.9568],[-111.63433,37.95577],[-111.62637,37.95699],[-111.6177,37.96414],[-111.6123,37.96458],[-111.61222,37.96674],[-111.61842,37.97126],[-111.6031,37.98016],[-111.60224,37.97281],[-111.59554,37.96898],[-111.59502,37.96659],[-111.59356,37.96867],[-111.58758,37.95906],[-111.58571,37.95846],[-111.58584,37.96458],[-111.58419,37.96442],[-111.58308,37.96749],[-111.58294,37.96405],[-111.57884,37.95967],[-111.57886,37.95199],[-111.57217,37.94569],[-111.57319,37.94292],[-111.57142,37.94205],[-111.57054,37.93654],[-111.5659,37.93368],[-111.56456,37.93044],[-111.55853,37.92818],[-111.55998,37.9274],[-111.55558,37.91905],[-111.54509,37.91508],[-111.53739,37.90408],[-111.53326,37.89208],[-111.51644,37.87778],[-111.50399,37.87314],[-111.50208,37.87007],[-111.49438,37.86706],[-111.49359,37.86272],[-111.48977,37.86205],[-111.49201,37.85795],[-111.48343,37.85337],[-111.48579,37.85069],[-111.48479,37.84916],[-111.48845,37.84835],[-111.48629,37.84361],[-111.48805,37.83952],[-111.48312,37.83545],[-111.4853,37.83493],[-111.48179,37.83356],[-111.48109,37.82983],[-111.47682,37.8275],[-111.47907,37.82694],[-111.47611,37.82309],[-111.47764,37.82237],[-111.4735,37.82194],[-111.47302,37.81749],[-111.46836,37.81402],[-111.46985,37.81214],[-111.46439,37.80571],[-111.46579,37.8054],[-111.46367,37.80333],[-111.46493,37.80193],[-111.45961,37.79483],[-111.46132,37.79169],[-111.45821,37.79115],[-111.46118,37.78904],[-111.45865,37.78695],[-111.46082,37.78645],[-111.45795,37.78466],[-111.45988,37.78375],[-111.45715,37.78078],[-111.45824,37.77967],[-111.45642,37.77721],[-111.45905,37.77625],[-111.45788,37.77503],[-111.44593,37.77576],[-111.4442,37.77317],[-111.44173,37.77321],[-111.43957,37.77648],[-111.43514,37.7713],[-111.42916,37.77528],[-111.42755,37.77344],[-111.42066,37.77508],[-111.40594,37.78685],[-111.4001,37.80639],[-111.4124,37.82868],[-111.44675,37.87593],[-111.44494,37.88653],[-111.44184,37.88658],[-111.44176,37.87223],[-111.42338,37.87245],[-111.42355,37.85751],[-111.41571,37.85754],[-111.41268,37.85411],[-111.41116,37.84507],[-111.4092,37.84491],[-111.40931,37.84163],[-111.40566,37.8382],[-111.40715,37.83555],[-111.40106,37.82941],[-111.40264,37.82997],[-111.40325,37.82393],[-111.4002,37.82175],[-111.40144,37.82108],[-111.3983,37.81813],[-111.39863,37.81614],[-111.39321,37.81309],[-111.39422,37.81195],[-111.38779,37.81119],[-111.38072,37.80739],[-111.37867,37.80524],[-111.3804,37.80268],[-111.37671,37.80163],[-111.37928,37.7983],[-111.37305,37.79508],[-111.37453,37.79322],[-111.37213,37.78991],[-111.36799,37.78909],[-111.36912,37.78753],[-111.36237,37.78398],[-111.36344,37.78297],[-111.3605,37.78299],[-111.35809,37.78011],[-111.35939,37.77879],[-111.35359,37.77731],[-111.35255,37.7756],[-111.35427,37.77316],[-111.35675,37.77398],[-111.35834,37.77243],[-111.35595,37.77018],[-111.35775,37.76853],[-111.35598,37.76706],[-111.35202,37.76815],[-111.35519,37.76563],[-111.35106,37.7657],[-111.34823,37.76362],[-111.35385,37.76222],[-111.35287,37.75812],[-111.34792,37.75675],[-111.34458,37.75836],[-111.34236,37.75744],[-111.34287,37.75529],[-111.3382,37.75539],[-111.33661,37.75737],[-111.33476,37.7529],[-111.32885,37.75677],[-111.32621,37.75476],[-111.33111,37.75256],[-111.33077,37.75089],[-111.32632,37.74927],[-111.3321,37.74449],[-111.32985,37.74336],[-111.33099,37.74114],[-111.32619,37.74332],[-111.32197,37.7413],[-111.32244,37.73916],[-111.31549,37.73673],[-111.32163,37.73416],[-111.3168,37.73432],[-111.31636,37.73183],[-111.31525,37.73328],[-111.30975,37.73245],[-111.31202,37.72651],[-111.3195,37.72319],[-111.32189,37.7176],[-111.32122,37.71305],[-111.32482,37.70781],[-111.32726,37.70737],[-111.34,37.71031],[-111.34762,37.7081],[-111.35246,37.70882],[-111.39123,37.71563],[-111.40421,37.7202],[-111.4267,37.71675],[-111.4427,37.72391],[-111.44552,37.73228],[-111.44404,37.73635],[-111.44775,37.74185],[-111.4473,37.7439],[-111.45203,37.74574],[-111.43563,37.75492],[-111.45493,37.75617],[-111.47028,37.75078],[-111.49285,37.74953],[-111.54022,37.76425],[-111.57794,37.76413],[-111.57795,37.76091],[-111.57213,37.7574],[-111.55984,37.74334],[-111.5461,37.73716],[-111.53139,37.7277],[-111.52376,37.72697],[-111.52884,37.72312],[-111.52841,37.70885],[-111.53586,37.69948],[-111.53605,37.69229],[-111.5462,37.69216],[-111.55303,37.69474],[-111.55898,37.69949],[-111.55926,37.70447],[-111.56397,37.70643],[-111.58703,37.70733],[-111.58872,37.70558],[-111.58473,37.70146],[-111.58289,37.69522],[-111.57814,37.69232],[-111.5807,37.68596],[-111.57995,37.67813],[-111.57135,37.67786],[-111.56789,37.66984],[-111.57138,37.66489],[-111.56256,37.66438],[-111.56213,37.66005],[-111.55816,37.65747],[-111.55097,37.6616],[-111.54207,37.66238],[-111.53619,37.6664],[-111.53621,37.6737],[-111.52866,37.67512],[-111.52316,37.68039],[-111.5159,37.68098],[-111.50602,37.68677],[-111.49988,37.68687],[-111.49561,37.68926],[-111.47765,37.67482],[-111.47294,37.67027],[-111.46988,37.66125],[-111.46681,37.66265],[-111.46414,37.65901],[-111.46068,37.65017],[-111.44448,37.63842],[-111.44326,37.62302],[-111.40618,37.58414],[-111.40124,37.57507],[-111.39287,37.56707],[-111.40867,37.55969],[-111.42306,37.54791],[-111.42296,37.54461],[-111.42904,37.54056],[-111.63998,37.54002],[-111.63852,37.54399],[-111.63466,37.54623],[-111.63348,37.55241],[-111.63565,37.5567],[-111.63323,37.56015],[-111.62351,37.56645],[-111.61678,37.57732],[-111.6081,37.58481],[-111.6027,37.60591],[-111.61101,37.62282],[-111.62148,37.62932],[-111.62553,37.64737],[-111.62964,37.65447],[-111.63648,37.65902],[-111.63862,37.66506],[-111.63913,37.67143],[-111.6277,37.68034],[-111.62712,37.68548],[-111.63009,37.69645],[-111.62623,37.70404],[-111.63104,37.70934],[-111.62893,37.71708],[-111.63218,37.72915],[-111.6277,37.74278],[-111.62162,37.75053],[-111.62951,37.75391],[-111.63073,37.75956],[-111.63218,37.76006],[-111.63385,37.75603],[-111.65028,37.76529],[-111.6612,37.76833],[-111.6625,37.77045],[-111.69631,37.76036],[-111.7083,37.7418],[-111.71664,37.74025],[-111.72093,37.74213],[-111.73129,37.73871],[-111.74369,37.73783],[-111.77872,37.72355],[-111.78683,37.71203],[-111.79274,37.69754],[-111.81643,37.68743],[-111.82312,37.69232],[-111.81997,37.6924],[-111.83017,37.70134],[-111.83863,37.70114],[-111.84314,37.70346],[-111.84421,37.70607],[-111.84869,37.70639],[-111.84416,37.70951],[-111.84534,37.7117],[-111.84908,37.70917],[-111.84904,37.71342],[-111.85256,37.71784],[-111.85309,37.72555]]]}},{"type":"Feature","id":"84733","properties":{"zip":"84733","pop":null,"city":"","county":"Washington","state":"Utah","area":47.67,"lat":37.29596,"lon":-113.79771},"geometry":{"type":"Polygon","coordinates":[[[-113.87686,37.26354],[-113.87024,37.26821],[-113.86311,37.2704],[-113.86128,37.27414],[-113.8637,37.28187],[-113.86241,37.28717],[-113.85698,37.29419],[-113.85269,37.29462],[-113.85318,37.29868],[-113.84867,37.30538],[-113.8556,37.31518],[-113.85948,37.32919],[-113.85811,37.33539],[-113.86964,37.34918],[-113.87171,37.36407],[-113.86931,37.36436],[-113.87115,37.36814],[-113.87485,37.3702],[-113.87211,37.37445],[-113.86711,37.37539],[-113.84823,37.37036],[-113.8461,37.37134],[-113.8483,37.37458],[-113.8451,37.38353],[-113.83974,37.38206],[-113.83881,37.37968],[-113.82363,37.36883],[-113.81573,37.36653],[-113.8076,37.35646],[-113.79453,37.34814],[-113.79641,37.34307],[-113.78135,37.33856],[-113.77874,37.33448],[-113.77787,37.32721],[-113.77109,37.31769],[-113.75627,37.31948],[-113.7529,37.32464],[-113.74674,37.32631],[-113.74601,37.32952],[-113.75787,37.34215],[-113.74657,37.33732],[-113.74574,37.33933],[-113.73107,37.33664],[-113.72886,37.33311],[-113.72564,37.33313],[-113.72491,37.33822],[-113.72377,37.33558],[-113.72,37.33608],[-113.72298,37.32745],[-113.72574,37.32662],[-113.72993,37.31888],[-113.73317,37.31782],[-113.7324,37.31451],[-113.73159,37.31694],[-113.72831,37.31831],[-113.72391,37.31855],[-113.72205,37.31621],[-113.71483,37.3191],[-113.71411,37.32246],[-113.71118,37.32373],[-113.71117,37.32729],[-113.70197,37.32721],[-113.70199,37.32371],[-113.69738,37.32368],[-113.69832,37.32059],[-113.70305,37.31923],[-113.70246,37.31346],[-113.69861,37.30276],[-113.70028,37.29968],[-113.69711,37.29699],[-113.69584,37.30073],[-113.69378,37.30019],[-113.6938,37.2938],[-113.69475,37.28339],[-113.70079,37.27524],[-113.7064,37.27487],[-113.70848,37.27746],[-113.71331,37.27367],[-113.7177,37.27789],[-113.7191,37.2771],[-113.71966,37.27919],[-113.72395,37.27715],[-113.72484,37.27844],[-113.72817,37.27751],[-113.73058,37.27985],[-113.73833,37.27827],[-113.74792,37.28039],[-113.75708,37.27603],[-113.76133,37.27088],[-113.75967,37.26467],[-113.77053,37.25936],[-113.77006,37.25558],[-113.77637,37.2475],[-113.77922,37.23511],[-113.77632,37.22905],[-113.77691,37.22184],[-113.77911,37.22008],[-113.77478,37.21478],[-113.77557,37.21212],[-113.77922,37.21007],[-113.77612,37.19765],[-113.77965,37.19435],[-113.79949,37.20103],[-113.80604,37.21392],[-113.80518,37.22231],[-113.81338,37.23084],[-113.85427,37.25281],[-113.86997,37.25766],[-113.87686,37.26354]]]}},{"type":"Feature","id":"84750","properties":{"zip":"84750","pop":null,"city":"Marysvale","county":"Piute","state":"Utah","area":103.37,"lat":38.44195,"lon":-112.19457},"geometry":{"type":"Polygon","coordinates":[[[-112.36484,38.46699],[-112.35086,38.47296],[-112.33915,38.48079],[-112.3375,38.48454],[-112.31971,38.4905],[-112.31509,38.4938],[-112.30138,38.49565],[-112.29138,38.49292],[-112.28734,38.49382],[-112.28829,38.49959],[-112.29236,38.50297],[-112.28942,38.50574],[-112.28929,38.50858],[-112.2912,38.50802],[-112.28841,38.51176],[-112.13576,38.51216],[-112.06213,38.51047],[-112.06197,38.50209],[-112.02622,38.50187],[-112.01157,38.48707],[-112.00402,38.483],[-112.00319,38.47832],[-112.00816,38.47545],[-112.00806,38.47387],[-112.00393,38.47526],[-112.00367,38.47395],[-112.00623,38.47014],[-112.00692,38.46193],[-112.0106,38.45588],[-112.01484,38.4544],[-112.01818,38.45917],[-112.02623,38.45729],[-112.02746,38.45843],[-112.0363,38.45604],[-112.03385,38.45226],[-112.03971,38.45206],[-112.0461,38.45443],[-112.05318,38.45038],[-112.05647,38.45435],[-112.0556,38.45779],[-112.06305,38.45988],[-112.07075,38.46783],[-112.07027,38.47027],[-112.07068,38.46853],[-112.07691,38.46774],[-112.08173,38.46017],[-112.07797,38.45469],[-112.07991,38.44736],[-112.09171,38.44297],[-112.10115,38.43212],[-112.12003,38.4277],[-112.12429,38.42537],[-112.12344,38.42155],[-112.13345,38.41976],[-112.13368,38.41406],[-112.14038,38.41493],[-112.14675,38.41173],[-112.15234,38.39908],[-112.14977,38.38452],[-112.13878,38.37033],[-112.13663,38.35971],[-112.13107,38.35499],[-112.13341,38.35302],[-112.12585,38.35111],[-112.14359,38.34772],[-112.15008,38.34127],[-112.15949,38.33763],[-112.16378,38.34344],[-112.18385,38.34328],[-112.18567,38.34026],[-112.18429,38.3336],[-112.18782,38.33207],[-112.189,38.32648],[-112.21002,38.3336],[-112.21004,38.34628],[-112.22262,38.36956],[-112.23106,38.39869],[-112.2493,38.3871],[-112.263,38.37147],[-112.27092,38.37007],[-112.27353,38.3666],[-112.28316,38.36304],[-112.29482,38.36147],[-112.30984,38.35406],[-112.31834,38.35647],[-112.32069,38.35826],[-112.31762,38.35775],[-112.33579,38.36848],[-112.33695,38.3715],[-112.33926,38.37214],[-112.33555,38.37542],[-112.33142,38.37318],[-112.3273,38.37522],[-112.32882,38.38365],[-112.32552,38.38518],[-112.32882,38.39133],[-112.31884,38.39541],[-112.31339,38.40165],[-112.32371,38.40535],[-112.31958,38.4072],[-112.32386,38.40806],[-112.3216,38.40911],[-112.32262,38.40991],[-112.31713,38.4102],[-112.31905,38.41245],[-112.32372,38.41219],[-112.32509,38.41372],[-112.3236,38.41453],[-112.32733,38.41429],[-112.31823,38.41801],[-112.31044,38.41683],[-112.3105,38.45984],[-112.28779,38.45965],[-112.30769,38.46567],[-112.31182,38.46536],[-112.31086,38.46637],[-112.32548,38.46496],[-112.3176,38.46766],[-112.31473,38.47036],[-112.34545,38.46965],[-112.34907,38.46659],[-112.34682,38.47084],[-112.35739,38.46688],[-112.36484,38.46699]]]}},{"type":"Feature","id":"84755","properties":{"zip":"84755","pop":null,"city":"Orderville","county":"Kane","state":"Utah","area":57.53,"lat":37.2265,"lon":-112.78534},"geometry":{"type":"Polygon","coordinates":[[[-112.90142,37.296],[-112.89981,37.29601],[-112.89939,37.28883],[-112.89412,37.29017],[-112.89556,37.27939],[-112.88998,37.27988],[-112.88304,37.28586],[-112.8793,37.28518],[-112.8707,37.28784],[-112.87102,37.2811],[-112.8739,37.27678],[-112.87303,37.27284],[-112.87514,37.27104],[-112.8788,37.27235],[-112.87949,37.27479],[-112.88106,37.27287],[-112.88157,37.25969],[-112.87239,37.25963],[-112.87231,37.25261],[-112.84532,37.25239],[-112.8453,37.24574],[-112.84018,37.25273],[-112.83222,37.25234],[-112.83,37.24635],[-112.83326,37.24095],[-112.83239,37.23924],[-112.81346,37.2424],[-112.80374,37.24709],[-112.80717,37.2477],[-112.80446,37.25605],[-112.79272,37.25605],[-112.79075,37.26145],[-112.77133,37.26467],[-112.76791,37.26862],[-112.76756,37.27667],[-112.76535,37.27843],[-112.76534,37.27653],[-112.76082,37.27652],[-112.76082,37.28014],[-112.7563,37.28013],[-112.75629,37.27288],[-112.73385,37.2729],[-112.73376,37.2776],[-112.72709,37.27617],[-112.72338,37.27308],[-112.70977,37.27888],[-112.70343,37.27611],[-112.70077,37.27829],[-112.70197,37.28134],[-112.69991,37.28271],[-112.69931,37.29077],[-112.69325,37.29158],[-112.69285,37.29313],[-112.68923,37.27894],[-112.68143,37.26681],[-112.67931,37.2668],[-112.67726,37.28133],[-112.67038,37.28079],[-112.67071,37.27711],[-112.66087,37.27052],[-112.65003,37.27066],[-112.66195,37.24972],[-112.6716,37.24104],[-112.67909,37.22525],[-112.68111,37.22322],[-112.68727,37.2276],[-112.6918,37.22285],[-112.68376,37.22178],[-112.68612,37.21085],[-112.68974,37.20775],[-112.69062,37.20414],[-112.68846,37.20188],[-112.69052,37.20242],[-112.69119,37.19854],[-112.72054,37.1935],[-112.73095,37.18217],[-112.73773,37.18285],[-112.74379,37.18053],[-112.7453,37.18172],[-112.74587,37.17982],[-112.75779,37.18127],[-112.76558,37.17742],[-112.78128,37.1805],[-112.79086,37.17378],[-112.79393,37.17554],[-112.79684,37.1729],[-112.79802,37.17445],[-112.80308,37.17415],[-112.8079,37.17171],[-112.81059,37.1723],[-112.81458,37.16928],[-112.82279,37.17301],[-112.82869,37.17178],[-112.82824,37.1741],[-112.83134,37.17642],[-112.8347,37.1752],[-112.83461,37.17755],[-112.83575,37.17581],[-112.83954,37.17859],[-112.84069,37.17545],[-112.84352,37.17481],[-112.84601,37.17765],[-112.84861,37.17639],[-112.84746,37.17901],[-112.85117,37.17959],[-112.85311,37.17753],[-112.85591,37.17929],[-112.85472,37.18229],[-112.86011,37.18337],[-112.86078,37.18034],[-112.86613,37.18235],[-112.86648,37.18418],[-112.86955,37.1804],[-112.87577,37.18027],[-112.87961,37.18229],[-112.89014,37.18086],[-112.89917,37.18191],[-112.89914,37.2814],[-112.90128,37.28144],[-112.90142,37.296]]]}},{"type":"Feature","id":"84064","properties":{"zip":"84064","pop":null,"city":"","county":"Rich","state":"Utah","area":132.06,"lat":41.6709,"lon":-111.12314},"geometry":{"type":"Polygon","coordinates":[[[-111.27111,41.62069],[-111.26011,41.62174],[-111.2566,41.62671],[-111.25616,41.63129],[-111.26546,41.63824],[-111.2626,41.63947],[-111.25845,41.65707],[-111.24471,41.65942],[-111.22678,41.66723],[-111.21344,41.66994],[-111.20368,41.66882],[-111.22528,41.67358],[-111.2475,41.67412],[-111.25571,41.67033],[-111.25233,41.6736],[-111.2399,41.67583],[-111.2458,41.67721],[-111.23567,41.68123],[-111.23968,41.688],[-111.2411,41.69487],[-111.23982,41.69879],[-111.25562,41.69906],[-111.25709,41.70218],[-111.2331,41.70632],[-111.24925,41.71443],[-111.25634,41.71514],[-111.25218,41.72216],[-111.25582,41.72841],[-111.2524,41.72907],[-111.24119,41.72473],[-111.21591,41.72562],[-111.21547,41.73183],[-111.21883,41.73482],[-111.21799,41.74234],[-111.22093,41.74565],[-111.21291,41.74485],[-111.20492,41.73938],[-111.18496,41.73591],[-111.1692,41.73584],[-111.1593,41.73256],[-111.15794,41.73507],[-111.15918,41.74611],[-111.16737,41.75117],[-111.17371,41.76096],[-111.18119,41.76481],[-111.18957,41.76553],[-111.17397,41.76808],[-111.17443,41.77034],[-111.17938,41.77493],[-111.19312,41.77731],[-111.19592,41.77917],[-111.18067,41.77573],[-111.17812,41.7744],[-111.1737,41.76992],[-111.17036,41.76841],[-111.15062,41.76988],[-111.1543,41.77435],[-111.15243,41.78186],[-111.14891,41.78383],[-111.14636,41.78993],[-111.14786,41.797],[-111.146,41.79786],[-111.13871,41.79844],[-111.13285,41.79526],[-111.11952,41.79578],[-111.10968,41.78798],[-111.10601,41.78769],[-111.10196,41.79119],[-111.1109,41.80447],[-111.1174,41.80524],[-111.12638,41.81106],[-111.14872,41.81639],[-111.16522,41.81689],[-111.16296,41.82202],[-111.15828,41.82521],[-111.16061,41.82804],[-111.16096,41.83376],[-111.1518,41.84182],[-111.14813,41.85166],[-111.13364,41.84759],[-111.1183,41.83957],[-111.09064,41.83567],[-111.09477,41.85515],[-111.07653,41.85502],[-111.06349,41.84991],[-111.04642,41.86458],[-111.04602,41.47367],[-111.05329,41.47443],[-111.06782,41.4704],[-111.06811,41.47346],[-111.07432,41.47773],[-111.07193,41.48096],[-111.07445,41.48209],[-111.07247,41.48374],[-111.07129,41.49032],[-111.07704,41.49845],[-111.0841,41.49874],[-111.09268,41.49002],[-111.1082,41.50875],[-111.11093,41.5072],[-111.11534,41.49858],[-111.12395,41.50292],[-111.13073,41.51078],[-111.14008,41.51703],[-111.14007,41.52232],[-111.13622,41.52401],[-111.13937,41.53876],[-111.14809,41.55505],[-111.15496,41.55451],[-111.17479,41.5988],[-111.17913,41.59984],[-111.18712,41.59824],[-111.19808,41.59013],[-111.2017,41.58935],[-111.20307,41.60579],[-111.20533,41.61207],[-111.20536,41.62585],[-111.2174,41.62631],[-111.21757,41.63055],[-111.21946,41.63008],[-111.25717,41.61055],[-111.26314,41.60919],[-111.26882,41.60906],[-111.27111,41.62069]]]}},{"type":"Feature","id":"84770","properties":{"zip":"84770","pop":null,"city":"St. George","county":"Washington","state":"Utah","area":57.66,"lat":37.13808,"lon":-113.62946},"geometry":{"type":"Polygon","coordinates":[[[-113.76908,37.10166],[-113.76566,37.10191],[-113.76583,37.10606],[-113.76347,37.10637],[-113.76647,37.12065],[-113.7642,37.12496],[-113.72074,37.12543],[-113.72594,37.1244],[-113.72571,37.11901],[-113.73362,37.11532],[-113.7348,37.11187],[-113.72295,37.10715],[-113.71739,37.1078],[-113.71231,37.11085],[-113.70656,37.10808],[-113.70176,37.10883],[-113.69426,37.11377],[-113.68949,37.11436],[-113.68856,37.11975],[-113.68643,37.12114],[-113.66103,37.11738],[-113.66049,37.1146],[-113.64837,37.11019],[-113.64714,37.10735],[-113.64307,37.11103],[-113.64784,37.11798],[-113.64832,37.12044],[-113.646,37.12359],[-113.6417,37.12083],[-113.63815,37.11391],[-113.63574,37.11372],[-113.63722,37.11697],[-113.62823,37.1156],[-113.63086,37.12467],[-113.63756,37.12658],[-113.6377,37.14293],[-113.64703,37.14563],[-113.64823,37.1484],[-113.64833,37.15396],[-113.64534,37.15395],[-113.64253,37.15665],[-113.64243,37.16124],[-113.63618,37.16859],[-113.63491,37.18145],[-113.62911,37.18323],[-113.63128,37.19193],[-113.6382,37.1939],[-113.6382,37.19752],[-113.63445,37.19752],[-113.62914,37.20138],[-113.62915,37.20876],[-113.63274,37.21598],[-113.63364,37.23029],[-113.63656,37.23948],[-113.63518,37.24276],[-113.62697,37.24896],[-113.632,37.25427],[-113.63455,37.26097],[-113.62645,37.26106],[-113.6211,37.25728],[-113.61806,37.27052],[-113.61356,37.27122],[-113.61421,37.27357],[-113.6067,37.27259],[-113.60523,37.27607],[-113.60064,37.27672],[-113.59589,37.2798],[-113.59364,37.28383],[-113.58831,37.28495],[-113.58815,37.24406],[-113.5901,37.24261],[-113.58837,37.23992],[-113.58876,37.23453],[-113.59074,37.22579],[-113.594,37.22395],[-113.59374,37.21286],[-113.58891,37.21076],[-113.59213,37.20433],[-113.58822,37.20296],[-113.58481,37.20907],[-113.58083,37.20353],[-113.58299,37.19846],[-113.58132,37.1925],[-113.56954,37.17977],[-113.56694,37.19205],[-113.56997,37.15978],[-113.56711,37.15029],[-113.53818,37.16305],[-113.53909,37.14341],[-113.53636,37.13364],[-113.53642,37.12529],[-113.53038,37.12573],[-113.55636,37.11297],[-113.56338,37.09861],[-113.58298,37.08375],[-113.58502,37.0782],[-113.58446,37.06915],[-113.58837,37.06559],[-113.5949,37.06526],[-113.64065,37.06664],[-113.64066,37.05237],[-113.65268,37.05185],[-113.65559,37.05651],[-113.67837,37.06442],[-113.68561,37.06464],[-113.68907,37.06179],[-113.70114,37.0703],[-113.70649,37.07906],[-113.7212,37.08914],[-113.72617,37.08852],[-113.73088,37.09086],[-113.7314,37.08797],[-113.73691,37.08538],[-113.74093,37.08051],[-113.74036,37.0787],[-113.74526,37.07527],[-113.74838,37.07586],[-113.75051,37.08001],[-113.76599,37.0868],[-113.76908,37.10166]]]}},{"type":"Feature","id":"84773","properties":{"zip":"84773","pop":null,"city":"Teasdale","county":"Wayne","state":"Utah","area":46.1,"lat":38.24957,"lon":-111.47047},"geometry":{"type":"Polygon","coordinates":[[[-111.60685,38.23708],[-111.59849,38.23707],[-111.59854,38.266],[-111.57921,38.26599],[-111.57895,38.28168],[-111.57468,38.28148],[-111.57464,38.27396],[-111.57007,38.27396],[-111.57007,38.27577],[-111.56322,38.27758],[-111.56319,38.28139],[-111.56095,38.28139],[-111.56093,38.28591],[-111.55911,38.28779],[-111.55359,38.28972],[-111.54627,38.29553],[-111.52947,38.29493],[-111.52976,38.29196],[-111.53343,38.29194],[-111.5334,38.28556],[-111.52884,38.28645],[-111.52885,38.28829],[-111.52408,38.28828],[-111.52252,38.29465],[-111.51973,38.29561],[-111.51972,38.30436],[-111.518,38.3069],[-111.51183,38.30627],[-111.50701,38.31028],[-111.49123,38.30718],[-111.48704,38.30991],[-111.48723,38.31353],[-111.45989,38.31392],[-111.45992,38.31],[-111.45174,38.30996],[-111.44496,38.30053],[-111.45971,38.30259],[-111.46524,38.29498],[-111.45351,38.29341],[-111.4508,38.28673],[-111.45266,38.28441],[-111.44601,38.28444],[-111.44604,38.28084],[-111.44177,38.28089],[-111.44181,38.27731],[-111.43715,38.27729],[-111.43717,38.27369],[-111.43249,38.27364],[-111.43249,38.27727],[-111.42793,38.27726],[-111.428,38.27105],[-111.4062,38.25278],[-111.39578,38.25014],[-111.39575,38.25185],[-111.38929,38.25182],[-111.38641,38.25541],[-111.38172,38.25538],[-111.38178,38.25176],[-111.37713,38.25173],[-111.37708,38.24126],[-111.36856,38.23513],[-111.36806,38.2482],[-111.3499,38.24818],[-111.34979,38.25181],[-111.34534,38.25176],[-111.34559,38.24089],[-111.34107,38.24088],[-111.3412,38.23745],[-111.32255,38.23762],[-111.3229,38.22302],[-111.33152,38.22297],[-111.33158,38.21578],[-111.32878,38.21452],[-111.32882,38.21214],[-111.32676,38.21211],[-111.32689,38.20903],[-111.33285,38.2174],[-111.33865,38.21756],[-111.34159,38.21489],[-111.34165,38.21179],[-111.35899,38.21178],[-111.35896,38.22287],[-111.37429,38.22287],[-111.38127,38.22757],[-111.38433,38.22034],[-111.38804,38.21792],[-111.38656,38.21332],[-111.39334,38.20659],[-111.39362,38.20282],[-111.40456,38.19412],[-111.40737,38.19436],[-111.40678,38.19606],[-111.40941,38.19896],[-111.41369,38.19965],[-111.41567,38.19687],[-111.41447,38.19566],[-111.41999,38.1947],[-111.42664,38.18933],[-111.43197,38.1952],[-111.44503,38.19953],[-111.45762,38.19294],[-111.46486,38.19503],[-111.46792,38.19982],[-111.47417,38.20088],[-111.47268,38.20347],[-111.48078,38.20028],[-111.49002,38.20497],[-111.49138,38.20975],[-111.49011,38.21603],[-111.49379,38.22253],[-111.49063,38.22543],[-111.48199,38.22715],[-111.47997,38.22888],[-111.47956,38.23431],[-111.4746,38.23716],[-111.47689,38.23933],[-111.47561,38.24142],[-111.47836,38.24279],[-111.47764,38.24963],[-111.48032,38.25346],[-111.48351,38.25386],[-111.48554,38.25776],[-111.4853,38.25593],[-111.49838,38.24408],[-111.50066,38.23163],[-111.51158,38.2316],[-111.51186,38.22989],[-111.51431,38.23614],[-111.51277,38.24299],[-111.52222,38.23996],[-111.52673,38.24269],[-111.52545,38.24629],[-111.521,38.24914],[-111.526,38.25376],[-111.52545,38.25507],[-111.53212,38.25785],[-111.53705,38.25458],[-111.54628,38.25499],[-111.55122,38.24695],[-111.55605,38.24459],[-111.5574,38.24012],[-111.5616,38.23862],[-111.56194,38.23498],[-111.5649,38.23441],[-111.56591,38.23062],[-111.57001,38.22927],[-111.57195,38.22573],[-111.56942,38.21978],[-111.57355,38.21698],[-111.57226,38.20903],[-111.57767,38.21098],[-111.58287,38.20784],[-111.58278,38.21],[-111.5871,38.2123],[-111.5854,38.21512],[-111.58983,38.2269],[-111.59457,38.23244],[-111.59907,38.23452],[-111.60222,38.23352],[-111.60685,38.23708]]]}},{"type":"Feature","id":"84760","properties":{"zip":"84760","pop":null,"city":"","county":"Iron","state":"Utah","area":248.36,"lat":37.96288,"lon":-112.68562},"geometry":{"type":"Polygon","coordinates":[[[-112.87286,38.0593],[-112.87099,38.06269],[-112.86578,38.06416],[-112.84729,38.06282],[-112.8387,38.05895],[-112.83633,38.0622],[-112.83426,38.06193],[-112.83658,38.06666],[-112.81839,38.06859],[-112.81337,38.067],[-112.79701,38.08913],[-112.79135,38.10352],[-112.78618,38.1064],[-112.78102,38.10419],[-112.77796,38.1013],[-112.77399,38.09082],[-112.77224,38.09156],[-112.76976,38.09966],[-112.77076,38.10366],[-112.76418,38.11249],[-112.75951,38.11521],[-112.75753,38.10957],[-112.7506,38.11625],[-112.7503,38.12134],[-112.74353,38.12952],[-112.73451,38.13533],[-112.7323,38.14124],[-112.72455,38.14749],[-112.47868,38.14742],[-112.47897,37.97768],[-112.46697,37.97766],[-112.46695,37.96504],[-112.48061,37.97099],[-112.48867,37.98478],[-112.49842,37.98879],[-112.50807,37.99666],[-112.51007,38.02272],[-112.51159,38.02477],[-112.51799,38.02543],[-112.5212,38.02386],[-112.52522,38.02727],[-112.53161,38.02296],[-112.53095,38.03312],[-112.5406,38.03493],[-112.55561,38.04234],[-112.5661,38.04311],[-112.59653,38.06586],[-112.61031,38.06045],[-112.65416,38.05899],[-112.66766,38.04776],[-112.67544,38.03706],[-112.68726,38.02839],[-112.69153,38.01981],[-112.69554,38.01826],[-112.69628,38.01602],[-112.69412,38.01341],[-112.69418,37.99209],[-112.68452,37.98755],[-112.67939,37.98827],[-112.67383,37.98542],[-112.66014,37.98414],[-112.65631,37.98213],[-112.65543,37.97824],[-112.64829,37.97761],[-112.6381,37.97236],[-112.63304,37.974],[-112.61164,37.9402],[-112.60496,37.93838],[-112.60686,37.92785],[-112.59484,37.93003],[-112.58707,37.92899],[-112.58588,37.93045],[-112.56856,37.91727],[-112.56857,37.91223],[-112.56299,37.90862],[-112.55882,37.90059],[-112.54957,37.89505],[-112.55672,37.89225],[-112.56282,37.89485],[-112.56845,37.89042],[-112.5884,37.89042],[-112.58847,37.88221],[-112.5784,37.88215],[-112.57843,37.86837],[-112.59022,37.86063],[-112.59914,37.86197],[-112.61048,37.87045],[-112.61474,37.87116],[-112.62333,37.86613],[-112.62831,37.86543],[-112.63426,37.86735],[-112.63604,37.87045],[-112.64447,37.87119],[-112.6512,37.87515],[-112.65678,37.87581],[-112.6588,37.87719],[-112.65995,37.88135],[-112.66323,37.88523],[-112.66401,37.88554],[-112.65942,37.87678],[-112.65214,37.87326],[-112.6563,37.87211],[-112.65665,37.87034],[-112.6538,37.86981],[-112.66663,37.84723],[-112.67205,37.84427],[-112.6715,37.83444],[-112.67549,37.833],[-112.67595,37.83032],[-112.67522,37.82763],[-112.66862,37.82739],[-112.6749,37.81774],[-112.67293,37.81321],[-112.68026,37.81003],[-112.67731,37.80883],[-112.6801,37.80557],[-112.68922,37.80559],[-112.68899,37.71722],[-112.68576,37.71734],[-112.68585,37.69465],[-112.69451,37.6951],[-112.70135,37.69957],[-112.70494,37.69897],[-112.70886,37.70163],[-112.72582,37.70515],[-112.74274,37.71481],[-112.75321,37.71648],[-112.77103,37.71537],[-112.76544,37.72092],[-112.76375,37.7258],[-112.77188,37.71985],[-112.77776,37.72103],[-112.77766,37.7271],[-112.77947,37.7263],[-112.78238,37.73036],[-112.78751,37.73185],[-112.7938,37.73798],[-112.80167,37.73254],[-112.80775,37.73141],[-112.81377,37.73457],[-112.81969,37.73428],[-112.82397,37.72995],[-112.8261,37.73058],[-112.82658,37.73401],[-112.82935,37.72973],[-112.83604,37.72961],[-112.83303,37.73026],[-112.83645,37.7306],[-112.83745,37.73292],[-112.83799,37.75223],[-112.84185,37.75644],[-112.84849,37.75944],[-112.85073,37.76329],[-112.82096,37.7915],[-112.81186,37.79147],[-112.81186,37.80017],[-112.8087,37.80015],[-112.80871,37.8038],[-112.80414,37.80379],[-112.80414,37.8184],[-112.80871,37.81842],[-112.80871,37.82574],[-112.81168,37.82575],[-112.81171,37.83462],[-112.8174,37.83474],[-112.82151,37.84215],[-112.82157,37.84591],[-112.81639,37.8459],[-112.8164,37.83947],[-112.8059,37.84552],[-112.80707,37.84951],[-112.79898,37.85052],[-112.79344,37.85825],[-112.8013,37.86073],[-112.79292,37.8674],[-112.78345,37.86777],[-112.78348,37.87116],[-112.77702,37.88198],[-112.82095,37.88245],[-112.82085,37.91165],[-112.7933,37.91167],[-112.79292,37.89712],[-112.78831,37.89709],[-112.78182,37.90355],[-112.7754,37.91198],[-112.75164,37.95571],[-112.75608,37.95557],[-112.7561,37.96288],[-112.75265,37.96437],[-112.75132,37.98464],[-112.7558,37.99101],[-112.77013,37.98136],[-112.79313,37.98078],[-112.79691,37.98328],[-112.80589,37.9844],[-112.81001,37.99476],[-112.80983,37.9992],[-112.80323,38.01369],[-112.82007,38.01815],[-112.82119,38.01387],[-112.82712,38.01994],[-112.83534,38.02229],[-112.83339,38.03817],[-112.86104,38.04212],[-112.87144,38.04851],[-112.87286,38.0593]]]}},{"type":"Feature","id":"84114","properties":{"zip":"84114","pop":null,"city":"Salt Lake City","county":"Salt Lake","state":"Utah","area":0.04,"lat":40.77775,"lon":-111.88832},"geometry":{"type":"Polygon","coordinates":[[[-111.89025,40.77911],[-111.88564,40.77994],[-111.88668,40.77595],[-111.89107,40.77597],[-111.89025,40.77911]]]}},{"type":"Feature","id":"84408","properties":{"zip":"84408","pop":null,"city":"Ogden","county":"Weber","state":"Utah","area":0.37,"lat":41.19253,"lon":-111.93956},"geometry":{"type":"Polygon","coordinates":[[[-111.94885,41.19055],[-111.94875,41.19585],[-111.94384,41.19479],[-111.93822,41.19575],[-111.93763,41.19745],[-111.92949,41.19738],[-111.92967,41.19026],[-111.9408,41.1903],[-111.944,41.18611],[-111.94897,41.18747],[-111.94885,41.19055]]]}},{"type":"Feature","id":"84654","properties":{"zip":"84654","pop":null,"city":"Salina","county":"Sevier","state":"Utah","area":203.5,"lat":38.89147,"lon":-111.64466},"geometry":{"type":"Polygon","coordinates":[[[-111.90456,38.97646],[-111.89816,38.98573],[-111.89942,38.99407],[-111.89722,38.99843],[-111.88805,38.99862],[-111.89081,38.99128],[-111.87959,38.99113],[-111.87843,38.98747],[-111.87349,38.98639],[-111.86547,38.99326],[-111.86429,38.99135],[-111.86097,38.99166],[-111.85668,38.99804],[-111.85444,39.00625],[-111.85228,39.0063],[-111.8536,39.0008],[-111.85181,38.99699],[-111.84911,38.99388],[-111.84559,38.99333],[-111.83776,39.00737],[-111.82924,39.03219],[-111.83087,39.03317],[-111.81581,39.03323],[-111.81563,39.02979],[-111.81096,39.02834],[-111.80313,39.01903],[-111.79484,39.01507],[-111.79093,39.01466],[-111.77384,39.01966],[-111.75617,39.01978],[-111.75335,39.0237],[-111.74549,39.02796],[-111.74341,39.02253],[-111.74014,39.0207],[-111.7273,39.01841],[-111.712,39.01838],[-111.70331,39.01516],[-111.70084,39.01119],[-111.69453,39.00813],[-111.68869,39.01069],[-111.68322,39.0083],[-111.67897,39.00887],[-111.66081,39.00482],[-111.65117,39.00517],[-111.65138,39.0013],[-111.64469,39.00205],[-111.64159,38.9946],[-111.6358,38.99287],[-111.63805,38.9893],[-111.64776,38.99061],[-111.64683,38.98581],[-111.64832,38.98179],[-111.64625,38.97732],[-111.64855,38.97225],[-111.64705,38.96993],[-111.65109,38.96608],[-111.65105,38.96283],[-111.64925,38.9632],[-111.64798,38.95867],[-111.64951,38.95167],[-111.65883,38.94622],[-111.66088,38.94022],[-111.66585,38.93619],[-111.66124,38.92122],[-111.6618,38.91577],[-111.66737,38.91159],[-111.68551,38.91208],[-111.69655,38.90819],[-111.68797,38.90428],[-111.67317,38.90306],[-111.65698,38.89838],[-111.64969,38.90429],[-111.64846,38.90955],[-111.64487,38.91154],[-111.63128,38.91386],[-111.59689,38.93132],[-111.59772,38.93839],[-111.5915,38.95113],[-111.58759,38.95307],[-111.59356,38.94199],[-111.59312,38.93735],[-111.58722,38.94508],[-111.57578,38.94983],[-111.57317,38.9675],[-111.56148,38.95904],[-111.55863,38.9494],[-111.56462,38.95266],[-111.56312,38.94719],[-111.55965,38.94346],[-111.54914,38.9387],[-111.54413,38.93851],[-111.54615,38.95918],[-111.53713,38.9633],[-111.53812,38.96745],[-111.53658,38.97304],[-111.53231,38.97226],[-111.53027,38.97499],[-111.52669,38.9829],[-111.52847,38.98463],[-111.52358,38.98827],[-111.52291,38.99241],[-111.5184,38.99345],[-111.51693,38.99085],[-111.51093,38.99265],[-111.50744,38.9905],[-111.50816,38.98475],[-111.50028,38.98289],[-111.49799,38.9794],[-111.48258,38.97578],[-111.49145,38.9717],[-111.4904,38.96822],[-111.49578,38.95752],[-111.48827,38.94511],[-111.48537,38.94269],[-111.48168,38.94411],[-111.48156,38.94728],[-111.47467,38.9503],[-111.47277,38.95398],[-111.45999,38.95769],[-111.46179,38.95669],[-111.45816,38.94397],[-111.45969,38.94213],[-111.46001,38.92986],[-111.45091,38.9221],[-111.44733,38.92223],[-111.44696,38.92674],[-111.4436,38.91707],[-111.43732,38.91343],[-111.43244,38.90644],[-111.44182,38.90478],[-111.44805,38.9059],[-111.4651,38.90209],[-111.4715,38.90535],[-111.47426,38.90209],[-111.47337,38.89976],[-111.46612,38.89799],[-111.468,38.89013],[-111.46524,38.88816],[-111.46471,38.8914],[-111.4612,38.89441],[-111.454,38.88916],[-111.45593,38.89663],[-111.4537,38.89811],[-111.44809,38.89559],[-111.44745,38.89235],[-111.43659,38.89148],[-111.43763,38.88398],[-111.44707,38.88154],[-111.44984,38.87912],[-111.45321,38.87537],[-111.45428,38.86872],[-111.46317,38.87006],[-111.46527,38.8665],[-111.46067,38.86441],[-111.46513,38.85544],[-111.46515,38.84993],[-111.45992,38.85084],[-111.46218,38.85571],[-111.45587,38.85717],[-111.45302,38.86044],[-111.44164,38.85241],[-111.45187,38.84457],[-111.45146,38.83789],[-111.445,38.83187],[-111.45165,38.82951],[-111.4712,38.83108],[-111.46997,38.82911],[-111.46419,38.82792],[-111.46397,38.82327],[-111.45917,38.82017],[-111.46154,38.81752],[-111.46818,38.81574],[-111.47119,38.81578],[-111.47526,38.81917],[-111.47607,38.81543],[-111.47208,38.81177],[-111.45962,38.81037],[-111.44655,38.80552],[-111.43325,38.80754],[-111.42539,38.81113],[-111.4173,38.81209],[-111.41683,38.81383],[-111.41251,38.81126],[-111.40878,38.81603],[-111.40423,38.81221],[-111.40202,38.81318],[-111.40369,38.81437],[-111.40226,38.81577],[-111.397,38.8165],[-111.38055,38.81393],[-111.36761,38.81581],[-111.36207,38.81423],[-111.35637,38.81686],[-111.35846,38.81835],[-111.35652,38.8201],[-111.35387,38.81907],[-111.34468,38.82401],[-111.33832,38.82068],[-111.32917,38.81917],[-111.35023,38.78663],[-111.34781,38.77187],[-111.34946,38.76614],[-111.38539,38.75585],[-111.41141,38.75807],[-111.44394,38.75647],[-111.46883,38.7664],[-111.47903,38.77728],[-111.48789,38.78248],[-111.49682,38.78496],[-111.51604,38.80134],[-111.5277,38.805],[-111.53528,38.81133],[-111.53935,38.82388],[-111.53767,38.83961],[-111.5401,38.84779],[-111.55176,38.85821],[-111.55169,38.86673],[-111.55401,38.87441],[-111.55669,38.87685],[-111.57358,38.88188],[-111.59273,38.88229],[-111.5907,38.88094],[-111.5917,38.87649],[-111.59676,38.87015],[-111.60176,38.85795],[-111.60037,38.85384],[-111.60259,38.85337],[-111.59872,38.84967],[-111.59825,38.84523],[-111.60931,38.84822],[-111.60953,38.84507],[-111.61701,38.84801],[-111.61589,38.84308],[-111.61977,38.84359],[-111.61755,38.84132],[-111.61739,38.83154],[-111.63497,38.82144],[-111.63841,38.80961],[-111.64334,38.80379],[-111.65537,38.80102],[-111.66516,38.80202],[-111.67048,38.7992],[-111.67356,38.79961],[-111.6774,38.80298],[-111.67768,38.8055],[-111.68016,38.80294],[-111.68354,38.80288],[-111.68241,38.79802],[-111.67357,38.79165],[-111.67448,38.79031],[-111.68103,38.79173],[-111.6861,38.78886],[-111.68141,38.77834],[-111.67506,38.77514],[-111.67583,38.77322],[-111.68313,38.77472],[-111.69106,38.77195],[-111.69321,38.76928],[-111.68944,38.76594],[-111.68616,38.76692],[-111.6879,38.75812],[-111.68083,38.75481],[-111.68977,38.73457],[-111.69162,38.73362],[-111.69597,38.71991],[-111.69807,38.71806],[-111.69627,38.71984],[-111.69733,38.72315],[-111.71117,38.72578],[-111.71484,38.72913],[-111.72561,38.73236],[-111.7377,38.73973],[-111.74562,38.7598],[-111.75185,38.76297],[-111.75783,38.76919],[-111.75627,38.76921],[-111.758,38.77533],[-111.75648,38.78437],[-111.74593,38.78262],[-111.7435,38.77868],[-111.73631,38.77605],[-111.72927,38.78217],[-111.72992,38.78736],[-111.73344,38.79323],[-111.73144,38.80038],[-111.7337,38.80951],[-111.73312,38.81816],[-111.7346,38.81963],[-111.7327,38.82238],[-111.73248,38.83464],[-111.74477,38.85468],[-111.74342,38.86961],[-111.74017,38.87064],[-111.73954,38.88361],[-111.7369,38.88615],[-111.73817,38.90426],[-111.74077,38.91197],[-111.74,38.91653],[-111.77866,38.92535],[-111.79077,38.9323],[-111.80911,38.93209],[-111.81316,38.92469],[-111.80686,38.91477],[-111.80768,38.90567],[-111.80383,38.89954],[-111.80432,38.89312],[-111.80834,38.89046],[-111.81071,38.88247],[-111.8167,38.8751],[-111.82536,38.86934],[-111.83186,38.85884],[-111.84108,38.85206],[-111.8517,38.84942],[-111.85997,38.84225],[-111.86296,38.84209],[-111.86673,38.84462],[-111.86656,38.84744],[-111.87181,38.85611],[-111.86788,38.86756],[-111.85969,38.88184],[-111.88004,38.91103],[-111.89556,38.92321],[-111.88639,38.93594],[-111.88752,38.93988],[-111.8721,38.95642],[-111.88879,38.95433],[-111.88868,38.97481],[-111.90619,38.97409],[-111.90456,38.97646]]]}},{"type":"Feature","id":"84180","properties":{"zip":"84180","pop":null,"city":"Salt Lake City","county":"Salt Lake","state":"Utah","area":0.02,"lat":40.77044,"lon":-111.9011},"geometry":{"type":"Polygon","coordinates":[[[-111.90254,40.77155],[-111.89968,40.77155],[-111.89967,40.76935],[-111.90253,40.76934],[-111.90254,40.77155]]]}},{"type":"Feature","id":"84317","properties":{"zip":"84317","pop":null,"city":"","county":"Weber","state":"Utah","area":166.7,"lat":41.30362,"lon":-111.62177},"geometry":{"type":"Polygon","coordinates":[[[-111.86901,41.19394],[-111.86671,41.19329],[-111.86802,41.19539],[-111.86645,41.19587],[-111.86602,41.20137],[-111.86763,41.20272],[-111.86057,41.21189],[-111.86229,41.21708],[-111.85552,41.21909],[-111.85905,41.22258],[-111.85934,41.22607],[-111.85019,41.22884],[-111.84081,41.22899],[-111.83615,41.23221],[-111.83431,41.24407],[-111.84258,41.25527],[-111.82867,41.26038],[-111.82471,41.26589],[-111.82183,41.26627],[-111.82175,41.26474],[-111.81779,41.26754],[-111.81948,41.27139],[-111.81943,41.28184],[-111.82485,41.29002],[-111.81807,41.2927],[-111.81639,41.29218],[-111.81623,41.28942],[-111.81282,41.28921],[-111.80922,41.2862],[-111.8102,41.27518],[-111.8132,41.27292],[-111.81269,41.27124],[-111.80955,41.27104],[-111.79709,41.27754],[-111.8005,41.27784],[-111.79849,41.2806],[-111.79959,41.28139],[-111.79625,41.28177],[-111.79739,41.27905],[-111.79406,41.27713],[-111.79228,41.27935],[-111.79402,41.28929],[-111.79033,41.29259],[-111.78571,41.28773],[-111.775,41.28665],[-111.76086,41.28995],[-111.7581,41.29124],[-111.75798,41.29459],[-111.74926,41.2969],[-111.74185,41.30325],[-111.73563,41.30482],[-111.71084,41.31974],[-111.71068,41.32271],[-111.70514,41.32925],[-111.69588,41.33555],[-111.69672,41.34338],[-111.69211,41.34893],[-111.69561,41.3547],[-111.69486,41.36467],[-111.6988,41.37843],[-111.70321,41.38505],[-111.70636,41.38611],[-111.72513,41.38656],[-111.71595,41.39497],[-111.71203,41.39503],[-111.71053,41.3978],[-111.71219,41.39849],[-111.70652,41.40484],[-111.70678,41.41308],[-111.71241,41.41352],[-111.71874,41.41703],[-111.7229,41.42316],[-111.72147,41.42732],[-111.71818,41.42458],[-111.71459,41.42519],[-111.71181,41.42314],[-111.70779,41.42542],[-111.70409,41.42105],[-111.69649,41.41707],[-111.68975,41.41841],[-111.67907,41.4273],[-111.66693,41.4288],[-111.66057,41.41868],[-111.65289,41.41138],[-111.65264,41.40779],[-111.64752,41.40546],[-111.64384,41.40609],[-111.6431,41.41057],[-111.63986,41.41464],[-111.63092,41.41836],[-111.62679,41.4176],[-111.61899,41.42209],[-111.61231,41.4215],[-111.61031,41.41892],[-111.59911,41.42131],[-111.58473,41.41811],[-111.57548,41.42877],[-111.57165,41.42508],[-111.56466,41.42312],[-111.55477,41.42409],[-111.55168,41.41408],[-111.545,41.40957],[-111.54187,41.40506],[-111.53966,41.40947],[-111.53417,41.41126],[-111.53185,41.41452],[-111.52135,41.41597],[-111.51742,41.42165],[-111.51084,41.4231],[-111.51069,41.42068],[-111.5064,41.41788],[-111.50786,41.41384],[-111.50375,41.41347],[-111.49414,41.40575],[-111.4843,41.40465],[-111.48166,41.4011],[-111.47551,41.39987],[-111.47843,41.39057],[-111.47762,41.38435],[-111.4652,41.38074],[-111.45854,41.37328],[-111.44817,41.37286],[-111.44571,41.37134],[-111.44594,41.36667],[-111.43777,41.36669],[-111.43406,41.36224],[-111.42412,41.36479],[-111.42073,41.36131],[-111.42401,41.35634],[-111.42367,41.34829],[-111.42668,41.34278],[-111.43436,41.34226],[-111.43815,41.3381],[-111.43635,41.33612],[-111.4378,41.33429],[-111.43742,41.32356],[-111.44339,41.32206],[-111.44471,41.31823],[-111.44941,41.31571],[-111.44842,41.31057],[-111.44411,41.30629],[-111.44255,41.29824],[-111.43918,41.29512],[-111.44282,41.29236],[-111.44011,41.28959],[-111.44601,41.28527],[-111.44514,41.27839],[-111.4577,41.27368],[-111.45814,41.26787],[-111.46646,41.26248],[-111.46443,41.25811],[-111.47112,41.25575],[-111.47169,41.25146],[-111.47793,41.2508],[-111.47718,41.24553],[-111.49446,41.24126],[-111.49131,41.23711],[-111.49681,41.23061],[-111.49667,41.22729],[-111.50606,41.23093],[-111.51029,41.23093],[-111.51198,41.22897],[-111.52267,41.23025],[-111.52612,41.22875],[-111.53526,41.23618],[-111.55538,41.23792],[-111.55973,41.24024],[-111.58404,41.23834],[-111.59131,41.24081],[-111.60925,41.22922],[-111.60686,41.22312],[-111.61066,41.21196],[-111.615,41.20797],[-111.62287,41.20576],[-111.62429,41.20037],[-111.64092,41.19881],[-111.64637,41.19275],[-111.65439,41.18932],[-111.65687,41.18614],[-111.66738,41.18742],[-111.67802,41.18121],[-111.69837,41.18181],[-111.71711,41.18641],[-111.72152,41.19157],[-111.72625,41.19342],[-111.72812,41.19726],[-111.74552,41.20376],[-111.74598,41.21245],[-111.74908,41.21454],[-111.75464,41.21477],[-111.75759,41.21068],[-111.76493,41.20803],[-111.76367,41.21044],[-111.77202,41.2168],[-111.77448,41.21814],[-111.77892,41.21669],[-111.7812,41.21867],[-111.78971,41.21863],[-111.79359,41.21591],[-111.79981,41.21718],[-111.80597,41.2159],[-111.80778,41.21278],[-111.81225,41.21205],[-111.81757,41.20471],[-111.82897,41.20476],[-111.84018,41.19929],[-111.85821,41.1976],[-111.86028,41.19388],[-111.86531,41.19151],[-111.86901,41.19394]]]}},{"type":"Feature","id":"84754","properties":{"zip":"84754","pop":null,"city":"Monroe","county":"Sevier","state":"Utah","area":62.63,"lat":38.60503,"lon":-112.11764},"geometry":{"type":"Polygon","coordinates":[[[-112.20523,38.62757],[-112.20007,38.63083],[-112.19759,38.63411],[-112.19774,38.63786],[-112.19063,38.64294],[-112.18895,38.64712],[-112.18691,38.6472],[-112.18392,38.6521],[-112.18596,38.65317],[-112.18427,38.65415],[-112.17898,38.65399],[-112.17771,38.65171],[-112.16717,38.65531],[-112.15782,38.65435],[-112.15792,38.66173],[-112.13467,38.66193],[-112.13274,38.66948],[-112.13947,38.66946],[-112.13967,38.67414],[-112.14845,38.67401],[-112.13984,38.67438],[-112.13996,38.67969],[-112.13115,38.68037],[-112.12426,38.68343],[-112.13139,38.68371],[-112.1232,38.68765],[-112.12338,38.68913],[-112.12621,38.68786],[-112.1263,38.69485],[-112.14244,38.69484],[-112.14248,38.69788],[-112.14719,38.69476],[-112.13176,38.721],[-112.12786,38.7166],[-112.11729,38.71689],[-112.11735,38.72055],[-112.11089,38.7206],[-112.11081,38.7223],[-112.10804,38.72067],[-112.1063,38.72364],[-112.10416,38.72362],[-112.10423,38.72558],[-112.10012,38.72416],[-112.09783,38.729],[-112.09482,38.729],[-112.09494,38.73092],[-112.0901,38.73088],[-112.08997,38.72436],[-112.09464,38.72439],[-112.09444,38.71857],[-112.09206,38.71852],[-112.09433,38.71797],[-112.09203,38.71621],[-112.07169,38.71588],[-112.0736,38.71326],[-112.07742,38.71309],[-112.07668,38.71086],[-112.07888,38.71108],[-112.08006,38.70568],[-112.08934,38.70679],[-112.08664,38.70231],[-112.08413,38.7023],[-112.08405,38.695],[-112.08183,38.69502],[-112.08102,38.69239],[-112.083,38.69161],[-112.08203,38.68928],[-112.07206,38.67692],[-112.06633,38.67297],[-112.06391,38.66558],[-112.05797,38.66056],[-112.04426,38.65469],[-112.04177,38.65147],[-112.04231,38.64672],[-112.04431,38.64585],[-112.0366,38.64099],[-112.03556,38.63782],[-112.03207,38.63707],[-112.02965,38.63206],[-112.01135,38.62381],[-112.01703,38.61872],[-112.02619,38.6196],[-112.04146,38.61691],[-112.0498,38.61341],[-112.05895,38.61296],[-112.06378,38.60914],[-112.07006,38.60756],[-112.07483,38.60283],[-112.08289,38.60072],[-112.08313,38.59885],[-112.07824,38.59585],[-112.07634,38.59226],[-112.0837,38.57786],[-112.08462,38.58078],[-112.0858,38.57912],[-112.08684,38.57118],[-112.09003,38.57084],[-112.08333,38.56523],[-112.08265,38.56766],[-112.08067,38.56695],[-112.07941,38.55956],[-112.08174,38.55811],[-112.0898,38.56245],[-112.09442,38.5589],[-112.09394,38.55607],[-112.08981,38.55719],[-112.09012,38.55402],[-112.08693,38.55544],[-112.08935,38.54979],[-112.08734,38.54775],[-112.08322,38.54816],[-112.08267,38.54501],[-112.07987,38.54342],[-112.07928,38.54013],[-112.08177,38.5399],[-112.08045,38.53809],[-112.08199,38.53116],[-112.07352,38.53118],[-112.07225,38.52931],[-112.06347,38.52741],[-112.0567,38.53356],[-112.04782,38.53197],[-112.04973,38.5201],[-112.05503,38.51826],[-112.05612,38.51416],[-112.0525,38.50738],[-112.05204,38.50204],[-112.06197,38.50209],[-112.06213,38.51047],[-112.20526,38.51217],[-112.2044,38.51697],[-112.1972,38.52066],[-112.19575,38.52613],[-112.18638,38.52896],[-112.17907,38.5425],[-112.18043,38.54442],[-112.17691,38.55641],[-112.17166,38.56293],[-112.18778,38.56837],[-112.19195,38.57299],[-112.18338,38.58707],[-112.18815,38.58781],[-112.1825,38.59357],[-112.18103,38.59776],[-112.17357,38.60292],[-112.17169,38.60176],[-112.1707,38.6034],[-112.17011,38.5987],[-112.16669,38.59916],[-112.1674,38.60801],[-112.16284,38.61495],[-112.16324,38.61782],[-112.16666,38.61796],[-112.16685,38.63012],[-112.17707,38.63259],[-112.18461,38.63116],[-112.18794,38.63312],[-112.20545,38.6248],[-112.20523,38.62757]],[[-112.13274,38.66948],[-112.12739,38.66949],[-112.12735,38.67057],[-112.1328,38.67057],[-112.13274,38.66948]]]}},{"type":"Feature","id":"84536","properties":{"zip":"84536","pop":null,"city":"Oljato-Monument Valley","county":"San Juan","state":"Utah","area":457.98,"lat":37.14016,"lon":-110.23108},"geometry":{"type":"Polygon","coordinates":[[[-110.53553,37.21952],[-110.52126,37.21638],[-110.51267,37.20814],[-110.51509,37.21309],[-110.51301,37.21738],[-110.51563,37.2179],[-110.51329,37.22207],[-110.51489,37.2239],[-110.51286,37.2257],[-110.5133,37.22965],[-110.51054,37.23105],[-110.51487,37.23647],[-110.50883,37.23755],[-110.51372,37.24],[-110.50822,37.23997],[-110.51135,37.24304],[-110.50889,37.24469],[-110.50973,37.24323],[-110.50613,37.24383],[-110.50801,37.24636],[-110.50564,37.2472],[-110.50913,37.24828],[-110.50422,37.25144],[-110.5043,37.25433],[-110.49,37.25827],[-110.47334,37.25362],[-110.46818,37.25829],[-110.4664,37.25699],[-110.46736,37.25893],[-110.46546,37.26085],[-110.45976,37.25386],[-110.46222,37.25731],[-110.46112,37.25865],[-110.46405,37.26135],[-110.46031,37.26318],[-110.45773,37.26234],[-110.45005,37.25153],[-110.44462,37.25251],[-110.44631,37.24949],[-110.43942,37.24902],[-110.43954,37.24703],[-110.43413,37.24942],[-110.43452,37.24704],[-110.42874,37.24967],[-110.4276,37.2472],[-110.42626,37.24972],[-110.42738,37.24521],[-110.42459,37.24433],[-110.42521,37.24208],[-110.42401,37.24377],[-110.42147,37.24233],[-110.42309,37.24488],[-110.42147,37.24411],[-110.42143,37.24703],[-110.41915,37.24594],[-110.42086,37.24746],[-110.42369,37.24714],[-110.42436,37.24834],[-110.42188,37.25421],[-110.42429,37.2552],[-110.42075,37.25892],[-110.4163,37.25786],[-110.41733,37.25601],[-110.41266,37.25853],[-110.40748,37.25554],[-110.40799,37.25403],[-110.40658,37.25458],[-110.40738,37.25914],[-110.41213,37.26083],[-110.4104,37.26698],[-110.41183,37.26832],[-110.40562,37.27417],[-110.40783,37.27497],[-110.40716,37.2767],[-110.41143,37.27479],[-110.40954,37.27825],[-110.40978,37.28631],[-110.41134,37.28522],[-110.40898,37.29026],[-110.40336,37.29224],[-110.35066,37.28337],[-110.3483,37.28574],[-110.35036,37.28986],[-110.34206,37.29536],[-110.32606,37.30088],[-110.31975,37.30114],[-110.31402,37.30547],[-110.30787,37.2992],[-110.30737,37.29539],[-110.3049,37.29309],[-110.30012,37.2917],[-110.29316,37.28501],[-110.28606,37.28431],[-110.27373,37.28904],[-110.26142,37.29708],[-110.24696,37.29631],[-110.23874,37.29357],[-110.23145,37.29464],[-110.21885,37.30362],[-110.21465,37.31137],[-110.20461,37.3191],[-110.19583,37.31998],[-110.16782,37.31706],[-110.15074,37.32045],[-110.14853,37.31598],[-110.15466,37.307],[-110.15401,37.30371],[-110.13235,37.29785],[-110.1279,37.29458],[-110.11511,37.29091],[-110.10873,37.28091],[-110.09995,37.273],[-110.09288,37.25754],[-110.08292,37.25696],[-110.07685,37.25331],[-110.07526,37.25],[-110.07613,37.24367],[-110.07233,37.23985],[-110.06296,37.24023],[-110.05003,37.24674],[-110.04712,37.24641],[-110.03933,37.23952],[-110.04464,37.23429],[-110.0373,37.22555],[-110.03579,37.21856],[-110.02608,37.21579],[-110.02108,37.22599],[-110.01321,37.22881],[-110.01108,37.22769],[-110.01121,37.22138],[-110.00123,37.21678],[-109.99918,37.21393],[-110.00752,37.20693],[-110.00537,37.20138],[-109.99737,37.20119],[-109.99404,37.20403],[-109.99118,37.21263],[-109.98489,37.21418],[-109.98177,37.21305],[-109.98051,37.20842],[-109.98531,37.20516],[-109.9866,37.20173],[-109.98438,37.19685],[-109.98005,37.19648],[-109.96979,37.19994],[-109.95839,37.19163],[-109.96399,37.18321],[-109.95799,37.18043],[-109.9591,37.17699],[-109.95362,37.16979],[-109.94754,37.16753],[-109.94216,37.17354],[-109.93156,37.17432],[-109.93188,37.17026],[-109.9403,37.16724],[-109.94463,37.161],[-109.9441,37.1582],[-109.93971,37.15496],[-109.93582,37.15442],[-109.93304,37.15636],[-109.93041,37.16725],[-109.92759,37.17075],[-109.92407,37.16967],[-109.92518,37.16241],[-109.91742,37.16097],[-109.91455,37.16749],[-109.91447,37.17724],[-109.91035,37.18111],[-109.90834,37.1808],[-109.90445,37.17274],[-109.8999,37.17509],[-109.89511,37.18193],[-109.88848,37.18252],[-109.88822,37.18012],[-109.89379,37.17957],[-109.89538,37.17706],[-109.89079,37.16884],[-109.88594,37.16618],[-109.88598,37.1646],[-109.89193,37.15945],[-109.8985,37.15725],[-109.89871,37.15366],[-109.88896,37.15757],[-109.88511,37.15553],[-109.88384,37.14832],[-109.88114,37.14835],[-109.87525,37.15472],[-109.86773,37.15077],[-109.87518,37.14543],[-109.88063,37.13792],[-109.89658,37.12931],[-109.91795,37.12805],[-109.95717,37.11688],[-109.97021,37.11138],[-109.96796,37.1083],[-109.95903,37.10773],[-109.94025,37.11144],[-109.93409,37.10624],[-109.92715,37.10368],[-109.92453,37.10019],[-109.91866,37.09916],[-109.91194,37.10169],[-109.91258,37.10325],[-109.90906,37.10524],[-109.90021,37.10469],[-109.88727,37.1081],[-109.90819,37.09176],[-109.90706,37.0852],[-109.90321,37.08547],[-109.89291,37.07829],[-109.88411,37.07688],[-109.87214,37.07835],[-109.86527,37.08108],[-109.86393,37.08439],[-109.86112,37.08528],[-109.86563,37.0787],[-109.8624,37.0768],[-109.86298,37.07277],[-109.86112,37.07015],[-109.87131,37.06579],[-109.86953,37.06417],[-109.87027,37.05765],[-109.86621,37.0475],[-109.87297,37.04634],[-109.87755,37.04135],[-109.88458,37.03758],[-109.88793,37.03899],[-109.89098,37.03513],[-109.89544,37.0338],[-109.90168,37.04364],[-109.90853,37.04606],[-109.91221,37.05034],[-109.91842,37.04443],[-109.92962,37.03968],[-109.93271,37.03323],[-109.93938,37.02931],[-109.96453,37.03539],[-109.97239,37.03232],[-109.98179,37.03169],[-109.98504,37.03409],[-109.99074,37.0502],[-109.99896,37.05271],[-110.00412,37.05107],[-110.00477,37.04888],[-110.00951,37.04649],[-110.00439,37.0527],[-110.00396,37.06648],[-109.9923,37.07478],[-109.99268,37.07891],[-110.01011,37.08857],[-110.02437,37.0799],[-110.03625,37.06911],[-110.04235,37.06748],[-110.05924,37.06788],[-110.08055,37.06007],[-110.09848,37.04201],[-110.1079,37.03775],[-110.11075,37.03443],[-110.12949,37.02495],[-110.14576,37.02016],[-110.14964,37.00047],[-110.16073,37.00049],[-110.16988,37.0035],[-110.16682,37.00218],[-110.16565,36.99841],[-110.15798,36.99842],[-110.15325,36.98923],[-110.14706,36.98609],[-110.14526,36.9731],[-110.14283,36.96842],[-110.15768,36.94154],[-110.1648,36.92146],[-110.17543,36.93966],[-110.18046,36.94493],[-110.18574,36.9481],[-110.1933,36.94857],[-110.20462,36.95305],[-110.18276,36.98288],[-110.19016,36.97758],[-110.21849,36.97861],[-110.22311,36.97041],[-110.22572,36.97459],[-110.23789,36.97692],[-110.23989,36.97528],[-110.24405,36.97578],[-110.25602,36.98641],[-110.27537,36.99234],[-110.27592,36.99826],[-110.46758,36.998],[-110.47315,37.00257],[-110.47254,37.00792],[-110.4749,37.01197],[-110.47369,37.01602],[-110.47544,37.02112],[-110.47146,37.02632],[-110.47607,37.0317],[-110.47058,37.04258],[-110.47534,37.04562],[-110.47534,37.05396],[-110.47083,37.05617],[-110.46977,37.06264],[-110.47241,37.06574],[-110.4897,37.07025],[-110.49463,37.07461],[-110.49764,37.08383],[-110.49936,37.10503],[-110.5075,37.12754],[-110.50816,37.13216],[-110.50577,37.13998],[-110.51929,37.18705],[-110.53553,37.21952]]]}},{"type":"Feature","id":"84626","properties":{"zip":"84626","pop":null,"city":"","county":"Utah","state":"Utah","area":82.13,"lat":39.93352,"lon":-111.98537},"geometry":{"type":"Polygon","coordinates":[[[-112.10626,39.9393],[-112.10321,39.94244],[-112.10253,39.94826],[-112.09721,39.95141],[-112.0931,39.95143],[-112.09043,39.95081],[-112.09064,39.94521],[-112.08864,39.94318],[-112.08147,39.94114],[-112.07615,39.93716],[-112.07036,39.93677],[-112.06454,39.94069],[-112.05357,39.94266],[-112.04681,39.94827],[-112.03097,39.9508],[-112.02801,39.94853],[-112.03486,39.94913],[-112.03834,39.94783],[-112.03813,39.94503],[-112.03493,39.94445],[-112.0348,39.94146],[-112.02658,39.93585],[-112.02091,39.92802],[-112.00687,39.92957],[-111.99371,39.92673],[-111.99378,39.9294],[-111.98805,39.92944],[-111.98489,39.94742],[-111.96966,39.9382],[-111.96396,39.95189],[-111.97187,39.95177],[-111.97507,39.96863],[-111.97422,39.97356],[-111.9657,39.9683],[-111.96193,39.96795],[-111.96012,39.98005],[-111.96931,39.99346],[-111.97807,39.99355],[-111.9813,40.00275],[-111.97584,40.00432],[-111.97571,40.02345],[-111.95827,40.02359],[-111.95827,40.04506],[-111.96834,40.04631],[-111.97376,40.04384],[-111.98927,40.04463],[-112.00191,40.11194],[-111.99668,40.11132],[-111.99526,40.11554],[-111.99001,40.1171],[-111.99235,40.12074],[-111.99036,40.12549],[-111.98506,40.12912],[-111.98076,40.13034],[-111.97521,40.12721],[-111.96807,40.1263],[-111.96521,40.12117],[-111.96225,40.12467],[-111.96275,40.12713],[-111.95911,40.12712],[-111.95862,40.07605],[-111.93966,40.07626],[-111.93979,40.08576],[-111.93307,40.08827],[-111.93391,40.09071],[-111.93085,40.08517],[-111.92695,40.08561],[-111.9224,40.07963],[-111.89777,40.06243],[-111.90327,40.06514],[-111.89221,40.05482],[-111.89171,40.0455],[-111.8952,40.0467],[-111.89888,40.04474],[-111.91094,40.0511],[-111.90862,40.04833],[-111.91036,40.04766],[-111.91478,40.0513],[-111.9178,40.04964],[-111.91928,40.04711],[-111.91554,40.04084],[-111.91909,40.04066],[-111.91813,40.03837],[-111.91514,40.03985],[-111.92055,40.03391],[-111.918,40.0341],[-111.91975,40.02361],[-111.9168,40.0187],[-111.91208,40.01726],[-111.91062,40.01443],[-111.90866,40.01566],[-111.91111,40.01923],[-111.90856,40.02082],[-111.90094,40.02227],[-111.90076,40.02411],[-111.89297,40.0233],[-111.88128,40.02882],[-111.8812,40.00172],[-111.90776,39.99973],[-111.90942,39.99561],[-111.90848,39.98519],[-111.9048,39.98201],[-111.90434,39.97709],[-111.90098,39.97455],[-111.91705,39.9746],[-111.92248,39.97009],[-111.92624,39.97009],[-111.92824,39.96729],[-111.93099,39.96709],[-111.93231,39.96011],[-111.93736,39.95601],[-111.93862,39.95223],[-111.93769,39.93988],[-111.92096,39.91953],[-111.92677,39.91944],[-111.92805,39.91583],[-111.91723,39.91598],[-111.92655,39.91575],[-111.93242,39.91137],[-111.93566,39.90108],[-111.93179,39.89711],[-111.9335,39.89535],[-111.93233,39.89291],[-111.91707,39.88291],[-111.92106,39.88015],[-111.92168,39.87448],[-111.92662,39.87267],[-111.92525,39.87062],[-111.92788,39.86516],[-111.93363,39.86233],[-111.93813,39.85742],[-111.93709,39.85536],[-111.94828,39.84899],[-111.95005,39.83901],[-111.94891,39.83667],[-111.95067,39.8343],[-111.95773,39.83656],[-111.96487,39.82527],[-111.96313,39.82344],[-111.96272,39.81596],[-111.96947,39.80711],[-111.97555,39.80704],[-111.98966,39.81161],[-111.99085,39.80475],[-111.99492,39.80148],[-112.00329,39.79988],[-112.00447,39.79559],[-112.00965,39.79533],[-112.01603,39.7918],[-112.0198,39.78708],[-112.02473,39.78641],[-112.0262,39.78269],[-112.03097,39.7811],[-112.03299,39.79433],[-112.03202,39.80155],[-112.04511,39.79739],[-112.06156,39.80014],[-112.06284,39.80234],[-112.06096,39.80272],[-112.06159,39.80632],[-112.06476,39.81099],[-112.06236,39.81205],[-112.06672,39.81642],[-112.06449,39.81831],[-112.0669,39.82726],[-112.06576,39.82963],[-112.0705,39.83812],[-112.07522,39.83969],[-112.07395,39.84707],[-112.07695,39.85289],[-112.08061,39.85332],[-112.0795,39.85671],[-112.08156,39.86269],[-112.08122,39.86508],[-112.07084,39.86971],[-112.066,39.87613],[-112.05915,39.88038],[-112.05956,39.88717],[-112.05351,39.8934],[-112.06111,39.89814],[-112.06255,39.90468],[-112.07221,39.91132],[-112.08126,39.91315],[-112.08058,39.91694],[-112.0832,39.91825],[-112.08525,39.92549],[-112.0926,39.92804],[-112.09328,39.93016],[-112.10312,39.92863],[-112.10431,39.9308],[-112.1025,39.93485],[-112.10626,39.9393]]]}},{"type":"Feature","id":"84642","properties":{"zip":"84642","pop":null,"city":"Manti","county":"Sanpete","state":"Utah","area":97.44,"lat":39.20141,"lon":-111.60883},"geometry":{"type":"Polygon","coordinates":[[[-111.80053,39.03603],[-111.79293,39.03709],[-111.79554,39.04022],[-111.79203,39.04608],[-111.79281,39.06303],[-111.79043,39.06817],[-111.79255,39.06917],[-111.79109,39.07122],[-111.79185,39.07707],[-111.78217,39.0893],[-111.78289,39.0915],[-111.77667,39.09752],[-111.77392,39.09865],[-111.76323,39.09125],[-111.75633,39.08994],[-111.74616,39.09431],[-111.73605,39.09351],[-111.73087,39.08908],[-111.73087,39.0804],[-111.71873,39.08043],[-111.71978,39.07656],[-111.71198,39.07321],[-111.71049,39.07003],[-111.71214,39.07001],[-111.70449,39.06335],[-111.6986,39.06883],[-111.69004,39.06772],[-111.68747,39.06897],[-111.68655,39.06629],[-111.68257,39.06708],[-111.67913,39.06885],[-111.67198,39.07958],[-111.67186,39.09424],[-111.67916,39.10695],[-111.66759,39.10703],[-111.66022,39.1005],[-111.6521,39.10169],[-111.64216,39.10029],[-111.61638,39.1084],[-111.61682,39.11283],[-111.61245,39.11723],[-111.60747,39.14057],[-111.59643,39.15024],[-111.59486,39.15555],[-111.58722,39.15969],[-111.58624,39.16471],[-111.58854,39.16609],[-111.58766,39.17006],[-111.59017,39.17182],[-111.58955,39.1757],[-111.58779,39.17703],[-111.57131,39.17559],[-111.56784,39.17871],[-111.56719,39.18362],[-111.57464,39.18785],[-111.58315,39.18829],[-111.5961,39.19657],[-111.60476,39.19763],[-111.60874,39.2026],[-111.61433,39.20083],[-111.61987,39.20527],[-111.6274,39.20615],[-111.63387,39.20992],[-111.64777,39.21043],[-111.64841,39.21291],[-111.64448,39.21757],[-111.64437,39.22346],[-111.64734,39.22728],[-111.64434,39.23453],[-111.6439,39.25008],[-111.67199,39.22703],[-111.70373,39.22694],[-111.70181,39.23679],[-111.70755,39.24185],[-111.70542,39.24593],[-111.70349,39.24377],[-111.70195,39.24726],[-111.69592,39.24809],[-111.69401,39.25585],[-111.69584,39.25754],[-111.69282,39.2589],[-111.69457,39.26093],[-111.68588,39.26602],[-111.68762,39.26628],[-111.68935,39.27064],[-111.68124,39.27266],[-111.68005,39.27778],[-111.67817,39.2782],[-111.68496,39.28434],[-111.68355,39.29525],[-111.66323,39.30967],[-111.66313,39.31415],[-111.63638,39.31561],[-111.6062,39.31215],[-111.59877,39.31503],[-111.59824,39.31753],[-111.58312,39.32018],[-111.58151,39.31829],[-111.56342,39.31344],[-111.5552,39.3147],[-111.54593,39.31031],[-111.53391,39.30893],[-111.53167,39.31066],[-111.51945,39.30586],[-111.52014,39.31392],[-111.51662,39.31752],[-111.51687,39.32031],[-111.50919,39.32504],[-111.50983,39.33135],[-111.50085,39.33269],[-111.5002,39.33143],[-111.49545,39.33385],[-111.49665,39.32668],[-111.48943,39.32498],[-111.4937,39.3213],[-111.49363,39.31602],[-111.49845,39.31086],[-111.4985,39.30363],[-111.49552,39.3032],[-111.49511,39.306],[-111.48558,39.30816],[-111.47897,39.30609],[-111.47088,39.30708],[-111.46405,39.3002],[-111.45523,39.29694],[-111.44991,39.30234],[-111.45621,39.30945],[-111.45209,39.31265],[-111.44921,39.30966],[-111.44643,39.31044],[-111.44716,39.30579],[-111.44248,39.29905],[-111.44794,39.28918],[-111.44371,39.27366],[-111.44668,39.26396],[-111.44534,39.2586],[-111.45229,39.2531],[-111.4535,39.24776],[-111.45723,39.2458],[-111.46156,39.25219],[-111.46067,39.2579],[-111.4632,39.2653],[-111.4595,39.27103],[-111.4596,39.27323],[-111.46263,39.27401],[-111.46204,39.2766],[-111.4745,39.27512],[-111.47798,39.27312],[-111.47763,39.26952],[-111.48055,39.27018],[-111.48731,39.26573],[-111.50512,39.26229],[-111.5094,39.25872],[-111.53166,39.2582],[-111.52722,39.2555],[-111.52886,39.25409],[-111.52727,39.24882],[-111.52437,39.24876],[-111.52337,39.24318],[-111.52479,39.24093],[-111.52085,39.242],[-111.51292,39.24004],[-111.51159,39.23647],[-111.51312,39.23618],[-111.50462,39.22821],[-111.50638,39.22783],[-111.50491,39.22619],[-111.50138,39.22571],[-111.5003,39.22257],[-111.50295,39.22233],[-111.5011,39.21898],[-111.49252,39.21594],[-111.4942,39.21529],[-111.48891,39.2166],[-111.48449,39.21088],[-111.48142,39.20387],[-111.48198,39.20122],[-111.48608,39.20008],[-111.48383,39.20235],[-111.49945,39.20509],[-111.50383,39.20859],[-111.50985,39.20963],[-111.51481,39.20775],[-111.52058,39.21189],[-111.53839,39.21528],[-111.54664,39.21322],[-111.55707,39.2048],[-111.57011,39.2063],[-111.56199,39.2029],[-111.56241,39.19464],[-111.55353,39.18713],[-111.55227,39.17985],[-111.54892,39.17741],[-111.54695,39.17103],[-111.53893,39.16971],[-111.53258,39.17165],[-111.52671,39.16849],[-111.52499,39.1614],[-111.5003,39.14758],[-111.50177,39.14502],[-111.4985,39.14397],[-111.50658,39.14424],[-111.49675,39.13802],[-111.51345,39.142],[-111.53351,39.14166],[-111.55895,39.13801],[-111.56701,39.13519],[-111.5844,39.12074],[-111.59411,39.1154],[-111.59701,39.11039],[-111.60649,39.10604],[-111.60302,39.10297],[-111.6031,39.10016],[-111.59759,39.09172],[-111.59195,39.07317],[-111.59224,39.06605],[-111.58673,39.05561],[-111.59966,39.05577],[-111.60139,39.05748],[-111.59854,39.06253],[-111.60089,39.06923],[-111.60558,39.07253],[-111.60689,39.06809],[-111.60924,39.06882],[-111.61158,39.07295],[-111.61791,39.07521],[-111.62011,39.07867],[-111.6269,39.08275],[-111.62621,39.06866],[-111.62943,39.06537],[-111.63865,39.07313],[-111.63859,39.06745],[-111.64536,39.06833],[-111.64631,39.05923],[-111.64452,39.05292],[-111.64874,39.05552],[-111.66585,39.05609],[-111.67097,39.05438],[-111.66792,39.05134],[-111.67046,39.04899],[-111.67758,39.0514],[-111.67461,39.0557],[-111.68982,39.059],[-111.69557,39.0488],[-111.69434,39.03772],[-111.68848,39.03732],[-111.68864,39.03501],[-111.69264,39.03274],[-111.80239,39.03322],[-111.80053,39.03603]]]}},{"type":"Feature","id":"84725","properties":{"zip":"84725","pop":null,"city":"Enterprise","county":"Washington","state":"Utah","area":119.85,"lat":37.53932,"lon":-113.78022},"geometry":{"type":"Polygon","coordinates":[[[-113.94892,37.58205],[-113.9444,37.5919],[-113.92769,37.59594],[-113.92449,37.60159],[-113.91577,37.60483],[-113.64882,37.60487],[-113.63398,37.58313],[-113.62817,37.57006],[-113.61307,37.55993],[-113.61228,37.54744],[-113.60649,37.54655],[-113.60252,37.53851],[-113.59281,37.53117],[-113.59804,37.53144],[-113.60494,37.52815],[-113.61516,37.5293],[-113.6205,37.52314],[-113.62568,37.51195],[-113.63353,37.51139],[-113.62996,37.48969],[-113.64052,37.4897],[-113.64183,37.49217],[-113.65661,37.4897],[-113.67312,37.49218],[-113.68704,37.48133],[-113.69648,37.48289],[-113.69756,37.47999],[-113.70074,37.47951],[-113.70171,37.47742],[-113.70993,37.47772],[-113.71357,37.4797],[-113.72585,37.47512],[-113.72807,37.47675],[-113.7255,37.47844],[-113.7343,37.48164],[-113.73445,37.47978],[-113.74492,37.47997],[-113.75017,37.48351],[-113.75759,37.48428],[-113.76511,37.4765],[-113.76444,37.46987],[-113.76699,37.46705],[-113.77158,37.4661],[-113.77328,37.46299],[-113.77157,37.46327],[-113.77337,37.46141],[-113.76981,37.456],[-113.77227,37.45407],[-113.77465,37.45636],[-113.78108,37.45083],[-113.75853,37.44144],[-113.78691,37.44081],[-113.78741,37.43068],[-113.78462,37.42967],[-113.77778,37.42123],[-113.77699,37.41846],[-113.77953,37.41645],[-113.78321,37.41701],[-113.78749,37.42128],[-113.8048,37.42431],[-113.81402,37.4327],[-113.81735,37.4326],[-113.82286,37.43905],[-113.83033,37.44307],[-113.8281,37.44557],[-113.83027,37.44876],[-113.82832,37.45144],[-113.82901,37.45957],[-113.82686,37.46611],[-113.82839,37.46778],[-113.82434,37.47201],[-113.82462,37.47474],[-113.84244,37.47989],[-113.83881,37.49306],[-113.84841,37.50777],[-113.85308,37.50898],[-113.86039,37.49911],[-113.87224,37.49835],[-113.87577,37.49563],[-113.88168,37.49473],[-113.89302,37.50027],[-113.89605,37.50505],[-113.91037,37.50755],[-113.91065,37.50561],[-113.91805,37.50504],[-113.91846,37.50311],[-113.92223,37.50303],[-113.9244,37.50018],[-113.93781,37.50805],[-113.94172,37.51214],[-113.93712,37.51601],[-113.94631,37.51789],[-113.95187,37.52498],[-113.9445,37.535],[-113.94178,37.55175],[-113.94536,37.55463],[-113.94886,37.5736],[-113.95224,37.57979],[-113.94892,37.58205]]]}},{"type":"Feature","id":"84038","properties":{"zip":"84038","pop":null,"city":"Garden","county":"Rich","state":"Utah","area":47.97,"lat":41.87934,"lon":-111.29687},"geometry":{"type":"Polygon","coordinates":[[[-111.44905,41.86699],[-111.4382,41.87611],[-111.42169,41.87215],[-111.41466,41.8677],[-111.41447,41.8648],[-111.41091,41.86303],[-111.40814,41.86411],[-111.39313,41.85307],[-111.38699,41.85456],[-111.3819,41.8616],[-111.37905,41.86261],[-111.37573,41.85807],[-111.36516,41.85924],[-111.36272,41.85347],[-111.35323,41.84818],[-111.32604,41.84604],[-111.30181,41.84957],[-111.29599,41.85644],[-111.29598,41.87656],[-111.29153,41.88208],[-111.29113,41.88895],[-111.28477,41.89662],[-111.28506,41.90738],[-111.2885,41.91587],[-111.28896,41.92502],[-111.28196,41.93392],[-111.27875,41.94273],[-111.278,41.95379],[-111.27095,41.97086],[-111.27113,41.97827],[-111.27489,41.98749],[-111.27059,41.99349],[-111.26208,42.00131],[-111.17293,42.00145],[-111.1731,41.99872],[-111.16932,41.9978],[-111.17871,41.99047],[-111.18587,41.99008],[-111.18941,41.98764],[-111.18478,41.9821],[-111.17806,41.96675],[-111.19948,41.95931],[-111.20778,41.9633],[-111.21449,41.96288],[-111.22056,41.96667],[-111.22598,41.96597],[-111.22858,41.96356],[-111.22617,41.9577],[-111.23183,41.95327],[-111.23493,41.95563],[-111.24648,41.95735],[-111.24752,41.95478],[-111.24514,41.95445],[-111.24394,41.94673],[-111.25213,41.9337],[-111.25539,41.9244],[-111.25432,41.92018],[-111.2246,41.91774],[-111.2262,41.91206],[-111.22393,41.90811],[-111.22514,41.90254],[-111.2277,41.89892],[-111.23691,41.89805],[-111.23718,41.89273],[-111.24111,41.8894],[-111.23409,41.88623],[-111.23226,41.8813],[-111.22806,41.87969],[-111.21856,41.88079],[-111.22139,41.87781],[-111.21078,41.87654],[-111.24251,41.86567],[-111.24783,41.86666],[-111.25059,41.86483],[-111.25001,41.8603],[-111.25536,41.85649],[-111.25616,41.85109],[-111.24504,41.83692],[-111.24419,41.83226],[-111.23924,41.83065],[-111.24077,41.82708],[-111.23721,41.8243],[-111.24813,41.82582],[-111.25456,41.82358],[-111.25341,41.81911],[-111.24435,41.81414],[-111.2492,41.81074],[-111.24989,41.80714],[-111.25568,41.80535],[-111.26414,41.79671],[-111.27132,41.79559],[-111.27765,41.79846],[-111.28101,41.8025],[-111.27961,41.81007],[-111.28797,41.81542],[-111.3065,41.82233],[-111.31109,41.8224],[-111.31371,41.82633],[-111.3146,41.8207],[-111.31094,41.82067],[-111.31089,41.81163],[-111.31365,41.81162],[-111.31609,41.81517],[-111.32157,41.81351],[-111.32164,41.81039],[-111.32603,41.80492],[-111.32344,41.80074],[-111.31945,41.79975],[-111.32346,41.79307],[-111.32989,41.79098],[-111.33251,41.79664],[-111.33715,41.79371],[-111.34041,41.79729],[-111.34977,41.79614],[-111.35527,41.79747],[-111.35692,41.79341],[-111.36344,41.78933],[-111.3748,41.78975],[-111.37597,41.78449],[-111.39243,41.77307],[-111.39535,41.7728],[-111.39674,41.77666],[-111.40315,41.77634],[-111.40337,41.78074],[-111.39826,41.7803],[-111.39474,41.7852],[-111.39965,41.78694],[-111.38866,41.79154],[-111.3879,41.79353],[-111.40351,41.79155],[-111.40441,41.7932],[-111.40241,41.79636],[-111.41149,41.79708],[-111.41217,41.7991],[-111.41479,41.79751],[-111.41264,41.806],[-111.40646,41.81155],[-111.39856,41.81276],[-111.39539,41.81809],[-111.40685,41.82024],[-111.40853,41.82225],[-111.39876,41.827],[-111.4041,41.82945],[-111.40906,41.82716],[-111.41735,41.82867],[-111.41399,41.83571],[-111.40737,41.83837],[-111.40822,41.8404],[-111.40614,41.84149],[-111.4119,41.84251],[-111.41294,41.8494],[-111.42216,41.85008],[-111.42249,41.8523],[-111.43932,41.85299],[-111.44057,41.85533],[-111.43539,41.8541],[-111.43593,41.85936],[-111.44539,41.86272],[-111.44905,41.86699]]]}},{"type":"Feature","id":"84029","properties":{"zip":"84029","pop":null,"city":"Grantsville","county":"Tooele","state":"Utah","area":993.97,"lat":40.64837,"lon":-112.98306},"geometry":{"type":"Polygon","coordinates":[[[-114.0438,40.68976],[-114.00847,40.68975],[-114.00857,40.73325],[-113.99903,40.73332],[-113.99905,40.74677],[-113.9631,40.74161],[-113.8215,40.73787],[-113.20172,40.72576],[-113.14456,40.72599],[-113.11409,40.7314],[-112.99244,40.76485],[-112.98105,40.77028],[-112.93278,40.808],[-112.91588,40.81631],[-112.91836,40.82124],[-112.91752,40.82892],[-112.9141,40.83325],[-112.91393,40.85373],[-112.91147,40.86952],[-112.90901,40.87423],[-112.90961,40.88197],[-112.90699,40.88643],[-112.91372,40.88668],[-112.91367,40.8935],[-112.91238,40.89888],[-112.90354,40.90976],[-112.91653,40.99993],[-112.92133,41.01959],[-112.9201,41.03014],[-112.93832,41.0507],[-112.92651,41.05716],[-112.91624,41.0583],[-112.92009,41.03022],[-112.90005,41.02094],[-112.89669,41.02275],[-112.89207,41.02201],[-112.88592,41.01479],[-112.85994,40.99993],[-112.84894,40.99993],[-112.84675,40.99822],[-112.85193,40.995],[-112.84113,40.98673],[-112.82921,40.97308],[-112.83382,40.96634],[-112.81582,40.9593],[-112.81924,40.95521],[-112.80985,40.95043],[-112.80804,40.94295],[-112.7841,40.94273],[-112.77431,40.93547],[-112.7415,40.93548],[-112.74218,40.93318],[-112.73986,40.93131],[-112.74209,40.93048],[-112.73299,40.92606],[-112.73319,40.8112],[-112.71636,40.81242],[-112.70567,40.80846],[-112.69044,40.80964],[-112.68489,40.80379],[-112.68303,40.80433],[-112.68822,40.80017],[-112.68003,40.80267],[-112.67789,40.80121],[-112.682,40.79597],[-112.69444,40.79476],[-112.6959,40.79243],[-112.6992,40.79292],[-112.6982,40.79125],[-112.70202,40.7888],[-112.69998,40.78629],[-112.69845,40.78832],[-112.69227,40.7881],[-112.69215,40.78173],[-112.68929,40.78228],[-112.68267,40.77892],[-112.6861,40.77842],[-112.68342,40.777],[-112.68535,40.77697],[-112.6846,40.77505],[-112.6808,40.77548],[-112.67707,40.77196],[-112.67063,40.77281],[-112.67477,40.77066],[-112.67307,40.76599],[-112.68299,40.76217],[-112.67812,40.75956],[-112.67809,40.7564],[-112.67078,40.75381],[-112.66595,40.75564],[-112.65183,40.7512],[-112.64808,40.75184],[-112.64118,40.74835],[-112.64338,40.74517],[-112.65292,40.7456],[-112.65344,40.74399],[-112.64714,40.73915],[-112.6429,40.74173],[-112.6404,40.7406],[-112.63532,40.74277],[-112.63121,40.74209],[-112.63253,40.74301],[-112.62235,40.73957],[-112.62061,40.74628],[-112.62059,40.76377],[-112.62293,40.77257],[-112.61476,40.76849],[-112.56557,40.76846],[-112.55619,40.78199],[-112.55874,40.78242],[-112.55411,40.78931],[-112.53308,40.78898],[-112.52937,40.79198],[-112.52959,40.78885],[-112.52798,40.78875],[-112.52438,40.80555],[-112.52639,40.83394],[-112.54065,40.86847],[-112.54257,40.88596],[-112.53689,40.89301],[-112.52162,40.9044],[-112.52016,40.9085],[-112.52974,40.91633],[-112.52638,40.92625],[-112.52676,40.92464],[-112.52161,40.92942],[-112.50832,40.93262],[-112.50463,40.92653],[-112.50612,40.92612],[-112.5011,40.92444],[-112.49947,40.91877],[-112.4885,40.91251],[-112.48408,40.89751],[-112.47594,40.88414],[-112.47543,40.88101],[-112.47725,40.87968],[-112.46813,40.87382],[-112.46665,40.87177],[-112.46699,40.8704],[-112.47023,40.87144],[-112.46931,40.86655],[-112.46359,40.86381],[-112.45695,40.85603],[-112.45495,40.84936],[-112.45513,40.8386],[-112.45217,40.83438],[-112.45275,40.83044],[-112.45152,40.83254],[-112.44641,40.8239],[-112.43451,40.81993],[-112.43066,40.81758],[-112.43003,40.81464],[-112.42061,40.81272],[-112.42697,40.80946],[-112.43367,40.81016],[-112.44267,40.80782],[-112.44491,40.80496],[-112.46621,40.7963],[-112.48668,40.78163],[-112.4853,40.78299],[-112.50022,40.77584],[-112.49841,40.77308],[-112.51077,40.76976],[-112.51412,40.76723],[-112.51498,40.7403],[-112.52151,40.7348],[-112.52694,40.73458],[-112.53198,40.72143],[-112.53063,40.71303],[-112.5276,40.71137],[-112.54296,40.69453],[-112.45883,40.67269],[-112.43403,40.67304],[-112.43741,40.67889],[-112.42889,40.67374],[-112.43154,40.66233],[-112.42788,40.66127],[-112.42857,40.65736],[-112.42028,40.65525],[-112.41673,40.65024],[-112.41904,40.64829],[-112.41537,40.64912],[-112.41569,40.64581],[-112.41305,40.64726],[-112.4076,40.64528],[-112.39488,40.65024],[-112.39102,40.64855],[-112.38166,40.64953],[-112.37818,40.64781],[-112.37861,40.65006],[-112.3652,40.64816],[-112.36731,40.6443],[-112.37703,40.64342],[-112.37553,40.61245],[-112.37103,40.61437],[-112.3704,40.5938],[-112.38577,40.59352],[-112.36738,40.57575],[-112.36744,40.56694],[-112.3681,40.56466],[-112.46369,40.56334],[-112.48662,40.54173],[-112.49444,40.54359],[-112.50103,40.5198],[-112.49568,40.50728],[-112.49252,40.48551],[-112.47405,40.44729],[-112.48457,40.44888],[-112.4994,40.44659],[-112.50839,40.4434],[-112.51882,40.43486],[-112.5628,40.42039],[-112.57138,40.42488],[-112.59375,40.42392],[-112.60184,40.42669],[-112.60336,40.42537],[-112.60815,40.4185],[-112.60725,40.41553],[-112.59352,40.40545],[-112.59175,40.37961],[-112.58817,40.37023],[-112.58578,40.36565],[-112.56787,40.34871],[-112.56787,40.34414],[-112.5715,40.33835],[-112.59181,40.34639],[-112.60427,40.34348],[-112.61216,40.33773],[-112.62447,40.32451],[-112.63518,40.32475],[-112.6368,40.35145],[-112.63096,40.36637],[-112.63522,40.36675],[-112.6368,40.36935],[-112.64007,40.36901],[-112.63827,40.37126],[-112.64651,40.37195],[-112.66273,40.36873],[-112.66895,40.36371],[-112.67094,40.36409],[-112.67535,40.3727],[-112.67874,40.37535],[-112.70678,40.3754],[-112.70666,40.34654],[-112.72567,40.34664],[-112.72556,40.33121],[-112.73511,40.317],[-112.73505,40.30646],[-112.7431,40.30647],[-112.7432,40.30821],[-112.76185,40.32025],[-112.79081,40.34991],[-112.79208,40.35546],[-112.78279,40.36029],[-112.78262,40.37574],[-112.80157,40.37577],[-112.80146,40.41962],[-112.75863,40.41928],[-112.75882,40.43092],[-112.76034,40.43272],[-112.76719,40.43439],[-112.7908,40.4331],[-112.79632,40.44727],[-112.79539,40.46854],[-112.78982,40.48269],[-112.79341,40.49515],[-112.79154,40.49837],[-112.79092,40.49662],[-112.78701,40.49812],[-112.76739,40.50863],[-112.76277,40.51367],[-112.77293,40.51376],[-112.7716,40.53552],[-112.78423,40.53568],[-112.7935,40.5328],[-112.79581,40.53724],[-112.80294,40.53938],[-112.87109,40.62813],[-112.87401,40.62963],[-112.87557,40.61853],[-112.87435,40.60426],[-112.87879,40.59784],[-112.88724,40.59201],[-112.8924,40.58981],[-112.91679,40.60611],[-112.91981,40.60596],[-112.92539,40.5973],[-112.92328,40.59496],[-112.92622,40.5897],[-112.9231,40.58777],[-112.92301,40.57964],[-112.92062,40.57584],[-112.92567,40.57064],[-112.9242,40.56791],[-112.9145,40.56756],[-112.89785,40.56027],[-112.89218,40.56144],[-112.89684,40.55187],[-112.89252,40.54001],[-112.89369,40.53846],[-112.89186,40.53779],[-112.89339,40.53194],[-112.89108,40.52537],[-112.89194,40.51913],[-112.89768,40.50836],[-112.89924,40.49368],[-112.91168,40.46418],[-112.91644,40.45766],[-112.92574,40.45087],[-112.9394,40.43215],[-112.94984,40.4305],[-112.95262,40.42813],[-112.94848,40.42137],[-112.9518,40.4153],[-112.9497,40.41329],[-112.95431,40.4137],[-112.95673,40.41063],[-112.96252,40.40971],[-112.96918,40.41193],[-112.97348,40.40546],[-112.97363,40.39862],[-112.97135,40.39838],[-112.97701,40.39569],[-112.98784,40.39785],[-112.99095,40.39301],[-112.99903,40.3923],[-113.00073,40.38857],[-113.00724,40.38642],[-113.00911,40.41943],[-113.0896,40.419],[-113.1,40.47928],[-113.10613,40.48611],[-113.11177,40.49703],[-113.12189,40.50372],[-113.12381,40.51466],[-113.13116,40.51969],[-113.13234,40.52393],[-113.13014,40.54972],[-113.14295,40.5498],[-113.14295,40.63737],[-113.6001,40.63641],[-113.60013,40.64615],[-113.90276,40.64642],[-113.90424,40.64477],[-113.90413,40.59587],[-114.04097,40.59565],[-114.04067,40.62748],[-114.0443,40.62826],[-114.0438,40.68976]]]}},{"type":"Feature","id":"84528","properties":{"zip":"84528","pop":null,"city":"","county":"Emery","state":"Utah","area":189.63,"lat":39.43418,"lon":-111.08793},"geometry":{"type":"Polygon","coordinates":[[[-111.25801,39.44313],[-111.25673,39.45553],[-111.25364,39.46063],[-111.25433,39.46357],[-111.25222,39.4672],[-111.24775,39.4672],[-111.2477,39.64592],[-111.24545,39.64246],[-111.23848,39.64273],[-111.24461,39.66588],[-111.2431,39.68032],[-111.24746,39.68438],[-111.24647,39.68703],[-111.24283,39.68381],[-111.23082,39.6831],[-111.23135,39.68045],[-111.22158,39.67942],[-111.22164,39.67533],[-111.21688,39.66983],[-111.21286,39.66895],[-111.20842,39.66105],[-111.20103,39.65687],[-111.20198,39.64555],[-111.19269,39.64132],[-111.19044,39.63439],[-111.19121,39.62937],[-111.18649,39.62508],[-111.18624,39.6195],[-111.17609,39.61433],[-111.17049,39.60339],[-111.16604,39.60186],[-111.16215,39.5969],[-111.15706,39.59601],[-111.15092,39.60063],[-111.14787,39.60042],[-111.14851,39.60665],[-111.14075,39.60835],[-111.13732,39.61523],[-111.13235,39.61391],[-111.12292,39.5795],[-111.12001,39.57772],[-111.1203,39.57244],[-111.1137,39.56863],[-111.11782,39.56581],[-111.11875,39.56275],[-111.11444,39.55623],[-111.11634,39.55188],[-111.10649,39.54652],[-111.10835,39.54433],[-111.10744,39.53806],[-111.09821,39.53602],[-111.08535,39.52152],[-111.08489,39.50795],[-111.08252,39.50549],[-111.08069,39.49614],[-111.07469,39.49114],[-111.07404,39.48738],[-111.07743,39.48446],[-111.07514,39.47969],[-111.08072,39.47539],[-111.08133,39.46746],[-111.07754,39.46746],[-111.07755,39.46974],[-110.99875,39.46971],[-110.97167,39.42717],[-110.96846,39.41734],[-110.95555,39.40446],[-110.94932,39.40117],[-110.94275,39.37441],[-110.94292,39.3477],[-110.93875,39.34509],[-110.91706,39.37136],[-110.89011,39.40125],[-110.88892,39.40051],[-110.89318,39.39623],[-110.88887,39.38495],[-110.88833,39.37038],[-110.89255,39.3684],[-110.88959,39.36003],[-110.9076,39.3607],[-110.91446,39.35632],[-110.91783,39.35714],[-110.91776,39.345],[-110.92603,39.34499],[-110.92482,39.34183],[-110.9288,39.3312],[-110.92613,39.32988],[-110.92497,39.32552],[-110.92681,39.32297],[-110.9246,39.32372],[-110.92607,39.31947],[-110.92145,39.3158],[-110.92175,39.31236],[-110.91743,39.30888],[-110.92046,39.3058],[-110.91587,39.30225],[-110.91585,39.30035],[-110.91307,39.30004],[-110.91333,39.29746],[-110.90381,39.29787],[-110.89103,39.29236],[-110.86916,39.29078],[-110.85646,39.28007],[-110.82417,39.26168],[-110.83588,39.25309],[-110.83271,39.24759],[-110.83053,39.24814],[-110.82824,39.24531],[-110.82267,39.24424],[-110.82212,39.23636],[-110.81261,39.24251],[-110.80981,39.23852],[-110.80855,39.22016],[-110.80548,39.21183],[-110.90783,39.26854],[-110.91188,39.26376],[-110.93234,39.27078],[-110.93204,39.26815],[-110.92909,39.26722],[-110.93024,39.26443],[-110.92364,39.26172],[-110.92331,39.25908],[-110.91738,39.25427],[-110.91713,39.25015],[-110.91488,39.25057],[-110.91798,39.24504],[-110.92689,39.24087],[-110.92682,39.23913],[-110.92856,39.23872],[-110.92929,39.24056],[-110.92881,39.2369],[-110.93112,39.23727],[-110.93121,39.23563],[-110.92804,39.23226],[-110.92475,39.23397],[-110.92356,39.2295],[-110.92097,39.22982],[-110.92172,39.22781],[-110.91838,39.22751],[-110.91942,39.22576],[-110.91433,39.22564],[-110.91517,39.22347],[-110.91578,39.22488],[-110.91784,39.22354],[-110.91488,39.2209],[-110.91629,39.22035],[-110.91452,39.21865],[-110.91527,39.21643],[-110.93129,39.22023],[-110.92919,39.22259],[-110.9337,39.22226],[-110.93857,39.21888],[-110.9462,39.22261],[-110.95431,39.2203],[-110.98775,39.22079],[-110.98802,39.21391],[-110.98417,39.21137],[-110.98637,39.21079],[-110.98556,39.20868],[-110.9841,39.20665],[-110.97751,39.20565],[-110.98045,39.20266],[-110.99901,39.19924],[-111.01314,39.20245],[-111.01731,39.20601],[-111.00791,39.20605],[-111.00793,39.20966],[-111.0031,39.20967],[-111.00309,39.21188],[-111.00033,39.21341],[-110.97459,39.28217],[-110.97806,39.28676],[-110.97085,39.30271],[-111.05653,39.34792],[-111.07636,39.36342],[-111.08332,39.36541],[-111.08992,39.37651],[-111.09079,39.38369],[-111.09773,39.38616],[-111.11066,39.38395],[-111.1151,39.3766],[-111.11923,39.37358],[-111.14444,39.36473],[-111.15914,39.36545],[-111.17168,39.3691],[-111.19022,39.38608],[-111.21466,39.39346],[-111.23613,39.42241],[-111.2366,39.43127],[-111.25748,39.44027],[-111.25801,39.44313]]]}},{"type":"Feature","id":"84631","properties":{"zip":"84631","pop":null,"city":"Fillmore","county":"Millard","state":"Utah","area":98.42,"lat":38.99768,"lon":-112.39697},"geometry":{"type":"Polygon","coordinates":[[[-112.57068,38.95745],[-112.56571,38.96982],[-112.55913,38.97425],[-112.54223,38.97752],[-112.53573,38.97703],[-112.52797,38.98125],[-112.52297,38.98029],[-112.52018,38.9819],[-112.51571,38.9773],[-112.50854,38.98441],[-112.51096,38.98573],[-112.51125,38.99376],[-112.53048,39.00607],[-112.53176,39.00948],[-112.52676,39.01862],[-112.51824,39.02252],[-112.5154,39.02796],[-112.50237,39.02517],[-112.5044,39.03352],[-112.50375,39.04026],[-112.50668,39.04265],[-112.5064,39.05016],[-112.50273,39.05463],[-112.49585,39.05242],[-112.49734,39.04376],[-112.49616,39.04254],[-112.48269,39.04065],[-112.48046,39.03683],[-112.47856,39.03785],[-112.47822,39.04299],[-112.47967,39.049],[-112.47209,39.04573],[-112.44521,39.04649],[-112.44313,39.05255],[-112.4446,39.05851],[-112.43994,39.06225],[-112.43761,39.06749],[-112.44192,39.06844],[-112.44579,39.072],[-112.44195,39.07761],[-112.4387,39.0788],[-112.42907,39.0735],[-112.42929,39.06674],[-112.36242,39.06659],[-112.36238,39.08137],[-112.34858,39.08147],[-112.34857,39.09603],[-112.31548,39.09596],[-112.31543,39.08506],[-112.28969,39.06417],[-112.26188,39.04917],[-112.26518,39.05021],[-112.27043,39.0418],[-112.26907,39.0369],[-112.25857,39.0374],[-112.26198,39.03036],[-112.26855,39.02769],[-112.2781,39.03017],[-112.29927,39.0303],[-112.31538,39.00119],[-112.31359,39.00298],[-112.28839,39.00354],[-112.28329,39.00147],[-112.27447,39.00133],[-112.26975,38.99812],[-112.26306,38.99725],[-112.26013,39.0],[-112.26432,39.01233],[-112.26008,39.01214],[-112.25199,39.00747],[-112.23935,39.00796],[-112.24112,39.00754],[-112.24117,39.00076],[-112.22778,39.00206],[-112.22538,38.99944],[-112.22652,38.99663],[-112.22258,38.99446],[-112.22469,38.99392],[-112.22686,38.98935],[-112.24353,38.97881],[-112.25324,38.98037],[-112.26906,38.97918],[-112.26605,38.96926],[-112.27285,38.9676],[-112.28504,38.97093],[-112.29215,38.96755],[-112.29285,38.96625],[-112.28911,38.96435],[-112.29136,38.95927],[-112.26747,38.94923],[-112.27524,38.94833],[-112.26901,38.93812],[-112.27822,38.94308],[-112.2789,38.94509],[-112.28337,38.94458],[-112.28422,38.94737],[-112.29381,38.95294],[-112.30664,38.95361],[-112.30663,38.95008],[-112.31448,38.95008],[-112.31452,38.95606],[-112.31657,38.95728],[-112.32921,38.9573],[-112.33006,38.94765],[-112.33158,38.94738],[-112.33153,38.94242],[-112.33529,38.9386],[-112.33642,38.93109],[-112.35055,38.93475],[-112.36079,38.93527],[-112.35965,38.93659],[-112.39828,38.90458],[-112.39781,38.8987],[-112.4055,38.89859],[-112.41158,38.89355],[-112.41174,38.89861],[-112.42111,38.89906],[-112.42032,38.93562],[-112.49704,38.93671],[-112.50719,38.94003],[-112.51453,38.94005],[-112.51803,38.9445],[-112.52148,38.94387],[-112.52645,38.94761],[-112.53124,38.94344],[-112.53793,38.94141],[-112.56962,38.94152],[-112.56729,38.94859],[-112.5708,38.95372],[-112.57068,38.95745]]]}},{"type":"Feature","id":"84031","properties":{"zip":"84031","pop":null,"city":"","county":"Duchesne","state":"Utah","area":456.73,"lat":40.60495,"lon":-110.63723},"geometry":{"type":"Polygon","coordinates":[[[-110.90435,40.7015],[-110.9042,40.70641],[-110.90148,40.70738],[-110.89777,40.71336],[-110.8856,40.71529],[-110.88807,40.72027],[-110.89115,40.71993],[-110.89445,40.72357],[-110.89198,40.72712],[-110.87526,40.72832],[-110.86142,40.72155],[-110.85436,40.72219],[-110.84748,40.72527],[-110.83937,40.71999],[-110.83181,40.71802],[-110.82341,40.71048],[-110.80641,40.7116],[-110.79374,40.71902],[-110.78322,40.73096],[-110.77461,40.73136],[-110.7656,40.73681],[-110.76639,40.741],[-110.75801,40.74227],[-110.75073,40.74771],[-110.743,40.74473],[-110.73382,40.74682],[-110.72184,40.74548],[-110.71318,40.75288],[-110.6961,40.74647],[-110.68962,40.74121],[-110.67694,40.73894],[-110.66471,40.74198],[-110.65674,40.74027],[-110.64759,40.74804],[-110.64651,40.75344],[-110.64013,40.75657],[-110.63374,40.76543],[-110.6241,40.76962],[-110.60702,40.75726],[-110.59462,40.75787],[-110.58883,40.76189],[-110.58318,40.76272],[-110.57664,40.75731],[-110.56138,40.75836],[-110.55267,40.76452],[-110.54703,40.77373],[-110.53352,40.77108],[-110.52845,40.76421],[-110.52394,40.76153],[-110.49781,40.76865],[-110.48725,40.78016],[-110.48097,40.77501],[-110.47262,40.77184],[-110.46178,40.77582],[-110.46083,40.78001],[-110.45742,40.78307],[-110.44436,40.78125],[-110.4377,40.77778],[-110.43278,40.77828],[-110.42456,40.79195],[-110.416,40.78854],[-110.41119,40.78437],[-110.40026,40.7853],[-110.39597,40.7887],[-110.39192,40.78714],[-110.37437,40.78808],[-110.35244,40.80296],[-110.34895,40.80868],[-110.35112,40.81575],[-110.34274,40.82336],[-110.32784,40.81949],[-110.31583,40.82169],[-110.3153,40.62813],[-110.32011,40.63155],[-110.32296,40.63716],[-110.33456,40.64187],[-110.33331,40.64536],[-110.33524,40.65049],[-110.33378,40.65288],[-110.33651,40.6529],[-110.3385,40.65698],[-110.34313,40.65649],[-110.34212,40.66011],[-110.33822,40.66348],[-110.33952,40.66572],[-110.34647,40.66622],[-110.34239,40.66848],[-110.34671,40.67216],[-110.34813,40.67762],[-110.34404,40.68149],[-110.34469,40.68883],[-110.34072,40.69101],[-110.3407,40.69426],[-110.34516,40.69924],[-110.34461,40.70336],[-110.34624,40.70481],[-110.34958,40.70164],[-110.34896,40.69871],[-110.3541,40.68606],[-110.35326,40.67904],[-110.35718,40.67232],[-110.35628,40.66755],[-110.36398,40.66011],[-110.35784,40.65065],[-110.35883,40.64223],[-110.35681,40.63957],[-110.357,40.63569],[-110.35285,40.62998],[-110.35034,40.61526],[-110.34332,40.60695],[-110.34376,40.60286],[-110.34857,40.59928],[-110.34233,40.59592],[-110.33153,40.5833],[-110.32779,40.57565],[-110.32719,40.56329],[-110.33043,40.55812],[-110.32959,40.555],[-110.33621,40.54297],[-110.34393,40.54111],[-110.34366,40.53721],[-110.34717,40.52852],[-110.35233,40.52782],[-110.35442,40.52268],[-110.35581,40.52175],[-110.35679,40.53474],[-110.35341,40.54311],[-110.35226,40.55263],[-110.35793,40.56028],[-110.3657,40.56484],[-110.36946,40.57122],[-110.37845,40.57731],[-110.40506,40.58883],[-110.42076,40.59049],[-110.42779,40.59404],[-110.43335,40.59262],[-110.44073,40.58736],[-110.43253,40.58215],[-110.42066,40.58303],[-110.4109,40.5789],[-110.40869,40.57353],[-110.41369,40.56865],[-110.42025,40.56781],[-110.42187,40.56557],[-110.41529,40.56122],[-110.41481,40.55495],[-110.39241,40.55195],[-110.38809,40.54534],[-110.39149,40.54291],[-110.39166,40.53943],[-110.39423,40.53837],[-110.39212,40.53808],[-110.39372,40.53614],[-110.39201,40.53663],[-110.39204,40.5331],[-110.39676,40.53193],[-110.39079,40.52916],[-110.39546,40.5256],[-110.3995,40.51849],[-110.40439,40.51864],[-110.40221,40.52797],[-110.4084,40.52795],[-110.40876,40.53074],[-110.41339,40.53524],[-110.41197,40.53791],[-110.41323,40.54202],[-110.41644,40.53123],[-110.41989,40.52626],[-110.42747,40.52134],[-110.43405,40.52655],[-110.44218,40.5279],[-110.4454,40.52679],[-110.4403,40.51854],[-110.46367,40.51842],[-110.47387,40.52466],[-110.47669,40.52553],[-110.47734,40.52248],[-110.49044,40.52953],[-110.4972,40.52613],[-110.50237,40.52628],[-110.49939,40.52412],[-110.50002,40.52055],[-110.50714,40.51647],[-110.51219,40.5109],[-110.51552,40.51801],[-110.51901,40.51917],[-110.52795,40.53275],[-110.54172,40.5412],[-110.54921,40.55009],[-110.55265,40.56132],[-110.55669,40.56516],[-110.55861,40.57203],[-110.56968,40.57475],[-110.57576,40.57948],[-110.58714,40.57945],[-110.59628,40.57714],[-110.59869,40.57836],[-110.59855,40.52464],[-110.5941,40.52225],[-110.59369,40.51915],[-110.59036,40.51591],[-110.5863,40.516],[-110.57712,40.50368],[-110.54323,40.50435],[-110.5435,40.48911],[-110.52404,40.48881],[-110.52364,40.47457],[-110.51962,40.4745],[-110.51334,40.47034],[-110.51018,40.4636],[-110.51532,40.46284],[-110.51837,40.46442],[-110.52369,40.45822],[-110.53213,40.45351],[-110.53515,40.45401],[-110.53722,40.44993],[-110.55142,40.4621],[-110.55276,40.46069],[-110.55569,40.46334],[-110.5594,40.46231],[-110.56041,40.45834],[-110.58209,40.4523],[-110.58879,40.45356],[-110.60037,40.44993],[-110.60014,40.47465],[-110.7146,40.4743],[-110.71616,40.47274],[-110.71282,40.46471],[-110.71389,40.45511],[-110.71215,40.45039],[-110.71364,40.44559],[-110.71848,40.44282],[-110.72219,40.43704],[-110.719,40.41871],[-110.72277,40.40661],[-110.72503,40.40442],[-110.73579,40.40258],[-110.74438,40.40344],[-110.74559,40.40645],[-110.74834,40.40704],[-110.75044,40.40589],[-110.75072,40.4004],[-110.75998,40.40041],[-110.75627,40.39757],[-110.76367,40.40149],[-110.74468,40.38589],[-110.74295,40.38242],[-110.73919,40.38146],[-110.73677,40.37688],[-110.72634,40.37015],[-110.72684,40.36665],[-110.72222,40.36433],[-110.72002,40.35927],[-110.71822,40.36035],[-110.71329,40.35341],[-110.72576,40.35006],[-110.73105,40.35133],[-110.73495,40.35527],[-110.73649,40.35284],[-110.74148,40.3541],[-110.73974,40.34897],[-110.74552,40.34924],[-110.75006,40.34827],[-110.7494,40.34575],[-110.75407,40.34606],[-110.7895,40.35815],[-110.80824,40.36135],[-110.81843,40.36891],[-110.82323,40.36424],[-110.83271,40.36279],[-110.83456,40.36599],[-110.83871,40.36664],[-110.83924,40.37009],[-110.83689,40.37496],[-110.84153,40.37748],[-110.84024,40.38193],[-110.8427,40.38158],[-110.84154,40.3928],[-110.85057,40.39213],[-110.86441,40.38677],[-110.87144,40.38675],[-110.87817,40.38263],[-110.88825,40.38709],[-110.89299,40.38373],[-110.89663,40.3849],[-110.89659,40.43118],[-110.90293,40.43121],[-110.90197,40.67816],[-110.89377,40.67975],[-110.90435,40.7015]]]}},{"type":"Feature","id":"84015","properties":{"zip":"84015","pop":null,"city":"Clearfield","county":"Davis","state":"Utah","area":15.82,"lat":41.12075,"lon":-112.06114},"geometry":{"type":"Polygon","coordinates":[[[-112.12711,41.13773],[-112.12269,41.14016],[-112.10853,41.13986],[-112.10961,41.14349],[-112.10778,41.14368],[-112.10664,41.14711],[-112.10297,41.14712],[-112.10299,41.15273],[-112.0251,41.15265],[-112.02409,41.12533],[-112.01055,41.11091],[-112.00683,41.11088],[-112.0069,41.10803],[-112.00387,41.10503],[-111.98918,41.10361],[-111.98776,41.09287],[-112.0069,41.09068],[-112.00695,41.08188],[-112.02139,41.08191],[-112.02141,41.07467],[-112.02623,41.07468],[-112.02772,41.07683],[-112.03568,41.07684],[-112.03578,41.08915],[-112.04533,41.08915],[-112.04531,41.0964],[-112.05494,41.0964],[-112.05372,41.10364],[-112.04529,41.1056],[-112.04527,41.11087],[-112.09311,41.11105],[-112.09311,41.1037],[-112.10789,41.10372],[-112.10546,41.09646],[-112.11746,41.09643],[-112.11744,41.10003],[-112.1223,41.1],[-112.12228,41.11773],[-112.12708,41.11773],[-112.12711,41.13773]]]}},{"type":"Feature","id":"84097","properties":{"zip":"84097","pop":null,"city":"Orem","county":"Utah","state":"Utah","area":4.6,"lat":40.30476,"lon":-111.67312},"geometry":{"type":"Polygon","coordinates":[[[-111.6885,40.28236],[-111.68922,40.28399],[-111.68568,40.28416],[-111.68636,40.31926],[-111.68804,40.32153],[-111.68668,40.33381],[-111.66306,40.33381],[-111.65578,40.32577],[-111.64482,40.32911],[-111.64397,40.32707],[-111.64157,40.32706],[-111.65535,40.31312],[-111.66066,40.31127],[-111.66666,40.30136],[-111.66972,40.29007],[-111.66719,40.28838],[-111.66884,40.28647],[-111.66749,40.27887],[-111.66873,40.27522],[-111.66651,40.26874],[-111.67148,40.26601],[-111.67235,40.27118],[-111.67745,40.26139],[-111.68173,40.26062],[-111.68155,40.26431],[-111.6837,40.26935],[-111.68548,40.26963],[-111.6855,40.27152],[-111.68373,40.27151],[-111.68853,40.27699],[-111.6885,40.28236]]]}},{"type":"Feature","id":"84324","properties":{"zip":"84324","pop":null,"city":"Mantua","county":"Box Elder","state":"Utah","area":17.06,"lat":41.49259,"lon":-111.93872},"geometry":{"type":"Polygon","coordinates":[[[-111.96909,41.4977],[-111.96874,41.54416],[-111.96196,41.5436],[-111.95367,41.55044],[-111.94205,41.55294],[-111.93729,41.55116],[-111.93401,41.54671],[-111.93334,41.54146],[-111.9267,41.53697],[-111.91653,41.53855],[-111.91358,41.53161],[-111.9119,41.51852],[-111.90582,41.51497],[-111.90912,41.5071],[-111.90593,41.50288],[-111.90621,41.49858],[-111.90517,41.49685],[-111.89227,41.49589],[-111.89521,41.49422],[-111.89197,41.49347],[-111.89165,41.49142],[-111.89717,41.49092],[-111.90153,41.48667],[-111.89512,41.48582],[-111.88905,41.47921],[-111.88642,41.47309],[-111.89622,41.46952],[-111.90639,41.47207],[-111.91318,41.46973],[-111.91248,41.46777],[-111.9168,41.46446],[-111.91659,41.46037],[-111.90913,41.45711],[-111.91111,41.45593],[-111.9115,41.45157],[-111.9067,41.44312],[-111.91045,41.44579],[-111.91833,41.44534],[-111.91963,41.44975],[-111.93336,41.45267],[-111.93802,41.46335],[-111.94316,41.46585],[-111.94469,41.46413],[-111.94255,41.46454],[-111.94346,41.46113],[-111.94071,41.46015],[-111.94513,41.44855],[-111.94161,41.44743],[-111.94153,41.44563],[-111.94408,41.44553],[-111.94576,41.44238],[-111.94241,41.43533],[-111.94824,41.43174],[-111.94915,41.42898],[-111.95387,41.42923],[-111.95477,41.43184],[-111.95903,41.43373],[-111.96216,41.42761],[-111.96444,41.42742],[-111.96872,41.43057],[-111.96909,41.4977]]]}},{"type":"Feature","id":"84602","properties":{"zip":"84602","pop":null,"city":"Provo","county":"Utah","state":"Utah","area":0.13,"lat":40.25437,"lon":-111.65003},"geometry":{"type":"Polygon","coordinates":[[[-111.65609,40.25577],[-111.64325,40.25669],[-111.64323,40.25297],[-111.65054,40.25336],[-111.65615,40.25063],[-111.65609,40.25577]]]}},{"type":"Feature","id":"84621","properties":{"zip":"84621","pop":null,"city":"","county":"Sanpete","state":"Utah","area":4.54,"lat":39.05117,"lon":-111.82957},"geometry":{"type":"Polygon","coordinates":[[[-111.85519,39.05658],[-111.84819,39.06554],[-111.84389,39.06771],[-111.84227,39.07025],[-111.84414,39.07223],[-111.84081,39.07491],[-111.83609,39.07691],[-111.82093,39.07699],[-111.82082,39.05856],[-111.82504,39.04568],[-111.80647,39.04153],[-111.80631,39.05521],[-111.79707,39.05495],[-111.79708,39.04204],[-111.79293,39.03709],[-111.80053,39.03603],[-111.80239,39.03322],[-111.8534,39.03337],[-111.85357,39.03763],[-111.85175,39.03937],[-111.85327,39.04035],[-111.84629,39.04281],[-111.85222,39.04755],[-111.85335,39.05269],[-111.85659,39.05325],[-111.85519,39.05658]]]}},{"type":"Feature","id":"84121","properties":{"zip":"84121","pop":null,"city":"Brighton","county":"Salt Lake","state":"Utah","area":48.97,"lat":40.6256,"lon":-111.69866},"geometry":{"type":"Polygon","coordinates":[[[-111.86777,40.64725],[-111.86835,40.64958],[-111.86475,40.64956],[-111.86261,40.65373],[-111.86342,40.64955],[-111.82682,40.64948],[-111.8246,40.64576],[-111.8154,40.64584],[-111.81401,40.64964],[-111.80818,40.64796],[-111.80617,40.65915],[-111.80634,40.65082],[-111.80067,40.64281],[-111.78946,40.64277],[-111.78955,40.63895],[-111.77808,40.64664],[-111.77125,40.64704],[-111.76192,40.65232],[-111.75042,40.6533],[-111.72211,40.66515],[-111.71297,40.65949],[-111.70762,40.65875],[-111.68423,40.66805],[-111.67206,40.66826],[-111.66472,40.66606],[-111.6624,40.66343],[-111.65382,40.66811],[-111.642,40.66669],[-111.64018,40.66786],[-111.63009,40.66262],[-111.63041,40.66425],[-111.62131,40.6653],[-111.61992,40.66189],[-111.61504,40.6602],[-111.60532,40.66262],[-111.59664,40.65847],[-111.59674,40.65977],[-111.59387,40.65166],[-111.57949,40.6453],[-111.57735,40.64258],[-111.57605,40.63278],[-111.56897,40.6294],[-111.56742,40.62328],[-111.55751,40.61932],[-111.55903,40.6142],[-111.55327,40.60931],[-111.55911,40.60195],[-111.56002,40.5908],[-111.5644,40.58469],[-111.57249,40.58216],[-111.57784,40.58343],[-111.58671,40.58147],[-111.59388,40.57706],[-111.59881,40.58169],[-111.59879,40.58446],[-111.60814,40.5866],[-111.60866,40.59331],[-111.61069,40.5957],[-111.60941,40.59777],[-111.61454,40.60187],[-111.61772,40.60019],[-111.61843,40.60324],[-111.62597,40.5975],[-111.64526,40.60109],[-111.67126,40.59135],[-111.71981,40.59431],[-111.72641,40.59791],[-111.73441,40.59791],[-111.75076,40.59375],[-111.77584,40.59546],[-111.7865,40.59203],[-111.78656,40.5882],[-111.78433,40.58775],[-111.78761,40.58153],[-111.78666,40.57647],[-111.79235,40.58115],[-111.7936,40.58939],[-111.79999,40.59178],[-111.80104,40.59795],[-111.80585,40.60507],[-111.8093,40.60478],[-111.81079,40.60646],[-111.81481,40.60363],[-111.81739,40.6067],[-111.82435,40.60771],[-111.82445,40.60516],[-111.833,40.60788],[-111.83799,40.6101],[-111.84008,40.61362],[-111.84993,40.61615],[-111.85306,40.62018],[-111.85193,40.62289],[-111.8536,40.62304],[-111.8537,40.62606],[-111.85783,40.62582],[-111.86173,40.63005],[-111.8659,40.63005],[-111.86596,40.64427],[-111.86851,40.64536],[-111.86777,40.64725]]]}},{"type":"Feature","id":"84084","properties":{"zip":"84084","pop":null,"city":"West Jordan","county":"Salt Lake","state":"Utah","area":5.05,"lat":40.6214,"lon":-111.96615},"geometry":{"type":"Polygon","coordinates":[[[-112.00588,40.62678],[-112.00509,40.63131],[-111.99186,40.63133],[-111.9917,40.63859],[-111.98815,40.63857],[-111.98815,40.63481],[-111.99152,40.63448],[-111.99151,40.63132],[-111.98414,40.63132],[-111.98562,40.63513],[-111.97652,40.63858],[-111.97636,40.6313],[-111.9717,40.63128],[-111.95782,40.63189],[-111.95782,40.63856],[-111.95569,40.63856],[-111.95569,40.63526],[-111.95114,40.63856],[-111.9523,40.63357],[-111.94833,40.63455],[-111.94834,40.6327],[-111.95441,40.63175],[-111.93877,40.63131],[-111.92609,40.6286],[-111.92311,40.62629],[-111.923,40.63002],[-111.92082,40.62372],[-111.92348,40.62375],[-111.92243,40.62047],[-111.925,40.61586],[-111.92916,40.61514],[-111.92915,40.60941],[-111.95171,40.61088],[-111.9578,40.60952],[-112.00536,40.60945],[-112.00588,40.62678]]]}},{"type":"Feature","id":"84009","properties":{"zip":"84009","pop":null,"city":"South Jordan","county":"Salt Lake","state":"Utah","area":8.19,"lat":40.55538,"lon":-112.0176},"geometry":{"type":"Polygon","coordinates":[[[-112.06914,40.53865],[-112.06181,40.55413],[-112.06327,40.56598],[-112.02704,40.56597],[-112.02704,40.56732],[-112.02617,40.56597],[-112.01483,40.56597],[-112.01462,40.57621],[-112.00586,40.58059],[-111.9771,40.58053],[-111.97722,40.55555],[-111.98352,40.54723],[-111.9843,40.53691],[-112.06827,40.53701],[-112.06914,40.53865]]]}},{"type":"Feature","id":"84756","properties":{"zip":"84756","pop":null,"city":"Newcastle","county":"Iron","state":"Utah","area":56.35,"lat":37.7425,"lon":-113.54775},"geometry":{"type":"Polygon","coordinates":[[[-113.64739,37.69245],[-113.64734,37.69421],[-113.6444,37.69438],[-113.64439,37.70318],[-113.64269,37.70461],[-113.63358,37.70137],[-113.63316,37.70729],[-113.62443,37.70736],[-113.62465,37.69816],[-113.60614,37.6915],[-113.60616,37.69303],[-113.59699,37.69302],[-113.59647,37.70723],[-113.58961,37.70723],[-113.58961,37.7144],[-113.58286,37.71438],[-113.58281,37.76546],[-113.60105,37.76548],[-113.60088,37.78005],[-113.61949,37.78011],[-113.61947,37.79472],[-113.58272,37.79469],[-113.58279,37.80921],[-113.54736,37.80866],[-113.54646,37.83064],[-113.53992,37.83532],[-113.51155,37.83289],[-113.50965,37.83353],[-113.50858,37.83819],[-113.4854,37.82319],[-113.44173,37.82332],[-113.4534,37.79434],[-113.49185,37.76303],[-113.49521,37.75368],[-113.50019,37.75932],[-113.50021,37.73139],[-113.50387,37.72641],[-113.51035,37.70561],[-113.51982,37.69776],[-113.52467,37.69102],[-113.52951,37.67413],[-113.53391,37.67364],[-113.53491,37.67098],[-113.52985,37.66928],[-113.54549,37.66026],[-113.62564,37.62316],[-113.62064,37.63254],[-113.62288,37.63394],[-113.6214,37.64526],[-113.62386,37.65034],[-113.62563,37.66381],[-113.62454,37.67755],[-113.63354,37.6777],[-113.63353,37.69219],[-113.64942,37.69227],[-113.64739,37.69245]]]}},{"type":"Feature","id":"84112","properties":{"zip":"84112","pop":null,"city":"Salt Lake City","county":"Salt Lake","state":"Utah","area":0.73,"lat":40.76522,"lon":-111.84107},"geometry":{"type":"Polygon","coordinates":[[[-111.85235,40.76066],[-111.85235,40.76711],[-111.84829,40.76702],[-111.84773,40.77051],[-111.83503,40.77443],[-111.82758,40.76671],[-111.8299,40.76494],[-111.82829,40.76264],[-111.83039,40.76192],[-111.83463,40.76664],[-111.83362,40.76764],[-111.83579,40.76788],[-111.83716,40.76579],[-111.83468,40.75962],[-111.83598,40.75732],[-111.85235,40.75849],[-111.85235,40.76066]]]}},{"type":"Feature","id":"84623","properties":{"zip":"84623","pop":null,"city":"","county":"Sanpete","state":"Utah","area":12.94,"lat":39.45612,"lon":-111.59057},"geometry":{"type":"Polygon","coordinates":[[[-111.6424,39.42145],[-111.64197,39.43629],[-111.63817,39.44112],[-111.63811,39.44593],[-111.61931,39.44611],[-111.61924,39.4562],[-111.61708,39.45988],[-111.61936,39.46069],[-111.61947,39.46622],[-111.61442,39.46444],[-111.61227,39.47068],[-111.61017,39.47121],[-111.61029,39.47553],[-111.59894,39.47569],[-111.60031,39.47609],[-111.60057,39.48339],[-111.61032,39.49123],[-111.61145,39.49759],[-111.58701,39.49778],[-111.58675,39.49076],[-111.58447,39.48937],[-111.58208,39.48252],[-111.58183,39.47586],[-111.57235,39.47597],[-111.57188,39.48458],[-111.56303,39.4868],[-111.56309,39.49073],[-111.53829,39.49157],[-111.52583,39.49751],[-111.52585,39.49009],[-111.51445,39.48953],[-111.52178,39.48108],[-111.54425,39.4789],[-111.56286,39.47484],[-111.56237,39.43957],[-111.57639,39.43811],[-111.5739,39.4322],[-111.56876,39.43211],[-111.57317,39.42471],[-111.6,39.42428],[-111.59988,39.41869],[-111.64327,39.41813],[-111.6424,39.42145]]]}},{"type":"Feature","id":"84518","properties":{"zip":"84518","pop":null,"city":"","county":"Emery","state":"Utah","area":50.75,"lat":39.39178,"lon":-110.88487},"geometry":{"type":"Polygon","coordinates":[[[-110.99875,39.46971],[-110.85672,39.46952],[-110.86762,39.43304],[-110.86309,39.43068],[-110.853,39.40848],[-110.85258,39.4028],[-110.84636,39.39921],[-110.82787,39.39397],[-110.82782,39.38953],[-110.82431,39.38957],[-110.82748,39.38477],[-110.83083,39.38506],[-110.83367,39.3829],[-110.83328,39.36378],[-110.83055,39.36361],[-110.83253,39.36073],[-110.82747,39.35887],[-110.82107,39.3605],[-110.79564,39.36065],[-110.79429,39.35647],[-110.78417,39.35919],[-110.77559,39.35639],[-110.77857,39.35136],[-110.77289,39.33226],[-110.77765,39.32585],[-110.80892,39.30103],[-110.81432,39.29366],[-110.81513,39.28966],[-110.82243,39.2922],[-110.83599,39.29339],[-110.84079,39.30273],[-110.8438,39.32565],[-110.85041,39.32675],[-110.87304,39.32149],[-110.87862,39.32454],[-110.88179,39.33057],[-110.8892,39.3306],[-110.88931,39.34557],[-110.91776,39.345],[-110.91783,39.35714],[-110.91446,39.35632],[-110.9076,39.3607],[-110.88959,39.36003],[-110.89255,39.3684],[-110.88833,39.37038],[-110.88887,39.38495],[-110.89318,39.39623],[-110.88892,39.40051],[-110.89011,39.40125],[-110.93875,39.34509],[-110.94292,39.3477],[-110.94375,39.3505],[-110.94275,39.37441],[-110.94932,39.40117],[-110.95555,39.40446],[-110.96846,39.41734],[-110.97167,39.42717],[-110.99875,39.46971]]]}},{"type":"Feature","id":"84095","properties":{"zip":"84095","pop":null,"city":"South Jordan","county":"Salt Lake","state":"Utah","area":8.78,"lat":40.55852,"lon":-111.94151},"geometry":{"type":"Polygon","coordinates":[[[-111.9843,40.5442],[-111.97722,40.55555],[-111.9771,40.58053],[-111.92915,40.58045],[-111.9244,40.5821],[-111.91916,40.58052],[-111.92159,40.57902],[-111.91664,40.57326],[-111.90402,40.57329],[-111.90214,40.56972],[-111.9001,40.5697],[-111.89494,40.54431],[-111.91657,40.54427],[-111.91843,40.53955],[-111.91648,40.53838],[-111.91739,40.53697],[-111.92913,40.53798],[-111.92912,40.54042],[-111.93867,40.53917],[-111.94124,40.54067],[-111.94127,40.5369],[-111.94818,40.53686],[-111.9491,40.53953],[-111.95771,40.5404],[-111.95769,40.53685],[-111.9843,40.53691],[-111.9843,40.5442]]]}},{"type":"Feature","id":"84311","properties":{"zip":"84311","pop":null,"city":"Riverside","county":"Box Elder","state":"Utah","area":6.69,"lat":41.82011,"lon":-112.11063},"geometry":{"type":"Polygon","coordinates":[[[-112.14739,41.84088],[-112.1463,41.84663],[-112.12671,41.84703],[-112.10816,41.83957],[-112.10696,41.83653],[-112.08737,41.83673],[-112.08698,41.81478],[-112.08274,41.81479],[-112.08263,41.81087],[-112.07953,41.81214],[-112.08273,41.81963],[-112.0788,41.82466],[-112.07271,41.82686],[-112.06646,41.82546],[-112.05953,41.83407],[-112.0584,41.83319],[-112.0602,41.82745],[-112.06493,41.82309],[-112.07805,41.82174],[-112.0808,41.81933],[-112.08057,41.8171],[-112.07592,41.81489],[-112.07339,41.80647],[-112.09181,41.80048],[-112.09727,41.79132],[-112.1061,41.78751],[-112.11446,41.7902],[-112.10912,41.79576],[-112.10528,41.79281],[-112.10384,41.79382],[-112.1031,41.79965],[-112.11085,41.79993],[-112.11582,41.79281],[-112.12532,41.7926],[-112.12583,41.81315],[-112.13794,41.81422],[-112.13518,41.81712],[-112.13648,41.81841],[-112.13533,41.8214],[-112.13687,41.82422],[-112.1428,41.82586],[-112.14378,41.82952],[-112.14185,41.83191],[-112.14552,41.83302],[-112.14448,41.8368],[-112.14711,41.83831],[-112.14739,41.84088]]]}},{"type":"Feature","id":"84711","properties":{"zip":"84711","pop":null,"city":"Annabella","county":"Sevier","state":"Utah","area":4.0,"lat":38.71305,"lon":-112.06033},"geometry":{"type":"Polygon","coordinates":[[[-112.08934,38.70679],[-112.08006,38.70568],[-112.07888,38.71108],[-112.07668,38.71086],[-112.07742,38.71309],[-112.0736,38.71326],[-112.06973,38.71728],[-112.06972,38.72116],[-112.06743,38.72274],[-112.06973,38.72441],[-112.06936,38.7287],[-112.06671,38.72787],[-112.06253,38.73168],[-112.06117,38.73047],[-112.05235,38.7316],[-112.05207,38.73586],[-112.04491,38.74072],[-112.03431,38.73757],[-112.03758,38.72089],[-112.04009,38.7202],[-112.04443,38.71349],[-112.04705,38.71334],[-112.04686,38.70839],[-112.05168,38.7084],[-112.05156,38.70246],[-112.0556,38.70106],[-112.05394,38.69723],[-112.0777,38.68442],[-112.083,38.69161],[-112.08102,38.69239],[-112.08183,38.69502],[-112.08405,38.695],[-112.08413,38.7023],[-112.08664,38.70231],[-112.08934,38.70679]]]}},{"type":"Feature","id":"84337","properties":{"zip":"84337","pop":null,"city":"Thatcher","county":"Box Elder","state":"Utah","area":126.19,"lat":41.69217,"lon":-112.28488},"geometry":{"type":"Polygon","coordinates":[[[-112.44535,41.6725],[-112.44229,41.67878],[-112.44039,41.70488],[-112.43118,41.70531],[-112.42551,41.71491],[-112.42608,41.72259],[-112.39309,41.72331],[-112.39546,41.73776],[-112.3974,41.81494],[-112.38807,41.81619],[-112.3617,41.81554],[-112.34788,41.81314],[-112.33121,41.80616],[-112.3207,41.80454],[-112.28416,41.79248],[-112.27211,41.781],[-112.25396,41.73804],[-112.23972,41.72562],[-112.23984,41.73926],[-112.22813,41.73985],[-112.21095,41.7399],[-112.21064,41.73278],[-112.20104,41.73293],[-112.20074,41.72548],[-112.19605,41.72836],[-112.19495,41.72574],[-112.18882,41.72863],[-112.18768,41.73438],[-112.1679,41.73354],[-112.16843,41.72624],[-112.16639,41.72629],[-112.1663,41.7232],[-112.16211,41.72268],[-112.16221,41.72641],[-112.13103,41.72694],[-112.13108,41.72873],[-112.12484,41.7304],[-112.10937,41.73179],[-112.10799,41.72768],[-112.11333,41.72321],[-112.1095,41.71906],[-112.1101,41.7177],[-112.10624,41.71724],[-112.10874,41.71536],[-112.11442,41.71661],[-112.11697,41.71328],[-112.11356,41.70869],[-112.12228,41.70541],[-112.11778,41.70286],[-112.10394,41.70125],[-112.10331,41.69957],[-112.10631,41.69636],[-112.11524,41.69296],[-112.11579,41.69096],[-112.11249,41.68849],[-112.10497,41.68951],[-112.10362,41.68769],[-112.10693,41.6853],[-112.10658,41.68376],[-112.10172,41.68472],[-112.09656,41.68229],[-112.10445,41.67738],[-112.10643,41.67801],[-112.10686,41.68256],[-112.11224,41.68218],[-112.1141,41.68062],[-112.11374,41.67616],[-112.12309,41.67486],[-112.1261,41.67211],[-112.11861,41.67022],[-112.11246,41.67531],[-112.1064,41.67538],[-112.10654,41.67019],[-112.11887,41.66215],[-112.11069,41.65841],[-112.10903,41.65375],[-112.12282,41.64865],[-112.12371,41.64647],[-112.11882,41.64052],[-112.11042,41.64203],[-112.10855,41.63848],[-112.12735,41.64037],[-112.1287,41.63676],[-112.12678,41.62521],[-112.13495,41.62503],[-112.13485,41.60966],[-112.1615,41.60801],[-112.17369,41.62342],[-112.17835,41.62342],[-112.17825,41.60869],[-112.32703,41.60792],[-112.37445,41.61403],[-112.3958,41.62587],[-112.41481,41.62965],[-112.42006,41.63242],[-112.43986,41.65477],[-112.44535,41.6725]]]}},{"type":"Feature","id":"84715","properties":{"zip":"84715","pop":null,"city":"","county":"Wayne","state":"Utah","area":24.19,"lat":38.33231,"lon":-111.60312},"geometry":{"type":"Polygon","coordinates":[[[-111.69492,38.32346],[-111.68058,38.34541],[-111.68046,38.3482],[-111.68469,38.35318],[-111.68199,38.35382],[-111.68199,38.35744],[-111.68429,38.35745],[-111.68427,38.36445],[-111.68576,38.36586],[-111.67503,38.36855],[-111.65896,38.37682],[-111.65661,38.38582],[-111.64285,38.38595],[-111.64287,38.37949],[-111.63847,38.37516],[-111.63774,38.36747],[-111.6282,38.36717],[-111.61757,38.3616],[-111.60656,38.36023],[-111.60658,38.35004],[-111.59743,38.35007],[-111.59743,38.3514],[-111.59366,38.34961],[-111.59306,38.3464],[-111.58822,38.34393],[-111.58823,38.33909],[-111.56534,38.33905],[-111.56534,38.34271],[-111.55631,38.34271],[-111.55618,38.34631],[-111.53777,38.34639],[-111.53778,38.34268],[-111.53328,38.34268],[-111.53328,38.33905],[-111.52408,38.33903],[-111.52413,38.32461],[-111.5061,38.32459],[-111.50599,38.31372],[-111.48723,38.31353],[-111.48704,38.30991],[-111.49123,38.30718],[-111.50701,38.31028],[-111.51183,38.30627],[-111.518,38.3069],[-111.51972,38.30436],[-111.51973,38.29561],[-111.52252,38.29465],[-111.52408,38.28828],[-111.52885,38.28829],[-111.5309,38.28559],[-111.5334,38.28556],[-111.53343,38.29194],[-111.52976,38.29196],[-111.52947,38.29493],[-111.54627,38.29553],[-111.55359,38.28972],[-111.55911,38.28779],[-111.56093,38.28591],[-111.56095,38.28139],[-111.56319,38.28139],[-111.56322,38.27758],[-111.56551,38.27758],[-111.56551,38.27577],[-111.57464,38.27396],[-111.57468,38.28148],[-111.57236,38.28138],[-111.55756,38.29536],[-111.56466,38.31344],[-111.5697,38.3188],[-111.57025,38.32414],[-111.57362,38.32155],[-111.5815,38.32041],[-111.58682,38.31122],[-111.59297,38.30898],[-111.59668,38.3052],[-111.60392,38.30472],[-111.61732,38.29831],[-111.6139,38.30889],[-111.61776,38.31008],[-111.62173,38.3084],[-111.61967,38.31254],[-111.62582,38.32429],[-111.62911,38.32028],[-111.62799,38.3175],[-111.62968,38.31405],[-111.63966,38.3149],[-111.64602,38.31292],[-111.65345,38.31384],[-111.65345,38.32482],[-111.67172,38.32482],[-111.67172,38.32235],[-111.67882,38.31985],[-111.69593,38.32234],[-111.69492,38.32346]]]}},{"type":"Feature","id":"84634","properties":{"zip":"84634","pop":null,"city":"Gunnison","county":"Sanpete","state":"Utah","area":53.58,"lat":39.18028,"lon":-111.83564},"geometry":{"type":"Polygon","coordinates":[[[-111.92169,39.30798],[-111.91891,39.30935],[-111.91353,39.31928],[-111.90767,39.32117],[-111.86804,39.26492],[-111.8592,39.24163],[-111.85696,39.21719],[-111.85231,39.21724],[-111.85234,39.22068],[-111.84982,39.22071],[-111.84983,39.22285],[-111.84376,39.22447],[-111.83218,39.22132],[-111.82297,39.22275],[-111.80415,39.23267],[-111.79649,39.2334],[-111.79631,39.22749],[-111.79379,39.22551],[-111.78543,39.22588],[-111.78874,39.22129],[-111.77761,39.21417],[-111.77883,39.20204],[-111.77618,39.19668],[-111.77666,39.18976],[-111.76051,39.18801],[-111.75592,39.19109],[-111.75584,39.19388],[-111.74244,39.1944],[-111.72771,39.21885],[-111.72118,39.21837],[-111.71459,39.21531],[-111.7123,39.22068],[-111.70833,39.22257],[-111.71089,39.22432],[-111.71103,39.22693],[-111.70373,39.22694],[-111.70351,39.22328],[-111.70722,39.22185],[-111.70669,39.21234],[-111.715,39.1994],[-111.71487,39.19529],[-111.72018,39.18588],[-111.71916,39.18266],[-111.72178,39.18008],[-111.72364,39.17326],[-111.72778,39.16975],[-111.72874,39.16641],[-111.75078,39.15962],[-111.74936,39.15704],[-111.73349,39.15339],[-111.7335,39.14693],[-111.73849,39.14921],[-111.74202,39.14676],[-111.76337,39.14409],[-111.79217,39.12294],[-111.8062,39.12283],[-111.80633,39.13807],[-111.83054,39.13802],[-111.83057,39.13056],[-111.84782,39.13067],[-111.84936,39.10601],[-111.86276,39.10594],[-111.87516,39.10231],[-111.89182,39.10175],[-111.89754,39.10591],[-111.90081,39.10907],[-111.90696,39.12496],[-111.91127,39.12967],[-111.91042,39.13655],[-111.91592,39.14494],[-111.91566,39.23179],[-111.90563,39.23195],[-111.90545,39.22171],[-111.89914,39.22438],[-111.89401,39.22112],[-111.89136,39.22154],[-111.88934,39.21681],[-111.88495,39.21539],[-111.884,39.21231],[-111.8805,39.21294],[-111.88403,39.20914],[-111.86335,39.20954],[-111.88322,39.23755],[-111.88065,39.24293],[-111.88126,39.24594],[-111.87847,39.24764],[-111.88549,39.25376],[-111.88264,39.25816],[-111.88623,39.26588],[-111.88281,39.27159],[-111.88874,39.28205],[-111.89457,39.28634],[-111.89794,39.29224],[-111.90831,39.29648],[-111.91357,39.30265],[-111.91872,39.30358],[-111.92249,39.30668],[-111.92169,39.30798]]]}},{"type":"Feature","id":"84004","properties":{"zip":"84004","pop":null,"city":"Alpine","county":"Utah","state":"Utah","area":23.6,"lat":40.48447,"lon":-111.74446},"geometry":{"type":"Polygon","coordinates":[[[-111.80268,40.49364],[-111.78963,40.49777],[-111.78911,40.50186],[-111.79167,40.50521],[-111.78784,40.51376],[-111.78354,40.51491],[-111.78117,40.51868],[-111.76966,40.52261],[-111.76237,40.52924],[-111.74377,40.52254],[-111.73985,40.52398],[-111.73511,40.53269],[-111.72085,40.52519],[-111.71636,40.52764],[-111.71314,40.53269],[-111.70164,40.53359],[-111.69811,40.53573],[-111.68463,40.53131],[-111.68131,40.53299],[-111.68132,40.53036],[-111.68522,40.52717],[-111.68456,40.51262],[-111.69574,40.50289],[-111.69694,40.48584],[-111.69302,40.47279],[-111.70709,40.47072],[-111.71496,40.46555],[-111.71467,40.46008],[-111.70715,40.44903],[-111.70877,40.44821],[-111.70862,40.44492],[-111.71532,40.44492],[-111.71532,40.44119],[-111.72801,40.43618],[-111.75165,40.43227],[-111.75435,40.43279],[-111.75256,40.43284],[-111.75436,40.43743],[-111.7609,40.43746],[-111.76091,40.4392],[-111.7963,40.43957],[-111.79871,40.46109],[-111.7962,40.4611],[-111.79633,40.46829],[-111.79108,40.46831],[-111.79363,40.47504],[-111.79638,40.47646],[-111.79894,40.48737],[-111.80345,40.49248],[-111.80268,40.49364]]]}},{"type":"Feature","id":"84644","properties":{"zip":"84644","pop":null,"city":"","county":"Millard","state":"Utah","area":38.06,"lat":38.87,"lon":-112.37502},"geometry":{"type":"Polygon","coordinates":[[[-112.49704,38.93671],[-112.42032,38.93562],[-112.42111,38.89906],[-112.41174,38.89861],[-112.41158,38.89355],[-112.40462,38.89886],[-112.39781,38.8987],[-112.39785,38.89516],[-112.36762,38.89431],[-112.34857,38.89757],[-112.33826,38.89667],[-112.31873,38.88674],[-112.29529,38.87113],[-112.28924,38.86009],[-112.2629,38.85015],[-112.24857,38.84843],[-112.23699,38.84198],[-112.25175,38.83767],[-112.26035,38.8286],[-112.26646,38.83006],[-112.26868,38.82506],[-112.27371,38.82718],[-112.28004,38.82514],[-112.3121,38.83388],[-112.31662,38.83011],[-112.31467,38.82879],[-112.31776,38.82785],[-112.32246,38.82209],[-112.34833,38.81303],[-112.35658,38.80731],[-112.37446,38.80712],[-112.39128,38.82055],[-112.39889,38.82295],[-112.39538,38.84408],[-112.39123,38.85184],[-112.38436,38.8548],[-112.42085,38.85522],[-112.41433,38.87281],[-112.45389,38.87387],[-112.45383,38.88824],[-112.47977,38.90355],[-112.48614,38.90346],[-112.49228,38.91555],[-112.49518,38.91617],[-112.49491,38.92907],[-112.49704,38.93671]]]}},{"type":"Feature","id":"84026","properties":{"zip":"84026","pop":null,"city":"Fort Duchesne","county":"Uintah","state":"Utah","area":28.77,"lat":40.29107,"lon":-109.83882},"geometry":{"type":"Polygon","coordinates":[[[-109.91879,40.25872],[-109.91603,40.25866],[-109.91592,40.26571],[-109.90681,40.27134],[-109.88981,40.27572],[-109.89721,40.27918],[-109.89723,40.30188],[-109.86396,40.30187],[-109.86394,40.31302],[-109.86776,40.32106],[-109.86934,40.33098],[-109.87873,40.33186],[-109.87777,40.36207],[-109.89659,40.3603],[-109.85969,40.36467],[-109.85851,40.36148],[-109.86158,40.36037],[-109.86088,40.35851],[-109.86324,40.35686],[-109.85968,40.35485],[-109.86181,40.35193],[-109.86142,40.3486],[-109.85649,40.33875],[-109.85544,40.33058],[-109.85708,40.32983],[-109.8553,40.32781],[-109.85692,40.32773],[-109.85514,40.32527],[-109.84948,40.33093],[-109.84054,40.33095],[-109.83922,40.34863],[-109.82489,40.36016],[-109.82029,40.36023],[-109.82317,40.35682],[-109.81932,40.35252],[-109.8217,40.33817],[-109.81131,40.33828],[-109.80598,40.34303],[-109.7648,40.26926],[-109.77438,40.26178],[-109.785,40.25858],[-109.78826,40.26076],[-109.79672,40.2587],[-109.79477,40.25483],[-109.7967,40.25582],[-109.81472,40.24893],[-109.81955,40.24402],[-109.82011,40.24017],[-109.82392,40.24059],[-109.82463,40.24361],[-109.82922,40.2427],[-109.82873,40.23999],[-109.83174,40.24313],[-109.83799,40.24113],[-109.83908,40.23894],[-109.84738,40.23695],[-109.86421,40.24243],[-109.86768,40.24787],[-109.88649,40.25372],[-109.89733,40.25293],[-109.89839,40.25141],[-109.91596,40.25125],[-109.91879,40.25872]]]}},{"type":"Feature","id":"84109","properties":{"zip":"84109","pop":null,"city":"Millcreek","county":"Salt Lake","state":"Utah","area":43.38,"lat":40.70189,"lon":-111.70541},"geometry":{"type":"Polygon","coordinates":[[[-111.83513,40.70661],[-111.83399,40.71961],[-111.83197,40.72098],[-111.83369,40.72225],[-111.83365,40.72585],[-111.81093,40.7258],[-111.81139,40.72695],[-111.80627,40.72723],[-111.80669,40.72879],[-111.8017,40.73296],[-111.79594,40.73305],[-111.79589,40.72551],[-111.8043,40.72554],[-111.80538,40.72344],[-111.80551,40.71437],[-111.797,40.71103],[-111.78993,40.71209],[-111.78261,40.71891],[-111.76604,40.7282],[-111.74819,40.734],[-111.7417,40.74111],[-111.73381,40.74266],[-111.71628,40.75195],[-111.70306,40.75066],[-111.68965,40.74431],[-111.67882,40.74304],[-111.67085,40.73912],[-111.63505,40.74891],[-111.62353,40.75372],[-111.61742,40.7464],[-111.62469,40.74001],[-111.62166,40.73773],[-111.62348,40.73215],[-111.62229,40.72991],[-111.61347,40.72807],[-111.61632,40.72278],[-111.61464,40.71938],[-111.61179,40.71888],[-111.59396,40.70278],[-111.59273,40.69912],[-111.60111,40.68728],[-111.60302,40.67746],[-111.60194,40.6712],[-111.60478,40.66876],[-111.59664,40.65847],[-111.60532,40.66262],[-111.61504,40.6602],[-111.61992,40.66189],[-111.62131,40.6653],[-111.63041,40.66425],[-111.63009,40.66262],[-111.64018,40.66786],[-111.642,40.66669],[-111.65382,40.66811],[-111.6624,40.66343],[-111.66472,40.66606],[-111.67206,40.66826],[-111.68423,40.66805],[-111.70762,40.65875],[-111.71297,40.65949],[-111.72211,40.66515],[-111.75042,40.6533],[-111.76192,40.65232],[-111.7749,40.64623],[-111.77669,40.69051],[-111.79092,40.68868],[-111.79158,40.68662],[-111.83403,40.68709],[-111.83513,40.70661]]]}},{"type":"Feature","id":"84780","properties":{"zip":"84780","pop":null,"city":"Washington","county":"Washington","state":"Utah","area":49.24,"lat":37.12826,"lon":-113.48118},"geometry":{"type":"Polygon","coordinates":[[[-113.53934,37.17862],[-113.53622,37.17575],[-113.53576,37.17076],[-113.53345,37.17001],[-113.53335,37.17676],[-113.52418,37.1768],[-113.52429,37.19127],[-113.51874,37.19126],[-113.52224,37.19417],[-113.52331,37.20205],[-113.52999,37.20584],[-113.53164,37.20947],[-113.53025,37.21579],[-113.53172,37.2209],[-113.52971,37.22724],[-113.44248,37.22614],[-113.4503,37.21562],[-113.44742,37.21388],[-113.44904,37.21077],[-113.44692,37.20957],[-113.44503,37.20162],[-113.44612,37.19956],[-113.43885,37.19534],[-113.43539,37.1974],[-113.43362,37.19566],[-113.43448,37.19389],[-113.43127,37.19414],[-113.42648,37.18945],[-113.41625,37.18578],[-113.41465,37.18335],[-113.42529,37.17716],[-113.45072,37.16741],[-113.44071,37.16076],[-113.43554,37.16041],[-113.43651,37.15764],[-113.44139,37.15573],[-113.45763,37.14293],[-113.46321,37.13631],[-113.46153,37.13497],[-113.45322,37.13898],[-113.45063,37.1374],[-113.45364,37.13191],[-113.45292,37.12793],[-113.43536,37.11603],[-113.43535,37.113],[-113.44125,37.1119],[-113.45483,37.09464],[-113.4577,37.08807],[-113.46067,37.08761],[-113.45911,37.08422],[-113.46188,37.08018],[-113.46179,37.06916],[-113.45852,37.06023],[-113.45915,37.05443],[-113.46294,37.05213],[-113.44997,37.03751],[-113.43562,37.02578],[-113.41726,37.01588],[-113.40911,37.0135],[-113.40657,37.00363],[-113.40809,37.00109],[-113.46589,37.0001],[-113.47108,37.01044],[-113.49038,37.02311],[-113.49041,37.04498],[-113.49765,37.04499],[-113.49329,37.05304],[-113.50392,37.05688],[-113.50432,37.07426],[-113.51089,37.07423],[-113.51096,37.0779],[-113.51776,37.07771],[-113.51781,37.0815],[-113.52173,37.08182],[-113.5226,37.096],[-113.53318,37.09683],[-113.52917,37.09885],[-113.52626,37.10544],[-113.52119,37.10543],[-113.5199,37.10925],[-113.51363,37.11162],[-113.5138,37.12453],[-113.52266,37.12583],[-113.52565,37.12463],[-113.52744,37.12741],[-113.53642,37.12529],[-113.53636,37.13364],[-113.53909,37.14341],[-113.53783,37.15826],[-113.53934,37.17862]]]}},{"type":"Feature","id":"84718","properties":{"zip":"84718","pop":null,"city":"Cannonville","county":"Garfield","state":"Utah","area":12.82,"lat":37.57954,"lon":-112.08302},"geometry":{"type":"Polygon","coordinates":[[[-112.13349,37.60426],[-112.12888,37.60433],[-112.12922,37.60789],[-112.10675,37.60825],[-112.10442,37.61008],[-112.07872,37.61422],[-112.08012,37.61515],[-112.07636,37.61617],[-112.06041,37.61189],[-112.06176,37.59653],[-112.05602,37.59647],[-112.05602,37.58256],[-112.05192,37.58065],[-112.05081,37.5673],[-112.04654,37.56553],[-112.04842,37.56567],[-112.04926,37.56319],[-112.04511,37.56058],[-112.04281,37.54751],[-112.03965,37.54672],[-112.03908,37.54453],[-112.04051,37.53934],[-112.04296,37.53885],[-112.04168,37.53582],[-112.06379,37.53582],[-112.07012,37.54255],[-112.07212,37.54245],[-112.08825,37.5551],[-112.08811,37.5571],[-112.09617,37.56304],[-112.09686,37.56859],[-112.10716,37.57462],[-112.11533,37.57596],[-112.12145,37.57252],[-112.12907,37.57356],[-112.12939,37.59711],[-112.13358,37.59707],[-112.13349,37.60426]]]}},{"type":"Feature","id":"84020","properties":{"zip":"84020","pop":null,"city":"Draper","county":"Salt Lake","state":"Utah","area":20.61,"lat":40.49881,"lon":-111.86343},"geometry":{"type":"Polygon","coordinates":[[[-111.92185,40.5235],[-111.91943,40.52674],[-111.92136,40.53035],[-111.91716,40.53241],[-111.91648,40.53838],[-111.91843,40.53955],[-111.91657,40.54427],[-111.87107,40.54432],[-111.87099,40.54073],[-111.86509,40.54062],[-111.86509,40.53698],[-111.86271,40.53696],[-111.86273,40.52973],[-111.85276,40.52967],[-111.85063,40.52808],[-111.83904,40.52996],[-111.82992,40.53521],[-111.82474,40.53612],[-111.8242,40.5333],[-111.81894,40.53333],[-111.81043,40.53694],[-111.81225,40.5333],[-111.81653,40.53228],[-111.82374,40.52571],[-111.82182,40.5217],[-111.82549,40.52238],[-111.83108,40.51541],[-111.83257,40.51293],[-111.83144,40.50699],[-111.82956,40.5068],[-111.83127,40.50454],[-111.82719,40.49957],[-111.81279,40.49267],[-111.81949,40.49074],[-111.82215,40.48654],[-111.80215,40.49192],[-111.79894,40.48737],[-111.79638,40.47646],[-111.79363,40.47504],[-111.79108,40.46831],[-111.79633,40.46829],[-111.7962,40.4611],[-111.80093,40.46108],[-111.80387,40.4647],[-111.80719,40.4647],[-111.80594,40.46053],[-111.81118,40.45994],[-111.81336,40.45704],[-111.8215,40.45501],[-111.82187,40.4532],[-111.82898,40.45671],[-111.84191,40.45617],[-111.8489,40.45816],[-111.85839,40.46931],[-111.86549,40.47028],[-111.87375,40.47682],[-111.88239,40.47264],[-111.89238,40.46408],[-111.90103,40.46331],[-111.90771,40.45341],[-111.91331,40.45252],[-111.9139,40.46189],[-111.91175,40.46646],[-111.89633,40.4863],[-111.90554,40.48615],[-111.90553,40.48979],[-111.91506,40.48976],[-111.91505,40.49695],[-111.92005,40.4969],[-111.91566,40.50179],[-111.91383,40.51672],[-111.91638,40.52003],[-111.92048,40.51948],[-111.91945,40.52139],[-111.92185,40.5235]]]}},{"type":"Feature","id":"84124","properties":{"zip":"84124","pop":null,"city":"Millcreek","county":"Salt Lake","state":"Utah","area":5.72,"lat":40.6712,"lon":-111.80703},"geometry":{"type":"Polygon","coordinates":[[[-111.86552,40.68706],[-111.8569,40.68877],[-111.85632,40.68741],[-111.84658,40.68858],[-111.84581,40.6871],[-111.79158,40.68662],[-111.79092,40.68868],[-111.77669,40.69051],[-111.7749,40.64623],[-111.77808,40.64664],[-111.78955,40.63895],[-111.78946,40.64277],[-111.80067,40.64281],[-111.80655,40.6522],[-111.80508,40.67068],[-111.80246,40.67442],[-111.80972,40.67507],[-111.8092,40.6734],[-111.81015,40.67496],[-111.81422,40.67488],[-111.816,40.67306],[-111.82197,40.67513],[-111.86554,40.6743],[-111.86552,40.68706]]]}},{"type":"Feature","id":"84542","properties":{"zip":"84542","pop":null,"city":"Wellington","county":"Carbon","state":"Utah","area":12.68,"lat":39.64384,"lon":-110.60011},"geometry":{"type":"MultiPolygon","coordinates":[[[[-110.51347,39.71766],[-110.50142,39.72471],[-110.49359,39.73173],[-110.4927,39.73891],[-110.489,39.74157],[-110.48997,39.7437],[-110.48332,39.74467],[-110.48418,39.74956],[-110.48036,39.75829],[-110.47596,39.76049],[-110.48298,39.77182],[-110.48209,39.77391],[-110.48624,39.77431],[-110.48617,39.7763],[-110.46994,39.77645],[-110.4578,39.77404],[-110.45302,39.7754],[-110.45037,39.77049],[-110.45244,39.76482],[-110.45188,39.75935],[-110.44764,39.75773],[-110.44183,39.74144],[-110.44497,39.73584],[-110.45945,39.72474],[-110.46577,39.71385],[-110.46583,39.70878],[-110.46671,39.71169],[-110.46544,39.71524],[-110.46011,39.72375],[-110.46908,39.72362],[-110.4761,39.72916],[-110.48445,39.72943],[-110.47521,39.72773],[-110.47722,39.7251],[-110.48053,39.72616],[-110.48983,39.71726],[-110.49097,39.71181],[-110.48967,39.7085],[-110.49454,39.70171],[-110.50113,39.70066],[-110.50506,39.70628],[-110.5092,39.70819],[-110.51347,39.71766]]],[[[-110.81481,39.5432],[-110.76857,39.54255],[-110.76853,39.53878],[-110.74473,39.53878],[-110.74439,39.54108],[-110.74953,39.54106],[-110.74939,39.54793],[-110.74005,39.54792],[-110.74162,39.54975],[-110.74957,39.54977],[-110.7496,39.55613],[-110.75422,39.55613],[-110.75434,39.56064],[-110.75908,39.56064],[-110.75921,39.57167],[-110.7496,39.56776],[-110.74957,39.56431],[-110.74489,39.5643],[-110.74475,39.55707],[-110.73998,39.55709],[-110.73635,39.54791],[-110.72612,39.54611],[-110.72611,39.54367],[-110.72141,39.5461],[-110.72142,39.55336],[-110.71778,39.55314],[-110.71795,39.5437],[-110.68747,39.5438],[-110.68571,39.54619],[-110.68609,39.54381],[-110.6827,39.54327],[-110.69316,39.54078],[-110.69424,39.53806],[-110.69928,39.53614],[-110.69695,39.5323],[-110.70104,39.52625],[-110.68364,39.51495],[-110.68219,39.50912],[-110.69258,39.50693],[-110.69498,39.50748],[-110.69629,39.51187],[-110.70278,39.51185],[-110.7071,39.51404],[-110.70713,39.52058],[-110.71184,39.52062],[-110.71192,39.53506],[-110.72148,39.53761],[-110.73257,39.53756],[-110.73252,39.53181],[-110.7343,39.53147],[-110.73529,39.52462],[-110.74742,39.52295],[-110.76746,39.52437],[-110.77785,39.52796],[-110.78886,39.53453],[-110.79906,39.53539],[-110.80944,39.54015],[-110.81461,39.54034],[-110.81481,39.5432]]]]}},{"type":"Feature","id":"84071","properties":{"zip":"84071","pop":null,"city":"","county":"Tooele","state":"Utah","area":93.31,"lat":40.41886,"lon":-112.32458},"geometry":{"type":"Polygon","coordinates":[[[-112.52537,40.43326],[-112.51882,40.43486],[-112.50839,40.4434],[-112.4994,40.44659],[-112.48457,40.44888],[-112.47405,40.44729],[-112.49376,40.49044],[-112.46307,40.49297],[-112.33212,40.4927],[-112.31754,40.5075],[-112.28948,40.50762],[-112.29055,40.5054],[-112.28518,40.49538],[-112.28496,40.48356],[-112.27098,40.47722],[-112.2556,40.46359],[-112.22529,40.44698],[-112.2145,40.44824],[-112.21495,40.45255],[-112.21323,40.45511],[-112.21317,40.4448],[-112.20949,40.43307],[-112.2049,40.43107],[-112.19464,40.42111],[-112.19791,40.41493],[-112.19985,40.4035],[-112.19934,40.39064],[-112.20154,40.38764],[-112.19917,40.38255],[-112.18873,40.37249],[-112.19373,40.36789],[-112.1945,40.3612],[-112.18808,40.35489],[-112.18534,40.34849],[-112.18137,40.34589],[-112.17553,40.33584],[-112.17994,40.33214],[-112.19106,40.32939],[-112.19628,40.32584],[-112.19268,40.32289],[-112.1937,40.31835],[-112.19645,40.31726],[-112.19978,40.32085],[-112.21666,40.3201],[-112.25735,40.30686],[-112.26806,40.30715],[-112.27247,40.31246],[-112.27972,40.31671],[-112.27602,40.31936],[-112.29677,40.33285],[-112.31306,40.35389],[-112.33977,40.36461],[-112.3407,40.36864],[-112.33925,40.37154],[-112.33791,40.37071],[-112.33817,40.3817],[-112.33514,40.3977],[-112.32736,40.40358],[-112.32784,40.40744],[-112.3242,40.41388],[-112.32499,40.41578],[-112.32098,40.42195],[-112.31542,40.41991],[-112.3228,40.42486],[-112.3352,40.42746],[-112.34431,40.42655],[-112.33972,40.42146],[-112.348,40.42366],[-112.34802,40.42074],[-112.37165,40.4209],[-112.37024,40.42591],[-112.37793,40.43134],[-112.38577,40.40482],[-112.38639,40.38432],[-112.39993,40.38447],[-112.42374,40.38846],[-112.42416,40.42068],[-112.46183,40.42027],[-112.46174,40.40552],[-112.4698,40.40555],[-112.4762,40.41182],[-112.48799,40.41776],[-112.5015,40.4204],[-112.50484,40.42358],[-112.51919,40.4297],[-112.51796,40.43483],[-112.52721,40.43248],[-112.52537,40.43326]]]}},{"type":"Feature","id":"84783","properties":{"zip":"84783","pop":null,"city":"Dammeron Valley","county":"Washington","state":"Utah","area":27.49,"lat":37.28551,"lon":-113.65629},"geometry":{"type":"Polygon","coordinates":[[[-113.70927,37.26422],[-113.70582,37.26695],[-113.70261,37.26467],[-113.70226,37.27426],[-113.69475,37.28339],[-113.69378,37.30019],[-113.69584,37.30073],[-113.69711,37.29699],[-113.70028,37.29968],[-113.69861,37.30276],[-113.70246,37.31346],[-113.70305,37.31923],[-113.70168,37.32057],[-113.6901,37.32278],[-113.68788,37.33008],[-113.67937,37.32856],[-113.66613,37.33543],[-113.66637,37.34275],[-113.66094,37.3455],[-113.66072,37.34894],[-113.6465,37.34755],[-113.63575,37.34241],[-113.62222,37.34475],[-113.61555,37.34049],[-113.61612,37.31579],[-113.60064,37.27672],[-113.60523,37.27607],[-113.6067,37.27259],[-113.61421,37.27357],[-113.61356,37.27122],[-113.61806,37.27052],[-113.6211,37.25728],[-113.62645,37.26106],[-113.63455,37.26097],[-113.632,37.25427],[-113.62697,37.24896],[-113.63635,37.24141],[-113.63364,37.23029],[-113.64042,37.23018],[-113.64322,37.22257],[-113.64931,37.21482],[-113.65198,37.21278],[-113.65568,37.22271],[-113.65579,37.23051],[-113.65703,37.23186],[-113.65711,37.22747],[-113.687,37.22674],[-113.69646,37.23263],[-113.6962,37.24172],[-113.69788,37.24263],[-113.69758,37.25137],[-113.69596,37.25361],[-113.70873,37.26168],[-113.70927,37.26422]]]}},{"type":"Feature","id":"84150","properties":{"zip":"84150","pop":null,"city":"Salt Lake City","county":"Salt Lake","state":"Utah","area":0.03,"lat":40.77151,"lon":-111.89107},"geometry":{"type":"MultiPolygon","coordinates":[[[[-111.8911,40.77155],[-111.88822,40.77155],[-111.88823,40.76935],[-111.8911,40.76935],[-111.8911,40.77155]]],[[[-111.89396,40.77369],[-111.8911,40.77365],[-111.8911,40.77155],[-111.89396,40.77155],[-111.89396,40.77369]]]]}},{"type":"Feature","id":"84339","properties":{"zip":"84339","pop":null,"city":"Wellsville","county":"Cache","state":"Utah","area":46.6,"lat":41.62545,"lon":-111.9391},"geometry":{"type":"Polygon","coordinates":[[[-112.01818,41.66251],[-112.00964,41.66498],[-112.00909,41.66322],[-112.00139,41.66946],[-112.00147,41.66781],[-111.9759,41.67592],[-111.97695,41.67885],[-111.94962,41.68001],[-111.94693,41.67582],[-111.94084,41.67825],[-111.94606,41.68483],[-111.94182,41.68895],[-111.94142,41.69457],[-111.94448,41.69761],[-111.94,41.70829],[-111.9414,41.70764],[-111.94289,41.71108],[-111.92382,41.71272],[-111.92155,41.70894],[-111.91931,41.70866],[-111.91963,41.70451],[-111.91617,41.70173],[-111.91831,41.69926],[-111.90117,41.70013],[-111.90083,41.69268],[-111.89113,41.69272],[-111.89124,41.69792],[-111.86644,41.69751],[-111.8646,41.69463],[-111.86281,41.69521],[-111.88753,41.6709],[-111.86904,41.66889],[-111.86921,41.64557],[-111.89084,41.64578],[-111.89094,41.63729],[-111.88674,41.63999],[-111.88295,41.63864],[-111.88114,41.64032],[-111.88003,41.63005],[-111.87167,41.62693],[-111.87601,41.62291],[-111.87619,41.61615],[-111.87162,41.61772],[-111.87222,41.61498],[-111.86821,41.60809],[-111.85536,41.60883],[-111.85347,41.60187],[-111.8516,41.60068],[-111.85429,41.59961],[-111.8526,41.59817],[-111.8547,41.59705],[-111.85539,41.59056],[-111.8619,41.59042],[-111.86191,41.58674],[-111.87163,41.58662],[-111.87164,41.5885],[-111.88131,41.58466],[-111.89094,41.58466],[-111.88827,41.57884],[-111.90364,41.57289],[-111.9049,41.56879],[-111.90959,41.56493],[-111.92462,41.56276],[-111.93809,41.5643],[-111.94117,41.5596],[-111.94988,41.5572],[-111.95537,41.55344],[-111.95367,41.55044],[-111.96196,41.5436],[-111.97252,41.54357],[-111.97544,41.5419],[-111.9778,41.53515],[-111.98183,41.5341],[-111.99164,41.54962],[-111.99276,41.55501],[-111.99661,41.55757],[-111.99411,41.56612],[-111.99896,41.57196],[-112.0004,41.57963],[-112.0067,41.59189],[-112.00754,41.60109],[-112.00449,41.60599],[-112.00367,41.61252],[-112.00615,41.61435],[-112.00771,41.62352],[-112.00708,41.6275],[-112.00464,41.62962],[-112.01325,41.63578],[-112.01552,41.64181],[-112.01274,41.64807],[-112.01818,41.66251]]]}},{"type":"Feature","id":"84087","properties":{"zip":"84087","pop":null,"city":"Woods Cross","county":"Davis","state":"Utah","area":11.12,"lat":40.8891,"lon":-111.92908},"geometry":{"type":"Polygon","coordinates":[[[-111.97107,40.87665],[-111.96756,40.88006],[-111.96916,40.88566],[-111.96615,40.89165],[-111.95927,40.89633],[-111.95866,40.91806],[-111.94807,40.91895],[-111.94709,40.91141],[-111.92435,40.91115],[-111.9218,40.91717],[-111.91154,40.92233],[-111.90779,40.93179],[-111.90168,40.93682],[-111.90155,40.94347],[-111.89881,40.94372],[-111.89911,40.92616],[-111.90191,40.91614],[-111.89478,40.91589],[-111.89481,40.91318],[-111.89117,40.91308],[-111.89159,40.90157],[-111.89634,40.88974],[-111.89673,40.87477],[-111.89331,40.87476],[-111.89225,40.87159],[-111.89665,40.87066],[-111.89938,40.86153],[-111.94341,40.86308],[-111.94363,40.85752],[-111.94873,40.85751],[-111.95415,40.84895],[-111.963,40.84817],[-111.9589,40.84925],[-111.9597,40.85217],[-111.96449,40.85345],[-111.96175,40.85388],[-111.96604,40.85496],[-111.96256,40.86873],[-111.96371,40.87131],[-111.96954,40.87232],[-111.97107,40.87665]]]}},{"type":"Feature","id":"84306","properties":{"zip":"84306","pop":null,"city":"","county":"Box Elder","state":"Utah","area":17.24,"lat":41.78271,"lon":-112.06326},"geometry":{"type":"Polygon","coordinates":[[[-112.12312,41.75673],[-112.1191,41.76022],[-112.12083,41.76324],[-112.11947,41.76442],[-112.10705,41.77012],[-112.1085,41.7729],[-112.11234,41.77194],[-112.11495,41.77818],[-112.12153,41.77804],[-112.11937,41.78051],[-112.11935,41.78551],[-112.11234,41.78432],[-112.11323,41.78649],[-112.10983,41.78846],[-112.1061,41.78751],[-112.09727,41.79132],[-112.09181,41.80048],[-112.07339,41.80647],[-112.07592,41.81489],[-112.08057,41.8171],[-112.0808,41.81933],[-112.07805,41.82174],[-112.06493,41.82309],[-112.0602,41.82745],[-112.05892,41.83358],[-112.05466,41.83667],[-112.04743,41.84719],[-112.03807,41.82808],[-112.02836,41.81973],[-112.03094,41.8155],[-112.02972,41.8085],[-112.01819,41.80457],[-112.00863,41.79464],[-112.01457,41.78066],[-112.01995,41.78005],[-112.02637,41.77641],[-112.02632,41.77269],[-112.03317,41.76682],[-112.03139,41.75953],[-112.0335,41.75046],[-112.03824,41.74243],[-112.10668,41.74206],[-112.10407,41.75313],[-112.10814,41.753],[-112.10942,41.75642],[-112.12251,41.7555],[-112.12312,41.75673]]]}},{"type":"Feature","id":"84743","properties":{"zip":"84743","pop":null,"city":"Kingston","county":"Piute","state":"Utah","area":4.9,"lat":38.20821,"lon":-112.18562},"geometry":{"type":"Polygon","coordinates":[[[-112.21723,38.22677],[-112.21174,38.22672],[-112.20436,38.21978],[-112.19996,38.22406],[-112.20015,38.22733],[-112.19508,38.23003],[-112.17798,38.23032],[-112.17806,38.20785],[-112.14335,38.20779],[-112.14739,38.19923],[-112.15136,38.19848],[-112.14172,38.19459],[-112.14211,38.19324],[-112.20574,38.19372],[-112.20248,38.1976],[-112.21578,38.1976],[-112.21339,38.21133],[-112.21512,38.2239],[-112.21723,38.22677]]]}},{"type":"Feature","id":"84763","properties":{"zip":"84763","pop":null,"city":"Rockville","county":"Washington","state":"Utah","area":11.5,"lat":37.14665,"lon":-113.06941},"geometry":{"type":"Polygon","coordinates":[[[-113.12588,37.14218],[-113.11952,37.15235],[-113.11001,37.15586],[-113.11095,37.15665],[-113.10314,37.16653],[-113.10374,37.16807],[-113.09725,37.16734],[-113.09542,37.16947],[-113.09439,37.16743],[-113.09429,37.1711],[-113.03448,37.17122],[-113.03447,37.16432],[-113.03001,37.16152],[-113.02974,37.16433],[-113.02508,37.16436],[-113.02124,37.16095],[-113.01606,37.16071],[-113.01611,37.15702],[-113.03412,37.15675],[-113.03468,37.11218],[-113.04414,37.11219],[-113.04356,37.10962],[-113.04723,37.11028],[-113.05726,37.12223],[-113.06925,37.13129],[-113.07075,37.13088],[-113.07074,37.12669],[-113.10681,37.12671],[-113.10682,37.14118],[-113.12675,37.14123],[-113.12588,37.14218]]]}},{"type":"Feature","id":"84747","properties":{"zip":"84747","pop":null,"city":"Fremont","county":"Wayne","state":"Utah","area":45.17,"lat":38.4463,"lon":-111.63776},"geometry":{"type":"Polygon","coordinates":[[[-111.78052,38.49113],[-111.77106,38.49851],[-111.61339,38.49855],[-111.61194,38.49399],[-111.60797,38.49242],[-111.60695,38.48876],[-111.60447,38.48924],[-111.59649,38.48501],[-111.59884,38.48264],[-111.60771,38.48399],[-111.60803,38.4813],[-111.61305,38.48606],[-111.61664,38.48415],[-111.60453,38.47503],[-111.60763,38.47081],[-111.60271,38.46926],[-111.58331,38.47676],[-111.58325,38.48406],[-111.57719,38.48411],[-111.5743,38.49],[-111.56509,38.49863],[-111.56052,38.49864],[-111.5603,38.49419],[-111.55675,38.49126],[-111.54195,38.48898],[-111.54219,38.42594],[-111.55142,38.42592],[-111.55144,38.42241],[-111.56919,38.42248],[-111.57484,38.41797],[-111.57868,38.42246],[-111.58363,38.42244],[-111.58362,38.41885],[-111.58822,38.41891],[-111.58823,38.42528],[-111.58988,38.42531],[-111.59226,38.421],[-111.59749,38.41748],[-111.59736,38.39708],[-111.61566,38.39708],[-111.61567,38.38982],[-111.60642,38.38981],[-111.60656,38.36023],[-111.61757,38.3616],[-111.6282,38.36717],[-111.63774,38.36747],[-111.63847,38.37516],[-111.64287,38.37949],[-111.64285,38.38595],[-111.65661,38.38582],[-111.65793,38.37779],[-111.67237,38.37047],[-111.67539,38.3753],[-111.68048,38.37697],[-111.68669,38.39591],[-111.68888,38.39708],[-111.68914,38.40823],[-111.69339,38.4082],[-111.69336,38.41163],[-111.68885,38.41154],[-111.68873,38.41514],[-111.68415,38.41517],[-111.6841,38.41873],[-111.67963,38.41878],[-111.6795,38.42236],[-111.67495,38.42243],[-111.67491,38.42618],[-111.66573,38.42606],[-111.66581,38.42978],[-111.65659,38.42966],[-111.65795,38.44438],[-111.65499,38.44766],[-111.6593,38.45386],[-111.65986,38.46426],[-111.6556,38.47094],[-111.65673,38.48397],[-111.67012,38.48391],[-111.67012,38.48647],[-111.6759,38.48616],[-111.67911,38.48134],[-111.67887,38.47749],[-111.68513,38.47011],[-111.68415,38.46521],[-111.68745,38.46031],[-111.68822,38.46936],[-111.70695,38.46961],[-111.70784,38.45585],[-111.70437,38.45082],[-111.70743,38.44261],[-111.72175,38.44851],[-111.7253,38.4519],[-111.72532,38.45556],[-111.74082,38.46536],[-111.7464,38.47305],[-111.75369,38.47626],[-111.7568,38.48872],[-111.76205,38.48772],[-111.76205,38.48422],[-111.78046,38.48425],[-111.78052,38.49113]]]}},{"type":"Feature","id":"84316","properties":{"zip":"84316","pop":null,"city":"Howell","county":"Box Elder","state":"Utah","area":26.39,"lat":41.77332,"lon":-112.44493},"geometry":{"type":"Polygon","coordinates":[[[-112.49481,41.82393],[-112.39763,41.82488],[-112.39546,41.73776],[-112.39309,41.72331],[-112.49197,41.72187],[-112.49384,41.73707],[-112.49307,41.78057],[-112.49481,41.82393]]]}},{"type":"Feature","id":"84304","properties":{"zip":"84304","pop":null,"city":"Cache","county":"Cache","state":"Utah","area":3.55,"lat":41.82729,"lon":-111.99881},"geometry":{"type":"Polygon","coordinates":[[[-112.03878,41.83038],[-112.0199,41.83917],[-112.00889,41.84898],[-112.00636,41.84814],[-111.9963,41.8341],[-111.96498,41.8259],[-111.9544,41.82542],[-111.9515,41.82111],[-111.95382,41.81555],[-111.99641,41.81538],[-111.99969,41.82493],[-112.01203,41.8249],[-112.01535,41.8199],[-112.01949,41.82081],[-112.02238,41.8155],[-112.03094,41.8155],[-112.02836,41.81973],[-112.03481,41.82393],[-112.03878,41.83038]]]}},{"type":"Feature","id":"84094","properties":{"zip":"84094","pop":null,"city":"Sandy","county":"Salt Lake","state":"Utah","area":3.91,"lat":40.5717,"lon":-111.86194},"geometry":{"type":"Polygon","coordinates":[[[-111.87221,40.55153],[-111.87172,40.57749],[-111.8685,40.57811],[-111.87201,40.57884],[-111.87033,40.58394],[-111.87219,40.58396],[-111.87215,40.58653],[-111.87015,40.58665],[-111.87217,40.59499],[-111.87218,40.60493],[-111.87089,40.60527],[-111.87217,40.60872],[-111.8534,40.61055],[-111.85319,40.58767],[-111.8509,40.58537],[-111.85234,40.58536],[-111.85323,40.58044],[-111.85314,40.57315],[-111.85185,40.57285],[-111.85311,40.56554],[-111.85116,40.56578],[-111.85006,40.56235],[-111.85317,40.56236],[-111.85276,40.52967],[-111.86273,40.52973],[-111.86271,40.53696],[-111.86509,40.53698],[-111.86509,40.54062],[-111.87099,40.54073],[-111.87221,40.55153]]]}},{"type":"Feature","id":"84403","properties":{"zip":"84403","pop":null,"city":"Ogden","county":"Weber","state":"Utah","area":25.61,"lat":41.19383,"lon":-111.90392},"geometry":{"type":"Polygon","coordinates":[[[-111.97478,41.19194],[-111.97117,41.1919],[-111.97244,41.19904],[-111.96884,41.20006],[-111.96788,41.21047],[-111.96926,41.21068],[-111.96742,41.2169],[-111.93472,41.21608],[-111.92891,41.21921],[-111.92426,41.21926],[-111.92439,41.23005],[-111.92923,41.22879],[-111.92472,41.23303],[-111.92539,41.23519],[-111.89915,41.24048],[-111.87498,41.25231],[-111.8441,41.25247],[-111.83661,41.24778],[-111.83431,41.24407],[-111.83365,41.24068],[-111.83771,41.23059],[-111.85934,41.22607],[-111.85905,41.22258],[-111.85552,41.21909],[-111.86229,41.21708],[-111.86057,41.21189],[-111.86763,41.20272],[-111.86602,41.20137],[-111.86645,41.19587],[-111.86802,41.19539],[-111.86671,41.19329],[-111.86901,41.19394],[-111.86531,41.19151],[-111.87295,41.18777],[-111.86883,41.18106],[-111.8766,41.16974],[-111.8714,41.16491],[-111.87055,41.1611],[-111.85456,41.15452],[-111.85494,41.15048],[-111.85751,41.14829],[-111.85625,41.13908],[-111.86165,41.14022],[-111.86125,41.13751],[-111.88987,41.13762],[-111.89943,41.13554],[-111.91357,41.14011],[-111.91411,41.14137],[-111.91107,41.14071],[-111.92171,41.14667],[-111.93083,41.1486],[-111.9492,41.16192],[-111.96853,41.17047],[-111.97149,41.17605],[-111.97119,41.19052],[-111.97478,41.19194]],[[-111.94897,41.18747],[-111.944,41.18611],[-111.9408,41.1903],[-111.92967,41.19026],[-111.92949,41.19738],[-111.93763,41.19745],[-111.93822,41.19575],[-111.94384,41.19479],[-111.94875,41.19585],[-111.94897,41.18747]]]}},{"type":"Feature","id":"84129","properties":{"zip":"84129","pop":null,"city":"Taylorsville","county":"Salt Lake","state":"Utah","area":5.06,"lat":40.65378,"lon":-111.96207},"geometry":{"type":"Polygon","coordinates":[[[-111.99152,40.63448],[-111.98815,40.63481],[-111.98815,40.63857],[-111.98648,40.63858],[-111.98776,40.66583],[-111.98691,40.66361],[-111.98533,40.66498],[-111.9825,40.6629],[-111.98149,40.66031],[-111.98145,40.66286],[-111.98658,40.66756],[-111.98141,40.66755],[-111.98032,40.66936],[-111.96745,40.6676],[-111.95798,40.66904],[-111.95802,40.68215],[-111.93888,40.68212],[-111.93886,40.67376],[-111.94819,40.67456],[-111.94772,40.6701],[-111.93887,40.66982],[-111.94049,40.66367],[-111.93882,40.65513],[-111.94299,40.65225],[-111.94516,40.64514],[-111.93879,40.64451],[-111.93877,40.63853],[-111.94207,40.63858],[-111.9393,40.63495],[-111.94354,40.63493],[-111.94353,40.63131],[-111.95441,40.63175],[-111.94834,40.6327],[-111.94833,40.63455],[-111.9523,40.63357],[-111.95114,40.63856],[-111.95569,40.63526],[-111.95569,40.63856],[-111.95782,40.63856],[-111.95782,40.63189],[-111.97636,40.6313],[-111.97652,40.63858],[-111.97936,40.63858],[-111.98562,40.63513],[-111.98414,40.63132],[-111.99151,40.63132],[-111.99152,40.63448]]]}},{"type":"Feature","id":"84732","properties":{"zip":"84732","pop":null,"city":"","county":"Piute","state":"Utah","area":8.01,"lat":38.44532,"lon":-111.90397},"geometry":{"type":"Polygon","coordinates":[[[-111.94196,38.4229],[-111.94042,38.42528],[-111.94008,38.43721],[-111.92849,38.43372],[-111.93813,38.43872],[-111.93125,38.44039],[-111.92028,38.44856],[-111.91339,38.46259],[-111.90874,38.46261],[-111.90224,38.47508],[-111.88271,38.49149],[-111.86824,38.49131],[-111.86837,38.48592],[-111.87309,38.48015],[-111.87366,38.47664],[-111.8784,38.4758],[-111.87814,38.47384],[-111.87995,38.47364],[-111.88544,38.46392],[-111.88402,38.46341],[-111.88489,38.45219],[-111.87995,38.45333],[-111.88059,38.44098],[-111.88551,38.43906],[-111.89808,38.4183],[-111.90301,38.41594],[-111.90378,38.41096],[-111.92015,38.40025],[-111.91999,38.39745],[-111.92485,38.3931],[-111.92351,38.38981],[-111.92544,38.38482],[-111.92574,38.39628],[-111.92149,38.40509],[-111.91693,38.4091],[-111.91443,38.40911],[-111.92436,38.41692],[-111.92265,38.42258],[-111.94196,38.4229]]]}},{"type":"Feature","id":"84025","properties":{"zip":"84025","pop":null,"city":"Farmington","county":"Davis","state":"Utah","area":10.92,"lat":40.97664,"lon":-111.89864},"geometry":{"type":"Polygon","coordinates":[[[-111.94406,40.99372],[-111.94303,40.99612],[-111.93093,40.99618],[-111.93091,40.99981],[-111.923,41.00028],[-111.93112,41.00561],[-111.92596,41.00546],[-111.92597,41.00818],[-111.91998,41.00997],[-111.91897,41.01287],[-111.91196,41.01132],[-111.90649,41.01642],[-111.90168,41.01644],[-111.90169,41.01285],[-111.89974,41.01287],[-111.89696,41.01402],[-111.89696,41.01648],[-111.89223,41.01653],[-111.89212,41.00384],[-111.88018,40.99808],[-111.88196,40.99615],[-111.87328,40.97478],[-111.87293,40.96598],[-111.85723,40.96467],[-111.85347,40.96199],[-111.84691,40.96426],[-111.83324,40.95816],[-111.82008,40.95949],[-111.83254,40.95062],[-111.85365,40.94751],[-111.85365,40.95267],[-111.89316,40.9522],[-111.89286,40.94507],[-111.90222,40.94343],[-111.90605,40.94943],[-111.91086,40.95217],[-111.92485,40.95783],[-111.9325,40.95811],[-111.93447,40.96009],[-111.93428,40.96537],[-111.93875,40.96938],[-111.94123,40.9818],[-111.93992,40.98741],[-111.94407,40.99056],[-111.94406,40.99372]]]}},{"type":"Feature","id":"84643","properties":{"zip":"84643","pop":null,"city":"","county":"Sanpete","state":"Utah","area":36.82,"lat":39.12865,"lon":-111.68481},"geometry":{"type":"Polygon","coordinates":[[[-111.78583,39.10869],[-111.78123,39.11306],[-111.78212,39.11613],[-111.77884,39.11667],[-111.77799,39.11494],[-111.77303,39.1174],[-111.77409,39.1195],[-111.76972,39.12291],[-111.76272,39.12226],[-111.76332,39.12646],[-111.76581,39.12768],[-111.76169,39.12906],[-111.76469,39.13199],[-111.76474,39.13606],[-111.77154,39.13809],[-111.7647,39.14336],[-111.74202,39.14676],[-111.73849,39.14921],[-111.7335,39.14693],[-111.73349,39.15339],[-111.74936,39.15704],[-111.75078,39.15962],[-111.7056,39.17171],[-111.70527,39.16842],[-111.69394,39.16693],[-111.68278,39.15847],[-111.67687,39.15982],[-111.67544,39.15613],[-111.66503,39.15601],[-111.66257,39.15755],[-111.66056,39.16314],[-111.6617,39.17222],[-111.66631,39.17993],[-111.66123,39.18563],[-111.65135,39.18306],[-111.64742,39.18511],[-111.6443,39.1818],[-111.6339,39.18045],[-111.62468,39.17148],[-111.61162,39.17461],[-111.60931,39.16952],[-111.61053,39.17894],[-111.61476,39.18359],[-111.60845,39.1814],[-111.60591,39.17856],[-111.59457,39.17504],[-111.58955,39.1757],[-111.59017,39.17182],[-111.58812,39.17161],[-111.58854,39.16609],[-111.58624,39.16471],[-111.58722,39.15969],[-111.59486,39.15555],[-111.59643,39.15024],[-111.60747,39.14057],[-111.61245,39.11723],[-111.61682,39.11283],[-111.61638,39.1084],[-111.64216,39.10029],[-111.6521,39.10169],[-111.66022,39.1005],[-111.66759,39.10703],[-111.67916,39.10695],[-111.67186,39.09424],[-111.67198,39.07958],[-111.67913,39.06885],[-111.68257,39.06708],[-111.68655,39.06629],[-111.68747,39.06897],[-111.69004,39.06772],[-111.6986,39.06883],[-111.70449,39.06335],[-111.71214,39.07001],[-111.71049,39.07003],[-111.71198,39.07321],[-111.71978,39.07656],[-111.71873,39.08043],[-111.73087,39.0804],[-111.73087,39.08908],[-111.73605,39.09351],[-111.74616,39.09431],[-111.75633,39.08994],[-111.76172,39.09073],[-111.7735,39.09744],[-111.77379,39.10412],[-111.77665,39.10831],[-111.78268,39.10918],[-111.78465,39.1067],[-111.78583,39.10869]]]}},{"type":"Feature","id":"84312","properties":{"zip":"84312","pop":null,"city":"Riverside","county":"Box Elder","state":"Utah","area":18.57,"lat":41.77977,"lon":-112.15683},"geometry":{"type":"Polygon","coordinates":[[[-112.22728,41.74],[-112.22131,41.74339],[-112.21456,41.75275],[-112.20046,41.75221],[-112.19746,41.75616],[-112.19415,41.7557],[-112.19034,41.75937],[-112.18686,41.7563],[-112.18181,41.75545],[-112.17238,41.78455],[-112.17893,41.81356],[-112.17836,41.83179],[-112.17071,41.85431],[-112.1694,41.86519],[-112.16226,41.86263],[-112.1614,41.85832],[-112.15497,41.85571],[-112.15345,41.85395],[-112.15486,41.85274],[-112.1519,41.84956],[-112.14974,41.84999],[-112.15184,41.84805],[-112.14878,41.84412],[-112.1464,41.84488],[-112.14711,41.83831],[-112.14448,41.8368],[-112.14552,41.83302],[-112.14185,41.83191],[-112.14378,41.82952],[-112.1428,41.82586],[-112.13687,41.82422],[-112.13533,41.8214],[-112.13648,41.81841],[-112.13518,41.81712],[-112.13794,41.81422],[-112.12583,41.81315],[-112.12532,41.7926],[-112.11582,41.79281],[-112.11085,41.79993],[-112.1031,41.79965],[-112.10384,41.79382],[-112.10528,41.79281],[-112.10912,41.79576],[-112.11318,41.79221],[-112.11446,41.7902],[-112.10983,41.78846],[-112.11323,41.78649],[-112.11234,41.78432],[-112.11935,41.78551],[-112.11937,41.78051],[-112.12153,41.77804],[-112.11495,41.77818],[-112.11234,41.77194],[-112.1085,41.7729],[-112.10705,41.77012],[-112.12083,41.76324],[-112.1191,41.76022],[-112.12312,41.75673],[-112.12259,41.75106],[-112.12014,41.7477],[-112.13029,41.74314],[-112.12544,41.73968],[-112.13275,41.73031],[-112.13103,41.72694],[-112.16221,41.72641],[-112.16211,41.72268],[-112.1663,41.7232],[-112.16639,41.72629],[-112.16843,41.72624],[-112.1679,41.73354],[-112.18768,41.73438],[-112.18882,41.72863],[-112.19495,41.72574],[-112.19605,41.72836],[-112.20074,41.72548],[-112.20104,41.73293],[-112.21064,41.73278],[-112.21095,41.7399],[-112.22728,41.74]],[[-112.16079,41.78478],[-112.14564,41.78504],[-112.14474,41.79951],[-112.14949,41.79223],[-112.1604,41.79209],[-112.16079,41.78478]]]}},{"type":"Feature","id":"84329","properties":{"zip":"84329","pop":null,"city":"","county":"Box Elder","state":"Utah","area":367.83,"lat":41.79215,"lon":-113.47096},"geometry":{"type":"Polygon","coordinates":[[[-113.77673,41.9893],[-113.64925,41.99115],[-113.65045,41.98793],[-113.66052,41.98224],[-113.66155,41.9783],[-113.66285,41.96708],[-113.66017,41.9671],[-113.66277,41.96409],[-113.65987,41.96087],[-113.65995,41.95669],[-113.66273,41.95378],[-113.66372,41.9451],[-113.66027,41.9354],[-113.66127,41.93267],[-113.65823,41.92728],[-113.64368,41.92086],[-113.63319,41.92007],[-113.61629,41.9318],[-113.60708,41.93587],[-113.59965,41.93026],[-113.5965,41.91669],[-113.5817,41.91638],[-113.58145,41.92005],[-113.57448,41.92736],[-113.56486,41.924],[-113.56092,41.90684],[-113.54811,41.88744],[-113.15553,41.89185],[-113.15635,41.87812],[-113.14436,41.88013],[-113.13578,41.87711],[-113.13553,41.84855],[-113.14716,41.83652],[-113.13566,41.82786],[-113.1211,41.83531],[-113.0992,41.83138],[-113.09536,41.83467],[-113.09693,41.85605],[-113.08484,41.85545],[-113.08714,41.84786],[-113.07444,41.83843],[-113.0686,41.83168],[-113.06457,41.81802],[-113.05435,41.81366],[-113.03834,41.79999],[-113.05256,41.79027],[-113.0543,41.79096],[-113.05377,41.7897],[-113.05837,41.78602],[-113.0709,41.7889],[-113.08855,41.78829],[-113.09428,41.78192],[-113.09435,41.77383],[-113.11492,41.7661],[-113.12043,41.78031],[-113.12375,41.7791],[-113.12428,41.77496],[-113.13669,41.77449],[-113.14891,41.76141],[-113.15261,41.76285],[-113.16472,41.76236],[-113.18149,41.75362],[-113.18779,41.75491],[-113.18736,41.74953],[-113.19258,41.74113],[-113.19957,41.72226],[-113.21809,41.7174],[-113.23499,41.7157],[-113.23682,41.70693],[-113.23998,41.7016],[-113.24141,41.69026],[-113.24693,41.6902],[-113.25032,41.68474],[-113.25978,41.67871],[-113.26981,41.66399],[-113.26778,41.65996],[-113.28596,41.65559],[-113.29071,41.66987],[-113.29245,41.68254],[-113.29043,41.68675],[-113.29071,41.69401],[-113.30872,41.70913],[-113.31161,41.72983],[-113.34564,41.72958],[-113.34574,41.71641],[-113.3552,41.7171],[-113.36088,41.72011],[-113.37234,41.71956],[-113.38535,41.72542],[-113.39316,41.72435],[-113.40025,41.72633],[-113.43047,41.72265],[-113.44151,41.71946],[-113.451,41.72064],[-113.46795,41.71511],[-113.46754,41.71291],[-113.4774,41.71111],[-113.48964,41.71206],[-113.49664,41.70655],[-113.50249,41.69772],[-113.51563,41.69052],[-113.53098,41.6762],[-113.52388,41.67299],[-113.53714,41.61458],[-113.49718,41.62647],[-113.49361,41.62615],[-113.4935,41.62214],[-113.4971,41.61562],[-113.49577,41.61371],[-113.49675,41.60982],[-113.4929,41.60399],[-113.49298,41.60097],[-113.50032,41.59684],[-113.50461,41.58748],[-113.49453,41.58339],[-113.49017,41.57737],[-113.48565,41.57919],[-113.48309,41.57791],[-113.4786,41.57029],[-113.48248,41.56774],[-113.50075,41.57349],[-113.52076,41.57504],[-113.53281,41.58021],[-113.54077,41.60961],[-113.54738,41.61219],[-113.58032,41.60849],[-113.5808,41.63124],[-113.59502,41.61591],[-113.60262,41.6103],[-113.60423,41.60627],[-113.60631,41.60599],[-113.64663,41.61292],[-113.65269,41.61748],[-113.67655,41.62497],[-113.68231,41.6296],[-113.68663,41.62673],[-113.69095,41.62676],[-113.70126,41.63179],[-113.71068,41.64017],[-113.71372,41.6462],[-113.73449,41.6463],[-113.73428,41.76342],[-113.72865,41.76383],[-113.72633,41.76054],[-113.7268,41.76363],[-113.72428,41.76346],[-113.72628,41.76547],[-113.7188,41.76993],[-113.71926,41.77192],[-113.71656,41.77492],[-113.7182,41.77556],[-113.70844,41.7794],[-113.70988,41.7865],[-113.71255,41.78753],[-113.71352,41.79773],[-113.71224,41.79989],[-113.62091,41.80032],[-113.6208,41.82193],[-113.64453,41.82195],[-113.6657,41.83288],[-113.66737,41.82927],[-113.67146,41.82728],[-113.67371,41.82898],[-113.68254,41.82955],[-113.70944,41.83925],[-113.72407,41.84881],[-113.73429,41.84928],[-113.74136,41.85449],[-113.74592,41.8683],[-113.74166,41.88394],[-113.74456,41.89165],[-113.74034,41.89923],[-113.73986,41.91668],[-113.74563,41.9171],[-113.74621,41.91938],[-113.74301,41.93064],[-113.73767,41.93858],[-113.73762,41.94965],[-113.75954,41.95582],[-113.76704,41.95603],[-113.76721,41.96046],[-113.77677,41.96059],[-113.77673,41.9893]]]}},{"type":"Feature","id":"84096","properties":{"zip":"84096","pop":null,"city":"Herriman","county":"Salt Lake","state":"Utah","area":53.98,"lat":40.50538,"lon":-112.08537},"geometry":{"type":"Polygon","coordinates":[[[-112.18754,40.5141],[-112.17876,40.52202],[-112.1792,40.53161],[-112.18279,40.54098],[-112.18004,40.54586],[-112.17826,40.55634],[-112.18291,40.56219],[-112.18261,40.5746],[-112.16694,40.57232],[-112.15503,40.57479],[-112.13043,40.5556],[-112.11743,40.56141],[-112.09739,40.56173],[-112.08901,40.566],[-112.0817,40.56598],[-112.08168,40.56438],[-112.07918,40.56459],[-112.07919,40.56602],[-112.06327,40.56598],[-112.06181,40.55413],[-112.06982,40.53769],[-112.06827,40.53701],[-111.98407,40.53691],[-111.98407,40.51152],[-111.98266,40.50784],[-111.99282,40.50615],[-111.99196,40.49868],[-111.98774,40.49402],[-111.98175,40.49125],[-111.97912,40.48586],[-111.97454,40.48414],[-111.97087,40.47904],[-111.9647,40.47461],[-111.95335,40.4704],[-111.94966,40.46391],[-111.95289,40.46309],[-111.95245,40.46085],[-111.98584,40.46024],[-111.98575,40.45658],[-112.0145,40.45647],[-112.01461,40.4603],[-112.03254,40.46013],[-112.03323,40.46271],[-112.03817,40.46462],[-112.04577,40.45744],[-112.05938,40.45299],[-112.06679,40.44639],[-112.09355,40.44783],[-112.10117,40.44555],[-112.1119,40.43895],[-112.11442,40.44129],[-112.11342,40.44746],[-112.11478,40.4507],[-112.1388,40.46847],[-112.14592,40.47046],[-112.15364,40.46836],[-112.16017,40.46106],[-112.17194,40.46548],[-112.17157,40.47118],[-112.17397,40.47612],[-112.17631,40.47693],[-112.17814,40.48207],[-112.17702,40.48538],[-112.18102,40.49183],[-112.18002,40.49799],[-112.17584,40.50014],[-112.18099,40.50345],[-112.18754,40.5141]]]}},{"type":"Feature","id":"84054","properties":{"zip":"84054","pop":null,"city":"North Salt Lake","county":"Davis","state":"Utah","area":6.57,"lat":40.8409,"lon":-111.91751},"geometry":{"type":"Polygon","coordinates":[[[-111.95415,40.84895],[-111.94873,40.85751],[-111.94363,40.85752],[-111.94341,40.86308],[-111.89631,40.86161],[-111.89953,40.85761],[-111.89647,40.85641],[-111.90145,40.85514],[-111.90795,40.84618],[-111.90291,40.84389],[-111.89618,40.8502],[-111.89393,40.85023],[-111.89351,40.84831],[-111.88897,40.84951],[-111.88356,40.84781],[-111.88379,40.83582],[-111.87977,40.8364],[-111.87523,40.83293],[-111.87236,40.83296],[-111.87235,40.82742],[-111.89095,40.82735],[-111.89096,40.82183],[-111.90091,40.82183],[-111.90091,40.81988],[-111.90567,40.81988],[-111.90566,40.82182],[-111.94586,40.82179],[-111.94669,40.82384],[-111.94287,40.83049],[-111.94673,40.83796],[-111.95162,40.84157],[-111.94978,40.84313],[-111.95587,40.84911],[-111.95415,40.84895]]]}},{"type":"Feature","id":"84328","properties":{"zip":"84328","pop":null,"city":"Avon","county":"Cache","state":"Utah","area":35.48,"lat":41.5397,"lon":-111.84436},"geometry":{"type":"Polygon","coordinates":[[[-111.95434,41.55433],[-111.94117,41.5596],[-111.93809,41.5643],[-111.92462,41.56276],[-111.90959,41.56493],[-111.9049,41.56879],[-111.90364,41.57289],[-111.88827,41.57884],[-111.89094,41.58466],[-111.88131,41.58466],[-111.87164,41.5885],[-111.87163,41.58662],[-111.86191,41.58674],[-111.8619,41.59042],[-111.85539,41.59056],[-111.8547,41.59705],[-111.8526,41.59817],[-111.85429,41.59961],[-111.8516,41.60068],[-111.84824,41.59856],[-111.79412,41.59743],[-111.79374,41.52838],[-111.78387,41.52596],[-111.76593,41.51746],[-111.76067,41.51661],[-111.74966,41.5192],[-111.74666,41.51407],[-111.74849,41.51533],[-111.75026,41.51073],[-111.74753,41.50765],[-111.75126,41.5008],[-111.75144,41.49652],[-111.7596,41.48673],[-111.75586,41.48192],[-111.75805,41.48329],[-111.76861,41.47873],[-111.77479,41.47981],[-111.78589,41.48731],[-111.79359,41.50294],[-111.79352,41.49588],[-111.90517,41.49685],[-111.90593,41.50288],[-111.90912,41.5071],[-111.90582,41.51497],[-111.9119,41.51852],[-111.91358,41.53161],[-111.91653,41.53855],[-111.9267,41.53697],[-111.93334,41.54146],[-111.93401,41.54671],[-111.93729,41.55116],[-111.94609,41.55303],[-111.95367,41.55044],[-111.95434,41.55433]]]}},{"type":"Feature","id":"84774","properties":{"zip":"84774","pop":null,"city":"Toquerville","county":"Washington","state":"Utah","area":20.21,"lat":37.24338,"lon":-113.28079},"geometry":{"type":"Polygon","coordinates":[[[-113.35306,37.19686],[-113.34321,37.20566],[-113.34356,37.20707],[-113.33302,37.21146],[-113.32662,37.22088],[-113.31654,37.24847],[-113.30779,37.25564],[-113.3096,37.26206],[-113.30869,37.26617],[-113.31235,37.2775],[-113.30059,37.29146],[-113.29769,37.3038],[-113.29338,37.30443],[-113.29228,37.30137],[-113.29218,37.2876],[-113.26453,37.28753],[-113.26438,37.27327],[-113.21998,37.27332],[-113.21983,37.26243],[-113.2283,37.25875],[-113.2298,37.24991],[-113.22748,37.2454],[-113.23481,37.23903],[-113.23531,37.23605],[-113.23154,37.22916],[-113.22797,37.22654],[-113.22735,37.22123],[-113.22726,37.21453],[-113.23311,37.21454],[-113.23305,37.20799],[-113.24413,37.21217],[-113.25032,37.21906],[-113.2525,37.22759],[-113.26489,37.2296],[-113.26483,37.22576],[-113.27859,37.2254],[-113.27865,37.21759],[-113.28413,37.21018],[-113.28414,37.20687],[-113.29525,37.19767],[-113.29845,37.19948],[-113.30993,37.19653],[-113.31743,37.20123],[-113.32061,37.19926],[-113.32339,37.20002],[-113.32364,37.19681],[-113.3281,37.19818],[-113.33074,37.19442],[-113.33872,37.19642],[-113.33734,37.2006],[-113.33867,37.20121],[-113.34376,37.19774],[-113.34359,37.19501],[-113.34703,37.19434],[-113.35306,37.19686]]]}},{"type":"Feature","id":"84008","properties":{"zip":"84008","pop":null,"city":"Bonanza","county":"Uintah","state":"Utah","area":1.43,"lat":40.03349,"lon":-109.19373},"geometry":{"type":"Polygon","coordinates":[[[-109.21255,40.03903],[-109.20745,40.03632],[-109.20363,40.03794],[-109.1961,40.04582],[-109.18864,40.04808],[-109.18451,40.03764],[-109.17397,40.02122],[-109.18649,40.0257],[-109.18779,40.02543],[-109.1865,40.02199],[-109.19273,40.02321],[-109.19446,40.02147],[-109.20046,40.0272],[-109.21152,40.03171],[-109.21225,40.03464],[-109.2151,40.03624],[-109.21255,40.03903]]]}},{"type":"Feature","id":"84059","properties":{"zip":"84059","pop":null,"city":"Vineyard","county":"Utah","state":"Utah","area":4.07,"lat":40.30347,"lon":-111.74851},"geometry":{"type":"Polygon","coordinates":[[[-111.76556,40.32045],[-111.76646,40.32255],[-111.76447,40.32649],[-111.75333,40.32613],[-111.75366,40.33348],[-111.75347,40.33101],[-111.73918,40.32992],[-111.73329,40.3046],[-111.73363,40.28497],[-111.72828,40.27614],[-111.7341,40.27615],[-111.73891,40.27912],[-111.74012,40.27697],[-111.74811,40.27894],[-111.75796,40.27854],[-111.76336,40.29625],[-111.76236,40.30175],[-111.76696,40.31675],[-111.76556,40.32045]],[[-111.73668,40.29656],[-111.73499,40.29369],[-111.73479,40.29513],[-111.73668,40.29656]]]}},{"type":"Feature","id":"84081","properties":{"zip":"84081","pop":null,"city":"West Jordan","county":"Salt Lake","state":"Utah","area":11.69,"lat":40.60267,"lon":-112.03817},"geometry":{"type":"Polygon","coordinates":[[[-112.08257,40.61694],[-112.07312,40.61706],[-112.07318,40.6242],[-112.06734,40.62402],[-112.06572,40.63123],[-112.0681,40.63128],[-112.06812,40.64221],[-112.06332,40.64241],[-112.05334,40.63117],[-112.02464,40.63148],[-112.02463,40.63855],[-112.00539,40.6386],[-112.00725,40.63132],[-112.00476,40.62967],[-112.00635,40.62643],[-112.00491,40.58062],[-112.01462,40.57621],[-112.01483,40.56597],[-112.02617,40.56597],[-112.02704,40.56732],[-112.02704,40.56597],[-112.06327,40.56598],[-112.05863,40.59225],[-112.075,40.59159],[-112.07499,40.59525],[-112.07283,40.59524],[-112.07192,40.59891],[-112.07209,40.60949],[-112.08254,40.60972],[-112.08257,40.61694]]]}},{"type":"Feature","id":"84601","properties":{"zip":"84601","pop":null,"city":"Provo","county":"Utah","state":"Utah","area":10.28,"lat":40.22579,"lon":-111.69534},"geometry":{"type":"Polygon","coordinates":[[[-111.74625,40.23719],[-111.74104,40.23722],[-111.74023,40.23949],[-111.74579,40.2412],[-111.73611,40.23959],[-111.73402,40.24587],[-111.72098,40.24405],[-111.72051,40.23977],[-111.71362,40.23989],[-111.71365,40.24253],[-111.71605,40.24252],[-111.71675,40.24664],[-111.72326,40.25249],[-111.72815,40.26056],[-111.70582,40.26075],[-111.69639,40.25235],[-111.69193,40.24514],[-111.65863,40.24434],[-111.65841,40.2417],[-111.65683,40.24169],[-111.65845,40.2339],[-111.6557,40.23233],[-111.65871,40.22704],[-111.65868,40.22335],[-111.65693,40.22204],[-111.65884,40.22173],[-111.65549,40.21893],[-111.65592,40.21464],[-111.65898,40.2146],[-111.65892,40.20808],[-111.64785,40.19341],[-111.64673,40.18406],[-111.66101,40.18506],[-111.65529,40.18648],[-111.65918,40.1944],[-111.67666,40.20535],[-111.68936,40.20875],[-111.69436,40.20815],[-111.70233,40.20187],[-111.70866,40.20703],[-111.72811,40.20222],[-111.72203,40.19417],[-111.72437,40.19065],[-111.72163,40.18856],[-111.72549,40.18776],[-111.72881,40.19252],[-111.72618,40.1935],[-111.72916,40.1953],[-111.73032,40.20072],[-111.72835,40.21387],[-111.73011,40.22073],[-111.73904,40.23025],[-111.74004,40.23268],[-111.73805,40.23467],[-111.73997,40.23626],[-111.73806,40.23684],[-111.74625,40.23719]]]}},{"type":"Feature","id":"84520","properties":{"zip":"84520","pop":null,"city":"East Carbon","county":"Carbon","state":"Utah","area":5.09,"lat":39.53392,"lon":-110.42004},"geometry":{"type":"Polygon","coordinates":[[[-110.4855,39.53522],[-110.44345,39.53852],[-110.44336,39.54218],[-110.43867,39.54211],[-110.43875,39.55636],[-110.41991,39.55641],[-110.41983,39.55271],[-110.40729,39.55161],[-110.40461,39.54897],[-110.40159,39.54896],[-110.40341,39.54594],[-110.39721,39.54837],[-110.3908,39.5476],[-110.4118,39.54352],[-110.41144,39.5417],[-110.39933,39.54233],[-110.39708,39.52961],[-110.39099,39.52488],[-110.38377,39.52398],[-110.37892,39.51844],[-110.3779,39.51184],[-110.3817,39.50922],[-110.40131,39.5092],[-110.40122,39.52194],[-110.45229,39.52966],[-110.46359,39.52985],[-110.4855,39.53522]]]}},{"type":"Feature","id":"84085","properties":{"zip":"84085","pop":null,"city":"Whiterocks","county":"Uintah","state":"Utah","area":74.11,"lat":40.58625,"lon":-109.92635},"geometry":{"type":"Polygon","coordinates":[[[-109.97651,40.49894],[-109.9764,40.80969],[-109.97005,40.81071],[-109.96292,40.8034],[-109.95477,40.80164],[-109.95014,40.79809],[-109.94409,40.79813],[-109.94142,40.79501],[-109.9322,40.79659],[-109.92414,40.79001],[-109.91867,40.79089],[-109.91584,40.78853],[-109.91391,40.78245],[-109.92169,40.77299],[-109.93782,40.76525],[-109.9371,40.75627],[-109.95516,40.74157],[-109.9471,40.73495],[-109.95391,40.72502],[-109.95232,40.72296],[-109.95454,40.71281],[-109.96266,40.70923],[-109.94843,40.69564],[-109.92777,40.68789],[-109.91848,40.68958],[-109.90996,40.67903],[-109.90908,40.65653],[-109.90339,40.65174],[-109.90533,40.64892],[-109.89079,40.62416],[-109.91139,40.60686],[-109.88206,40.5938],[-109.8766,40.58474],[-109.88515,40.57756],[-109.88232,40.56732],[-109.88989,40.5509],[-109.8273,40.53682],[-109.82903,40.5348],[-109.83548,40.53476],[-109.83884,40.51608],[-109.84522,40.51275],[-109.84412,40.50737],[-109.85358,40.50617],[-109.85511,40.49519],[-109.85824,40.49305],[-109.85063,40.48516],[-109.85023,40.47646],[-109.85935,40.47574],[-109.85938,40.45894],[-109.85458,40.45335],[-109.86055,40.44295],[-109.85897,40.44089],[-109.85981,40.42547],[-109.86816,40.42563],[-109.87314,40.42897],[-109.87431,40.43276],[-109.89735,40.43295],[-109.89742,40.46927],[-109.92783,40.46786],[-109.93136,40.45336],[-109.93381,40.45877],[-109.93683,40.45485],[-109.94296,40.4612],[-109.94824,40.46364],[-109.94766,40.4651],[-109.95208,40.46853],[-109.95158,40.47091],[-109.96151,40.47526],[-109.96204,40.47739],[-109.97513,40.48672],[-109.97651,40.49894]]]}},{"type":"Feature","id":"84128","properties":{"zip":"84128","pop":null,"city":"West Valley City","county":"Salt Lake","state":"Utah","area":6.36,"lat":40.70515,"lon":-112.04257},"geometry":{"type":"Polygon","coordinates":[[[-112.06327,40.72559],[-112.04246,40.72566],[-112.04514,40.73081],[-112.05079,40.73447],[-112.05622,40.73409],[-112.06306,40.74024],[-112.0249,40.74026],[-112.02489,40.72033],[-112.02729,40.71703],[-112.02754,40.71102],[-112.0255,40.71095],[-112.02489,40.70381],[-112.02799,40.70376],[-112.02813,40.69755],[-112.02483,40.69501],[-112.02468,40.66846],[-112.04385,40.66844],[-112.04389,40.67741],[-112.06305,40.682],[-112.06327,40.72559]]]}},{"type":"Feature","id":"84042","properties":{"zip":"84042","pop":null,"city":"Lindon","county":"Utah","state":"Utah","area":6.07,"lat":40.34111,"lon":-111.7246},"geometry":{"type":"Polygon","coordinates":[[[-111.77439,40.34767],[-111.77434,40.35355],[-111.76865,40.34987],[-111.76425,40.35404],[-111.75982,40.3513],[-111.74071,40.35219],[-111.74072,40.35078],[-111.72907,40.35224],[-111.67853,40.35197],[-111.66548,40.33876],[-111.66306,40.33381],[-111.72017,40.33367],[-111.72009,40.32984],[-111.72233,40.32955],[-111.72044,40.32637],[-111.73733,40.32627],[-111.73909,40.32627],[-111.73918,40.32992],[-111.75347,40.33101],[-111.75366,40.33348],[-111.75333,40.32613],[-111.76269,40.32618],[-111.76447,40.32649],[-111.76666,40.33208],[-111.77283,40.33431],[-111.77278,40.34104],[-111.7793,40.34766],[-111.77439,40.34767]]]}},{"type":"Feature","id":"84075","properties":{"zip":"84075","pop":null,"city":"Syracuse","county":"Davis","state":"Utah","area":27.28,"lat":41.05977,"lon":-112.06918},"geometry":{"type":"Polygon","coordinates":[[[-112.17478,41.12889],[-112.17322,41.13251],[-112.16623,41.13219],[-112.1654,41.13516],[-112.16066,41.1362],[-112.1522,41.13483],[-112.14077,41.12823],[-112.13513,41.13592],[-112.12711,41.13773],[-112.12708,41.11773],[-112.12228,41.11773],[-112.1223,41.1],[-112.11744,41.10003],[-112.11746,41.09643],[-112.10546,41.09646],[-112.10789,41.10372],[-112.09311,41.1037],[-112.09311,41.11105],[-112.04527,41.11087],[-112.04529,41.1056],[-112.05372,41.10364],[-112.05494,41.0964],[-112.04531,41.0964],[-112.04533,41.08915],[-112.03578,41.08915],[-112.03588,41.05908],[-112.03383,41.05604],[-112.02514,41.05362],[-112.02514,41.05953],[-112.01892,41.05953],[-112.01897,41.05043],[-112.0093,41.04911],[-112.00711,41.04502],[-112.00691,41.03261],[-111.99647,41.01754],[-112.00739,40.99994],[-112.00762,40.98548],[-112.0366,40.98805],[-112.04904,40.9921],[-112.058,41.00767],[-112.05609,41.00776],[-112.05732,41.01085],[-112.06569,41.02181],[-112.07539,41.02441],[-112.0862,41.03207],[-112.09208,41.03226],[-112.09749,41.03529],[-112.10407,41.04903],[-112.11969,41.06425],[-112.12677,41.08922],[-112.13389,41.09565],[-112.13964,41.10931],[-112.14334,41.11241],[-112.14995,41.1142],[-112.14917,41.11609],[-112.15196,41.11451],[-112.15462,41.11632],[-112.15376,41.11785],[-112.1579,41.11763],[-112.16264,41.12182],[-112.1654,41.1213],[-112.17478,41.12889]]]}},{"type":"Feature","id":"84782","properties":{"zip":"84782","pop":null,"city":"Veyo","county":"Washington","state":"Utah","area":16.64,"lat":37.35939,"lon":-113.67528},"geometry":{"type":"Polygon","coordinates":[[[-113.73593,37.37199],[-113.73088,37.37412],[-113.69699,37.37372],[-113.69719,37.38168],[-113.68828,37.38158],[-113.68826,37.38861],[-113.66074,37.38846],[-113.66091,37.4011],[-113.65908,37.40273],[-113.64252,37.4029],[-113.64247,37.41069],[-113.63977,37.40437],[-113.63782,37.4041],[-113.65132,37.38383],[-113.64025,37.37557],[-113.62866,37.3727],[-113.63193,37.37835],[-113.6292,37.38449],[-113.62663,37.38513],[-113.62469,37.3886],[-113.62293,37.38643],[-113.61675,37.38533],[-113.6165,37.34963],[-113.61506,37.34938],[-113.61491,37.34055],[-113.62222,37.34475],[-113.63575,37.34241],[-113.6465,37.34755],[-113.66072,37.34894],[-113.66094,37.3455],[-113.66637,37.34275],[-113.66613,37.33543],[-113.67937,37.32856],[-113.68788,37.33008],[-113.6901,37.32278],[-113.69737,37.32223],[-113.69738,37.32368],[-113.70199,37.32371],[-113.70197,37.32721],[-113.71117,37.32729],[-113.71118,37.32373],[-113.71411,37.32246],[-113.71483,37.3191],[-113.72205,37.31621],[-113.72391,37.31855],[-113.72831,37.31831],[-113.73159,37.31694],[-113.7324,37.31451],[-113.73317,37.31782],[-113.72993,37.31888],[-113.72574,37.32662],[-113.72298,37.32745],[-113.72,37.33608],[-113.72377,37.33558],[-113.72485,37.33706],[-113.72939,37.36552],[-113.73593,37.37199]]]}},{"type":"Feature","id":"84088","properties":{"zip":"84088","pop":null,"city":"West Jordan","county":"Salt Lake","state":"Utah","area":7.17,"lat":40.59508,"lon":-111.96065},"geometry":{"type":"Polygon","coordinates":[[[-112.00576,40.60302],[-112.00536,40.60945],[-111.9578,40.60952],[-111.95171,40.61088],[-111.92915,40.60941],[-111.92916,40.61514],[-111.92702,40.61516],[-111.92589,40.60908],[-111.92129,40.60952],[-111.91839,40.59698],[-111.91365,40.5971],[-111.91174,40.59373],[-111.9127,40.58774],[-111.91916,40.58052],[-111.9244,40.5821],[-111.92915,40.58045],[-112.00491,40.58062],[-112.00576,40.60302]]]}},{"type":"Feature","id":"84093","properties":{"zip":"84093","pop":null,"city":"Sandy","county":"Salt Lake","state":"Utah","area":4.24,"lat":40.5948,"lon":-111.8288},"geometry":{"type":"Polygon","coordinates":[[[-111.85777,40.61635],[-111.85617,40.61635],[-111.85683,40.61753],[-111.84597,40.61583],[-111.84008,40.61362],[-111.83799,40.6101],[-111.82445,40.60516],[-111.82435,40.60771],[-111.81739,40.6067],[-111.81481,40.60363],[-111.81079,40.60646],[-111.8093,40.60478],[-111.80585,40.60507],[-111.80104,40.59795],[-111.79889,40.59027],[-111.7936,40.58939],[-111.79224,40.58651],[-111.79438,40.58595],[-111.7971,40.57852],[-111.80341,40.58495],[-111.81509,40.58034],[-111.82325,40.58045],[-111.82327,40.57867],[-111.82845,40.58047],[-111.8438,40.58048],[-111.84379,40.57862],[-111.84999,40.57776],[-111.85234,40.58045],[-111.85234,40.58536],[-111.8509,40.58537],[-111.85319,40.58767],[-111.8534,40.61055],[-111.8511,40.61049],[-111.85777,40.61635]]]}},{"type":"Feature","id":"84102","properties":{"zip":"84102","pop":null,"city":"Salt Lake City","county":"Salt Lake","state":"Utah","area":1.47,"lat":40.75999,"lon":-111.86372},"geometry":{"type":"Polygon","coordinates":[[[-111.87701,40.76501],[-111.8782,40.76935],[-111.87156,40.77056],[-111.84899,40.76935],[-111.84829,40.76702],[-111.85235,40.76711],[-111.85235,40.75849],[-111.84774,40.75849],[-111.84762,40.75074],[-111.85389,40.75197],[-111.85389,40.74979],[-111.8776,40.75064],[-111.87678,40.76283],[-111.87881,40.76403],[-111.87701,40.76501]]]}},{"type":"Feature","id":"84103","properties":{"zip":"84103","pop":null,"city":"Salt Lake City","county":"Salt Lake","state":"Utah","area":15.51,"lat":40.80346,"lon":-111.84684},"geometry":{"type":"MultiPolygon","coordinates":[[[[-111.89396,40.77155],[-111.8911,40.77155],[-111.8911,40.76935],[-111.89396,40.76935],[-111.89396,40.77155]]],[[[-111.91999,40.80559],[-111.91602,40.79881],[-111.90982,40.79941],[-111.9037,40.79444],[-111.89881,40.7979],[-111.89265,40.79571],[-111.89102,40.80007],[-111.89613,40.80203],[-111.89504,40.80352],[-111.89802,40.80787],[-111.90435,40.81056],[-111.90274,40.81364],[-111.90342,40.8199],[-111.90091,40.81988],[-111.90091,40.82183],[-111.8709,40.8217],[-111.86928,40.82381],[-111.85813,40.82434],[-111.85366,40.82928],[-111.8468,40.8297],[-111.84404,40.83223],[-111.8352,40.83084],[-111.82213,40.83423],[-111.81576,40.83892],[-111.81448,40.83124],[-111.80803,40.82204],[-111.79757,40.82546],[-111.78067,40.827],[-111.76918,40.83107],[-111.75819,40.82932],[-111.75153,40.83101],[-111.74506,40.82804],[-111.74046,40.82966],[-111.74048,40.81974],[-111.78706,40.81966],[-111.78699,40.81675],[-111.79972,40.81233],[-111.79976,40.79864],[-111.81509,40.79798],[-111.81511,40.79185],[-111.83265,40.78282],[-111.83884,40.7764],[-111.83692,40.77337],[-111.84773,40.77051],[-111.84726,40.76805],[-111.85806,40.77056],[-111.88354,40.76935],[-111.8911,40.77155],[-111.8911,40.77365],[-111.89396,40.77369],[-111.89396,40.77155],[-111.90548,40.77155],[-111.90498,40.78239],[-111.91929,40.80068],[-111.91999,40.80559]],[[-111.89107,40.77597],[-111.88668,40.77595],[-111.88564,40.77994],[-111.88995,40.77993],[-111.89107,40.77597]]]]}},{"type":"Feature","id":"84074","properties":{"zip":"84074","pop":null,"city":"Erda","county":"Tooele","state":"Utah","area":133.19,"lat":40.57364,"lon":-112.29916},"geometry":{"type":"Polygon","coordinates":[[[-112.50088,40.52087],[-112.49444,40.54359],[-112.48662,40.54173],[-112.46369,40.56334],[-112.3681,40.56466],[-112.36738,40.57575],[-112.38577,40.59352],[-112.3704,40.5938],[-112.37103,40.61437],[-112.37553,40.61245],[-112.37703,40.64342],[-112.36731,40.6443],[-112.3652,40.64816],[-112.37036,40.64955],[-112.3531,40.65415],[-112.33732,40.66215],[-112.36212,40.66407],[-112.37595,40.66751],[-112.37593,40.66887],[-112.36843,40.66787],[-112.35897,40.66966],[-112.25936,40.70464],[-112.22579,40.72412],[-112.21653,40.71791],[-112.20768,40.71572],[-112.20331,40.70914],[-112.19864,40.69319],[-112.20418,40.68339],[-112.20436,40.67865],[-112.20148,40.67118],[-112.20293,40.65398],[-112.19785,40.64784],[-112.19802,40.64393],[-112.19415,40.63561],[-112.19767,40.62546],[-112.1959,40.62123],[-112.18845,40.61418],[-112.18171,40.61205],[-112.17855,40.60547],[-112.17534,40.60398],[-112.17752,40.59627],[-112.17508,40.58566],[-112.18147,40.58038],[-112.18038,40.57735],[-112.18338,40.57253],[-112.18205,40.57088],[-112.18291,40.56219],[-112.17826,40.55634],[-112.18004,40.54586],[-112.18279,40.54098],[-112.1792,40.53161],[-112.17876,40.52202],[-112.18754,40.5141],[-112.18099,40.50345],[-112.17584,40.50014],[-112.18002,40.49799],[-112.18102,40.49183],[-112.17702,40.48538],[-112.17814,40.48207],[-112.17631,40.47693],[-112.17397,40.47612],[-112.17157,40.47118],[-112.17286,40.46706],[-112.19027,40.46852],[-112.19546,40.46231],[-112.21222,40.45928],[-112.21495,40.45255],[-112.2145,40.44824],[-112.22529,40.44698],[-112.2556,40.46359],[-112.27098,40.47722],[-112.28496,40.48356],[-112.28518,40.49538],[-112.29055,40.5054],[-112.28948,40.50762],[-112.31754,40.5075],[-112.33212,40.4927],[-112.46307,40.49297],[-112.49376,40.49044],[-112.49536,40.50596],[-112.50088,40.52087]]]}},{"type":"Feature","id":"84069","properties":{"zip":"84069","pop":null,"city":"Rush Valley","county":"Tooele","state":"Utah","area":42.91,"lat":40.36527,"lon":-112.48547},"geometry":{"type":"Polygon","coordinates":[[[-112.57098,40.41326],[-112.57021,40.41763],[-112.54582,40.42704],[-112.51796,40.43483],[-112.51919,40.4297],[-112.50484,40.42358],[-112.5015,40.4204],[-112.48799,40.41776],[-112.4762,40.41182],[-112.4698,40.40555],[-112.46174,40.40552],[-112.46183,40.42027],[-112.42416,40.42068],[-112.42374,40.38846],[-112.40104,40.38559],[-112.41051,40.36619],[-112.42344,40.36952],[-112.42281,40.33687],[-112.40956,40.33722],[-112.40466,40.3118],[-112.42197,40.30836],[-112.42217,40.31513],[-112.42998,40.31521],[-112.43295,40.31862],[-112.42243,40.31872],[-112.42274,40.32594],[-112.44154,40.32564],[-112.44152,40.30386],[-112.47902,40.29155],[-112.4791,40.29633],[-112.4839,40.29634],[-112.48405,40.29862],[-112.49007,40.29977],[-112.49805,40.29981],[-112.49852,40.30344],[-112.52258,40.30222],[-112.53451,40.30566],[-112.53049,40.30903],[-112.53288,40.31154],[-112.53188,40.31405],[-112.53598,40.31555],[-112.53725,40.31976],[-112.54057,40.32241],[-112.53577,40.32301],[-112.53679,40.32842],[-112.52935,40.32896],[-112.52279,40.33344],[-112.54994,40.34685],[-112.54205,40.35397],[-112.53912,40.35363],[-112.53946,40.35969],[-112.53733,40.36023],[-112.52985,40.35638],[-112.5295,40.35816],[-112.54562,40.3681],[-112.55569,40.383],[-112.56299,40.39097],[-112.56902,40.39407],[-112.56918,40.40852],[-112.57098,40.41326]]]}},{"type":"Feature","id":"84073","properties":{"zip":"84073","pop":null,"city":"","county":"Duchesne","state":"Utah","area":20.94,"lat":40.34549,"lon":-110.41401},"geometry":{"type":"Polygon","coordinates":[[[-110.49416,40.35816],[-110.46409,40.35815],[-110.46427,40.37613],[-110.4759,40.38208],[-110.47819,40.38843],[-110.47424,40.39357],[-110.46727,40.39479],[-110.4674,40.39948],[-110.45966,40.40211],[-110.45969,40.40669],[-110.45705,40.40784],[-110.44576,40.40024],[-110.43728,40.39893],[-110.43499,40.3915],[-110.42611,40.37642],[-110.44375,40.37564],[-110.4444,40.37321],[-110.44016,40.36943],[-110.42531,40.36813],[-110.42311,40.36523],[-110.42622,40.36049],[-110.42619,40.35493],[-110.39542,40.35431],[-110.39744,40.35806],[-110.39605,40.35934],[-110.38222,40.35551],[-110.34618,40.35557],[-110.34614,40.34476],[-110.33193,40.3447],[-110.33191,40.33655],[-110.32861,40.33415],[-110.31306,40.33413],[-110.31298,40.31179],[-110.33109,40.30776],[-110.34744,40.30766],[-110.35585,40.30986],[-110.3555,40.31321],[-110.3617,40.31448],[-110.35769,40.32167],[-110.35244,40.32596],[-110.35959,40.32378],[-110.36547,40.32491],[-110.38393,40.32302],[-110.40427,40.32503],[-110.40721,40.32633],[-110.40788,40.33242],[-110.42695,40.33245],[-110.42719,40.31987],[-110.45784,40.31997],[-110.46678,40.31801],[-110.46807,40.31625],[-110.46974,40.31777],[-110.4721,40.31535],[-110.4797,40.31954],[-110.49117,40.30928],[-110.49259,40.31195],[-110.49005,40.31461],[-110.4925,40.31364],[-110.49282,40.31797],[-110.48925,40.32249],[-110.48966,40.32961],[-110.48794,40.32946],[-110.48766,40.33364],[-110.47592,40.34233],[-110.46982,40.34299],[-110.4881,40.34855],[-110.49416,40.35816]]]}},{"type":"Feature","id":"84305","properties":{"zip":"84305","pop":null,"city":"","county":"Cache","state":"Utah","area":41.54,"lat":41.94395,"lon":-112.05799},"geometry":{"type":"Polygon","coordinates":[[[-112.16601,41.99618],[-112.16218,41.99908],[-112.15385,41.99723],[-111.99895,41.99839],[-112.00068,41.99432],[-111.99905,41.98539],[-112.00047,41.98198],[-112.00267,41.98175],[-111.99779,41.97482],[-111.99719,41.96913],[-111.99538,41.96702],[-111.98157,41.96504],[-111.99197,41.93053],[-111.99182,41.91741],[-111.97715,41.91749],[-111.97652,41.90651],[-111.97326,41.90284],[-111.97128,41.8957],[-111.97627,41.89571],[-111.974,41.89355],[-111.97417,41.88913],[-112.03641,41.88807],[-112.03461,41.87744],[-112.04634,41.86301],[-112.04658,41.85078],[-112.05286,41.86623],[-112.0554,41.86584],[-112.05859,41.86848],[-112.06398,41.86795],[-112.0637,41.87506],[-112.08459,41.90209],[-112.10515,41.91086],[-112.10859,41.91617],[-112.11487,41.91947],[-112.12192,41.92817],[-112.12438,41.94095],[-112.13418,41.95898],[-112.13752,41.96381],[-112.14279,41.96357],[-112.14456,41.96727],[-112.15085,41.97089],[-112.15384,41.98501],[-112.15788,41.99142],[-112.16601,41.99618]]]}},{"type":"Feature","id":"84308","properties":{"zip":"84308","pop":null,"city":"Cornish","county":"Cache","state":"Utah","area":10.42,"lat":41.96552,"lon":-111.96677},"geometry":{"type":"Polygon","coordinates":[[[-112.00267,41.98175],[-112.00047,41.98198],[-111.99905,41.98539],[-112.00068,41.99432],[-111.99895,41.99839],[-111.92507,41.9986],[-111.92672,41.99137],[-111.92503,41.9902],[-111.92502,41.9828],[-111.94073,41.9827],[-111.94394,41.98027],[-111.93937,41.97659],[-111.93369,41.97621],[-111.9346,41.96806],[-111.94052,41.9681],[-111.93998,41.96003],[-111.94407,41.96001],[-111.94377,41.94082],[-111.95869,41.94091],[-111.95852,41.93197],[-111.96308,41.93197],[-111.96262,41.91756],[-111.99182,41.91741],[-111.99197,41.93053],[-111.98157,41.96504],[-111.99538,41.96702],[-111.99779,41.97482],[-112.00267,41.98175]]]}},{"type":"Feature","id":"84309","properties":{"zip":"84309","pop":null,"city":"Deweyville","county":"Box Elder","state":"Utah","area":6.52,"lat":41.71387,"lon":-112.0992},"geometry":{"type":"Polygon","coordinates":[[[-112.13275,41.73031],[-112.12544,41.73968],[-112.13029,41.74314],[-112.12014,41.7477],[-112.12259,41.75106],[-112.12253,41.75617],[-112.10942,41.75642],[-112.10814,41.753],[-112.10407,41.75313],[-112.10668,41.74206],[-112.08336,41.74239],[-112.08426,41.72761],[-112.08227,41.7059],[-112.07185,41.66963],[-112.09173,41.66951],[-112.09345,41.68368],[-112.10658,41.68376],[-112.10693,41.6853],[-112.10362,41.68769],[-112.10497,41.68951],[-112.11249,41.68849],[-112.11579,41.69096],[-112.11524,41.69296],[-112.10973,41.69445],[-112.10331,41.69957],[-112.10501,41.70171],[-112.11778,41.70286],[-112.12228,41.70541],[-112.11356,41.70869],[-112.11697,41.71328],[-112.11442,41.71661],[-112.10874,41.71536],[-112.10624,41.71724],[-112.1101,41.7177],[-112.1095,41.71906],[-112.11333,41.72321],[-112.10799,41.72768],[-112.10937,41.73179],[-112.13108,41.72873],[-112.13275,41.73031]]]}},{"type":"Feature","id":"84104","properties":{"zip":"84104","pop":null,"city":"Salt Lake City","county":"Salt Lake","state":"Utah","area":16.36,"lat":40.74836,"lon":-111.98295},"geometry":{"type":"Polygon","coordinates":[[[-112.06432,40.75184],[-112.06307,40.77113],[-112.01515,40.77121],[-111.98948,40.76483],[-111.96899,40.76468],[-111.93441,40.76577],[-111.91397,40.76934],[-111.91397,40.77154],[-111.91041,40.77154],[-111.91168,40.76844],[-111.90825,40.76717],[-111.90825,40.76499],[-111.91052,40.76499],[-111.90825,40.76064],[-111.90845,40.72555],[-111.92106,40.72598],[-111.92104,40.73128],[-111.92436,40.73133],[-111.92394,40.72701],[-111.92558,40.7277],[-111.92612,40.72597],[-112.0249,40.72589],[-112.0249,40.74026],[-112.06448,40.74024],[-112.06432,40.75184]]]}},{"type":"Feature","id":"84315","properties":{"zip":"84315","pop":null,"city":"Hooper","county":"Weber","state":"Utah","area":14.19,"lat":41.16697,"lon":-112.13682},"geometry":{"type":"Polygon","coordinates":[[[-112.20084,41.15487],[-112.19833,41.16145],[-112.18826,41.16722],[-112.18522,41.17219],[-112.17414,41.18116],[-112.14971,41.19399],[-112.14487,41.19483],[-112.13564,41.19241],[-112.13185,41.19779],[-112.11871,41.204],[-112.11552,41.20728],[-112.11698,41.21025],[-112.11474,41.21043],[-112.11197,41.21482],[-112.11293,41.21598],[-112.11105,41.21648],[-112.10255,41.21323],[-112.1029,41.17615],[-112.08361,41.17616],[-112.08361,41.1739],[-112.08094,41.17431],[-112.0809,41.17245],[-112.08363,41.17245],[-112.08381,41.15271],[-112.10299,41.15273],[-112.10297,41.14712],[-112.10664,41.14711],[-112.10778,41.14368],[-112.10961,41.14349],[-112.10853,41.13986],[-112.12269,41.14016],[-112.13513,41.13592],[-112.14077,41.12823],[-112.1522,41.13483],[-112.1775,41.13826],[-112.17886,41.1409],[-112.17538,41.14373],[-112.17365,41.15246],[-112.18669,41.15303],[-112.19934,41.1499],[-112.20084,41.15487]]]}},{"type":"Feature","id":"84318","properties":{"zip":"84318","pop":null,"city":"Hyde Park","county":"Cache","state":"Utah","area":4.23,"lat":41.8015,"lon":-111.8042},"geometry":{"type":"Polygon","coordinates":[[[-111.84308,41.80243],[-111.83714,41.80327],[-111.8374,41.80872],[-111.8333,41.8087],[-111.83321,41.81273],[-111.80554,41.81253],[-111.80466,41.81413],[-111.7926,41.81679],[-111.791,41.81548],[-111.78983,41.80617],[-111.7772,41.81179],[-111.77235,41.81677],[-111.76612,41.81862],[-111.76592,41.79489],[-111.79976,41.79365],[-111.80706,41.79486],[-111.80574,41.78759],[-111.80816,41.78758],[-111.80812,41.78521],[-111.81308,41.78536],[-111.81603,41.78149],[-111.8205,41.78156],[-111.82028,41.78388],[-111.82494,41.78579],[-111.82494,41.78767],[-111.83214,41.78579],[-111.83383,41.78765],[-111.83349,41.79928],[-111.83704,41.79933],[-111.83751,41.79678],[-111.84231,41.79694],[-111.84308,41.80243]]]}},{"type":"Feature","id":"84326","properties":{"zip":"84326","pop":null,"city":"Millville","county":"Cache","state":"Utah","area":2.68,"lat":41.67237,"lon":-111.81773},"geometry":{"type":"Polygon","coordinates":[[[-111.8349,41.69778],[-111.83055,41.69785],[-111.83069,41.69306],[-111.82556,41.69185],[-111.82498,41.69485],[-111.81799,41.69503],[-111.81804,41.69301],[-111.81361,41.69304],[-111.81338,41.68546],[-111.80367,41.68376],[-111.80355,41.66355],[-111.80849,41.66351],[-111.80846,41.6417],[-111.8134,41.64171],[-111.81341,41.64407],[-111.81686,41.644],[-111.81821,41.6501],[-111.82024,41.65071],[-111.81919,41.65274],[-111.8227,41.65683],[-111.8268,41.65808],[-111.82548,41.66203],[-111.82768,41.66625],[-111.82798,41.67483],[-111.83188,41.67872],[-111.83038,41.68023],[-111.83287,41.68226],[-111.832,41.68501],[-111.83387,41.68706],[-111.8349,41.69778]]]}},{"type":"Feature","id":"84327","properties":{"zip":"84327","pop":null,"city":"Cache","county":"Cache","state":"Utah","area":12.9,"lat":41.86578,"lon":-111.99516},"geometry":{"type":"Polygon","coordinates":[[[-112.04802,41.84792],[-112.04556,41.8518],[-112.04634,41.86301],[-112.03461,41.87744],[-112.03641,41.88807],[-111.97417,41.88913],[-111.974,41.89355],[-111.97627,41.89571],[-111.97128,41.8957],[-111.97326,41.90284],[-111.96819,41.90653],[-111.95895,41.90658],[-111.95139,41.90302],[-111.94913,41.89342],[-111.95166,41.88191],[-111.94846,41.87471],[-111.95181,41.8681],[-111.95164,41.85847],[-111.96224,41.84113],[-111.99216,41.83302],[-111.9963,41.8341],[-112.00636,41.84814],[-112.00889,41.84898],[-112.0199,41.83917],[-112.03878,41.83038],[-112.04802,41.84792]]]}},{"type":"Feature","id":"84320","properties":{"zip":"84320","pop":null,"city":"Lewiston","county":"Cache","state":"Utah","area":35.46,"lat":41.9602,"lon":-111.85243},"geometry":{"type":"Polygon","coordinates":[[[-111.94407,41.96001],[-111.93998,41.96003],[-111.94052,41.9681],[-111.9346,41.96806],[-111.93337,41.97565],[-111.93937,41.97659],[-111.94394,41.98027],[-111.94073,41.9827],[-111.92502,41.9828],[-111.92503,41.9902],[-111.92672,41.99137],[-111.92507,41.9986],[-111.7397,41.99933],[-111.7397,41.98029],[-111.75912,41.98023],[-111.75903,41.97652],[-111.74963,41.97639],[-111.74893,41.95166],[-111.75662,41.95181],[-111.76292,41.9483],[-111.77787,41.94482],[-111.7797,41.94496],[-111.7819,41.94939],[-111.78772,41.94709],[-111.80555,41.94718],[-111.80696,41.9432],[-111.81366,41.94347],[-111.81434,41.94898],[-111.81588,41.94347],[-111.83798,41.94373],[-111.83906,41.93633],[-111.83615,41.93294],[-111.84411,41.93376],[-111.84594,41.93196],[-111.84541,41.92855],[-111.85091,41.92674],[-111.85329,41.92072],[-111.85152,41.91823],[-111.84976,41.91913],[-111.84753,41.92007],[-111.84608,41.92022],[-111.8556,41.91655],[-111.8554,41.89284],[-111.85379,41.89271],[-111.85368,41.88925],[-111.87003,41.88909],[-111.87764,41.89443],[-111.87599,41.89593],[-111.8812,41.89946],[-111.88021,41.90097],[-111.88975,41.89966],[-111.8927,41.89649],[-111.89852,41.89916],[-111.89722,41.89679],[-111.89983,41.89383],[-111.90025,41.8953],[-111.90523,41.8947],[-111.90874,41.89687],[-111.90262,41.89934],[-111.9008,41.90206],[-111.90189,41.90741],[-111.89546,41.90785],[-111.89367,41.91013],[-111.8984,41.9113],[-111.8966,41.9149],[-111.90161,41.91572],[-111.90093,41.91832],[-111.90622,41.92234],[-111.91041,41.92151],[-111.91145,41.91832],[-111.9153,41.91644],[-111.9154,41.92068],[-111.91875,41.92503],[-111.9176,41.92847],[-111.9214,41.93089],[-111.92784,41.92919],[-111.93504,41.93642],[-111.94076,41.93775],[-111.93908,41.94111],[-111.94377,41.94082],[-111.94407,41.96001]]]}},{"type":"Feature","id":"84113","properties":{"zip":"84113","pop":null,"city":"Salt Lake City","county":"Salt Lake","state":"Utah","area":0.13,"lat":40.76261,"lon":-111.83316},"geometry":{"type":"MultiPolygon","coordinates":[[[[-111.8299,40.76494],[-111.82758,40.76671],[-111.82655,40.7662],[-111.82826,40.76283],[-111.8299,40.76494]]],[[[-111.83716,40.76579],[-111.83579,40.76788],[-111.83362,40.76764],[-111.83463,40.76664],[-111.83039,40.76192],[-111.82829,40.76264],[-111.83467,40.75625],[-111.83716,40.76579]]]]}},{"type":"Feature","id":"84116","properties":{"zip":"84116","pop":null,"city":"Salt Lake City","county":"Salt Lake","state":"Utah","area":64.11,"lat":40.8325,"lon":-112.0168},"geometry":{"type":"Polygon","coordinates":[[[-112.14218,40.84939],[-112.00657,40.92185],[-111.95867,40.92182],[-111.95927,40.89633],[-111.96615,40.89165],[-111.96916,40.88566],[-111.96756,40.88006],[-111.97107,40.87665],[-111.96954,40.87232],[-111.96371,40.87131],[-111.96256,40.86873],[-111.96604,40.85496],[-111.96175,40.85388],[-111.96449,40.85345],[-111.9597,40.85217],[-111.9589,40.84925],[-111.96322,40.84851],[-111.95587,40.84911],[-111.94978,40.84313],[-111.95162,40.84157],[-111.94673,40.83796],[-111.94287,40.83049],[-111.94641,40.82205],[-111.90566,40.82182],[-111.90567,40.81988],[-111.90342,40.8199],[-111.90274,40.81364],[-111.90435,40.81056],[-111.89802,40.80787],[-111.89504,40.80352],[-111.89613,40.80203],[-111.89438,40.80239],[-111.89099,40.79886],[-111.89265,40.79571],[-111.89881,40.7979],[-111.9037,40.79444],[-111.90982,40.79941],[-111.91776,40.79992],[-111.91999,40.80559],[-111.91929,40.80068],[-111.90498,40.78239],[-111.90548,40.77155],[-111.91168,40.76844],[-111.91041,40.77154],[-111.91397,40.77154],[-111.91397,40.76934],[-111.93441,40.76577],[-111.98703,40.76464],[-112.01515,40.77121],[-112.10122,40.77112],[-112.10112,40.77895],[-112.09646,40.77892],[-112.09645,40.78153],[-112.10127,40.78155],[-112.10135,40.82439],[-112.10592,40.82293],[-112.10975,40.82573],[-112.10984,40.82419],[-112.12139,40.82557],[-112.12229,40.82675],[-112.11518,40.82699],[-112.14218,40.84939]]]}},{"type":"Feature","id":"84117","properties":{"zip":"84117","pop":null,"city":"Holladay","county":"Salt Lake","state":"Utah","area":4.28,"lat":40.66183,"lon":-111.83565},"geometry":{"type":"Polygon","coordinates":[[[-111.86728,40.65355],[-111.86459,40.66275],[-111.86486,40.66578],[-111.868,40.6664],[-111.86786,40.67057],[-111.86542,40.67063],[-111.86554,40.6743],[-111.82197,40.67513],[-111.816,40.67306],[-111.81422,40.67488],[-111.81015,40.67496],[-111.8092,40.6734],[-111.80972,40.67507],[-111.80246,40.67442],[-111.80508,40.67068],[-111.80818,40.64796],[-111.81194,40.65008],[-111.81401,40.64964],[-111.8154,40.64584],[-111.8246,40.64576],[-111.82682,40.64948],[-111.86342,40.64955],[-111.86234,40.65084],[-111.86261,40.65373],[-111.86475,40.64956],[-111.86835,40.64958],[-111.86728,40.65355]]]}},{"type":"Feature","id":"84118","properties":{"zip":"84118","pop":null,"city":"West Valley City","county":"Salt Lake","state":"Utah","area":9.85,"lat":40.65604,"lon":-112.03789},"geometry":{"type":"Polygon","coordinates":[[[-112.09185,40.68201],[-112.06075,40.682],[-112.04389,40.67741],[-112.04385,40.66844],[-111.98658,40.66756],[-111.98145,40.66286],[-111.98149,40.66031],[-111.9825,40.6629],[-111.98533,40.66498],[-111.98691,40.66361],[-111.98776,40.66583],[-111.98648,40.63858],[-111.9917,40.63859],[-111.99186,40.63133],[-112.00725,40.63132],[-112.00539,40.6386],[-112.011,40.6386],[-112.02463,40.63855],[-112.02464,40.63148],[-112.05334,40.63117],[-112.05647,40.63608],[-112.07927,40.65703],[-112.09059,40.66476],[-112.09185,40.68201]]]}},{"type":"Feature","id":"84119","properties":{"zip":"84119","pop":null,"city":"West Valley City","county":"Salt Lake","state":"Utah","area":8.81,"lat":40.7028,"lon":-111.94567},"geometry":{"type":"Polygon","coordinates":[[[-111.98138,40.71159],[-111.97714,40.71117],[-111.97715,40.71647],[-111.97986,40.71647],[-111.97987,40.71834],[-111.97716,40.7176],[-111.97717,40.72616],[-111.92612,40.72597],[-111.92558,40.7277],[-111.92394,40.72701],[-111.92436,40.73133],[-111.92104,40.73128],[-111.92106,40.72598],[-111.90845,40.72555],[-111.90831,40.71251],[-111.90407,40.69979],[-111.90944,40.69985],[-111.90948,40.69823],[-111.90721,40.69825],[-111.90865,40.68701],[-111.92513,40.68548],[-111.92694,40.68915],[-111.92936,40.68974],[-111.93888,40.68593],[-111.93889,40.68793],[-111.94099,40.68772],[-111.94309,40.68397],[-111.94019,40.68395],[-111.94022,40.68212],[-111.95802,40.68215],[-111.95798,40.66904],[-111.96348,40.66761],[-111.97701,40.66836],[-111.97704,40.67485],[-111.97892,40.67484],[-111.97704,40.6781],[-111.97708,40.69745],[-111.98138,40.71159]]]}},{"type":"Feature","id":"84120","properties":{"zip":"84120","pop":null,"city":"West Valley City","county":"Salt Lake","state":"Utah","area":7.65,"lat":40.69706,"lon":-112.0017},"geometry":{"type":"Polygon","coordinates":[[[-112.02799,40.70376],[-112.02489,40.70381],[-112.0255,40.71095],[-112.02754,40.71102],[-112.0249,40.72589],[-111.97717,40.72616],[-111.97716,40.7176],[-111.97987,40.71834],[-111.97986,40.71647],[-111.97715,40.71647],[-111.97714,40.71117],[-111.98138,40.71159],[-111.97708,40.69745],[-111.97704,40.6781],[-111.97892,40.67484],[-111.97704,40.67485],[-111.97701,40.66836],[-112.02467,40.66758],[-112.02483,40.69501],[-112.02813,40.69755],[-112.02799,40.70376]]]}},{"type":"Feature","id":"84301","properties":{"zip":"84301","pop":null,"city":"Bear River City","county":"Box Elder","state":"Utah","area":2.09,"lat":41.61348,"lon":-112.12738},"geometry":{"type":"Polygon","coordinates":[[[-112.14984,41.60704],[-112.14847,41.60924],[-112.13485,41.60966],[-112.13495,41.62503],[-112.12678,41.62521],[-112.1287,41.63676],[-112.12735,41.64037],[-112.11821,41.63833],[-112.12506,41.63959],[-112.12714,41.63848],[-112.1271,41.63533],[-112.11224,41.63025],[-112.11054,41.62794],[-112.11193,41.62608],[-112.11859,41.62538],[-112.11863,41.62288],[-112.11194,41.6237],[-112.11226,41.61347],[-112.12041,41.61491],[-112.12035,41.60976],[-112.11572,41.60918],[-112.11418,41.60643],[-112.11641,41.60259],[-112.12495,41.60238],[-112.12526,41.5904],[-112.131,41.59418],[-112.13301,41.59861],[-112.14302,41.59937],[-112.14686,41.60367],[-112.15091,41.60507],[-112.14984,41.60704]]]}},{"type":"Feature","id":"84105","properties":{"zip":"84105","pop":null,"city":"Salt Lake City","county":"Salt Lake","state":"Utah","area":2.34,"lat":40.73831,"lon":-111.85992},"geometry":{"type":"Polygon","coordinates":[[[-111.87813,40.74352],[-111.87677,40.75026],[-111.85389,40.74979],[-111.85389,40.75197],[-111.84022,40.75075],[-111.84375,40.74804],[-111.84226,40.74717],[-111.8436,40.7335],[-111.84227,40.7335],[-111.84351,40.72598],[-111.84227,40.72552],[-111.85674,40.72541],[-111.85674,40.72835],[-111.85961,40.72866],[-111.86246,40.72542],[-111.87678,40.72587],[-111.87813,40.74352]]]}},{"type":"Feature","id":"84529","properties":{"zip":"84529","pop":null,"city":"","county":"Carbon","state":"Utah","area":31.11,"lat":39.71153,"lon":-110.7731},"geometry":{"type":"Polygon","coordinates":[[[-110.86952,39.70829],[-110.86758,39.71202],[-110.86866,39.71666],[-110.86508,39.7216],[-110.86672,39.72722],[-110.86017,39.7258],[-110.85104,39.7315],[-110.8228,39.75651],[-110.81258,39.76176],[-110.80275,39.77076],[-110.79789,39.76499],[-110.78684,39.76093],[-110.78118,39.755],[-110.77379,39.74062],[-110.76549,39.73484],[-110.76376,39.72946],[-110.75908,39.72416],[-110.75608,39.72449],[-110.7564,39.72726],[-110.74702,39.72819],[-110.74316,39.72587],[-110.73975,39.72723],[-110.72897,39.72489],[-110.72596,39.72885],[-110.72191,39.72877],[-110.72132,39.72635],[-110.71843,39.72526],[-110.7142,39.72631],[-110.71633,39.7293],[-110.71491,39.73529],[-110.71105,39.73512],[-110.70846,39.73118],[-110.69974,39.73556],[-110.69959,39.73302],[-110.69645,39.73133],[-110.69474,39.73261],[-110.69416,39.72887],[-110.68528,39.72756],[-110.68564,39.72543],[-110.67861,39.72624],[-110.6807,39.72734],[-110.6741,39.72465],[-110.6793,39.71294],[-110.67676,39.71084],[-110.67891,39.70551],[-110.68062,39.70546],[-110.67724,39.70376],[-110.68251,39.69739],[-110.68032,39.69435],[-110.68369,39.68147],[-110.68135,39.67198],[-110.67622,39.66748],[-110.67273,39.66048],[-110.68053,39.66218],[-110.68499,39.66667],[-110.6992,39.66732],[-110.70284,39.66905],[-110.71383,39.67572],[-110.71908,39.68256],[-110.72047,39.68146],[-110.72975,39.68549],[-110.73083,39.68896],[-110.73494,39.68159],[-110.74271,39.67736],[-110.74541,39.67787],[-110.74925,39.68432],[-110.75332,39.68543],[-110.75827,39.68406],[-110.76448,39.67586],[-110.76814,39.6785],[-110.78039,39.67766],[-110.78135,39.68253],[-110.78866,39.68749],[-110.79271,39.68787],[-110.79385,39.68568],[-110.80198,39.68662],[-110.8102,39.6779],[-110.83228,39.67039],[-110.82998,39.67506],[-110.81129,39.68524],[-110.82901,39.68332],[-110.83807,39.67906],[-110.83947,39.68402],[-110.83596,39.68841],[-110.8363,39.69063],[-110.844,39.68926],[-110.84401,39.69212],[-110.84827,39.69213],[-110.84875,39.69577],[-110.8638,39.69569],[-110.86497,39.70258],[-110.86952,39.70829]]]}},{"type":"Feature","id":"84330","properties":{"zip":"84330","pop":null,"city":"Plymouth","county":"Box Elder","state":"Utah","area":26.77,"lat":41.90639,"lon":-112.17039},"geometry":{"type":"Polygon","coordinates":[[[-112.24443,41.88718],[-112.21775,41.89291],[-112.20592,41.89295],[-112.20603,41.90023],[-112.17072,41.90134],[-112.17229,41.93595],[-112.17414,41.944],[-112.18033,41.96583],[-112.19112,41.97921],[-112.1985,42.0012],[-112.17315,42.00151],[-112.16218,41.99908],[-112.16601,41.99618],[-112.15788,41.99142],[-112.15384,41.98501],[-112.15085,41.97089],[-112.14456,41.96727],[-112.14279,41.96357],[-112.13752,41.96381],[-112.12857,41.95011],[-112.12438,41.94095],[-112.12192,41.92817],[-112.11487,41.91947],[-112.10859,41.91617],[-112.10515,41.91086],[-112.08459,41.90209],[-112.14762,41.90113],[-112.11286,41.87451],[-112.11282,41.87281],[-112.10784,41.87063],[-112.1073,41.85103],[-112.1268,41.85075],[-112.12739,41.87245],[-112.14751,41.87041],[-112.14684,41.86497],[-112.15635,41.86482],[-112.15658,41.87214],[-112.15169,41.8722],[-112.15179,41.87668],[-112.16045,41.88652],[-112.16663,41.88646],[-112.16582,41.86614],[-112.16683,41.86438],[-112.1694,41.86519],[-112.17071,41.85431],[-112.17472,41.84266],[-112.19064,41.84241],[-112.19143,41.84866],[-112.20668,41.84672],[-112.22047,41.84197],[-112.2429,41.84233],[-112.24443,41.88718]]]}},{"type":"Feature","id":"84513","properties":{"zip":"84513","pop":null,"city":"Castle Dale","county":"Emery","state":"Utah","area":12.81,"lat":39.24934,"lon":-111.00905},"geometry":{"type":"Polygon","coordinates":[[[-111.05307,39.21313],[-111.03063,39.2135],[-111.03218,39.21794],[-111.03586,39.21842],[-111.0407,39.22399],[-111.05321,39.23215],[-111.03907,39.22801],[-111.03915,39.23336],[-111.03245,39.23156],[-111.03247,39.23524],[-111.0298,39.23521],[-111.02791,39.2477],[-111.03123,39.25612],[-111.02868,39.25648],[-111.03006,39.25851],[-111.02389,39.25872],[-111.01872,39.2693],[-111.01795,39.27912],[-111.01566,39.27843],[-111.01654,39.2827],[-111.01336,39.28313],[-111.00999,39.29307],[-110.99924,39.29394],[-111.00308,39.30389],[-110.99469,39.31561],[-110.97085,39.30271],[-110.97806,39.28676],[-110.97459,39.28217],[-111.00033,39.21341],[-111.00309,39.21188],[-111.0031,39.20967],[-111.00793,39.20966],[-111.00791,39.20605],[-111.01731,39.20601],[-111.02138,39.20947],[-111.02421,39.20914],[-111.02445,39.19142],[-111.03498,39.184],[-111.04764,39.18731],[-111.0482,39.21004],[-111.05307,39.21313]]]}},{"type":"Feature","id":"84516","properties":{"zip":"84516","pop":null,"city":"Clawson","county":"Emery","state":"Utah","area":12.05,"lat":39.12856,"lon":-111.06702},"geometry":{"type":"Polygon","coordinates":[[[-111.12144,39.14695],[-111.11546,39.15147],[-111.11746,39.15455],[-111.11052,39.1548],[-111.10926,39.15009],[-111.10512,39.14909],[-111.07459,39.15524],[-111.06943,39.15914],[-111.05057,39.15631],[-111.04803,39.16016],[-111.03926,39.16076],[-111.03797,39.16039],[-111.03798,39.14162],[-111.03641,39.13874],[-111.03816,39.13041],[-111.03211,39.13053],[-111.01841,39.1251],[-111.044,39.08772],[-111.0465,39.08782],[-111.06191,39.09642],[-111.06213,39.0997],[-111.07371,39.10649],[-111.07849,39.10748],[-111.07918,39.10613],[-111.09866,39.11432],[-111.10389,39.12008],[-111.10383,39.12355],[-111.10827,39.12534],[-111.10826,39.12857],[-111.10505,39.13036],[-111.11951,39.13696],[-111.12144,39.14695]]]}},{"type":"Feature","id":"84338","properties":{"zip":"84338","pop":null,"city":"Trenton","county":"Cache","state":"Utah","area":7.15,"lat":41.91137,"lon":-111.93528},"geometry":{"type":"Polygon","coordinates":[[[-111.97715,41.91749],[-111.96262,41.91756],[-111.96308,41.93197],[-111.95852,41.93197],[-111.95869,41.94091],[-111.93908,41.94111],[-111.94076,41.93775],[-111.93504,41.93642],[-111.92784,41.92919],[-111.9214,41.93089],[-111.9176,41.92847],[-111.91875,41.92503],[-111.9154,41.92068],[-111.9153,41.91644],[-111.91145,41.91832],[-111.91041,41.92151],[-111.90622,41.92234],[-111.90093,41.91832],[-111.90161,41.91572],[-111.8966,41.9149],[-111.8984,41.9113],[-111.89367,41.91013],[-111.89546,41.90785],[-111.90189,41.90741],[-111.9008,41.90206],[-111.90262,41.89934],[-111.90876,41.89717],[-111.90878,41.88877],[-111.91587,41.88869],[-111.91577,41.8815],[-111.93273,41.88119],[-111.93277,41.88855],[-111.94999,41.88846],[-111.94913,41.89342],[-111.95139,41.90302],[-111.95687,41.90614],[-111.96819,41.90653],[-111.97326,41.90284],[-111.97652,41.90651],[-111.97715,41.91749]]]}},{"type":"Feature","id":"84340","properties":{"zip":"84340","pop":null,"city":"Willard","county":"Box Elder","state":"Utah","area":41.48,"lat":41.39311,"lon":-112.15686},"geometry":{"type":"Polygon","coordinates":[[[-112.33492,41.38645],[-112.30548,41.39795],[-112.2957,41.40673],[-112.28606,41.40634],[-112.28213,41.41527],[-112.27344,41.42018],[-112.27217,41.4255],[-112.23614,41.4165],[-112.19223,41.41546],[-112.16002,41.42289],[-112.08658,41.42306],[-112.06661,41.44789],[-112.06664,41.45097],[-112.06379,41.45096],[-112.06378,41.44862],[-112.05788,41.4486],[-112.05841,41.44317],[-112.05689,41.44104],[-112.05653,41.44542],[-112.0458,41.44559],[-112.04437,41.43946],[-112.03078,41.43935],[-112.03179,41.45495],[-112.02812,41.45664],[-112.0206,41.45537],[-112.02063,41.45177],[-112.02543,41.45178],[-112.02548,41.39354],[-112.02711,41.39355],[-112.02659,41.37789],[-112.02125,41.375],[-112.01948,41.37145],[-112.02011,41.36172],[-112.02099,41.35853],[-112.02621,41.35368],[-112.02417,41.34146],[-112.02828,41.33664],[-112.09826,41.3368],[-112.0986,41.34245],[-112.0899,41.34306],[-112.0682,41.36617],[-112.05197,41.37497],[-112.06517,41.37494],[-112.06654,41.4204],[-112.12578,41.38337],[-112.13286,41.37686],[-112.22092,41.37687],[-112.24406,41.37442],[-112.25383,41.37197],[-112.28577,41.35656],[-112.29587,41.35411],[-112.30336,41.35387],[-112.31249,41.35681],[-112.33492,41.38645]]]}},{"type":"Feature","id":"84341","properties":{"zip":"84341","pop":null,"city":"North Logan","county":"Cache","state":"Utah","area":7.94,"lat":41.77175,"lon":-111.81147},"geometry":{"type":"Polygon","coordinates":[[[-111.84859,41.75785],[-111.84877,41.77793],[-111.84733,41.77792],[-111.84596,41.79944],[-111.84211,41.79939],[-111.84231,41.79694],[-111.83751,41.79678],[-111.83704,41.79933],[-111.83349,41.79928],[-111.83383,41.78765],[-111.83028,41.78577],[-111.82998,41.78747],[-111.82494,41.78767],[-111.82494,41.78579],[-111.82028,41.78388],[-111.8205,41.78156],[-111.81603,41.78149],[-111.81308,41.78536],[-111.80812,41.78521],[-111.80816,41.78758],[-111.80574,41.78759],[-111.80706,41.79486],[-111.79976,41.79365],[-111.77085,41.7949],[-111.77177,41.78037],[-111.77558,41.78036],[-111.77539,41.75863],[-111.78493,41.75861],[-111.78481,41.74408],[-111.78803,41.74547],[-111.78851,41.74951],[-111.79965,41.74936],[-111.79967,41.75118],[-111.8139,41.75013],[-111.81387,41.75317],[-111.81727,41.75327],[-111.81928,41.74989],[-111.84921,41.75038],[-111.84859,41.75785]],[[-111.81385,41.75732],[-111.81129,41.75724],[-111.81124,41.75913],[-111.81386,41.75919],[-111.81385,41.75732]]]}},{"type":"Feature","id":"84404","properties":{"zip":"84404","pop":null,"city":"Plain City","county":"Weber","state":"Utah","area":73.5,"lat":41.27187,"lon":-112.11708},"geometry":{"type":"Polygon","coordinates":[[[-112.30905,41.26479],[-112.27584,41.2985],[-112.26953,41.29828],[-112.26428,41.29537],[-112.26765,41.28729],[-112.24749,41.28644],[-112.23759,41.28143],[-112.23122,41.28118],[-112.23091,41.26821],[-112.22958,41.29225],[-112.2066,41.30812],[-112.13595,41.30869],[-112.11865,41.31406],[-112.11248,41.33157],[-112.10249,41.33296],[-112.1024,41.33638],[-112.02828,41.33664],[-112.00508,41.30628],[-112.00323,41.3043],[-111.99809,41.30426],[-112.00039,41.30187],[-111.99773,41.30185],[-111.99625,41.29657],[-111.98939,41.28687],[-111.97767,41.2896],[-111.95452,41.28782],[-111.94827,41.28887],[-111.94775,41.28718],[-111.94634,41.28884],[-111.94263,41.28831],[-111.94526,41.26969],[-111.94427,41.26438],[-111.9371,41.25677],[-111.93627,41.25055],[-111.93072,41.24684],[-111.92498,41.23726],[-111.92694,41.23602],[-111.93767,41.23913],[-111.9478,41.23564],[-111.96405,41.23633],[-111.97015,41.23374],[-111.97854,41.23496],[-111.98444,41.23186],[-111.99653,41.22998],[-111.99639,41.23427],[-112.01413,41.23722],[-112.01578,41.24465],[-112.08317,41.24441],[-112.08761,41.24593],[-112.09258,41.24591],[-112.0926,41.24417],[-112.11799,41.2443],[-112.12132,41.24166],[-112.12072,41.23941],[-112.12481,41.24004],[-112.12385,41.24299],[-112.1262,41.24241],[-112.12684,41.23676],[-112.12427,41.23519],[-112.1266,41.23347],[-112.1255,41.23075],[-112.12828,41.22769],[-112.1273,41.22386],[-112.12577,41.22345],[-112.12421,41.22165],[-112.12429,41.21724],[-112.12135,41.21528],[-112.12407,41.21637],[-112.12443,41.21731],[-112.12432,41.22176],[-112.12614,41.22348],[-112.13031,41.21692],[-112.12913,41.21416],[-112.13244,41.21051],[-112.13376,41.20519],[-112.13915,41.20518],[-112.14785,41.2121],[-112.16088,41.21321],[-112.16084,41.21695],[-112.1678,41.21781],[-112.17367,41.22165],[-112.18046,41.22147],[-112.20687,41.22849],[-112.22229,41.22774],[-112.22325,41.22415],[-112.23255,41.22267],[-112.24007,41.21692],[-112.24582,41.21535],[-112.24764,41.21212],[-112.25054,41.21432],[-112.24886,41.21786],[-112.25078,41.2217],[-112.25779,41.22347],[-112.27049,41.23225],[-112.26903,41.23622],[-112.2749,41.24643],[-112.27405,41.24995],[-112.27737,41.24994],[-112.27731,41.2462],[-112.29645,41.24319],[-112.29657,41.25106],[-112.29,41.25105],[-112.30466,41.26479],[-112.30905,41.26479]]]}},{"type":"Feature","id":"84405","properties":{"zip":"84405","pop":null,"city":"South Weber","county":"Weber","state":"Utah","area":14.01,"lat":41.15773,"lon":-111.96515},"geometry":{"type":"Polygon","coordinates":[[[-112.02499,41.19767],[-112.00596,41.20496],[-111.98435,41.20699],[-111.98533,41.19788],[-111.97244,41.19904],[-111.971,41.19779],[-111.97117,41.1919],[-111.97478,41.19194],[-111.97119,41.19052],[-111.97149,41.17605],[-111.9699,41.17166],[-111.9492,41.16192],[-111.93083,41.1486],[-111.92171,41.14667],[-111.91107,41.14071],[-111.91411,41.14137],[-111.91357,41.14011],[-111.89943,41.13554],[-111.88987,41.13762],[-111.86125,41.13751],[-111.86165,41.14022],[-111.85625,41.13908],[-111.85716,41.13751],[-111.84935,41.13393],[-111.89614,41.13189],[-111.90211,41.12154],[-111.90118,41.11327],[-111.90525,41.11325],[-111.90673,41.10931],[-111.90946,41.10933],[-111.90876,41.11511],[-111.92036,41.11517],[-111.92034,41.11764],[-111.92991,41.11763],[-111.92991,41.12036],[-111.93477,41.12153],[-111.93968,41.11797],[-111.94242,41.12135],[-111.94724,41.12176],[-111.94723,41.12525],[-111.95414,41.12889],[-111.9681,41.13235],[-111.9706,41.13804],[-111.98044,41.14328],[-111.98443,41.14951],[-111.99119,41.14679],[-111.99277,41.14966],[-112.00019,41.15267],[-112.02123,41.15265],[-112.02174,41.16411],[-112.01957,41.171],[-112.02252,41.16933],[-112.0195,41.17875],[-112.0147,41.18352],[-112.02106,41.1835],[-112.02098,41.19312],[-112.02499,41.19767]]]}},{"type":"Feature","id":"84414","properties":{"zip":"84414","pop":null,"city":"North Ogden","county":"Weber","state":"Utah","area":16.29,"lat":41.3257,"lon":-111.96526},"geometry":{"type":"Polygon","coordinates":[[[-112.02763,41.33706],[-112.02327,41.3431],[-112.00839,41.34385],[-112.004,41.3464],[-112.00316,41.34946],[-111.99534,41.35001],[-111.99221,41.35328],[-111.96325,41.36549],[-111.95517,41.36364],[-111.94937,41.35754],[-111.94067,41.35263],[-111.92557,41.35423],[-111.91647,41.34903],[-111.91546,41.32992],[-111.91026,41.32502],[-111.89966,41.32032],[-111.9154,41.31109],[-111.9318,41.31195],[-111.9326,41.30277],[-111.93701,41.30227],[-111.94263,41.28748],[-111.94341,41.28903],[-111.94775,41.28718],[-111.94827,41.28887],[-111.95452,41.28782],[-111.97767,41.2896],[-111.98939,41.28687],[-111.99625,41.29657],[-111.99773,41.30185],[-112.00039,41.30187],[-111.99809,41.30426],[-112.00323,41.3043],[-112.00508,41.30628],[-112.02763,41.33706]]]}},{"type":"Feature","id":"84331","properties":{"zip":"84331","pop":null,"city":"","county":"Box Elder","state":"Utah","area":106.57,"lat":41.94349,"lon":-112.35875},"geometry":{"type":"Polygon","coordinates":[[[-112.54467,41.94166],[-112.54044,41.96101],[-112.53752,41.96466],[-112.5381,41.98454],[-112.52833,41.98454],[-112.52837,41.98689],[-112.53672,41.9916],[-112.54036,42.00066],[-112.1985,42.0012],[-112.19112,41.97921],[-112.18033,41.96583],[-112.17414,41.944],[-112.17229,41.93595],[-112.17072,41.90134],[-112.20603,41.90023],[-112.20592,41.89295],[-112.21775,41.89291],[-112.25871,41.883],[-112.27132,41.88242],[-112.2867,41.87771],[-112.29185,41.87844],[-112.30988,41.87483],[-112.32102,41.86957],[-112.32578,41.8638],[-112.33043,41.86371],[-112.33064,41.86736],[-112.3401,41.86712],[-112.34038,41.87058],[-112.35988,41.86912],[-112.36043,41.90714],[-112.37133,41.90493],[-112.38193,41.90687],[-112.38431,41.90388],[-112.38887,41.90292],[-112.39207,41.90499],[-112.39587,41.91195],[-112.39857,41.91272],[-112.4388,41.91236],[-112.43817,41.88294],[-112.46745,41.88259],[-112.46627,41.873],[-112.48448,41.88349],[-112.53273,41.89658],[-112.54455,41.89722],[-112.54278,41.90515],[-112.54486,41.91383],[-112.54327,41.92041],[-112.54467,41.94166]]]}},{"type":"Feature","id":"84332","properties":{"zip":"84332","pop":null,"city":"Providence","county":"Cache","state":"Utah","area":3.01,"lat":41.70321,"lon":-111.81197},"geometry":{"type":"Polygon","coordinates":[[[-111.83494,41.70081],[-111.83252,41.71762],[-111.8257,41.71756],[-111.82496,41.71506],[-111.8149,41.71884],[-111.80763,41.71734],[-111.80752,41.71956],[-111.79443,41.71867],[-111.79413,41.68561],[-111.79642,41.68563],[-111.79569,41.68386],[-111.80818,41.68369],[-111.80859,41.6855],[-111.81338,41.68546],[-111.81361,41.69304],[-111.81804,41.69301],[-111.81799,41.69503],[-111.82498,41.69485],[-111.82556,41.69185],[-111.83069,41.69306],[-111.83055,41.69785],[-111.8349,41.69778],[-111.83494,41.70081]]]}},{"type":"Feature","id":"84335","properties":{"zip":"84335","pop":null,"city":"Benson","county":"Cache","state":"Utah","area":51.56,"lat":41.8291,"lon":-111.88078},"geometry":{"type":"Polygon","coordinates":[[[-111.99089,41.83335],[-111.96224,41.84113],[-111.95164,41.85847],[-111.95181,41.8681],[-111.94846,41.87471],[-111.95166,41.88191],[-111.94999,41.88846],[-111.93277,41.88855],[-111.93273,41.88119],[-111.91577,41.8815],[-111.91587,41.88869],[-111.90878,41.88877],[-111.90874,41.89687],[-111.90523,41.8947],[-111.90025,41.8953],[-111.89983,41.89383],[-111.89722,41.89679],[-111.89852,41.89916],[-111.8927,41.89649],[-111.88975,41.89966],[-111.88021,41.90097],[-111.8812,41.89946],[-111.87599,41.89593],[-111.87764,41.89443],[-111.87003,41.88909],[-111.81624,41.8881],[-111.81848,41.88473],[-111.81588,41.88469],[-111.81568,41.88198],[-111.80756,41.88175],[-111.80393,41.87683],[-111.80385,41.87207],[-111.79347,41.87148],[-111.78815,41.86119],[-111.77792,41.86576],[-111.77117,41.86451],[-111.75777,41.86918],[-111.75718,41.86018],[-111.77654,41.86026],[-111.77618,41.82417],[-111.76618,41.8242],[-111.76612,41.81862],[-111.77235,41.81677],[-111.7772,41.81179],[-111.78983,41.80617],[-111.791,41.81548],[-111.7926,41.81679],[-111.80466,41.81413],[-111.80554,41.81253],[-111.83321,41.81273],[-111.8333,41.8087],[-111.8374,41.80872],[-111.83714,41.80327],[-111.84308,41.80243],[-111.84304,41.7994],[-111.85755,41.79953],[-111.86512,41.79657],[-111.86713,41.79496],[-111.86412,41.79208],[-111.86729,41.79204],[-111.86738,41.78992],[-111.86222,41.7876],[-111.8612,41.77859],[-111.85593,41.77803],[-111.85837,41.77809],[-111.85856,41.76553],[-111.86604,41.76742],[-111.8662,41.76157],[-111.86379,41.76058],[-111.86402,41.75286],[-111.88119,41.75261],[-111.89399,41.75985],[-111.89935,41.76003],[-111.8994,41.7566],[-111.91164,41.75631],[-111.91145,41.74157],[-111.92837,41.74563],[-111.95244,41.74621],[-111.95327,41.74787],[-111.9466,41.75379],[-111.94964,41.75408],[-111.95555,41.75889],[-111.95133,41.7675],[-111.94786,41.77023],[-111.94366,41.78253],[-111.94812,41.78578],[-111.95525,41.786],[-111.95518,41.79286],[-111.95911,41.80497],[-111.9515,41.82111],[-111.95196,41.82381],[-111.98053,41.82946],[-111.99089,41.83335]]]}},{"type":"Feature","id":"84002","properties":{"zip":"84002","pop":null,"city":"","county":"Duchesne","state":"Utah","area":29.13,"lat":40.4247,"lon":-110.2779},"geometry":{"type":"Polygon","coordinates":[[[-110.36584,40.43974],[-110.3642,40.4442],[-110.36271,40.44384],[-110.34758,40.43186],[-110.31541,40.43219],[-110.31538,40.4427],[-110.30397,40.43753],[-110.30195,40.45301],[-110.29741,40.4612],[-110.29733,40.46554],[-110.29401,40.46104],[-110.28944,40.46608],[-110.28494,40.48621],[-110.2765,40.50624],[-110.26769,40.4958],[-110.25844,40.4892],[-110.2573,40.48721],[-110.25987,40.48332],[-110.25841,40.48015],[-110.24896,40.47019],[-110.24447,40.46214],[-110.19924,40.42935],[-110.19793,40.41917],[-110.1913,40.4109],[-110.19007,40.40288],[-110.1955,40.39783],[-110.20089,40.39722],[-110.21048,40.39963],[-110.21451,40.40291],[-110.231,40.40286],[-110.24234,40.40856],[-110.24753,40.40568],[-110.24734,40.40295],[-110.24299,40.39933],[-110.24189,40.38835],[-110.28443,40.38831],[-110.28449,40.40275],[-110.29057,40.40268],[-110.294,40.39906],[-110.294,40.39537],[-110.30355,40.39525],[-110.30357,40.388],[-110.29406,40.38814],[-110.29413,40.36645],[-110.30813,40.36634],[-110.30835,40.3594],[-110.30686,40.35915],[-110.31027,40.35497],[-110.31342,40.35766],[-110.3152,40.36472],[-110.31967,40.36738],[-110.32509,40.37697],[-110.33441,40.37949],[-110.34037,40.38577],[-110.34289,40.3911],[-110.34174,40.39252],[-110.34988,40.40292],[-110.3508,40.40804],[-110.34916,40.40896],[-110.35199,40.41563],[-110.36431,40.43069],[-110.36584,40.43974]]]}},{"type":"Feature","id":"84005","properties":{"zip":"84005","pop":null,"city":"Eagle Mountain","county":"Utah","state":"Utah","area":27.88,"lat":40.32279,"lon":-111.9994},"geometry":{"type":"Polygon","coordinates":[[[-112.06305,40.32315],[-112.0505,40.33195],[-112.04387,40.3318],[-112.04387,40.32599],[-112.03392,40.32771],[-112.03181,40.32656],[-112.02911,40.32269],[-112.02901,40.31881],[-112.02125,40.32681],[-112.02069,40.37656],[-112.03038,40.37663],[-112.03026,40.38388],[-112.02062,40.3838],[-112.02077,40.38919],[-112.01841,40.39097],[-111.97842,40.39128],[-111.9802,40.39131],[-111.98005,40.39549],[-111.96401,40.39479],[-111.96406,40.39101],[-111.95447,40.39111],[-111.95448,40.38394],[-111.96398,40.37276],[-111.96399,40.36939],[-111.96059,40.36854],[-111.95929,40.36209],[-111.94513,40.36208],[-111.94506,40.34736],[-111.96398,40.34745],[-111.96104,40.34224],[-111.95815,40.32907],[-111.96169,40.3231],[-111.95911,40.31498],[-111.96202,40.30778],[-111.97132,40.30507],[-111.96729,40.30505],[-111.96732,40.27904],[-111.97515,40.27671],[-111.98387,40.28054],[-111.98018,40.27608],[-111.97347,40.27468],[-111.96264,40.26314],[-111.9635,40.26143],[-111.96733,40.26144],[-111.96734,40.25255],[-111.97437,40.25424],[-111.99407,40.25283],[-111.993,40.26094],[-112.04374,40.26153],[-112.044,40.30543],[-112.06301,40.30544],[-112.06305,40.32315]]]}},{"type":"Feature","id":"84633","properties":{"zip":"84633","pop":null,"city":"Goshen","county":"Utah","state":"Utah","area":19.12,"lat":39.94034,"lon":-111.89274},"geometry":{"type":"Polygon","coordinates":[[[-111.93862,39.95223],[-111.93736,39.95601],[-111.93231,39.96011],[-111.93099,39.96709],[-111.92824,39.96729],[-111.92624,39.97009],[-111.92248,39.97009],[-111.91705,39.9746],[-111.90098,39.97455],[-111.90434,39.97709],[-111.9048,39.98201],[-111.90848,39.98519],[-111.90942,39.99561],[-111.90776,39.99973],[-111.8812,40.00172],[-111.8812,39.99632],[-111.87697,39.98403],[-111.87616,39.96823],[-111.87983,39.96042],[-111.86812,39.95992],[-111.85705,39.96282],[-111.85687,39.95269],[-111.84237,39.95292],[-111.84192,39.93829],[-111.83134,39.93849],[-111.83295,39.92453],[-111.84071,39.92384],[-111.8505,39.91632],[-111.85843,39.91537],[-111.85849,39.91037],[-111.86596,39.90588],[-111.8809,39.90753],[-111.88471,39.90363],[-111.88986,39.90182],[-111.89113,39.89835],[-111.9028,39.89851],[-111.90946,39.89457],[-111.91707,39.88291],[-111.93233,39.89291],[-111.9335,39.89535],[-111.93179,39.89711],[-111.93566,39.90108],[-111.93242,39.91137],[-111.92655,39.91575],[-111.91723,39.91598],[-111.92805,39.91583],[-111.92677,39.91944],[-111.92096,39.91953],[-111.93769,39.93988],[-111.93862,39.95223]]]}},{"type":"Feature","id":"84635","properties":{"zip":"84635","pop":null,"city":"Hinckley","county":"Millard","state":"Utah","area":24.29,"lat":39.39191,"lon":-112.72135},"geometry":{"type":"Polygon","coordinates":[[[-112.80156,39.45779],[-112.78133,39.47984],[-112.74346,39.47993],[-112.74223,39.46536],[-112.75634,39.46534],[-112.76465,39.46046],[-112.76496,39.43309],[-112.75239,39.43309],[-112.74966,39.42175],[-112.7465,39.41883],[-112.71828,39.41832],[-112.7184,39.43285],[-112.70887,39.43279],[-112.70883,39.41837],[-112.68983,39.41842],[-112.68972,39.39654],[-112.67114,39.39644],[-112.67112,39.38917],[-112.68073,39.38919],[-112.68046,39.37478],[-112.67106,39.37473],[-112.67085,39.35267],[-112.65203,39.35277],[-112.65219,39.3347],[-112.65666,39.3346],[-112.65664,39.32898],[-112.66177,39.32905],[-112.66156,39.31973],[-112.66576,39.31976],[-112.66568,39.31619],[-112.70869,39.31632],[-112.70843,39.33823],[-112.71777,39.3383],[-112.71791,39.34877],[-112.72713,39.34935],[-112.72761,39.38932],[-112.74647,39.38943],[-112.74648,39.40393],[-112.78385,39.40402],[-112.78372,39.42398],[-112.7916,39.42981],[-112.7838,39.44243],[-112.78356,39.4477],[-112.79238,39.45182],[-112.79602,39.45613],[-112.80156,39.45779]]]}},{"type":"Feature","id":"84636","properties":{"zip":"84636","pop":null,"city":"","county":"Millard","state":"Utah","area":50.41,"lat":39.13949,"lon":-112.33891},"geometry":{"type":"Polygon","coordinates":[[[-112.41005,39.10183],[-112.40957,39.21392],[-112.33449,39.21357],[-112.33451,39.19885],[-112.31398,39.19906],[-112.28411,39.15479],[-112.33455,39.1548],[-112.25672,39.15472],[-112.24804,39.1512],[-112.24188,39.15131],[-112.25881,39.1251],[-112.25496,39.12509],[-112.26725,39.11053],[-112.25341,39.11053],[-112.26218,39.09604],[-112.24537,39.09583],[-112.24552,39.0816],[-112.23613,39.08149],[-112.23597,39.07423],[-112.24573,39.07428],[-112.26332,39.08071],[-112.27631,39.0825],[-112.2853,39.06286],[-112.28969,39.06417],[-112.31543,39.08506],[-112.31548,39.09596],[-112.34857,39.09603],[-112.34858,39.08147],[-112.37025,39.08126],[-112.37815,39.07911],[-112.38225,39.08116],[-112.40985,39.08132],[-112.41005,39.10183]]]}},{"type":"Feature","id":"84637","properties":{"zip":"84637","pop":null,"city":"","county":"Millard","state":"Utah","area":101.4,"lat":38.72178,"lon":-112.48705},"geometry":{"type":"Polygon","coordinates":[[[-112.60944,38.62383],[-112.60853,38.63802],[-112.59264,38.65874],[-112.58778,38.66873],[-112.58882,38.67284],[-112.59418,38.67946],[-112.59288,38.6826],[-112.58757,38.68491],[-112.59088,38.69189],[-112.58169,38.69173],[-112.57482,38.69411],[-112.57378,38.69732],[-112.57915,38.70383],[-112.56261,38.70711],[-112.56173,38.71155],[-112.55514,38.71334],[-112.55503,38.71723],[-112.54974,38.71777],[-112.54102,38.72372],[-112.54445,38.72608],[-112.54151,38.72874],[-112.54019,38.73478],[-112.53401,38.73912],[-112.5455,38.75556],[-112.54707,38.76615],[-112.55506,38.76472],[-112.48649,38.82702],[-112.46366,38.8503],[-112.43564,38.87358],[-112.41433,38.87281],[-112.42085,38.85522],[-112.38436,38.8548],[-112.39123,38.85184],[-112.39538,38.84408],[-112.39738,38.82539],[-112.39889,38.82295],[-112.40204,38.82329],[-112.40227,38.80367],[-112.42922,38.80388],[-112.42421,38.79476],[-112.41877,38.79283],[-112.41657,38.78705],[-112.40187,38.77956],[-112.39313,38.76875],[-112.38289,38.76103],[-112.36333,38.75382],[-112.3548,38.74701],[-112.35241,38.73972],[-112.35351,38.73674],[-112.34965,38.73143],[-112.35204,38.72796],[-112.36352,38.71951],[-112.37168,38.72072],[-112.37588,38.71548],[-112.38353,38.71381],[-112.38908,38.7149],[-112.39572,38.7083],[-112.40604,38.70742],[-112.41645,38.70253],[-112.41849,38.69745],[-112.42461,38.69217],[-112.42322,38.68239],[-112.42458,38.68136],[-112.44752,38.68127],[-112.44767,38.67392],[-112.466,38.67392],[-112.46616,38.65927],[-112.47534,38.65926],[-112.47518,38.64467],[-112.48444,38.64465],[-112.48479,38.60063],[-112.50307,38.60057],[-112.5031,38.59336],[-112.50806,38.59593],[-112.50711,38.60477],[-112.51183,38.6076],[-112.54862,38.60415],[-112.60323,38.57759],[-112.6085,38.60047],[-112.60944,38.62383]]]}},{"type":"Feature","id":"84627","properties":{"zip":"84627","pop":null,"city":"Ephraim","county":"Sanpete","state":"Utah","area":33.7,"lat":39.35519,"lon":-111.58431},"geometry":{"type":"Polygon","coordinates":[[[-111.67764,39.29944],[-111.67119,39.31329],[-111.66741,39.34071],[-111.65604,39.35447],[-111.64341,39.36503],[-111.64057,39.36522],[-111.63745,39.3722],[-111.63084,39.37333],[-111.62495,39.38381],[-111.62628,39.38581],[-111.61835,39.39621],[-111.61868,39.39907],[-111.6087,39.39932],[-111.59841,39.40284],[-111.58308,39.40259],[-111.58124,39.41127],[-111.57661,39.419],[-111.59988,39.41869],[-111.6,39.42428],[-111.57317,39.42471],[-111.56876,39.43211],[-111.5739,39.4322],[-111.57639,39.43811],[-111.56237,39.43957],[-111.56213,39.42421],[-111.55884,39.42186],[-111.56158,39.41033],[-111.57705,39.39362],[-111.55827,39.39393],[-111.55732,39.39221],[-111.54831,39.39431],[-111.53681,39.38872],[-111.52804,39.38105],[-111.5221,39.38186],[-111.50792,39.36864],[-111.4961,39.36859],[-111.50075,39.36607],[-111.50517,39.36788],[-111.50822,39.36496],[-111.50813,39.35659],[-111.5137,39.35012],[-111.5283,39.34197],[-111.5389,39.34005],[-111.5265,39.33755],[-111.52589,39.3393],[-111.52339,39.33888],[-111.52109,39.33576],[-111.51684,39.33962],[-111.51482,39.33701],[-111.5103,39.34082],[-111.51078,39.33951],[-111.50652,39.3387],[-111.50983,39.33135],[-111.50919,39.32504],[-111.51687,39.32031],[-111.51662,39.31752],[-111.52014,39.31392],[-111.51945,39.30586],[-111.53167,39.31066],[-111.53391,39.30893],[-111.54593,39.31031],[-111.5552,39.3147],[-111.56342,39.31344],[-111.58151,39.31829],[-111.58312,39.32018],[-111.58925,39.32026],[-111.59824,39.31753],[-111.59877,39.31503],[-111.6062,39.31215],[-111.63638,39.31561],[-111.66313,39.31415],[-111.66323,39.30967],[-111.66658,39.30866],[-111.67844,39.29814],[-111.67764,39.29944]]]}},{"type":"Feature","id":"84638","properties":{"zip":"84638","pop":null,"city":"Leamington","county":"Millard","state":"Utah","area":35.15,"lat":39.50204,"lon":-112.25769},"geometry":{"type":"Polygon","coordinates":[[[-112.33268,39.51948],[-112.32546,39.52493],[-112.32041,39.52493],[-112.32077,39.53321],[-112.32465,39.53343],[-112.3232,39.5337],[-112.32262,39.53991],[-112.31649,39.54224],[-112.32207,39.54401],[-112.32432,39.55366],[-112.21205,39.55399],[-112.21203,39.54773],[-112.20735,39.5477],[-112.20735,39.54408],[-112.20267,39.54405],[-112.20267,39.54043],[-112.19329,39.54045],[-112.19324,39.52602],[-112.21197,39.52604],[-112.21196,39.51158],[-112.20728,39.51157],[-112.2073,39.50433],[-112.20263,39.50432],[-112.20263,39.48986],[-112.19328,39.48983],[-112.19342,39.44338],[-112.20223,39.44055],[-112.22009,39.44458],[-112.24933,39.44171],[-112.26219,39.44394],[-112.26364,39.46249],[-112.26901,39.47218],[-112.29529,39.45813],[-112.30148,39.46446],[-112.30847,39.46563],[-112.3094,39.46778],[-112.31159,39.46676],[-112.32002,39.46965],[-112.32297,39.46807],[-112.3245,39.47311],[-112.32183,39.4795],[-112.31596,39.48541],[-112.3152,39.49204],[-112.31847,39.49693],[-112.32958,39.5047],[-112.33074,39.51858],[-112.33528,39.51925],[-112.33268,39.51948]]]}},{"type":"Feature","id":"84628","properties":{"zip":"84628","pop":null,"city":"Eureka","county":"Juab","state":"Utah","area":8.0,"lat":39.93595,"lon":-112.13457},"geometry":{"type":"Polygon","coordinates":[[[-112.24317,39.95712],[-112.23046,39.94603],[-112.19812,39.94368],[-112.1776,39.93615],[-112.17063,39.94073],[-112.16569,39.94067],[-112.162,39.94806],[-112.15861,39.94861],[-112.15344,39.9451],[-112.14304,39.94365],[-112.12846,39.94835],[-112.12833,39.95844],[-112.12248,39.95844],[-112.12008,39.96088],[-112.11957,39.96959],[-112.10962,39.97174],[-112.104,39.96532],[-112.10242,39.95889],[-112.0991,39.95744],[-112.10032,39.95494],[-112.10225,39.95494],[-112.09721,39.95141],[-112.10253,39.94826],[-112.10321,39.94244],[-112.10626,39.9393],[-112.1025,39.93485],[-112.10431,39.9308],[-112.10312,39.92863],[-112.0926,39.92925],[-112.09542,39.92797],[-112.09435,39.92282],[-112.09705,39.92243],[-112.09606,39.91852],[-112.09974,39.91553],[-112.10837,39.91267],[-112.11266,39.91229],[-112.10992,39.91415],[-112.1231,39.91255],[-112.12462,39.91015],[-112.12941,39.90871],[-112.13243,39.9096],[-112.13449,39.91302],[-112.14328,39.91648],[-112.14451,39.91964],[-112.15716,39.92553],[-112.15938,39.92254],[-112.16511,39.92325],[-112.16153,39.91952],[-112.16645,39.92413],[-112.17196,39.92202],[-112.17312,39.92948],[-112.17923,39.93512],[-112.1947,39.93356],[-112.20377,39.93016],[-112.20698,39.93355],[-112.2044,39.93358],[-112.19596,39.94248],[-112.22805,39.94474],[-112.23265,39.94669],[-112.24527,39.95678],[-112.24317,39.95712]]]}},{"type":"Feature","id":"84640","properties":{"zip":"84640","pop":null,"city":"Lynndyl","county":"Millard","state":"Utah","area":59.47,"lat":39.47625,"lon":-112.39948},"geometry":{"type":"Polygon","coordinates":[[[-112.49902,39.40053],[-112.47588,39.42161],[-112.4756,39.42685],[-112.43665,39.46409],[-112.4621,39.47056],[-112.46242,39.5537],[-112.32432,39.55366],[-112.32207,39.54401],[-112.31649,39.54224],[-112.32262,39.53991],[-112.3232,39.5337],[-112.32465,39.53343],[-112.32077,39.53321],[-112.32041,39.52493],[-112.32546,39.52493],[-112.33528,39.51925],[-112.33074,39.51858],[-112.32958,39.5047],[-112.31654,39.49453],[-112.31546,39.48673],[-112.32183,39.4795],[-112.32919,39.45248],[-112.33663,39.43906],[-112.34908,39.42147],[-112.35724,39.41705],[-112.36499,39.40853],[-112.38168,39.37068],[-112.38801,39.36873],[-112.38032,39.38741],[-112.38081,39.39119],[-112.39671,39.41167],[-112.40045,39.41358],[-112.40408,39.413],[-112.40666,39.40871],[-112.42002,39.40179],[-112.43067,39.39105],[-112.43572,39.39313],[-112.46584,39.39399],[-112.4693,39.39269],[-112.47195,39.38716],[-112.47876,39.38415],[-112.48704,39.38775],[-112.48497,39.39637],[-112.48991,39.39758],[-112.49652,39.39448],[-112.49848,39.39784],[-112.49534,39.39802],[-112.49631,39.39907],[-112.49436,39.40067],[-112.49902,39.40053]]]}},{"type":"Feature","id":"84632","properties":{"zip":"84632","pop":null,"city":"Fountain Green","county":"Sanpete","state":"Utah","area":29.35,"lat":39.64494,"lon":-111.64656},"geometry":{"type":"Polygon","coordinates":[[[-111.7141,39.61716],[-111.70581,39.61843],[-111.70928,39.6205],[-111.70722,39.62195],[-111.70851,39.62463],[-111.71018,39.62364],[-111.71365,39.62532],[-111.70921,39.6287],[-111.71187,39.63507],[-111.71406,39.63503],[-111.7108,39.63575],[-111.70959,39.63464],[-111.7083,39.63699],[-111.71113,39.64103],[-111.71069,39.64453],[-111.70842,39.6454],[-111.70789,39.64813],[-111.70003,39.65013],[-111.70038,39.65189],[-111.69365,39.65995],[-111.6821,39.66224],[-111.65676,39.66273],[-111.64709,39.6499],[-111.63841,39.64384],[-111.66037,39.67853],[-111.67166,39.68532],[-111.65735,39.69377],[-111.62761,39.69811],[-111.61604,39.70362],[-111.61259,39.70844],[-111.60561,39.71268],[-111.60528,39.71703],[-111.60217,39.72037],[-111.6019,39.7257],[-111.60954,39.72985],[-111.60219,39.73997],[-111.5902,39.74009],[-111.59033,39.7381],[-111.58845,39.73828],[-111.59168,39.71746],[-111.57896,39.71991],[-111.57001,39.71672],[-111.57368,39.71591],[-111.57463,39.71276],[-111.57954,39.70866],[-111.58181,39.70936],[-111.58429,39.70406],[-111.58459,39.69658],[-111.58041,39.68588],[-111.58813,39.68637],[-111.60211,39.6821],[-111.59435,39.67744],[-111.59418,39.67452],[-111.6002,39.67048],[-111.60241,39.66519],[-111.60107,39.65992],[-111.61779,39.65787],[-111.62476,39.65217],[-111.60715,39.63314],[-111.6136,39.62933],[-111.61114,39.62772],[-111.61127,39.62525],[-111.61246,39.61983],[-111.61465,39.61969],[-111.60487,39.61222],[-111.60886,39.60894],[-111.61406,39.60954],[-111.61521,39.60714],[-111.61276,39.60201],[-111.62216,39.60138],[-111.61653,39.58992],[-111.61674,39.58662],[-111.63459,39.58607],[-111.64184,39.58778],[-111.64031,39.57145],[-111.6451,39.57149],[-111.65054,39.57883],[-111.65123,39.58731],[-111.69758,39.58778],[-111.71132,39.59664],[-111.70856,39.59936],[-111.71136,39.60736],[-111.71374,39.60869],[-111.7141,39.61716]]]}},{"type":"Feature","id":"84645","properties":{"zip":"84645","pop":null,"city":"Mona","county":"Juab","state":"Utah","area":62.13,"lat":39.85163,"lon":-111.83954},"geometry":{"type":"Polygon","coordinates":[[[-111.96144,39.82919],[-111.95773,39.83656],[-111.95067,39.8343],[-111.94891,39.83667],[-111.95005,39.83901],[-111.94828,39.84899],[-111.93709,39.85536],[-111.93813,39.85742],[-111.93363,39.86233],[-111.92788,39.86516],[-111.92525,39.87062],[-111.92662,39.87267],[-111.92168,39.87448],[-111.92106,39.88015],[-111.91533,39.88365],[-111.90946,39.89457],[-111.9028,39.89851],[-111.89113,39.89835],[-111.88986,39.90182],[-111.88471,39.90363],[-111.8809,39.90753],[-111.86596,39.90588],[-111.85849,39.91037],[-111.85843,39.91537],[-111.8505,39.91632],[-111.84071,39.92384],[-111.83363,39.92395],[-111.83177,39.93041],[-111.83271,39.93669],[-111.82711,39.947],[-111.82392,39.9477],[-111.82036,39.94331],[-111.81378,39.94138],[-111.80485,39.93458],[-111.79484,39.93116],[-111.78866,39.92588],[-111.78626,39.92136],[-111.7891,39.91533],[-111.78702,39.90926],[-111.78215,39.90748],[-111.783,39.90391],[-111.78085,39.90082],[-111.76866,39.89832],[-111.75789,39.89041],[-111.75692,39.88881],[-111.76104,39.88386],[-111.75784,39.8766],[-111.73793,39.8641],[-111.73418,39.854],[-111.7376,39.85132],[-111.74646,39.85012],[-111.75019,39.84084],[-111.74873,39.8332],[-111.75589,39.82753],[-111.76399,39.81678],[-111.76636,39.81056],[-111.76364,39.80348],[-111.76498,39.80047],[-111.75902,39.78893],[-111.76579,39.77857],[-111.76919,39.778],[-111.77591,39.78565],[-111.79442,39.78706],[-111.80892,39.79483],[-111.81885,39.79676],[-111.83396,39.78478],[-111.83735,39.78481],[-111.83976,39.76875],[-111.90357,39.80151],[-111.90697,39.80915],[-111.91572,39.80691],[-111.92427,39.80834],[-111.93284,39.81696],[-111.94709,39.82282],[-111.94886,39.82711],[-111.96393,39.8274],[-111.96144,39.82919]]]}},{"type":"Feature","id":"84539","properties":{"zip":"84539","pop":null,"city":"East Carbon","county":"Carbon","state":"Utah","area":7.51,"lat":39.57608,"lon":-110.40063},"geometry":{"type":"Polygon","coordinates":[[[-110.43525,39.58146],[-110.42797,39.59106],[-110.42202,39.59323],[-110.40994,39.60569],[-110.41093,39.60924],[-110.40722,39.61358],[-110.40239,39.61141],[-110.40047,39.60177],[-110.39306,39.59548],[-110.39323,39.59152],[-110.38991,39.58815],[-110.3898,39.58986],[-110.38794,39.58765],[-110.38756,39.59211],[-110.38327,39.59483],[-110.38406,39.59639],[-110.37977,39.59546],[-110.38043,39.59744],[-110.37873,39.59822],[-110.37317,39.59439],[-110.36927,39.57847],[-110.37328,39.56135],[-110.37866,39.5586],[-110.38114,39.55072],[-110.40341,39.54594],[-110.40159,39.54896],[-110.40461,39.54897],[-110.40729,39.55161],[-110.41983,39.55271],[-110.41991,39.55641],[-110.42307,39.5564],[-110.42499,39.55877],[-110.42487,39.5676],[-110.43525,39.58146]]]}},{"type":"Feature","id":"84620","properties":{"zip":"84620","pop":null,"city":"Aurora","county":"Sevier","state":"Utah","area":15.61,"lat":38.92228,"lon":-111.92461},"geometry":{"type":"Polygon","coordinates":[[[-111.99094,38.8629],[-111.98314,38.8671],[-111.95142,38.92614],[-111.94789,38.92394],[-111.94745,38.92939],[-111.94176,38.9347],[-111.94049,38.94126],[-111.93675,38.94405],[-111.92702,38.95992],[-111.92207,38.96122],[-111.92158,38.97059],[-111.91346,38.98441],[-111.90966,38.98769],[-111.90805,38.98573],[-111.90738,38.97407],[-111.88868,38.97481],[-111.88879,38.95433],[-111.8721,38.95642],[-111.88752,38.93988],[-111.88639,38.93594],[-111.89556,38.92321],[-111.88425,38.91477],[-111.90134,38.90512],[-111.90803,38.89523],[-111.92621,38.88124],[-111.93286,38.87911],[-111.94254,38.8805],[-111.94995,38.87932],[-111.97189,38.87124],[-111.98461,38.86042],[-111.99094,38.8629]]]}},{"type":"Feature","id":"84622","properties":{"zip":"84622","pop":null,"city":"Centerfield","county":"Sanpete","state":"Utah","area":14.43,"lat":39.09817,"lon":-111.81349},"geometry":{"type":"Polygon","coordinates":[[[-111.8672,39.10511],[-111.84936,39.10601],[-111.84782,39.13067],[-111.83057,39.13056],[-111.83054,39.13802],[-111.80633,39.13807],[-111.8062,39.12283],[-111.79217,39.12294],[-111.77154,39.13809],[-111.76474,39.13606],[-111.76469,39.13199],[-111.76169,39.12906],[-111.76581,39.12768],[-111.76332,39.12646],[-111.76272,39.12226],[-111.76972,39.12291],[-111.77409,39.1195],[-111.77303,39.1174],[-111.77799,39.11494],[-111.77884,39.11667],[-111.78212,39.11613],[-111.78123,39.11306],[-111.78583,39.10869],[-111.78465,39.1067],[-111.78268,39.10918],[-111.77665,39.10831],[-111.77379,39.10412],[-111.77392,39.09865],[-111.78289,39.0915],[-111.78217,39.0893],[-111.79185,39.07707],[-111.79109,39.07122],[-111.79255,39.06917],[-111.79043,39.06817],[-111.79281,39.06303],[-111.79203,39.04608],[-111.79294,39.04236],[-111.79508,39.04125],[-111.79708,39.04204],[-111.79707,39.05495],[-111.80631,39.05521],[-111.80647,39.04153],[-111.82504,39.04568],[-111.82082,39.05856],[-111.82093,39.07699],[-111.83609,39.07691],[-111.84081,39.07491],[-111.83933,39.07864],[-111.83582,39.08027],[-111.83675,39.08227],[-111.8409,39.08163],[-111.84018,39.08377],[-111.84532,39.08174],[-111.84548,39.08616],[-111.85039,39.08919],[-111.85475,39.09168],[-111.86111,39.09136],[-111.86651,39.09633],[-111.8672,39.10511]]]}},{"type":"Feature","id":"84043","properties":{"zip":"84043","pop":null,"city":"Lehi","county":"Utah","state":"Utah","area":24.12,"lat":40.4119,"lon":-111.87381},"geometry":{"type":"Polygon","coordinates":[[[-111.93148,40.42376],[-111.93094,40.42766],[-111.9261,40.4277],[-111.92017,40.4337],[-111.9195,40.43928],[-111.92193,40.44093],[-111.9149,40.45201],[-111.90771,40.45341],[-111.90103,40.46331],[-111.89238,40.46408],[-111.88239,40.47264],[-111.87375,40.47682],[-111.86549,40.47028],[-111.85839,40.46931],[-111.84522,40.45156],[-111.8494,40.44796],[-111.8497,40.43233],[-111.82169,40.43169],[-111.82395,40.42759],[-111.82732,40.42702],[-111.8259,40.424],[-111.83053,40.42434],[-111.8303,40.41988],[-111.82586,40.42078],[-111.82565,40.4136],[-111.82205,40.41358],[-111.82202,40.40987],[-111.82557,40.40988],[-111.8267,40.40347],[-111.82078,40.40182],[-111.82075,40.399],[-111.82375,40.39897],[-111.82368,40.39168],[-111.82132,40.39021],[-111.82158,40.38808],[-111.82595,40.38849],[-111.82784,40.38231],[-111.82639,40.37745],[-111.83224,40.37735],[-111.8314,40.37472],[-111.83543,40.37136],[-111.83636,40.36835],[-111.83387,40.36838],[-111.83518,40.35584],[-111.87132,40.36101],[-111.89678,40.35948],[-111.90436,40.36239],[-111.90374,40.36579],[-111.90883,40.37136],[-111.90522,40.37598],[-111.91385,40.37943],[-111.91367,40.38122],[-111.90269,40.38667],[-111.90591,40.38742],[-111.90529,40.39087],[-111.90762,40.39247],[-111.91689,40.39124],[-111.91858,40.39706],[-111.91526,40.40086],[-111.91997,40.40951],[-111.92062,40.42036],[-111.93247,40.42048],[-111.93148,40.42376]]]}},{"type":"Feature","id":"84040","properties":{"zip":"84040","pop":null,"city":"Layton","county":"Davis","state":"Utah","area":18.49,"lat":41.09115,"lon":-111.89665},"geometry":{"type":"Polygon","coordinates":[[[-111.9566,41.11787],[-111.94726,41.11802],[-111.94726,41.11975],[-111.94244,41.12037],[-111.9401,41.1201],[-111.93968,41.11797],[-111.93477,41.12153],[-111.92991,41.12036],[-111.92991,41.11763],[-111.92034,41.11764],[-111.92036,41.11517],[-111.90876,41.11511],[-111.90946,41.10933],[-111.90673,41.10931],[-111.90525,41.11325],[-111.90118,41.11327],[-111.90211,41.12154],[-111.89614,41.13189],[-111.84935,41.13393],[-111.84455,41.12179],[-111.84916,41.1156],[-111.85612,41.11191],[-111.85396,41.10814],[-111.8565,41.10288],[-111.85176,41.09769],[-111.85513,41.09272],[-111.85083,41.0879],[-111.85195,41.08246],[-111.84836,41.07574],[-111.8518,41.06665],[-111.84443,41.05886],[-111.85221,41.058],[-111.85486,41.05475],[-111.86356,41.05262],[-111.88074,41.05251],[-111.8888,41.05523],[-111.89093,41.05409],[-111.89176,41.05584],[-111.9016,41.05652],[-111.90159,41.06011],[-111.91826,41.05773],[-111.92055,41.06015],[-111.92587,41.06008],[-111.92624,41.05709],[-111.94121,41.05415],[-111.94368,41.05869],[-111.94236,41.06015],[-111.94416,41.05964],[-111.94937,41.071],[-111.94822,41.07425],[-111.95011,41.07437],[-111.95,41.09165],[-111.9461,41.0907],[-111.94603,41.09596],[-111.94997,41.09574],[-111.94771,41.09709],[-111.94996,41.09762],[-111.95123,41.11653],[-111.95662,41.11657],[-111.9566,41.11787]]]}},{"type":"Feature","id":"84041","properties":{"zip":"84041","pop":null,"city":"Layton","county":"Davis","state":"Utah","area":11.24,"lat":41.0714,"lon":-111.98401},"geometry":{"type":"Polygon","coordinates":[[[-112.03586,41.0602],[-112.03568,41.07684],[-112.02141,41.07467],[-112.02139,41.08191],[-112.00695,41.08188],[-112.0069,41.09068],[-111.98776,41.09287],[-111.98918,41.10361],[-111.98717,41.10359],[-111.98769,41.10481],[-111.97329,41.10602],[-111.97325,41.1036],[-111.95456,41.1032],[-111.95672,41.10926],[-111.95662,41.11657],[-111.95123,41.11653],[-111.94996,41.09762],[-111.94771,41.09709],[-111.94997,41.09574],[-111.94603,41.09596],[-111.9461,41.0907],[-111.95,41.09165],[-111.95011,41.07437],[-111.94822,41.07425],[-111.94937,41.071],[-111.9464,41.06321],[-111.94416,41.05964],[-111.94236,41.06015],[-111.94368,41.05869],[-111.94049,41.05323],[-111.94214,41.05188],[-111.9479,41.04876],[-111.954,41.04833],[-111.95214,41.04564],[-111.95588,41.04525],[-111.95908,41.04974],[-111.96689,41.04437],[-111.96873,41.04777],[-111.97246,41.04516],[-111.97603,41.04917],[-111.98681,41.04369],[-111.98948,41.03989],[-111.98787,41.03837],[-111.99027,41.03947],[-111.99504,41.03639],[-111.9991,41.04025],[-112.00678,41.03412],[-112.00795,41.04694],[-112.0093,41.04911],[-112.01897,41.05043],[-112.01892,41.05953],[-112.02514,41.05953],[-112.0263,41.05362],[-112.02756,41.05534],[-112.03383,41.05604],[-112.03586,41.0602]]]}},{"type":"Feature","id":"84662","properties":{"zip":"84662","pop":null,"city":"Spring City","county":"Sanpete","state":"Utah","area":52.27,"lat":39.43961,"lon":-111.48584},"geometry":{"type":"Polygon","coordinates":[[[-111.56356,39.40767],[-111.55884,39.42186],[-111.56213,39.42421],[-111.56286,39.47484],[-111.54425,39.4789],[-111.52178,39.48108],[-111.51445,39.48953],[-111.52585,39.49009],[-111.52674,39.50947],[-111.54158,39.51814],[-111.54201,39.52101],[-111.52595,39.52755],[-111.52006,39.52707],[-111.51562,39.52228],[-111.49097,39.51386],[-111.44656,39.50528],[-111.44012,39.50099],[-111.41433,39.49337],[-111.41273,39.48685],[-111.40888,39.48488],[-111.41203,39.48178],[-111.41989,39.48437],[-111.4213,39.48161],[-111.421,39.47943],[-111.41464,39.47906],[-111.41589,39.47746],[-111.41346,39.47337],[-111.4196,39.47045],[-111.42057,39.4671],[-111.42341,39.46521],[-111.42586,39.46601],[-111.43137,39.46125],[-111.43417,39.45721],[-111.43475,39.44826],[-111.44625,39.44645],[-111.44733,39.4445],[-111.44489,39.43918],[-111.43291,39.43385],[-111.42932,39.42928],[-111.41572,39.42111],[-111.36169,39.42184],[-111.36643,39.41922],[-111.37271,39.42013],[-111.37373,39.415],[-111.37897,39.41088],[-111.37645,39.40858],[-111.37629,39.40557],[-111.37776,39.40214],[-111.38064,39.40082],[-111.38214,39.39519],[-111.39036,39.3969],[-111.39059,39.39316],[-111.39397,39.3937],[-111.39917,39.39865],[-111.40913,39.40382],[-111.41619,39.40533],[-111.42048,39.41077],[-111.42444,39.41162],[-111.42634,39.40631],[-111.42534,39.40306],[-111.43064,39.39864],[-111.42883,39.39207],[-111.43362,39.39177],[-111.42812,39.38249],[-111.43062,39.38203],[-111.43172,39.37727],[-111.44218,39.37457],[-111.4454,39.37857],[-111.45391,39.37448],[-111.45924,39.37455],[-111.46166,39.37263],[-111.45948,39.36628],[-111.46325,39.36405],[-111.46371,39.36705],[-111.46606,39.36443],[-111.48856,39.36302],[-111.49452,39.36578],[-111.4961,39.36859],[-111.50792,39.36864],[-111.5221,39.38186],[-111.52804,39.38105],[-111.53681,39.38872],[-111.54831,39.39431],[-111.55732,39.39221],[-111.55827,39.39393],[-111.57705,39.39362],[-111.56356,39.40767]]]}},{"type":"Feature","id":"84723","properties":{"zip":"84723","pop":null,"city":"Circleville","county":"Piute","state":"Utah","area":11.2,"lat":38.17611,"lon":-112.25186},"geometry":{"type":"Polygon","coordinates":[[[-112.29879,38.15343],[-112.29536,38.15342],[-112.29371,38.16416],[-112.28888,38.16635],[-112.28915,38.17883],[-112.2797,38.17908],[-112.27873,38.18497],[-112.28439,38.18714],[-112.2844,38.19663],[-112.27062,38.19744],[-112.27067,38.20828],[-112.25929,38.20837],[-112.24286,38.20457],[-112.24282,38.20116],[-112.23365,38.20142],[-112.23329,38.19756],[-112.20248,38.1976],[-112.2097,38.1863],[-112.20994,38.18101],[-112.21885,38.17491],[-112.21957,38.16851],[-112.22752,38.16477],[-112.22403,38.16477],[-112.21626,38.1499],[-112.29323,38.14986],[-112.29151,38.15079],[-112.29618,38.1511],[-112.29879,38.15343]]]}},{"type":"Feature","id":"84724","properties":{"zip":"84724","pop":null,"city":"Elsinore","county":"Sevier","state":"Utah","area":3.13,"lat":38.6741,"lon":-112.15003},"geometry":{"type":"MultiPolygon","coordinates":[[[[-112.1328,38.67057],[-112.12735,38.67057],[-112.12739,38.66949],[-112.13274,38.66948],[-112.1328,38.67057]]],[[[-112.18161,38.65526],[-112.16083,38.67568],[-112.14486,38.6975],[-112.14248,38.69788],[-112.14244,38.69484],[-112.1263,38.69485],[-112.12621,38.68786],[-112.12338,38.68913],[-112.1232,38.68765],[-112.13139,38.68371],[-112.12426,38.68343],[-112.13115,38.68037],[-112.13996,38.67969],[-112.13984,38.67438],[-112.1431,38.67477],[-112.14845,38.67401],[-112.13967,38.67414],[-112.13947,38.66946],[-112.13274,38.66948],[-112.13467,38.66193],[-112.15792,38.66173],[-112.15782,38.65435],[-112.16717,38.65531],[-112.17771,38.65171],[-112.18161,38.65526]]]]}},{"type":"Feature","id":"84665","properties":{"zip":"84665","pop":null,"city":"","county":"Sanpete","state":"Utah","area":17.47,"lat":39.19533,"lon":-111.66149},"geometry":{"type":"Polygon","coordinates":[[[-111.72917,39.16765],[-111.72364,39.17326],[-111.72178,39.18008],[-111.71916,39.18266],[-111.72018,39.18588],[-111.71487,39.19529],[-111.715,39.1994],[-111.70744,39.21045],[-111.70722,39.22185],[-111.70351,39.22328],[-111.70373,39.22694],[-111.67199,39.22703],[-111.6439,39.25008],[-111.64434,39.23453],[-111.64734,39.22728],[-111.64437,39.22346],[-111.64448,39.21757],[-111.64841,39.21291],[-111.64777,39.21043],[-111.63387,39.20992],[-111.6274,39.20615],[-111.61987,39.20527],[-111.61433,39.20083],[-111.60874,39.2026],[-111.60476,39.19763],[-111.5961,39.19657],[-111.58315,39.18829],[-111.57464,39.18785],[-111.56683,39.18231],[-111.57131,39.17559],[-111.58779,39.17703],[-111.59457,39.17504],[-111.61476,39.18359],[-111.61053,39.17894],[-111.60931,39.16952],[-111.61162,39.17461],[-111.62468,39.17148],[-111.6339,39.18045],[-111.6443,39.1818],[-111.64742,39.18511],[-111.65135,39.18306],[-111.66123,39.18563],[-111.66631,39.17993],[-111.6617,39.17222],[-111.66056,39.16314],[-111.66257,39.15755],[-111.66503,39.15601],[-111.67544,39.15613],[-111.67687,39.15982],[-111.68278,39.15847],[-111.69394,39.16693],[-111.70527,39.16842],[-111.7056,39.17171],[-111.7131,39.16877],[-111.72874,39.16641],[-111.72917,39.16765]]]}},{"type":"Feature","id":"84667","properties":{"zip":"84667","pop":null,"city":"","county":"Sanpete","state":"Utah","area":14.94,"lat":39.48928,"lon":-111.65111},"geometry":{"type":"Polygon","coordinates":[[[-111.70455,39.4635],[-111.70083,39.46673],[-111.70142,39.46952],[-111.69793,39.47375],[-111.69823,39.47697],[-111.69304,39.48033],[-111.69626,39.48293],[-111.69422,39.48346],[-111.69594,39.48664],[-111.69527,39.49632],[-111.68944,39.50138],[-111.67718,39.50695],[-111.68368,39.51228],[-111.68508,39.51635],[-111.68269,39.51966],[-111.67051,39.51624],[-111.65899,39.51749],[-111.65445,39.51592],[-111.65033,39.5186],[-111.65108,39.52285],[-111.60171,39.52332],[-111.60126,39.50513],[-111.60431,39.50472],[-111.60413,39.4976],[-111.61145,39.49759],[-111.61147,39.49563],[-111.61032,39.49123],[-111.60057,39.48339],[-111.60031,39.47609],[-111.59894,39.47569],[-111.62924,39.4753],[-111.62878,39.47063],[-111.62055,39.46674],[-111.6404,39.46529],[-111.6439,39.46194],[-111.64638,39.45484],[-111.65894,39.45207],[-111.66996,39.45161],[-111.6894,39.45831],[-111.69507,39.45737],[-111.70455,39.4635]]]}},{"type":"Feature","id":"84710","properties":{"zip":"84710","pop":null,"city":"Alton","county":"Kane","state":"Utah","area":60.32,"lat":37.46917,"lon":-112.51252},"geometry":{"type":"Polygon","coordinates":[[[-112.64651,37.43792],[-112.64311,37.43792],[-112.64309,37.44166],[-112.63863,37.44166],[-112.6386,37.44532],[-112.64101,37.44531],[-112.64043,37.44794],[-112.63704,37.45068],[-112.63416,37.45758],[-112.63401,37.45617],[-112.62499,37.45617],[-112.62507,37.45952],[-112.61796,37.46365],[-112.61053,37.46318],[-112.6038,37.46524],[-112.60416,37.46684],[-112.60142,37.46677],[-112.60043,37.46489],[-112.59466,37.4665],[-112.59331,37.47136],[-112.58636,37.47505],[-112.57884,37.48407],[-112.57556,37.49229],[-112.57558,37.485],[-112.57131,37.48496],[-112.57132,37.49143],[-112.56502,37.49129],[-112.54659,37.49694],[-112.54056,37.49575],[-112.53466,37.49719],[-112.53023,37.49457],[-112.53115,37.49146],[-112.52672,37.48898],[-112.52204,37.49116],[-112.51265,37.48861],[-112.5078,37.49611],[-112.51463,37.49697],[-112.51723,37.49963],[-112.51697,37.5096],[-112.5194,37.51507],[-112.52565,37.51376],[-112.52353,37.51719],[-112.52526,37.52512],[-112.5215,37.53131],[-112.52485,37.53347],[-112.51934,37.53643],[-112.51946,37.53917],[-112.50933,37.53907],[-112.50932,37.54284],[-112.44848,37.5428],[-112.44808,37.54095],[-112.4507,37.54102],[-112.44833,37.53246],[-112.43773,37.52375],[-112.43524,37.52802],[-112.43793,37.53325],[-112.43564,37.5317],[-112.42958,37.53984],[-112.41588,37.53362],[-112.41332,37.53446],[-112.40532,37.52906],[-112.39604,37.52863],[-112.39525,37.51387],[-112.4136,37.51376],[-112.41367,37.51031],[-112.40897,37.51016],[-112.409,37.50656],[-112.41374,37.50646],[-112.41382,37.50259],[-112.41336,37.49494],[-112.3953,37.49495],[-112.39537,37.47835],[-112.40211,37.47235],[-112.41895,37.46579],[-112.42809,37.46457],[-112.43311,37.46012],[-112.43918,37.46311],[-112.44201,37.45693],[-112.43985,37.45619],[-112.44786,37.45037],[-112.45719,37.44723],[-112.4568,37.44252],[-112.4673,37.42848],[-112.46872,37.42316],[-112.46752,37.41941],[-112.48667,37.41968],[-112.48795,37.41233],[-112.49547,37.41229],[-112.49543,37.4087],[-112.50443,37.40863],[-112.50436,37.41221],[-112.51317,37.41226],[-112.5132,37.41956],[-112.52213,37.41966],[-112.52219,37.42716],[-112.52669,37.4258],[-112.5267,37.42804],[-112.53826,37.42692],[-112.55773,37.39869],[-112.59392,37.39902],[-112.59415,37.40267],[-112.59854,37.40266],[-112.59835,37.39905],[-112.60306,37.39905],[-112.61181,37.40791],[-112.63312,37.41983],[-112.63921,37.4305],[-112.64593,37.43313],[-112.64651,37.43792]]]}},{"type":"Feature","id":"84024","properties":{"zip":"84024","pop":null,"city":"Echo","county":"Summit","state":"Utah","area":5.87,"lat":41.0077,"lon":-111.44733},"geometry":{"type":"Polygon","coordinates":[[[-111.47942,41.01126],[-111.47232,41.01231],[-111.47227,41.01581],[-111.47961,41.01591],[-111.48014,41.02388],[-111.47334,41.02477],[-111.46089,41.03024],[-111.45914,41.0279],[-111.45596,41.02772],[-111.45514,41.02999],[-111.44669,41.028],[-111.44714,41.02653],[-111.43984,41.02949],[-111.42342,41.02946],[-111.41791,41.03541],[-111.41844,41.01968],[-111.42158,41.01775],[-111.4287,41.0072],[-111.42805,40.99686],[-111.43088,40.99348],[-111.42965,40.99092],[-111.43317,40.98343],[-111.42886,40.97974],[-111.43172,40.97511],[-111.43769,40.97179],[-111.44215,40.97183],[-111.45102,40.98602],[-111.48106,41.0098],[-111.47942,41.01126]]]}},{"type":"Feature","id":"84652","properties":{"zip":"84652","pop":null,"city":"Redmond","county":"Sevier","state":"Utah","area":11.58,"lat":39.01712,"lon":-111.87851},"geometry":{"type":"Polygon","coordinates":[[[-111.92492,39.00086],[-111.91943,39.01532],[-111.90528,39.00447],[-111.89963,39.01908],[-111.8997,39.02177],[-111.90274,39.02485],[-111.9175,39.03283],[-111.91762,39.04557],[-111.85008,39.04557],[-111.84629,39.04281],[-111.85327,39.04035],[-111.85175,39.03937],[-111.85357,39.03763],[-111.8534,39.03337],[-111.82924,39.03219],[-111.83776,39.00737],[-111.84559,38.99333],[-111.84911,38.99388],[-111.85181,38.99699],[-111.8536,39.0008],[-111.85228,39.0063],[-111.85444,39.00625],[-111.85668,38.99804],[-111.86097,38.99166],[-111.86429,38.99135],[-111.86547,38.99326],[-111.87349,38.98639],[-111.87843,38.98747],[-111.87959,38.99113],[-111.89081,38.99128],[-111.88805,38.99862],[-111.89722,38.99843],[-111.89942,38.99407],[-111.89912,38.9833],[-111.90738,38.97407],[-111.90767,38.9837],[-111.91006,38.98882],[-111.92639,38.99486],[-111.92492,39.00086]]]}},{"type":"Feature","id":"84007","properties":{"zip":"84007","pop":null,"city":"Bluebell","county":"Duchesne","state":"Utah","area":16.24,"lat":40.34082,"lon":-110.21718},"geometry":{"type":"Polygon","coordinates":[[[-110.25181,40.29804],[-110.24414,40.29577],[-110.2385,40.29691],[-110.23684,40.29811],[-110.2412,40.30511],[-110.2376,40.3051],[-110.23758,40.31349],[-110.23357,40.31186],[-110.22886,40.31341],[-110.23028,40.3169],[-110.24172,40.32593],[-110.24391,40.33388],[-110.2421,40.35607],[-110.2405,40.35769],[-110.24058,40.38582],[-110.24299,40.39933],[-110.24734,40.40295],[-110.24753,40.40568],[-110.24117,40.4085],[-110.231,40.40286],[-110.21451,40.40291],[-110.21048,40.39963],[-110.19938,40.39724],[-110.19576,40.39416],[-110.19491,40.39068],[-110.1992,40.37004],[-110.19741,40.36019],[-110.19374,40.35925],[-110.19034,40.353],[-110.17785,40.34114],[-110.17249,40.32631],[-110.17816,40.32658],[-110.17907,40.32355],[-110.18991,40.31578],[-110.21564,40.31578],[-110.21277,40.30863],[-110.20119,40.30858],[-110.19935,40.30747],[-110.19882,40.30228],[-110.20956,40.30164],[-110.21353,40.3032],[-110.21867,40.28959],[-110.19427,40.28337],[-110.19974,40.28337],[-110.19976,40.27968],[-110.21863,40.27967],[-110.21852,40.2647],[-110.21447,40.25846],[-110.21984,40.25901],[-110.22263,40.25704],[-110.22245,40.25826],[-110.22642,40.25812],[-110.23165,40.26572],[-110.23569,40.27783],[-110.23912,40.28022],[-110.24068,40.28603],[-110.23816,40.28901],[-110.24257,40.29472],[-110.24865,40.29518],[-110.25181,40.29804]]]}},{"type":"Feature","id":"84655","properties":{"zip":"84655","pop":null,"city":"Genola","county":"Utah","state":"Utah","area":35.5,"lat":39.97428,"lon":-111.80728},"geometry":{"type":"Polygon","coordinates":[[[-111.88205,40.04093],[-111.86889,40.05446],[-111.85295,40.05478],[-111.853,40.04002],[-111.84348,40.03485],[-111.84352,40.03278],[-111.82496,40.03328],[-111.82474,40.02579],[-111.81772,40.02587],[-111.81767,40.02228],[-111.81533,40.0223],[-111.81529,40.0187],[-111.81296,40.01873],[-111.81293,40.01694],[-111.8106,40.01696],[-111.81068,40.02416],[-111.80834,40.02419],[-111.80832,40.02059],[-111.80599,40.02061],[-111.8058,40.01342],[-111.80099,40.01121],[-111.80517,40.00438],[-111.79418,40.00336],[-111.79158,39.99898],[-111.78651,39.99907],[-111.78649,39.99727],[-111.76761,39.99733],[-111.76767,40.00467],[-111.76273,40.00465],[-111.76531,39.98652],[-111.75609,39.9862],[-111.75034,39.98801],[-111.7498,39.99014],[-111.74305,39.99026],[-111.73816,39.98321],[-111.72734,39.9781],[-111.72537,39.97537],[-111.72988,39.9653],[-111.73084,39.95764],[-111.729,39.95271],[-111.73143,39.94701],[-111.73269,39.9318],[-111.72949,39.92629],[-111.72989,39.92376],[-111.73292,39.91982],[-111.7385,39.91942],[-111.74502,39.92011],[-111.75457,39.92443],[-111.75342,39.92249],[-111.75582,39.91827],[-111.75348,39.91047],[-111.75387,39.90186],[-111.75129,39.8992],[-111.75562,39.88929],[-111.76866,39.89832],[-111.78085,39.90082],[-111.783,39.90391],[-111.78215,39.90748],[-111.78702,39.90926],[-111.7891,39.91533],[-111.78673,39.91848],[-111.7871,39.92366],[-111.79484,39.93116],[-111.80485,39.93458],[-111.81378,39.94138],[-111.82036,39.94331],[-111.82392,39.9477],[-111.82711,39.947],[-111.83134,39.93849],[-111.84192,39.93829],[-111.84237,39.95292],[-111.85687,39.95269],[-111.85705,39.96282],[-111.86812,39.95992],[-111.87983,39.96042],[-111.87616,39.96823],[-111.87697,39.98403],[-111.8812,39.99632],[-111.88128,40.02882],[-111.87628,40.03699],[-111.8774,40.0393],[-111.88205,40.04093]]]}},{"type":"Feature","id":"84656","properties":{"zip":"84656","pop":null,"city":"Scipio","county":"Millard","state":"Utah","area":3.01,"lat":39.23538,"lon":-112.10905},"geometry":{"type":"Polygon","coordinates":[[[-112.1369,39.23341],[-112.11413,39.25275],[-112.10699,39.25273],[-112.10407,39.26063],[-112.09745,39.26069],[-112.09723,39.23825],[-112.10373,39.23935],[-112.09002,39.22216],[-112.08929,39.21651],[-112.1,39.21644],[-112.10003,39.21059],[-112.13315,39.23559],[-112.1369,39.23341]]]}},{"type":"Feature","id":"84657","properties":{"zip":"84657","pop":null,"city":"Sigurd","county":"Sevier","state":"Utah","area":18.95,"lat":38.81809,"lon":-111.94002},"geometry":{"type":"Polygon","coordinates":[[[-112.05435,38.81302],[-112.02804,38.83676],[-111.98567,38.85922],[-111.97189,38.87124],[-111.94995,38.87932],[-111.94412,38.87986],[-111.95628,38.8705],[-111.95612,38.86718],[-111.95084,38.85894],[-111.95973,38.85468],[-111.95793,38.8534],[-111.95857,38.84899],[-111.9612,38.84484],[-111.94913,38.84457],[-111.95099,38.84296],[-111.94473,38.84216],[-111.94312,38.83566],[-111.934,38.83671],[-111.92923,38.84089],[-111.93153,38.84275],[-111.92365,38.84499],[-111.91894,38.84468],[-111.90902,38.83719],[-111.90347,38.84113],[-111.90183,38.83918],[-111.8986,38.83944],[-111.90417,38.83419],[-111.90827,38.82478],[-111.91195,38.82315],[-111.90652,38.81716],[-111.903,38.81643],[-111.88385,38.82228],[-111.87935,38.80976],[-111.87298,38.80409],[-111.86999,38.79626],[-111.8704,38.79253],[-111.86736,38.78904],[-111.87085,38.78235],[-111.86981,38.77816],[-111.88106,38.77355],[-111.88334,38.7707],[-111.88234,38.76847],[-111.88468,38.76777],[-111.8864,38.77066],[-111.8883,38.77041],[-111.89545,38.76169],[-111.90391,38.75995],[-111.91295,38.76846],[-111.92778,38.77258],[-111.92788,38.77991],[-111.94417,38.82791],[-111.96085,38.82671],[-111.96483,38.83183],[-111.96715,38.8318],[-111.9715,38.8228],[-111.981,38.83146],[-111.98938,38.83131],[-112.00881,38.81639],[-112.01592,38.81636],[-112.01606,38.82372],[-112.02542,38.82324],[-112.02549,38.82699],[-112.03033,38.82671],[-112.0306,38.82353],[-112.03481,38.82348],[-112.03945,38.8162],[-112.04458,38.81612],[-112.0474,38.81279],[-112.05435,38.81302]]]}},{"type":"Feature","id":"84028","properties":{"zip":"84028","pop":null,"city":"Garden","county":"Rich","state":"Utah","area":77.36,"lat":41.93108,"lon":-111.38276},"geometry":{"type":"Polygon","coordinates":[[[-111.51187,41.90779],[-111.50977,41.91086],[-111.50463,41.91122],[-111.50259,41.91365],[-111.50039,41.91209],[-111.49211,41.91238],[-111.49128,41.91069],[-111.47833,41.91269],[-111.47781,41.91885],[-111.47132,41.92816],[-111.4768,41.93623],[-111.47324,41.9475],[-111.47748,41.95341],[-111.47586,41.95765],[-111.48336,41.9638],[-111.48435,41.97536],[-111.49082,41.97705],[-111.4975,41.98509],[-111.50799,41.9877],[-111.5078,41.99954],[-111.26208,42.00131],[-111.27463,41.98861],[-111.27113,41.97827],[-111.27095,41.97086],[-111.278,41.95379],[-111.27875,41.94273],[-111.28196,41.93392],[-111.28896,41.92502],[-111.2885,41.91587],[-111.28506,41.90738],[-111.28477,41.89662],[-111.29113,41.88895],[-111.29153,41.88208],[-111.29598,41.87656],[-111.29599,41.85644],[-111.30181,41.84957],[-111.32604,41.84604],[-111.35323,41.84818],[-111.36272,41.85347],[-111.36516,41.85924],[-111.37573,41.85807],[-111.37905,41.86261],[-111.3819,41.8616],[-111.38699,41.85456],[-111.39313,41.85307],[-111.40814,41.86411],[-111.41091,41.86303],[-111.41447,41.8648],[-111.41466,41.8677],[-111.42169,41.87215],[-111.4382,41.87611],[-111.44905,41.86699],[-111.44539,41.86272],[-111.4368,41.86055],[-111.43539,41.8541],[-111.44057,41.85533],[-111.44392,41.85791],[-111.44294,41.85973],[-111.4475,41.861],[-111.44763,41.86301],[-111.45175,41.86399],[-111.45028,41.86566],[-111.45453,41.86746],[-111.46768,41.8646],[-111.47241,41.86907],[-111.48534,41.8712],[-111.50184,41.86848],[-111.49418,41.87363],[-111.49216,41.88314],[-111.49366,41.88713],[-111.50278,41.88766],[-111.49999,41.89247],[-111.5004,41.89826],[-111.50398,41.90233],[-111.51149,41.90473],[-111.51187,41.90779]]]}},{"type":"Feature","id":"84010","properties":{"zip":"84010","pop":null,"city":"Bountiful","county":"Davis","state":"Utah","area":28.79,"lat":40.87427,"lon":-111.83049},"geometry":{"type":"Polygon","coordinates":[[[-111.90675,40.84842],[-111.90145,40.85514],[-111.89647,40.85641],[-111.89953,40.85761],[-111.89631,40.86161],[-111.89938,40.86153],[-111.89976,40.86337],[-111.89665,40.87066],[-111.89225,40.87159],[-111.89331,40.87476],[-111.89673,40.87477],[-111.89634,40.88974],[-111.89009,40.90935],[-111.88227,40.90931],[-111.88229,40.90658],[-111.879,40.90655],[-111.87897,40.90428],[-111.87556,40.90378],[-111.87556,40.90537],[-111.86194,40.90749],[-111.86374,40.91648],[-111.85043,40.91517],[-111.80993,40.92565],[-111.80446,40.92511],[-111.79999,40.92103],[-111.7934,40.92777],[-111.7932,40.93036],[-111.79081,40.92779],[-111.7931,40.92411],[-111.79347,40.91586],[-111.7826,40.91279],[-111.77606,40.90112],[-111.77641,40.89897],[-111.7817,40.89604],[-111.77554,40.89568],[-111.77022,40.88842],[-111.76177,40.88737],[-111.76829,40.87253],[-111.76377,40.87371],[-111.74699,40.87118],[-111.7405,40.8654],[-111.73874,40.861],[-111.74477,40.86066],[-111.75219,40.8535],[-111.75997,40.85297],[-111.77488,40.84763],[-111.77853,40.84458],[-111.78923,40.84555],[-111.80439,40.83835],[-111.81311,40.83992],[-111.82213,40.83423],[-111.8352,40.83084],[-111.84404,40.83223],[-111.8468,40.8297],[-111.85366,40.82928],[-111.85813,40.82434],[-111.86928,40.82381],[-111.8709,40.8217],[-111.89096,40.82183],[-111.89095,40.82735],[-111.87235,40.82742],[-111.87236,40.83296],[-111.87523,40.83293],[-111.87977,40.8364],[-111.88379,40.83582],[-111.88356,40.84781],[-111.88897,40.84951],[-111.89351,40.84831],[-111.89393,40.85023],[-111.89618,40.8502],[-111.90291,40.84389],[-111.90795,40.84618],[-111.90675,40.84842]]]}},{"type":"Feature","id":"84013","properties":{"zip":"84013","pop":null,"city":"Cedar Fort","county":"Utah","state":"Utah","area":33.9,"lat":40.29586,"lon":-112.09143},"geometry":{"type":"Polygon","coordinates":[[[-112.15502,40.37692],[-112.11702,40.37682],[-112.117,40.38097],[-112.11616,40.37877],[-112.11195,40.37772],[-112.10514,40.37194],[-112.10361,40.36844],[-112.09296,40.36546],[-112.09292,40.36275],[-112.07854,40.36265],[-112.07869,40.34663],[-112.06897,40.35247],[-112.06905,40.34046],[-112.05962,40.34055],[-112.05979,40.33312],[-112.06309,40.33317],[-112.06301,40.30544],[-112.044,40.30543],[-112.04393,40.24692],[-112.00573,40.2469],[-112.00572,40.23225],[-112.05674,40.23242],[-112.04813,40.21757],[-112.09469,40.21766],[-112.09496,40.22514],[-112.10197,40.22481],[-112.10231,40.2316],[-112.10987,40.23232],[-112.12041,40.23963],[-112.12076,40.25146],[-112.13029,40.26016],[-112.12014,40.26553],[-112.11605,40.27223],[-112.11565,40.29094],[-112.12999,40.29098],[-112.13005,40.30551],[-112.13949,40.30553],[-112.13943,40.32712],[-112.14897,40.32702],[-112.14893,40.33339],[-112.1455,40.3334],[-112.14565,40.34766],[-112.15507,40.34805],[-112.15502,40.37692]]]}},{"type":"Feature","id":"84014","properties":{"zip":"84014","pop":null,"city":"Centerville","county":"Davis","state":"Utah","area":9.72,"lat":40.93308,"lon":-111.85309},"geometry":{"type":"Polygon","coordinates":[[[-111.90152,40.91828],[-111.89911,40.92616],[-111.89881,40.94372],[-111.89286,40.94507],[-111.89316,40.9522],[-111.85365,40.95267],[-111.85365,40.94751],[-111.83576,40.94969],[-111.82216,40.95712],[-111.8185,40.96212],[-111.81465,40.95977],[-111.8153,40.95718],[-111.81169,40.95017],[-111.80687,40.94919],[-111.80388,40.94424],[-111.80398,40.9407],[-111.7932,40.93036],[-111.7934,40.92777],[-111.79999,40.92103],[-111.80446,40.92511],[-111.80993,40.92565],[-111.85043,40.91517],[-111.86374,40.91648],[-111.86194,40.90749],[-111.87556,40.90537],[-111.87556,40.90378],[-111.87897,40.90428],[-111.879,40.90655],[-111.88229,40.90658],[-111.88227,40.90931],[-111.88679,40.91023],[-111.89009,40.90935],[-111.89126,40.90695],[-111.89117,40.91308],[-111.89481,40.91318],[-111.89478,40.91589],[-111.90191,40.91614],[-111.90152,40.91828]]]}},{"type":"Feature","id":"84776","properties":{"zip":"84776","pop":null,"city":"Tropic","county":"Garfield","state":"Utah","area":7.95,"lat":37.62962,"lon":-112.08231},"geometry":{"type":"Polygon","coordinates":[[[-112.13335,37.61518],[-112.11963,37.61551],[-112.11957,37.62276],[-112.11043,37.62264],[-112.11048,37.63356],[-112.10142,37.63373],[-112.10147,37.65174],[-112.09697,37.65178],[-112.09694,37.66255],[-112.07424,37.66269],[-112.07413,37.64552],[-112.06219,37.63925],[-112.0298,37.62831],[-112.0378,37.62542],[-112.05388,37.61215],[-112.05642,37.60716],[-112.05709,37.59874],[-112.05996,37.59651],[-112.06176,37.59653],[-112.06041,37.61189],[-112.07636,37.61617],[-112.08012,37.61515],[-112.07872,37.61422],[-112.10442,37.61008],[-112.10675,37.60825],[-112.13355,37.60792],[-112.13335,37.61518]]]}},{"type":"Feature","id":"84664","properties":{"zip":"84664","pop":null,"city":"Mapleton","county":"Utah","state":"Utah","area":7.6,"lat":40.12624,"lon":-111.57717},"geometry":{"type":"Polygon","coordinates":[[[-111.61548,40.12997],[-111.6135,40.13364],[-111.61235,40.13181],[-111.60729,40.13379],[-111.60731,40.13745],[-111.60028,40.13927],[-111.60279,40.14475],[-111.59944,40.14477],[-111.59821,40.14916],[-111.58039,40.14922],[-111.56954,40.14696],[-111.54353,40.14874],[-111.54476,40.14708],[-111.54039,40.14476],[-111.53037,40.1454],[-111.5278,40.14309],[-111.53519,40.13611],[-111.53482,40.13229],[-111.55635,40.13058],[-111.55689,40.12803],[-111.5535,40.12825],[-111.55582,40.11935],[-111.56964,40.09882],[-111.57034,40.10096],[-111.58202,40.0968],[-111.58319,40.09807],[-111.58093,40.09926],[-111.57957,40.10365],[-111.57971,40.10423],[-111.58191,40.10687],[-111.57859,40.11016],[-111.58196,40.10738],[-111.58206,40.107],[-111.58113,40.10545],[-111.57973,40.10412],[-111.58098,40.09946],[-111.58324,40.09811],[-111.58158,40.09558],[-111.58616,40.08138],[-111.58947,40.08548],[-111.59122,40.09349],[-111.588,40.09361],[-111.58808,40.10463],[-111.59284,40.10459],[-111.59284,40.10276],[-111.59725,40.1021],[-111.61548,40.12997]]]}},{"type":"Feature","id":"84065","properties":{"zip":"84065","pop":null,"city":"Bluffdale","county":"Salt Lake","state":"Utah","area":15.75,"lat":40.49506,"lon":-111.94422},"geometry":{"type":"Polygon","coordinates":[[[-111.99282,40.50615],[-111.98266,40.50784],[-111.98407,40.51152],[-111.98407,40.53691],[-111.95769,40.53685],[-111.95771,40.5404],[-111.9491,40.53953],[-111.94818,40.53686],[-111.94127,40.5369],[-111.94124,40.54067],[-111.93867,40.53917],[-111.92912,40.54042],[-111.92913,40.53798],[-111.91739,40.53697],[-111.91716,40.53241],[-111.92136,40.53035],[-111.91943,40.52674],[-111.92184,40.52238],[-111.91945,40.52139],[-111.92006,40.51915],[-111.91638,40.52003],[-111.91383,40.51672],[-111.91397,40.50879],[-111.91629,40.50611],[-111.91566,40.50179],[-111.92005,40.4969],[-111.91505,40.49695],[-111.91506,40.48976],[-111.90553,40.48979],[-111.90554,40.48615],[-111.89633,40.4863],[-111.91175,40.46646],[-111.9139,40.46189],[-111.91331,40.45252],[-111.91912,40.44319],[-111.93814,40.42957],[-111.93639,40.43409],[-111.93856,40.43521],[-111.93865,40.44235],[-111.94337,40.44237],[-111.94388,40.44973],[-111.94823,40.44969],[-111.94864,40.46096],[-111.95305,40.46175],[-111.94966,40.46391],[-111.95151,40.46791],[-111.95508,40.47149],[-111.9647,40.47461],[-111.97454,40.48414],[-111.97912,40.48586],[-111.98175,40.49125],[-111.98774,40.49402],[-111.99196,40.49868],[-111.99282,40.50615]]]}},{"type":"Feature","id":"84044","properties":{"zip":"84044","pop":null,"city":"Magna","county":"Salt Lake","state":"Utah","area":77.39,"lat":40.72984,"lon":-112.14737},"geometry":{"type":"Polygon","coordinates":[[[-112.26022,40.76909],[-112.14218,40.84939],[-112.11518,40.82699],[-112.12229,40.82675],[-112.12139,40.82557],[-112.10984,40.82419],[-112.10975,40.82573],[-112.10592,40.82293],[-112.10135,40.82439],[-112.10127,40.78155],[-112.09645,40.78153],[-112.09646,40.77892],[-112.10112,40.77895],[-112.10122,40.77112],[-112.06307,40.77113],[-112.06448,40.74024],[-112.0548,40.73336],[-112.05079,40.73447],[-112.04514,40.73081],[-112.04246,40.72566],[-112.06327,40.72559],[-112.06305,40.682],[-112.09185,40.68201],[-112.09059,40.66476],[-112.06332,40.64241],[-112.06812,40.64221],[-112.0681,40.63128],[-112.06572,40.63123],[-112.06661,40.62892],[-112.19034,40.62801],[-112.19639,40.62934],[-112.19415,40.63561],[-112.19802,40.64393],[-112.19785,40.64784],[-112.20293,40.65398],[-112.20148,40.67118],[-112.20436,40.67865],[-112.20418,40.68339],[-112.19864,40.69319],[-112.20041,40.70298],[-112.20768,40.71572],[-112.21653,40.71791],[-112.2278,40.72559],[-112.26022,40.76909]]]}},{"type":"Feature","id":"84722","properties":{"zip":"84722","pop":null,"city":"Central","county":"Washington","state":"Utah","area":80.67,"lat":37.48543,"lon":-113.57597},"geometry":{"type":"Polygon","coordinates":[[[-113.71846,37.45882],[-113.71974,37.45943],[-113.71698,37.46275],[-113.71327,37.46202],[-113.71118,37.45872],[-113.69669,37.46788],[-113.69531,37.46983],[-113.6964,37.47193],[-113.70171,37.47742],[-113.70074,37.47951],[-113.69756,37.47999],[-113.69648,37.48289],[-113.68704,37.48133],[-113.67312,37.49218],[-113.65661,37.4897],[-113.64183,37.49217],[-113.64052,37.4897],[-113.62996,37.48969],[-113.63353,37.51139],[-113.62568,37.51195],[-113.6205,37.52314],[-113.61516,37.5293],[-113.60494,37.52815],[-113.59804,37.53144],[-113.59281,37.53117],[-113.60252,37.53851],[-113.60649,37.54655],[-113.61228,37.54744],[-113.61307,37.55993],[-113.62817,37.57006],[-113.63398,37.58313],[-113.64882,37.60487],[-113.60172,37.60467],[-113.60412,37.60063],[-113.60608,37.60111],[-113.61066,37.57383],[-113.6088,37.57013],[-113.61012,37.56703],[-113.60532,37.566],[-113.59454,37.56852],[-113.58071,37.56885],[-113.57329,37.5722],[-113.56527,37.57316],[-113.5305,37.57322],[-113.53134,37.56881],[-113.52719,37.56291],[-113.52796,37.55413],[-113.51767,37.53745],[-113.49605,37.54578],[-113.48945,37.55016],[-113.47402,37.55358],[-113.47403,37.52909],[-113.45489,37.52914],[-113.45849,37.52166],[-113.46383,37.52092],[-113.46785,37.51747],[-113.46938,37.50905],[-113.47266,37.50986],[-113.47742,37.50677],[-113.4851,37.50458],[-113.4853,37.50618],[-113.48611,37.50415],[-113.49089,37.50327],[-113.48928,37.48858],[-113.47869,37.48503],[-113.47869,37.47897],[-113.4741,37.46928],[-113.47384,37.45387],[-113.4762,37.4472],[-113.4749,37.44387],[-113.48468,37.44295],[-113.49074,37.43468],[-113.49326,37.42744],[-113.50467,37.41469],[-113.51136,37.41333],[-113.51624,37.42347],[-113.52875,37.40841],[-113.54191,37.41219],[-113.54752,37.41795],[-113.56006,37.41852],[-113.56587,37.41591],[-113.58252,37.41846],[-113.59226,37.4145],[-113.5957,37.41663],[-113.59962,37.4135],[-113.60441,37.41378],[-113.60207,37.41594],[-113.60594,37.41596],[-113.61207,37.40688],[-113.61819,37.40302],[-113.62033,37.3958],[-113.62967,37.39442],[-113.62469,37.3886],[-113.62663,37.38513],[-113.6292,37.38449],[-113.63193,37.37835],[-113.62866,37.3727],[-113.64025,37.37557],[-113.65132,37.38383],[-113.63782,37.4041],[-113.63977,37.40437],[-113.64247,37.41069],[-113.64253,37.42422],[-113.63022,37.42424],[-113.62852,37.4395],[-113.6219,37.45122],[-113.62303,37.45464],[-113.63432,37.46369],[-113.63421,37.46733],[-113.63169,37.46865],[-113.63668,37.47037],[-113.63251,37.47474],[-113.64325,37.47566],[-113.65111,37.46369],[-113.64785,37.46157],[-113.65083,37.45849],[-113.65198,37.44935],[-113.65723,37.44802],[-113.66815,37.43923],[-113.67809,37.43704],[-113.68226,37.43315],[-113.67816,37.42198],[-113.67835,37.41067],[-113.68949,37.41822],[-113.69561,37.41306],[-113.69879,37.41734],[-113.69878,37.42163],[-113.70271,37.42487],[-113.70352,37.42958],[-113.71298,37.44115],[-113.71784,37.45054],[-113.71983,37.45776],[-113.71846,37.45882]]]}},{"type":"Feature","id":"84730","properties":{"zip":"84730","pop":null,"city":"Glenwood","county":"Sevier","state":"Utah","area":10.19,"lat":38.74519,"lon":-112.00085},"geometry":{"type":"Polygon","coordinates":[[[-112.04705,38.71334],[-112.04443,38.71349],[-112.04009,38.7202],[-112.03758,38.72089],[-112.03566,38.7348],[-112.0203,38.75449],[-112.02008,38.76018],[-112.01671,38.7665],[-112.01759,38.77077],[-112.01587,38.77227],[-112.01913,38.77423],[-111.99048,38.77457],[-111.99053,38.78],[-111.98531,38.78014],[-111.97948,38.784],[-111.97573,38.78067],[-111.97152,38.78505],[-111.96407,38.78521],[-111.96119,38.78289],[-111.96034,38.77218],[-111.97792,38.75839],[-111.97434,38.75398],[-111.97612,38.74139],[-111.97407,38.73585],[-111.98173,38.72742],[-111.98366,38.72125],[-111.99577,38.70984],[-112.00064,38.70794],[-112.01178,38.71784],[-112.03068,38.71166],[-112.04701,38.70996],[-112.04705,38.71334]]]}},{"type":"Feature","id":"84766","properties":{"zip":"84766","pop":null,"city":"","county":"Sevier","state":"Utah","area":102.07,"lat":38.59743,"lon":-112.33548},"geometry":{"type":"Polygon","coordinates":[[[-112.50307,38.60057],[-112.48479,38.60063],[-112.48444,38.64465],[-112.47518,38.64467],[-112.47534,38.65926],[-112.46616,38.65927],[-112.466,38.67392],[-112.44767,38.67392],[-112.44752,38.68127],[-112.40118,38.68097],[-112.36029,38.684],[-112.36178,38.67435],[-112.36049,38.67194],[-112.3448,38.66695],[-112.34257,38.66845],[-112.33279,38.66689],[-112.3324,38.6684],[-112.3287,38.66792],[-112.31962,38.67196],[-112.31931,38.66952],[-112.3159,38.66949],[-112.31033,38.67346],[-112.30565,38.67162],[-112.30196,38.67273],[-112.29765,38.68161],[-112.29376,38.68267],[-112.28655,38.67274],[-112.28646,38.67005],[-112.28512,38.6703],[-112.28437,38.66289],[-112.27486,38.66414],[-112.27571,38.66134],[-112.27193,38.65194],[-112.27418,38.64651],[-112.27345,38.64243],[-112.26528,38.63379],[-112.26245,38.6337],[-112.25783,38.62863],[-112.23754,38.62923],[-112.23712,38.60631],[-112.233,38.60769],[-112.2279,38.6201],[-112.22772,38.61575],[-112.22068,38.61576],[-112.22791,38.60578],[-112.22277,38.60706],[-112.22082,38.60067],[-112.22546,38.59743],[-112.22704,38.59278],[-112.22741,38.58592],[-112.22564,38.5838],[-112.21979,38.5831],[-112.21316,38.58732],[-112.20463,38.58541],[-112.19464,38.58847],[-112.18338,38.58707],[-112.19195,38.57299],[-112.18778,38.56837],[-112.17166,38.56293],[-112.17691,38.55641],[-112.18043,38.54442],[-112.17907,38.5425],[-112.18638,38.52896],[-112.19575,38.52613],[-112.1972,38.52066],[-112.2044,38.51697],[-112.20526,38.51217],[-112.34691,38.51075],[-112.34853,38.51618],[-112.34631,38.52096],[-112.34535,38.53279],[-112.34019,38.54065],[-112.34162,38.54594],[-112.33627,38.55407],[-112.33665,38.57046],[-112.32272,38.57774],[-112.34607,38.57565],[-112.35356,38.56655],[-112.36353,38.56002],[-112.36909,38.55874],[-112.37336,38.55284],[-112.38006,38.54798],[-112.38959,38.55103],[-112.40304,38.55141],[-112.4227,38.55517],[-112.42616,38.56018],[-112.43134,38.56343],[-112.42775,38.57029],[-112.41369,38.57684],[-112.40869,38.58329],[-112.41923,38.58535],[-112.44701,38.57973],[-112.45765,38.58028],[-112.46334,38.58249],[-112.46158,38.5738],[-112.48053,38.57982],[-112.49224,38.59001],[-112.5031,38.59347],[-112.50307,38.60057]]]}},{"type":"Feature","id":"84767","properties":{"zip":"84767","pop":null,"city":"Springdale","county":"Washington","state":"Utah","area":182.06,"lat":37.20151,"lon":-112.98578},"geometry":{"type":"Polygon","coordinates":[[[-113.11858,37.2587],[-113.10904,37.25872],[-113.10901,37.26129],[-113.09981,37.26301],[-113.0999,37.26469],[-113.09234,37.2699],[-113.09729,37.27617],[-113.09659,37.27888],[-113.07822,37.2951],[-113.07777,37.30349],[-113.06745,37.30914],[-113.06937,37.31283],[-113.07247,37.31273],[-113.07244,37.31451],[-113.0681,37.31772],[-113.07071,37.32645],[-113.06997,37.32885],[-113.06296,37.33262],[-113.06471,37.33608],[-113.06349,37.34041],[-113.05868,37.34037],[-113.04673,37.35287],[-113.03939,37.35524],[-113.03756,37.35998],[-113.03804,37.36795],[-113.0341,37.37434],[-113.04151,37.38785],[-113.03556,37.38681],[-113.0315,37.3883],[-113.02528,37.38306],[-113.02397,37.38416],[-113.02304,37.38156],[-113.01072,37.38558],[-113.00536,37.38435],[-113.00047,37.38715],[-113.00053,37.36987],[-112.90076,37.36977],[-112.90128,37.28144],[-112.89914,37.2814],[-112.89919,37.00032],[-112.95319,37.00024],[-112.95318,37.00725],[-112.94866,37.00724],[-112.94864,37.0145],[-112.95518,37.01454],[-112.95307,37.05074],[-112.96212,37.05073],[-112.96219,37.02537],[-112.96896,37.02535],[-112.96894,37.03442],[-112.98023,37.0344],[-112.98024,37.03077],[-112.98704,37.03076],[-112.98705,37.02532],[-112.98478,37.02532],[-112.98478,37.0217],[-112.97574,37.02172],[-112.97575,37.0181],[-112.97119,37.01813],[-112.97124,37.01449],[-112.96672,37.0145],[-112.96673,37.01088],[-112.97125,37.01087],[-112.97124,37.00724],[-112.97575,37.00723],[-112.97573,37.00344],[-112.98478,37.00358],[-112.98478,37.00721],[-112.99386,37.00716],[-112.99384,37.01808],[-113.0074,37.01806],[-113.00741,37.02169],[-113.01192,37.02168],[-113.01193,37.02531],[-113.01645,37.0253],[-113.01646,37.05434],[-113.03422,37.0543],[-113.03422,37.0688],[-113.07044,37.06876],[-113.07075,37.13088],[-113.05726,37.12223],[-113.04723,37.11028],[-113.04356,37.10962],[-113.04414,37.11219],[-113.03468,37.11218],[-113.03412,37.15675],[-113.01611,37.15702],[-113.01606,37.16071],[-113.02124,37.16095],[-113.02508,37.16436],[-113.02974,37.16433],[-113.03001,37.16152],[-113.03447,37.16432],[-113.03448,37.17122],[-113.09102,37.17125],[-113.0913,37.19979],[-113.10944,37.19982],[-113.10953,37.23605],[-113.11844,37.23598],[-113.11858,37.2587]]]}},{"type":"Feature","id":"84772","properties":{"zip":"84772","pop":null,"city":"Summit","county":"Iron","state":"Utah","area":1.17,"lat":37.79709,"lon":-112.94149},"geometry":{"type":"Polygon","coordinates":[[[-112.95873,37.79455],[-112.94213,37.80101],[-112.94648,37.80234],[-112.93197,37.81121],[-112.93062,37.80899],[-112.92718,37.79378],[-112.9308,37.79184],[-112.93561,37.79326],[-112.9356,37.79119],[-112.94334,37.79088],[-112.94719,37.78722],[-112.95847,37.78742],[-112.95873,37.79455]]]}},{"type":"Feature","id":"84106","properties":{"zip":"84106","pop":null,"city":"Salt Lake City","county":"Salt Lake","state":"Utah","area":4.5,"lat":40.70678,"lon":-111.85556},"geometry":{"type":"Polygon","coordinates":[[[-111.8797,40.69669],[-111.87694,40.6978],[-111.87678,40.72587],[-111.86246,40.72542],[-111.85961,40.72866],[-111.85674,40.72835],[-111.85674,40.72541],[-111.83365,40.72585],[-111.83369,40.72225],[-111.83197,40.72098],[-111.83399,40.71961],[-111.83534,40.71163],[-111.83409,40.71106],[-111.83538,40.70451],[-111.83407,40.70405],[-111.83403,40.68709],[-111.84581,40.6871],[-111.84658,40.68858],[-111.85632,40.68741],[-111.8569,40.68877],[-111.8598,40.68874],[-111.85981,40.68705],[-111.86837,40.68835],[-111.87699,40.68706],[-111.87743,40.69623],[-111.8797,40.69669]]]}},{"type":"Feature","id":"84738","properties":{"zip":"84738","pop":null,"city":"Ivins","county":"Washington","state":"Utah","area":37.9,"lat":37.2099,"lon":-113.70891},"geometry":{"type":"Polygon","coordinates":[[[-113.77819,37.20893],[-113.77922,37.21007],[-113.77557,37.21212],[-113.77478,37.21478],[-113.77911,37.22008],[-113.77691,37.22184],[-113.77632,37.22905],[-113.77922,37.23511],[-113.77637,37.2475],[-113.77108,37.25328],[-113.77053,37.25936],[-113.75967,37.26467],[-113.76133,37.27088],[-113.75708,37.27603],[-113.74792,37.28039],[-113.73833,37.27827],[-113.73058,37.27985],[-113.72817,37.27751],[-113.72484,37.27844],[-113.72395,37.27715],[-113.71966,37.27919],[-113.7191,37.2771],[-113.7177,37.27789],[-113.71331,37.27367],[-113.70848,37.27746],[-113.70169,37.27315],[-113.7034,37.26958],[-113.70261,37.26467],[-113.70582,37.26695],[-113.70927,37.26422],[-113.70873,37.26168],[-113.69596,37.25361],[-113.69758,37.25137],[-113.69788,37.24263],[-113.6962,37.24172],[-113.69646,37.23263],[-113.687,37.22674],[-113.65711,37.22747],[-113.65703,37.23186],[-113.65198,37.21278],[-113.64322,37.22257],[-113.64042,37.23018],[-113.63364,37.23029],[-113.63329,37.21867],[-113.62915,37.20876],[-113.62914,37.20138],[-113.63445,37.19752],[-113.6382,37.19752],[-113.6382,37.1939],[-113.63128,37.19193],[-113.62911,37.18323],[-113.63491,37.18145],[-113.63618,37.16859],[-113.64243,37.16124],[-113.64242,37.15759],[-113.67008,37.15738],[-113.67004,37.14639],[-113.6725,37.14537],[-113.67851,37.15017],[-113.6885,37.15011],[-113.68849,37.14798],[-113.69777,37.15013],[-113.69785,37.16219],[-113.70171,37.1652],[-113.70758,37.16224],[-113.71094,37.15943],[-113.70808,37.15658],[-113.70845,37.1536],[-113.70573,37.15234],[-113.70599,37.15007],[-113.70309,37.14876],[-113.70465,37.14481],[-113.6974,37.14075],[-113.69715,37.13893],[-113.7063,37.13734],[-113.71539,37.12808],[-113.71606,37.17281],[-113.72234,37.16892],[-113.72476,37.17083],[-113.7243,37.17471],[-113.72671,37.17563],[-113.73031,37.17342],[-113.73231,37.1745],[-113.73099,37.17814],[-113.73573,37.17815],[-113.73738,37.18106],[-113.74257,37.18146],[-113.74431,37.17957],[-113.76665,37.18554],[-113.76931,37.19224],[-113.77341,37.19169],[-113.77788,37.19418],[-113.77612,37.19765],[-113.77925,37.20708],[-113.77819,37.20893]]]}},{"type":"Feature","id":"84060","properties":{"zip":"84060","pop":null,"city":"Park City","county":"Summit","state":"Utah","area":33.45,"lat":40.64193,"lon":-111.50349},"geometry":{"type":"Polygon","coordinates":[[[-111.60478,40.66876],[-111.5981,40.67395],[-111.58951,40.67164],[-111.58342,40.67299],[-111.57504,40.67959],[-111.56948,40.68162],[-111.55797,40.68024],[-111.55875,40.67753],[-111.55045,40.67902],[-111.54685,40.68315],[-111.53718,40.6835],[-111.52818,40.67925],[-111.5204,40.67924],[-111.5204,40.68298],[-111.51086,40.68295],[-111.51091,40.68572],[-111.50852,40.68664],[-111.49825,40.68657],[-111.49527,40.68875],[-111.49344,40.69249],[-111.4947,40.69978],[-111.4917,40.70076],[-111.49163,40.6975],[-111.47233,40.69755],[-111.4624,40.68314],[-111.43687,40.68059],[-111.43638,40.67464],[-111.43039,40.66539],[-111.4353,40.66069],[-111.44516,40.65946],[-111.4484,40.65451],[-111.45683,40.6531],[-111.44962,40.63468],[-111.44073,40.62515],[-111.42895,40.6069],[-111.43708,40.59233],[-111.43644,40.58044],[-111.48535,40.58024],[-111.48811,40.58483],[-111.493,40.58676],[-111.49383,40.58972],[-111.48984,40.59202],[-111.49023,40.59939],[-111.50183,40.60653],[-111.50531,40.60538],[-111.52049,40.6095],[-111.52489,40.60898],[-111.52804,40.61198],[-111.54027,40.61317],[-111.54659,40.61003],[-111.55327,40.60931],[-111.55903,40.6142],[-111.55751,40.61932],[-111.56742,40.62328],[-111.56897,40.6294],[-111.57605,40.63278],[-111.57735,40.64258],[-111.57949,40.6453],[-111.59387,40.65166],[-111.59674,40.65977],[-111.60441,40.66652],[-111.60478,40.66876]]]}},{"type":"Feature","id":"84739","properties":{"zip":"84739","pop":null,"city":"Joseph","county":"Sevier","state":"Utah","area":21.27,"lat":38.64202,"lon":-112.22299},"geometry":{"type":"Polygon","coordinates":[[[-112.29421,38.68332],[-112.29133,38.6833],[-112.29132,38.68696],[-112.28226,38.68687],[-112.27714,38.69351],[-112.27942,38.68908],[-112.26575,38.69153],[-112.26558,38.68678],[-112.27032,38.68246],[-112.27152,38.67822],[-112.27569,38.67613],[-112.27123,38.67079],[-112.27227,38.66891],[-112.26636,38.6706],[-112.26423,38.67445],[-112.25734,38.67834],[-112.2495,38.69053],[-112.24711,38.68736],[-112.24254,38.6913],[-112.23856,38.69163],[-112.23326,38.69111],[-112.22858,38.68615],[-112.21353,38.6805],[-112.20556,38.67947],[-112.19826,38.67591],[-112.19647,38.67725],[-112.19321,38.67406],[-112.19075,38.67554],[-112.18998,38.66922],[-112.18022,38.65831],[-112.18146,38.65424],[-112.18596,38.65317],[-112.18392,38.6521],[-112.18691,38.6472],[-112.18895,38.64712],[-112.19063,38.64294],[-112.19774,38.63786],[-112.19759,38.63411],[-112.20523,38.62757],[-112.20545,38.6248],[-112.18794,38.63312],[-112.18461,38.63116],[-112.17707,38.63259],[-112.16685,38.63012],[-112.16666,38.61796],[-112.16324,38.61782],[-112.16284,38.61495],[-112.1674,38.60801],[-112.16669,38.59916],[-112.17011,38.5987],[-112.1707,38.6034],[-112.17169,38.60176],[-112.17357,38.60292],[-112.18103,38.59776],[-112.1825,38.59357],[-112.18815,38.58781],[-112.19464,38.58847],[-112.20463,38.58541],[-112.21316,38.58732],[-112.21979,38.5831],[-112.22564,38.5838],[-112.22741,38.58592],[-112.22704,38.59278],[-112.22546,38.59743],[-112.22082,38.60067],[-112.22277,38.60706],[-112.22791,38.60578],[-112.22068,38.61576],[-112.22772,38.61575],[-112.2279,38.6201],[-112.233,38.60769],[-112.23712,38.60631],[-112.23754,38.62923],[-112.25783,38.62863],[-112.26245,38.6337],[-112.26528,38.63379],[-112.27345,38.64243],[-112.27418,38.64651],[-112.27193,38.65194],[-112.27571,38.66134],[-112.27486,38.66414],[-112.28437,38.66289],[-112.28512,38.6703],[-112.28646,38.67005],[-112.28655,38.67274],[-112.29421,38.68332]]]}},{"type":"Feature","id":"84061","properties":{"zip":"84061","pop":null,"city":"Peoa","county":"Summit","state":"Utah","area":41.5,"lat":40.74723,"lon":-111.34146},"geometry":{"type":"Polygon","coordinates":[[[-111.4364,40.73909],[-111.43005,40.74329],[-111.42837,40.74709],[-111.41369,40.74796],[-111.39585,40.75765],[-111.39411,40.76144],[-111.3846,40.75546],[-111.37599,40.75286],[-111.3748,40.75437],[-111.37126,40.75387],[-111.37498,40.75922],[-111.38201,40.76392],[-111.38101,40.76597],[-111.38564,40.76505],[-111.38557,40.76839],[-111.38819,40.76868],[-111.38614,40.77452],[-111.39232,40.78015],[-111.39153,40.78157],[-111.38705,40.7799],[-111.36778,40.7875],[-111.35671,40.79411],[-111.35524,40.79837],[-111.34223,40.80078],[-111.34289,40.8042],[-111.33898,40.80649],[-111.32789,40.79984],[-111.31648,40.80348],[-111.31561,40.8059],[-111.3145,40.80331],[-111.30904,40.80096],[-111.30445,40.80687],[-111.29994,40.80045],[-111.29465,40.80516],[-111.29108,40.80407],[-111.27636,40.80847],[-111.26828,40.80618],[-111.25807,40.80685],[-111.24611,40.81106],[-111.23681,40.81031],[-111.23278,40.80909],[-111.21754,40.79711],[-111.21146,40.79518],[-111.21077,40.7939],[-111.22577,40.78957],[-111.22162,40.78326],[-111.21514,40.78114],[-111.21532,40.77873],[-111.21359,40.77829],[-111.20828,40.77392],[-111.20539,40.76996],[-111.20939,40.77458],[-111.21321,40.77685],[-111.21413,40.77839],[-111.21564,40.7788],[-111.21738,40.78072],[-111.22246,40.78192],[-111.22576,40.78655],[-111.24584,40.7892],[-111.24867,40.78831],[-111.24988,40.78498],[-111.25686,40.78524],[-111.2609,40.7822],[-111.26154,40.7698],[-111.26886,40.75656],[-111.2809,40.75657],[-111.2811,40.73114],[-111.30035,40.73105],[-111.30029,40.71663],[-111.30998,40.71655],[-111.30997,40.70699],[-111.31436,40.70767],[-111.32162,40.70319],[-111.3178,40.70089],[-111.31932,40.70004],[-111.31939,40.68968],[-111.32886,40.68753],[-111.33948,40.69565],[-111.34086,40.7009],[-111.34415,40.70282],[-111.35445,40.69357],[-111.36377,40.67491],[-111.37005,40.6843],[-111.37462,40.68151],[-111.37536,40.6853],[-111.378,40.68365],[-111.38087,40.6853],[-111.38083,40.69123],[-111.38756,40.6881],[-111.39289,40.69335],[-111.39674,40.69413],[-111.39717,40.69074],[-111.41219,40.68115],[-111.42342,40.68124],[-111.42756,40.68532],[-111.43424,40.68468],[-111.43354,40.73372],[-111.43392,40.73901],[-111.4364,40.73909]]]}},{"type":"Feature","id":"84045","properties":{"zip":"84045","pop":null,"city":"Saratoga Springs","county":"Utah","state":"Utah","area":39.72,"lat":40.28567,"lon":-111.91376},"geometry":{"type":"Polygon","coordinates":[[[-111.96398,40.34745],[-111.94506,40.34736],[-111.94513,40.36208],[-111.95929,40.36209],[-111.96059,40.36854],[-111.96399,40.36939],[-111.96398,40.37276],[-111.9551,40.38384],[-111.9389,40.3865],[-111.9417,40.38728],[-111.94505,40.39246],[-111.94492,40.42033],[-111.92062,40.42036],[-111.91997,40.40951],[-111.91526,40.40086],[-111.91858,40.39706],[-111.91689,40.39124],[-111.90762,40.39247],[-111.90529,40.39087],[-111.90591,40.38742],[-111.90269,40.38667],[-111.91367,40.38122],[-111.91385,40.37943],[-111.90522,40.37598],[-111.90883,40.37136],[-111.90374,40.36579],[-111.90436,40.36239],[-111.8938,40.35754],[-111.90101,40.35323],[-111.91145,40.33819],[-111.89881,40.33141],[-111.89498,40.32296],[-111.88502,40.31356],[-111.87881,40.30073],[-111.87466,40.29874],[-111.85738,40.26937],[-111.85235,40.26761],[-111.84644,40.2686],[-111.85581,40.26216],[-111.8552,40.25218],[-111.86223,40.24222],[-111.86764,40.22418],[-111.87709,40.2047],[-111.88086,40.1998],[-111.88724,40.19773],[-111.89105,40.19096],[-111.8958,40.18917],[-111.90909,40.17698],[-111.92825,40.15207],[-111.938,40.13433],[-111.93728,40.13813],[-111.94209,40.14157],[-111.94215,40.1452],[-111.94957,40.14543],[-111.94957,40.16137],[-111.91918,40.17965],[-111.92352,40.19108],[-111.93274,40.19321],[-111.93868,40.19709],[-111.9296,40.21238],[-111.92629,40.22663],[-111.9254,40.23527],[-111.92805,40.26141],[-111.93314,40.2695],[-111.93171,40.27356],[-111.93654,40.27604],[-111.94084,40.28212],[-111.95502,40.29439],[-111.95649,40.30136],[-111.96145,40.30638],[-111.9623,40.31007],[-111.95911,40.31498],[-111.96169,40.3231],[-111.95815,40.32907],[-111.96104,40.34224],[-111.96398,40.34745]]]}},{"type":"Feature","id":"84742","properties":{"zip":"84742","pop":null,"city":"","county":"Iron","state":"Utah","area":45.71,"lat":37.5212,"lon":-113.146},"geometry":{"type":"Polygon","coordinates":[[[-113.27722,37.55121],[-113.27008,37.55376],[-113.25324,37.55338],[-113.25316,37.57229],[-113.22217,37.57368],[-113.18246,37.57266],[-113.17319,37.58709],[-113.16249,37.5857],[-113.16134,37.57625],[-113.15663,37.56898],[-113.15239,37.56653],[-113.12363,37.57215],[-113.12385,37.56999],[-113.11726,37.57052],[-113.1164,37.56761],[-113.11094,37.56509],[-113.12066,37.55865],[-113.12123,37.55405],[-113.11482,37.5474],[-113.11013,37.54612],[-113.10373,37.54075],[-113.1013,37.53535],[-113.09798,37.53563],[-113.09991,37.54086],[-113.09855,37.5414],[-113.1003,37.54175],[-113.09563,37.54362],[-113.09001,37.53851],[-113.07334,37.53133],[-113.05145,37.53193],[-113.05032,37.52597],[-113.05272,37.52061],[-113.04639,37.51656],[-113.04082,37.50844],[-113.02876,37.50625],[-113.02706,37.49975],[-113.03709,37.49975],[-113.03705,37.47447],[-113.14608,37.4743],[-113.14611,37.48103],[-113.19815,37.48104],[-113.19747,37.5048],[-113.20468,37.50622],[-113.20769,37.50444],[-113.21462,37.50529],[-113.22086,37.48198],[-113.25349,37.48217],[-113.25348,37.49397],[-113.23898,37.49513],[-113.22911,37.50025],[-113.222,37.50725],[-113.2097,37.52873],[-113.21236,37.52914],[-113.21228,37.55805],[-113.22064,37.5591],[-113.2221,37.56274],[-113.22832,37.56166],[-113.2329,37.5587],[-113.24113,37.54566],[-113.25531,37.53773],[-113.25873,37.54006],[-113.26229,37.53775],[-113.26599,37.53974],[-113.26773,37.53766],[-113.2711,37.53961],[-113.27283,37.54296],[-113.27066,37.54701],[-113.27722,37.55121]]]}},{"type":"Feature","id":"84046","properties":{"zip":"84046","pop":null,"city":"","county":"Daggett","state":"Utah","area":85.87,"lat":40.95335,"lon":-109.82791},"geometry":{"type":"Polygon","coordinates":[[[-110.00071,40.99735],[-109.60405,40.99827],[-109.60139,40.99302],[-109.58888,40.99165],[-109.5783,40.98767],[-109.58235,40.98517],[-109.58608,40.98603],[-109.58419,40.98184],[-109.58742,40.9828],[-109.58738,40.98035],[-109.61547,40.99281],[-109.61952,40.99185],[-109.62572,40.99403],[-109.6254,40.9782],[-109.62778,40.97608],[-109.63529,40.97484],[-109.64704,40.9772],[-109.64711,40.94795],[-109.65079,40.945],[-109.66161,40.94766],[-109.69465,40.94483],[-109.69466,40.93411],[-109.70197,40.93399],[-109.70617,40.93116],[-109.71795,40.93375],[-109.72147,40.9292],[-109.7255,40.92797],[-109.74076,40.93477],[-109.7412,40.92319],[-109.72218,40.92319],[-109.72215,40.89813],[-109.74724,40.89493],[-109.75618,40.89159],[-109.75471,40.88773],[-109.76313,40.8849],[-109.78483,40.89549],[-109.79663,40.90573],[-109.79664,40.91004],[-109.79992,40.90647],[-109.79559,40.91369],[-109.80099,40.90681],[-109.79942,40.90505],[-109.80088,40.90287],[-109.81062,40.89554],[-109.81579,40.89704],[-109.83459,40.89649],[-109.86939,40.89286],[-109.88783,40.89529],[-109.8841,40.89638],[-109.88479,40.89944],[-109.87797,40.90363],[-109.85044,40.905],[-109.84626,40.90695],[-109.87225,40.91114],[-109.8737,40.91346],[-109.87043,40.92],[-109.88781,40.91645],[-109.89649,40.91869],[-109.90945,40.91635],[-109.9143,40.91292],[-109.92029,40.9127],[-109.9357,40.90748],[-109.93304,40.90078],[-109.9349,40.89919],[-109.94543,40.90604],[-109.96989,40.90572],[-109.98134,40.90892],[-110.00071,40.90845],[-110.00071,40.99735]]]}},{"type":"Feature","id":"84745","properties":{"zip":"84745","pop":null,"city":"La Verkin","county":"Washington","state":"Utah","area":4.02,"lat":37.20839,"lon":-113.26241},"geometry":{"type":"Polygon","coordinates":[[[-113.2866,37.20512],[-113.27865,37.21759],[-113.27859,37.2254],[-113.26483,37.22576],[-113.26489,37.2296],[-113.2525,37.22759],[-113.25032,37.21906],[-113.24413,37.21217],[-113.23305,37.20799],[-113.23275,37.19977],[-113.23621,37.19694],[-113.24171,37.1975],[-113.24338,37.1999],[-113.25368,37.19605],[-113.25866,37.1965],[-113.26223,37.19246],[-113.26569,37.19291],[-113.2684,37.1887],[-113.28047,37.19105],[-113.28102,37.19239],[-113.27731,37.19393],[-113.27796,37.19558],[-113.28477,37.19691],[-113.28741,37.2028],[-113.2866,37.20512]]]}},{"type":"Feature","id":"84746","properties":{"zip":"84746","pop":null,"city":"Leeds","county":"Washington","state":"Utah","area":15.38,"lat":37.23863,"lon":-113.35047},"geometry":{"type":"Polygon","coordinates":[[[-113.39832,37.21383],[-113.38839,37.22751],[-113.38267,37.22995],[-113.37802,37.23649],[-113.37824,37.23963],[-113.37466,37.24221],[-113.37408,37.24813],[-113.38448,37.24032],[-113.38501,37.25192],[-113.37744,37.25203],[-113.37647,37.25885],[-113.3673,37.25887],[-113.36706,37.27294],[-113.35053,37.27318],[-113.34937,37.28118],[-113.32866,37.28134],[-113.3286,37.28853],[-113.3135,37.28768],[-113.31304,37.28323],[-113.30908,37.28204],[-113.31269,37.27768],[-113.30636,37.28364],[-113.31235,37.2775],[-113.30869,37.26617],[-113.3096,37.26206],[-113.30779,37.25564],[-113.31654,37.24847],[-113.32662,37.22088],[-113.33302,37.21146],[-113.34356,37.20707],[-113.34321,37.20566],[-113.35306,37.19686],[-113.35097,37.1918],[-113.35925,37.19014],[-113.35953,37.19217],[-113.36463,37.19394],[-113.37225,37.18392],[-113.37956,37.18392],[-113.37834,37.1931],[-113.37951,37.1991],[-113.38512,37.19908],[-113.38528,37.21455],[-113.38898,37.21462],[-113.39438,37.20576],[-113.39832,37.21383]]]}},{"type":"Feature","id":"84067","properties":{"zip":"84067","pop":null,"city":"Roy","county":"Weber","state":"Utah","area":6.17,"lat":41.1719,"lon":-112.04805},"geometry":{"type":"Polygon","coordinates":[[[-112.0837,41.16081],[-112.08363,41.17245],[-112.0809,41.17245],[-112.08094,41.17431],[-112.08361,41.1739],[-112.08362,41.17878],[-112.06475,41.18172],[-112.06445,41.17691],[-112.04004,41.19769],[-112.03539,41.19745],[-112.03486,41.20162],[-112.02927,41.20147],[-112.02582,41.20534],[-112.02586,41.19694],[-112.02322,41.19689],[-112.02098,41.19312],[-112.02106,41.1835],[-112.0147,41.18352],[-112.0195,41.17875],[-112.02252,41.16933],[-112.01957,41.171],[-112.02174,41.16411],[-112.02123,41.15265],[-112.08381,41.15271],[-112.0837,41.16081]]]}},{"type":"Feature","id":"84752","properties":{"zip":"84752","pop":null,"city":"","county":"Beaver","state":"Utah","area":40.65,"lat":38.24977,"lon":-112.88426},"geometry":{"type":"Polygon","coordinates":[[[-112.99196,38.20765],[-112.98768,38.21287],[-112.98726,38.22171],[-112.93363,38.22109],[-112.93228,38.22146],[-112.95285,38.22161],[-112.95334,38.23205],[-112.96445,38.24483],[-112.9637,38.26178],[-112.97854,38.26179],[-112.97899,38.2499],[-112.99171,38.26178],[-112.99158,38.27326],[-112.98197,38.273],[-112.97858,38.28151],[-112.97678,38.2949],[-112.97931,38.30056],[-112.97823,38.30953],[-112.96975,38.30951],[-112.96753,38.29598],[-112.93139,38.30346],[-112.93712,38.29978],[-112.93909,38.29537],[-112.93745,38.28422],[-112.93419,38.28185],[-112.93568,38.27784],[-112.93343,38.2645],[-112.9079,38.27464],[-112.90087,38.26614],[-112.89741,38.26728],[-112.89355,38.26515],[-112.88805,38.26685],[-112.88424,38.2757],[-112.8803,38.27729],[-112.87109,38.27494],[-112.86816,38.27587],[-112.85749,38.28113],[-112.85513,38.28528],[-112.84566,38.28809],[-112.83738,38.28462],[-112.82948,38.28661],[-112.82125,38.28587],[-112.80806,38.28114],[-112.79251,38.27152],[-112.79106,38.26882],[-112.79448,38.26359],[-112.78223,38.27689],[-112.78494,38.27845],[-112.77751,38.28935],[-112.74879,38.27217],[-112.74796,38.26513],[-112.74986,38.26342],[-112.74977,38.25916],[-112.76366,38.25507],[-112.75752,38.25165],[-112.75719,38.25108],[-112.77195,38.25466],[-112.77893,38.25392],[-112.78133,38.25183],[-112.78922,38.25246],[-112.78808,38.2419],[-112.79192,38.23764],[-112.82831,38.21364],[-112.83192,38.21368],[-112.84208,38.21871],[-112.85122,38.21489],[-112.87655,38.21393],[-112.8856,38.21453],[-112.90005,38.21936],[-112.90524,38.21565],[-112.9125,38.21434],[-112.9124,38.21035],[-112.91468,38.20824],[-112.91719,38.20985],[-112.92413,38.20885],[-112.93025,38.20214],[-112.93197,38.20289],[-112.93165,38.20672],[-112.93889,38.20303],[-112.96177,38.20266],[-112.97387,38.19584],[-112.98317,38.19591],[-112.9872,38.19807],[-112.98434,38.19958],[-112.99216,38.19956],[-112.99196,38.20765]]]}},{"type":"Feature","id":"84055","properties":{"zip":"84055","pop":null,"city":"Oakley","county":"Summit","state":"Utah","area":96.02,"lat":40.71878,"lon":-111.16103},"geometry":{"type":"Polygon","coordinates":[[[-111.31989,40.70434],[-111.31436,40.70767],[-111.30997,40.70699],[-111.30998,40.71655],[-111.30029,40.71663],[-111.30035,40.73105],[-111.2811,40.73114],[-111.2809,40.75657],[-111.26886,40.75656],[-111.26154,40.7698],[-111.2609,40.7822],[-111.25686,40.78524],[-111.24988,40.78498],[-111.24867,40.78831],[-111.24584,40.7892],[-111.22576,40.78655],[-111.22246,40.78192],[-111.21738,40.78072],[-111.21564,40.7788],[-111.21413,40.77839],[-111.21321,40.77685],[-111.21249,40.77631],[-111.20939,40.77458],[-111.20539,40.76996],[-111.20828,40.77392],[-111.21359,40.77829],[-111.21532,40.77873],[-111.21514,40.78114],[-111.22162,40.78326],[-111.22577,40.78957],[-111.21077,40.7939],[-111.21146,40.79518],[-111.22298,40.80059],[-111.23278,40.80909],[-111.24611,40.81106],[-111.19825,40.81217],[-111.19047,40.80857],[-111.18167,40.80885],[-111.16113,40.8244],[-111.12983,40.83025],[-111.12298,40.82874],[-111.09356,40.83049],[-111.09338,40.77139],[-111.07088,40.7714],[-111.07043,40.5921],[-111.07699,40.59539],[-111.08812,40.59429],[-111.11678,40.6026],[-111.13607,40.62104],[-111.14069,40.62291],[-111.15447,40.62345],[-111.16398,40.62754],[-111.19083,40.63152],[-111.20092,40.6277],[-111.20757,40.61816],[-111.21133,40.61689],[-111.23114,40.62536],[-111.22889,40.62968],[-111.21626,40.63862],[-111.20626,40.64916],[-111.19377,40.65473],[-111.19178,40.65753],[-111.19303,40.66094],[-111.18692,40.66747],[-111.1848,40.67713],[-111.19481,40.67904],[-111.19821,40.67423],[-111.21235,40.67057],[-111.21568,40.67235],[-111.23834,40.67284],[-111.23987,40.67449],[-111.23627,40.67444],[-111.24166,40.67905],[-111.23797,40.67954],[-111.23997,40.68115],[-111.2572,40.68764],[-111.25689,40.69858],[-111.26446,40.69861],[-111.26953,40.69432],[-111.2718,40.69609],[-111.26539,40.70278],[-111.27045,40.70587],[-111.26185,40.70592],[-111.26162,40.72013],[-111.25448,40.72235],[-111.2555,40.72731],[-111.25325,40.72864],[-111.25505,40.73067],[-111.25693,40.72743],[-111.26167,40.72746],[-111.26235,40.72331],[-111.27044,40.71713],[-111.28109,40.71567],[-111.28547,40.71371],[-111.28776,40.71031],[-111.29284,40.70919],[-111.28571,40.70573],[-111.30022,40.70575],[-111.30017,40.69844],[-111.31196,40.69844],[-111.32162,40.70319],[-111.31989,40.70434]]]}},{"type":"Feature","id":"84056","properties":{"zip":"84056","pop":null,"city":"Clearfield","county":"Davis","state":"Utah","area":7.27,"lat":41.12685,"lon":-111.99059},"geometry":{"type":"Polygon","coordinates":[[[-112.02516,41.14719],[-112.0251,41.15265],[-112.00019,41.15267],[-111.99277,41.14966],[-111.99119,41.14679],[-111.98443,41.14951],[-111.98044,41.14328],[-111.9706,41.13804],[-111.9681,41.13235],[-111.95414,41.12889],[-111.94723,41.12525],[-111.94724,41.12176],[-111.94244,41.12037],[-111.94726,41.11975],[-111.94726,41.11802],[-111.9566,41.11787],[-111.95672,41.10926],[-111.95456,41.1032],[-111.97325,41.1036],[-111.97329,41.10602],[-112.00061,41.10353],[-112.0069,41.10803],[-112.00683,41.11088],[-112.01055,41.11091],[-112.02409,41.12533],[-112.02516,41.14719]]]}},{"type":"Feature","id":"84047","properties":{"zip":"84047","pop":null,"city":"Midvale","county":"Salt Lake","state":"Utah","area":4.84,"lat":40.61538,"lon":-111.89195},"geometry":{"type":"Polygon","coordinates":[[[-111.92702,40.61516],[-111.92243,40.62047],[-111.92348,40.62375],[-111.92082,40.62372],[-111.92141,40.62772],[-111.9061,40.62786],[-111.90396,40.63097],[-111.90296,40.62816],[-111.8955,40.62625],[-111.88481,40.62987],[-111.88492,40.63117],[-111.86173,40.63005],[-111.85783,40.62582],[-111.8537,40.62606],[-111.8536,40.62304],[-111.85193,40.62289],[-111.85306,40.62018],[-111.8481,40.61522],[-111.85683,40.61753],[-111.85617,40.61635],[-111.85777,40.61635],[-111.8511,40.61049],[-111.87877,40.60954],[-111.87878,40.60585],[-111.88086,40.60954],[-111.88582,40.60955],[-111.89077,40.6015],[-111.89083,40.59447],[-111.89984,40.59374],[-111.90285,40.59562],[-111.90452,40.6004],[-111.91025,40.59925],[-111.91024,40.59594],[-111.91839,40.59698],[-111.92129,40.60952],[-111.92589,40.60908],[-111.92702,40.61516]]]}},{"type":"Feature","id":"84053","properties":{"zip":"84053","pop":null,"city":"Neola","county":"Duchesne","state":"Utah","area":23.77,"lat":40.43343,"lon":-109.98937},"geometry":{"type":"Polygon","coordinates":[[[-110.05855,40.44754],[-110.02071,40.44748],[-110.02053,40.47384],[-110.00421,40.48054],[-109.99504,40.48726],[-109.99036,40.49377],[-109.98584,40.4919],[-109.97652,40.48224],[-109.97652,40.48998],[-109.97257,40.48411],[-109.96204,40.47739],[-109.96151,40.47526],[-109.95158,40.47091],[-109.95208,40.46853],[-109.94766,40.4651],[-109.94824,40.46364],[-109.94296,40.4612],[-109.93683,40.45485],[-109.93757,40.44802],[-109.92876,40.43284],[-109.93535,40.43286],[-109.93533,40.40385],[-109.97655,40.40362],[-109.97656,40.3733],[-109.97824,40.37487],[-109.9923,40.37462],[-109.99238,40.3734],[-110.00878,40.38552],[-110.01069,40.38889],[-110.02972,40.38903],[-110.02987,40.418],[-110.04275,40.41781],[-110.04281,40.42146],[-110.04541,40.42665],[-110.04957,40.42961],[-110.0497,40.43306],[-110.05863,40.43307],[-110.05855,40.44754]]]}},{"type":"Feature","id":"84107","properties":{"zip":"84107","pop":null,"city":"Murray","county":"Salt Lake","state":"Utah","area":5.81,"lat":40.65808,"lon":-111.88457},"geometry":{"type":"Polygon","coordinates":[[[-111.90463,40.6362],[-111.90114,40.66074],[-111.90269,40.6867],[-111.8828,40.68707],[-111.87822,40.68873],[-111.87699,40.68706],[-111.86837,40.68835],[-111.86552,40.68706],[-111.86542,40.67063],[-111.86786,40.67057],[-111.868,40.6664],[-111.86486,40.66578],[-111.86459,40.66275],[-111.86594,40.65702],[-111.86741,40.65672],[-111.86851,40.64536],[-111.86596,40.64427],[-111.8659,40.63005],[-111.88492,40.63117],[-111.89123,40.62693],[-111.89843,40.62614],[-111.8984,40.62808],[-111.90296,40.62816],[-111.90463,40.6362]]]}},{"type":"Feature","id":"84070","properties":{"zip":"84070","pop":null,"city":"Sandy","county":"Salt Lake","state":"Utah","area":5.52,"lat":40.57703,"lon":-111.88915},"geometry":{"type":"Polygon","coordinates":[[[-111.92012,40.57975],[-111.9127,40.58774],[-111.9124,40.59589],[-111.91024,40.59594],[-111.91025,40.59925],[-111.90452,40.6004],[-111.90285,40.59562],[-111.89984,40.59374],[-111.89083,40.59447],[-111.89077,40.6015],[-111.88582,40.60955],[-111.88086,40.60954],[-111.87996,40.60584],[-111.87877,40.60954],[-111.87218,40.60954],[-111.87089,40.60527],[-111.87218,40.60493],[-111.87217,40.59499],[-111.87015,40.58665],[-111.87215,40.58653],[-111.87219,40.58396],[-111.87033,40.58394],[-111.87201,40.57884],[-111.8685,40.57811],[-111.87172,40.57749],[-111.87217,40.57327],[-111.87201,40.54431],[-111.89494,40.54431],[-111.9001,40.5697],[-111.90214,40.56972],[-111.90402,40.57329],[-111.91664,40.57326],[-111.92159,40.57902],[-111.92012,40.57975]]]}},{"type":"Feature","id":"84057","properties":{"zip":"84057","pop":null,"city":"Orem","county":"Utah","state":"Utah","area":4.69,"lat":40.3143,"lon":-111.70945},"geometry":{"type":"Polygon","coordinates":[[[-111.73733,40.32627],[-111.72044,40.32637],[-111.72233,40.32955],[-111.72009,40.32984],[-111.72017,40.33367],[-111.68668,40.33381],[-111.68804,40.32153],[-111.68636,40.31926],[-111.68597,40.29706],[-111.68898,40.29711],[-111.69085,40.29342],[-111.69339,40.29345],[-111.69503,40.29713],[-111.69771,40.29713],[-111.69638,40.29454],[-111.7047,40.29715],[-111.73382,40.29713],[-111.73329,40.3046],[-111.73733,40.32627]]]}},{"type":"Feature","id":"84001","properties":{"zip":"84001","pop":null,"city":"Bluebell","county":"Duchesne","state":"Utah","area":16.08,"lat":40.34535,"lon":-110.27243},"geometry":{"type":"Polygon","coordinates":[[[-110.33193,40.3447],[-110.31704,40.34486],[-110.31763,40.3487],[-110.3234,40.3557],[-110.31308,40.35765],[-110.31027,40.35497],[-110.30686,40.35915],[-110.30835,40.3594],[-110.30813,40.36634],[-110.29413,40.36645],[-110.29406,40.38814],[-110.30357,40.388],[-110.30355,40.39525],[-110.294,40.39537],[-110.294,40.39906],[-110.29057,40.40268],[-110.28449,40.40275],[-110.28443,40.38831],[-110.24095,40.38835],[-110.2405,40.35769],[-110.2421,40.35607],[-110.24391,40.33388],[-110.24172,40.32593],[-110.23028,40.3169],[-110.22886,40.31341],[-110.23357,40.31186],[-110.23758,40.31349],[-110.2376,40.3051],[-110.2412,40.30511],[-110.23684,40.29811],[-110.2385,40.29691],[-110.25182,40.29689],[-110.24257,40.29472],[-110.23816,40.28901],[-110.24068,40.28603],[-110.24329,40.28619],[-110.24619,40.28939],[-110.25542,40.29029],[-110.26126,40.29586],[-110.27365,40.30047],[-110.27956,40.30621],[-110.28168,40.31144],[-110.28854,40.31581],[-110.28948,40.32038],[-110.29278,40.32174],[-110.29489,40.32578],[-110.29341,40.32774],[-110.29533,40.33409],[-110.32861,40.33415],[-110.33191,40.33655],[-110.33193,40.3447]]]}},{"type":"Feature","id":"84522","properties":{"zip":"84522","pop":null,"city":"","county":"Emery","state":"Utah","area":53.63,"lat":38.90969,"lon":-111.21002},"geometry":{"type":"Polygon","coordinates":[[[-111.29889,38.86444],[-111.26171,38.91991],[-111.26184,38.93587],[-111.25231,38.93582],[-111.2514,38.93219],[-111.24084,38.93087],[-111.23561,38.93377],[-111.24407,38.93669],[-111.24142,38.9392],[-111.24443,38.94375],[-111.2414,38.94985],[-111.22774,38.95949],[-111.22561,38.96881],[-111.23177,38.97317],[-111.24454,38.97617],[-111.24907,38.98141],[-111.24681,38.9814],[-111.246,38.97886],[-111.24058,38.97564],[-111.22141,38.97624],[-111.21424,38.97954],[-111.207,38.97883],[-111.20257,38.97433],[-111.19361,38.97062],[-111.19063,38.96518],[-111.17872,38.97362],[-111.16547,38.99517],[-111.1369,39.02282],[-111.11608,39.01798],[-111.10408,39.02192],[-111.09869,39.02191],[-111.09112,39.01843],[-111.12253,38.97222],[-111.12849,38.9671],[-111.12333,38.96278],[-111.12037,38.95377],[-111.1219,38.95046],[-111.13489,38.94403],[-111.15022,38.92517],[-111.16135,38.92238],[-111.16392,38.91773],[-111.17574,38.919],[-111.18749,38.91235],[-111.18472,38.90643],[-111.18018,38.90529],[-111.18105,38.89776],[-111.1838,38.89252],[-111.19699,38.88328],[-111.19449,38.88158],[-111.19558,38.87857],[-111.19953,38.87778],[-111.19673,38.87506],[-111.19914,38.86947],[-111.2058,38.86569],[-111.20329,38.86102],[-111.20557,38.85945],[-111.20446,38.85196],[-111.20223,38.85191],[-111.20372,38.84914],[-111.19797,38.84577],[-111.1976,38.84058],[-111.19394,38.8393],[-111.19746,38.82854],[-111.19366,38.82815],[-111.19679,38.82578],[-111.19687,38.82261],[-111.2008,38.82224],[-111.20432,38.82513],[-111.21098,38.8168],[-111.21082,38.81326],[-111.21582,38.81348],[-111.21448,38.81226],[-111.21907,38.81114],[-111.22149,38.8133],[-111.22791,38.81044],[-111.23583,38.81326],[-111.2382,38.81097],[-111.24208,38.8143],[-111.24475,38.81128],[-111.25152,38.81249],[-111.2535,38.81043],[-111.25481,38.81161],[-111.26008,38.81014],[-111.26676,38.81361],[-111.27176,38.8126],[-111.2736,38.81638],[-111.27608,38.81566],[-111.27692,38.81709],[-111.28567,38.81453],[-111.28873,38.8181],[-111.29098,38.81525],[-111.29629,38.81628],[-111.29891,38.81483],[-111.29889,38.86444]]]}},{"type":"Feature","id":"84336","properties":{"zip":"84336","pop":null,"city":"","county":"Box Elder","state":"Utah","area":269.68,"lat":41.87131,"lon":-112.74676},"geometry":{"type":"Polygon","coordinates":[[[-113.15653,41.97555],[-113.15641,41.99682],[-112.54036,42.00066],[-112.53672,41.9916],[-112.52837,41.98689],[-112.52833,41.98454],[-112.5381,41.98454],[-112.53752,41.96466],[-112.54044,41.96101],[-112.54538,41.93924],[-112.54284,41.89997],[-112.54455,41.89722],[-112.56597,41.89452],[-112.57412,41.89579],[-112.58014,41.88454],[-112.58065,41.87795],[-112.59066,41.86906],[-112.59121,41.83519],[-112.56495,41.8349],[-112.56501,41.78474],[-112.56902,41.77925],[-112.56897,41.77311],[-112.57775,41.73929],[-112.59524,41.70748],[-112.59365,41.69914],[-112.57748,41.68776],[-112.5654,41.6826],[-112.56077,41.67051],[-112.5551,41.66427],[-112.5538,41.65683],[-112.54917,41.6544],[-112.5486,41.63355],[-112.56721,41.63331],[-112.56843,41.63735],[-112.57126,41.63907],[-112.6165,41.63708],[-112.63382,41.63822],[-112.64321,41.64363],[-112.66922,41.68023],[-112.6927,41.6985],[-112.73532,41.71794],[-112.78382,41.72301],[-112.77636,41.72751],[-112.76934,41.72783],[-112.74465,41.73525],[-112.75517,41.74682],[-112.7637,41.74707],[-112.76392,41.77395],[-112.75677,41.77614],[-112.75231,41.78284],[-112.74463,41.78407],[-112.74538,41.81682],[-112.74672,41.8172],[-112.74412,41.82419],[-112.74546,41.82714],[-112.74584,41.89278],[-112.77595,41.89282],[-112.80435,41.86],[-112.8034,41.83398],[-112.82512,41.83596],[-112.841,41.8181],[-112.85053,41.80417],[-112.91816,41.80336],[-112.92558,41.8007],[-112.94024,41.80296],[-112.95468,41.79864],[-112.96494,41.79958],[-112.96069,41.82929],[-112.96506,41.8409],[-112.97074,41.84463],[-112.94732,41.86486],[-112.91235,41.90428],[-112.92216,41.90778],[-112.922,41.92468],[-112.9603,41.91191],[-112.96037,41.9188],[-112.9649,41.92828],[-112.96656,41.92827],[-112.96705,41.93579],[-112.97054,41.93617],[-112.97022,41.95124],[-112.97412,41.96059],[-112.98042,41.96597],[-113.05666,41.96529],[-113.14607,41.97194],[-113.15415,41.97302],[-113.15653,41.97555]]]}},{"type":"Feature","id":"84123","properties":{"zip":"84123","pop":null,"city":"Taylorsville","county":"Salt Lake","state":"Utah","area":6.19,"lat":40.6581,"lon":-111.92202},"geometry":{"type":"Polygon","coordinates":[[[-111.94804,40.67513],[-111.93886,40.67376],[-111.93888,40.68212],[-111.94309,40.68397],[-111.94099,40.68772],[-111.93889,40.68793],[-111.93888,40.68593],[-111.92936,40.68974],[-111.92694,40.68915],[-111.92513,40.68548],[-111.90269,40.6867],[-111.90114,40.66074],[-111.90485,40.63486],[-111.90396,40.63097],[-111.9061,40.62786],[-111.92141,40.62772],[-111.923,40.63002],[-111.92311,40.62629],[-111.92609,40.6286],[-111.94353,40.63131],[-111.94354,40.63493],[-111.9393,40.63495],[-111.94207,40.63858],[-111.93877,40.63853],[-111.93879,40.64451],[-111.94516,40.64514],[-111.94299,40.65225],[-111.93882,40.65513],[-111.94049,40.66367],[-111.93887,40.66982],[-111.94772,40.6701],[-111.94804,40.67513]]]}},{"type":"Feature","id":"84401","properties":{"zip":"84401","pop":null,"city":"West Haven","county":"Weber","state":"Utah","area":23.21,"lat":41.2196,"lon":-112.03393},"geometry":{"type":"Polygon","coordinates":[[[-112.12828,41.22769],[-112.1255,41.23075],[-112.1266,41.23347],[-112.12427,41.23519],[-112.12684,41.23676],[-112.1262,41.24241],[-112.12385,41.24299],[-112.12481,41.24004],[-112.12072,41.23941],[-112.12132,41.24166],[-112.11799,41.2443],[-112.0926,41.24417],[-112.09258,41.24591],[-112.08761,41.24593],[-112.08317,41.24441],[-112.01578,41.24465],[-112.01413,41.23722],[-111.99639,41.23427],[-111.99653,41.22998],[-111.98444,41.23186],[-111.97854,41.23496],[-111.97015,41.23374],[-111.96405,41.23633],[-111.9478,41.23564],[-111.93767,41.23913],[-111.92514,41.23603],[-111.92615,41.24052],[-111.90372,41.24612],[-111.88357,41.25609],[-111.84617,41.25683],[-111.84258,41.25527],[-111.83982,41.25106],[-111.8467,41.25282],[-111.87498,41.25231],[-111.89915,41.24048],[-111.92539,41.23519],[-111.92472,41.23303],[-111.92923,41.22879],[-111.92439,41.23005],[-111.92426,41.21926],[-111.92891,41.21921],[-111.93472,41.21608],[-111.96693,41.21729],[-111.96926,41.21068],[-111.96788,41.21047],[-111.96884,41.20006],[-111.97094,41.20047],[-111.97389,41.19783],[-111.98597,41.19841],[-111.98435,41.20699],[-112.00596,41.20496],[-112.02586,41.19694],[-112.02582,41.20534],[-112.02927,41.20147],[-112.03486,41.20162],[-112.03539,41.19745],[-112.04004,41.19769],[-112.06445,41.17691],[-112.06475,41.18172],[-112.0812,41.17976],[-112.08362,41.17878],[-112.08361,41.17616],[-112.1029,41.17615],[-112.10255,41.21323],[-112.11293,41.21598],[-112.11197,41.21482],[-112.11474,41.21043],[-112.11698,41.21025],[-112.11552,41.20728],[-112.12283,41.20208],[-112.12347,41.20446],[-112.1198,41.20805],[-112.12483,41.21045],[-112.12135,41.21528],[-112.12429,41.21724],[-112.12421,41.22165],[-112.1273,41.22386],[-112.12828,41.22769]]]}},{"type":"Feature","id":"84325","properties":{"zip":"84325","pop":null,"city":"Peter","county":"Cache","state":"Utah","area":32.76,"lat":41.73868,"lon":-111.99302},"geometry":{"type":"Polygon","coordinates":[[[-112.05115,41.70274],[-112.04994,41.7063],[-112.04279,41.71043],[-112.04547,41.71858],[-112.04502,41.72735],[-112.04293,41.73086],[-112.04399,41.73485],[-112.0335,41.75046],[-112.03139,41.75953],[-112.03317,41.76682],[-112.02632,41.77269],[-112.02637,41.77641],[-112.01995,41.78005],[-112.01457,41.78066],[-112.00863,41.79464],[-112.01819,41.80457],[-112.02972,41.8085],[-112.03094,41.8155],[-112.02238,41.8155],[-112.01949,41.82081],[-112.01535,41.8199],[-112.01203,41.8249],[-111.99969,41.82493],[-111.99641,41.81538],[-111.95382,41.81555],[-111.95919,41.80716],[-111.95518,41.79286],[-111.95525,41.786],[-111.94812,41.78578],[-111.94366,41.78253],[-111.94786,41.77023],[-111.95133,41.7675],[-111.95555,41.75889],[-111.94642,41.75254],[-111.94879,41.75243],[-111.95327,41.74787],[-111.95244,41.74621],[-111.95722,41.74034],[-111.95078,41.73447],[-111.947,41.73637],[-111.94296,41.73592],[-111.94201,41.73368],[-111.94509,41.73347],[-111.94223,41.72931],[-111.94547,41.72702],[-111.94846,41.7283],[-111.94861,41.72654],[-111.95245,41.72532],[-111.94959,41.72468],[-111.95204,41.72247],[-111.94585,41.72139],[-111.94793,41.71961],[-111.94527,41.71998],[-111.94624,41.71871],[-111.93891,41.71392],[-111.94082,41.7137],[-111.9412,41.71283],[-111.93791,41.71201],[-111.94289,41.71108],[-111.9414,41.70764],[-111.94,41.70829],[-111.94448,41.69761],[-111.94142,41.69457],[-111.94182,41.68895],[-111.94592,41.68653],[-111.94527,41.68228],[-111.94084,41.67825],[-111.94693,41.67582],[-111.94962,41.68001],[-111.97695,41.67885],[-111.9759,41.67592],[-112.00147,41.66781],[-112.00139,41.66946],[-112.00909,41.66322],[-112.00964,41.66498],[-112.01818,41.66251],[-112.02761,41.67202],[-112.0309,41.68184],[-112.03663,41.6828],[-112.04648,41.68831],[-112.05186,41.70016],[-112.05115,41.70274]]]}},{"type":"Feature","id":"84076","properties":{"zip":"84076","pop":null,"city":"","county":"Uintah","state":"Utah","area":6.01,"lat":40.44709,"lon":-109.84018},"geometry":{"type":"Polygon","coordinates":[[[-109.86006,40.44429],[-109.85458,40.45335],[-109.85938,40.45894],[-109.85907,40.47611],[-109.84612,40.47666],[-109.84109,40.47302],[-109.83467,40.47608],[-109.83321,40.46966],[-109.83032,40.468],[-109.82641,40.46867],[-109.82399,40.47143],[-109.81453,40.46666],[-109.8125,40.46352],[-109.81608,40.45494],[-109.81061,40.45002],[-109.81241,40.44722],[-109.81679,40.44722],[-109.81685,40.43271],[-109.84062,40.43291],[-109.84074,40.41098],[-109.85969,40.41093],[-109.86006,40.44429]]]}},{"type":"Feature","id":"84731","properties":{"zip":"84731","pop":null,"city":"","county":"Beaver","state":"Utah","area":77.69,"lat":38.19728,"lon":-112.762},"geometry":{"type":"Polygon","coordinates":[[[-112.92447,38.20822],[-112.91719,38.20985],[-112.91468,38.20824],[-112.9124,38.21035],[-112.9125,38.21434],[-112.90524,38.21565],[-112.90005,38.21936],[-112.8856,38.21453],[-112.85122,38.21489],[-112.84208,38.21871],[-112.83192,38.21368],[-112.82636,38.21429],[-112.79192,38.23764],[-112.78808,38.2419],[-112.78922,38.25246],[-112.78133,38.25183],[-112.77893,38.25392],[-112.77195,38.25466],[-112.75719,38.25108],[-112.76366,38.25507],[-112.74977,38.25916],[-112.74986,38.26342],[-112.74796,38.26513],[-112.74879,38.27217],[-112.74038,38.28399],[-112.73824,38.29327],[-112.73091,38.29372],[-112.71371,38.28389],[-112.71586,38.27958],[-112.71529,38.27392],[-112.69506,38.27397],[-112.69544,38.25849],[-112.7051,38.25254],[-112.70537,38.25058],[-112.69191,38.25073],[-112.68576,38.25462],[-112.67679,38.25435],[-112.66453,38.25874],[-112.66847,38.24989],[-112.658,38.25132],[-112.65804,38.23446],[-112.65337,38.23444],[-112.65337,38.2207],[-112.64909,38.22065],[-112.6459,38.19533],[-112.6244,38.17351],[-112.61466,38.1553],[-112.61412,38.14804],[-112.89858,38.14796],[-112.90448,38.15291],[-112.90247,38.15791],[-112.91801,38.15917],[-112.9197,38.16146],[-112.92236,38.17938],[-112.91721,38.18643],[-112.91955,38.1979],[-112.92698,38.20551],[-112.92447,38.20822]]]}},{"type":"Feature","id":"84115","properties":{"zip":"84115","pop":null,"city":"South Salt Lake","county":"Salt Lake","state":"Utah","area":4.58,"lat":40.71484,"lon":-111.89257},"geometry":{"type":"Polygon","coordinates":[[[-111.90944,40.69985],[-111.90407,40.69979],[-111.90831,40.71251],[-111.90846,40.7416],[-111.89966,40.74161],[-111.89693,40.74348],[-111.8968,40.74161],[-111.87742,40.7422],[-111.87694,40.6978],[-111.8797,40.69669],[-111.87695,40.69426],[-111.87773,40.68761],[-111.90865,40.68701],[-111.90721,40.69825],[-111.90948,40.69823],[-111.90944,40.69985]]]}},{"type":"Feature","id":"84333","properties":{"zip":"84333","pop":null,"city":"Richmond","county":"Cache","state":"Utah","area":17.27,"lat":41.90997,"lon":-111.79889},"geometry":{"type":"Polygon","coordinates":[[[-111.85561,41.91185],[-111.8556,41.91655],[-111.84608,41.92022],[-111.85199,41.9183],[-111.85329,41.92072],[-111.85091,41.92674],[-111.84541,41.92855],[-111.84594,41.93196],[-111.84233,41.93467],[-111.83615,41.93294],[-111.83906,41.93633],[-111.83798,41.94373],[-111.81588,41.94347],[-111.81434,41.94898],[-111.81366,41.94347],[-111.80696,41.9432],[-111.80555,41.94718],[-111.78772,41.94709],[-111.7819,41.94939],[-111.7797,41.94496],[-111.77787,41.94482],[-111.76292,41.9483],[-111.75662,41.95181],[-111.74893,41.95166],[-111.74899,41.94714],[-111.75911,41.9471],[-111.75832,41.92173],[-111.74852,41.92198],[-111.74863,41.90403],[-111.76311,41.90421],[-111.76295,41.89696],[-111.75812,41.89683],[-111.75777,41.86918],[-111.76019,41.86788],[-111.77117,41.86451],[-111.77792,41.86576],[-111.78815,41.86119],[-111.79347,41.87148],[-111.80385,41.87207],[-111.80393,41.87683],[-111.80756,41.88175],[-111.81568,41.88198],[-111.81588,41.88469],[-111.81848,41.88473],[-111.81624,41.8881],[-111.85368,41.88925],[-111.85379,41.89271],[-111.8554,41.89284],[-111.85561,41.91185]]]}},{"type":"Feature","id":"84646","properties":{"zip":"84646","pop":null,"city":"Moroni","county":"Sanpete","state":"Utah","area":34.23,"lat":39.54561,"lon":-111.61124},"geometry":{"type":"Polygon","coordinates":[[[-111.71132,39.59664],[-111.69758,39.58778],[-111.65123,39.58731],[-111.65054,39.57883],[-111.6451,39.57149],[-111.64031,39.57145],[-111.64184,39.58778],[-111.63459,39.58607],[-111.61674,39.58662],[-111.61653,39.58992],[-111.62216,39.60138],[-111.61276,39.60201],[-111.61521,39.60714],[-111.61406,39.60954],[-111.59843,39.60836],[-111.59549,39.61329],[-111.58832,39.61269],[-111.58732,39.60896],[-111.58502,39.60885],[-111.57483,39.59664],[-111.57444,39.59362],[-111.58301,39.58206],[-111.57755,39.58206],[-111.57684,39.578],[-111.5745,39.57879],[-111.57502,39.57509],[-111.58271,39.57239],[-111.58178,39.56435],[-111.58406,39.55708],[-111.56647,39.55199],[-111.55285,39.55236],[-111.5481,39.54983],[-111.53707,39.54971],[-111.53667,39.54784],[-111.53117,39.54682],[-111.5141,39.54675],[-111.51881,39.54653],[-111.52454,39.54042],[-111.5273,39.54103],[-111.52707,39.53795],[-111.53154,39.53306],[-111.53212,39.52717],[-111.54289,39.52247],[-111.54158,39.51814],[-111.52674,39.50947],[-111.52583,39.49751],[-111.53829,39.49157],[-111.56309,39.49073],[-111.56303,39.4868],[-111.57188,39.48458],[-111.57235,39.47597],[-111.58183,39.47586],[-111.58208,39.48252],[-111.58447,39.48937],[-111.58675,39.49076],[-111.58701,39.49778],[-111.60413,39.4976],[-111.60431,39.50472],[-111.60126,39.50513],[-111.60171,39.52332],[-111.65108,39.52285],[-111.65033,39.5186],[-111.65445,39.51592],[-111.65899,39.51749],[-111.67051,39.51624],[-111.68269,39.51966],[-111.68508,39.51635],[-111.68733,39.51923],[-111.68664,39.52195],[-111.69314,39.52319],[-111.69439,39.53331],[-111.69087,39.54062],[-111.70161,39.53927],[-111.70189,39.54205],[-111.7086,39.54432],[-111.70854,39.54669],[-111.70456,39.54841],[-111.70279,39.54616],[-111.69806,39.54607],[-111.69086,39.55135],[-111.68692,39.55641],[-111.68766,39.56106],[-111.68542,39.56783],[-111.687,39.56755],[-111.68376,39.56962],[-111.68772,39.57011],[-111.68929,39.58075],[-111.69276,39.57932],[-111.69596,39.58327],[-111.70344,39.58177],[-111.71132,39.59664]]]}},{"type":"Feature","id":"84728","properties":{"zip":"84728","pop":null,"city":"","county":"Millard","state":"Utah","area":231.36,"lat":39.23864,"lon":-113.95719},"geometry":{"type":"Polygon","coordinates":[[[-114.04946,38.87495],[-114.04791,39.46185],[-114.04103,39.45749],[-114.03561,39.46079],[-113.99141,39.46249],[-113.99394,39.45854],[-113.96229,39.45681],[-113.95332,39.45277],[-113.89089,39.44081],[-113.85243,39.39673],[-113.8389,39.39499],[-113.81019,39.38327],[-113.7986,39.38488],[-113.79339,39.38995],[-113.78234,39.39563],[-113.75141,39.40177],[-113.75251,39.39003],[-113.75537,39.38932],[-113.76022,39.37806],[-113.78093,39.37121],[-113.80049,39.35907],[-113.77281,39.34327],[-113.78959,39.34428],[-113.80478,39.34035],[-113.76334,39.29261],[-113.76953,39.29235],[-113.84706,39.26507],[-113.87076,39.24864],[-113.87732,39.24702],[-113.87785,39.24093],[-113.87218,39.23129],[-113.88728,39.22086],[-113.89929,39.19613],[-113.92159,39.17146],[-113.93198,39.15002],[-113.93543,39.13439],[-113.934,39.12334],[-113.93608,39.11629],[-113.9346,39.10735],[-113.9392,39.10115],[-113.94385,39.10399],[-113.94891,39.10307],[-113.95348,39.10673],[-113.95536,39.10396],[-113.97705,39.10445],[-113.98278,39.0921],[-113.94866,39.09618],[-113.95827,39.08621],[-113.9622,39.08865],[-113.96204,39.05051],[-114.02602,39.05537],[-114.02555,39.0454],[-114.03495,39.03897],[-114.03334,38.95423],[-114.01049,38.96388],[-114.01021,38.95961],[-114.01414,38.95528],[-114.02016,38.95523],[-114.0194,38.9407],[-114.0153,38.94062],[-114.02058,38.92754],[-114.0226,38.92586],[-114.03065,38.92578],[-114.027,38.91442],[-114.0134,38.89931],[-114.01233,38.89197],[-114.00569,38.88223],[-114.00366,38.87476],[-113.99769,38.8687],[-113.98662,38.82158],[-113.99805,38.81792],[-114.00513,38.809],[-113.98023,38.8088],[-113.97679,38.80253],[-114.00056,38.80141],[-114.00585,38.79566],[-114.00579,38.80104],[-114.00982,38.80138],[-114.01418,38.79479],[-114.01439,38.78906],[-114.02004,38.78139],[-114.02983,38.7743],[-114.043,38.77408],[-114.043,38.77785],[-114.04529,38.77807],[-114.0447,38.77344],[-114.04922,38.77024],[-114.04946,38.87495]]]}},{"type":"Feature","id":"84049","properties":{"zip":"84049","pop":null,"city":"Midway","county":"Wasatch","state":"Utah","area":59.95,"lat":40.51366,"lon":-111.51651},"geometry":{"type":"Polygon","coordinates":[[[-111.59388,40.57706],[-111.58671,40.58147],[-111.57784,40.58343],[-111.57249,40.58216],[-111.5644,40.58469],[-111.56002,40.5908],[-111.55911,40.60195],[-111.55327,40.60931],[-111.54659,40.61003],[-111.54027,40.61317],[-111.52804,40.61198],[-111.52489,40.60898],[-111.52049,40.6095],[-111.50531,40.60538],[-111.50183,40.60653],[-111.49289,40.60209],[-111.49023,40.59939],[-111.48984,40.59202],[-111.49383,40.58972],[-111.493,40.58676],[-111.48811,40.58483],[-111.48535,40.58024],[-111.43644,40.58044],[-111.42569,40.55767],[-111.43328,40.5542],[-111.43205,40.55011],[-111.43507,40.54914],[-111.44142,40.5395],[-111.44592,40.53752],[-111.44651,40.53261],[-111.45237,40.52385],[-111.45042,40.50455],[-111.44743,40.50069],[-111.45013,40.49804],[-111.44905,40.49625],[-111.45696,40.48808],[-111.47187,40.4805],[-111.47532,40.46617],[-111.47223,40.45546],[-111.47776,40.4527],[-111.47803,40.444],[-111.48952,40.44052],[-111.49311,40.43618],[-111.49044,40.43036],[-111.48887,40.41889],[-111.47847,40.41267],[-111.48057,40.40887],[-111.49129,40.40637],[-111.51195,40.4112],[-111.52389,40.40561],[-111.5268,40.40563],[-111.52859,40.40779],[-111.53137,40.40594],[-111.53984,40.40546],[-111.5423,40.4076],[-111.54241,40.41452],[-111.54803,40.42034],[-111.56612,40.42027],[-111.56599,40.44248],[-111.5725,40.45088],[-111.57662,40.45365],[-111.58106,40.4535],[-111.58559,40.45714],[-111.58444,40.45973],[-111.58091,40.45902],[-111.58149,40.46205],[-111.58485,40.4641],[-111.58115,40.46499],[-111.58796,40.47368],[-111.57483,40.48712],[-111.57443,40.493],[-111.57913,40.50036],[-111.57544,40.50319],[-111.57543,40.51641],[-111.57155,40.52005],[-111.56977,40.52684],[-111.5703,40.53433],[-111.57261,40.53775],[-111.57125,40.5433],[-111.56772,40.54721],[-111.57517,40.55435],[-111.58155,40.56641],[-111.59079,40.572],[-111.59388,40.57706]]]}},{"type":"Feature","id":"84757","properties":{"zip":"84757","pop":null,"city":"","county":"Washington","state":"Utah","area":42.91,"lat":37.4524,"lon":-113.25169},"geometry":{"type":"Polygon","coordinates":[[[-113.32846,37.52916],[-113.25334,37.52898],[-113.25349,37.48217],[-113.22086,37.48198],[-113.21462,37.50529],[-113.20769,37.50444],[-113.20468,37.50622],[-113.19747,37.5048],[-113.19815,37.48104],[-113.18084,37.48104],[-113.18751,37.47447],[-113.18843,37.46655],[-113.19591,37.46339],[-113.19608,37.45831],[-113.19401,37.456],[-113.19133,37.45404],[-113.18445,37.45453],[-113.19143,37.45212],[-113.19107,37.43852],[-113.19696,37.42419],[-113.19281,37.41763],[-113.19326,37.41496],[-113.19705,37.41159],[-113.19648,37.40969],[-113.19897,37.40945],[-113.20036,37.4056],[-113.18878,37.40033],[-113.19143,37.39324],[-113.19673,37.38864],[-113.19459,37.38297],[-113.18845,37.37729],[-113.18913,37.36726],[-113.25315,37.37058],[-113.26004,37.36284],[-113.26,37.35784],[-113.26206,37.35602],[-113.26759,37.36158],[-113.2679,37.36484],[-113.27013,37.36471],[-113.27656,37.37054],[-113.28353,37.37176],[-113.27651,37.37191],[-113.27161,37.37833],[-113.26834,37.3794],[-113.25642,37.39167],[-113.25232,37.39875],[-113.25338,37.40038],[-113.24919,37.406],[-113.25391,37.40601],[-113.25389,37.4095],[-113.26003,37.41066],[-113.27006,37.41623],[-113.27225,37.41523],[-113.27227,37.42971],[-113.27889,37.42967],[-113.2789,37.43765],[-113.29049,37.43769],[-113.28999,37.45319],[-113.29928,37.45309],[-113.29921,37.4602],[-113.30845,37.45997],[-113.30867,37.46722],[-113.32722,37.46734],[-113.32846,37.52916]]]}},{"type":"Feature","id":"84058","properties":{"zip":"84058","pop":null,"city":"Orem","county":"Utah","state":"Utah","area":6.13,"lat":40.27479,"lon":-111.71462},"geometry":{"type":"MultiPolygon","coordinates":[[[[-111.73569,40.29615],[-111.73479,40.29513],[-111.73499,40.29369],[-111.73668,40.29656],[-111.73569,40.29615]]],[[[-111.75796,40.27854],[-111.74811,40.27894],[-111.74012,40.27697],[-111.73891,40.27912],[-111.7341,40.27615],[-111.72828,40.27614],[-111.73356,40.28469],[-111.73382,40.29713],[-111.7047,40.29715],[-111.69638,40.29454],[-111.69771,40.29713],[-111.69503,40.29713],[-111.69339,40.29345],[-111.69085,40.29342],[-111.68898,40.29711],[-111.68597,40.29706],[-111.68568,40.28416],[-111.68922,40.28399],[-111.68935,40.28237],[-111.68748,40.27816],[-111.68853,40.27699],[-111.68373,40.27151],[-111.6855,40.27152],[-111.68548,40.26963],[-111.6837,40.26935],[-111.68155,40.26431],[-111.68173,40.26062],[-111.68765,40.26064],[-111.70068,40.2562],[-111.70582,40.26075],[-111.72815,40.26056],[-111.72326,40.25249],[-111.71675,40.24664],[-111.71605,40.24252],[-111.71365,40.24253],[-111.71362,40.23989],[-111.72051,40.23977],[-111.72098,40.24405],[-111.73402,40.24587],[-111.73006,40.25295],[-111.73056,40.25665],[-111.74716,40.26655],[-111.75796,40.27854]]]]}},{"type":"Feature","id":"84606","properties":{"zip":"84606","pop":null,"city":"Provo","county":"Utah","state":"Utah","area":8.84,"lat":40.21488,"lon":-111.62611},"geometry":{"type":"Polygon","coordinates":[[[-111.65898,40.2146],[-111.65592,40.21464],[-111.65549,40.21893],[-111.65884,40.22173],[-111.65693,40.22204],[-111.65868,40.22335],[-111.65871,40.22704],[-111.6557,40.23233],[-111.65845,40.2339],[-111.65683,40.24169],[-111.65841,40.2417],[-111.65863,40.24434],[-111.65614,40.24431],[-111.65612,40.24787],[-111.65109,40.25246],[-111.64721,40.25204],[-111.64573,40.24585],[-111.64308,40.24481],[-111.62738,40.24545],[-111.62719,40.24264],[-111.61697,40.24334],[-111.61507,40.24108],[-111.61182,40.24106],[-111.61086,40.23352],[-111.61832,40.2269],[-111.61827,40.2219],[-111.59103,40.21722],[-111.58514,40.21262],[-111.58271,40.20707],[-111.5859,40.2047],[-111.58514,40.19821],[-111.5939,40.18501],[-111.59709,40.18328],[-111.60895,40.1922],[-111.61253,40.19215],[-111.61071,40.18706],[-111.6204,40.18651],[-111.62427,40.19396],[-111.6382,40.19414],[-111.63785,40.18816],[-111.6467,40.18774],[-111.64898,40.19534],[-111.65892,40.20808],[-111.65898,40.2146]]]}},{"type":"Feature","id":"84790","properties":{"zip":"84790","pop":null,"city":"St. George","county":"Washington","state":"Utah","area":38.51,"lat":37.04605,"lon":-113.55739},"geometry":{"type":"Polygon","coordinates":[[[-113.65113,37.0517],[-113.64066,37.05237],[-113.64065,37.06664],[-113.58837,37.06559],[-113.58446,37.06915],[-113.58502,37.0782],[-113.58298,37.08375],[-113.56338,37.09861],[-113.55636,37.11297],[-113.52744,37.12741],[-113.52565,37.12463],[-113.51452,37.12539],[-113.51363,37.11162],[-113.5199,37.10925],[-113.52119,37.10543],[-113.52626,37.10544],[-113.52917,37.09885],[-113.53318,37.09683],[-113.5226,37.096],[-113.52173,37.08182],[-113.51781,37.0815],[-113.51776,37.07771],[-113.51096,37.0779],[-113.51089,37.07423],[-113.50432,37.07426],[-113.50392,37.05688],[-113.49329,37.05304],[-113.49765,37.04499],[-113.49041,37.04498],[-113.49038,37.02311],[-113.47108,37.01044],[-113.46589,37.0001],[-113.62242,37.00006],[-113.62244,37.01953],[-113.6265,37.02312],[-113.64005,37.02324],[-113.6324,37.02815],[-113.64555,37.04186],[-113.64699,37.04686],[-113.65113,37.0517]]]}},{"type":"Feature","id":"84080","properties":{"zip":"84080","pop":null,"city":"Vernon","county":"Tooele","state":"Utah","area":190.03,"lat":40.0218,"lon":-112.4481},"geometry":{"type":"Polygon","coordinates":[[[-112.6495,40.07025],[-112.62762,40.0679],[-112.60429,40.06991],[-112.59875,40.07135],[-112.60025,40.07219],[-112.59621,40.07704],[-112.58321,40.06562],[-112.55863,40.05974],[-112.53531,40.07049],[-112.49717,40.07054],[-112.49716,40.09948],[-112.48772,40.09964],[-112.4877,40.10686],[-112.45946,40.1069],[-112.45942,40.11424],[-112.45025,40.11425],[-112.44876,40.12802],[-112.45944,40.12878],[-112.45947,40.13569],[-112.46196,40.13103],[-112.46844,40.1332],[-112.4705,40.14079],[-112.46617,40.14223],[-112.47346,40.14986],[-112.47298,40.1525],[-112.47842,40.16035],[-112.49149,40.17239],[-112.48189,40.17045],[-112.47359,40.18165],[-112.46407,40.18012],[-112.46918,40.18297],[-112.46854,40.19296],[-112.47572,40.19426],[-112.46819,40.20056],[-112.46102,40.19768],[-112.45039,40.19852],[-112.44242,40.19662],[-112.4375,40.19828],[-112.42406,40.19612],[-112.42526,40.18529],[-112.42111,40.18473],[-112.4078,40.21008],[-112.40256,40.23441],[-112.39704,40.23371],[-112.39543,40.23935],[-112.39117,40.24439],[-112.38468,40.20939],[-112.39256,40.18044],[-112.38966,40.17175],[-112.35243,40.14278],[-112.35501,40.1476],[-112.35276,40.15123],[-112.35404,40.15722],[-112.32837,40.15089],[-112.32274,40.1471],[-112.32217,40.14184],[-112.31688,40.1339],[-112.31693,40.12783],[-112.32237,40.12471],[-112.32246,40.11983],[-112.32645,40.11467],[-112.35123,40.11451],[-112.35098,40.08878],[-112.35514,40.07948],[-112.35299,40.07538],[-112.35406,40.07216],[-112.35825,40.07047],[-112.36967,40.05651],[-112.36449,40.04603],[-112.36807,40.0446],[-112.37473,40.03588],[-112.36942,40.03082],[-112.35847,40.0385],[-112.35708,40.0373],[-112.35881,40.0349],[-112.35696,40.03429],[-112.35613,40.02944],[-112.34946,40.02801],[-112.35484,40.01637],[-112.35395,40.01204],[-112.35072,40.01009],[-112.35065,40.00362],[-112.35378,39.99618],[-112.35487,39.98652],[-112.34972,39.98429],[-112.34943,39.986],[-112.34599,39.98485],[-112.33263,39.98896],[-112.3257,39.99447],[-112.32533,39.98685],[-112.32111,39.98692],[-112.32105,39.98298],[-112.32816,39.96982],[-112.32708,39.96761],[-112.32262,39.96572],[-112.31288,39.97155],[-112.3126,39.97898],[-112.30776,39.98794],[-112.30595,40.00373],[-112.30669,40.01093],[-112.31255,40.01218],[-112.31172,40.02037],[-112.31085,40.0235],[-112.3072,40.02625],[-112.30691,40.02504],[-112.30344,40.02746],[-112.29277,40.02732],[-112.29103,40.03496],[-112.29443,40.04107],[-112.29044,40.04138],[-112.29815,40.05252],[-112.29153,40.05606],[-112.28362,40.0535],[-112.28192,40.05087],[-112.26311,40.04539],[-112.2628,40.04032],[-112.25658,40.02963],[-112.25538,40.0241],[-112.25307,40.0225],[-112.24779,40.02216],[-112.24487,40.02537],[-112.24213,40.02498],[-112.24049,40.00711],[-112.25666,39.99652],[-112.25801,39.99294],[-112.26518,39.99112],[-112.26587,39.98857],[-112.25552,39.96955],[-112.24317,39.95712],[-112.24527,39.95678],[-112.24889,39.95078],[-112.25418,39.95045],[-112.25968,39.94335],[-112.26698,39.94175],[-112.26988,39.93895],[-112.27738,39.93915],[-112.28128,39.94145],[-112.28268,39.93985],[-112.28474,39.94114],[-112.29238,39.94005],[-112.30178,39.93655],[-112.30538,39.93945],[-112.30628,39.94545],[-112.30899,39.94514],[-112.30908,39.94835],[-112.32368,39.94435],[-112.3323,39.95279],[-112.33458,39.94595],[-112.33978,39.94415],[-112.33548,39.93055],[-112.33698,39.92735],[-112.33538,39.92325],[-112.34318,39.91025],[-112.34199,39.90446],[-112.60393,39.90367],[-112.61107,39.91682],[-112.61081,39.9204],[-112.60526,39.92296],[-112.60747,39.94785],[-112.60607,39.96434],[-112.61741,39.97781],[-112.6283,39.98217],[-112.62854,39.99669],[-112.63374,40.00201],[-112.64279,40.00456],[-112.64548,40.00833],[-112.64475,40.0098],[-112.63325,40.00402],[-112.615,40.00352],[-112.61409,40.00502],[-112.60402,40.00577],[-112.60005,40.0084],[-112.60264,40.0108],[-112.59952,40.01185],[-112.62791,40.01884],[-112.63555,40.02702],[-112.64159,40.0297],[-112.64267,40.03764],[-112.64738,40.04637],[-112.63879,40.04362],[-112.62849,40.04355],[-112.62835,40.05592],[-112.64752,40.05598],[-112.6495,40.07025]]]}},{"type":"Feature","id":"84098","properties":{"zip":"84098","pop":null,"city":"Summit Park","county":"Summit","state":"Utah","area":54.43,"lat":40.7398,"lon":-111.53481},"geometry":{"type":"Polygon","coordinates":[[[-111.64798,40.7763],[-111.64534,40.77904],[-111.64581,40.78329],[-111.64304,40.78594],[-111.64874,40.79225],[-111.64648,40.79757],[-111.62432,40.8047],[-111.61661,40.81063],[-111.61323,40.81114],[-111.59422,40.805],[-111.58796,40.79751],[-111.5879,40.79369],[-111.58193,40.79158],[-111.58146,40.78927],[-111.57102,40.78558],[-111.55977,40.78487],[-111.55784,40.78069],[-111.55447,40.77995],[-111.52799,40.78536],[-111.5253,40.78902],[-111.51942,40.79169],[-111.51673,40.79876],[-111.51142,40.79876],[-111.50881,40.79465],[-111.50717,40.79512],[-111.50686,40.79167],[-111.50177,40.79209],[-111.50436,40.79691],[-111.50187,40.79766],[-111.50264,40.79949],[-111.49009,40.79077],[-111.48598,40.78216],[-111.49431,40.77858],[-111.49431,40.77329],[-111.46884,40.77303],[-111.46826,40.7752],[-111.45192,40.77892],[-111.45169,40.78224],[-111.44813,40.78157],[-111.44519,40.78535],[-111.44401,40.78202],[-111.4409,40.78218],[-111.44034,40.77803],[-111.44223,40.7745],[-111.43947,40.7678],[-111.44086,40.76648],[-111.43899,40.76598],[-111.43999,40.76362],[-111.43525,40.76301],[-111.43085,40.76565],[-111.42665,40.76555],[-111.43262,40.75914],[-111.42918,40.75852],[-111.43182,40.75717],[-111.43083,40.75592],[-111.42382,40.75318],[-111.4227,40.75082],[-111.42486,40.74892],[-111.42158,40.74839],[-111.42133,40.74683],[-111.42837,40.74709],[-111.43005,40.74329],[-111.4364,40.73909],[-111.43392,40.73901],[-111.43354,40.73372],[-111.43424,40.68468],[-111.43664,40.68598],[-111.43687,40.68059],[-111.4624,40.68314],[-111.47233,40.69755],[-111.49163,40.6975],[-111.4917,40.70076],[-111.4947,40.69978],[-111.49344,40.69249],[-111.49527,40.68875],[-111.49825,40.68657],[-111.50852,40.68664],[-111.51091,40.68572],[-111.51086,40.68295],[-111.5204,40.68298],[-111.5204,40.67924],[-111.52818,40.67925],[-111.53718,40.6835],[-111.54685,40.68315],[-111.55045,40.67902],[-111.55875,40.67753],[-111.55797,40.68024],[-111.56948,40.68162],[-111.57504,40.67959],[-111.58342,40.67299],[-111.58951,40.67164],[-111.5981,40.67395],[-111.60194,40.6712],[-111.60182,40.68472],[-111.59917,40.69206],[-111.59273,40.69912],[-111.59396,40.70278],[-111.61179,40.71888],[-111.61464,40.71938],[-111.61632,40.72278],[-111.61347,40.72807],[-111.62229,40.72991],[-111.62348,40.73215],[-111.62166,40.73773],[-111.62469,40.74001],[-111.62418,40.7416],[-111.61909,40.74353],[-111.61742,40.7464],[-111.62348,40.75347],[-111.62133,40.75822],[-111.62539,40.76102],[-111.63036,40.7608],[-111.63741,40.7639],[-111.63737,40.76819],[-111.64146,40.77127],[-111.64783,40.77239],[-111.64913,40.77344],[-111.64798,40.7763]]]}},{"type":"Feature","id":"84314","properties":{"zip":"84314","pop":null,"city":"Honeyville","county":"Box Elder","state":"Utah","area":5.82,"lat":41.64912,"lon":-112.09299},"geometry":{"type":"Polygon","coordinates":[[[-112.12502,41.67322],[-112.11374,41.67616],[-112.1141,41.68062],[-112.11224,41.68218],[-112.10686,41.68256],[-112.10643,41.67801],[-112.10445,41.67738],[-112.09843,41.68017],[-112.09539,41.6841],[-112.09345,41.68368],[-112.09173,41.66951],[-112.07185,41.66963],[-112.06995,41.63459],[-112.08305,41.63477],[-112.07058,41.61061],[-112.08128,41.60591],[-112.08443,41.61279],[-112.10078,41.63509],[-112.11436,41.63546],[-112.11821,41.63833],[-112.10855,41.63848],[-112.11042,41.64203],[-112.11528,41.64048],[-112.12155,41.64215],[-112.12371,41.64647],[-112.12282,41.64865],[-112.10903,41.65375],[-112.10867,41.65541],[-112.11069,41.65841],[-112.1185,41.66088],[-112.11854,41.66357],[-112.10963,41.66733],[-112.10543,41.67337],[-112.1064,41.67538],[-112.11056,41.67588],[-112.11544,41.67147],[-112.12083,41.66988],[-112.1261,41.67211],[-112.12502,41.67322]]]}},{"type":"Feature","id":"84740","properties":{"zip":"84740","pop":null,"city":"Junction","county":"Piute","state":"Utah","area":44.84,"lat":38.27513,"lon":-112.26703},"geometry":{"type":"Polygon","coordinates":[[[-112.37465,38.25666],[-112.36804,38.26031],[-112.3625,38.27234],[-112.3507,38.2818],[-112.34709,38.291],[-112.34933,38.29985],[-112.34848,38.30514],[-112.33874,38.3124],[-112.34161,38.31492],[-112.34082,38.32552],[-112.31351,38.32426],[-112.31151,38.32218],[-112.30712,38.32301],[-112.30387,38.32123],[-112.30405,38.3188],[-112.2948,38.31723],[-112.28474,38.3213],[-112.28177,38.32631],[-112.27281,38.32743],[-112.26797,38.33022],[-112.24507,38.33158],[-112.22825,38.33654],[-112.2119,38.35038],[-112.21004,38.34628],[-112.21002,38.3336],[-112.189,38.32648],[-112.19242,38.32458],[-112.19497,38.31897],[-112.20226,38.31456],[-112.20239,38.30813],[-112.21119,38.28814],[-112.20685,38.27749],[-112.19475,38.26063],[-112.19164,38.24807],[-112.18647,38.23914],[-112.187,38.23451],[-112.20015,38.22733],[-112.19996,38.22406],[-112.20318,38.22007],[-112.21174,38.22672],[-112.21723,38.22677],[-112.21512,38.2239],[-112.21339,38.21133],[-112.21578,38.1976],[-112.23329,38.19756],[-112.23365,38.20142],[-112.24282,38.20116],[-112.24286,38.20457],[-112.25929,38.20837],[-112.27576,38.20817],[-112.27623,38.2136],[-112.27225,38.21917],[-112.28004,38.22555],[-112.2657,38.25344],[-112.26881,38.25794],[-112.27519,38.2591],[-112.28013,38.25695],[-112.286,38.25739],[-112.30489,38.26522],[-112.30878,38.25416],[-112.30766,38.252],[-112.31198,38.24694],[-112.31574,38.25693],[-112.3181,38.25468],[-112.31866,38.25901],[-112.32787,38.25481],[-112.32819,38.25776],[-112.34207,38.24625],[-112.3541,38.24216],[-112.3607,38.23645],[-112.36365,38.23626],[-112.37274,38.24085],[-112.37204,38.24284],[-112.37452,38.24571],[-112.37361,38.24853],[-112.37714,38.25433],[-112.37465,38.25666]]]}},{"type":"Feature","id":"84062","properties":{"zip":"84062","pop":null,"city":"Pleasant Grove","county":"Utah","state":"Utah","area":38.7,"lat":40.38578,"lon":-111.68414},"geometry":{"type":"Polygon","coordinates":[[[-111.77436,40.36393],[-111.77009,40.36398],[-111.76914,40.37567],[-111.76658,40.37566],[-111.76303,40.3794],[-111.76432,40.40511],[-111.7717,40.40718],[-111.771,40.41165],[-111.77336,40.41165],[-111.7734,40.41733],[-111.77048,40.41734],[-111.77051,40.42096],[-111.76387,40.42098],[-111.76388,40.42589],[-111.75165,40.43227],[-111.73551,40.43423],[-111.71532,40.44119],[-111.71532,40.43587],[-111.70347,40.43587],[-111.70347,40.44391],[-111.69945,40.44455],[-111.69433,40.4393],[-111.69354,40.43518],[-111.6821,40.42859],[-111.68033,40.43277],[-111.67392,40.42855],[-111.66798,40.43033],[-111.66554,40.43251],[-111.66556,40.4365],[-111.6621,40.43744],[-111.66101,40.44087],[-111.65328,40.4339],[-111.64701,40.43561],[-111.64243,40.43505],[-111.64649,40.43207],[-111.63569,40.43298],[-111.63856,40.43053],[-111.63806,40.42645],[-111.64319,40.4157],[-111.64001,40.41167],[-111.64222,40.41115],[-111.64654,40.41519],[-111.64954,40.41244],[-111.64958,40.41103],[-111.64375,40.41106],[-111.64616,40.40849],[-111.6424,40.40445],[-111.64045,40.40511],[-111.64845,40.39909],[-111.64709,40.39851],[-111.64905,40.39607],[-111.63954,40.39381],[-111.6381,40.39556],[-111.63288,40.39603],[-111.62983,40.39781],[-111.62878,40.40403],[-111.62212,40.40725],[-111.6235,40.40445],[-111.62137,40.40621],[-111.62149,40.40473],[-111.61286,40.40453],[-111.60669,40.40588],[-111.60163,40.40381],[-111.60299,40.40109],[-111.60072,40.39218],[-111.59673,40.39041],[-111.60335,40.38852],[-111.60425,40.38666],[-111.6003,40.38687],[-111.59918,40.38371],[-111.58842,40.38425],[-111.5792,40.38741],[-111.58199,40.38089],[-111.59145,40.38255],[-111.59395,40.3801],[-111.59314,40.37331],[-111.5912,40.37435],[-111.59606,40.36909],[-111.59266,40.3678],[-111.59199,40.36388],[-111.59427,40.35906],[-111.58993,40.34892],[-111.59874,40.34591],[-111.61121,40.33643],[-111.61052,40.33969],[-111.6165,40.34094],[-111.62015,40.33461],[-111.63553,40.33871],[-111.64406,40.32902],[-111.65578,40.32577],[-111.67853,40.35197],[-111.72907,40.35224],[-111.74072,40.35078],[-111.74071,40.35219],[-111.75982,40.3513],[-111.76425,40.35404],[-111.76865,40.34987],[-111.77096,40.35136],[-111.77121,40.35517],[-111.77411,40.35517],[-111.77436,40.36393]]]}},{"type":"Feature","id":"84630","properties":{"zip":"84630","pop":null,"city":"","county":"Sanpete","state":"Utah","area":41.32,"lat":39.31061,"lon":-111.83424},"geometry":{"type":"Polygon","coordinates":[[[-111.8945,39.33758],[-111.89205,39.35025],[-111.88612,39.3558],[-111.88421,39.36109],[-111.881,39.36035],[-111.88089,39.36876],[-111.87748,39.38149],[-111.77673,39.38257],[-111.77058,39.37984],[-111.77003,39.37274],[-111.77598,39.36903],[-111.77842,39.3625],[-111.78666,39.35774],[-111.7866,39.35494],[-111.78421,39.35435],[-111.78361,39.35195],[-111.79132,39.34017],[-111.78918,39.33729],[-111.79085,39.33249],[-111.7941,39.3345],[-111.79531,39.33334],[-111.78954,39.32863],[-111.79186,39.32531],[-111.78714,39.3213],[-111.78693,39.31483],[-111.7922,39.29797],[-111.78108,39.27846],[-111.77985,39.27023],[-111.78623,39.26351],[-111.78235,39.25901],[-111.79241,39.24946],[-111.79462,39.24376],[-111.80221,39.24847],[-111.81155,39.24574],[-111.81114,39.24267],[-111.8082,39.24242],[-111.80503,39.23472],[-111.80787,39.23266],[-111.80703,39.23098],[-111.82297,39.22275],[-111.83218,39.22132],[-111.84376,39.22447],[-111.84983,39.22285],[-111.84982,39.22071],[-111.85234,39.22068],[-111.85231,39.21724],[-111.8581,39.21829],[-111.85711,39.231],[-111.86473,39.258],[-111.89448,39.30207],[-111.88774,39.30555],[-111.88569,39.31676],[-111.88596,39.31959],[-111.89164,39.31634],[-111.89193,39.33517],[-111.89575,39.33527],[-111.8945,39.33758]]]}},{"type":"Feature","id":"84648","properties":{"zip":"84648","pop":null,"city":"Nephi","county":"Juab","state":"Utah","area":129.11,"lat":39.6866,"lon":-111.86804},"geometry":{"type":"MultiPolygon","coordinates":[[[[-112.01352,39.63568],[-112.0124,39.6462],[-112.00562,39.65533],[-112.005,39.68708],[-111.98942,39.69647],[-111.95556,39.69773],[-111.95592,39.72442],[-111.96157,39.74052],[-111.96137,39.74442],[-111.96555,39.74996],[-111.96503,39.75443],[-111.9694,39.75302],[-111.97108,39.75424],[-111.97173,39.75741],[-111.97839,39.7619],[-111.9777,39.76406],[-111.98258,39.76983],[-111.98058,39.77424],[-111.98093,39.78634],[-111.97447,39.80023],[-111.97555,39.80704],[-111.96947,39.80711],[-111.96272,39.81596],[-111.96393,39.8274],[-111.94886,39.82711],[-111.94709,39.82282],[-111.93284,39.81696],[-111.92427,39.80834],[-111.91572,39.80691],[-111.90697,39.80915],[-111.90357,39.80151],[-111.83976,39.76875],[-111.83458,39.757],[-111.83383,39.74748],[-111.82158,39.72668],[-111.81645,39.7267],[-111.81384,39.71924],[-111.80466,39.71934],[-111.80684,39.71775],[-111.8073,39.71336],[-111.79173,39.71457],[-111.77611,39.71152],[-111.75958,39.71933],[-111.74769,39.71675],[-111.73119,39.71846],[-111.71663,39.70962],[-111.70741,39.70997],[-111.69192,39.72102],[-111.68863,39.72114],[-111.66463,39.74178],[-111.65012,39.74762],[-111.6468,39.75089],[-111.64358,39.75151],[-111.63969,39.74891],[-111.62137,39.74982],[-111.62248,39.74713],[-111.61578,39.74314],[-111.62013,39.7398],[-111.64252,39.73969],[-111.64262,39.72516],[-111.66135,39.72506],[-111.66136,39.71766],[-111.68036,39.71746],[-111.68027,39.7102],[-111.6896,39.71036],[-111.68948,39.69523],[-111.71748,39.69456],[-111.71725,39.63698],[-111.71518,39.63698],[-111.71523,39.60777],[-111.76017,39.60593],[-111.76021,39.60277],[-111.91092,39.6013],[-111.92615,39.58683],[-111.9357,39.57219],[-111.94343,39.57685],[-111.94336,39.58106],[-111.94643,39.58735],[-111.95387,39.59005],[-111.9698,39.59124],[-111.9814,39.6048],[-111.98598,39.60532],[-111.98567,39.61481],[-111.96317,39.61487],[-111.96158,39.62232],[-111.96547,39.62382],[-111.96126,39.63106],[-111.96995,39.62808],[-111.97603,39.63061],[-112.01325,39.62982],[-112.01352,39.63568]]],[[[-112.31626,39.72629],[-112.29726,39.74733],[-112.27931,39.73448],[-112.28604,39.72943],[-112.29103,39.72815],[-112.31498,39.72389],[-112.31626,39.72629]]]]}},{"type":"Feature","id":"84653","properties":{"zip":"84653","pop":null,"city":"Salem","county":"Utah","state":"Utah","area":12.29,"lat":40.04799,"lon":-111.66793},"geometry":{"type":"Polygon","coordinates":[[[-111.71905,40.06916],[-111.70231,40.08536],[-111.68343,40.08536],[-111.67738,40.08209],[-111.66481,40.08297],[-111.66345,40.07296],[-111.65626,40.07576],[-111.65667,40.07296],[-111.65439,40.07297],[-111.65431,40.07112],[-111.65923,40.0699],[-111.6543,40.06748],[-111.6518,40.06378],[-111.6399,40.06405],[-111.63989,40.0713],[-111.63527,40.07135],[-111.63518,40.05797],[-111.63151,40.06076],[-111.62981,40.067],[-111.622,40.06832],[-111.61978,40.07152],[-111.61612,40.07153],[-111.63076,40.05583],[-111.62886,40.05008],[-111.63496,40.04189],[-111.63472,40.01299],[-111.63984,40.01157],[-111.64658,40.00263],[-111.64647,39.99536],[-111.65343,39.99533],[-111.65348,39.9986],[-111.66327,39.99841],[-111.66902,40.00547],[-111.66773,40.00549],[-111.66727,40.02375],[-111.67006,40.02733],[-111.68228,40.0273],[-111.68231,40.03129],[-111.68724,40.03079],[-111.68713,40.03433],[-111.69186,40.0343],[-111.69177,40.04859],[-111.69819,40.04882],[-111.69807,40.05732],[-111.71638,40.0575],[-111.72397,40.06432],[-111.71905,40.06916]]]}}]}