{"type":"FeatureCollection","name":"zctas_50","features":[{"type":"Feature","id":"05904","properties":{"zip":"05904","pop":null,"city":"Gilman","county":"Essex","state":"Vermont","area":0.43,"lat":44.41552,"lon":-71.7083},"geometry":{"type":"Polygon","coordinates":[[[-71.73074,44.41308],[-71.72114,44.41589],[-71.70282,44.41747],[-71.68537,44.42584],[-71.68674,44.42269],[-71.70219,44.41383],[-71.71461,44.40956],[-71.72313,44.41086],[-71.72336,44.41219],[-71.71927,44.41289],[-71.73074,44.41308]]]}},{"type":"Feature","id":"05462","properties":{"zip":"05462","pop":null,"city":"Huntington","county":"Chittenden","state":"Vermont","area":27.15,"lat":44.29921,"lon":-72.95217},"geometry":{"type":"Polygon","coordinates":[[[-73.03279,44.36247],[-72.99494,44.35444],[-72.99616,44.35204],[-72.99255,44.35171],[-72.99306,44.34489],[-72.99611,44.34287],[-72.99988,44.34337],[-73.00223,44.34011],[-73.00406,44.34108],[-73.00547,44.33736],[-72.99798,44.34122],[-72.99685,44.33617],[-72.9888,44.32997],[-72.98786,44.33161],[-72.99438,44.33442],[-72.99606,44.33998],[-72.99502,44.34329],[-72.99591,44.33975],[-72.99442,44.33796],[-72.98575,44.33509],[-72.9849,44.34156],[-72.99106,44.35363],[-72.8794,44.32964],[-72.90596,44.28055],[-72.89498,44.2781],[-72.92207,44.22223],[-72.96843,44.23253],[-72.96804,44.23825],[-72.96651,44.23774],[-72.97588,44.29504],[-73.02037,44.30374],[-73.03279,44.36247]]]}},{"type":"Feature","id":"05050","properties":{"zip":"05050","pop":null,"city":"","county":"Caledonia","state":"Vermont","area":0.22,"lat":44.26387,"lon":-72.06398},"geometry":{"type":"Polygon","coordinates":[[[-72.06892,44.26841],[-72.06871,44.27382],[-72.06713,44.26824],[-72.05856,44.26908],[-72.06117,44.26338],[-72.05918,44.25585],[-72.06352,44.25655],[-72.07055,44.26839],[-72.06892,44.26841]]]}},{"type":"Feature","id":"05073","properties":{"zip":"05073","pop":null,"city":"","county":"Windsor","state":"Vermont","area":0.06,"lat":43.62912,"lon":-72.46132},"geometry":{"type":"Polygon","coordinates":[[[-72.4677,43.62991],[-72.46624,43.63106],[-72.45493,43.62914],[-72.45884,43.62693],[-72.4677,43.62991]]]}},{"type":"Feature","id":"05439","properties":{"zip":"05439","pop":null,"city":"","county":"Chittenden","state":"Vermont","area":0.1,"lat":44.49566,"lon":-73.16518},"geometry":{"type":"Polygon","coordinates":[[[-73.17113,44.49327],[-73.1663,44.49889],[-73.15939,44.49752],[-73.16349,44.49287],[-73.17113,44.49327]]]}},{"type":"Feature","id":"05442","properties":{"zip":"05442","pop":null,"city":"","county":"Lamoille","state":"Vermont","area":25.28,"lat":44.76168,"lon":-72.68042},"geometry":{"type":"Polygon","coordinates":[[[-72.74671,44.7902],[-72.7291,44.80404],[-72.6136,44.80042],[-72.61673,44.79584],[-72.5979,44.78706],[-72.66114,44.70226],[-72.7434,44.73241],[-72.74671,44.7902]]]}},{"type":"Feature","id":"05731","properties":{"zip":"05731","pop":null,"city":"","county":"Rutland","state":"Vermont","area":1.24,"lat":43.75323,"lon":-73.28837},"geometry":{"type":"Polygon","coordinates":[[[-73.30922,43.7539],[-73.30047,43.75838],[-73.26606,43.76138],[-73.26453,43.76119],[-73.26399,43.75697],[-73.26639,43.75248],[-73.2721,43.75147],[-73.27268,43.74952],[-73.27912,43.75373],[-73.28114,43.75314],[-73.28414,43.74621],[-73.29458,43.74559],[-73.29795,43.74365],[-73.30001,43.74529],[-73.30692,43.74259],[-73.30922,43.7539]]]}},{"type":"Feature","id":"05491","properties":{"zip":"05491","pop":null,"city":"Vergennes","county":"Addison","state":"Vermont","area":81.68,"lat":44.12102,"lon":-73.32123},"geometry":{"type":"Polygon","coordinates":[[[-73.43774,44.04501],[-73.42924,44.07941],[-73.41632,44.09942],[-73.41132,44.11269],[-73.41576,44.13283],[-73.40238,44.14586],[-73.39873,44.16225],[-73.39553,44.16612],[-73.39689,44.17385],[-73.38966,44.18125],[-73.39058,44.19089],[-73.38399,44.19316],[-73.38225,44.19718],[-73.36201,44.20855],[-73.35528,44.21955],[-73.35525,44.22287],[-73.35081,44.22594],[-73.34989,44.23036],[-73.34231,44.23453],[-73.34323,44.23805],[-73.33678,44.23956],[-73.3305,44.24425],[-73.3236,44.2439],[-73.31342,44.2642],[-73.27054,44.26012],[-73.26838,44.25716],[-73.26984,44.25598],[-73.27627,44.25782],[-73.28005,44.25304],[-73.28305,44.2567],[-73.27744,44.24941],[-73.28153,44.24319],[-73.28821,44.24061],[-73.29933,44.24574],[-73.29913,44.24292],[-73.2952,44.23962],[-73.29564,44.2376],[-73.2981,44.23834],[-73.30086,44.23468],[-73.30301,44.24248],[-73.30716,44.24181],[-73.30803,44.23768],[-73.31308,44.23619],[-73.31653,44.23797],[-73.3174,44.23543],[-73.3158,44.23441],[-73.31827,44.23318],[-73.31808,44.23103],[-73.31344,44.23027],[-73.31544,44.22476],[-73.32105,44.22539],[-73.32188,44.22937],[-73.32649,44.22671],[-73.31803,44.2243],[-73.31571,44.22124],[-73.31551,44.21862],[-73.31981,44.21599],[-73.31985,44.21255],[-73.3233,44.2093],[-73.32027,44.20768],[-73.32024,44.20043],[-73.31401,44.19803],[-73.31142,44.19484],[-73.31182,44.1872],[-73.30581,44.17712],[-73.29821,44.17554],[-73.2962,44.17007],[-73.28795,44.16936],[-73.2869,44.1637],[-73.27064,44.16526],[-73.2727,44.17699],[-73.24853,44.17969],[-73.24452,44.18314],[-73.24725,44.18871],[-73.23906,44.19625],[-73.23636,44.19237],[-73.23322,44.19451],[-73.22314,44.19149],[-73.22119,44.19378],[-73.21039,44.19279],[-73.21486,44.17472],[-73.19537,44.17651],[-73.18464,44.18572],[-73.18888,44.18739],[-73.19003,44.19558],[-73.18261,44.19843],[-73.17365,44.15355],[-73.18677,44.15563],[-73.19017,44.15407],[-73.19312,44.14811],[-73.20571,44.15868],[-73.21277,44.1598],[-73.20476,44.10981],[-73.21863,44.10871],[-73.22257,44.10337],[-73.2233,44.09902],[-73.22141,44.09517],[-73.23636,44.07954],[-73.23477,44.07953],[-73.23883,44.07854],[-73.2381,44.07725],[-73.24508,44.08185],[-73.24647,44.08606],[-73.24583,44.08292],[-73.25025,44.08228],[-73.2505,44.07968],[-73.26252,44.07906],[-73.26219,44.07534],[-73.27969,44.07055],[-73.2762,44.05306],[-73.27235,44.05348],[-73.27057,44.04187],[-73.26465,44.03788],[-73.26328,44.03442],[-73.34798,44.02607],[-73.34455,44.02452],[-73.34752,44.01946],[-73.3462,44.01666],[-73.37114,44.01669],[-73.37388,44.01961],[-73.37133,44.02376],[-73.38925,44.02203],[-73.39904,44.02701],[-73.40059,44.02666],[-73.39771,44.02491],[-73.39938,44.02195],[-73.39763,44.02117],[-73.40736,44.02021],[-73.41078,44.02694],[-73.42312,44.03276],[-73.42799,44.03771],[-73.43688,44.04258],[-73.43774,44.04501]]]}},{"type":"Feature","id":"05030","properties":{"zip":"05030","pop":null,"city":"Ascutney","county":"Windsor","state":"Vermont","area":0.39,"lat":43.39995,"lon":-72.40994},"geometry":{"type":"Polygon","coordinates":[[[-72.41941,43.40158],[-72.40707,43.4063],[-72.40154,43.40369],[-72.40333,43.3944],[-72.41636,43.39563],[-72.41997,43.39862],[-72.41941,43.40158]]]}},{"type":"Feature","id":"05352","properties":{"zip":"05352","pop":null,"city":"Stamford","county":"Bennington","state":"Vermont","area":29.03,"lat":42.7879,"lon":-73.07858},"geometry":{"type":"Polygon","coordinates":[[[-73.13975,42.79366],[-73.1373,42.8355],[-73.01511,42.83207],[-73.01549,42.82195],[-73.02174,42.823],[-73.02269,42.82053],[-73.01551,42.82137],[-73.01865,42.74104],[-73.14249,42.74351],[-73.13975,42.79366]]]}},{"type":"Feature","id":"05083","properties":{"zip":"05083","pop":null,"city":"","county":"Orange","state":"Vermont","area":0.56,"lat":43.9187,"lon":-72.2678},"geometry":{"type":"Polygon","coordinates":[[[-72.27819,43.91415],[-72.2646,43.93845],[-72.26471,43.93365],[-72.26828,43.92902],[-72.26048,43.91871],[-72.26216,43.91324],[-72.25875,43.90537],[-72.26056,43.90477],[-72.26559,43.911],[-72.27819,43.91415]]]}},{"type":"Feature","id":"05141","properties":{"zip":"05141","pop":null,"city":"","county":"Windham","state":"Vermont","area":0.26,"lat":43.15545,"lon":-72.55915},"geometry":{"type":"Polygon","coordinates":[[[-72.56371,43.15624],[-72.55995,43.16857],[-72.5539,43.14723],[-72.56155,43.14731],[-72.56076,43.15124],[-72.56371,43.15624]]]}},{"type":"Feature","id":"05152","properties":{"zip":"05152","pop":null,"city":"","county":"Bennington","state":"Vermont","area":26.76,"lat":43.25101,"lon":-72.91999},"geometry":{"type":"Polygon","coordinates":[[[-72.97697,43.25044],[-72.9753,43.30416],[-72.90677,43.30195],[-72.89375,43.28709],[-72.88294,43.28539],[-72.8645,43.27626],[-72.86291,43.2696],[-72.86489,43.24356],[-72.85991,43.24333],[-72.85523,43.23674],[-72.84977,43.23659],[-72.85163,43.20483],[-72.97847,43.20959],[-72.97697,43.25044]]]}},{"type":"Feature","id":"05356","properties":{"zip":"05356","pop":null,"city":"","county":"Windham","state":"Vermont","area":16.53,"lat":42.95388,"lon":-72.8696},"geometry":{"type":"Polygon","coordinates":[[[-72.92054,42.97248],[-72.92016,42.99271],[-72.85351,42.99001],[-72.84688,42.97486],[-72.8381,42.96354],[-72.82679,42.96172],[-72.81,42.95551],[-72.81109,42.95112],[-72.80913,42.94756],[-72.80325,42.94439],[-72.80555,42.93804],[-72.80169,42.93617],[-72.79745,42.92229],[-72.92138,42.92679],[-72.92054,42.97248]]]}},{"type":"Feature","id":"05445","properties":{"zip":"05445","pop":null,"city":"","county":"Chittenden","state":"Vermont","area":35.99,"lat":44.30897,"lon":-73.23595},"geometry":{"type":"Polygon","coordinates":[[[-73.32696,44.34337],[-73.16529,44.36221],[-73.14508,44.2734],[-73.1968,44.26663],[-73.27054,44.26012],[-73.31342,44.2642],[-73.31103,44.27424],[-73.32423,44.31002],[-73.324,44.33384],[-73.32696,44.34337]]]}},{"type":"Feature","id":"05481","properties":{"zip":"05481","pop":null,"city":"","county":"Franklin","state":"Vermont","area":0.0,"lat":44.80843,"lon":-73.13942},"geometry":{"type":"Polygon","coordinates":[[[-73.14,44.80873],[-73.13959,44.80906],[-73.1387,44.80859],[-73.13954,44.8076],[-73.14,44.80873]]]}},{"type":"Feature","id":"05602","properties":{"zip":"05602","pop":null,"city":"Montpelier","county":"Washington","state":"Vermont","area":63.58,"lat":44.28482,"lon":-72.61508},"geometry":{"type":"Polygon","coordinates":[[[-72.71546,44.31439],[-72.70457,44.32961],[-72.6948,44.32615],[-72.67816,44.34968],[-72.67154,44.34745],[-72.66014,44.36362],[-72.66831,44.36632],[-72.66318,44.37277],[-72.67126,44.37576],[-72.6544,44.39822],[-72.62077,44.38095],[-72.60943,44.36308],[-72.6112,44.3578],[-72.61294,44.35924],[-72.61596,44.35775],[-72.62158,44.36148],[-72.62105,44.36303],[-72.62671,44.36928],[-72.63252,44.37175],[-72.64045,44.37176],[-72.63264,44.36467],[-72.63419,44.36223],[-72.63043,44.36001],[-72.62592,44.36053],[-72.62017,44.35644],[-72.60271,44.35272],[-72.5981,44.35363],[-72.59012,44.34694],[-72.58692,44.34158],[-72.58487,44.34461],[-72.58609,44.34701],[-72.58345,44.34945],[-72.58078,44.34784],[-72.57501,44.35484],[-72.57101,44.35284],[-72.56496,44.35293],[-72.56623,44.34185],[-72.56456,44.33844],[-72.57223,44.32986],[-72.57724,44.32715],[-72.57553,44.32441],[-72.57672,44.32135],[-72.57496,44.31182],[-72.55061,44.34563],[-72.5084,44.33015],[-72.50436,44.33045],[-72.50307,44.3291],[-72.50496,44.3284],[-72.50602,44.32361],[-72.51099,44.32545],[-72.51223,44.32323],[-72.51484,44.32418],[-72.51702,44.32012],[-72.5105,44.31588],[-72.51407,44.31058],[-72.51084,44.30707],[-72.51796,44.29434],[-72.51262,44.28681],[-72.52183,44.28596],[-72.51111,44.28184],[-72.50388,44.2691],[-72.51717,44.2568],[-72.51655,44.2595],[-72.52304,44.26603],[-72.5209,44.27272],[-72.5286,44.27667],[-72.52974,44.28243],[-72.53144,44.27663],[-72.52929,44.27583],[-72.5343,44.26934],[-72.54344,44.2727],[-72.54664,44.27018],[-72.54458,44.26458],[-72.53613,44.26141],[-72.54049,44.25543],[-72.52709,44.25003],[-72.52146,44.25142],[-72.5218,44.24819],[-72.52784,44.24546],[-72.53169,44.24032],[-72.52457,44.23793],[-72.51977,44.24109],[-72.52444,44.23729],[-72.53454,44.24113],[-72.54756,44.24152],[-72.55289,44.23654],[-72.55143,44.23271],[-72.55452,44.23163],[-72.55788,44.22597],[-72.55879,44.21742],[-72.56409,44.21358],[-72.56652,44.20768],[-72.57635,44.21002],[-72.57958,44.20511],[-72.57681,44.19682],[-72.57614,44.17053],[-72.58313,44.15943],[-72.5973,44.16303],[-72.59428,44.17545],[-72.59547,44.18402],[-72.59408,44.19543],[-72.59144,44.20336],[-72.58318,44.20754],[-72.58211,44.20927],[-72.5836,44.21178],[-72.59413,44.21262],[-72.60262,44.21706],[-72.60768,44.21202],[-72.61565,44.21025],[-72.61854,44.20705],[-72.62619,44.20799],[-72.63079,44.20018],[-72.63384,44.20342],[-72.63506,44.20164],[-72.63465,44.20604],[-72.63784,44.20834],[-72.65088,44.20886],[-72.6676,44.21675],[-72.67049,44.21109],[-72.6767,44.21272],[-72.67784,44.21049],[-72.69257,44.21746],[-72.69135,44.2194],[-72.69724,44.22247],[-72.69521,44.2274],[-72.70448,44.23286],[-72.70321,44.23547],[-72.70993,44.23853],[-72.70799,44.24297],[-72.71407,44.24568],[-72.70875,44.25964],[-72.70746,44.25908],[-72.70364,44.26668],[-72.70649,44.2682],[-72.7032,44.27536],[-72.7018,44.27476],[-72.69795,44.28204],[-72.69637,44.28123],[-72.68853,44.29168],[-72.67924,44.29113],[-72.69541,44.29854],[-72.69682,44.30488],[-72.69559,44.3105],[-72.70047,44.31343],[-72.70944,44.31454],[-72.71658,44.31253],[-72.71546,44.31439]]]}},{"type":"Feature","id":"05656","properties":{"zip":"05656","pop":null,"city":"Johnson","county":"Lamoille","state":"Vermont","area":33.96,"lat":44.64897,"lon":-72.68818},"geometry":{"type":"Polygon","coordinates":[[[-72.78366,44.67549],[-72.77833,44.67839],[-72.77685,44.68238],[-72.77129,44.68297],[-72.74,44.67117],[-72.7069,44.71847],[-72.59693,44.6793],[-72.65341,44.59939],[-72.6625,44.60253],[-72.68279,44.57648],[-72.70946,44.58067],[-72.72939,44.58765],[-72.7311,44.5852],[-72.74974,44.59182],[-72.72649,44.62432],[-72.76362,44.63729],[-72.75066,44.65579],[-72.75534,44.65494],[-72.75684,44.65672],[-72.7541,44.65868],[-72.75585,44.66059],[-72.76233,44.66164],[-72.76264,44.66437],[-72.76864,44.6679],[-72.77073,44.66525],[-72.77167,44.66897],[-72.77657,44.67135],[-72.77505,44.67209],[-72.78029,44.67039],[-72.77948,44.66813],[-72.78218,44.66791],[-72.78366,44.67549]]]}},{"type":"Feature","id":"05664","properties":{"zip":"05664","pop":null,"city":"","county":"Washington","state":"Vermont","area":0.01,"lat":44.16715,"lon":-72.65318},"geometry":{"type":"Polygon","coordinates":[[[-72.65493,44.16626],[-72.65296,44.16873],[-72.6516,44.1679],[-72.65308,44.16576],[-72.65493,44.16626]]]}},{"type":"Feature","id":"05748","properties":{"zip":"05748","pop":null,"city":"","county":"Addison","state":"Vermont","area":27.66,"lat":43.91983,"lon":-72.9107},"geometry":{"type":"Polygon","coordinates":[[[-72.98033,43.92197],[-72.94621,43.9742],[-72.8191,43.93856],[-72.81994,43.93225],[-72.86528,43.86166],[-72.87418,43.86406],[-72.87656,43.90277],[-72.95308,43.87487],[-73.00164,43.88861],[-72.98033,43.92197]]]}},{"type":"Feature","id":"05853","properties":{"zip":"05853","pop":null,"city":"","county":"Orleans","state":"Vermont","area":22.62,"lat":44.89501,"lon":-71.96165},"geometry":{"type":"Polygon","coordinates":[[[-72.04995,44.90896],[-72.04769,44.91682],[-72.0482,44.92349],[-72.04416,44.93134],[-71.92096,44.93295],[-71.91748,44.94449],[-71.91194,44.9446],[-71.92015,44.90152],[-71.87786,44.87876],[-71.91995,44.83689],[-72.05048,44.90523],[-72.04995,44.90896]]]}},{"type":"Feature","id":"05905","properties":{"zip":"05905","pop":null,"city":"","county":"Essex","state":"Vermont","area":134.11,"lat":44.70171,"lon":-71.66674},"geometry":{"type":"Polygon","coordinates":[[[-71.85747,44.7269],[-71.8072,44.77415],[-71.81027,44.7796],[-71.80338,44.78542],[-71.77302,44.7769],[-71.74837,44.77588],[-71.73197,44.76285],[-71.72696,44.76019],[-71.71906,44.76025],[-71.72213,44.76633],[-71.74031,44.77331],[-71.74,44.77489],[-71.74557,44.77729],[-71.74753,44.7805],[-71.75315,44.78225],[-71.75109,44.78524],[-71.75914,44.7923],[-71.75706,44.7966],[-71.76492,44.80618],[-71.7728,44.8118],[-71.77509,44.81123],[-71.7664,44.81935],[-71.73045,44.8005],[-71.71828,44.81666],[-71.68294,44.85623],[-71.68586,44.86262],[-71.68289,44.87911],[-71.68618,44.8826],[-71.68417,44.88997],[-71.63089,44.86154],[-71.61364,44.86142],[-71.60537,44.85401],[-71.59404,44.84918],[-71.59508,44.85292],[-71.59363,44.85481],[-71.59722,44.86116],[-71.59638,44.86439],[-71.58407,44.85956],[-71.57954,44.8646],[-71.57617,44.86307],[-71.56586,44.867],[-71.55538,44.85789],[-71.54937,44.8592],[-71.54752,44.85675],[-71.54836,44.85469],[-71.55566,44.84912],[-71.55142,44.84216],[-71.55111,44.83696],[-71.55692,44.8342],[-71.56235,44.82328],[-71.57346,44.82064],[-71.57686,44.8152],[-71.57605,44.81243],[-71.56867,44.80746],[-71.57313,44.79795],[-71.57131,44.79334],[-71.57972,44.78473],[-71.59249,44.78267],[-71.59516,44.78015],[-71.5951,44.7754],[-71.61177,44.76434],[-71.61286,44.759],[-71.61667,44.7563],[-71.63188,44.75246],[-71.63106,44.74851],[-71.62699,44.74701],[-71.62515,44.74275],[-71.62625,44.72904],[-71.62504,44.72771],[-71.61704,44.72825],[-71.61873,44.72247],[-71.61255,44.71919],[-71.61251,44.71667],[-71.60395,44.70758],[-71.6001,44.706],[-71.59879,44.70327],[-71.6005,44.69874],[-71.59414,44.69693],[-71.59795,44.69177],[-71.59422,44.68382],[-71.59609,44.67764],[-71.58146,44.6732],[-71.58697,44.67047],[-71.58511,44.66311],[-71.58737,44.65971],[-71.58132,44.65545],[-71.57449,44.65483],[-71.57942,44.65231],[-71.57881,44.65098],[-71.57163,44.6499],[-71.56902,44.65029],[-71.56705,44.65335],[-71.56281,44.65236],[-71.56167,44.64682],[-71.55787,44.64122],[-71.5636,44.63905],[-71.56328,44.63665],[-71.55214,44.63008],[-71.54723,44.63036],[-71.54693,44.62855],[-71.55113,44.62776],[-71.55484,44.62963],[-71.55735,44.62845],[-71.54598,44.62312],[-71.54695,44.62212],[-71.55415,44.62542],[-71.55653,44.61957],[-71.55386,44.6056],[-71.5619,44.60313],[-71.5622,44.60159],[-71.55728,44.59938],[-71.55033,44.6009],[-71.55415,44.59796],[-71.5554,44.59384],[-71.55337,44.59317],[-71.54609,44.59738],[-71.54546,44.59462],[-71.54742,44.59183],[-71.54594,44.5906],[-71.53827,44.59352],[-71.54005,44.58852],[-71.5354,44.58711],[-71.53738,44.58336],[-71.54653,44.57782],[-71.55444,44.58134],[-71.55389,44.57763],[-71.54773,44.57138],[-71.55283,44.56921],[-71.55784,44.57027],[-71.55905,44.56445],[-71.5696,44.56278],[-71.58766,44.5658],[-71.59152,44.56515],[-71.59614,44.5609],[-71.59713,44.55385],[-71.572,44.53822],[-71.57453,44.53175],[-71.58295,44.52335],[-71.59238,44.52328],[-71.59426,44.52168],[-71.57676,44.50262],[-71.58125,44.50168],[-71.58778,44.50675],[-71.58588,44.50006],[-71.58697,44.49853],[-71.59389,44.50103],[-71.59521,44.49341],[-71.59933,44.48628],[-71.6062,44.48488],[-71.70712,44.53883],[-71.66736,44.57722],[-71.6665,44.58602],[-71.66441,44.58819],[-71.67742,44.59682],[-71.67285,44.6043],[-71.66657,44.60848],[-71.66555,44.61147],[-71.65892,44.61259],[-71.64615,44.6111],[-71.64004,44.61554],[-71.85747,44.7269]]]}},{"type":"Feature","id":"05907","properties":{"zip":"05907","pop":null,"city":"","county":"Essex","state":"Vermont","area":50.61,"lat":44.94986,"lon":-71.82591},"geometry":{"type":"Polygon","coordinates":[[[-71.91194,44.9446],[-71.89932,45.00818],[-71.69777,45.01142],[-71.71949,44.98589],[-71.70944,44.98177],[-71.69903,44.97192],[-71.69872,44.96774],[-71.70231,44.9653],[-71.72019,44.96217],[-71.72443,44.96357],[-71.73248,44.97073],[-71.81705,44.87578],[-71.83293,44.85457],[-71.92015,44.90152],[-71.91194,44.9446]]]}},{"type":"Feature","id":"05747","properties":{"zip":"05747","pop":null,"city":"","county":"Addison","state":"Vermont","area":28.71,"lat":44.00346,"lon":-72.85472},"geometry":{"type":"Polygon","coordinates":[[[-72.90765,43.9715],[-72.9052,44.0544],[-72.91023,44.07248],[-72.8969,44.07366],[-72.80742,44.04854],[-72.81402,44.03852],[-72.81448,44.0251],[-72.80706,43.99946],[-72.8046,43.97953],[-72.80103,43.97139],[-72.78303,43.98426],[-72.77363,43.98559],[-72.81,43.93609],[-72.91219,43.96555],[-72.90765,43.9715]]]}},{"type":"Feature","id":"05670","properties":{"zip":"05670","pop":null,"city":"South Barre","county":"Washington","state":"Vermont","area":0.04,"lat":44.17778,"lon":-72.5055},"geometry":{"type":"Polygon","coordinates":[[[-72.50752,44.17518],[-72.50636,44.17983],[-72.50165,44.18143],[-72.50744,44.17345],[-72.50885,44.17384],[-72.50752,44.17518]]]}},{"type":"Feature","id":"05301","properties":{"zip":"05301","pop":null,"city":"Brattleboro","county":"Windham","state":"Vermont","area":106.73,"lat":42.84348,"lon":-72.6591},"geometry":{"type":"Polygon","coordinates":[[[-72.82358,42.83183],[-72.81999,42.83749],[-72.82212,42.83955],[-72.81595,42.83728],[-72.80893,42.83759],[-72.8026,42.83447],[-72.80062,42.87086],[-72.79587,42.8736],[-72.78569,42.87427],[-72.7854,42.88253],[-72.77747,42.88255],[-72.77715,42.8783],[-72.77091,42.87944],[-72.77474,42.88073],[-72.77744,42.8876],[-72.78611,42.89297],[-72.79077,42.89877],[-72.7935,42.91563],[-72.79745,42.92229],[-72.77704,42.92233],[-72.77659,42.92462],[-72.74654,42.92391],[-72.74586,42.9199],[-72.74976,42.91309],[-72.75935,42.906],[-72.76685,42.90608],[-72.76879,42.90508],[-72.76622,42.90581],[-72.74795,42.9002],[-72.74237,42.89585],[-72.73658,42.89637],[-72.74075,42.89001],[-72.72853,42.88906],[-72.7277,42.89248],[-72.72216,42.89711],[-72.71776,42.89767],[-72.71435,42.90805],[-72.71526,42.91264],[-72.7081,42.90978],[-72.70961,42.91235],[-72.70153,42.91162],[-72.70127,42.91679],[-72.69407,42.91703],[-72.69418,42.92274],[-72.66448,42.92224],[-72.66059,42.92582],[-72.65047,42.92668],[-72.64926,42.92533],[-72.63554,42.9692],[-72.62001,42.96865],[-72.62223,42.96525],[-72.61848,42.96517],[-72.61808,42.96112],[-72.60524,42.96312],[-72.60572,42.96],[-72.59703,42.95967],[-72.59602,42.95505],[-72.59261,42.95392],[-72.59391,42.95009],[-72.58712,42.94989],[-72.58938,42.94254],[-72.58499,42.94032],[-72.58625,42.93555],[-72.58415,42.93548],[-72.58474,42.93293],[-72.58111,42.93203],[-72.5747,42.93693],[-72.57175,42.93673],[-72.57129,42.93275],[-72.56539,42.9326],[-72.56622,42.93033],[-72.55665,42.9283],[-72.55097,42.92932],[-72.55529,42.91603],[-72.55413,42.91235],[-72.54913,42.91246],[-72.54901,42.91914],[-72.54586,42.92699],[-72.5439,42.92698],[-72.54518,42.92232],[-72.53814,42.92379],[-72.52799,42.91944],[-72.52776,42.94045],[-72.53317,42.9479],[-72.52743,42.94315],[-72.5271,42.92858],[-72.52443,42.91557],[-72.53022,42.91158],[-72.53147,42.89795],[-72.54071,42.88938],[-72.55283,42.88497],[-72.55541,42.87543],[-72.55621,42.86695],[-72.55423,42.86004],[-72.55725,42.85302],[-72.54855,42.84202],[-72.54537,42.824],[-72.56145,42.82418],[-72.56351,42.78951],[-72.56067,42.78779],[-72.56055,42.78423],[-72.5643,42.76403],[-72.56536,42.72982],[-72.69266,42.73335],[-72.69379,42.73732],[-72.69843,42.7393],[-72.70039,42.74285],[-72.70693,42.74115],[-72.70946,42.74786],[-72.70862,42.75444],[-72.70345,42.76031],[-72.68827,42.76997],[-72.6902,42.77372],[-72.68612,42.77663],[-72.68812,42.78422],[-72.69086,42.78667],[-72.70106,42.79166],[-72.70396,42.79048],[-72.70983,42.79197],[-72.70949,42.79658],[-72.71636,42.79641],[-72.71712,42.80031],[-72.72033,42.80034],[-72.72026,42.80175],[-72.72369,42.80177],[-72.72402,42.79989],[-72.73547,42.80141],[-72.73642,42.80643],[-72.73979,42.80657],[-72.74178,42.8114],[-72.74537,42.81114],[-72.74764,42.80688],[-72.7577,42.81182],[-72.75729,42.81455],[-72.76314,42.81442],[-72.76381,42.80332],[-72.769,42.80279],[-72.77002,42.7993],[-72.7669,42.79349],[-72.76817,42.78997],[-72.77421,42.78631],[-72.77943,42.77924],[-72.78797,42.77984],[-72.78972,42.78057],[-72.78974,42.78425],[-72.7929,42.7896],[-72.80461,42.79375],[-72.80351,42.81693],[-72.79741,42.82328],[-72.80305,42.82665],[-72.82183,42.82701],[-72.82358,42.83183]],[[-72.7383,42.83859],[-72.73417,42.83573],[-72.72541,42.83916],[-72.72762,42.84094],[-72.73186,42.83845],[-72.73267,42.84099],[-72.73557,42.84157],[-72.7383,42.83859]]]}},{"type":"Feature","id":"05404","properties":{"zip":"05404","pop":null,"city":"Winooski","county":"Chittenden","state":"Vermont","area":1.06,"lat":44.4948,"lon":-73.18455},"geometry":{"type":"Polygon","coordinates":[[[-73.20215,44.4927],[-73.19321,44.50169],[-73.19483,44.50242],[-73.19203,44.50614],[-73.17254,44.49892],[-73.1705,44.50144],[-73.1663,44.49889],[-73.17113,44.49327],[-73.17366,44.48593],[-73.17915,44.48407],[-73.18147,44.48533],[-73.18184,44.48847],[-73.19009,44.48733],[-73.20121,44.49012],[-73.20215,44.4927]]]}},{"type":"Feature","id":"05738","properties":{"zip":"05738","pop":null,"city":"","county":"Rutland","state":"Vermont","area":36.48,"lat":43.52904,"lon":-72.85651},"geometry":{"type":"Polygon","coordinates":[[[-72.93416,43.5748],[-72.77498,43.57937],[-72.79107,43.495],[-72.77029,43.49183],[-72.77469,43.4796],[-72.79449,43.48376],[-72.84049,43.4822],[-72.82814,43.47922],[-72.86604,43.4771],[-72.87449,43.47443],[-72.87762,43.48004],[-72.92786,43.4777],[-72.93416,43.5748]]]}},{"type":"Feature","id":"05847","properties":{"zip":"05847","pop":null,"city":"Lowell","county":"Orleans","state":"Vermont","area":39.67,"lat":44.79176,"lon":-72.45647},"geometry":{"type":"Polygon","coordinates":[[[-72.53265,44.83351],[-72.40383,44.83513],[-72.40461,44.84166],[-72.34395,44.84209],[-72.37448,44.79788],[-72.36525,44.79458],[-72.41732,44.72289],[-72.57816,44.78158],[-72.53265,44.83351]]]}},{"type":"Feature","id":"05088","properties":{"zip":"05088","pop":null,"city":"Wilder","county":"Windsor","state":"Vermont","area":0.26,"lat":43.67354,"lon":-72.30727},"geometry":{"type":"Polygon","coordinates":[[[-72.31301,43.68087],[-72.30926,43.68048],[-72.3064,43.68393],[-72.30309,43.67808],[-72.30432,43.66951],[-72.30912,43.66203],[-72.31176,43.66549],[-72.30907,43.6702],[-72.30925,43.67479],[-72.31114,43.67607],[-72.30923,43.67555],[-72.30922,43.67736],[-72.31301,43.68087]]]}},{"type":"Feature","id":"05674","properties":{"zip":"05674","pop":null,"city":"","county":"Washington","state":"Vermont","area":28.56,"lat":44.11096,"lon":-72.86056},"geometry":{"type":"Polygon","coordinates":[[[-72.93429,44.16362],[-72.89319,44.16531],[-72.8917,44.16078],[-72.77047,44.1267],[-72.82155,44.05263],[-72.8969,44.07366],[-72.91678,44.07189],[-72.93429,44.16362]]]}},{"type":"Feature","id":"05055","properties":{"zip":"05055","pop":null,"city":"Norwich","county":"Windsor","state":"Vermont","area":29.19,"lat":43.7549,"lon":-72.31167},"geometry":{"type":"Polygon","coordinates":[[[-72.39813,43.74471],[-72.38999,43.75149],[-72.38696,43.75657],[-72.39353,43.75492],[-72.33934,43.81045],[-72.20535,43.77101],[-72.2181,43.76573],[-72.23418,43.74596],[-72.24507,43.74309],[-72.26447,43.73389],[-72.27178,43.73341],[-72.27527,43.72753],[-72.29956,43.70628],[-72.30534,43.69247],[-72.3445,43.70363],[-72.34562,43.70826],[-72.36075,43.71637],[-72.36576,43.72108],[-72.36699,43.72693],[-72.37973,43.73017],[-72.37394,43.73447],[-72.38012,43.73599],[-72.38342,43.74102],[-72.39642,43.74194],[-72.39895,43.74263],[-72.39813,43.74471]]]}},{"type":"Feature","id":"05150","properties":{"zip":"05150","pop":null,"city":"North Springfield","county":"Windsor","state":"Vermont","area":1.54,"lat":43.33652,"lon":-72.527},"geometry":{"type":"Polygon","coordinates":[[[-72.54648,43.33495],[-72.54545,43.34527],[-72.502,43.34287],[-72.50963,43.33105],[-72.51602,43.3316],[-72.51224,43.32892],[-72.50979,43.32495],[-72.51106,43.32389],[-72.51402,43.32964],[-72.52301,43.33227],[-72.528,43.32576],[-72.54051,43.32591],[-72.54092,43.33209],[-72.5464,43.33157],[-72.54648,43.33495]]]}},{"type":"Feature","id":"05450","properties":{"zip":"05450","pop":null,"city":"Enosburg Falls","county":"Franklin","state":"Vermont","area":101.45,"lat":44.89077,"lon":-72.79073},"geometry":{"type":"Polygon","coordinates":[[[-72.95094,44.9021],[-72.94615,44.89669],[-72.93926,44.8972],[-72.93223,44.91809],[-72.92574,44.91887],[-72.92657,44.92294],[-72.91462,44.92458],[-72.91268,44.90959],[-72.90504,44.91034],[-72.90203,44.92524],[-72.8936,44.92027],[-72.88322,44.92267],[-72.88274,44.93202],[-72.89969,44.93475],[-72.89826,44.94131],[-72.90456,44.94725],[-72.90502,44.94993],[-72.8938,44.95515],[-72.88715,44.95384],[-72.88387,44.95681],[-72.87793,44.95563],[-72.8751,44.96145],[-72.87625,44.96338],[-72.87454,44.9645],[-72.86266,44.95426],[-72.85398,44.96879],[-72.84311,44.98077],[-72.83288,44.97884],[-72.827,44.98127],[-72.82919,44.99622],[-72.8264,44.9966],[-72.82899,44.9977],[-72.83262,45.01651],[-72.72216,45.01565],[-72.72205,45.01263],[-72.72567,45.01261],[-72.72045,44.99113],[-72.72802,44.99113],[-72.72678,44.98741],[-72.73447,44.98704],[-72.73363,44.98434],[-72.74285,44.98373],[-72.74564,44.98094],[-72.74953,44.98101],[-72.75047,44.97877],[-72.76586,44.9733],[-72.75817,44.96202],[-72.74088,44.96334],[-72.73876,44.95392],[-72.72476,44.95513],[-72.71917,44.93916],[-72.70326,44.95314],[-72.70099,44.95336],[-72.70607,44.94593],[-72.70893,44.93568],[-72.72683,44.92658],[-72.7231,44.92609],[-72.72336,44.92095],[-72.73045,44.92068],[-72.72977,44.91558],[-72.73563,44.91536],[-72.7346,44.90504],[-72.74076,44.89727],[-72.73051,44.89734],[-72.72887,44.89477],[-72.73184,44.89462],[-72.7335,44.88905],[-72.72225,44.88938],[-72.72222,44.8816],[-72.72008,44.88205],[-72.72234,44.8792],[-72.71648,44.87942],[-72.71274,44.88501],[-72.70441,44.88131],[-72.69995,44.88545],[-72.70046,44.89199],[-72.69563,44.89371],[-72.68939,44.90158],[-72.68777,44.9011],[-72.68882,44.9095],[-72.68066,44.90879],[-72.67387,44.91437],[-72.66376,44.90796],[-72.65756,44.90937],[-72.65202,44.90154],[-72.64738,44.9036],[-72.64357,44.89955],[-72.63357,44.89848],[-72.63416,44.89668],[-72.62936,44.89196],[-72.62281,44.89225],[-72.62273,44.88716],[-72.61961,44.88735],[-72.61726,44.88389],[-72.61776,44.88109],[-72.61158,44.87799],[-72.60979,44.87477],[-72.6227,44.8643],[-72.62226,44.8581],[-72.62726,44.85794],[-72.62722,44.85473],[-72.6335,44.85455],[-72.63306,44.84816],[-72.639,44.84802],[-72.63848,44.84022],[-72.64817,44.84011],[-72.64637,44.84573],[-72.64868,44.85424],[-72.6578,44.85619],[-72.66053,44.86022],[-72.65999,44.86491],[-72.66486,44.86469],[-72.66155,44.84009],[-72.67843,44.83937],[-72.67824,44.80248],[-72.7291,44.80404],[-72.74671,44.7902],[-72.74451,44.80025],[-72.75211,44.80552],[-72.77384,44.80112],[-72.77747,44.79802],[-72.77575,44.8004],[-72.78127,44.80182],[-72.78303,44.79413],[-72.78567,44.79445],[-72.7861,44.79264],[-72.78887,44.79304],[-72.78753,44.80525],[-72.79426,44.79056],[-72.79848,44.79106],[-72.79724,44.79405],[-72.79844,44.79557],[-72.79955,44.79337],[-72.80676,44.79432],[-72.80622,44.78999],[-72.81836,44.7923],[-72.81902,44.80005],[-72.83131,44.81128],[-72.84579,44.81172],[-72.84029,44.83506],[-72.85075,44.83616],[-72.85269,44.83184],[-72.86845,44.82996],[-72.86932,44.82068],[-72.86611,44.80728],[-72.87072,44.80383],[-72.87071,44.80087],[-72.87457,44.80062],[-72.87374,44.79369],[-72.87059,44.79298],[-72.87033,44.79204],[-72.87618,44.79377],[-72.87685,44.79029],[-72.87785,44.79199],[-72.88878,44.79236],[-72.88908,44.79042],[-72.8943,44.78979],[-72.89422,44.7885],[-72.89946,44.78885],[-72.90074,44.79101],[-72.89938,44.79576],[-72.90555,44.79642],[-72.90685,44.79828],[-72.90579,44.80331],[-72.91343,44.80705],[-72.92142,44.8046],[-72.92042,44.80807],[-72.92314,44.81212],[-72.91882,44.81419],[-72.91875,44.81612],[-72.92237,44.819],[-72.90797,44.82381],[-72.90685,44.8261],[-72.91496,44.8462],[-72.91412,44.84959],[-72.92746,44.85187],[-72.93225,44.85104],[-72.93601,44.85468],[-72.9344,44.85609],[-72.92956,44.85547],[-72.92333,44.86695],[-72.91401,44.87384],[-72.91349,44.88137],[-72.8962,44.87442],[-72.89708,44.87741],[-72.89411,44.87813],[-72.89556,44.88988],[-72.91752,44.88836],[-72.91818,44.89313],[-72.92697,44.89244],[-72.93327,44.88721],[-72.93522,44.88754],[-72.93907,44.89531],[-72.94622,44.89561],[-72.95226,44.90137],[-72.95094,44.9021]]]}},{"type":"Feature","id":"05463","properties":{"zip":"05463","pop":null,"city":"","county":"Grand Isle","state":"Vermont","area":11.81,"lat":44.86299,"lon":-73.34237},"geometry":{"type":"Polygon","coordinates":[[[-73.3814,44.8488],[-73.37982,44.85704],[-73.37197,44.86241],[-73.3691,44.86668],[-73.36033,44.89724],[-73.35366,44.90735],[-73.34279,44.9138],[-73.33064,44.913],[-73.32388,44.91106],[-73.31343,44.90085],[-73.31142,44.89608],[-73.31629,44.85974],[-73.31543,44.85431],[-73.30924,44.84275],[-73.34113,44.80914],[-73.35495,44.8215],[-73.36568,44.82645],[-73.37534,44.83631],[-73.37945,44.83801],[-73.3814,44.8488]]]}},{"type":"Feature","id":"05833","properties":{"zip":"05833","pop":null,"city":"","county":"Orleans","state":"Vermont","area":0.8,"lat":44.83182,"lon":-71.97025},"geometry":{"type":"Polygon","coordinates":[[[-71.98934,44.83582],[-71.99068,44.83742],[-71.98705,44.84591],[-71.98555,44.8446],[-71.98066,44.84599],[-71.97826,44.84508],[-71.97805,44.84017],[-71.97216,44.83712],[-71.97909,44.83181],[-71.97441,44.82789],[-71.94495,44.82537],[-71.93922,44.8264],[-71.93691,44.82247],[-71.94137,44.81834],[-71.94523,44.81865],[-71.958,44.82514],[-71.98241,44.82742],[-71.99074,44.835],[-71.98934,44.83582]]]}},{"type":"Feature","id":"05903","properties":{"zip":"05903","pop":null,"city":"Canaan","county":"Essex","state":"Vermont","area":44.16,"lat":44.938,"lon":-71.58291},"geometry":{"type":"Polygon","coordinates":[[[-71.69777,45.01142],[-71.5188,45.01311],[-71.5179,45.00783],[-71.51472,45.00544],[-71.52862,45.00099],[-71.53709,44.99261],[-71.53275,44.99107],[-71.53814,44.98985],[-71.54132,44.98507],[-71.5366,44.98337],[-71.52661,44.97127],[-71.52204,44.96854],[-71.52312,44.96685],[-71.51895,44.96787],[-71.52338,44.96396],[-71.51625,44.96409],[-71.51484,44.95874],[-71.51586,44.95276],[-71.51899,44.95011],[-71.51729,44.94469],[-71.51493,44.94416],[-71.51798,44.93874],[-71.52113,44.94036],[-71.52305,44.93926],[-71.51708,44.93588],[-71.51345,44.92881],[-71.51544,44.92692],[-71.50448,44.91906],[-71.49994,44.91117],[-71.49336,44.91161],[-71.49602,44.9089],[-71.49491,44.9043],[-71.50109,44.90443],[-71.5132,44.89478],[-71.51409,44.89315],[-71.51067,44.89043],[-71.51564,44.88537],[-71.51874,44.88481],[-71.52335,44.87919],[-71.52734,44.87828],[-71.52875,44.87349],[-71.53433,44.86946],[-71.54552,44.86613],[-71.54974,44.86146],[-71.54937,44.8592],[-71.55183,44.85913],[-71.55093,44.85791],[-71.55538,44.85789],[-71.55928,44.86024],[-71.56586,44.867],[-71.57617,44.86307],[-71.57954,44.8646],[-71.58407,44.85956],[-71.59638,44.86439],[-71.59722,44.86116],[-71.59363,44.85481],[-71.59508,44.85292],[-71.59404,44.84918],[-71.60537,44.85401],[-71.61364,44.86142],[-71.63089,44.86154],[-71.66345,44.87916],[-71.59827,44.95327],[-71.70084,45.00761],[-71.69777,45.01142]]]}},{"type":"Feature","id":"05156","properties":{"zip":"05156","pop":null,"city":"Springfield","county":"Windsor","state":"Vermont","area":44.83,"lat":43.3071,"lon":-72.46928},"geometry":{"type":"Polygon","coordinates":[[[-72.54825,43.27958],[-72.54667,43.31199],[-72.54244,43.31238],[-72.53727,43.31681],[-72.53832,43.32244],[-72.5276,43.326],[-72.52301,43.33227],[-72.51402,43.32964],[-72.51106,43.32389],[-72.50979,43.32495],[-72.51224,43.32892],[-72.51602,43.3316],[-72.50963,43.33105],[-72.50483,43.34064],[-72.4979,43.34574],[-72.49536,43.35068],[-72.48891,43.35074],[-72.4845,43.35594],[-72.47224,43.36293],[-72.45664,43.37656],[-72.46066,43.37873],[-72.46653,43.37828],[-72.46555,43.388],[-72.45969,43.38898],[-72.45675,43.39164],[-72.45569,43.39629],[-72.45588,43.40053],[-72.46598,43.40513],[-72.45987,43.4049],[-72.45982,43.40817],[-72.45216,43.40939],[-72.44841,43.41267],[-72.44779,43.41075],[-72.44093,43.40908],[-72.43668,43.41152],[-72.42529,43.40543],[-72.42543,43.40221],[-72.41941,43.40158],[-72.41997,43.39862],[-72.41636,43.39563],[-72.40333,43.3944],[-72.40525,43.38999],[-72.41315,43.3843],[-72.41538,43.38021],[-72.4151,43.3659],[-72.41338,43.36274],[-72.40395,43.3581],[-72.3901,43.35693],[-72.40098,43.34578],[-72.41035,43.33167],[-72.39546,43.31299],[-72.40167,43.3034],[-72.40784,43.28289],[-72.41545,43.27137],[-72.42158,43.26344],[-72.43522,43.25848],[-72.43869,43.2529],[-72.43894,43.24424],[-72.43379,43.23304],[-72.54914,43.2359],[-72.54825,43.27958]]]}},{"type":"Feature","id":"05344","properties":{"zip":"05344","pop":null,"city":"","county":"Windham","state":"Vermont","area":0.09,"lat":42.8387,"lon":-72.73275},"geometry":{"type":"Polygon","coordinates":[[[-72.73761,42.84062],[-72.73267,42.84099],[-72.73186,42.83845],[-72.72762,42.84094],[-72.72541,42.83916],[-72.73417,42.83573],[-72.7383,42.83859],[-72.73761,42.84062]]]}},{"type":"Feature","id":"05477","properties":{"zip":"05477","pop":null,"city":"Richmond","county":"Chittenden","state":"Vermont","area":24.14,"lat":44.39365,"lon":-72.99165},"geometry":{"type":"MultiPolygon","coordinates":[[[[-72.86941,44.40911],[-72.86039,44.41981],[-72.85415,44.42225],[-72.85231,44.42484],[-72.84749,44.42181],[-72.85079,44.41973],[-72.8475,44.41579],[-72.85064,44.41462],[-72.85395,44.41638],[-72.86563,44.40802],[-72.86941,44.40911]]],[[[-73.08144,44.37029],[-73.05182,44.42474],[-73.0423,44.42204],[-73.02062,44.43361],[-73.02088,44.43673],[-73.01402,44.43328],[-72.91884,44.42865],[-72.93618,44.37529],[-72.95212,44.34544],[-72.99106,44.35363],[-72.9849,44.34156],[-72.98575,44.33509],[-72.99442,44.33796],[-72.99591,44.33975],[-72.99502,44.34329],[-72.99606,44.33998],[-72.99438,44.33442],[-72.98786,44.33161],[-72.9888,44.32997],[-72.99685,44.33617],[-72.99798,44.34122],[-73.00547,44.33736],[-73.00406,44.34108],[-73.00223,44.34011],[-72.99988,44.34337],[-72.99611,44.34287],[-72.99306,44.34489],[-72.99255,44.35171],[-72.99616,44.35204],[-72.99494,44.35444],[-73.03279,44.36247],[-73.03539,44.37496],[-73.08144,44.37029]]]]}},{"type":"Feature","id":"05143","properties":{"zip":"05143","pop":null,"city":"","county":"Windsor","state":"Vermont","area":83.52,"lat":43.26268,"lon":-72.63094},"geometry":{"type":"Polygon","coordinates":[[[-72.76428,43.29519],[-72.75963,43.35377],[-72.72322,43.33926],[-72.72487,43.33061],[-72.72186,43.32634],[-72.72329,43.322],[-72.71949,43.32113],[-72.72016,43.31577],[-72.72166,43.31617],[-72.7208,43.30717],[-72.71074,43.30425],[-72.71002,43.31538],[-72.71277,43.31565],[-72.71395,43.31796],[-72.71079,43.31871],[-72.70535,43.3159],[-72.69832,43.3291],[-72.68103,43.32211],[-72.67949,43.35155],[-72.60697,43.34813],[-72.5798,43.36817],[-72.53877,43.38097],[-72.54455,43.35605],[-72.5464,43.33157],[-72.54092,43.33209],[-72.54051,43.32591],[-72.528,43.32576],[-72.53832,43.32244],[-72.53727,43.31681],[-72.54244,43.31238],[-72.54667,43.31199],[-72.54914,43.2359],[-72.49652,43.23483],[-72.50086,43.22331],[-72.50065,43.219],[-72.50344,43.21703],[-72.50636,43.20832],[-72.51759,43.2079],[-72.51715,43.20341],[-72.51425,43.20265],[-72.51498,43.20064],[-72.53499,43.19818],[-72.53523,43.18244],[-72.54138,43.18088],[-72.54146,43.176],[-72.52223,43.17555],[-72.52418,43.17388],[-72.52445,43.16544],[-72.53249,43.16074],[-72.53359,43.15538],[-72.53096,43.15177],[-72.53108,43.13772],[-72.55017,43.14635],[-72.55775,43.1445],[-72.55799,43.12776],[-72.55675,43.12777],[-72.57286,43.07088],[-72.60543,43.07213],[-72.59618,43.10457],[-72.62359,43.10572],[-72.60106,43.12156],[-72.60394,43.14204],[-72.5539,43.14723],[-72.55995,43.16857],[-72.55969,43.18123],[-72.55717,43.18767],[-72.55683,43.21382],[-72.56452,43.22051],[-72.57084,43.21502],[-72.57215,43.21647],[-72.56996,43.21855],[-72.56953,43.22405],[-72.57297,43.22638],[-72.56821,43.23295],[-72.56273,43.23293],[-72.56022,43.23484],[-72.68561,43.22252],[-72.68382,43.21841],[-72.68455,43.19747],[-72.6882,43.19539],[-72.69175,43.19641],[-72.71851,43.21313],[-72.72244,43.21932],[-72.73562,43.21955],[-72.73375,43.22388],[-72.72768,43.22639],[-72.73027,43.23325],[-72.7568,43.24005],[-72.75513,43.27065],[-72.7652,43.27267],[-72.76428,43.29519]]]}},{"type":"Feature","id":"05868","properties":{"zip":"05868","pop":null,"city":"Troy","county":"Orleans","state":"Vermont","area":3.21,"lat":44.91887,"lon":-72.36739},"geometry":{"type":"Polygon","coordinates":[[[-72.4103,44.89933],[-72.40613,44.9035],[-72.39665,44.90558],[-72.39448,44.91179],[-72.39239,44.91286],[-72.38322,44.91058],[-72.36708,44.912],[-72.36687,44.91671],[-72.36248,44.91782],[-72.36049,44.92078],[-72.36326,44.92464],[-72.36544,44.94476],[-72.35457,44.94501],[-72.35455,44.94828],[-72.35546,44.95204],[-72.36215,44.95203],[-72.36248,44.9561],[-72.36769,44.95691],[-72.34756,44.95637],[-72.34693,44.95363],[-72.34268,44.95288],[-72.35676,44.89988],[-72.35965,44.9009],[-72.36481,44.8961],[-72.3752,44.89208],[-72.3773,44.89225],[-72.38005,44.89635],[-72.39178,44.89711],[-72.39364,44.89951],[-72.39829,44.90037],[-72.39816,44.90212],[-72.40043,44.90221],[-72.40096,44.9002],[-72.40328,44.90184],[-72.4047,44.89644],[-72.40701,44.89472],[-72.40987,44.8943],[-72.4103,44.89933]]]}},{"type":"Feature","id":"05036","properties":{"zip":"05036","pop":null,"city":"","county":"Orange","state":"Vermont","area":22.31,"lat":44.02612,"lon":-72.57846},"geometry":{"type":"Polygon","coordinates":[[[-72.64362,44.01049],[-72.64156,44.02098],[-72.62577,44.04418],[-72.62706,44.05313],[-72.62533,44.0564],[-72.62036,44.05826],[-72.61968,44.06134],[-72.61137,44.06973],[-72.6138,44.07444],[-72.6246,44.07733],[-72.63586,44.072],[-72.63838,44.0754],[-72.63422,44.07603],[-72.62918,44.08786],[-72.61375,44.08357],[-72.60759,44.06959],[-72.60524,44.05726],[-72.60272,44.05606],[-72.60714,44.06891],[-72.60528,44.08121],[-72.53821,44.06248],[-72.51028,43.96619],[-72.54908,43.97681],[-72.54804,43.97896],[-72.5509,43.98209],[-72.547,43.98908],[-72.55075,43.9901],[-72.54947,43.99334],[-72.55214,43.99927],[-72.54576,44.00813],[-72.55119,44.00832],[-72.55694,44.00562],[-72.55862,44.01049],[-72.55728,44.01169],[-72.56299,44.01315],[-72.56733,44.01808],[-72.57028,44.01883],[-72.56659,44.00966],[-72.56814,44.00702],[-72.56478,44.00358],[-72.56139,43.99511],[-72.55823,43.99275],[-72.55724,43.97901],[-72.64323,44.00224],[-72.64362,44.01049]]]}},{"type":"Feature","id":"05154","properties":{"zip":"05154","pop":null,"city":"Saxtons River","county":"Windham","state":"Vermont","area":1.79,"lat":43.13547,"lon":-72.53451},"geometry":{"type":"Polygon","coordinates":[[[-72.55775,43.1445],[-72.55017,43.14635],[-72.53108,43.13772],[-72.53103,43.14565],[-72.52728,43.13974],[-72.52205,43.13928],[-72.52161,43.13704],[-72.51819,43.13847],[-72.51664,43.1329],[-72.51115,43.13426],[-72.50962,43.13818],[-72.51757,43.13859],[-72.51775,43.14137],[-72.50164,43.14458],[-72.50126,43.14075],[-72.50401,43.13704],[-72.50756,43.13664],[-72.50828,43.13309],[-72.51151,43.13305],[-72.51558,43.12717],[-72.55799,43.12776],[-72.55775,43.1445]]]}},{"type":"Feature","id":"05746","properties":{"zip":"05746","pop":null,"city":"","county":"Windsor","state":"Vermont","area":3.18,"lat":43.721,"lon":-72.78837},"geometry":{"type":"Polygon","coordinates":[[[-72.80813,43.73465],[-72.78857,43.73982],[-72.78319,43.73165],[-72.77586,43.72658],[-72.77217,43.72799],[-72.75578,43.72296],[-72.75175,43.72489],[-72.74097,43.72398],[-72.73675,43.72785],[-72.73525,43.73553],[-72.73607,43.72781],[-72.74055,43.72345],[-72.75157,43.72477],[-72.7556,43.72259],[-72.7641,43.7149],[-72.771,43.70289],[-72.8201,43.71673],[-72.80813,43.73465]]]}},{"type":"Feature","id":"05874","properties":{"zip":"05874","pop":null,"city":"","county":"Orleans","state":"Vermont","area":28.16,"lat":44.87544,"lon":-72.46172},"geometry":{"type":"Polygon","coordinates":[[[-72.53793,44.88584],[-72.5185,44.89779],[-72.51207,44.9087],[-72.50421,44.91265],[-72.49604,44.92352],[-72.50093,44.9262],[-72.41257,44.92632],[-72.40827,44.87496],[-72.4018,44.87694],[-72.39072,44.87068],[-72.38751,44.87101],[-72.38727,44.85996],[-72.36696,44.86004],[-72.37132,44.84157],[-72.40461,44.84166],[-72.40383,44.83513],[-72.53265,44.83351],[-72.53793,44.88584]]]}},{"type":"Feature","id":"05476","properties":{"zip":"05476","pop":null,"city":"","county":"Franklin","state":"Vermont","area":45.86,"lat":44.96041,"lon":-72.64563},"geometry":{"type":"Polygon","coordinates":[[[-72.76586,44.9733],[-72.75047,44.97877],[-72.74953,44.98101],[-72.74564,44.98094],[-72.74285,44.98373],[-72.73363,44.98434],[-72.73447,44.98704],[-72.72678,44.98741],[-72.72802,44.99113],[-72.72045,44.99113],[-72.72567,45.01261],[-72.72205,45.01263],[-72.72216,45.01565],[-72.58988,45.01324],[-72.55388,45.00827],[-72.5365,44.92611],[-72.57631,44.92461],[-72.58799,44.91918],[-72.60612,44.9212],[-72.61808,44.9197],[-72.6396,44.90301],[-72.63868,44.90133],[-72.63368,44.90208],[-72.63357,44.89848],[-72.64357,44.89955],[-72.64738,44.9036],[-72.65202,44.90154],[-72.65756,44.90937],[-72.66376,44.90796],[-72.67387,44.91437],[-72.68066,44.90879],[-72.68882,44.9095],[-72.68777,44.9011],[-72.68939,44.90158],[-72.69563,44.89371],[-72.70046,44.89199],[-72.69995,44.88545],[-72.70441,44.88131],[-72.71274,44.88501],[-72.71648,44.87942],[-72.72234,44.8792],[-72.72008,44.88205],[-72.72222,44.8816],[-72.72225,44.88938],[-72.7335,44.88905],[-72.73184,44.89462],[-72.72887,44.89477],[-72.73051,44.89734],[-72.74076,44.89727],[-72.7346,44.90504],[-72.73563,44.91536],[-72.72977,44.91558],[-72.73045,44.92068],[-72.72336,44.92095],[-72.7231,44.92609],[-72.72499,44.92664],[-72.70343,44.92743],[-72.70099,44.92928],[-72.69947,44.92759],[-72.68232,44.92804],[-72.69626,44.93037],[-72.701,44.93286],[-72.69824,44.93343],[-72.70047,44.93646],[-72.69657,44.94739],[-72.69981,44.9548],[-72.71917,44.93916],[-72.72476,44.95513],[-72.73876,44.95392],[-72.74088,44.96334],[-72.75817,44.96202],[-72.76586,44.9733]]]}},{"type":"Feature","id":"05068","properties":{"zip":"05068","pop":null,"city":"","county":"Windsor","state":"Vermont","area":43.27,"lat":43.79186,"lon":-72.52932},"geometry":{"type":"Polygon","coordinates":[[[-72.61114,43.77436],[-72.60372,43.77831],[-72.58867,43.77409],[-72.58553,43.78018],[-72.59237,43.78204],[-72.59417,43.78704],[-72.59847,43.78384],[-72.59772,43.78954],[-72.60405,43.79113],[-72.59659,43.79999],[-72.60297,43.80111],[-72.60066,43.80487],[-72.6049,43.80559],[-72.59925,43.81196],[-72.59205,43.81018],[-72.58833,43.81435],[-72.58511,43.81385],[-72.58281,43.81658],[-72.57837,43.81585],[-72.57536,43.82014],[-72.57246,43.82003],[-72.5764,43.8241],[-72.56597,43.82304],[-72.57237,43.82618],[-72.57746,43.82506],[-72.58886,43.83325],[-72.59779,43.84542],[-72.58297,43.8625],[-72.58328,43.86619],[-72.58616,43.86879],[-72.58495,43.87202],[-72.58654,43.87258],[-72.58399,43.87315],[-72.58329,43.86725],[-72.5797,43.86616],[-72.57603,43.86665],[-72.5724,43.87184],[-72.55683,43.86794],[-72.55474,43.87229],[-72.55031,43.87185],[-72.54273,43.86361],[-72.45952,43.83809],[-72.46326,43.83372],[-72.46107,43.82374],[-72.46455,43.81552],[-72.46033,43.8139],[-72.46246,43.81101],[-72.45871,43.80787],[-72.46556,43.79761],[-72.46616,43.79249],[-72.46846,43.79322],[-72.47148,43.78844],[-72.46793,43.78505],[-72.46137,43.78462],[-72.45939,43.78202],[-72.45108,43.78309],[-72.44661,43.77725],[-72.45027,43.77282],[-72.45131,43.76061],[-72.45426,43.75733],[-72.44704,43.74815],[-72.44705,43.74498],[-72.43733,43.73756],[-72.43561,43.73007],[-72.49132,43.74596],[-72.49992,43.73363],[-72.49602,43.72749],[-72.49733,43.72264],[-72.4989,43.72312],[-72.49759,43.72712],[-72.50011,43.72919],[-72.51187,43.73083],[-72.5146,43.72473],[-72.51739,43.72555],[-72.51726,43.72411],[-72.52244,43.72361],[-72.52697,43.71833],[-72.53063,43.71957],[-72.53178,43.71451],[-72.53956,43.718],[-72.54157,43.72208],[-72.5576,43.72694],[-72.56899,43.727],[-72.57477,43.72929],[-72.57649,43.73362],[-72.59051,43.73313],[-72.5903,43.75085],[-72.59566,43.75182],[-72.59752,43.76261],[-72.61133,43.76279],[-72.61114,43.77436]]]}},{"type":"Feature","id":"05403","properties":{"zip":"05403","pop":null,"city":"South Burlington","county":"Chittenden","state":"Vermont","area":11.84,"lat":44.44707,"lon":-73.17229},"geometry":{"type":"Polygon","coordinates":[[[-73.23161,44.44664],[-73.21767,44.44645],[-73.21806,44.44804],[-73.20944,44.44593],[-73.20887,44.45228],[-73.2053,44.45294],[-73.20858,44.45523],[-73.19004,44.45444],[-73.19379,44.47418],[-73.19001,44.47248],[-73.16925,44.49093],[-73.16797,44.48658],[-73.16255,44.48979],[-73.15737,44.49012],[-73.15436,44.4883],[-73.14402,44.49013],[-73.14326,44.49184],[-73.14775,44.4933],[-73.14022,44.5007],[-73.1371,44.50091],[-73.14055,44.49581],[-73.14008,44.48992],[-73.14317,44.48767],[-73.14446,44.48089],[-73.14115,44.47818],[-73.13632,44.47772],[-73.13484,44.47251],[-73.13821,44.46964],[-73.13575,44.46223],[-73.13687,44.45904],[-73.135,44.45732],[-73.13993,44.44938],[-73.13597,44.44557],[-73.13535,44.44243],[-73.1463,44.42792],[-73.1447,44.42547],[-73.14662,44.41993],[-73.14472,44.41199],[-73.15136,44.41084],[-73.15461,44.40522],[-73.21219,44.42087],[-73.21163,44.42631],[-73.21472,44.42616],[-73.21589,44.42188],[-73.21836,44.42272],[-73.21721,44.42628],[-73.21987,44.431],[-73.21896,44.43433],[-73.22096,44.4418],[-73.23157,44.44297],[-73.23338,44.44397],[-73.23161,44.44664]]]}},{"type":"Feature","id":"05768","properties":{"zip":"05768","pop":null,"city":"","county":"Bennington","state":"Vermont","area":3.32,"lat":43.29831,"lon":-73.22169},"geometry":{"type":"Polygon","coordinates":[[[-73.24514,43.30466],[-73.24228,43.31393],[-73.19391,43.31214],[-73.19796,43.29352],[-73.21445,43.2883],[-73.22967,43.27432],[-73.23674,43.27405],[-73.24183,43.30225],[-73.24514,43.30466]]]}},{"type":"Feature","id":"05819","properties":{"zip":"05819","pop":null,"city":"St. Johnsbury","county":"Caledonia","state":"Vermont","area":65.01,"lat":44.40399,"lon":-71.98842},"geometry":{"type":"Polygon","coordinates":[[[-72.10399,44.39279],[-72.09657,44.39342],[-72.07991,44.38643],[-72.06839,44.387],[-72.06324,44.39002],[-72.05815,44.38762],[-72.05387,44.39369],[-72.05501,44.40128],[-72.05352,44.4041],[-72.05041,44.40414],[-72.04621,44.40008],[-72.06917,44.46928],[-72.07883,44.47769],[-72.07726,44.48425],[-72.0748,44.48641],[-72.08352,44.51031],[-71.97163,44.49347],[-71.97218,44.48154],[-71.97428,44.47559],[-71.97286,44.47633],[-71.97018,44.47269],[-71.96691,44.47273],[-71.96568,44.47548],[-71.9606,44.47595],[-71.95876,44.47829],[-71.9532,44.47519],[-71.96037,44.47355],[-71.95949,44.47082],[-71.96228,44.47002],[-71.95917,44.46132],[-71.95614,44.46191],[-71.95355,44.45517],[-71.95604,44.45189],[-71.95325,44.44632],[-71.94409,44.44645],[-71.92952,44.45067],[-71.92602,44.4465],[-71.92254,44.44737],[-71.93322,44.44114],[-71.91489,44.42316],[-71.92181,44.41965],[-71.90799,44.41649],[-71.83772,44.34774],[-71.85263,44.34087],[-71.86194,44.34011],[-71.87247,44.33663],[-71.90233,44.3475],[-71.90942,44.3484],[-71.91743,44.34654],[-71.92911,44.33758],[-71.93539,44.33577],[-71.94516,44.33774],[-71.98112,44.3375],[-71.98462,44.33624],[-71.98831,44.32977],[-72.00466,44.32385],[-72.00822,44.32606],[-72.01464,44.32522],[-72.01498,44.33081],[-72.02371,44.32294],[-72.02789,44.32363],[-72.03186,44.32189],[-72.03361,44.3266],[-72.03794,44.33028],[-72.03267,44.33737],[-72.03241,44.34108],[-72.03434,44.34629],[-72.03808,44.34735],[-72.04032,44.34468],[-72.03701,44.34181],[-72.04227,44.33783],[-72.03975,44.32765],[-72.0435,44.34062],[-72.05129,44.34237],[-72.05854,44.33982],[-72.07104,44.32547],[-72.07385,44.32511],[-72.09121,44.33583],[-72.09167,44.3407],[-72.08453,44.35775],[-72.08659,44.35967],[-72.09163,44.35937],[-72.08093,44.36847],[-72.09068,44.37678],[-72.09858,44.38875],[-72.10399,44.39279]]]}},{"type":"Feature","id":"05660","properties":{"zip":"05660","pop":null,"city":"","county":"Washington","state":"Vermont","area":27.07,"lat":44.24722,"lon":-72.76837},"geometry":{"type":"Polygon","coordinates":[[[-72.87436,44.24842],[-72.87237,44.25534],[-72.87372,44.26356],[-72.87132,44.26768],[-72.8441,44.25803],[-72.84151,44.26592],[-72.83421,44.26335],[-72.83628,44.26505],[-72.83376,44.26924],[-72.83675,44.2713],[-72.83542,44.27691],[-72.8238,44.2725],[-72.82279,44.28269],[-72.82102,44.28207],[-72.81841,44.28877],[-72.80546,44.28418],[-72.80586,44.28259],[-72.80008,44.28041],[-72.7972,44.28552],[-72.78635,44.28045],[-72.78734,44.27895],[-72.78437,44.2776],[-72.78568,44.27177],[-72.78393,44.2683],[-72.78713,44.25872],[-72.78341,44.25142],[-72.76992,44.27818],[-72.76222,44.27584],[-72.75623,44.27684],[-72.74753,44.27314],[-72.74827,44.27508],[-72.73595,44.30038],[-72.73758,44.3013],[-72.73466,44.30717],[-72.72,44.30282],[-72.72033,44.30158],[-72.70649,44.29375],[-72.70366,44.29419],[-72.70256,44.29697],[-72.69756,44.29885],[-72.69691,44.30084],[-72.69541,44.29854],[-72.67924,44.29113],[-72.68853,44.29168],[-72.69637,44.28123],[-72.69795,44.28204],[-72.7018,44.27476],[-72.7032,44.27536],[-72.70649,44.2682],[-72.70364,44.26668],[-72.70746,44.25908],[-72.70875,44.25964],[-72.71407,44.24568],[-72.70799,44.24297],[-72.70993,44.23853],[-72.70321,44.23547],[-72.70448,44.23286],[-72.69521,44.2274],[-72.69724,44.22247],[-72.69135,44.2194],[-72.69257,44.21746],[-72.67784,44.21049],[-72.6767,44.21272],[-72.67049,44.21109],[-72.68368,44.18527],[-72.78948,44.23957],[-72.79685,44.23168],[-72.78918,44.2277],[-72.78427,44.22883],[-72.7852,44.2276],[-72.78664,44.22818],[-72.78881,44.22751],[-72.79086,44.22804],[-72.79753,44.23094],[-72.8222,44.20355],[-72.85261,44.21122],[-72.84679,44.21993],[-72.85164,44.22527],[-72.84918,44.2333],[-72.86012,44.23615],[-72.86363,44.24025],[-72.87433,44.24542],[-72.87436,44.24842]],[[-72.80372,44.23186],[-72.80273,44.23241],[-72.80089,44.23123],[-72.79947,44.23153],[-72.80273,44.23257],[-72.80478,44.23213],[-72.80372,44.23186]]]}},{"type":"Feature","id":"05675","properties":{"zip":"05675","pop":null,"city":"","county":"Orange","state":"Vermont","area":26.8,"lat":44.07378,"lon":-72.41824},"geometry":{"type":"Polygon","coordinates":[[[-72.4874,44.07676],[-72.46523,44.11672],[-72.44063,44.1233],[-72.43754,44.11811],[-72.42994,44.11628],[-72.42556,44.12262],[-72.42556,44.12674],[-72.40762,44.12992],[-72.41071,44.13345],[-72.40872,44.13379],[-72.39858,44.13145],[-72.36909,44.11136],[-72.36613,44.10603],[-72.36978,44.10031],[-72.36706,44.08631],[-72.36241,44.08516],[-72.35888,44.08867],[-72.35303,44.08822],[-72.34815,44.09357],[-72.37796,44.01738],[-72.38163,44.01114],[-72.3855,44.00955],[-72.43705,44.02766],[-72.43468,44.03421],[-72.42855,44.03971],[-72.42453,44.05354],[-72.43366,44.04757],[-72.43869,44.04726],[-72.45289,44.03321],[-72.47556,44.04117],[-72.47699,44.04871],[-72.48408,44.05113],[-72.48528,44.05511],[-72.48296,44.05861],[-72.4874,44.07676]]]}},{"type":"Feature","id":"05359","properties":{"zip":"05359","pop":null,"city":"","county":"Windham","state":"Vermont","area":21.61,"lat":43.15171,"lon":-72.72121},"geometry":{"type":"Polygon","coordinates":[[[-72.79742,43.12871],[-72.7981,43.13112],[-72.79148,43.14118],[-72.79441,43.14544],[-72.79319,43.14758],[-72.77142,43.14171],[-72.77368,43.15584],[-72.77111,43.16478],[-72.76429,43.17223],[-72.76592,43.17604],[-72.7639,43.17923],[-72.76533,43.18449],[-72.755,43.19242],[-72.74816,43.19223],[-72.74527,43.19419],[-72.73985,43.2053],[-72.73456,43.20757],[-72.73855,43.21272],[-72.73562,43.21955],[-72.72244,43.21932],[-72.71851,43.21313],[-72.69175,43.19641],[-72.6882,43.19539],[-72.68455,43.19747],[-72.68741,43.15852],[-72.6809,43.14857],[-72.68189,43.13253],[-72.67099,43.13386],[-72.66211,43.1175],[-72.67629,43.11043],[-72.67744,43.10046],[-72.67545,43.09432],[-72.67742,43.08968],[-72.69523,43.09005],[-72.69508,43.09159],[-72.69891,43.09184],[-72.70097,43.08802],[-72.70464,43.08626],[-72.70459,43.08216],[-72.70957,43.08295],[-72.71157,43.08155],[-72.70783,43.07686],[-72.71011,43.0737],[-72.71377,43.08336],[-72.71161,43.08311],[-72.71535,43.08379],[-72.71832,43.08336],[-72.71417,43.08336],[-72.72584,43.07414],[-72.71255,43.11289],[-72.71062,43.12125],[-72.71177,43.12379],[-72.72169,43.12066],[-72.72693,43.13018],[-72.75827,43.13822],[-72.75932,43.13533],[-72.76376,43.13689],[-72.76659,43.13512],[-72.76524,43.12478],[-72.7801,43.12851],[-72.7905,43.12402],[-72.79836,43.12595],[-72.79742,43.12871]]]}},{"type":"Feature","id":"05855","properties":{"zip":"05855","pop":null,"city":"Newport","county":"Orleans","state":"Vermont","area":49.75,"lat":44.9282,"lon":-72.19413},"geometry":{"type":"Polygon","coordinates":[[[-72.30878,44.87506],[-72.28092,44.91441],[-72.28567,44.91593],[-72.28535,44.91745],[-72.28038,44.91745],[-72.27875,44.91996],[-72.28261,44.92053],[-72.28344,44.92393],[-72.27918,44.92526],[-72.27933,44.92864],[-72.28752,44.93029],[-72.28294,44.93179],[-72.26991,44.93135],[-72.26544,44.93973],[-72.26049,44.93982],[-72.25669,44.94362],[-72.25546,44.9489],[-72.25252,44.94741],[-72.2459,44.95425],[-72.24146,44.95327],[-72.24268,44.95502],[-72.23721,44.96016],[-72.23826,44.96149],[-72.2368,44.96286],[-72.24507,44.96332],[-72.24635,44.96742],[-72.24639,44.96978],[-72.23976,44.97741],[-72.2399,44.98539],[-72.24355,44.98745],[-72.24195,44.98889],[-72.25566,45.00446],[-72.12858,45.00586],[-72.13013,44.99906],[-72.12841,44.99857],[-72.13398,44.99608],[-72.12692,44.99129],[-72.1138,44.98745],[-72.11505,44.98086],[-72.12731,44.96391],[-72.14465,44.96441],[-72.15406,44.94783],[-72.14072,44.94987],[-72.1233,44.93654],[-72.12372,44.92936],[-72.11611,44.92721],[-72.08849,44.90546],[-72.07869,44.90362],[-72.11943,44.86441],[-72.15241,44.88225],[-72.1567,44.87403],[-72.16989,44.87497],[-72.17674,44.87332],[-72.18537,44.86457],[-72.18658,44.86533],[-72.1821,44.86943],[-72.18715,44.87037],[-72.19061,44.87451],[-72.1919,44.87219],[-72.19859,44.87433],[-72.20606,44.86591],[-72.21239,44.86546],[-72.21959,44.8692],[-72.22309,44.86863],[-72.23458,44.85796],[-72.24034,44.85992],[-72.24311,44.85623],[-72.25455,44.86064],[-72.25316,44.86294],[-72.26483,44.86982],[-72.2643,44.87376],[-72.2702,44.8687],[-72.27908,44.86894],[-72.28171,44.86738],[-72.28714,44.86934],[-72.28259,44.86512],[-72.30878,44.87506]]]}},{"type":"Feature","id":"05446","properties":{"zip":"05446","pop":null,"city":"","county":"Chittenden","state":"Vermont","area":42.1,"lat":44.55418,"lon":-73.21691},"geometry":{"type":"Polygon","coordinates":[[[-73.36149,44.56352],[-73.29381,44.5784],[-73.27575,44.58613],[-73.26559,44.59261],[-73.25838,44.60038],[-73.25446,44.6079],[-73.23188,44.61363],[-73.21758,44.60509],[-73.2016,44.60377],[-73.19841,44.60782],[-73.1035,44.57268],[-73.10146,44.56975],[-73.10383,44.56706],[-73.10366,44.56273],[-73.14654,44.50538],[-73.13568,44.50286],[-73.14775,44.4933],[-73.14326,44.49184],[-73.14402,44.49013],[-73.15436,44.4883],[-73.15737,44.49012],[-73.16255,44.48979],[-73.16797,44.48658],[-73.16925,44.49093],[-73.17203,44.4883],[-73.17113,44.49327],[-73.16349,44.49287],[-73.15939,44.49752],[-73.1705,44.50144],[-73.17254,44.49892],[-73.19203,44.50614],[-73.19483,44.50242],[-73.19321,44.50169],[-73.20215,44.4927],[-73.20296,44.50123],[-73.21255,44.50603],[-73.21423,44.50926],[-73.21884,44.5097],[-73.22461,44.50621],[-73.22816,44.50897],[-73.22604,44.51319],[-73.21884,44.51596],[-73.22583,44.51669],[-73.2308,44.51333],[-73.23824,44.51629],[-73.23932,44.51753],[-73.23665,44.52173],[-73.24051,44.52833],[-73.24783,44.52704],[-73.25013,44.52271],[-73.25325,44.52459],[-73.25869,44.5233],[-73.26568,44.52529],[-73.26684,44.52824],[-73.2626,44.53706],[-73.26748,44.53993],[-73.27401,44.5378],[-73.27024,44.53146],[-73.32119,44.52033],[-73.32203,44.52529],[-73.32946,44.5292],[-73.33159,44.53592],[-73.33899,44.5433],[-73.33875,44.54805],[-73.34293,44.55191],[-73.35679,44.55792],[-73.36149,44.56352]]]}},{"type":"Feature","id":"05444","properties":{"zip":"05444","pop":null,"city":"Cambridge","county":"Lamoille","state":"Vermont","area":20.02,"lat":44.62652,"lon":-72.88248},"geometry":{"type":"Polygon","coordinates":[[[-72.98794,44.64766],[-72.97798,44.64584],[-72.9721,44.65177],[-72.96285,44.65206],[-72.94646,44.64677],[-72.94641,44.64986],[-72.94355,44.65016],[-72.94026,44.64452],[-72.93188,44.64779],[-72.93607,44.64379],[-72.93104,44.645],[-72.92793,44.641],[-72.92431,44.64115],[-72.92739,44.64493],[-72.92634,44.64805],[-72.9228,44.64998],[-72.93877,44.67125],[-72.95058,44.6679],[-72.94717,44.6701],[-72.95106,44.66982],[-72.96128,44.66379],[-72.96666,44.66478],[-72.97034,44.66302],[-72.97266,44.66487],[-72.97585,44.66051],[-72.98149,44.65866],[-72.98427,44.66272],[-72.98615,44.67059],[-72.96866,44.67259],[-72.96666,44.68262],[-72.96107,44.68363],[-72.96608,44.69453],[-72.96031,44.69961],[-72.94144,44.67475],[-72.9345,44.68218],[-72.92427,44.67831],[-72.91952,44.67956],[-72.91407,44.68717],[-72.90645,44.69235],[-72.90433,44.7001],[-72.90058,44.69889],[-72.90116,44.69408],[-72.89824,44.68864],[-72.89274,44.68851],[-72.88952,44.69498],[-72.88629,44.69304],[-72.88799,44.69052],[-72.88292,44.6885],[-72.88395,44.6843],[-72.87686,44.68578],[-72.87088,44.68397],[-72.88731,44.66187],[-72.88099,44.6565],[-72.87952,44.65198],[-72.87345,44.64878],[-72.87358,44.65007],[-72.8691,44.64946],[-72.86944,44.64735],[-72.8671,44.64679],[-72.87236,44.63959],[-72.85834,44.62034],[-72.85665,44.6193],[-72.85422,44.62199],[-72.85142,44.62103],[-72.85457,44.61572],[-72.84672,44.61292],[-72.84957,44.60847],[-72.84412,44.60376],[-72.84276,44.60639],[-72.83967,44.60603],[-72.84107,44.60384],[-72.82765,44.59884],[-72.83207,44.59285],[-72.82935,44.59165],[-72.83036,44.59034],[-72.82428,44.58805],[-72.82993,44.58028],[-72.81096,44.57304],[-72.80102,44.58634],[-72.78872,44.5815],[-72.78748,44.5832],[-72.78559,44.58225],[-72.77674,44.57234],[-72.78235,44.57061],[-72.7869,44.56002],[-72.79589,44.55537],[-72.79708,44.55233],[-72.79314,44.5476],[-72.79249,44.54285],[-72.82704,44.55069],[-72.90996,44.6312],[-72.91706,44.62206],[-72.92243,44.62501],[-72.91597,44.63196],[-72.98401,44.64263],[-72.98353,44.64575],[-72.98794,44.64766]]]}},{"type":"Feature","id":"05641","properties":{"zip":"05641","pop":null,"city":"Barre","county":"Washington","state":"Vermont","area":48.5,"lat":44.18598,"lon":-72.45111},"geometry":{"type":"MultiPolygon","coordinates":[[[[-72.57822,44.16589],[-72.57543,44.17589],[-72.57681,44.19682],[-72.57958,44.20511],[-72.57635,44.21002],[-72.56652,44.20768],[-72.56409,44.21358],[-72.55879,44.21742],[-72.55788,44.22597],[-72.55452,44.23163],[-72.55143,44.23271],[-72.55289,44.23654],[-72.54756,44.24152],[-72.54329,44.24203],[-72.53454,44.24113],[-72.52444,44.23729],[-72.51948,44.24167],[-72.46881,44.23157],[-72.46475,44.23424],[-72.46123,44.2405],[-72.45078,44.24189],[-72.4424,44.24029],[-72.45746,44.22934],[-72.41975,44.22098],[-72.41477,44.22689],[-72.41099,44.22232],[-72.40466,44.22092],[-72.39578,44.22269],[-72.37942,44.22086],[-72.36919,44.21724],[-72.35735,44.21849],[-72.36835,44.20406],[-72.30498,44.18315],[-72.31138,44.16105],[-72.32122,44.15317],[-72.3199,44.14636],[-72.32193,44.14535],[-72.32538,44.14918],[-72.32983,44.14664],[-72.35929,44.1442],[-72.39998,44.15305],[-72.40346,44.14591],[-72.39863,44.14336],[-72.40025,44.14069],[-72.39801,44.13991],[-72.40207,44.13582],[-72.40203,44.1331],[-72.41071,44.13345],[-72.40762,44.12992],[-72.42556,44.12674],[-72.42556,44.12262],[-72.42994,44.11628],[-72.43754,44.11811],[-72.44443,44.1292],[-72.45993,44.1346],[-72.46018,44.1439],[-72.4587,44.14546],[-72.46476,44.14743],[-72.46216,44.15492],[-72.46754,44.15891],[-72.47072,44.15757],[-72.47063,44.16307],[-72.47653,44.16779],[-72.47945,44.16827],[-72.47406,44.16388],[-72.48387,44.1604],[-72.48592,44.15239],[-72.48944,44.15584],[-72.49142,44.15555],[-72.50008,44.16992],[-72.50108,44.166],[-72.5053,44.16595],[-72.51176,44.14924],[-72.55967,44.1629],[-72.56399,44.15478],[-72.58313,44.15943],[-72.57822,44.16589]],[[-72.50885,44.17384],[-72.50744,44.17345],[-72.50165,44.18143],[-72.50636,44.17983],[-72.50885,44.17384]],[[-72.46216,44.15492],[-72.45904,44.15278],[-72.458,44.14925],[-72.4514,44.15871],[-72.43801,44.14892],[-72.43683,44.15363],[-72.45461,44.16554],[-72.44941,44.16048],[-72.45218,44.15866],[-72.4604,44.15996],[-72.46216,44.15492]]],[[[-72.80478,44.23213],[-72.80273,44.23257],[-72.79947,44.23153],[-72.80273,44.23241],[-72.80478,44.23213]]]]}},{"type":"Feature","id":"05701","properties":{"zip":"05701","pop":null,"city":"Rutland","county":"Rutland","state":"Vermont","area":49.38,"lat":43.63358,"lon":-72.91358},"geometry":{"type":"Polygon","coordinates":[[[-73.02859,43.6255],[-73.02479,43.62559],[-73.02347,43.63759],[-73.01526,43.63777],[-73.01695,43.64655],[-73.01128,43.64739],[-73.01135,43.64967],[-73.00813,43.64991],[-73.00864,43.65879],[-73.01883,43.65891],[-73.01896,43.66425],[-73.01412,43.6612],[-73.01223,43.6636],[-73.01361,43.66641],[-72.9434,43.66933],[-72.94448,43.67294],[-72.94786,43.67327],[-72.95086,43.67705],[-72.95287,43.68742],[-72.95726,43.69127],[-72.95391,43.69142],[-72.95477,43.69386],[-72.94607,43.69771],[-72.94423,43.70421],[-72.93296,43.70666],[-72.92279,43.71328],[-72.91535,43.71248],[-72.90807,43.71504],[-72.90054,43.71311],[-72.88854,43.70631],[-72.87922,43.69478],[-72.8729,43.69129],[-72.86906,43.69111],[-72.82609,43.70623],[-72.84331,43.67227],[-72.84658,43.66938],[-72.84561,43.66772],[-72.8707,43.61823],[-72.77283,43.59157],[-72.77498,43.57937],[-72.94769,43.57411],[-72.94604,43.59073],[-72.9509,43.58936],[-72.95006,43.59337],[-72.96368,43.59114],[-72.95905,43.5874],[-72.95831,43.5836],[-72.95472,43.58502],[-72.95449,43.58059],[-72.95967,43.58022],[-72.95906,43.57375],[-72.96573,43.57344],[-72.96635,43.57614],[-72.96934,43.57325],[-72.9747,43.57296],[-72.97512,43.5808],[-72.98509,43.58388],[-72.98384,43.58565],[-72.98786,43.5852],[-72.98725,43.58725],[-72.99036,43.58674],[-72.98982,43.58499],[-73.00414,43.59071],[-73.00467,43.59617],[-73.0113,43.59968],[-73.00928,43.60244],[-73.00262,43.60213],[-73.01145,43.60727],[-73.00713,43.60807],[-73.00851,43.60985],[-73.00729,43.61035],[-73.00571,43.60865],[-73.00689,43.62972],[-72.98856,43.6302],[-72.99022,43.63578],[-73.02703,43.62422],[-73.02859,43.6255]]]}},{"type":"Feature","id":"05070","properties":{"zip":"05070","pop":null,"city":"","county":"Orange","state":"Vermont","area":7.75,"lat":43.84229,"lon":-72.35088},"geometry":{"type":"Polygon","coordinates":[[[-72.40125,43.82726],[-72.38962,43.83088],[-72.37269,43.83171],[-72.37541,43.83514],[-72.37796,43.84878],[-72.37293,43.84615],[-72.3712,43.85271],[-72.3732,43.85716],[-72.36837,43.86021],[-72.37056,43.86148],[-72.36185,43.87351],[-72.35827,43.87235],[-72.35763,43.87657],[-72.35371,43.87535],[-72.35138,43.87889],[-72.34482,43.87709],[-72.34189,43.8728],[-72.33639,43.87222],[-72.32728,43.8659],[-72.3142,43.84485],[-72.33934,43.81045],[-72.40339,43.82506],[-72.40125,43.82726]]]}},{"type":"Feature","id":"05478","properties":{"zip":"05478","pop":null,"city":"St. Albans","county":"Franklin","state":"Vermont","area":55.43,"lat":44.79415,"lon":-73.11706},"geometry":{"type":"Polygon","coordinates":[[[-73.259,44.77311],[-73.25299,44.78822],[-73.21129,44.7883],[-73.18891,44.80814],[-73.16969,44.80807],[-73.16061,44.8136],[-73.15177,44.81056],[-73.14579,44.81636],[-73.1397,44.81778],[-73.11767,44.84781],[-73.10969,44.84352],[-73.10588,44.84466],[-73.10233,44.84339],[-73.09778,44.84744],[-73.09246,44.84549],[-73.08782,44.84756],[-73.08893,44.84927],[-73.08322,44.84727],[-73.08315,44.87299],[-73.07294,44.89739],[-73.06983,44.89875],[-73.07077,44.90042],[-73.06082,44.91255],[-73.06418,44.91374],[-73.06084,44.91784],[-73.05934,44.91739],[-73.05804,44.92267],[-73.05779,44.91908],[-73.05145,44.92292],[-73.04009,44.91966],[-73.04318,44.91494],[-73.03681,44.91598],[-73.04394,44.91065],[-73.04024,44.90943],[-73.04244,44.90734],[-73.03591,44.90664],[-73.04142,44.904],[-73.04255,44.89473],[-73.03636,44.88707],[-73.03745,44.89095],[-73.02904,44.89226],[-73.03001,44.88889],[-73.02031,44.88679],[-73.0189,44.88468],[-73.0244,44.88068],[-73.02446,44.87551],[-73.03064,44.86882],[-73.02914,44.85585],[-73.03209,44.8531],[-73.02692,44.85139],[-73.03083,44.84497],[-73.01655,44.83937],[-73.01736,44.83384],[-73.01484,44.83346],[-73.01655,44.82894],[-73.00868,44.82597],[-73.01247,44.82208],[-72.99425,44.81474],[-72.99298,44.81075],[-72.99352,44.80219],[-73.03182,44.79003],[-73.03995,44.79051],[-73.03945,44.78757],[-73.08483,44.77299],[-73.07498,44.77146],[-73.07633,44.76064],[-73.0806,44.76158],[-73.07772,44.75492],[-73.08179,44.72703],[-73.09011,44.70692],[-73.09531,44.70298],[-73.10636,44.69921],[-73.10261,44.71],[-73.11075,44.71118],[-73.11381,44.69967],[-73.11554,44.70062],[-73.11664,44.69897],[-73.12462,44.70003],[-73.13543,44.71083],[-73.13876,44.71158],[-73.13565,44.7142],[-73.13556,44.71804],[-73.14131,44.72121],[-73.13648,44.72178],[-73.12825,44.72864],[-73.12577,44.73443],[-73.12775,44.73468],[-73.12722,44.73677],[-73.1298,44.73706],[-73.13064,44.73387],[-73.14599,44.73582],[-73.14409,44.74067],[-73.15343,44.74201],[-73.15494,44.74465],[-73.16204,44.74571],[-73.1629,44.74342],[-73.17418,44.74511],[-73.18258,44.7411],[-73.1856,44.73169],[-73.19094,44.73256],[-73.19212,44.72948],[-73.19918,44.73065],[-73.19754,44.72346],[-73.2028,44.72383],[-73.20695,44.7148],[-73.22885,44.72287],[-73.23571,44.73645],[-73.24957,44.75004],[-73.25632,44.75944],[-73.259,44.77311]],[[-73.14047,44.80813],[-73.13954,44.8076],[-73.1387,44.80859],[-73.13959,44.80906],[-73.14047,44.80813]]]}},{"type":"Feature","id":"05773","properties":{"zip":"05773","pop":null,"city":"Wallingford","county":"Rutland","state":"Vermont","area":54.88,"lat":43.40915,"lon":-72.96881},"geometry":{"type":"Polygon","coordinates":[[[-73.09777,43.44005],[-73.09029,43.44896],[-73.08357,43.45346],[-73.0746,43.46901],[-73.05567,43.47353],[-73.07726,43.48288],[-73.07536,43.48341],[-73.07511,43.49011],[-73.07137,43.49477],[-72.985,43.49203],[-72.98471,43.49576],[-72.97876,43.49548],[-72.98163,43.50982],[-72.98367,43.51103],[-72.98471,43.51243],[-72.98561,43.51618],[-72.98544,43.51874],[-72.98207,43.52423],[-72.97307,43.52315],[-72.97744,43.52093],[-72.98217,43.52215],[-72.98541,43.51622],[-72.98367,43.51118],[-72.98199,43.51074],[-72.98102,43.50857],[-72.97949,43.50833],[-72.97893,43.50634],[-72.97728,43.50664],[-72.97715,43.50486],[-72.97319,43.50596],[-72.97172,43.50229],[-72.97616,43.49419],[-72.97372,43.49146],[-72.97405,43.48431],[-72.97244,43.49521],[-72.96218,43.49465],[-72.96198,43.49027],[-72.95193,43.48901],[-72.95122,43.48726],[-72.94743,43.48706],[-72.94592,43.49043],[-72.93604,43.49317],[-72.93095,43.48953],[-72.92958,43.48406],[-72.95329,43.4845],[-72.95601,43.48019],[-72.95844,43.4663],[-72.94333,43.45517],[-72.94512,43.45285],[-72.92157,43.4431],[-72.91692,43.43874],[-72.91689,43.42998],[-72.92677,43.41781],[-72.93157,43.41711],[-72.93452,43.41154],[-72.92677,43.40649],[-72.92647,43.4028],[-72.92913,43.40259],[-72.94139,43.41106],[-72.94863,43.40766],[-72.95631,43.40694],[-72.97573,43.40898],[-72.98992,43.40748],[-72.99013,43.39758],[-72.85267,43.39236],[-72.8547,43.34928],[-72.86602,43.34864],[-72.86865,43.30053],[-72.95519,43.30344],[-72.9416,43.31718],[-72.94004,43.32143],[-72.93116,43.32555],[-72.9291,43.33046],[-72.93035,43.334],[-72.92784,43.34521],[-72.9299,43.35001],[-72.92938,43.35665],[-72.94042,43.36357],[-72.96044,43.36541],[-72.96457,43.36732],[-72.96832,43.36557],[-72.97058,43.36236],[-72.96904,43.35981],[-72.97057,43.35711],[-72.97629,43.35173],[-72.98034,43.35328],[-72.98941,43.35179],[-72.98848,43.35026],[-72.99177,43.34859],[-72.99106,43.3626],[-72.99391,43.36786],[-72.99348,43.39755],[-73.02174,43.39929],[-73.02441,43.40384],[-73.0309,43.40023],[-73.05391,43.401],[-73.0515,43.41161],[-73.05771,43.41176],[-73.05576,43.40354],[-73.06246,43.40382],[-73.06264,43.40731],[-73.07277,43.41009],[-73.07199,43.41986],[-73.07636,43.42004],[-73.0756,43.42659],[-73.08142,43.42827],[-73.08215,43.43255],[-73.08682,43.43589],[-73.09478,43.43637],[-73.09777,43.44005]]]}},{"type":"Feature","id":"05067","properties":{"zip":"05067","pop":null,"city":"","county":"Windsor","state":"Vermont","area":8.24,"lat":43.69164,"lon":-72.53928},"geometry":{"type":"Polygon","coordinates":[[[-72.57727,43.7028],[-72.57545,43.70798],[-72.56873,43.71518],[-72.56382,43.72688],[-72.5576,43.72694],[-72.54157,43.72208],[-72.53956,43.718],[-72.53178,43.71451],[-72.53035,43.71041],[-72.5245,43.70641],[-72.51994,43.69675],[-72.51887,43.70033],[-72.51524,43.70321],[-72.51453,43.70118],[-72.50708,43.70445],[-72.50669,43.70018],[-72.50146,43.69628],[-72.50018,43.68641],[-72.50465,43.67765],[-72.50504,43.66709],[-72.50779,43.66214],[-72.51643,43.66404],[-72.52696,43.65955],[-72.52956,43.65612],[-72.53862,43.66458],[-72.5431,43.6649],[-72.5691,43.68299],[-72.57429,43.69035],[-72.57727,43.7028]]]}},{"type":"Feature","id":"05472","properties":{"zip":"05472","pop":null,"city":"New Haven","county":"Addison","state":"Vermont","area":31.06,"lat":44.11385,"lon":-73.16092},"geometry":{"type":"Polygon","coordinates":[[[-73.23883,44.07854],[-73.23477,44.07953],[-73.23636,44.07954],[-73.22141,44.09517],[-73.2233,44.09902],[-73.22257,44.10337],[-73.21863,44.10871],[-73.20476,44.10981],[-73.21277,44.1598],[-73.20571,44.15868],[-73.19312,44.14811],[-73.19017,44.15407],[-73.18677,44.15563],[-73.17365,44.15355],[-73.18824,44.22516],[-73.18323,44.22903],[-73.17077,44.22321],[-73.16612,44.22374],[-73.16431,44.21447],[-73.1562,44.21622],[-73.16078,44.20342],[-73.15129,44.17644],[-73.14963,44.17671],[-73.14463,44.14917],[-73.11197,44.14411],[-73.096,44.05444],[-73.18083,44.04603],[-73.17587,44.05654],[-73.17969,44.06002],[-73.18214,44.06591],[-73.18433,44.06515],[-73.19124,44.06791],[-73.19332,44.07099],[-73.19731,44.07077],[-73.19967,44.06803],[-73.2041,44.06994],[-73.21676,44.06975],[-73.23883,44.07854]]]}},{"type":"Feature","id":"05071","properties":{"zip":"05071","pop":null,"city":"South Woodstock","county":"Windsor","state":"Vermont","area":10.42,"lat":43.56467,"lon":-72.56854},"geometry":{"type":"Polygon","coordinates":[[[-72.62161,43.57044],[-72.61607,43.57861],[-72.61562,43.58461],[-72.62097,43.58645],[-72.61618,43.58484],[-72.60692,43.59397],[-72.59546,43.59925],[-72.58978,43.59995],[-72.58584,43.59895],[-72.58419,43.59011],[-72.58173,43.58768],[-72.58288,43.58473],[-72.5755,43.58089],[-72.57164,43.57605],[-72.56234,43.57594],[-72.56321,43.58865],[-72.56037,43.59405],[-72.56011,43.59202],[-72.55331,43.58777],[-72.54339,43.58243],[-72.53723,43.58146],[-72.53996,43.57646],[-72.53113,43.56599],[-72.52178,43.56765],[-72.51676,43.57115],[-72.5148,43.57692],[-72.51443,43.57134],[-72.50948,43.56582],[-72.52899,43.53326],[-72.61457,43.5528],[-72.61323,43.55539],[-72.61737,43.56563],[-72.62161,43.57044]]]}},{"type":"Feature","id":"05744","properties":{"zip":"05744","pop":null,"city":"","county":"Rutland","state":"Vermont","area":18.7,"lat":43.69046,"lon":-73.08277},"geometry":{"type":"Polygon","coordinates":[[[-73.13134,43.75207],[-73.08876,43.75391],[-73.08725,43.74908],[-73.08292,43.74953],[-73.07057,43.74365],[-73.06721,43.71517],[-73.06066,43.71655],[-73.05871,43.7216],[-73.05602,43.72135],[-73.05179,43.71729],[-73.05404,43.7151],[-73.05276,43.71084],[-73.05624,43.71012],[-73.04992,43.70594],[-73.04281,43.70945],[-73.04417,43.70171],[-73.03683,43.70301],[-73.03526,43.70083],[-73.02711,43.70425],[-73.02232,43.70372],[-73.02396,43.70293],[-73.02316,43.69168],[-73.02742,43.68865],[-73.02272,43.68344],[-73.03057,43.68083],[-73.02222,43.67077],[-73.02273,43.66677],[-73.03432,43.66654],[-73.03311,43.66987],[-73.02785,43.67403],[-73.03032,43.67481],[-73.03099,43.67313],[-73.03453,43.67605],[-73.03912,43.6765],[-73.03769,43.68009],[-73.03893,43.68255],[-73.04785,43.68372],[-73.04598,43.68767],[-73.05144,43.68943],[-73.06144,43.68669],[-73.05526,43.66486],[-73.07294,43.66431],[-73.0684,43.65978],[-73.06683,43.65183],[-73.06366,43.64867],[-73.06495,43.64241],[-73.06249,43.63957],[-73.06501,43.63427],[-73.06397,43.63129],[-73.06817,43.63108],[-73.06342,43.61254],[-73.06488,43.60771],[-73.068,43.60609],[-73.08462,43.60854],[-73.08944,43.61131],[-73.13134,43.75207]]]}},{"type":"Feature","id":"05060","properties":{"zip":"05060","pop":null,"city":"Randolph","county":"Orange","state":"Vermont","area":55.11,"lat":43.96206,"lon":-72.68592},"geometry":{"type":"Polygon","coordinates":[[[-72.78702,43.96085],[-72.79104,43.96224],[-72.76936,43.99138],[-72.75249,43.98729],[-72.75031,43.99031],[-72.73971,43.99119],[-72.73816,43.9946],[-72.73243,43.99713],[-72.72262,43.99736],[-72.71837,43.99958],[-72.7282,44.01046],[-72.73338,44.00602],[-72.73331,44.01183],[-72.72931,44.01375],[-72.72757,44.02553],[-72.68287,44.01281],[-72.67483,44.02553],[-72.69518,44.03104],[-72.69349,44.03657],[-72.69804,44.03802],[-72.69571,44.04222],[-72.68569,44.04353],[-72.68787,44.05075],[-72.69092,44.05158],[-72.68859,44.06363],[-72.68531,44.06991],[-72.6857,44.06693],[-72.67217,44.06548],[-72.66138,44.08248],[-72.65402,44.07999],[-72.65626,44.07204],[-72.65513,44.07364],[-72.64974,44.07186],[-72.64914,44.07672],[-72.63838,44.0754],[-72.63586,44.072],[-72.62617,44.07744],[-72.6138,44.07444],[-72.61137,44.06973],[-72.61968,44.06134],[-72.62036,44.05826],[-72.62533,44.0564],[-72.62706,44.05313],[-72.62577,44.04418],[-72.64156,44.02098],[-72.64379,44.01471],[-72.64323,44.00224],[-72.62334,43.99681],[-72.6257,43.97738],[-72.62252,43.97937],[-72.62268,43.96445],[-72.61592,43.96697],[-72.6092,43.95231],[-72.61591,43.95225],[-72.61655,43.94939],[-72.61987,43.9499],[-72.61944,43.94495],[-72.622,43.94463],[-72.62133,43.93497],[-72.61348,43.9143],[-72.61774,43.8859],[-72.65002,43.89456],[-72.63991,43.87393],[-72.64452,43.87255],[-72.6517,43.87414],[-72.65196,43.87097],[-72.6624,43.87444],[-72.66486,43.8697],[-72.67021,43.87117],[-72.67332,43.86656],[-72.67969,43.86631],[-72.68097,43.8644],[-72.70733,43.86951],[-72.70991,43.86491],[-72.71591,43.8667],[-72.71307,43.87096],[-72.73135,43.87631],[-72.7175,43.89664],[-72.71218,43.90769],[-72.77457,43.92464],[-72.77027,43.93106],[-72.7765,43.93288],[-72.77166,43.94006],[-72.79067,43.94494],[-72.78559,43.95196],[-72.79226,43.95327],[-72.78702,43.96085]]]}},{"type":"Feature","id":"05679","properties":{"zip":"05679","pop":null,"city":"Williamstown","county":"Orange","state":"Vermont","area":27.69,"lat":44.10677,"lon":-72.54043},"geometry":{"type":"Polygon","coordinates":[[[-72.6139,44.08582],[-72.61115,44.09663],[-72.61129,44.10793],[-72.60173,44.1267],[-72.59718,44.14208],[-72.58656,44.16026],[-72.56399,44.15478],[-72.55967,44.1629],[-72.50705,44.14794],[-72.51018,44.14409],[-72.49824,44.14133],[-72.49692,44.14023],[-72.50045,44.13352],[-72.49498,44.13],[-72.49261,44.13218],[-72.49265,44.1273],[-72.49703,44.11987],[-72.49339,44.1237],[-72.48996,44.12287],[-72.48747,44.12686],[-72.48255,44.12555],[-72.47773,44.13401],[-72.47847,44.13555],[-72.473,44.13375],[-72.47407,44.1364],[-72.47167,44.13584],[-72.47263,44.13366],[-72.46645,44.13212],[-72.47192,44.12423],[-72.46255,44.12143],[-72.4874,44.07676],[-72.48296,44.05861],[-72.48528,44.05511],[-72.48408,44.05113],[-72.47699,44.04871],[-72.47556,44.04117],[-72.49082,44.04644],[-72.48934,44.05118],[-72.49938,44.0557],[-72.50242,44.05036],[-72.53821,44.06248],[-72.60528,44.08121],[-72.60714,44.06891],[-72.60272,44.05606],[-72.60524,44.05726],[-72.60759,44.06959],[-72.6139,44.08582]]]}},{"type":"Feature","id":"05260","properties":{"zip":"05260","pop":null,"city":"North Pownal","county":"Bennington","state":"Vermont","area":4.21,"lat":42.81583,"lon":-73.26171},"geometry":{"type":"Polygon","coordinates":[[[-73.28539,42.83409],[-73.27867,42.83341],[-73.27849,42.8374],[-73.24938,42.83702],[-73.24849,42.83933],[-73.24604,42.83925],[-73.25028,42.83069],[-73.24794,42.82504],[-73.2481,42.81806],[-73.22756,42.81305],[-73.23808,42.80269],[-73.24257,42.80089],[-73.24746,42.80422],[-73.2503,42.80169],[-73.24791,42.79298],[-73.25194,42.78846],[-73.25945,42.79365],[-73.26073,42.79172],[-73.2629,42.79371],[-73.26673,42.79364],[-73.27255,42.79034],[-73.27658,42.79187],[-73.2778,42.79463],[-73.26465,42.79762],[-73.26693,42.80542],[-73.27151,42.80324],[-73.27383,42.806],[-73.28524,42.81051],[-73.28375,42.81386],[-73.28706,42.82014],[-73.28539,42.83409]]]}},{"type":"Feature","id":"05474","properties":{"zip":"05474","pop":null,"city":"","county":"Grand Isle","state":"Vermont","area":34.14,"lat":44.83433,"lon":-73.26707},"geometry":{"type":"Polygon","coordinates":[[[-73.35767,44.75102],[-73.34707,44.77299],[-73.33377,44.78519],[-73.33443,44.80219],[-73.34113,44.80914],[-73.30924,44.84275],[-73.29145,44.8422],[-73.29027,44.84787],[-73.27731,44.87376],[-73.27256,44.89478],[-73.25303,44.92254],[-73.24414,44.92662],[-73.23078,44.92744],[-73.22443,44.91811],[-73.20644,44.91118],[-73.19494,44.91049],[-73.19279,44.9087],[-73.19182,44.89396],[-73.19658,44.87504],[-73.20328,44.8664],[-73.20696,44.8524],[-73.20755,44.84639],[-73.2025,44.83549],[-73.20886,44.82347],[-73.22439,44.81797],[-73.23608,44.81021],[-73.24455,44.80098],[-73.25611,44.7825],[-73.28547,44.77161],[-73.28948,44.76573],[-73.28897,44.74968],[-73.2924,44.74631],[-73.29548,44.7455],[-73.30146,44.74748],[-73.30613,44.75309],[-73.31166,44.75086],[-73.31296,44.74791],[-73.31585,44.75004],[-73.35869,44.75005],[-73.35767,44.75102]]]}},{"type":"Feature","id":"05482","properties":{"zip":"05482","pop":null,"city":"Shelburne","county":"Chittenden","state":"Vermont","area":32.17,"lat":44.39061,"lon":-73.24142},"geometry":{"type":"Polygon","coordinates":[[[-73.33494,44.36444],[-73.33357,44.37229],[-73.31502,44.38851],[-73.31049,44.4026],[-73.29603,44.42834],[-73.29381,44.43817],[-73.27634,44.43859],[-73.26881,44.44749],[-73.24993,44.44777],[-73.23161,44.44664],[-73.23338,44.44397],[-73.23157,44.44297],[-73.22096,44.4418],[-73.21896,44.43433],[-73.21987,44.431],[-73.21721,44.42628],[-73.21836,44.42272],[-73.21589,44.42188],[-73.21472,44.42616],[-73.21163,44.42631],[-73.21219,44.42087],[-73.14166,44.4017],[-73.1334,44.36434],[-73.15831,44.36308],[-73.32696,44.34337],[-73.33464,44.35688],[-73.33494,44.36444]]]}},{"type":"Feature","id":"05346","properties":{"zip":"05346","pop":null,"city":"","county":"Windham","state":"Vermont","area":51.59,"lat":43.02337,"lon":-72.53046},"geometry":{"type":"Polygon","coordinates":[[[-72.62001,42.96865],[-72.60865,42.96832],[-72.60703,42.99095],[-72.59756,42.99106],[-72.59707,43.00239],[-72.59162,43.00922],[-72.58844,43.02328],[-72.58564,43.02325],[-72.57671,43.07103],[-72.57286,43.07088],[-72.55675,43.12777],[-72.51558,43.12717],[-72.52017,43.12305],[-72.52122,43.11261],[-72.51954,43.10652],[-72.50797,43.10021],[-72.50016,43.09325],[-72.49857,43.08963],[-72.49278,43.08931],[-72.48532,43.09303],[-72.48671,43.10149],[-72.47939,43.10345],[-72.4673,43.10089],[-72.46376,43.09185],[-72.45647,43.09113],[-72.45855,43.08666],[-72.45411,43.08541],[-72.46807,43.07066],[-72.47016,43.05821],[-72.46795,43.05917],[-72.46652,43.05705],[-72.46251,43.06011],[-72.46147,43.05897],[-72.46736,43.05265],[-72.4659,43.04751],[-72.46025,43.04067],[-72.4624,43.02556],[-72.45704,43.01729],[-72.44464,43.01057],[-72.44376,43.00624],[-72.44871,43.00117],[-72.45694,43.00131],[-72.46294,42.99694],[-72.46533,42.98956],[-72.46163,42.98291],[-72.47383,42.97205],[-72.48171,42.97398],[-72.4926,42.96765],[-72.51842,42.96317],[-72.53219,42.95495],[-72.53455,42.94989],[-72.52776,42.94045],[-72.52799,42.91944],[-72.53814,42.92379],[-72.54518,42.92232],[-72.5439,42.92698],[-72.54586,42.92699],[-72.54901,42.91914],[-72.54913,42.91246],[-72.55413,42.91235],[-72.55529,42.91603],[-72.55097,42.92932],[-72.55665,42.9283],[-72.56622,42.93033],[-72.56539,42.9326],[-72.57129,42.93275],[-72.57175,42.93673],[-72.5747,42.93693],[-72.58111,42.93203],[-72.58474,42.93293],[-72.58415,42.93548],[-72.58625,42.93555],[-72.58499,42.94032],[-72.58938,42.94254],[-72.58712,42.94989],[-72.59391,42.95009],[-72.59261,42.95392],[-72.59602,42.95505],[-72.59553,42.95798],[-72.59729,42.95812],[-72.59703,42.95967],[-72.60572,42.96],[-72.60524,42.96312],[-72.61808,42.96112],[-72.61848,42.96517],[-72.62223,42.96525],[-72.62001,42.96865]]]}},{"type":"Feature","id":"05361","properties":{"zip":"05361","pop":null,"city":"","county":"Windham","state":"Vermont","area":22.47,"lat":42.78025,"lon":-72.87923},"geometry":{"type":"Polygon","coordinates":[[[-72.93015,42.74504],[-72.92602,42.82991],[-72.86279,42.82817],[-72.86223,42.82491],[-72.82763,42.80209],[-72.83239,42.79323],[-72.81944,42.78854],[-72.81638,42.78338],[-72.82791,42.77944],[-72.8332,42.78003],[-72.83499,42.77823],[-72.84487,42.77921],[-72.82775,42.7582],[-72.81928,42.75937],[-72.81907,42.75167],[-72.81599,42.7461],[-72.81636,42.73674],[-72.93026,42.73916],[-72.93015,42.74504]]]}},{"type":"Feature","id":"05772","properties":{"zip":"05772","pop":null,"city":"","county":"Windsor","state":"Vermont","area":29.84,"lat":43.75991,"lon":-72.74009},"geometry":{"type":"Polygon","coordinates":[[[-72.81243,43.75684],[-72.811,43.75652],[-72.81178,43.75786],[-72.77061,43.82448],[-72.68377,43.80076],[-72.68409,43.79775],[-72.67852,43.79199],[-72.67518,43.79424],[-72.66499,43.79354],[-72.6619,43.79503],[-72.71597,43.70015],[-72.69442,43.69405],[-72.70095,43.68283],[-72.771,43.70289],[-72.7641,43.7149],[-72.7556,43.72259],[-72.75157,43.72477],[-72.74705,43.72347],[-72.74055,43.72345],[-72.73607,43.72781],[-72.73525,43.73553],[-72.73675,43.72785],[-72.74097,43.72398],[-72.75175,43.72489],[-72.75578,43.72296],[-72.77217,43.72799],[-72.77586,43.72658],[-72.78319,43.73165],[-72.78857,43.73982],[-72.80813,43.73465],[-72.80393,43.74097],[-72.81926,43.74631],[-72.81243,43.75684]]]}},{"type":"Feature","id":"05655","properties":{"zip":"05655","pop":null,"city":"North Hyde Park","county":"Lamoille","state":"Vermont","area":27.72,"lat":44.62469,"lon":-72.56467},"geometry":{"type":"Polygon","coordinates":[[[-72.65018,44.60385],[-72.5932,44.6846],[-72.47703,44.64199],[-72.52563,44.57261],[-72.55892,44.58438],[-72.56789,44.57343],[-72.61096,44.58916],[-72.62015,44.58731],[-72.62305,44.58944],[-72.62522,44.58654],[-72.62936,44.59197],[-72.62736,44.59774],[-72.62915,44.59848],[-72.63318,44.59383],[-72.63682,44.59782],[-72.63688,44.60043],[-72.65018,44.60385]]]}},{"type":"Feature","id":"05455","properties":{"zip":"05455","pop":null,"city":"","county":"Franklin","state":"Vermont","area":25.92,"lat":44.80362,"lon":-72.96564},"geometry":{"type":"Polygon","coordinates":[[[-73.08483,44.77299],[-73.03945,44.78757],[-73.03995,44.79051],[-73.03182,44.79003],[-72.99352,44.80219],[-72.99425,44.81474],[-73.01247,44.82208],[-73.00046,44.83132],[-73.00222,44.83205],[-72.99825,44.8373],[-72.99406,44.83163],[-72.98668,44.84376],[-72.99259,44.84483],[-72.97784,44.8571],[-72.97791,44.86683],[-72.98378,44.86931],[-72.96585,44.87646],[-72.93982,44.87258],[-72.94109,44.86982],[-72.93756,44.86931],[-72.94011,44.8606],[-72.93516,44.8602],[-72.93318,44.8571],[-72.93601,44.85468],[-72.93225,44.85104],[-72.92746,44.85187],[-72.91412,44.84959],[-72.91496,44.8462],[-72.90685,44.8261],[-72.90797,44.82381],[-72.92237,44.819],[-72.91922,44.81791],[-72.91882,44.81419],[-72.92314,44.81212],[-72.92042,44.80807],[-72.92142,44.8046],[-72.91343,44.80705],[-72.90579,44.80331],[-72.90685,44.79828],[-72.90253,44.79614],[-72.90718,44.79102],[-72.92193,44.79065],[-72.92596,44.78644],[-72.9281,44.77626],[-72.92641,44.77128],[-72.91518,44.76983],[-72.91875,44.76571],[-72.91697,44.76298],[-72.91225,44.7647],[-72.9048,44.76312],[-72.90041,44.75852],[-72.91225,44.74629],[-73.02931,44.76438],[-73.0293,44.77051],[-73.03765,44.76896],[-73.03836,44.7752],[-73.05656,44.77294],[-73.05809,44.76884],[-73.08483,44.77299]]]}},{"type":"Feature","id":"05739","properties":{"zip":"05739","pop":null,"city":"","county":"Rutland","state":"Vermont","area":34.25,"lat":43.34487,"lon":-73.02937},"geometry":{"type":"Polygon","coordinates":[[[-73.12233,43.35849],[-73.10592,43.36467],[-73.10136,43.36356],[-73.09739,43.3586],[-73.10175,43.36753],[-73.09229,43.36789],[-73.07707,43.37336],[-73.06474,43.38849],[-73.06133,43.40025],[-73.06246,43.40382],[-73.05576,43.40354],[-73.05771,43.41176],[-73.0515,43.41161],[-73.05391,43.401],[-73.0309,43.40023],[-73.02441,43.40384],[-73.02174,43.39929],[-72.99348,43.39755],[-72.99391,43.36786],[-72.99106,43.3626],[-72.99177,43.34859],[-72.98848,43.35026],[-72.98941,43.35179],[-72.98034,43.35328],[-72.97629,43.35173],[-72.97057,43.35711],[-72.96904,43.35981],[-72.97058,43.36236],[-72.96832,43.36557],[-72.96457,43.36732],[-72.93728,43.36252],[-72.92835,43.35482],[-72.93006,43.35319],[-72.92784,43.34521],[-72.93035,43.334],[-72.9291,43.33046],[-72.93116,43.32555],[-72.94004,43.32143],[-72.9416,43.31718],[-72.95519,43.30344],[-72.9753,43.30416],[-72.97615,43.29164],[-72.98634,43.29164],[-72.98382,43.30013],[-72.98748,43.31607],[-72.98955,43.31736],[-72.98646,43.32265],[-72.9892,43.32647],[-72.99136,43.32662],[-72.99111,43.32069],[-72.99499,43.30513],[-73.1227,43.30868],[-73.12233,43.35849]]]}},{"type":"Feature","id":"05045","properties":{"zip":"05045","pop":null,"city":"","county":"Orange","state":"Vermont","area":32.25,"lat":43.91422,"lon":-72.19874},"geometry":{"type":"Polygon","coordinates":[[[-72.2678,43.93049],[-72.26471,43.93365],[-72.2646,43.93845],[-72.24251,43.97735],[-72.24339,43.97549],[-72.23834,43.97089],[-72.23137,43.95035],[-72.2265,43.94204],[-72.21904,43.94612],[-72.21679,43.95589],[-72.22367,43.97105],[-72.22465,43.9806],[-72.20134,43.98194],[-72.20432,43.97597],[-72.20139,43.97282],[-72.19975,43.97417],[-72.18878,43.96987],[-72.19113,43.96469],[-72.18682,43.95417],[-72.17941,43.94784],[-72.16836,43.95144],[-72.1641,43.95648],[-72.16027,43.96384],[-72.15937,43.9726],[-72.12748,43.96453],[-72.13136,43.94618],[-72.11976,43.94351],[-72.11557,43.95678],[-72.10744,43.95547],[-72.10355,43.95845],[-72.09913,43.95734],[-72.10629,43.94947],[-72.11862,43.94604],[-72.11693,43.93439],[-72.11815,43.92361],[-72.12042,43.91959],[-72.15132,43.9017],[-72.15859,43.89276],[-72.15922,43.88831],[-72.17056,43.88618],[-72.17271,43.88425],[-72.17358,43.87967],[-72.16791,43.86911],[-72.18285,43.86552],[-72.18776,43.85538],[-72.19309,43.85485],[-72.21356,43.81831],[-72.22333,43.817],[-72.22887,43.81905],[-72.22704,43.82647],[-72.22167,43.83346],[-72.21856,43.84257],[-72.22194,43.84908],[-72.22167,43.86067],[-72.22326,43.86294],[-72.23005,43.86106],[-72.23286,43.86496],[-72.23046,43.87267],[-72.23523,43.87126],[-72.23971,43.86632],[-72.24069,43.86194],[-72.24426,43.8594],[-72.2456,43.85927],[-72.24184,43.86779],[-72.25338,43.8719],[-72.25681,43.87087],[-72.25694,43.86564],[-72.26098,43.86726],[-72.26074,43.87588],[-72.25883,43.87531],[-72.25691,43.8833],[-72.25884,43.88768],[-72.25305,43.89474],[-72.26145,43.89704],[-72.2631,43.89924],[-72.26277,43.90699],[-72.26056,43.90477],[-72.25875,43.90537],[-72.26216,43.91324],[-72.26048,43.91871],[-72.2678,43.93049]]]}},{"type":"Feature","id":"05873","properties":{"zip":"05873","pop":null,"city":"","county":"Caledonia","state":"Vermont","area":19.02,"lat":44.40612,"lon":-72.21848},"geometry":{"type":"Polygon","coordinates":[[[-72.29896,44.45858],[-72.29594,44.46628],[-72.28517,44.46197],[-72.29111,44.47229],[-72.2895,44.47422],[-72.27114,44.467],[-72.26495,44.46203],[-72.26272,44.45692],[-72.25651,44.45249],[-72.25212,44.45359],[-72.23387,44.47068],[-72.22639,44.46328],[-72.22154,44.46114],[-72.22017,44.46478],[-72.20995,44.45351],[-72.20473,44.45538],[-72.20899,44.45722],[-72.20427,44.46364],[-72.19708,44.4606],[-72.1947,44.464],[-72.18197,44.45848],[-72.20374,44.42872],[-72.19137,44.42595],[-72.19539,44.41922],[-72.18734,44.41448],[-72.19058,44.40818],[-72.1848,44.40874],[-72.18204,44.40473],[-72.18673,44.40538],[-72.18988,44.40342],[-72.19114,44.40576],[-72.19449,44.40809],[-72.19648,44.40866],[-72.19303,44.40586],[-72.19245,44.39874],[-72.18634,44.39188],[-72.18009,44.39017],[-72.17623,44.38685],[-72.16417,44.38656],[-72.15945,44.38407],[-72.14929,44.36812],[-72.17094,44.37139],[-72.17309,44.37468],[-72.17141,44.37686],[-72.17961,44.37175],[-72.18102,44.36901],[-72.17829,44.36154],[-72.17549,44.34057],[-72.18217,44.34489],[-72.18762,44.34578],[-72.18569,44.33856],[-72.18647,44.33179],[-72.19592,44.33719],[-72.21169,44.34251],[-72.23132,44.35696],[-72.24317,44.36089],[-72.25008,44.35818],[-72.25566,44.35958],[-72.24013,44.38032],[-72.24668,44.38625],[-72.2552,44.3862],[-72.2544,44.38846],[-72.24652,44.39107],[-72.23827,44.39755],[-72.23149,44.4001],[-72.22544,44.40005],[-72.22265,44.40377],[-72.22731,44.41164],[-72.2286,44.41818],[-72.23125,44.42197],[-72.23819,44.42587],[-72.24286,44.43232],[-72.30076,44.45476],[-72.29896,44.45858]]]}},{"type":"Feature","id":"05077","properties":{"zip":"05077","pop":null,"city":"","county":"Orange","state":"Vermont","area":27.97,"lat":43.89965,"lon":-72.47757},"geometry":{"type":"Polygon","coordinates":[[[-72.54676,43.87664],[-72.54782,43.87855],[-72.54485,43.88289],[-72.54515,43.88864],[-72.53364,43.90781],[-72.53553,43.90843],[-72.53221,43.91306],[-72.53482,43.91391],[-72.52855,43.92289],[-72.52993,43.92338],[-72.52836,43.92579],[-72.53455,43.92697],[-72.53058,43.93749],[-72.5269,43.94276],[-72.51972,43.94471],[-72.51817,43.94691],[-72.51359,43.94542],[-72.50999,43.95052],[-72.49493,43.94582],[-72.49234,43.94972],[-72.48887,43.9487],[-72.48358,43.94508],[-72.48157,43.93932],[-72.4837,43.94662],[-72.47699,43.951],[-72.47098,43.94074],[-72.46689,43.93899],[-72.46045,43.9447],[-72.46107,43.95029],[-72.44801,43.94639],[-72.44523,43.94902],[-72.44255,43.94877],[-72.42701,43.94473],[-72.42775,43.93975],[-72.3942,43.92897],[-72.45952,43.83809],[-72.54273,43.86361],[-72.54878,43.87076],[-72.54676,43.87664]]]}},{"type":"Feature","id":"05652","properties":{"zip":"05652","pop":null,"city":"","county":"Lamoille","state":"Vermont","area":22.45,"lat":44.72814,"lon":-72.5865},"geometry":{"type":"Polygon","coordinates":[[[-72.66114,44.70226],[-72.5944,44.7903],[-72.57816,44.78158],[-72.52769,44.76231],[-72.53333,44.75913],[-72.5361,44.75017],[-72.53234,44.74264],[-72.53415,44.73472],[-72.53251,44.73435],[-72.52959,44.73842],[-72.52741,44.73539],[-72.53051,44.72918],[-72.52887,44.72647],[-72.53321,44.72221],[-72.5326,44.71905],[-72.53532,44.71619],[-72.53282,44.70807],[-72.53505,44.70649],[-72.53469,44.70249],[-72.53929,44.70184],[-72.53434,44.70074],[-72.53787,44.69569],[-72.54578,44.69929],[-72.5478,44.69412],[-72.56041,44.68664],[-72.56291,44.6816],[-72.55787,44.67166],[-72.5932,44.6846],[-72.59693,44.6793],[-72.66114,44.70226]]]}},{"type":"Feature","id":"05666","properties":{"zip":"05666","pop":null,"city":"","county":"Washington","state":"Vermont","area":0.67,"lat":44.34152,"lon":-72.43889},"geometry":{"type":"Polygon","coordinates":[[[-72.44577,44.33376],[-72.44238,44.336],[-72.44438,44.33977],[-72.44177,44.34709],[-72.44505,44.35684],[-72.44335,44.35798],[-72.44027,44.3588],[-72.43495,44.36194],[-72.43931,44.35889],[-72.43968,44.35663],[-72.44469,44.35642],[-72.44265,44.35244],[-72.44029,44.35192],[-72.43395,44.35832],[-72.42916,44.35649],[-72.43244,44.34901],[-72.43637,44.35041],[-72.43759,44.34692],[-72.4302,44.34337],[-72.43792,44.33749],[-72.43781,44.33368],[-72.44013,44.33191],[-72.43845,44.32766],[-72.44001,44.32679],[-72.43784,44.32388],[-72.44233,44.3198],[-72.44097,44.31942],[-72.43996,44.31999],[-72.43881,44.3199],[-72.43792,44.31836],[-72.44249,44.31979],[-72.44437,44.32171],[-72.44391,44.32877],[-72.44577,44.33376]]]}},{"type":"Feature","id":"05032","properties":{"zip":"05032","pop":null,"city":"Bethel","county":"Windsor","state":"Vermont","area":49.53,"lat":43.80182,"lon":-72.6571},"geometry":{"type":"Polygon","coordinates":[[[-72.73135,43.87631],[-72.71307,43.87096],[-72.71591,43.8667],[-72.70991,43.86491],[-72.70733,43.86951],[-72.68097,43.8644],[-72.67969,43.86631],[-72.67332,43.86656],[-72.67021,43.87117],[-72.66486,43.8697],[-72.6624,43.87444],[-72.65196,43.87097],[-72.6517,43.87414],[-72.64452,43.87255],[-72.63991,43.87393],[-72.65002,43.89456],[-72.56956,43.87188],[-72.5724,43.87184],[-72.57603,43.86665],[-72.5797,43.86616],[-72.58329,43.86725],[-72.58399,43.87315],[-72.58654,43.87258],[-72.58495,43.87202],[-72.58616,43.86879],[-72.58328,43.86619],[-72.58297,43.8625],[-72.59779,43.84542],[-72.58886,43.83325],[-72.57746,43.82506],[-72.57237,43.82618],[-72.56597,43.82304],[-72.5764,43.8241],[-72.57246,43.82003],[-72.57536,43.82014],[-72.57837,43.81585],[-72.58281,43.81658],[-72.58511,43.81385],[-72.58833,43.81435],[-72.59205,43.81018],[-72.59925,43.81196],[-72.6049,43.80559],[-72.60066,43.80487],[-72.60297,43.80111],[-72.59659,43.79999],[-72.60405,43.79113],[-72.59772,43.78954],[-72.59847,43.78384],[-72.59417,43.78704],[-72.59237,43.78204],[-72.58553,43.78018],[-72.58867,43.77409],[-72.60372,43.77831],[-72.61232,43.77341],[-72.61133,43.76279],[-72.59752,43.76261],[-72.59566,43.75182],[-72.5903,43.75085],[-72.59051,43.734],[-72.60611,43.73254],[-72.615,43.7349],[-72.62538,43.71331],[-72.63652,43.71578],[-72.63479,43.71987],[-72.64477,43.72246],[-72.64696,43.7214],[-72.64591,43.70744],[-72.64766,43.69964],[-72.65379,43.70206],[-72.6617,43.69851],[-72.67517,43.68861],[-72.71597,43.70015],[-72.6619,43.79503],[-72.66499,43.79354],[-72.67518,43.79424],[-72.67852,43.79199],[-72.68409,43.79775],[-72.68377,43.80076],[-72.76598,43.82319],[-72.73135,43.87631]]]}},{"type":"Feature","id":"05043","properties":{"zip":"05043","pop":null,"city":"","county":"Orange","state":"Vermont","area":6.56,"lat":43.80649,"lon":-72.21189},"geometry":{"type":"Polygon","coordinates":[[[-72.26686,43.80226],[-72.26146,43.8037],[-72.26088,43.79972],[-72.25849,43.79971],[-72.25893,43.79606],[-72.25408,43.78871],[-72.25253,43.79203],[-72.24612,43.79319],[-72.24507,43.79613],[-72.23791,43.79581],[-72.23753,43.7983],[-72.22888,43.79691],[-72.22838,43.7994],[-72.23665,43.79937],[-72.23575,43.80315],[-72.23322,43.80309],[-72.2315,43.80703],[-72.22926,43.80696],[-72.2289,43.81121],[-72.22636,43.81111],[-72.22465,43.8134],[-72.22597,43.81844],[-72.22333,43.817],[-72.21356,43.81831],[-72.19309,43.85485],[-72.18776,43.85538],[-72.18286,43.84511],[-72.1822,43.83403],[-72.18895,43.82132],[-72.18333,43.80818],[-72.18485,43.8047],[-72.19075,43.80081],[-72.19508,43.79233],[-72.20554,43.78458],[-72.20514,43.77114],[-72.2587,43.78686],[-72.26686,43.80226]]]}},{"type":"Feature","id":"05101","properties":{"zip":"05101","pop":null,"city":"Bellows Falls","county":"Windham","state":"Vermont","area":20.96,"lat":43.17822,"lon":-72.4835},"geometry":{"type":"Polygon","coordinates":[[[-72.54138,43.18088],[-72.53523,43.18244],[-72.53499,43.19818],[-72.51498,43.20064],[-72.51425,43.20265],[-72.51715,43.20341],[-72.51759,43.2079],[-72.50636,43.20832],[-72.50344,43.21703],[-72.50065,43.219],[-72.50086,43.22331],[-72.49652,43.23483],[-72.43379,43.23304],[-72.4405,43.21905],[-72.43772,43.20275],[-72.45028,43.19248],[-72.4434,43.17973],[-72.45256,43.17212],[-72.4518,43.15349],[-72.45714,43.14849],[-72.45199,43.13892],[-72.44091,43.13579],[-72.44078,43.13147],[-72.44293,43.13019],[-72.43795,43.12507],[-72.45058,43.12128],[-72.45105,43.1184],[-72.45356,43.11689],[-72.45372,43.11313],[-72.45598,43.11338],[-72.456,43.11663],[-72.45713,43.11592],[-72.45477,43.10572],[-72.46083,43.11706],[-72.46817,43.12363],[-72.45609,43.12294],[-72.45642,43.12545],[-72.51558,43.12717],[-72.51151,43.13305],[-72.50828,43.13309],[-72.50756,43.13664],[-72.50401,43.13704],[-72.50126,43.14075],[-72.50164,43.14458],[-72.51775,43.14137],[-72.51757,43.13859],[-72.50962,43.13818],[-72.51115,43.13426],[-72.5139,43.13329],[-72.51664,43.1329],[-72.51819,43.13847],[-72.52161,43.13704],[-72.52205,43.13928],[-72.52728,43.13974],[-72.53103,43.14565],[-72.53096,43.15177],[-72.53359,43.15538],[-72.53249,43.16074],[-72.52445,43.16544],[-72.52418,43.17388],[-72.52223,43.17555],[-72.54146,43.176],[-72.54138,43.18088]]]}},{"type":"Feature","id":"05350","properties":{"zip":"05350","pop":null,"city":"Readsboro","county":"Bennington","state":"Vermont","area":26.86,"lat":42.79884,"lon":-72.97192},"geometry":{"type":"Polygon","coordinates":[[[-73.02174,42.823],[-73.01549,42.82195],[-73.01195,42.85911],[-72.92482,42.85616],[-72.93026,42.73916],[-73.01865,42.74104],[-73.01551,42.82137],[-73.02014,42.81976],[-73.02269,42.82053],[-73.02174,42.823]]]}},{"type":"Feature","id":"05089","properties":{"zip":"05089","pop":null,"city":"Windsor","county":"Windsor","state":"Vermont","area":31.98,"lat":43.49701,"lon":-72.45154},"geometry":{"type":"Polygon","coordinates":[[[-72.53283,43.53387],[-72.52899,43.53326],[-72.50239,43.57787],[-72.49824,43.57724],[-72.49943,43.57459],[-72.49461,43.56226],[-72.48847,43.56217],[-72.48136,43.55816],[-72.47692,43.56486],[-72.4776,43.56999],[-72.46827,43.56645],[-72.46817,43.56172],[-72.46076,43.55553],[-72.4542,43.54485],[-72.4436,43.53841],[-72.45397,43.5332],[-72.4568,43.526],[-72.43395,43.52359],[-72.43788,43.53241],[-72.4344,43.53421],[-72.43342,43.53694],[-72.42938,43.53689],[-72.42436,43.54232],[-72.42587,43.54421],[-72.42466,43.5453],[-72.41723,43.54287],[-72.4168,43.54008],[-72.40612,43.53812],[-72.40697,43.53594],[-72.40186,43.53708],[-72.4044,43.53293],[-72.40195,43.52736],[-72.39521,43.53192],[-72.39403,43.52925],[-72.39845,43.51982],[-72.39612,43.51979],[-72.39838,43.51083],[-72.38477,43.50026],[-72.38089,43.49339],[-72.38043,43.48853],[-72.38295,43.476],[-72.3925,43.46736],[-72.39057,43.45123],[-72.39566,43.43854],[-72.40154,43.40369],[-72.40707,43.4063],[-72.4167,43.40146],[-72.42285,43.40161],[-72.42543,43.40221],[-72.42529,43.40543],[-72.43668,43.41152],[-72.44093,43.40908],[-72.44343,43.41002],[-72.43936,43.41249],[-72.43843,43.41756],[-72.43363,43.41869],[-72.4325,43.43277],[-72.45489,43.43519],[-72.45296,43.46014],[-72.44965,43.4483],[-72.44815,43.45142],[-72.43588,43.45117],[-72.42984,43.4542],[-72.42181,43.45488],[-72.42109,43.45657],[-72.43285,43.4643],[-72.42756,43.46807],[-72.44678,43.47082],[-72.45544,43.46946],[-72.45989,43.47169],[-72.46683,43.46818],[-72.45969,43.47182],[-72.45621,43.47108],[-72.45402,43.47492],[-72.45576,43.48364],[-72.46036,43.48257],[-72.46283,43.48445],[-72.46809,43.4828],[-72.47218,43.47857],[-72.47171,43.47279],[-72.46971,43.4706],[-72.47105,43.46784],[-72.47417,43.48154],[-72.4864,43.48213],[-72.4991,43.49054],[-72.50119,43.48935],[-72.50566,43.491],[-72.5143,43.47799],[-72.51887,43.48435],[-72.51705,43.49015],[-72.51835,43.49657],[-72.51884,43.49523],[-72.53115,43.49451],[-72.53283,43.53387]]]}},{"type":"Feature","id":"05250","properties":{"zip":"05250","pop":null,"city":"Arlington","county":"Bennington","state":"Vermont","area":67.05,"lat":43.12034,"lon":-73.19351},"geometry":{"type":"Polygon","coordinates":[[[-73.26978,43.03592],[-73.25939,43.21686],[-73.12783,43.21364],[-73.13122,43.19205],[-73.13436,43.13597],[-73.13145,43.1337],[-73.12376,43.13464],[-73.12162,43.12955],[-73.11448,43.12374],[-73.11422,43.12009],[-73.08058,43.11923],[-73.0858,43.11511],[-73.10198,43.09091],[-73.11798,43.07642],[-73.12511,43.06068],[-73.13177,43.06462],[-73.1331,43.07217],[-73.13812,43.0681],[-73.13829,43.06009],[-73.14571,43.06257],[-73.14585,43.05898],[-73.15052,43.05335],[-73.13888,43.05323],[-73.14049,43.02576],[-73.27003,43.03072],[-73.26978,43.03592]]]}},{"type":"Feature","id":"05775","properties":{"zip":"05775","pop":null,"city":"West Pawlet","county":"Rutland","state":"Vermont","area":12.08,"lat":43.35428,"lon":-73.22792},"geometry":{"type":"Polygon","coordinates":[[[-73.25451,43.31467],[-73.251,43.40861],[-73.22623,43.40783],[-73.22598,43.40142],[-73.23714,43.40212],[-73.22257,43.39625],[-73.22448,43.39328],[-73.22139,43.39242],[-73.21721,43.38688],[-73.20452,43.38279],[-73.2041,43.37606],[-73.19349,43.37449],[-73.18716,43.37028],[-73.18961,43.36114],[-73.18829,43.35715],[-73.19014,43.35599],[-73.18913,43.35017],[-73.18186,43.34668],[-73.18199,43.34459],[-73.18333,43.34266],[-73.19214,43.34073],[-73.19386,43.33578],[-73.20238,43.33118],[-73.211,43.32986],[-73.21357,43.32708],[-73.23149,43.3206],[-73.23755,43.31376],[-73.24228,43.31393],[-73.24514,43.30466],[-73.24183,43.30225],[-73.23909,43.2874],[-73.24597,43.28746],[-73.25561,43.2839],[-73.25451,43.31467]]]}},{"type":"Feature","id":"05845","properties":{"zip":"05845","pop":null,"city":"Irasburg","county":"Orleans","state":"Vermont","area":30.76,"lat":44.7916,"lon":-72.30694},"geometry":{"type":"Polygon","coordinates":[[[-72.37448,44.79788],[-72.34395,44.84209],[-72.33253,44.84215],[-72.30878,44.87506],[-72.28259,44.86512],[-72.28714,44.86934],[-72.28171,44.86738],[-72.27908,44.86894],[-72.27003,44.86869],[-72.27513,44.86391],[-72.2733,44.8617],[-72.23969,44.84922],[-72.24361,44.84758],[-72.26042,44.8227],[-72.2667,44.81948],[-72.2695,44.80792],[-72.26306,44.80426],[-72.27069,44.80524],[-72.26995,44.80307],[-72.27397,44.79652],[-72.27283,44.79125],[-72.27475,44.79081],[-72.25417,44.77537],[-72.24027,44.77005],[-72.25725,44.74626],[-72.27568,44.73911],[-72.28067,44.74176],[-72.28608,44.74103],[-72.29041,44.73664],[-72.30034,44.73568],[-72.30809,44.72963],[-72.31199,44.73004],[-72.31029,44.71683],[-72.30861,44.71318],[-72.30467,44.71187],[-72.31414,44.70845],[-72.32118,44.71084],[-72.32596,44.70285],[-72.33841,44.70329],[-72.34933,44.71351],[-72.35494,44.71187],[-72.36785,44.71573],[-72.3556,44.73173],[-72.34925,44.73689],[-72.35385,44.74051],[-72.36589,44.74154],[-72.36323,44.74289],[-72.36445,44.74432],[-72.35868,44.74484],[-72.35929,44.74724],[-72.35469,44.74676],[-72.34555,44.75351],[-72.34804,44.75421],[-72.34549,44.75597],[-72.34602,44.75831],[-72.34113,44.76094],[-72.34302,44.76435],[-72.34118,44.76564],[-72.31354,44.7754],[-72.37448,44.79788]]]}},{"type":"Feature","id":"05447","properties":{"zip":"05447","pop":null,"city":"","county":"Franklin","state":"Vermont","area":0.75,"lat":44.93607,"lon":-72.70502},"geometry":{"type":"Polygon","coordinates":[[[-72.72683,44.92658],[-72.70893,44.93568],[-72.70479,44.94872],[-72.69981,44.9548],[-72.69657,44.94739],[-72.70047,44.93646],[-72.69824,44.93343],[-72.701,44.93286],[-72.69626,44.93037],[-72.68232,44.92804],[-72.69947,44.92759],[-72.70099,44.92928],[-72.70343,44.92743],[-72.72683,44.92658]]]}},{"type":"Feature","id":"05667","properties":{"zip":"05667","pop":null,"city":"","county":"Washington","state":"Vermont","area":35.63,"lat":44.28107,"lon":-72.39859},"geometry":{"type":"Polygon","coordinates":[[[-72.50307,44.3291],[-72.49188,44.33177],[-72.48707,44.33739],[-72.4823,44.35044],[-72.46587,44.34256],[-72.46122,44.34543],[-72.45943,44.34243],[-72.45075,44.33815],[-72.44577,44.33376],[-72.44391,44.32877],[-72.44437,44.32171],[-72.44249,44.31979],[-72.43792,44.31836],[-72.44233,44.3198],[-72.43784,44.32388],[-72.44001,44.32679],[-72.43845,44.32766],[-72.43891,44.3302],[-72.44047,44.33043],[-72.43781,44.33368],[-72.43792,44.33749],[-72.4302,44.34337],[-72.43759,44.34692],[-72.43637,44.35041],[-72.43244,44.34901],[-72.42927,44.35345],[-72.42916,44.35649],[-72.43395,44.35832],[-72.43075,44.36275],[-72.43161,44.36492],[-72.43047,44.36282],[-72.42039,44.36351],[-72.41624,44.361],[-72.39939,44.35889],[-72.43999,44.30438],[-72.4319,44.30056],[-72.42526,44.30429],[-72.41416,44.30006],[-72.40901,44.30426],[-72.39931,44.30669],[-72.39863,44.30198],[-72.39596,44.30436],[-72.39647,44.30798],[-72.39445,44.31142],[-72.39063,44.31166],[-72.38804,44.31041],[-72.38155,44.30009],[-72.37975,44.3069],[-72.37536,44.3095],[-72.36751,44.32312],[-72.36047,44.32892],[-72.35541,44.33765],[-72.35044,44.33552],[-72.35005,44.32748],[-72.32993,44.32295],[-72.3113,44.3074],[-72.30583,44.30856],[-72.31762,44.29838],[-72.3163,44.27258],[-72.35735,44.21849],[-72.36919,44.21724],[-72.37942,44.22086],[-72.39578,44.22269],[-72.40466,44.22092],[-72.41099,44.22232],[-72.41477,44.22689],[-72.41975,44.22098],[-72.45746,44.22934],[-72.4424,44.24029],[-72.45078,44.24189],[-72.46123,44.2405],[-72.46475,44.23424],[-72.46881,44.23157],[-72.48037,44.23383],[-72.44944,44.27445],[-72.45384,44.28073],[-72.45308,44.28986],[-72.45757,44.29333],[-72.45684,44.29443],[-72.46835,44.29619],[-72.46812,44.30538],[-72.46099,44.31247],[-72.50307,44.3291]]]}},{"type":"Feature","id":"05059","properties":{"zip":"05059","pop":null,"city":"Quechee","county":"Windsor","state":"Vermont","area":4.3,"lat":43.64229,"lon":-72.43032},"geometry":{"type":"Polygon","coordinates":[[[-72.46727,43.63124],[-72.4646,43.63117],[-72.46314,43.63422],[-72.46168,43.64335],[-72.46624,43.65251],[-72.44438,43.65194],[-72.43949,43.65783],[-72.43229,43.65738],[-72.42717,43.65362],[-72.40492,43.65854],[-72.40287,43.66045],[-72.39997,43.65973],[-72.3958,43.65396],[-72.39919,43.64879],[-72.39117,43.65198],[-72.39425,43.64482],[-72.39205,43.63885],[-72.39362,43.63877],[-72.39422,43.64179],[-72.39734,43.64032],[-72.40565,43.6414],[-72.40656,43.63706],[-72.40872,43.63742],[-72.41045,43.6329],[-72.41453,43.63303],[-72.4205,43.63657],[-72.4186,43.62582],[-72.4152,43.62198],[-72.46727,43.63124]]]}},{"type":"Feature","id":"05034","properties":{"zip":"05034","pop":null,"city":"","county":"Windsor","state":"Vermont","area":2.56,"lat":43.5893,"lon":-72.62159},"geometry":{"type":"MultiPolygon","coordinates":[[[[-72.63773,43.55893],[-72.62137,43.58579],[-72.61562,43.58461],[-72.61607,43.57861],[-72.62161,43.57044],[-72.61737,43.56563],[-72.61323,43.55539],[-72.61457,43.5528],[-72.63773,43.55893]]],[[[-72.63821,43.60017],[-72.63441,43.59749],[-72.63226,43.61098],[-72.62186,43.60989],[-72.61753,43.61488],[-72.6118,43.61637],[-72.61289,43.61899],[-72.60698,43.62237],[-72.59901,43.62262],[-72.62137,43.58579],[-72.62449,43.58611],[-72.62396,43.58744],[-72.6336,43.58757],[-72.63469,43.59413],[-72.63821,43.60017]]]]}},{"type":"Feature","id":"05862","properties":{"zip":"05862","pop":null,"city":"Peacham","county":"Caledonia","state":"Vermont","area":17.78,"lat":44.3197,"lon":-72.23122},"geometry":{"type":"Polygon","coordinates":[[[-72.30884,44.30568],[-72.26999,44.34053],[-72.25566,44.35958],[-72.25008,44.35818],[-72.24317,44.36089],[-72.23132,44.35696],[-72.21169,44.34251],[-72.19592,44.33719],[-72.18647,44.33179],[-72.18569,44.33856],[-72.18762,44.34578],[-72.18217,44.34489],[-72.17549,44.34057],[-72.17767,44.35144],[-72.17376,44.35856],[-72.17333,44.35332],[-72.16232,44.34357],[-72.15917,44.33825],[-72.15921,44.34581],[-72.15703,44.35129],[-72.15143,44.35415],[-72.1469,44.35013],[-72.14381,44.34333],[-72.13495,44.34171],[-72.13624,44.33292],[-72.1431,44.33388],[-72.14421,44.33151],[-72.15591,44.33673],[-72.15799,44.32796],[-72.15648,44.32421],[-72.16569,44.32088],[-72.16725,44.31817],[-72.17621,44.32024],[-72.18294,44.32442],[-72.1806,44.31992],[-72.1828,44.31788],[-72.20118,44.31154],[-72.19931,44.30762],[-72.20471,44.30238],[-72.20278,44.29478],[-72.19142,44.29095],[-72.20056,44.27875],[-72.31762,44.29838],[-72.30884,44.30568]]]}},{"type":"Feature","id":"05009","properties":{"zip":"05009","pop":null,"city":"White River Junction","county":"Windsor","state":"Vermont","area":0.03,"lat":43.64785,"lon":-72.34401},"geometry":{"type":"Polygon","coordinates":[[[-72.34564,43.65168],[-72.34219,43.6478],[-72.3419,43.64563],[-72.34522,43.64574],[-72.34564,43.65168]]]}},{"type":"Feature","id":"05743","properties":{"zip":"05743","pop":null,"city":"Benson","county":"Rutland","state":"Vermont","area":74.15,"lat":43.67122,"lon":-73.30715},"geometry":{"type":"Polygon","coordinates":[[[-73.43123,43.58828],[-73.42162,43.60302],[-73.42371,43.61236],[-73.41767,43.62169],[-73.42791,43.63443],[-73.42646,43.6426],[-73.41876,43.64788],[-73.41551,43.65245],[-73.41455,43.65821],[-73.40806,43.66944],[-73.40413,43.68134],[-73.40474,43.69021],[-73.39552,43.69683],[-73.38588,43.71134],[-73.37061,43.72533],[-73.37029,43.74227],[-73.36295,43.75318],[-73.32166,43.75658],[-73.32109,43.75398],[-73.30993,43.75503],[-73.30692,43.74259],[-73.30001,43.74529],[-73.29795,43.74365],[-73.29458,43.74559],[-73.28414,43.74621],[-73.28114,43.75314],[-73.27912,43.75373],[-73.27268,43.74952],[-73.2721,43.75147],[-73.26639,43.75248],[-73.26399,43.75697],[-73.26453,43.76119],[-73.26606,43.76138],[-73.23138,43.76447],[-73.23297,43.74866],[-73.21111,43.74945],[-73.21166,43.74603],[-73.20844,43.74941],[-73.20415,43.7495],[-73.20481,43.74712],[-73.21295,43.74222],[-73.21087,43.73823],[-73.21201,43.73521],[-73.21023,43.72711],[-73.20447,43.72763],[-73.20315,43.72246],[-73.19081,43.7224],[-73.19374,43.7181],[-73.18731,43.71026],[-73.18973,43.70508],[-73.18553,43.70378],[-73.18927,43.69736],[-73.1867,43.69577],[-73.18816,43.69423],[-73.18694,43.68901],[-73.18904,43.68748],[-73.18814,43.68561],[-73.19248,43.6827],[-73.19416,43.68606],[-73.19619,43.67882],[-73.21474,43.67846],[-73.21249,43.67473],[-73.21452,43.66316],[-73.21059,43.66308],[-73.21087,43.65664],[-73.20735,43.65655],[-73.20876,43.65238],[-73.21687,43.65673],[-73.22977,43.65752],[-73.22969,43.65352],[-73.23799,43.6322],[-73.23895,43.62362],[-73.23528,43.61887],[-73.23547,43.61162],[-73.23228,43.61154],[-73.24211,43.60702],[-73.24567,43.54047],[-73.25013,43.54343],[-73.25041,43.55042],[-73.24864,43.55386],[-73.25863,43.56495],[-73.26938,43.57197],[-73.27973,43.57424],[-73.2813,43.57758],[-73.28491,43.57927],[-73.29462,43.57897],[-73.29444,43.58249],[-73.29211,43.58451],[-73.29692,43.58732],[-73.2928,43.59386],[-73.29223,43.60255],[-73.30029,43.61081],[-73.30208,43.62436],[-73.30623,43.62802],[-73.31061,43.62411],[-73.31757,43.62736],[-73.32389,43.62763],[-73.3277,43.62591],[-73.34218,43.62607],[-73.34762,43.62251],[-73.35859,43.62506],[-73.36556,43.62344],[-73.37189,43.62449],[-73.36993,43.61909],[-73.37604,43.6126],[-73.37247,43.60485],[-73.3774,43.60042],[-73.37721,43.59857],[-73.38349,43.59737],[-73.38171,43.59296],[-73.38704,43.58946],[-73.38242,43.58606],[-73.38525,43.58326],[-73.38255,43.57919],[-73.38337,43.57677],[-73.39143,43.57361],[-73.39196,43.56992],[-73.39577,43.56809],[-73.40563,43.57118],[-73.42038,43.58149],[-73.42864,43.58399],[-73.43123,43.58828]]]}},{"type":"Feature","id":"05836","properties":{"zip":"05836","pop":null,"city":"","county":"Caledonia","state":"Vermont","area":23.72,"lat":44.51968,"lon":-72.25154},"geometry":{"type":"Polygon","coordinates":[[[-72.33855,44.50357],[-72.33406,44.5058],[-72.33123,44.51034],[-72.33671,44.51402],[-72.33406,44.52182],[-72.33552,44.52311],[-72.33463,44.52735],[-72.33665,44.52918],[-72.32175,44.54849],[-72.33163,44.55237],[-72.32685,44.56144],[-72.32277,44.56495],[-72.26857,44.54459],[-72.26946,44.54215],[-72.26042,44.53949],[-72.23398,44.54845],[-72.22338,44.54634],[-72.21654,44.53893],[-72.21495,44.54226],[-72.18637,44.54663],[-72.13776,44.51862],[-72.15188,44.49925],[-72.18054,44.51097],[-72.18069,44.50587],[-72.18346,44.50465],[-72.18155,44.50234],[-72.18413,44.49654],[-72.18667,44.49431],[-72.19162,44.49582],[-72.19615,44.49227],[-72.20203,44.49075],[-72.20622,44.499],[-72.20945,44.49843],[-72.21283,44.50235],[-72.22255,44.50193],[-72.2293,44.50453],[-72.23856,44.49503],[-72.24144,44.48881],[-72.24172,44.47776],[-72.26584,44.48537],[-72.28238,44.48268],[-72.28641,44.48482],[-72.29477,44.48451],[-72.29918,44.48238],[-72.30623,44.48542],[-72.31404,44.49463],[-72.3185,44.49505],[-72.32386,44.49949],[-72.32425,44.50097],[-72.32131,44.50156],[-72.31821,44.50544],[-72.3207,44.50442],[-72.3208,44.50235],[-72.32538,44.50112],[-72.33174,44.50165],[-72.33117,44.504],[-72.33855,44.50357]]]}},{"type":"Feature","id":"05766","properties":{"zip":"05766","pop":null,"city":"","county":"Addison","state":"Vermont","area":35.63,"lat":43.98829,"lon":-72.99085},"geometry":{"type":"Polygon","coordinates":[[[-73.06332,44.0422],[-73.03223,44.04501],[-73.03265,44.03656],[-72.95893,44.03399],[-72.95885,44.03666],[-72.90591,44.03651],[-72.90765,43.9715],[-72.91219,43.96555],[-72.94621,43.9742],[-72.98033,43.92197],[-73.04833,43.92215],[-73.04869,43.93246],[-73.04577,43.93974],[-73.04578,43.96434],[-73.05814,43.96286],[-73.06332,44.0422]]]}},{"type":"Feature","id":"05859","properties":{"zip":"05859","pop":null,"city":"North Troy","county":"Orleans","state":"Vermont","area":44.4,"lat":44.95983,"lon":-72.4385},"geometry":{"type":"MultiPolygon","coordinates":[[[[-72.40987,44.8943],[-72.4047,44.89644],[-72.40328,44.90184],[-72.40096,44.9002],[-72.40043,44.90221],[-72.39178,44.89711],[-72.38005,44.89635],[-72.3773,44.89225],[-72.3752,44.89208],[-72.36481,44.8961],[-72.35965,44.9009],[-72.35676,44.89988],[-72.36696,44.86004],[-72.38727,44.85996],[-72.38751,44.87101],[-72.39072,44.87068],[-72.4018,44.87694],[-72.40827,44.87496],[-72.40987,44.8943]]],[[[-72.55388,45.00827],[-72.44886,45.00854],[-72.32923,45.00472],[-72.34183,44.95616],[-72.36769,44.95691],[-72.36248,44.9561],[-72.36215,44.95203],[-72.35546,44.95204],[-72.35455,44.94828],[-72.35457,44.94501],[-72.36544,44.94476],[-72.36326,44.92464],[-72.36049,44.92078],[-72.36248,44.91782],[-72.36687,44.91671],[-72.36708,44.912],[-72.38322,44.91058],[-72.39239,44.91286],[-72.39448,44.91179],[-72.39665,44.90558],[-72.40613,44.9035],[-72.4103,44.89933],[-72.41257,44.92632],[-72.54128,44.92554],[-72.5365,44.92611],[-72.55388,45.00827]]]]}},{"type":"Feature","id":"05906","properties":{"zip":"05906","pop":null,"city":"Lunenburg","county":"Essex","state":"Vermont","area":35.11,"lat":44.47443,"lon":-71.71516},"geometry":{"type":"Polygon","coordinates":[[[-71.79584,44.50507],[-71.76985,44.51519],[-71.76898,44.51785],[-71.76424,44.51746],[-71.75763,44.52457],[-71.75203,44.52644],[-71.74862,44.52306],[-71.70712,44.53883],[-71.6062,44.48488],[-71.61784,44.48584],[-71.62456,44.47518],[-71.63179,44.47402],[-71.63487,44.47744],[-71.62466,44.48174],[-71.62766,44.48421],[-71.6328,44.48389],[-71.63832,44.47789],[-71.6449,44.4752],[-71.64731,44.47044],[-71.63899,44.46441],[-71.64352,44.46059],[-71.65255,44.46052],[-71.65637,44.45516],[-71.65971,44.44147],[-71.66345,44.43779],[-71.67928,44.43434],[-71.67599,44.42871],[-71.67697,44.42685],[-71.6827,44.42734],[-71.68394,44.42398],[-71.68674,44.42269],[-71.68537,44.42584],[-71.68664,44.42612],[-71.70282,44.41747],[-71.72114,44.41589],[-71.73074,44.41308],[-71.71927,44.41289],[-71.72336,44.41219],[-71.72313,44.41086],[-71.73662,44.40944],[-71.74178,44.40232],[-71.74648,44.40129],[-71.75082,44.40488],[-71.75908,44.40739],[-71.76402,44.4161],[-71.76576,44.42354],[-71.75587,44.42589],[-71.78299,44.44405],[-71.77847,44.44362],[-71.782,44.45253],[-71.78812,44.45677],[-71.78601,44.46942],[-71.78269,44.47324],[-71.77849,44.47383],[-71.79584,44.50507]]]}},{"type":"Feature","id":"05830","properties":{"zip":"05830","pop":null,"city":"Derby Line","county":"Orleans","state":"Vermont","area":24.31,"lat":44.97714,"lon":-71.98318},"geometry":{"type":"Polygon","coordinates":[[[-72.13419,44.99725],[-72.12841,44.99857],[-72.13013,44.99906],[-72.12858,45.00586],[-71.89932,45.00818],[-71.91194,44.9446],[-71.91748,44.94449],[-71.92096,44.93295],[-72.00621,44.93185],[-72.00584,44.93856],[-72.009,44.94235],[-72.00382,44.96413],[-72.00736,44.96773],[-72.02108,44.97256],[-72.03349,44.97975],[-72.03505,44.97991],[-72.0383,44.9747],[-72.04794,44.97112],[-72.05306,44.97132],[-72.06049,44.98091],[-72.05931,44.99137],[-72.06636,44.99824],[-72.06555,44.99471],[-72.07003,44.99],[-72.07074,44.98641],[-72.08441,44.98803],[-72.09192,45.00057],[-72.09926,45.0003],[-72.10243,44.99506],[-72.1113,44.995],[-72.1138,44.98745],[-72.12692,44.99129],[-72.13419,44.99725]]]}},{"type":"Feature","id":"05058","properties":{"zip":"05058","pop":null,"city":"","county":"Orange","state":"Vermont","area":2.13,"lat":43.87928,"lon":-72.26987},"geometry":{"type":"Polygon","coordinates":[[[-72.2894,43.87682],[-72.27155,43.89982],[-72.25305,43.89474],[-72.25884,43.88768],[-72.25691,43.8833],[-72.25883,43.87531],[-72.26074,43.87588],[-72.25981,43.85902],[-72.2643,43.86253],[-72.26336,43.86362],[-72.26248,43.86986],[-72.26283,43.87182],[-72.26362,43.87289],[-72.26262,43.87011],[-72.26445,43.86283],[-72.26422,43.859],[-72.26095,43.85736],[-72.26165,43.85469],[-72.27195,43.85873],[-72.27748,43.86813],[-72.2894,43.87682]]]}},{"type":"Feature","id":"05363","properties":{"zip":"05363","pop":null,"city":"Chimney Hill","county":"Windham","state":"Vermont","area":47.31,"lat":42.8829,"lon":-72.89557},"geometry":{"type":"Polygon","coordinates":[[[-73.00899,42.91145],[-73.00806,42.93009],[-72.79745,42.92229],[-72.7935,42.91563],[-72.79077,42.89877],[-72.78611,42.89297],[-72.77744,42.8876],[-72.77474,42.88073],[-72.77091,42.87944],[-72.77715,42.8783],[-72.77747,42.88255],[-72.7854,42.88253],[-72.78569,42.87427],[-72.79587,42.8736],[-72.80062,42.87086],[-72.8026,42.83447],[-72.80893,42.83759],[-72.81595,42.83728],[-72.82212,42.83955],[-72.81999,42.83749],[-72.82358,42.83183],[-72.82183,42.82701],[-72.92602,42.82991],[-72.92482,42.85616],[-73.01195,42.85911],[-73.00899,42.91145]]]}},{"type":"Feature","id":"05251","properties":{"zip":"05251","pop":null,"city":"Dorset","county":"Bennington","state":"Vermont","area":30.33,"lat":43.26183,"lon":-73.08261},"geometry":{"type":"Polygon","coordinates":[[[-73.17363,43.25552],[-73.17226,43.25963],[-73.17285,43.27512],[-73.16694,43.28326],[-73.16117,43.28454],[-73.14807,43.28292],[-73.13396,43.27514],[-73.12292,43.27293],[-73.1227,43.30868],[-72.99499,43.30513],[-73.00219,43.28398],[-73.00889,43.28811],[-73.01677,43.28739],[-73.0174,43.27212],[-73.02183,43.25179],[-73.02046,43.23853],[-73.0301,43.22062],[-73.03583,43.21593],[-73.03978,43.21551],[-73.04107,43.21197],[-73.05909,43.2124],[-73.06043,43.21383],[-73.06261,43.21249],[-73.12783,43.21364],[-73.12523,43.2308],[-73.14223,43.23282],[-73.14196,43.23822],[-73.14795,43.24444],[-73.16249,43.24877],[-73.17131,43.24525],[-73.172,43.25207],[-73.16953,43.25382],[-73.17363,43.25552]]]}},{"type":"Feature","id":"05155","properties":{"zip":"05155","pop":null,"city":"Stratton Mountain","county":"Windham","state":"Vermont","area":15.44,"lat":43.17705,"lon":-72.82276},"geometry":{"type":"MultiPolygon","coordinates":[[[[-72.8648,43.16615],[-72.86214,43.20522],[-72.85163,43.20483],[-72.84987,43.23478],[-72.84571,43.233],[-72.83614,43.21849],[-72.82715,43.21122],[-72.82885,43.21072],[-72.82827,43.2085],[-72.82256,43.19889],[-72.81737,43.19424],[-72.81624,43.19521],[-72.82116,43.19961],[-72.82385,43.20848],[-72.82183,43.21818],[-72.8135,43.21693],[-72.81284,43.20571],[-72.77757,43.20802],[-72.7766,43.20456],[-72.77888,43.19561],[-72.77339,43.19331],[-72.77402,43.185],[-72.76945,43.18529],[-72.76898,43.18288],[-72.76617,43.18194],[-72.76522,43.18364],[-72.7639,43.18047],[-72.76592,43.17604],[-72.76429,43.17223],[-72.77111,43.16478],[-72.77368,43.15584],[-72.77142,43.14171],[-72.79811,43.1489],[-72.80092,43.14825],[-72.80253,43.15009],[-72.82683,43.1566],[-72.83665,43.151],[-72.83787,43.14618],[-72.86622,43.14625],[-72.8648,43.16615]]],[[[-72.92406,43.11611],[-72.89715,43.11462],[-72.89329,43.11243],[-72.89689,43.10983],[-72.8897,43.1058],[-72.88673,43.1003],[-72.88757,43.09811],[-72.89691,43.10383],[-72.9019,43.10446],[-72.90215,43.10627],[-72.91251,43.10874],[-72.91814,43.10781],[-72.91917,43.1115],[-72.9239,43.11169],[-72.92406,43.11611]]]]}},{"type":"Feature","id":"05084","properties":{"zip":"05084","pop":null,"city":"","county":"Windsor","state":"Vermont","area":1.67,"lat":43.72794,"lon":-72.45204},"geometry":{"type":"Polygon","coordinates":[[[-72.4805,43.7396],[-72.47771,43.7421],[-72.43561,43.73007],[-72.43066,43.72304],[-72.42201,43.72121],[-72.41811,43.71207],[-72.43135,43.71388],[-72.44366,43.72418],[-72.46269,43.72383],[-72.47289,43.72642],[-72.4768,43.72841],[-72.4805,43.7396]]]}},{"type":"Feature","id":"05142","properties":{"zip":"05142","pop":null,"city":"Cavendish","county":"Windsor","state":"Vermont","area":19.61,"lat":43.40445,"lon":-72.58445},"geometry":{"type":"Polygon","coordinates":[[[-72.63931,43.40268],[-72.62095,43.40117],[-72.62046,43.40821],[-72.61841,43.40799],[-72.61562,43.41618],[-72.61992,43.41998],[-72.62181,43.42472],[-72.62091,43.43686],[-72.6236,43.44051],[-72.62272,43.44741],[-72.61884,43.45278],[-72.53444,43.44402],[-72.53092,43.43856],[-72.53384,43.41718],[-72.52316,43.4157],[-72.51819,43.4172],[-72.51312,43.41093],[-72.53443,43.41285],[-72.53877,43.38097],[-72.5798,43.36817],[-72.60697,43.34813],[-72.62552,43.34905],[-72.63172,43.3544],[-72.63655,43.36569],[-72.63398,43.37777],[-72.63481,43.38217],[-72.6253,43.38294],[-72.62699,43.38504],[-72.62633,43.38764],[-72.62601,43.38606],[-72.61496,43.38669],[-72.61065,43.38512],[-72.60818,43.38791],[-72.63803,43.39659],[-72.63728,43.39895],[-72.63931,43.40268]]]}},{"type":"Feature","id":"05408","properties":{"zip":"05408","pop":null,"city":"South Burlington","county":"Chittenden","state":"Vermont","area":13.9,"lat":44.48948,"lon":-73.27161},"geometry":{"type":"Polygon","coordinates":[[[-73.32111,44.51986],[-73.27024,44.53146],[-73.27401,44.5378],[-73.26748,44.53993],[-73.2626,44.53706],[-73.26684,44.52824],[-73.26376,44.52408],[-73.25325,44.52459],[-73.25013,44.52271],[-73.24783,44.52704],[-73.24182,44.529],[-73.23665,44.52173],[-73.23932,44.51753],[-73.23824,44.51629],[-73.2308,44.51333],[-73.22583,44.51669],[-73.21884,44.51596],[-73.22604,44.51319],[-73.22816,44.50897],[-73.22461,44.50621],[-73.21884,44.5097],[-73.21423,44.50926],[-73.2212,44.50394],[-73.23105,44.50353],[-73.23151,44.49934],[-73.22794,44.49474],[-73.22989,44.49401],[-73.23231,44.49713],[-73.23936,44.49344],[-73.22488,44.48274],[-73.25893,44.47903],[-73.23161,44.44664],[-73.26881,44.44749],[-73.27634,44.43859],[-73.29381,44.43817],[-73.29522,44.44588],[-73.30011,44.45471],[-73.29894,44.4713],[-73.30442,44.48574],[-73.30671,44.50033],[-73.32084,44.51363],[-73.32111,44.51986]]]}},{"type":"Feature","id":"05148","properties":{"zip":"05148","pop":null,"city":"","county":"Windham","state":"Vermont","area":19.9,"lat":43.24488,"lon":-72.8121},"geometry":{"type":"Polygon","coordinates":[[[-72.90677,43.30195],[-72.8199,43.29921],[-72.81962,43.25601],[-72.80665,43.25253],[-72.8075,43.25969],[-72.80097,43.25749],[-72.8012,43.26021],[-72.79462,43.25961],[-72.79421,43.25702],[-72.79154,43.2557],[-72.7958,43.25424],[-72.79549,43.24965],[-72.73027,43.23325],[-72.72768,43.22639],[-72.73375,43.22388],[-72.73805,43.21648],[-72.73855,43.21272],[-72.73456,43.20757],[-72.73985,43.2053],[-72.74527,43.19419],[-72.74816,43.19223],[-72.755,43.19242],[-72.76533,43.18449],[-72.76617,43.18194],[-72.76898,43.18288],[-72.76945,43.18529],[-72.77402,43.185],[-72.77339,43.19331],[-72.77888,43.19561],[-72.7766,43.20456],[-72.77757,43.20802],[-72.81284,43.20571],[-72.8135,43.21693],[-72.82183,43.21818],[-72.82385,43.20848],[-72.82116,43.19961],[-72.81624,43.19521],[-72.81737,43.19424],[-72.82256,43.19889],[-72.82827,43.2085],[-72.82885,43.21072],[-72.82715,43.21122],[-72.83614,43.21849],[-72.84571,43.233],[-72.84987,43.23478],[-72.84977,43.23659],[-72.85523,43.23674],[-72.85991,43.24333],[-72.86489,43.24356],[-72.86291,43.2696],[-72.8645,43.27626],[-72.88294,43.28539],[-72.89375,43.28709],[-72.90677,43.30195]]]}},{"type":"Feature","id":"05441","properties":{"zip":"05441","pop":null,"city":"Bakersfield","county":"Franklin","state":"Vermont","area":8.6,"lat":44.76862,"lon":-72.78668},"geometry":{"type":"Polygon","coordinates":[[[-72.83783,44.7468],[-72.80826,44.74599],[-72.80236,44.75625],[-72.80265,44.7639],[-72.8056,44.76383],[-72.80311,44.76671],[-72.80338,44.77277],[-72.80713,44.77348],[-72.80153,44.7821],[-72.80632,44.78053],[-72.82412,44.78186],[-72.82734,44.783],[-72.82971,44.7877],[-72.81695,44.79247],[-72.80622,44.78999],[-72.80676,44.79432],[-72.79955,44.79337],[-72.79844,44.79557],[-72.79724,44.79405],[-72.79848,44.79106],[-72.79426,44.79056],[-72.78753,44.80525],[-72.78887,44.79304],[-72.7861,44.79264],[-72.78567,44.79445],[-72.78303,44.79413],[-72.78127,44.80182],[-72.77575,44.8004],[-72.77747,44.79802],[-72.77384,44.80112],[-72.75348,44.80586],[-72.74451,44.80025],[-72.74671,44.7902],[-72.74579,44.7759],[-72.75505,44.77703],[-72.75855,44.76364],[-72.76728,44.76482],[-72.76823,44.76636],[-72.77439,44.74317],[-72.78222,44.74425],[-72.78306,44.74029],[-72.7804,44.74023],[-72.78613,44.72772],[-72.83249,44.73451],[-72.83783,44.7468]]]}},{"type":"Feature","id":"05452","properties":{"zip":"05452","pop":null,"city":"Essex Junction","county":"Chittenden","state":"Vermont","area":29.13,"lat":44.52369,"lon":-73.06486},"geometry":{"type":"Polygon","coordinates":[[[-73.14332,44.50961],[-73.09792,44.5705],[-73.06732,44.56561],[-73.06806,44.56974],[-73.06581,44.57195],[-73.06706,44.57634],[-73.05744,44.57364],[-73.04709,44.58545],[-73.0396,44.58508],[-73.03168,44.58965],[-73.02438,44.59735],[-73.01815,44.59539],[-73.01946,44.59151],[-73.01787,44.59113],[-73.01977,44.59067],[-73.02168,44.58554],[-73.02293,44.5716],[-73.02906,44.56678],[-73.03139,44.55997],[-72.98983,44.55333],[-72.99793,44.54267],[-72.99052,44.54009],[-72.99533,44.53346],[-72.98916,44.53118],[-72.98812,44.52762],[-73.03023,44.47105],[-73.04231,44.4738],[-73.0439,44.47111],[-73.0472,44.47089],[-73.05038,44.47602],[-73.05692,44.47303],[-73.06131,44.47791],[-73.06709,44.47795],[-73.07417,44.48235],[-73.08015,44.4817],[-73.08547,44.47835],[-73.09231,44.48058],[-73.09715,44.47307],[-73.10055,44.47185],[-73.10349,44.47736],[-73.11266,44.48334],[-73.12439,44.47648],[-73.13588,44.47502],[-73.13743,44.47853],[-73.14115,44.47818],[-73.14446,44.48089],[-73.14317,44.48767],[-73.14008,44.48992],[-73.14055,44.49581],[-73.13568,44.50286],[-73.14654,44.50538],[-73.14332,44.50961]]]}},{"type":"Feature","id":"05149","properties":{"zip":"05149","pop":null,"city":"Ludlow","county":"Windsor","state":"Vermont","area":31.59,"lat":43.40369,"lon":-72.70288},"geometry":{"type":"Polygon","coordinates":[[[-72.7624,43.37133],[-72.7384,43.41704],[-72.72256,43.46008],[-72.72737,43.46106],[-72.72422,43.46817],[-72.7489,43.47377],[-72.74842,43.47613],[-72.74255,43.47456],[-72.73543,43.47569],[-72.73345,43.48056],[-72.7315,43.48039],[-72.73289,43.48565],[-72.72948,43.48943],[-72.72198,43.49148],[-72.72116,43.48934],[-72.7242,43.48868],[-72.72318,43.48612],[-72.71719,43.48737],[-72.71583,43.47983],[-72.70364,43.47848],[-72.70836,43.49014],[-72.70638,43.49495],[-72.70253,43.48873],[-72.7014,43.47952],[-72.69579,43.47852],[-72.69961,43.47606],[-72.69944,43.47345],[-72.698,43.47362],[-72.69258,43.47671],[-72.69465,43.48183],[-72.68928,43.48576],[-72.68208,43.48678],[-72.66649,43.48511],[-72.66091,43.49135],[-72.65592,43.49263],[-72.6608,43.4536],[-72.66133,43.35078],[-72.67949,43.35155],[-72.68103,43.32211],[-72.69832,43.3291],[-72.70535,43.3159],[-72.71079,43.31871],[-72.71395,43.31796],[-72.71277,43.31565],[-72.71002,43.31538],[-72.71074,43.30425],[-72.7208,43.30717],[-72.72166,43.31617],[-72.72016,43.31577],[-72.71949,43.32113],[-72.72329,43.322],[-72.72186,43.32634],[-72.72487,43.33061],[-72.72322,43.33926],[-72.75963,43.35377],[-72.7624,43.37133]]]}},{"type":"Feature","id":"05151","properties":{"zip":"05151","pop":null,"city":"","county":"Windsor","state":"Vermont","area":17.71,"lat":43.39398,"lon":-72.49573},"geometry":{"type":"Polygon","coordinates":[[[-72.54455,43.35605],[-72.53877,43.38097],[-72.53443,43.41285],[-72.50839,43.41116],[-72.51863,43.41875],[-72.52025,43.43071],[-72.52729,43.43356],[-72.51948,43.43737],[-72.51941,43.44165],[-72.4325,43.43277],[-72.43363,43.41869],[-72.43843,43.41756],[-72.44022,43.41147],[-72.44677,43.41036],[-72.44841,43.41267],[-72.45216,43.40939],[-72.45982,43.40817],[-72.45987,43.4049],[-72.46598,43.40513],[-72.45588,43.40053],[-72.45569,43.39629],[-72.45675,43.39164],[-72.45969,43.38898],[-72.46555,43.388],[-72.46653,43.37828],[-72.46066,43.37873],[-72.45664,43.37656],[-72.47224,43.36293],[-72.4845,43.35594],[-72.48891,43.35074],[-72.49536,43.35068],[-72.4979,43.34574],[-72.502,43.34287],[-72.54545,43.34527],[-72.54455,43.35605]]]}},{"type":"Feature","id":"05252","properties":{"zip":"05252","pop":null,"city":"Arlington","county":"Bennington","state":"Vermont","area":29.06,"lat":43.06659,"lon":-73.06119},"geometry":{"type":"Polygon","coordinates":[[[-73.14815,43.05478],[-73.14571,43.06257],[-73.13829,43.06009],[-73.13812,43.0681],[-73.1331,43.07217],[-73.13177,43.06462],[-73.12511,43.06068],[-73.11798,43.07642],[-73.10198,43.09091],[-73.0858,43.11511],[-73.08058,43.11923],[-72.99713,43.11699],[-72.99938,43.09786],[-73.0006,43.02356],[-73.00312,43.02368],[-73.00323,43.02146],[-73.14048,43.02585],[-73.13888,43.05323],[-73.15052,43.05335],[-73.14815,43.05478]]]}},{"type":"Feature","id":"05254","properties":{"zip":"05254","pop":null,"city":"Manchester","county":"Bennington","state":"Vermont","area":1.85,"lat":43.15923,"lon":-73.06906},"geometry":{"type":"Polygon","coordinates":[[[-73.09048,43.15696],[-73.08312,43.16689],[-73.0692,43.16639],[-73.06575,43.1698],[-73.07151,43.1738],[-73.07069,43.18165],[-73.06052,43.18146],[-73.06078,43.17683],[-73.0657,43.1769],[-73.06612,43.17224],[-73.05403,43.16757],[-73.05584,43.16282],[-73.05392,43.15636],[-73.058,43.1493],[-73.05738,43.14705],[-73.06177,43.14326],[-73.06671,43.14343],[-73.069,43.14558],[-73.07156,43.14348],[-73.07701,43.1437],[-73.08028,43.13982],[-73.08414,43.14099],[-73.07848,43.14256],[-73.07568,43.15418],[-73.08274,43.15416],[-73.09048,43.15696]]]}},{"type":"Feature","id":"05458","properties":{"zip":"05458","pop":null,"city":"","county":"Grand Isle","state":"Vermont","area":24.21,"lat":44.71859,"lon":-73.29823},"geometry":{"type":"Polygon","coordinates":[[[-73.37194,44.67601],[-73.36721,44.67851],[-73.37014,44.68485],[-73.3653,44.68755],[-73.36131,44.69452],[-73.36598,44.69756],[-73.36556,44.74179],[-73.35869,44.75005],[-73.31585,44.75004],[-73.31296,44.74791],[-73.31166,44.75086],[-73.30613,44.75309],[-73.30146,44.74748],[-73.29548,44.7455],[-73.2924,44.74631],[-73.28897,44.74968],[-73.28948,44.76573],[-73.28547,44.77161],[-73.25611,44.7825],[-73.259,44.77311],[-73.25632,44.75944],[-73.24957,44.75004],[-73.23571,44.73645],[-73.22885,44.72287],[-73.2281,44.68819],[-73.29511,44.68193],[-73.29742,44.68017],[-73.29736,44.67834],[-73.29556,44.67847],[-73.29644,44.67437],[-73.29872,44.67265],[-73.30266,44.67389],[-73.30464,44.66994],[-73.3055,44.67546],[-73.31418,44.6767],[-73.31588,44.68015],[-73.37194,44.67601]]]}},{"type":"Feature","id":"05459","properties":{"zip":"05459","pop":null,"city":"Highgate Center","county":"Franklin","state":"Vermont","area":16.31,"lat":44.95569,"lon":-73.01844},"geometry":{"type":"Polygon","coordinates":[[[-73.08457,44.9233],[-73.081,44.92417],[-73.07394,44.93078],[-73.07556,44.93376],[-73.08304,44.93342],[-73.07803,44.93608],[-73.08307,44.93919],[-73.08271,44.94215],[-73.07653,44.94759],[-73.0791,44.94819],[-73.07493,44.9493],[-73.06848,44.947],[-73.06247,44.9561],[-73.05989,44.95529],[-73.05716,44.95877],[-73.05468,44.95801],[-73.05191,44.96163],[-73.05157,44.96426],[-73.05425,44.96512],[-73.05306,44.96791],[-73.04806,44.96776],[-73.04326,44.98099],[-73.03814,44.98318],[-73.03425,44.98215],[-73.0281,44.99092],[-73.02425,45.0035],[-73.01956,45.00534],[-73.02153,45.00953],[-73.01499,45.01306],[-73.01481,45.01499],[-72.99314,45.01457],[-72.98116,44.96493],[-72.97547,44.968],[-72.96854,44.9684],[-72.96933,44.9639],[-72.98362,44.94269],[-72.98489,44.93276],[-72.97158,44.94035],[-72.96435,44.94027],[-72.95785,44.9392],[-72.95608,44.93588],[-72.94844,44.93058],[-72.95151,44.92696],[-73.00597,44.91868],[-73.00798,44.92382],[-73.00349,44.92888],[-72.99797,44.93019],[-72.98789,44.92737],[-72.98748,44.9291],[-73.00355,44.93712],[-73.00533,44.9357],[-73.00614,44.92964],[-73.01042,44.9282],[-73.01309,44.92433],[-73.01926,44.92475],[-73.0165,44.92062],[-73.02299,44.91656],[-73.03848,44.92196],[-73.03975,44.92016],[-73.03491,44.9188],[-73.03681,44.91598],[-73.04318,44.91494],[-73.04009,44.91966],[-73.05145,44.92292],[-73.05779,44.91908],[-73.05804,44.92267],[-73.05934,44.91739],[-73.06084,44.91784],[-73.06418,44.91374],[-73.08651,44.92161],[-73.08457,44.9233]]]}},{"type":"Feature","id":"05461","properties":{"zip":"05461","pop":null,"city":"Hinesburg","county":"Chittenden","state":"Vermont","area":30.45,"lat":44.32116,"lon":-73.09202},"geometry":{"type":"Polygon","coordinates":[[[-73.15831,44.36308],[-73.03539,44.37496],[-73.01652,44.28533],[-73.07003,44.28006],[-73.07715,44.27578],[-73.07937,44.27608],[-73.08026,44.28081],[-73.08235,44.27963],[-73.08138,44.27709],[-73.08444,44.28016],[-73.0859,44.27875],[-73.08961,44.28096],[-73.10125,44.27932],[-73.09913,44.27338],[-73.09901,44.26221],[-73.10984,44.2661],[-73.11454,44.25814],[-73.1141,44.25556],[-73.12367,44.25425],[-73.12614,44.25971],[-73.13617,44.25958],[-73.13535,44.26154],[-73.14241,44.265],[-73.14287,44.26694],[-73.13937,44.27421],[-73.14508,44.2734],[-73.16529,44.36221],[-73.15831,44.36308]]]}},{"type":"Feature","id":"05257","properties":{"zip":"05257","pop":null,"city":"North Bennington","county":"Bennington","state":"Vermont","area":12.93,"lat":42.96533,"lon":-73.25137},"geometry":{"type":"Polygon","coordinates":[[[-73.2758,42.89725],[-73.27003,43.03072],[-73.2095,43.02855],[-73.21097,43.0209],[-73.21511,43.01992],[-73.2153,43.01267],[-73.22199,43.013],[-73.22161,43.00812],[-73.22749,43.00989],[-73.22726,43.00357],[-73.23636,43.00383],[-73.23649,43.00084],[-73.24326,43.00064],[-73.24356,42.99575],[-73.23748,42.99606],[-73.23761,42.98884],[-73.24326,42.98848],[-73.24577,42.9907],[-73.24643,42.98349],[-73.24956,42.98524],[-73.25085,42.97547],[-73.25243,42.97548],[-73.24855,42.9662],[-73.24906,42.95242],[-73.23841,42.95212],[-73.24121,42.93747],[-73.23284,42.93774],[-73.21652,42.94605],[-73.22197,42.93301],[-73.2353,42.93334],[-73.22348,42.92752],[-73.21666,42.92837],[-73.22278,42.92629],[-73.22041,42.92063],[-73.2281,42.91787],[-73.22538,42.91375],[-73.22487,42.90503],[-73.24698,42.90571],[-73.26592,42.89913],[-73.27601,42.8927],[-73.2758,42.89725]]]}},{"type":"Feature","id":"05261","properties":{"zip":"05261","pop":null,"city":"Pownal Center","county":"Bennington","state":"Vermont","area":21.51,"lat":42.77515,"lon":-73.21273},"geometry":{"type":"Polygon","coordinates":[[[-73.2893,42.8041],[-73.28524,42.81051],[-73.27383,42.806],[-73.27151,42.80324],[-73.26693,42.80542],[-73.26465,42.79762],[-73.2778,42.79463],[-73.27658,42.79187],[-73.27255,42.79034],[-73.26673,42.79364],[-73.2629,42.79371],[-73.26073,42.79172],[-73.25945,42.79365],[-73.25194,42.78846],[-73.24791,42.79298],[-73.2503,42.80169],[-73.24746,42.80422],[-73.24257,42.80089],[-73.23808,42.80269],[-73.22756,42.81305],[-73.21623,42.81018],[-73.21337,42.81407],[-73.21141,42.81092],[-73.20744,42.81269],[-73.20586,42.81709],[-73.20094,42.8176],[-73.20033,42.81574],[-73.19304,42.81409],[-73.19369,42.80632],[-73.18409,42.79997],[-73.17775,42.80124],[-73.13975,42.79366],[-73.14249,42.74351],[-73.27642,42.74602],[-73.29094,42.80192],[-73.2893,42.8041]]]}},{"type":"Feature","id":"05262","properties":{"zip":"05262","pop":null,"city":"South Shaftsbury","county":"Bennington","state":"Vermont","area":52.88,"lat":42.97944,"lon":-73.12061},"geometry":{"type":"Polygon","coordinates":[[[-73.25243,42.97548],[-73.25085,42.97547],[-73.24956,42.98524],[-73.24643,42.98349],[-73.24577,42.9907],[-73.24326,42.98848],[-73.23761,42.98884],[-73.23748,42.99606],[-73.24356,42.99575],[-73.24326,43.00064],[-73.23649,43.00084],[-73.23636,43.00383],[-73.22726,43.00357],[-73.22749,43.00989],[-73.22161,43.00812],[-73.22199,43.013],[-73.2153,43.01267],[-73.21511,43.01992],[-73.21097,43.0209],[-73.2095,43.02855],[-73.00323,43.02146],[-73.00806,42.93009],[-73.10946,42.93269],[-73.146,42.93097],[-73.14448,42.9594],[-73.1598,42.96233],[-73.16398,42.96153],[-73.17216,42.95084],[-73.17237,42.94664],[-73.17728,42.94773],[-73.18694,42.93212],[-73.19966,42.93421],[-73.20485,42.93258],[-73.22197,42.93301],[-73.21652,42.94605],[-73.23284,42.93774],[-73.24121,42.93747],[-73.23841,42.95212],[-73.24906,42.95242],[-73.24855,42.9662],[-73.25243,42.97548]]]}},{"type":"Feature","id":"05340","properties":{"zip":"05340","pop":null,"city":"Stratton Mountain","county":"Bennington","state":"Vermont","area":32.45,"lat":43.16231,"lon":-72.935},"geometry":{"type":"Polygon","coordinates":[[[-73.00296,43.18714],[-73.00085,43.19261],[-72.99725,43.19393],[-73.00258,43.19422],[-73.0017,43.21089],[-72.86214,43.20522],[-72.86869,43.11394],[-72.99694,43.11903],[-72.99713,43.11699],[-73.00748,43.11664],[-73.00296,43.18714]]]}},{"type":"Feature","id":"05343","properties":{"zip":"05343","pop":null,"city":"","county":"Windham","state":"Vermont","area":34.31,"lat":43.09742,"lon":-72.80123},"geometry":{"type":"Polygon","coordinates":[[[-72.89715,43.11462],[-72.86869,43.11394],[-72.86622,43.14625],[-72.83787,43.14618],[-72.83665,43.151],[-72.82683,43.1566],[-72.80253,43.15009],[-72.80092,43.14825],[-72.79319,43.14758],[-72.79441,43.14544],[-72.79148,43.14118],[-72.7981,43.13112],[-72.79836,43.12595],[-72.79582,43.12488],[-72.7905,43.12402],[-72.7801,43.12851],[-72.76524,43.12478],[-72.76659,43.13512],[-72.76376,43.13689],[-72.75932,43.13533],[-72.75827,43.13822],[-72.72693,43.13018],[-72.72169,43.12066],[-72.71177,43.12379],[-72.71062,43.12125],[-72.73392,43.05042],[-72.87232,43.05364],[-72.86994,43.09368],[-72.87778,43.09199],[-72.88206,43.0951],[-72.88962,43.10341],[-72.8897,43.1058],[-72.89689,43.10983],[-72.89329,43.11243],[-72.89715,43.11462]]]}},{"type":"Feature","id":"05464","properties":{"zip":"05464","pop":null,"city":"","county":"Lamoille","state":"Vermont","area":40.56,"lat":44.65451,"lon":-72.81879},"geometry":{"type":"Polygon","coordinates":[[[-72.90447,44.71409],[-72.90108,44.71792],[-72.8988,44.71731],[-72.89007,44.73448],[-72.88707,44.73602],[-72.87632,44.73596],[-72.87106,44.73997],[-72.78613,44.72772],[-72.79551,44.6922],[-72.8002,44.69383],[-72.8003,44.68911],[-72.80682,44.67791],[-72.80479,44.67721],[-72.80574,44.67574],[-72.80109,44.67371],[-72.8009,44.67168],[-72.80002,44.6731],[-72.79317,44.6727],[-72.79404,44.67143],[-72.78854,44.66798],[-72.78325,44.66967],[-72.78237,44.67316],[-72.78698,44.67392],[-72.78265,44.67351],[-72.78387,44.67525],[-72.78276,44.67755],[-72.78135,44.67807],[-72.78043,44.67772],[-72.77866,44.67849],[-72.77685,44.68238],[-72.77833,44.67839],[-72.78366,44.67549],[-72.78207,44.67283],[-72.78325,44.66881],[-72.77948,44.66813],[-72.78029,44.67039],[-72.77505,44.67209],[-72.77657,44.67135],[-72.77167,44.66897],[-72.77073,44.66525],[-72.76864,44.6679],[-72.76264,44.66437],[-72.76233,44.66164],[-72.75585,44.66059],[-72.7541,44.65868],[-72.75684,44.65672],[-72.75534,44.65494],[-72.75066,44.65579],[-72.76362,44.63729],[-72.72649,44.62432],[-72.78439,44.54105],[-72.79249,44.54285],[-72.79314,44.5476],[-72.79708,44.55233],[-72.79463,44.55648],[-72.7869,44.56002],[-72.78235,44.57061],[-72.77674,44.57234],[-72.78559,44.58225],[-72.78748,44.5832],[-72.78872,44.5815],[-72.80102,44.58634],[-72.81096,44.57304],[-72.82993,44.58028],[-72.82428,44.58805],[-72.83036,44.59034],[-72.82935,44.59165],[-72.83207,44.59285],[-72.82765,44.59884],[-72.84107,44.60384],[-72.83967,44.60603],[-72.84276,44.60639],[-72.84412,44.60376],[-72.84957,44.60847],[-72.84672,44.61292],[-72.85457,44.61572],[-72.85142,44.62103],[-72.85422,44.62199],[-72.85665,44.6193],[-72.85834,44.62034],[-72.87236,44.63959],[-72.8671,44.64679],[-72.86944,44.64735],[-72.8691,44.64946],[-72.87358,44.65007],[-72.87345,44.64878],[-72.87952,44.65198],[-72.88099,44.6565],[-72.88731,44.66187],[-72.87088,44.68397],[-72.87686,44.68578],[-72.88395,44.6843],[-72.88292,44.6885],[-72.88799,44.69052],[-72.88629,44.69304],[-72.88952,44.69498],[-72.89274,44.68851],[-72.89824,44.68864],[-72.90116,44.69408],[-72.90058,44.69889],[-72.90433,44.7001],[-72.90285,44.70146],[-72.90444,44.70558],[-72.90178,44.70727],[-72.90447,44.71409]]]}},{"type":"Feature","id":"05465","properties":{"zip":"05465","pop":null,"city":"Jericho","county":"Chittenden","state":"Vermont","area":41.98,"lat":44.45875,"lon":-72.93048},"geometry":{"type":"Polygon","coordinates":[[[-73.03286,44.43998],[-73.02874,44.44236],[-73.01981,44.44299],[-73.0191,44.45158],[-73.02477,44.45589],[-73.02124,44.45987],[-73.02499,44.46119],[-73.0266,44.46686],[-73.03196,44.46804],[-72.98812,44.52762],[-72.98916,44.53118],[-72.99533,44.53346],[-72.99052,44.54009],[-72.99793,44.54267],[-72.98983,44.55333],[-72.97132,44.55036],[-72.94494,44.52494],[-72.94548,44.52283],[-72.94057,44.52087],[-72.8882,44.47032],[-72.805,44.45168],[-72.83413,44.41044],[-72.85842,44.40574],[-72.87243,44.40665],[-72.87276,44.40324],[-72.87849,44.40029],[-72.87364,44.38439],[-72.87619,44.38022],[-72.8745,44.37734],[-72.87655,44.37539],[-72.92498,44.38489],[-72.93131,44.38814],[-72.91884,44.42865],[-73.01402,44.43328],[-73.02088,44.43673],[-73.02082,44.4337],[-73.03253,44.43789],[-73.03286,44.43998]],[[-72.86662,44.40851],[-72.85536,44.4159],[-72.85064,44.41462],[-72.8475,44.41579],[-72.85079,44.41973],[-72.84749,44.42181],[-72.85231,44.42484],[-72.85415,44.42225],[-72.86039,44.41981],[-72.86941,44.40911],[-72.86662,44.40851]]]}},{"type":"Feature","id":"05353","properties":{"zip":"05353","pop":null,"city":"","county":"Windham","state":"Vermont","area":26.55,"lat":43.06503,"lon":-72.66482},"geometry":{"type":"Polygon","coordinates":[[[-72.74599,43.03506],[-72.74062,43.03655],[-72.74105,43.03876],[-72.73764,43.03965],[-72.72584,43.07414],[-72.71417,43.08336],[-72.71832,43.08336],[-72.71535,43.08379],[-72.71161,43.08311],[-72.71377,43.08336],[-72.71011,43.0737],[-72.70783,43.07686],[-72.71157,43.08155],[-72.70957,43.08295],[-72.70459,43.08216],[-72.70464,43.08626],[-72.70097,43.08802],[-72.69891,43.09184],[-72.69508,43.09159],[-72.69523,43.09005],[-72.67742,43.08968],[-72.67545,43.09432],[-72.67744,43.10046],[-72.67629,43.11043],[-72.66211,43.1175],[-72.67099,43.13386],[-72.6382,43.13786],[-72.64196,43.10649],[-72.59618,43.10457],[-72.62123,43.01794],[-72.6508,43.01901],[-72.65724,43.02166],[-72.65641,43.01921],[-72.74274,43.02331],[-72.73963,43.03297],[-72.74767,43.03265],[-72.74599,43.03506]]]}},{"type":"Feature","id":"05355","properties":{"zip":"05355","pop":null,"city":"","county":"Windham","state":"Vermont","area":19.88,"lat":43.02078,"lon":-72.80636},"geometry":{"type":"Polygon","coordinates":[[[-72.87868,43.00029],[-72.87849,43.00812],[-72.86268,43.01223],[-72.85987,43.01753],[-72.85276,43.0233],[-72.8513,43.02969],[-72.85521,43.03369],[-72.87036,43.03869],[-72.87314,43.04293],[-72.87232,43.05364],[-72.73392,43.05042],[-72.73764,43.03965],[-72.74105,43.03876],[-72.74062,43.03655],[-72.74599,43.03506],[-72.74767,43.03265],[-72.73963,43.03297],[-72.7548,42.98724],[-72.87945,42.99095],[-72.87868,43.00029]]]}},{"type":"Feature","id":"05401","properties":{"zip":"05401","pop":null,"city":"Burlington","county":"Chittenden","state":"Vermont","area":6.27,"lat":44.47491,"lon":-73.21769},"geometry":{"type":"Polygon","coordinates":[[[-73.25893,44.47903],[-73.22488,44.48274],[-73.23936,44.49344],[-73.23231,44.49713],[-73.22989,44.49401],[-73.22794,44.49474],[-73.23151,44.49934],[-73.23105,44.50353],[-73.2212,44.50394],[-73.21423,44.50926],[-73.21255,44.50603],[-73.20296,44.50123],[-73.20121,44.49012],[-73.19009,44.48733],[-73.18184,44.48847],[-73.18147,44.48533],[-73.1761,44.48476],[-73.18995,44.47253],[-73.19317,44.47883],[-73.19978,44.48063],[-73.19921,44.47453],[-73.19676,44.47542],[-73.1977,44.47165],[-73.20051,44.47199],[-73.19819,44.46981],[-73.20089,44.46704],[-73.19805,44.46677],[-73.19646,44.47306],[-73.19378,44.47411],[-73.19004,44.45444],[-73.20858,44.45523],[-73.2053,44.45294],[-73.20887,44.45228],[-73.20944,44.44593],[-73.21806,44.44804],[-73.21767,44.44645],[-73.2315,44.447],[-73.25893,44.47903]]]}},{"type":"Feature","id":"05483","properties":{"zip":"05483","pop":null,"city":"","county":"Franklin","state":"Vermont","area":16.26,"lat":44.88324,"lon":-72.98498},"geometry":{"type":"Polygon","coordinates":[[[-73.04296,44.91266],[-73.03847,44.91338],[-73.03491,44.9188],[-73.03975,44.92016],[-73.03848,44.92196],[-73.02299,44.91656],[-73.0165,44.92062],[-73.01926,44.92475],[-73.01309,44.92433],[-73.01042,44.9282],[-73.00614,44.92964],[-73.00533,44.9357],[-73.00355,44.93712],[-72.98748,44.9291],[-72.98789,44.92737],[-72.99797,44.93019],[-73.00349,44.92888],[-73.00798,44.92382],[-73.00597,44.91868],[-72.99348,44.91822],[-72.98297,44.91173],[-72.97991,44.90766],[-72.97592,44.91309],[-72.97367,44.91302],[-72.97097,44.90852],[-72.96584,44.91014],[-72.9625,44.91429],[-72.95955,44.91431],[-72.95511,44.90706],[-72.9508,44.90675],[-72.95391,44.90978],[-72.94928,44.91325],[-72.94668,44.91127],[-72.93352,44.91368],[-72.93926,44.8972],[-72.94615,44.89669],[-72.95094,44.9021],[-72.95226,44.90137],[-72.94622,44.89561],[-72.93907,44.89531],[-72.93522,44.88754],[-72.93327,44.88721],[-72.92697,44.89244],[-72.91818,44.89313],[-72.91752,44.88836],[-72.89556,44.88988],[-72.89411,44.87813],[-72.89708,44.87741],[-72.8956,44.87595],[-72.8975,44.87444],[-72.89804,44.87641],[-72.91349,44.88137],[-72.91401,44.87384],[-72.92333,44.86695],[-72.92956,44.85547],[-72.93316,44.85483],[-72.93516,44.8602],[-72.94011,44.8606],[-72.93756,44.86931],[-72.94109,44.86982],[-72.93982,44.87258],[-72.96585,44.87646],[-72.98378,44.86931],[-72.97791,44.86683],[-72.97784,44.8571],[-72.99259,44.84483],[-72.98668,44.84376],[-72.99406,44.83163],[-72.99825,44.8373],[-73.00222,44.83205],[-73.00046,44.83132],[-73.00868,44.82597],[-73.01655,44.82894],[-73.01484,44.83346],[-73.01736,44.83384],[-73.01655,44.83937],[-73.03083,44.84497],[-73.02692,44.85139],[-73.03209,44.8531],[-73.02914,44.85585],[-73.03064,44.86882],[-73.02446,44.87551],[-73.0244,44.88068],[-73.0189,44.88468],[-73.02031,44.88679],[-73.03001,44.88889],[-73.02904,44.89226],[-73.03745,44.89095],[-73.03636,44.88707],[-73.04255,44.89473],[-73.04142,44.904],[-73.03591,44.90664],[-73.04244,44.90734],[-73.04024,44.90943],[-73.04394,44.91065],[-73.04296,44.91266]],[[-72.97742,44.90381],[-72.97308,44.90257],[-72.97656,44.90573],[-72.97742,44.90381]]]}},{"type":"Feature","id":"05056","properties":{"zip":"05056","pop":null,"city":"","county":"Windsor","state":"Vermont","area":29.52,"lat":43.529,"lon":-72.72406},"geometry":{"type":"Polygon","coordinates":[[[-72.78899,43.50007],[-72.77283,43.59157],[-72.69225,43.57153],[-72.68778,43.56426],[-72.69006,43.56364],[-72.68068,43.56473],[-72.68055,43.56865],[-72.66394,43.56432],[-72.66546,43.5573],[-72.65465,43.54107],[-72.65816,43.53675],[-72.66265,43.53504],[-72.65845,43.53499],[-72.65826,43.52491],[-72.6615,43.51796],[-72.66318,43.51973],[-72.6614,43.51669],[-72.6526,43.51517],[-72.65592,43.49263],[-72.66091,43.49135],[-72.66649,43.48511],[-72.68208,43.48678],[-72.68928,43.48576],[-72.69465,43.48183],[-72.69258,43.47671],[-72.69944,43.47345],[-72.69885,43.47735],[-72.69579,43.47852],[-72.7014,43.47952],[-72.70253,43.48873],[-72.70638,43.49495],[-72.70836,43.49014],[-72.70364,43.47848],[-72.71583,43.47983],[-72.71719,43.48737],[-72.72318,43.48612],[-72.7242,43.48868],[-72.72116,43.48934],[-72.72198,43.49148],[-72.72948,43.48943],[-72.73289,43.48565],[-72.7315,43.48039],[-72.73345,43.48056],[-72.73543,43.47569],[-72.74255,43.47456],[-72.74842,43.47613],[-72.7489,43.47377],[-72.77512,43.4784],[-72.77029,43.49183],[-72.79107,43.495],[-72.78899,43.50007]]]}},{"type":"Feature","id":"05649","properties":{"zip":"05649","pop":null,"city":"East Barre","county":"Orange","state":"Vermont","area":3.63,"lat":44.14001,"lon":-72.36597},"geometry":{"type":"MultiPolygon","coordinates":[[[[-72.40288,44.14862],[-72.401,44.14836],[-72.39998,44.15305],[-72.35929,44.1442],[-72.32983,44.14664],[-72.32538,44.14918],[-72.32193,44.14535],[-72.32248,44.14122],[-72.31753,44.13957],[-72.32362,44.11894],[-72.34105,44.12675],[-72.34304,44.13258],[-72.3457,44.1331],[-72.35032,44.13238],[-72.37099,44.13583],[-72.37523,44.13357],[-72.381,44.13429],[-72.39858,44.13145],[-72.40203,44.1331],[-72.40207,44.13582],[-72.39801,44.13991],[-72.40025,44.14069],[-72.39863,44.14336],[-72.40346,44.14591],[-72.40288,44.14862]]],[[[-72.4604,44.15996],[-72.45218,44.15866],[-72.44941,44.16048],[-72.45396,44.16535],[-72.43683,44.15363],[-72.43801,44.14892],[-72.4514,44.15871],[-72.458,44.14925],[-72.45904,44.15278],[-72.46216,44.15492],[-72.4604,44.15996]]]]}},{"type":"Feature","id":"05046","properties":{"zip":"05046","pop":null,"city":"Groton","county":"Caledonia","state":"Vermont","area":45.43,"lat":44.23858,"lon":-72.25033},"geometry":{"type":"Polygon","coordinates":[[[-72.35735,44.21849],[-72.3163,44.27258],[-72.31762,44.29838],[-72.20056,44.27875],[-72.19142,44.29095],[-72.20278,44.29478],[-72.20471,44.30238],[-72.19931,44.30762],[-72.20118,44.31154],[-72.1828,44.31788],[-72.1806,44.31992],[-72.18237,44.32441],[-72.17621,44.32024],[-72.18521,44.29899],[-72.18232,44.28789],[-72.1788,44.28458],[-72.16308,44.29796],[-72.16388,44.29195],[-72.16163,44.29235],[-72.15692,44.27754],[-72.15374,44.27282],[-72.14707,44.2721],[-72.14507,44.26999],[-72.14972,44.26173],[-72.15015,44.25306],[-72.15738,44.25476],[-72.16212,44.25858],[-72.16477,44.25885],[-72.1692,44.25533],[-72.15942,44.22652],[-72.15345,44.21514],[-72.15984,44.21268],[-72.16476,44.20699],[-72.16982,44.2056],[-72.16615,44.19094],[-72.17539,44.19219],[-72.30498,44.18315],[-72.36835,44.20406],[-72.35735,44.21849]]]}},{"type":"Feature","id":"05146","properties":{"zip":"05146","pop":null,"city":"","county":"Windham","state":"Vermont","area":30.8,"lat":43.17849,"lon":-72.62314},"geometry":{"type":"Polygon","coordinates":[[[-72.68603,43.18292],[-72.68382,43.21841],[-72.68561,43.22252],[-72.56022,43.23484],[-72.56273,43.23293],[-72.56821,43.23295],[-72.57297,43.22638],[-72.56953,43.22405],[-72.56996,43.21855],[-72.57215,43.21647],[-72.57084,43.21502],[-72.56452,43.22051],[-72.55683,43.21382],[-72.55717,43.18767],[-72.56371,43.15624],[-72.56076,43.15124],[-72.56155,43.14731],[-72.60394,43.14204],[-72.60106,43.12156],[-72.62359,43.10572],[-72.64196,43.10649],[-72.6382,43.13786],[-72.68189,43.13253],[-72.6809,43.14857],[-72.68741,43.15852],[-72.68603,43.18292]]]}},{"type":"Feature","id":"05362","properties":{"zip":"05362","pop":null,"city":"","county":"Windham","state":"Vermont","area":4.7,"lat":42.94581,"lon":-72.68146},"geometry":{"type":"Polygon","coordinates":[[[-72.71505,42.98198],[-72.71391,42.98623],[-72.70873,42.98904],[-72.70705,42.98469],[-72.6984,42.97988],[-72.6983,42.97745],[-72.69415,42.97386],[-72.68961,42.96383],[-72.68623,42.96061],[-72.69087,42.95416],[-72.68843,42.94699],[-72.68213,42.94492],[-72.6758,42.94802],[-72.66875,42.94714],[-72.65982,42.95036],[-72.65721,42.94631],[-72.65518,42.94903],[-72.64535,42.94615],[-72.64168,42.94728],[-72.64926,42.92533],[-72.65047,42.92668],[-72.66059,42.92582],[-72.66448,42.92224],[-72.69418,42.92274],[-72.69419,42.92899],[-72.69887,42.93163],[-72.69612,42.93341],[-72.70047,42.93351],[-72.70009,42.93646],[-72.70421,42.93763],[-72.69753,42.95916],[-72.71221,42.96601],[-72.71128,42.97073],[-72.71505,42.98198]]]}},{"type":"Feature","id":"05761","properties":{"zip":"05761","pop":null,"city":"Pawlet","county":"Rutland","state":"Vermont","area":29.91,"lat":43.34768,"lon":-73.14844},"geometry":{"type":"Polygon","coordinates":[[[-73.23604,43.3147],[-73.23149,43.3206],[-73.19534,43.33488],[-73.19214,43.34073],[-73.18333,43.34266],[-73.18186,43.34668],[-73.18913,43.35017],[-73.19014,43.35599],[-73.18829,43.35715],[-73.18961,43.36114],[-73.18716,43.37028],[-73.19349,43.37449],[-73.2041,43.37606],[-73.20452,43.38279],[-73.21721,43.38688],[-73.22139,43.39242],[-73.22448,43.39328],[-73.22257,43.39625],[-73.2373,43.40303],[-73.22598,43.40142],[-73.21822,43.39361],[-73.21256,43.39092],[-73.20617,43.39851],[-73.20682,43.39339],[-73.20422,43.38375],[-73.19533,43.38508],[-73.18218,43.39022],[-73.18231,43.40042],[-73.16904,43.39963],[-73.17466,43.39536],[-73.17368,43.39222],[-73.14646,43.39083],[-73.14641,43.39406],[-73.15018,43.39493],[-73.1504,43.40511],[-73.12083,43.40404],[-73.1205,43.41],[-73.11803,43.41153],[-73.10189,43.41064],[-73.10208,43.40783],[-73.09607,43.4078],[-73.09564,43.4147],[-73.07243,43.41424],[-73.07277,43.41009],[-73.06264,43.40731],[-73.06133,43.40025],[-73.06474,43.38849],[-73.07707,43.37336],[-73.09229,43.36789],[-73.10175,43.36753],[-73.09739,43.3586],[-73.10136,43.36356],[-73.10592,43.36467],[-73.12233,43.35849],[-73.12292,43.27293],[-73.13396,43.27514],[-73.14807,43.28292],[-73.16117,43.28454],[-73.17229,43.28012],[-73.18047,43.28028],[-73.19504,43.26857],[-73.20435,43.2651],[-73.21152,43.26468],[-73.20217,43.27499],[-73.20342,43.27891],[-73.19853,43.2894],[-73.19391,43.31214],[-73.23755,43.31376],[-73.23604,43.3147]]]}},{"type":"Feature","id":"05828","properties":{"zip":"05828","pop":null,"city":"","county":"Caledonia","state":"Vermont","area":39.95,"lat":44.43753,"lon":-72.12338},"geometry":{"type":"Polygon","coordinates":[[[-72.20374,44.42872],[-72.16393,44.48289],[-72.17736,44.49481],[-72.17956,44.50188],[-72.18305,44.50375],[-72.18069,44.50587],[-72.18054,44.51097],[-72.15188,44.49925],[-72.13776,44.51862],[-72.0939,44.51249],[-72.08352,44.51031],[-72.0748,44.48641],[-72.07726,44.48425],[-72.07883,44.47769],[-72.06917,44.46928],[-72.04621,44.40008],[-72.05041,44.40414],[-72.05352,44.4041],[-72.05501,44.40128],[-72.05387,44.39369],[-72.05815,44.38762],[-72.06324,44.39002],[-72.06839,44.387],[-72.07991,44.38643],[-72.09657,44.39342],[-72.10399,44.39279],[-72.09858,44.38875],[-72.09068,44.37678],[-72.08093,44.36847],[-72.09425,44.35718],[-72.15082,44.36762],[-72.14929,44.36812],[-72.15945,44.38407],[-72.16417,44.38656],[-72.17623,44.38685],[-72.18009,44.39017],[-72.18634,44.39188],[-72.19245,44.39874],[-72.19303,44.40586],[-72.19648,44.40866],[-72.18988,44.40342],[-72.18673,44.40538],[-72.18204,44.40473],[-72.1848,44.40874],[-72.19058,44.40818],[-72.18734,44.41448],[-72.19539,44.41922],[-72.19137,44.42595],[-72.20374,44.42872]]]}},{"type":"Feature","id":"05682","properties":{"zip":"05682","pop":null,"city":"","county":"Washington","state":"Vermont","area":32.87,"lat":44.40351,"lon":-72.57214},"geometry":{"type":"Polygon","coordinates":[[[-72.6544,44.39822],[-72.59681,44.47929],[-72.49291,44.42303],[-72.51973,44.38788],[-72.51585,44.38951],[-72.50385,44.38878],[-72.50604,44.38274],[-72.50375,44.37877],[-72.50658,44.37242],[-72.51535,44.36541],[-72.52111,44.35766],[-72.52288,44.35835],[-72.52646,44.35459],[-72.53497,44.33989],[-72.55061,44.34563],[-72.57496,44.31182],[-72.57672,44.32135],[-72.57553,44.32441],[-72.57724,44.32715],[-72.57223,44.32986],[-72.56456,44.33844],[-72.56623,44.34185],[-72.56496,44.35293],[-72.57101,44.35284],[-72.57501,44.35484],[-72.58078,44.34784],[-72.58345,44.34945],[-72.58609,44.34701],[-72.58487,44.34461],[-72.58692,44.34158],[-72.59012,44.34694],[-72.5981,44.35363],[-72.60271,44.35272],[-72.62017,44.35644],[-72.62592,44.36053],[-72.63043,44.36001],[-72.63419,44.36223],[-72.63264,44.36467],[-72.64045,44.37176],[-72.63252,44.37175],[-72.62671,44.36928],[-72.62105,44.36303],[-72.62158,44.36148],[-72.61596,44.35775],[-72.61294,44.35924],[-72.6112,44.3578],[-72.60943,44.36308],[-72.62077,44.38095],[-72.6544,44.39822]]]}},{"type":"Feature","id":"05035","properties":{"zip":"05035","pop":null,"city":"","county":"Windsor","state":"Vermont","area":29.74,"lat":43.61724,"lon":-72.68012},"geometry":{"type":"Polygon","coordinates":[[[-72.758,43.58752],[-72.69442,43.69405],[-72.67517,43.68861],[-72.67271,43.68522],[-72.66436,43.68193],[-72.64904,43.67915],[-72.64311,43.67387],[-72.64548,43.67204],[-72.63984,43.67025],[-72.6409,43.66692],[-72.63904,43.66631],[-72.64134,43.66247],[-72.63453,43.64596],[-72.6281,43.64375],[-72.62883,43.62943],[-72.62544,43.62799],[-72.62708,43.6255],[-72.62501,43.62254],[-72.62706,43.61314],[-72.62023,43.61098],[-72.6258,43.60938],[-72.63226,43.61098],[-72.63441,43.59749],[-72.63921,43.60013],[-72.63469,43.59413],[-72.6336,43.58757],[-72.62396,43.58744],[-72.62449,43.58611],[-72.62137,43.58579],[-72.63814,43.55802],[-72.64488,43.5599],[-72.6526,43.51517],[-72.6614,43.51669],[-72.66318,43.51973],[-72.6615,43.51796],[-72.65826,43.52491],[-72.65845,43.53499],[-72.66265,43.53504],[-72.65816,43.53675],[-72.65465,43.54107],[-72.66546,43.5573],[-72.66394,43.56432],[-72.68055,43.56865],[-72.68068,43.56473],[-72.69006,43.56364],[-72.68778,43.56426],[-72.69225,43.57153],[-72.758,43.58752]]]}},{"type":"Feature","id":"05037","properties":{"zip":"05037","pop":null,"city":"","county":"Windsor","state":"Vermont","area":9.32,"lat":43.46032,"lon":-72.48369},"geometry":{"type":"Polygon","coordinates":[[[-72.53028,43.46982],[-72.52496,43.46759],[-72.52165,43.46926],[-72.51838,43.47443],[-72.5138,43.47602],[-72.51058,43.4849],[-72.50566,43.491],[-72.50119,43.48935],[-72.4991,43.49054],[-72.4864,43.48213],[-72.47417,43.48154],[-72.47105,43.46784],[-72.46971,43.4706],[-72.47171,43.47279],[-72.47218,43.47857],[-72.46809,43.4828],[-72.46283,43.48445],[-72.46036,43.48257],[-72.45576,43.48364],[-72.45402,43.47492],[-72.45621,43.47108],[-72.45969,43.47182],[-72.46509,43.47031],[-72.46683,43.46818],[-72.45989,43.47169],[-72.45544,43.46946],[-72.44678,43.47082],[-72.43838,43.46845],[-72.42861,43.46888],[-72.42756,43.46807],[-72.43285,43.4643],[-72.42109,43.45657],[-72.42181,43.45488],[-72.42984,43.4542],[-72.43588,43.45117],[-72.44815,43.45142],[-72.44965,43.4483],[-72.45296,43.46014],[-72.45489,43.43519],[-72.50029,43.43868],[-72.5304,43.4436],[-72.53028,43.46982]]]}},{"type":"Feature","id":"05069","properties":{"zip":"05069","pop":null,"city":"","county":"Orange","state":"Vermont","area":12.6,"lat":44.17368,"lon":-72.14325},"geometry":{"type":"Polygon","coordinates":[[[-72.18732,44.13335],[-72.17026,44.19205],[-72.16615,44.19094],[-72.16982,44.2056],[-72.16476,44.20699],[-72.15984,44.21268],[-72.15,44.21652],[-72.13637,44.21229],[-72.12852,44.21726],[-72.11902,44.21728],[-72.1158,44.21471],[-72.10789,44.20684],[-72.1008,44.19144],[-72.10017,44.17624],[-72.10393,44.17354],[-72.09946,44.16989],[-72.11075,44.17258],[-72.11898,44.16248],[-72.12505,44.16251],[-72.13022,44.14575],[-72.12744,44.14498],[-72.12914,44.13954],[-72.13224,44.14033],[-72.13393,44.13496],[-72.12893,44.13363],[-72.13391,44.12201],[-72.13271,44.11265],[-72.14209,44.12532],[-72.14837,44.12367],[-72.15701,44.13855],[-72.16505,44.13486],[-72.1775,44.13725],[-72.18732,44.13335]]]}},{"type":"Feature","id":"05072","properties":{"zip":"05072","pop":null,"city":"","county":"Orange","state":"Vermont","area":18.43,"lat":43.88129,"lon":-72.38538},"geometry":{"type":"Polygon","coordinates":[[[-72.43977,43.86659],[-72.3942,43.92897],[-72.36191,43.92075],[-72.36351,43.92541],[-72.35632,43.94183],[-72.35291,43.94566],[-72.35154,43.94164],[-72.34322,43.93441],[-72.34547,43.93092],[-72.34048,43.91766],[-72.34377,43.91664],[-72.29184,43.90483],[-72.29389,43.90278],[-72.29662,43.90359],[-72.29941,43.89978],[-72.30282,43.90048],[-72.30246,43.90251],[-72.30429,43.90308],[-72.30535,43.9013],[-72.31203,43.90338],[-72.31497,43.89793],[-72.32759,43.90191],[-72.32868,43.90071],[-72.33839,43.90266],[-72.33772,43.89888],[-72.34526,43.8875],[-72.33916,43.88617],[-72.33897,43.88016],[-72.3421,43.88112],[-72.34746,43.87757],[-72.35138,43.87889],[-72.35371,43.87535],[-72.35763,43.87657],[-72.35827,43.87235],[-72.36185,43.87351],[-72.37056,43.86148],[-72.36837,43.86021],[-72.36905,43.85856],[-72.3732,43.85716],[-72.3712,43.85271],[-72.37293,43.84615],[-72.37796,43.84878],[-72.37541,43.83514],[-72.37269,43.83171],[-72.38962,43.83088],[-72.40339,43.82506],[-72.43546,43.8317],[-72.43502,43.83764],[-72.43916,43.84351],[-72.43552,43.85081],[-72.44109,43.8583],[-72.4388,43.86344],[-72.44147,43.8636],[-72.43977,43.86659]]]}},{"type":"Feature","id":"05837","properties":{"zip":"05837","pop":null,"city":"","county":"Essex","state":"Vermont","area":35.35,"lat":44.669,"lon":-71.83868},"geometry":{"type":"Polygon","coordinates":[[[-71.92301,44.7131],[-71.91971,44.71778],[-71.91947,44.72521],[-71.9107,44.73403],[-71.91113,44.74459],[-71.90565,44.74055],[-71.8993,44.73976],[-71.88903,44.73439],[-71.88012,44.73548],[-71.8828,44.74007],[-71.73539,44.66524],[-71.80852,44.59451],[-71.91028,44.64704],[-71.89047,44.66574],[-71.89894,44.679],[-71.91399,44.68901],[-71.9188,44.69442],[-71.92178,44.70143],[-71.92301,44.7131]]]}},{"type":"Feature","id":"05678","properties":{"zip":"05678","pop":null,"city":"Websterville","county":"Washington","state":"Vermont","area":0.59,"lat":44.15564,"lon":-72.47426},"geometry":{"type":"Polygon","coordinates":[[[-72.48483,44.1531],[-72.48387,44.1604],[-72.47406,44.16388],[-72.47945,44.16827],[-72.47063,44.16307],[-72.47072,44.15757],[-72.46754,44.15891],[-72.46216,44.15492],[-72.46476,44.14743],[-72.47058,44.14798],[-72.47,44.15166],[-72.47143,44.15236],[-72.4801,44.14936],[-72.48441,44.151],[-72.48592,44.15239],[-72.48483,44.1531]]]}},{"type":"Feature","id":"05048","properties":{"zip":"05048","pop":null,"city":"Hartland","county":"Windsor","state":"Vermont","area":21.43,"lat":43.57993,"lon":-72.42676},"geometry":{"type":"Polygon","coordinates":[[[-72.50239,43.57787],[-72.48886,43.59985],[-72.48533,43.59477],[-72.47846,43.59034],[-72.47902,43.58695],[-72.46731,43.57812],[-72.46573,43.57072],[-72.45914,43.5765],[-72.46357,43.58785],[-72.45696,43.58783],[-72.46205,43.59029],[-72.45942,43.59488],[-72.46442,43.59577],[-72.46153,43.60192],[-72.47003,43.60066],[-72.47165,43.60381],[-72.46636,43.61303],[-72.46714,43.61553],[-72.46272,43.62144],[-72.46678,43.62231],[-72.46792,43.62053],[-72.4702,43.62228],[-72.47171,43.62675],[-72.4677,43.62991],[-72.45884,43.62693],[-72.45493,43.62914],[-72.39885,43.619],[-72.39853,43.61688],[-72.39255,43.61651],[-72.38818,43.61268],[-72.37602,43.61235],[-72.36507,43.60546],[-72.3678,43.60248],[-72.36766,43.59781],[-72.37215,43.59634],[-72.37845,43.59753],[-72.36509,43.59275],[-72.36258,43.58973],[-72.35342,43.59549],[-72.35326,43.59369],[-72.36031,43.58913],[-72.36894,43.58684],[-72.36902,43.58172],[-72.38015,43.57362],[-72.37986,43.5666],[-72.38278,43.56169],[-72.38038,43.54088],[-72.3891,43.52827],[-72.39422,43.5274],[-72.39612,43.51979],[-72.39845,43.51982],[-72.39403,43.52925],[-72.39521,43.53192],[-72.40195,43.52736],[-72.4044,43.53293],[-72.40186,43.53708],[-72.40697,43.53594],[-72.40612,43.53812],[-72.4168,43.54008],[-72.41723,43.54287],[-72.42466,43.5453],[-72.42587,43.54421],[-72.42436,43.54232],[-72.42938,43.53689],[-72.43342,43.53694],[-72.4344,43.53421],[-72.43788,43.53241],[-72.43395,43.52359],[-72.4568,43.526],[-72.45397,43.5332],[-72.4436,43.53841],[-72.4542,43.54485],[-72.46076,43.55553],[-72.46817,43.56172],[-72.46827,43.56645],[-72.4776,43.56999],[-72.47692,43.56486],[-72.48136,43.55816],[-72.48847,43.56217],[-72.49461,43.56226],[-72.49943,43.57459],[-72.49824,43.57724],[-72.50239,43.57787]]]}},{"type":"Feature","id":"05052","properties":{"zip":"05052","pop":null,"city":"North Hartland","county":"Windsor","state":"Vermont","area":1.84,"lat":43.60069,"lon":-72.35721},"geometry":{"type":"Polygon","coordinates":[[[-72.39885,43.619],[-72.35398,43.61078],[-72.35397,43.60235],[-72.34879,43.60199],[-72.3477,43.59744],[-72.35044,43.59456],[-72.34532,43.59703],[-72.34186,43.60528],[-72.34334,43.60895],[-72.32816,43.60635],[-72.32766,43.60268],[-72.34993,43.58773],[-72.36943,43.58133],[-72.36894,43.58684],[-72.36031,43.58913],[-72.35326,43.59369],[-72.35342,43.59549],[-72.36258,43.58973],[-72.36509,43.59275],[-72.37845,43.59753],[-72.37215,43.59634],[-72.36766,43.59781],[-72.3678,43.60248],[-72.36507,43.60546],[-72.37298,43.61118],[-72.38818,43.61268],[-72.39255,43.61651],[-72.39853,43.61688],[-72.39885,43.619]]]}},{"type":"Feature","id":"05053","properties":{"zip":"05053","pop":null,"city":"","county":"Windsor","state":"Vermont","area":5.6,"lat":43.71804,"lon":-72.48344},"geometry":{"type":"Polygon","coordinates":[[[-72.53178,43.71451],[-72.53063,43.71957],[-72.52697,43.71833],[-72.52244,43.72361],[-72.51726,43.72411],[-72.51739,43.72555],[-72.5146,43.72473],[-72.51187,43.73083],[-72.50011,43.72919],[-72.49759,43.72712],[-72.4989,43.72312],[-72.49733,43.72264],[-72.49602,43.72749],[-72.49992,43.73363],[-72.49132,43.74596],[-72.47771,43.7421],[-72.4805,43.7396],[-72.4768,43.72841],[-72.46269,43.72383],[-72.44366,43.72418],[-72.43135,43.71388],[-72.44334,43.69412],[-72.44372,43.69811],[-72.44917,43.70599],[-72.4627,43.70472],[-72.46264,43.70644],[-72.46691,43.70605],[-72.47331,43.70877],[-72.47569,43.70673],[-72.49232,43.70832],[-72.50553,43.70675],[-72.51453,43.70118],[-72.51524,43.70321],[-72.51887,43.70033],[-72.51994,43.69675],[-72.5245,43.70641],[-72.53035,43.71041],[-72.53178,43.71451]]]}},{"type":"Feature","id":"05860","properties":{"zip":"05860","pop":null,"city":"","county":"Orleans","state":"Vermont","area":57.03,"lat":44.8001,"lon":-72.10326},"geometry":{"type":"Polygon","coordinates":[[[-72.2677,44.80592],[-72.26306,44.80426],[-72.2695,44.80792],[-72.2667,44.81948],[-72.26042,44.8227],[-72.24361,44.84758],[-72.23715,44.85043],[-72.23929,44.8546],[-72.22548,44.86738],[-72.21959,44.8692],[-72.21239,44.86546],[-72.20606,44.86591],[-72.19859,44.87433],[-72.1919,44.87219],[-72.19061,44.87451],[-72.18715,44.87037],[-72.1821,44.86943],[-72.18658,44.86533],[-72.18537,44.86457],[-72.17674,44.87332],[-72.16989,44.87497],[-72.1567,44.87403],[-72.15241,44.88225],[-72.1026,44.85521],[-72.10405,44.85993],[-72.09807,44.86135],[-72.08649,44.85121],[-72.07924,44.84879],[-72.07439,44.83995],[-72.00974,44.80574],[-72.01912,44.79939],[-72.02799,44.79033],[-72.01753,44.79366],[-72.00527,44.8013],[-71.99946,44.80023],[-71.93929,44.76944],[-72.0117,44.69855],[-72.06755,44.72658],[-72.06892,44.73168],[-72.07255,44.73276],[-72.07458,44.73647],[-72.08146,44.74155],[-72.07671,44.7464],[-72.07541,44.7524],[-72.07176,44.7536],[-72.07319,44.75526],[-72.0694,44.75966],[-72.0685,44.76638],[-72.07231,44.77639],[-72.08047,44.781],[-72.14436,44.80476],[-72.16603,44.80627],[-72.17186,44.80538],[-72.17265,44.80219],[-72.17579,44.80173],[-72.18796,44.807],[-72.19734,44.80302],[-72.20929,44.8013],[-72.20977,44.79769],[-72.20772,44.79619],[-72.21403,44.79003],[-72.21227,44.78897],[-72.21204,44.78532],[-72.21371,44.78308],[-72.22054,44.78477],[-72.22471,44.79151],[-72.23785,44.7734],[-72.2479,44.78073],[-72.25364,44.78226],[-72.27023,44.80535],[-72.2677,44.80592]]]}},{"type":"Feature","id":"05354","properties":{"zip":"05354","pop":null,"city":"","county":"Windham","state":"Vermont","area":14.59,"lat":42.76225,"lon":-72.52585},"geometry":{"type":"Polygon","coordinates":[[[-72.5643,42.76403],[-72.56055,42.78423],[-72.56067,42.78779],[-72.56351,42.78951],[-72.56145,42.82418],[-72.54537,42.824],[-72.5396,42.80483],[-72.51835,42.79065],[-72.50886,42.77992],[-72.50837,42.77461],[-72.51484,42.77144],[-72.51673,42.76867],[-72.51608,42.76595],[-72.5131,42.76382],[-72.50799,42.76441],[-72.50069,42.76766],[-72.49795,42.77292],[-72.49112,42.77246],[-72.48488,42.76554],[-72.47762,42.76125],[-72.47307,42.74592],[-72.461,42.73321],[-72.45852,42.72685],[-72.56536,42.72982],[-72.5643,42.76403]]]}},{"type":"Feature","id":"05653","properties":{"zip":"05653","pop":null,"city":"","county":"Lamoille","state":"Vermont","area":22.95,"lat":44.70146,"lon":-72.49259},"geometry":{"type":"Polygon","coordinates":[[[-72.56264,44.68366],[-72.5478,44.69412],[-72.54578,44.69929],[-72.53787,44.69569],[-72.53434,44.70074],[-72.53929,44.70184],[-72.53469,44.70249],[-72.53505,44.70649],[-72.53282,44.70807],[-72.53532,44.71619],[-72.5326,44.71905],[-72.53321,44.72221],[-72.52887,44.72647],[-72.53051,44.72918],[-72.52741,44.73539],[-72.52959,44.73842],[-72.53251,44.73435],[-72.53415,44.73472],[-72.53234,44.74264],[-72.5361,44.75017],[-72.53133,44.76159],[-72.5232,44.76106],[-72.41732,44.72289],[-72.47703,44.64199],[-72.55787,44.67166],[-72.56264,44.68366]]]}},{"type":"Feature","id":"05736","properties":{"zip":"05736","pop":null,"city":"","county":"Rutland","state":"Vermont","area":2.48,"lat":43.60502,"lon":-73.01269},"geometry":{"type":"Polygon","coordinates":[[[-73.03147,43.62531],[-73.02703,43.62422],[-72.99022,43.63578],[-72.98856,43.6302],[-73.00689,43.62972],[-73.00571,43.60865],[-73.00729,43.61035],[-73.00851,43.60985],[-73.00713,43.60807],[-73.01145,43.60727],[-73.00262,43.60213],[-73.00928,43.60244],[-73.0113,43.59968],[-73.00467,43.59617],[-73.00414,43.59071],[-72.99651,43.5873],[-72.99743,43.57946],[-73.00091,43.57967],[-73.00084,43.57668],[-73.00294,43.57682],[-73.00245,43.57167],[-73.01219,43.57139],[-73.01231,43.57369],[-73.01081,43.57379],[-73.01179,43.59157],[-73.01967,43.59157],[-73.02223,43.59633],[-73.02838,43.60026],[-73.02753,43.60376],[-73.03208,43.61079],[-73.02458,43.61078],[-73.02025,43.61477],[-73.02267,43.61853],[-73.02745,43.61526],[-73.02837,43.61899],[-73.02537,43.62218],[-73.03072,43.61993],[-73.03147,43.62531]]]}},{"type":"Feature","id":"05764","properties":{"zip":"05764","pop":null,"city":"","county":"Rutland","state":"Vermont","area":33.22,"lat":43.52833,"lon":-73.19422},"geometry":{"type":"Polygon","coordinates":[[[-73.25056,43.419],[-73.2477,43.52317],[-73.24189,43.52942],[-73.24139,43.53234],[-73.24567,43.54047],[-73.24325,43.58745],[-73.11543,43.58475],[-73.12012,43.53343],[-73.13527,43.53361],[-73.13345,43.52533],[-73.16841,43.49598],[-73.17849,43.49623],[-73.17952,43.46586],[-73.22019,43.46329],[-73.22252,43.46664],[-73.21957,43.46932],[-73.21761,43.47947],[-73.21945,43.47832],[-73.21998,43.47353],[-73.22675,43.47365],[-73.22696,43.47052],[-73.23599,43.47089],[-73.2368,43.46238],[-73.23315,43.45528],[-73.2346,43.45333],[-73.23345,43.45107],[-73.22861,43.45055],[-73.2336,43.44428],[-73.23447,43.43866],[-73.23884,43.43095],[-73.23915,43.41865],[-73.246,43.40852],[-73.251,43.40861],[-73.25056,43.419]]]}},{"type":"Feature","id":"05767","properties":{"zip":"05767","pop":null,"city":"","county":"Windsor","state":"Vermont","area":41.53,"lat":43.87514,"lon":-72.82861},"geometry":{"type":"Polygon","coordinates":[[[-72.98016,43.88259],[-72.95308,43.87487],[-72.87656,43.90277],[-72.87418,43.86406],[-72.86528,43.86166],[-72.81994,43.93225],[-72.8191,43.93856],[-72.81,43.93609],[-72.79104,43.96224],[-72.78702,43.96085],[-72.79226,43.95327],[-72.78559,43.95196],[-72.79067,43.94494],[-72.77166,43.94006],[-72.7765,43.93288],[-72.77027,43.93106],[-72.77457,43.92464],[-72.71218,43.90769],[-72.7175,43.89664],[-72.76598,43.82319],[-72.77061,43.82448],[-72.78281,43.80434],[-72.78849,43.80721],[-72.78438,43.8108],[-72.78458,43.81397],[-72.79173,43.81638],[-72.79432,43.821],[-72.79056,43.82371],[-72.79603,43.82631],[-72.79665,43.82939],[-72.80069,43.83005],[-72.80308,43.8244],[-72.81217,43.82187],[-72.81609,43.83482],[-72.8311,43.83902],[-72.83759,43.82918],[-72.87337,43.83963],[-72.87455,43.85813],[-72.95885,43.82654],[-72.9729,43.86669],[-72.98016,43.86393],[-72.98016,43.88259]]]}},{"type":"Feature","id":"05769","properties":{"zip":"05769","pop":null,"city":"","county":"Addison","state":"Vermont","area":23.02,"lat":43.91957,"lon":-73.11627},"geometry":{"type":"Polygon","coordinates":[[[-73.18767,43.89641],[-73.18378,43.89808],[-73.17929,43.90837],[-73.17455,43.91323],[-73.17296,43.92504],[-73.17516,43.93033],[-73.16849,43.9354],[-73.16393,43.95236],[-73.04578,43.96434],[-73.04577,43.93974],[-73.04869,43.93246],[-73.04833,43.92215],[-73.03778,43.92284],[-73.03859,43.91356],[-73.04628,43.91241],[-73.04825,43.90917],[-73.05146,43.90996],[-73.06102,43.90723],[-73.06262,43.90438],[-73.07302,43.90508],[-73.06861,43.9028],[-73.07039,43.89728],[-73.10718,43.89322],[-73.10614,43.89012],[-73.11147,43.89042],[-73.11474,43.88542],[-73.11626,43.88635],[-73.11999,43.88293],[-73.13126,43.8803],[-73.13379,43.87801],[-73.14004,43.87853],[-73.14631,43.86846],[-73.14516,43.86709],[-73.14758,43.86555],[-73.14777,43.85534],[-73.14954,43.85565],[-73.15699,43.86971],[-73.15991,43.86896],[-73.16464,43.86287],[-73.16751,43.86254],[-73.17216,43.86345],[-73.17341,43.86649],[-73.17677,43.86814],[-73.17383,43.88199],[-73.18028,43.88905],[-73.1876,43.8913],[-73.18767,43.89641]]]}},{"type":"Feature","id":"05774","properties":{"zip":"05774","pop":null,"city":"Wells","county":"Rutland","state":"Vermont","area":20.82,"lat":43.42714,"lon":-73.17437},"geometry":{"type":"Polygon","coordinates":[[[-73.24456,43.41213],[-73.23915,43.41865],[-73.23884,43.43095],[-73.23447,43.43866],[-73.2336,43.44428],[-73.22861,43.45055],[-73.23345,43.45107],[-73.2346,43.45333],[-73.23315,43.45528],[-73.2368,43.46238],[-73.23599,43.47089],[-73.22696,43.47052],[-73.22675,43.47365],[-73.21998,43.47353],[-73.21945,43.47832],[-73.21761,43.47947],[-73.21957,43.46932],[-73.22252,43.46664],[-73.22019,43.46329],[-73.17952,43.46586],[-73.11906,43.4358],[-73.11151,43.43556],[-73.11369,43.4311],[-73.10353,43.43301],[-73.09777,43.44005],[-73.09478,43.43637],[-73.08682,43.43589],[-73.08215,43.43255],[-73.08142,43.42827],[-73.0756,43.42659],[-73.07636,43.42004],[-73.07199,43.41986],[-73.07243,43.41424],[-73.09564,43.4147],[-73.09607,43.4078],[-73.10208,43.40783],[-73.10189,43.41064],[-73.11803,43.41153],[-73.1205,43.41],[-73.12083,43.40404],[-73.1504,43.40511],[-73.15018,43.39493],[-73.14641,43.39406],[-73.14646,43.39083],[-73.17368,43.39222],[-73.17466,43.39536],[-73.16904,43.39963],[-73.18231,43.40042],[-73.18218,43.39022],[-73.19533,43.38508],[-73.20422,43.38375],[-73.20682,43.39339],[-73.20617,43.39851],[-73.21256,43.39092],[-73.2241,43.39845],[-73.22623,43.40783],[-73.246,43.40852],[-73.24456,43.41213]]]}},{"type":"Feature","id":"05778","properties":{"zip":"05778","pop":null,"city":"","county":"Addison","state":"Vermont","area":19.24,"lat":43.87282,"lon":-73.21225},"geometry":{"type":"Polygon","coordinates":[[[-73.27129,43.87834],[-73.26079,43.90404],[-73.26486,43.91147],[-73.26333,43.91625],[-73.2675,43.92089],[-73.26486,43.92187],[-73.26469,43.92383],[-73.26754,43.92788],[-73.25542,43.93795],[-73.25001,43.92485],[-73.24809,43.9267],[-73.24513,43.9241],[-73.24559,43.92033],[-73.22932,43.922],[-73.22629,43.90617],[-73.19867,43.90886],[-73.17929,43.90837],[-73.18274,43.89952],[-73.18875,43.89438],[-73.18647,43.89034],[-73.18028,43.88905],[-73.17383,43.88199],[-73.17677,43.86814],[-73.17341,43.86649],[-73.17216,43.86345],[-73.16751,43.86254],[-73.16464,43.86287],[-73.15991,43.86896],[-73.15699,43.86971],[-73.14954,43.85565],[-73.12816,43.85643],[-73.12561,43.84936],[-73.13338,43.84327],[-73.15619,43.84239],[-73.15574,43.83966],[-73.1713,43.83909],[-73.17234,43.83267],[-73.1817,43.82198],[-73.1863,43.82367],[-73.19364,43.81887],[-73.19337,43.82577],[-73.20342,43.82888],[-73.21656,43.82326],[-73.21877,43.83884],[-73.2222,43.83546],[-73.22612,43.84066],[-73.23507,43.84266],[-73.2385,43.84711],[-73.2378,43.84947],[-73.2394,43.85105],[-73.23702,43.85437],[-73.23972,43.85833],[-73.25015,43.85927],[-73.25159,43.85799],[-73.25362,43.85962],[-73.26444,43.85699],[-73.26574,43.85828],[-73.2667,43.86384],[-73.26494,43.8651],[-73.26908,43.86953],[-73.26833,43.87702],[-73.27129,43.87834]]]}},{"type":"Feature","id":"05821","properties":{"zip":"05821","pop":null,"city":"","county":"Caledonia","state":"Vermont","area":23.02,"lat":44.31753,"lon":-72.10856},"geometry":{"type":"Polygon","coordinates":[[[-72.18521,44.29899],[-72.17621,44.32024],[-72.16725,44.31817],[-72.16569,44.32088],[-72.15648,44.32421],[-72.15799,44.32796],[-72.15591,44.33673],[-72.14421,44.33151],[-72.1431,44.33388],[-72.13624,44.33292],[-72.13495,44.34171],[-72.14381,44.34333],[-72.1469,44.35013],[-72.15143,44.35415],[-72.15703,44.35129],[-72.15921,44.34581],[-72.15917,44.33825],[-72.16232,44.34357],[-72.17333,44.35332],[-72.17376,44.35856],[-72.17767,44.35144],[-72.17829,44.36154],[-72.18102,44.36901],[-72.17961,44.37175],[-72.17141,44.37686],[-72.17309,44.37468],[-72.17094,44.37139],[-72.09425,44.35718],[-72.09163,44.35937],[-72.08659,44.35967],[-72.08453,44.35775],[-72.0849,44.3554],[-72.09167,44.3407],[-72.09121,44.33583],[-72.07385,44.32511],[-72.07104,44.32547],[-72.05854,44.33982],[-72.05129,44.34237],[-72.0435,44.34062],[-72.03975,44.32765],[-72.04227,44.33783],[-72.03701,44.34181],[-72.04032,44.34468],[-72.03808,44.34735],[-72.03434,44.34629],[-72.03241,44.34108],[-72.03267,44.33737],[-72.03794,44.33028],[-72.03361,44.3266],[-72.03186,44.32189],[-72.02789,44.32363],[-72.02371,44.32294],[-72.01498,44.33081],[-72.01464,44.32522],[-72.00822,44.32606],[-72.00466,44.32385],[-72.0189,44.32022],[-72.02906,44.3224],[-72.03282,44.32045],[-72.03272,44.30247],[-72.03951,44.29594],[-72.04451,44.29496],[-72.0463,44.29198],[-72.05335,44.2905],[-72.05888,44.28624],[-72.06738,44.27339],[-72.06871,44.27382],[-72.06892,44.26841],[-72.07055,44.26839],[-72.06352,44.25655],[-72.08622,44.26034],[-72.0815,44.27327],[-72.07859,44.27587],[-72.07962,44.27737],[-72.09313,44.27381],[-72.09681,44.27559],[-72.10604,44.28715],[-72.10347,44.29345],[-72.09107,44.28863],[-72.09047,44.29401],[-72.08463,44.29427],[-72.08716,44.30095],[-72.09348,44.29504],[-72.10396,44.29376],[-72.11753,44.30174],[-72.1238,44.30341],[-72.11957,44.29984],[-72.1248,44.29506],[-72.12933,44.29667],[-72.13426,44.28934],[-72.13129,44.28732],[-72.13091,44.27958],[-72.1329,44.27464],[-72.14027,44.27697],[-72.14413,44.28428],[-72.14707,44.2721],[-72.15374,44.27282],[-72.15692,44.27754],[-72.16163,44.29235],[-72.16388,44.29195],[-72.16308,44.29796],[-72.1788,44.28458],[-72.18232,44.28789],[-72.18521,44.29899]]]}},{"type":"Feature","id":"05825","properties":{"zip":"05825","pop":null,"city":"Coventry","county":"Orleans","state":"Vermont","area":0.74,"lat":44.86015,"lon":-72.25649},"geometry":{"type":"Polygon","coordinates":[[[-72.27513,44.86391],[-72.2643,44.87376],[-72.26483,44.86982],[-72.25316,44.86294],[-72.25455,44.86064],[-72.24311,44.85623],[-72.24034,44.85992],[-72.23458,44.85796],[-72.23929,44.8546],[-72.23715,44.85043],[-72.23969,44.84922],[-72.2733,44.8617],[-72.27513,44.86391]]]}},{"type":"Feature","id":"05827","properties":{"zip":"05827","pop":null,"city":"","county":"Orleans","state":"Vermont","area":12.41,"lat":44.68134,"lon":-72.36165},"geometry":{"type":"Polygon","coordinates":[[[-72.42642,44.71067],[-72.42352,44.71458],[-72.3893,44.70204],[-72.38635,44.70905],[-72.38114,44.70979],[-72.38142,44.71429],[-72.37941,44.7141],[-72.37649,44.71756],[-72.37289,44.72313],[-72.37502,44.72374],[-72.37161,44.72782],[-72.37153,44.71753],[-72.35494,44.71187],[-72.34933,44.71351],[-72.33841,44.70329],[-72.33383,44.70357],[-72.33512,44.69958],[-72.31308,44.69197],[-72.3096,44.67967],[-72.3122,44.67363],[-72.31008,44.67279],[-72.31531,44.66518],[-72.28488,44.65362],[-72.29443,44.65305],[-72.29967,44.6558],[-72.31633,44.64966],[-72.32303,44.64928],[-72.3265,44.65043],[-72.31702,44.66278],[-72.32131,44.66191],[-72.32658,44.666],[-72.33103,44.66622],[-72.34039,44.66029],[-72.35295,44.66035],[-72.36303,44.6456],[-72.36853,44.64203],[-72.38003,44.64718],[-72.37726,44.63908],[-72.38517,44.64085],[-72.38227,44.6446],[-72.38693,44.64636],[-72.38347,44.64883],[-72.38514,44.64992],[-72.38423,44.65348],[-72.3884,44.65589],[-72.38748,44.65854],[-72.39378,44.66083],[-72.39763,44.65822],[-72.399,44.65997],[-72.39761,44.66121],[-72.39961,44.66636],[-72.39436,44.66689],[-72.39409,44.67139],[-72.40101,44.67552],[-72.4006,44.67708],[-72.40413,44.68003],[-72.40458,44.67825],[-72.41618,44.68404],[-72.41666,44.69233],[-72.40692,44.70617],[-72.4149,44.71041],[-72.41585,44.7087],[-72.42642,44.71067]]]}},{"type":"Feature","id":"05842","properties":{"zip":"05842","pop":null,"city":"Greensboro Bend","county":"Orleans","state":"Vermont","area":12.94,"lat":44.5796,"lon":-72.2444},"geometry":{"type":"Polygon","coordinates":[[[-72.29846,44.60452],[-72.29226,44.61334],[-72.28248,44.61002],[-72.28106,44.61203],[-72.27102,44.60927],[-72.27399,44.61363],[-72.26796,44.61117],[-72.26078,44.61365],[-72.25361,44.60672],[-72.22841,44.62152],[-72.22178,44.62103],[-72.21504,44.62855],[-72.20249,44.6241],[-72.20879,44.61458],[-72.20808,44.60535],[-72.21811,44.60226],[-72.22607,44.59176],[-72.20282,44.58351],[-72.20506,44.5754],[-72.2102,44.57008],[-72.2148,44.56724],[-72.22088,44.56722],[-72.18637,44.54663],[-72.21495,44.54226],[-72.21654,44.53893],[-72.22338,44.54634],[-72.23398,44.54845],[-72.26042,44.53949],[-72.26946,44.54215],[-72.26857,44.54459],[-72.28223,44.54974],[-72.27976,44.56093],[-72.2843,44.56841],[-72.29008,44.5735],[-72.28991,44.57722],[-72.28895,44.57944],[-72.27954,44.57853],[-72.27544,44.58494],[-72.25892,44.59584],[-72.26045,44.59835],[-72.27022,44.60206],[-72.27317,44.60507],[-72.27018,44.5972],[-72.27292,44.59525],[-72.27908,44.59623],[-72.28684,44.58959],[-72.29269,44.59167],[-72.29073,44.59559],[-72.29489,44.59809],[-72.29406,44.59958],[-72.29846,44.60452]]]}},{"type":"Feature","id":"05846","properties":{"zip":"05846","pop":null,"city":"Island Pond","county":"Essex","state":"Vermont","area":73.67,"lat":44.82664,"lon":-71.8278},"geometry":{"type":"Polygon","coordinates":[[[-72.02799,44.79033],[-72.01912,44.79939],[-72.00352,44.80874],[-71.99384,44.8089],[-71.98916,44.807],[-71.97604,44.8125],[-71.97167,44.81802],[-71.97357,44.82055],[-71.97232,44.82308],[-71.97407,44.82749],[-71.958,44.82514],[-71.95096,44.8204],[-71.94137,44.81834],[-71.93691,44.82247],[-71.93922,44.8264],[-71.94495,44.82537],[-71.97441,44.82789],[-71.97909,44.83181],[-71.96823,44.83981],[-71.96205,44.8367],[-71.95861,44.84024],[-71.95461,44.83823],[-71.9427,44.84864],[-71.91995,44.83689],[-71.87837,44.87828],[-71.83293,44.85457],[-71.81705,44.87578],[-71.76694,44.93295],[-71.68417,44.88997],[-71.68618,44.8826],[-71.68289,44.87911],[-71.68586,44.86262],[-71.68294,44.85623],[-71.71828,44.81666],[-71.73045,44.8005],[-71.7664,44.81935],[-71.77509,44.81123],[-71.7728,44.8118],[-71.76492,44.80618],[-71.75706,44.7966],[-71.75914,44.7923],[-71.75109,44.78524],[-71.75315,44.78225],[-71.74753,44.7805],[-71.74557,44.77729],[-71.74,44.77489],[-71.74031,44.77331],[-71.72213,44.76633],[-71.71906,44.76025],[-71.72696,44.76019],[-71.73197,44.76285],[-71.74837,44.77588],[-71.77302,44.7769],[-71.80338,44.78542],[-71.81027,44.7796],[-71.8072,44.77415],[-71.85747,44.7269],[-71.99946,44.80023],[-72.00527,44.8013],[-72.01753,44.79366],[-72.02799,44.79033]]]}},{"type":"Feature","id":"05850","properties":{"zip":"05850","pop":null,"city":"Lyndon Center","county":"Caledonia","state":"Vermont","area":0.97,"lat":44.55839,"lon":-72.03296},"geometry":{"type":"Polygon","coordinates":[[[-72.06915,44.58139],[-72.0661,44.58321],[-72.05451,44.5807],[-72.03259,44.56671],[-72.02819,44.55935],[-72.02868,44.55316],[-72.02288,44.55076],[-72.01664,44.54503],[-72.00773,44.54225],[-72.00884,44.53838],[-72.00687,44.53811],[-72.00978,44.5345],[-72.01688,44.53646],[-72.01634,44.53779],[-72.01966,44.53842],[-72.02745,44.54718],[-72.02901,44.55298],[-72.03434,44.55468],[-72.03574,44.55949],[-72.04044,44.56152],[-72.03935,44.56297],[-72.04606,44.5711],[-72.05548,44.57666],[-72.06915,44.58139]]]}},{"type":"Feature","id":"05857","properties":{"zip":"05857","pop":null,"city":"","county":"Orleans","state":"Vermont","area":28.27,"lat":44.93407,"lon":-72.30914},"geometry":{"type":"Polygon","coordinates":[[[-72.36696,44.86004],[-72.34268,44.95288],[-72.34693,44.95363],[-72.34756,44.95637],[-72.34183,44.95616],[-72.32923,45.00472],[-72.25566,45.00446],[-72.24195,44.98889],[-72.24355,44.98745],[-72.2399,44.98539],[-72.23976,44.97741],[-72.24639,44.96978],[-72.24507,44.96332],[-72.2368,44.96286],[-72.23826,44.96149],[-72.23721,44.96016],[-72.24268,44.95502],[-72.24146,44.95327],[-72.2459,44.95425],[-72.25252,44.94741],[-72.25546,44.9489],[-72.25669,44.94362],[-72.26049,44.93982],[-72.26544,44.93973],[-72.26991,44.93135],[-72.28294,44.93179],[-72.28752,44.93029],[-72.27933,44.92864],[-72.27918,44.92526],[-72.28344,44.92393],[-72.28261,44.92053],[-72.27875,44.91996],[-72.28038,44.91745],[-72.28235,44.91835],[-72.28567,44.91593],[-72.28092,44.91441],[-72.33253,44.84215],[-72.37132,44.84157],[-72.36696,44.86004]]]}},{"type":"Feature","id":"05858","properties":{"zip":"05858","pop":null,"city":"","county":"Essex","state":"Vermont","area":46.99,"lat":44.536,"lon":-71.80468},"geometry":{"type":"Polygon","coordinates":[[[-71.90894,44.54792],[-71.84273,44.61116],[-71.80852,44.59451],[-71.80124,44.60055],[-71.78631,44.58533],[-71.78448,44.58074],[-71.74734,44.5609],[-71.74745,44.56297],[-71.74446,44.56546],[-71.73796,44.56657],[-71.73783,44.57421],[-71.721,44.57856],[-71.71108,44.57637],[-71.71397,44.58069],[-71.71138,44.58718],[-71.7033,44.59631],[-71.70245,44.6056],[-71.70559,44.6091],[-71.70173,44.61555],[-71.70168,44.61206],[-71.69483,44.60868],[-71.6924,44.60945],[-71.68848,44.5929],[-71.68243,44.59646],[-71.68046,44.59525],[-71.67742,44.59682],[-71.66441,44.58819],[-71.6665,44.58602],[-71.66736,44.57722],[-71.70712,44.53883],[-71.74862,44.52306],[-71.75203,44.52644],[-71.75763,44.52457],[-71.76424,44.51746],[-71.76898,44.51785],[-71.76985,44.51519],[-71.79584,44.50507],[-71.77849,44.47383],[-71.78269,44.47324],[-71.78601,44.46942],[-71.78812,44.45677],[-71.782,44.45253],[-71.77847,44.44362],[-71.7962,44.44679],[-71.81446,44.44306],[-71.83184,44.45336],[-71.82674,44.45358],[-71.83554,44.46402],[-71.85195,44.46954],[-71.85931,44.46607],[-71.86643,44.45538],[-71.8686,44.45504],[-71.87733,44.4439],[-71.88253,44.45564],[-71.88162,44.46337],[-71.88555,44.47054],[-71.85664,44.49618],[-71.90894,44.54792]]]}},{"type":"Feature","id":"05867","properties":{"zip":"05867","pop":null,"city":"Sutton","county":"Caledonia","state":"Vermont","area":24.97,"lat":44.66497,"lon":-72.04406},"geometry":{"type":"Polygon","coordinates":[[[-72.1145,44.74962],[-72.0117,44.69855],[-72.00719,44.70312],[-72.00487,44.70164],[-72.00393,44.68998],[-71.99779,44.67541],[-71.9976,44.66801],[-71.99422,44.66118],[-71.9847,44.65394],[-71.98234,44.64987],[-71.99539,44.60587],[-71.99819,44.60736],[-71.99629,44.60863],[-72.00036,44.60968],[-71.99931,44.61373],[-72.00629,44.61568],[-72.00618,44.61925],[-72.01057,44.61985],[-72.00967,44.6228],[-72.01291,44.62328],[-72.01538,44.61906],[-72.01655,44.61431],[-72.01216,44.60478],[-72.00955,44.59156],[-72.05769,44.59842],[-72.1145,44.74962]]]}},{"type":"Feature","id":"05872","properties":{"zip":"05872","pop":null,"city":"","county":"Orleans","state":"Vermont","area":22.74,"lat":44.86076,"lon":-72.0348},"geometry":{"type":"Polygon","coordinates":[[[-72.11943,44.86441],[-72.0749,44.90731],[-72.08152,44.91065],[-72.08841,44.9111],[-72.0847,44.91365],[-72.08464,44.91843],[-72.08179,44.92201],[-72.06755,44.92522],[-72.06472,44.92263],[-72.05344,44.92053],[-72.04769,44.91682],[-72.05048,44.90523],[-71.9427,44.84864],[-71.95461,44.83823],[-71.95861,44.84024],[-71.96205,44.8367],[-71.96823,44.83981],[-71.97216,44.83712],[-71.97805,44.84017],[-71.97826,44.84508],[-71.98705,44.84591],[-71.99074,44.835],[-71.98241,44.82742],[-71.97407,44.82749],[-71.97232,44.82308],[-71.97357,44.82055],[-71.97159,44.81968],[-71.97314,44.81528],[-71.98916,44.807],[-72.00126,44.80908],[-72.00974,44.80574],[-72.07439,44.83995],[-72.07924,44.84879],[-72.08649,44.85121],[-72.09807,44.86135],[-72.10405,44.85993],[-72.1026,44.85521],[-72.11943,44.86441]]]}},{"type":"Feature","id":"05485","properties":{"zip":"05485","pop":null,"city":"","county":"Franklin","state":"Vermont","area":0.01,"lat":44.90405,"lon":-72.97567},"geometry":{"type":"Polygon","coordinates":[[[-72.97656,44.90573],[-72.97577,44.90512],[-72.97308,44.90257],[-72.97742,44.90381],[-72.97656,44.90573]]]}},{"type":"Feature","id":"05486","properties":{"zip":"05486","pop":null,"city":"South Hero","county":"Grand Isle","state":"Vermont","area":33.44,"lat":44.62977,"lon":-73.31451},"geometry":{"type":"Polygon","coordinates":[[[-73.38997,44.61962],[-73.3865,44.62692],[-73.38678,44.63637],[-73.37856,44.64147],[-73.38448,44.64668],[-73.37797,44.65292],[-73.37907,44.65677],[-73.37413,44.66234],[-73.36967,44.66348],[-73.37272,44.66874],[-73.3718,44.67513],[-73.31588,44.68015],[-73.31418,44.6767],[-73.3055,44.67546],[-73.30464,44.66994],[-73.30266,44.67389],[-73.29872,44.67265],[-73.29644,44.67437],[-73.29556,44.67847],[-73.29736,44.67834],[-73.29742,44.68017],[-73.29511,44.68193],[-73.2281,44.68819],[-73.23364,44.67144],[-73.23376,44.64865],[-73.23802,44.64558],[-73.25276,44.64104],[-73.25487,44.63616],[-73.25702,44.62896],[-73.25433,44.60685],[-73.26559,44.59261],[-73.28366,44.58235],[-73.31353,44.57288],[-73.36149,44.56352],[-73.37439,44.57545],[-73.37567,44.58204],[-73.38185,44.58932],[-73.37681,44.59546],[-73.37685,44.5996],[-73.38293,44.61218],[-73.38982,44.61721],[-73.38997,44.61962]]]}},{"type":"Feature","id":"05488","properties":{"zip":"05488","pop":null,"city":"","county":"Franklin","state":"Vermont","area":69.56,"lat":44.92228,"lon":-73.14271},"geometry":{"type":"Polygon","coordinates":[[[-73.25058,44.79219],[-73.24188,44.80437],[-73.23357,44.81217],[-73.22439,44.81797],[-73.20886,44.82347],[-73.2025,44.83549],[-73.20755,44.84639],[-73.20696,44.8524],[-73.20328,44.8664],[-73.19658,44.87504],[-73.19182,44.89396],[-73.19171,44.9068],[-73.19494,44.91049],[-73.20644,44.91118],[-73.22627,44.91951],[-73.23386,44.936],[-73.23881,44.94143],[-73.24099,44.94958],[-73.23914,44.95345],[-73.22673,44.96244],[-73.19843,45.00202],[-73.19212,45.01362],[-73.05969,45.01587],[-73.01481,45.01499],[-73.01499,45.01306],[-73.02153,45.00953],[-73.01956,45.00534],[-73.02425,45.0035],[-73.0281,44.99092],[-73.03425,44.98215],[-73.03814,44.98318],[-73.04326,44.98099],[-73.04806,44.96776],[-73.05306,44.96791],[-73.05425,44.96512],[-73.05157,44.96426],[-73.05191,44.96163],[-73.05468,44.95801],[-73.05716,44.95877],[-73.05989,44.95529],[-73.06247,44.9561],[-73.06848,44.947],[-73.07493,44.9493],[-73.0791,44.94819],[-73.07653,44.94759],[-73.08271,44.94215],[-73.08307,44.93919],[-73.07803,44.93608],[-73.08304,44.93342],[-73.07556,44.93376],[-73.07394,44.93078],[-73.08651,44.92161],[-73.06082,44.91255],[-73.07077,44.90042],[-73.06983,44.89875],[-73.07294,44.89739],[-73.08315,44.87299],[-73.08322,44.84727],[-73.08893,44.84927],[-73.08782,44.84756],[-73.09246,44.84549],[-73.09778,44.84744],[-73.10233,44.84339],[-73.10588,44.84466],[-73.10969,44.84352],[-73.11767,44.84781],[-73.1397,44.81778],[-73.14579,44.81636],[-73.15177,44.81056],[-73.16061,44.8136],[-73.16969,44.80807],[-73.18891,44.80814],[-73.21129,44.7883],[-73.25299,44.78822],[-73.25058,44.79219]]]}},{"type":"Feature","id":"05489","properties":{"zip":"05489","pop":null,"city":"","county":"Chittenden","state":"Vermont","area":42.15,"lat":44.54596,"lon":-72.89461},"geometry":{"type":"Polygon","coordinates":[[[-72.99381,44.55555],[-72.99134,44.55518],[-72.99075,44.55731],[-72.98658,44.55665],[-72.98431,44.56416],[-72.98865,44.56478],[-72.98765,44.56819],[-72.99006,44.5686],[-72.98906,44.57163],[-72.98233,44.57051],[-72.98317,44.56784],[-72.97989,44.56725],[-72.97738,44.57465],[-72.97555,44.57439],[-72.9747,44.58039],[-72.96617,44.58009],[-72.96009,44.60169],[-72.96138,44.60776],[-72.95657,44.61431],[-72.95075,44.63314],[-72.94392,44.63204],[-72.94262,44.63599],[-72.91597,44.63196],[-72.92243,44.62501],[-72.91706,44.62206],[-72.90996,44.6312],[-72.82704,44.55069],[-72.80996,44.54671],[-72.83076,44.51643],[-72.80357,44.50617],[-72.83864,44.45923],[-72.8882,44.47032],[-72.94057,44.52087],[-72.94548,44.52283],[-72.94494,44.52494],[-72.97132,44.55036],[-72.99423,44.55406],[-72.99381,44.55555]]]}},{"type":"Feature","id":"05640","properties":{"zip":"05640","pop":null,"city":"","county":"Washington","state":"Vermont","area":1.75,"lat":44.34743,"lon":-72.49653},"geometry":{"type":"Polygon","coordinates":[[[-72.511,44.35511],[-72.50238,44.36537],[-72.49364,44.3633],[-72.48064,44.35698],[-72.48707,44.33739],[-72.49188,44.33177],[-72.50113,44.32863],[-72.50749,44.33147],[-72.50932,44.3417],[-72.51097,44.34249],[-72.51028,44.3459],[-72.50473,44.34378],[-72.49957,44.35104],[-72.51077,44.35276],[-72.511,44.35511]]]}},{"type":"Feature","id":"05647","properties":{"zip":"05647","pop":null,"city":"Cabot","county":"Washington","state":"Vermont","area":19.53,"lat":44.41004,"lon":-72.29125},"geometry":{"type":"Polygon","coordinates":[[[-72.35804,44.41382],[-72.32168,44.46276],[-72.24286,44.43232],[-72.23819,44.42587],[-72.23125,44.42197],[-72.22265,44.40377],[-72.22544,44.40005],[-72.23149,44.4001],[-72.23827,44.39755],[-72.24652,44.39107],[-72.2544,44.38846],[-72.2552,44.3862],[-72.24668,44.38625],[-72.24013,44.38032],[-72.25566,44.35958],[-72.26214,44.36384],[-72.2619,44.36653],[-72.2652,44.36939],[-72.26855,44.37076],[-72.2773,44.3687],[-72.28005,44.37014],[-72.27869,44.37339],[-72.28476,44.37574],[-72.28688,44.37275],[-72.28948,44.37369],[-72.28798,44.37585],[-72.29148,44.37705],[-72.28768,44.38107],[-72.29887,44.38473],[-72.30384,44.37685],[-72.30723,44.37805],[-72.31007,44.37651],[-72.30877,44.37268],[-72.30085,44.37203],[-72.29995,44.36908],[-72.29257,44.36706],[-72.30901,44.36271],[-72.31676,44.36416],[-72.32615,44.36222],[-72.3376,44.3666],[-72.33486,44.37779],[-72.33102,44.38172],[-72.33288,44.38451],[-72.3307,44.38583],[-72.33362,44.38848],[-72.32704,44.39411],[-72.32292,44.40214],[-72.32613,44.40376],[-72.32496,44.40485],[-72.33655,44.40837],[-72.33973,44.41417],[-72.34285,44.4051],[-72.3491,44.40718],[-72.35804,44.41382]]]}},{"type":"Feature","id":"05648","properties":{"zip":"05648","pop":null,"city":"","county":"Washington","state":"Vermont","area":6.88,"lat":44.38361,"lon":-72.49328},"geometry":{"type":"Polygon","coordinates":[[[-72.53393,44.34223],[-72.52646,44.35459],[-72.52288,44.35835],[-72.52111,44.35766],[-72.51535,44.36541],[-72.50658,44.37242],[-72.50375,44.37877],[-72.50604,44.38274],[-72.50385,44.38878],[-72.51585,44.38951],[-72.51973,44.38788],[-72.49055,44.42569],[-72.44704,44.40864],[-72.44428,44.40553],[-72.44124,44.40599],[-72.44324,44.39963],[-72.44123,44.39802],[-72.43919,44.39888],[-72.44415,44.3907],[-72.44555,44.3929],[-72.44772,44.39137],[-72.44615,44.40117],[-72.44972,44.40145],[-72.45392,44.40935],[-72.47497,44.40645],[-72.47442,44.40408],[-72.47251,44.40479],[-72.47176,44.40306],[-72.47234,44.40026],[-72.46785,44.39339],[-72.4682,44.39062],[-72.47552,44.382],[-72.47823,44.38131],[-72.47413,44.37753],[-72.47445,44.37501],[-72.47104,44.3699],[-72.47829,44.36603],[-72.48506,44.36887],[-72.49089,44.3611],[-72.50238,44.36537],[-72.5091,44.35852],[-72.51077,44.35276],[-72.49957,44.35104],[-72.50473,44.34378],[-72.51028,44.3459],[-72.51005,44.33935],[-72.50749,44.33147],[-72.50559,44.33062],[-72.5084,44.33015],[-72.53497,44.33989],[-72.53393,44.34223]]]}},{"type":"Feature","id":"05650","properties":{"zip":"05650","pop":null,"city":"","county":"Washington","state":"Vermont","area":17.39,"lat":44.40027,"lon":-72.44228},"geometry":{"type":"Polygon","coordinates":[[[-72.49089,44.3611],[-72.48506,44.36887],[-72.47829,44.36603],[-72.47104,44.3699],[-72.47445,44.37501],[-72.47413,44.37753],[-72.47823,44.38131],[-72.47552,44.382],[-72.4682,44.39062],[-72.46785,44.39339],[-72.47234,44.40026],[-72.47176,44.40306],[-72.47251,44.40479],[-72.47442,44.40408],[-72.47497,44.40645],[-72.45392,44.40935],[-72.44972,44.40145],[-72.44615,44.40117],[-72.44772,44.39137],[-72.44555,44.3929],[-72.44401,44.39076],[-72.43919,44.39888],[-72.44123,44.39802],[-72.44324,44.39963],[-72.44124,44.40599],[-72.44428,44.40553],[-72.44704,44.40864],[-72.49055,44.42569],[-72.46943,44.45597],[-72.46218,44.46039],[-72.45653,44.46724],[-72.45026,44.4649],[-72.45327,44.45982],[-72.43862,44.45525],[-72.44954,44.448],[-72.44866,44.44262],[-72.44213,44.44515],[-72.4381,44.44426],[-72.4322,44.43628],[-72.43304,44.43348],[-72.43094,44.42957],[-72.42325,44.4397],[-72.41919,44.4391],[-72.41524,44.4412],[-72.40937,44.44128],[-72.39577,44.43576],[-72.39033,44.43644],[-72.38276,44.43325],[-72.38754,44.43352],[-72.39246,44.42465],[-72.40017,44.4195],[-72.41012,44.41856],[-72.41579,44.40829],[-72.40888,44.40578],[-72.4022,44.40743],[-72.3923,44.40291],[-72.39622,44.39734],[-72.40365,44.39179],[-72.3971,44.38926],[-72.40466,44.37656],[-72.40202,44.37069],[-72.40941,44.3608],[-72.41624,44.361],[-72.42039,44.36351],[-72.43047,44.36282],[-72.43161,44.36492],[-72.43075,44.36275],[-72.43829,44.35234],[-72.44265,44.35244],[-72.44469,44.35642],[-72.43968,44.35663],[-72.43931,44.35889],[-72.43495,44.36194],[-72.44505,44.35684],[-72.44177,44.34709],[-72.44438,44.33977],[-72.44242,44.33857],[-72.44401,44.3338],[-72.45943,44.34243],[-72.46122,44.34543],[-72.46587,44.34256],[-72.48102,44.3489],[-72.4823,44.35044],[-72.48064,44.35698],[-72.49089,44.3611]]]}},{"type":"Feature","id":"05654","properties":{"zip":"05654","pop":null,"city":"Graniteville","county":"Orange","state":"Vermont","area":3.45,"lat":44.14033,"lon":-72.48085},"geometry":{"type":"Polygon","coordinates":[[[-72.51176,44.14924],[-72.5053,44.16595],[-72.50108,44.166],[-72.49945,44.16976],[-72.49142,44.15555],[-72.48944,44.15584],[-72.48441,44.151],[-72.47715,44.14952],[-72.47143,44.15236],[-72.47,44.15166],[-72.47058,44.14798],[-72.4587,44.14546],[-72.46018,44.1439],[-72.45993,44.1346],[-72.44443,44.1292],[-72.44063,44.1233],[-72.46523,44.11672],[-72.46307,44.1228],[-72.47192,44.12423],[-72.46645,44.13212],[-72.47263,44.13366],[-72.47167,44.13584],[-72.47407,44.1364],[-72.473,44.13375],[-72.47847,44.13555],[-72.47773,44.13401],[-72.48255,44.12555],[-72.48747,44.12686],[-72.48996,44.12287],[-72.49339,44.1237],[-72.49703,44.11987],[-72.49265,44.1273],[-72.49261,44.13218],[-72.49498,44.13],[-72.50045,44.13352],[-72.49692,44.14023],[-72.51018,44.14409],[-72.50705,44.14794],[-72.51176,44.14924]]]}},{"type":"Feature","id":"05751","properties":{"zip":"05751","pop":null,"city":"Killington Village","county":"Rutland","state":"Vermont","area":33.87,"lat":43.65414,"lon":-72.78941},"geometry":{"type":"Polygon","coordinates":[[[-72.84561,43.66772],[-72.84658,43.66938],[-72.84331,43.67227],[-72.82609,43.70623],[-72.85782,43.69512],[-72.84557,43.7234],[-72.83594,43.71945],[-72.8201,43.71673],[-72.70095,43.68283],[-72.758,43.58752],[-72.8707,43.61823],[-72.84561,43.66772]]]}},{"type":"Feature","id":"05753","properties":{"zip":"05753","pop":null,"city":"Middlebury","county":"Addison","state":"Vermont","area":60.92,"lat":43.99899,"lon":-73.17413},"geometry":{"type":"Polygon","coordinates":[[[-73.27969,44.07055],[-73.26219,44.07534],[-73.26252,44.07906],[-73.2505,44.07968],[-73.25025,44.08228],[-73.24583,44.08292],[-73.24647,44.08606],[-73.24508,44.08185],[-73.2381,44.07725],[-73.21676,44.06975],[-73.2041,44.06994],[-73.19967,44.06803],[-73.19731,44.07077],[-73.19332,44.07099],[-73.19124,44.06791],[-73.18433,44.06515],[-73.18214,44.06591],[-73.17969,44.06002],[-73.17587,44.05654],[-73.18083,44.04603],[-73.06655,44.05698],[-73.06332,44.0422],[-73.05814,43.96286],[-73.16393,43.95236],[-73.16849,43.9354],[-73.17516,43.93033],[-73.17296,43.92504],[-73.17455,43.91323],[-73.17929,43.90837],[-73.19867,43.90886],[-73.22629,43.90617],[-73.22932,43.922],[-73.24559,43.92033],[-73.24513,43.9241],[-73.24809,43.9267],[-73.25001,43.92485],[-73.25926,43.94722],[-73.25748,43.99016],[-73.25251,43.99139],[-73.25286,43.99374],[-73.25722,43.99658],[-73.25599,44.03526],[-73.26328,44.03442],[-73.26465,44.03788],[-73.27057,44.04187],[-73.27235,44.05348],[-73.2762,44.05306],[-73.27969,44.07055]]]}},{"type":"Feature","id":"05757","properties":{"zip":"05757","pop":null,"city":"Middletown Springs","county":"Rutland","state":"Vermont","area":17.9,"lat":43.48279,"lon":-73.12335},"geometry":{"type":"Polygon","coordinates":[[[-73.17849,43.49623],[-73.16841,43.49598],[-73.13345,43.52533],[-73.13527,43.53361],[-73.12012,43.53343],[-73.11978,43.53865],[-73.10405,43.53813],[-73.08022,43.48286],[-73.05567,43.47353],[-73.0746,43.46901],[-73.08357,43.45346],[-73.09468,43.44443],[-73.10154,43.43485],[-73.10598,43.43212],[-73.11369,43.4311],[-73.11151,43.43556],[-73.11906,43.4358],[-73.17952,43.46586],[-73.17849,43.49623]]]}},{"type":"Feature","id":"05661","properties":{"zip":"05661","pop":null,"city":"Morrisville","county":"Lamoille","state":"Vermont","area":47.27,"lat":44.53748,"lon":-72.61729},"geometry":{"type":"Polygon","coordinates":[[[-72.76793,44.56612],[-72.74974,44.59182],[-72.7311,44.5852],[-72.72939,44.58765],[-72.70946,44.58067],[-72.68279,44.57648],[-72.6625,44.60253],[-72.65341,44.59939],[-72.65018,44.60385],[-72.64469,44.60321],[-72.63688,44.60043],[-72.63682,44.59782],[-72.63318,44.59383],[-72.62915,44.59848],[-72.62736,44.59774],[-72.62936,44.59197],[-72.62522,44.58654],[-72.62305,44.58944],[-72.62015,44.58731],[-72.61096,44.58916],[-72.56789,44.57343],[-72.55892,44.58438],[-72.52563,44.57261],[-72.54025,44.55266],[-72.52258,44.53983],[-72.51864,44.532],[-72.51846,44.5258],[-72.5139,44.51852],[-72.51273,44.51082],[-72.53108,44.47275],[-72.53473,44.46854],[-72.54418,44.46385],[-72.54638,44.45516],[-72.54475,44.45125],[-72.59681,44.47929],[-72.69084,44.51722],[-72.69513,44.52186],[-72.69613,44.526],[-72.70334,44.52952],[-72.69248,44.54484],[-72.73198,44.55263],[-72.75166,44.55875],[-72.75323,44.55726],[-72.76967,44.5634],[-72.76793,44.56612]]]}},{"type":"Feature","id":"05663","properties":{"zip":"05663","pop":null,"city":"Northfield","county":"Washington","state":"Vermont","area":43.63,"lat":44.14944,"lon":-72.67236},"geometry":{"type":"Polygon","coordinates":[[[-72.78306,44.13026],[-72.7639,44.14981],[-72.77099,44.15377],[-72.74927,44.17674],[-72.75469,44.18038],[-72.74077,44.19705],[-72.74838,44.20119],[-72.73779,44.21305],[-72.68368,44.18527],[-72.6676,44.21675],[-72.65088,44.20886],[-72.63784,44.20834],[-72.63465,44.20604],[-72.63506,44.20164],[-72.63384,44.20342],[-72.63079,44.20018],[-72.62619,44.20799],[-72.61854,44.20705],[-72.61565,44.21025],[-72.60768,44.21202],[-72.60262,44.21706],[-72.59413,44.21262],[-72.5836,44.21178],[-72.58211,44.20927],[-72.59144,44.20336],[-72.59408,44.19543],[-72.59547,44.18402],[-72.59428,44.17545],[-72.5973,44.16303],[-72.58656,44.16026],[-72.59718,44.14208],[-72.60173,44.1267],[-72.61129,44.10793],[-72.61115,44.09663],[-72.61375,44.08357],[-72.62918,44.08786],[-72.63422,44.07603],[-72.64354,44.07499],[-72.64914,44.07672],[-72.64974,44.07186],[-72.65513,44.07364],[-72.65711,44.07233],[-72.65402,44.07999],[-72.66138,44.08248],[-72.67217,44.06548],[-72.6857,44.06693],[-72.68596,44.07296],[-72.68354,44.0799],[-72.68461,44.08732],[-72.67799,44.09637],[-72.67754,44.10111],[-72.78306,44.13026]],[[-72.65308,44.16576],[-72.6516,44.1679],[-72.65296,44.16873],[-72.65493,44.16626],[-72.65308,44.16576]]]}},{"type":"Feature","id":"05672","properties":{"zip":"05672","pop":null,"city":"","county":"Lamoille","state":"Vermont","area":52.24,"lat":44.48138,"lon":-72.72177},"geometry":{"type":"Polygon","coordinates":[[[-72.83864,44.45923],[-72.80357,44.50617],[-72.83076,44.51643],[-72.80996,44.54671],[-72.78439,44.54105],[-72.76967,44.5634],[-72.75323,44.55726],[-72.75166,44.55875],[-72.73198,44.55263],[-72.69248,44.54484],[-72.70334,44.52952],[-72.69613,44.526],[-72.69513,44.52186],[-72.69084,44.51722],[-72.59681,44.47929],[-72.6544,44.39822],[-72.76586,44.44259],[-72.83864,44.45923]]]}},{"type":"Feature","id":"05677","properties":{"zip":"05677","pop":null,"city":"Waterbury Center","county":"Washington","state":"Vermont","area":11.2,"lat":44.39193,"lon":-72.70849},"geometry":{"type":"Polygon","coordinates":[[[-72.75385,44.39482],[-72.75439,44.39759],[-72.74967,44.40082],[-72.74816,44.40651],[-72.75381,44.40941],[-72.75434,44.41627],[-72.74728,44.42137],[-72.73951,44.43293],[-72.6544,44.39822],[-72.67126,44.37576],[-72.66318,44.37277],[-72.66831,44.36632],[-72.68653,44.36563],[-72.69028,44.35945],[-72.6865,44.35927],[-72.69425,44.35564],[-72.70178,44.35596],[-72.70303,44.35737],[-72.70054,44.35914],[-72.70556,44.36202],[-72.70838,44.3599],[-72.71201,44.36128],[-72.71536,44.35741],[-72.71233,44.35786],[-72.71912,44.35117],[-72.73573,44.35579],[-72.72647,44.37249],[-72.72933,44.3736],[-72.72758,44.37551],[-72.72885,44.37734],[-72.72698,44.37778],[-72.72795,44.3802],[-72.73346,44.383],[-72.72652,44.38166],[-72.72492,44.38451],[-72.73194,44.38598],[-72.73217,44.38424],[-72.73564,44.38452],[-72.74296,44.38681],[-72.74489,44.38775],[-72.74566,44.39189],[-72.74712,44.39016],[-72.7512,44.39213],[-72.75343,44.39034],[-72.75503,44.39162],[-72.75385,44.39482]]]}},{"type":"Feature","id":"05733","properties":{"zip":"05733","pop":null,"city":"Brandon","county":"Rutland","state":"Vermont","area":79.55,"lat":43.81755,"lon":-73.09215},"geometry":{"type":"Polygon","coordinates":[[[-73.24123,43.78676],[-73.23738,43.79265],[-73.23396,43.7936],[-73.23544,43.79459],[-73.23547,43.80246],[-73.2319,43.81182],[-73.22229,43.81264],[-73.22002,43.8212],[-73.21656,43.82326],[-73.20342,43.82888],[-73.19337,43.82577],[-73.19364,43.81887],[-73.1863,43.82367],[-73.1817,43.82198],[-73.17234,43.83267],[-73.1713,43.83909],[-73.15574,43.83966],[-73.15619,43.84239],[-73.13338,43.84327],[-73.12561,43.84936],[-73.12816,43.85643],[-73.14777,43.85534],[-73.14758,43.86555],[-73.14516,43.86709],[-73.14631,43.86846],[-73.14004,43.87853],[-73.13379,43.87801],[-73.13126,43.8803],[-73.11999,43.88293],[-73.11626,43.88635],[-73.11474,43.88542],[-73.11147,43.89042],[-73.10614,43.89012],[-73.10718,43.89322],[-73.07039,43.89728],[-73.06861,43.9028],[-73.07302,43.90508],[-73.06262,43.90438],[-73.06102,43.90723],[-73.05146,43.90996],[-73.04825,43.90917],[-73.04628,43.91241],[-73.03859,43.91356],[-73.03778,43.92284],[-72.98033,43.92197],[-73.00164,43.88861],[-72.98016,43.88259],[-72.98016,43.86393],[-72.9729,43.86669],[-72.95885,43.82654],[-73.01683,43.80495],[-73.00271,43.75683],[-73.04834,43.75556],[-73.04659,43.74417],[-73.03801,43.72866],[-73.03983,43.71986],[-73.05871,43.7216],[-73.06066,43.71655],[-73.06721,43.71517],[-73.07057,43.74365],[-73.08292,43.74953],[-73.08725,43.74908],[-73.08876,43.75391],[-73.13134,43.75207],[-73.12908,43.74429],[-73.13532,43.74012],[-73.13749,43.74567],[-73.13544,43.75194],[-73.18111,43.75027],[-73.18381,43.74783],[-73.18428,43.7435],[-73.18043,43.73714],[-73.1808,43.73023],[-73.18173,43.72928],[-73.18389,43.73144],[-73.18715,43.72955],[-73.19081,43.7224],[-73.20315,43.72246],[-73.20447,43.72763],[-73.21023,43.72711],[-73.21201,43.73521],[-73.21087,43.73823],[-73.21296,43.74077],[-73.21053,43.74461],[-73.20481,43.74712],[-73.20415,43.7495],[-73.20844,43.74941],[-73.21166,43.74603],[-73.21111,43.74945],[-73.23297,43.74866],[-73.23138,43.76447],[-73.23804,43.76383],[-73.24123,43.78676]]]}},{"type":"Feature","id":"05737","properties":{"zip":"05737","pop":null,"city":"","county":"Rutland","state":"Vermont","area":35.8,"lat":43.76763,"lon":-72.90431},"geometry":{"type":"Polygon","coordinates":[[[-72.98025,43.73351],[-72.97048,43.73765],[-72.97081,43.72994],[-72.96209,43.73297],[-72.964,43.73816],[-72.95277,43.742],[-72.94999,43.74589],[-72.92561,43.75],[-72.92034,43.75704],[-72.92105,43.76592],[-72.91193,43.76877],[-72.91772,43.77815],[-72.9231,43.7761],[-72.92521,43.77838],[-72.9308,43.7762],[-72.93512,43.78192],[-72.95588,43.77376],[-72.96435,43.79964],[-72.97011,43.80641],[-72.97195,43.80447],[-72.9733,43.80548],[-72.97275,43.80927],[-72.97905,43.81403],[-72.98082,43.81805],[-72.87455,43.85813],[-72.87171,43.80321],[-72.82608,43.73775],[-72.83594,43.71945],[-72.84557,43.7234],[-72.85782,43.69512],[-72.86906,43.69111],[-72.87457,43.69172],[-72.87922,43.69478],[-72.89131,43.70829],[-72.90807,43.71504],[-72.91535,43.71248],[-72.92279,43.71328],[-72.93296,43.70666],[-72.94423,43.70421],[-72.94607,43.69771],[-72.95477,43.69386],[-72.95391,43.69142],[-72.95574,43.69126],[-72.9849,43.73088],[-72.98025,43.73351]]]}},{"type":"Feature","id":"05758","properties":{"zip":"05758","pop":null,"city":"","county":"Rutland","state":"Vermont","area":18.14,"lat":43.44796,"lon":-72.78388},"geometry":{"type":"Polygon","coordinates":[[[-72.87093,43.47484],[-72.8708,43.47639],[-72.86604,43.4771],[-72.82814,43.47922],[-72.84049,43.4822],[-72.79449,43.48376],[-72.72422,43.46817],[-72.72737,43.46106],[-72.72256,43.46008],[-72.7384,43.41704],[-72.75259,43.38976],[-72.77962,43.39842],[-72.77763,43.40339],[-72.78226,43.40443],[-72.78014,43.40885],[-72.78374,43.41152],[-72.78019,43.41803],[-72.80112,43.42343],[-72.79858,43.43281],[-72.80268,43.43362],[-72.80334,43.43106],[-72.81199,43.43334],[-72.81451,43.44048],[-72.81934,43.44269],[-72.82109,43.44149],[-72.82102,43.4434],[-72.82567,43.44715],[-72.83509,43.44608],[-72.85198,43.44762],[-72.84848,43.44808],[-72.84526,43.45143],[-72.84374,43.45974],[-72.87149,43.46648],[-72.87093,43.47484]]]}},{"type":"Feature","id":"05759","properties":{"zip":"05759","pop":null,"city":"North Clarendon","county":"Rutland","state":"Vermont","area":14.35,"lat":43.53936,"lon":-72.96481},"geometry":{"type":"Polygon","coordinates":[[[-73.00933,43.55035],[-73.00277,43.56647],[-73.00294,43.57682],[-73.00084,43.57668],[-73.00091,43.57967],[-72.99743,43.57946],[-72.99651,43.5873],[-72.98982,43.58499],[-72.99036,43.58674],[-72.98725,43.58725],[-72.98786,43.5852],[-72.98384,43.58565],[-72.98509,43.58388],[-72.97512,43.5808],[-72.9747,43.57296],[-72.96934,43.57325],[-72.96635,43.57614],[-72.96573,43.57344],[-72.95906,43.57375],[-72.95967,43.58022],[-72.95449,43.58059],[-72.95472,43.58502],[-72.95831,43.5836],[-72.95905,43.5874],[-72.96368,43.59114],[-72.95006,43.59337],[-72.9509,43.58936],[-72.94604,43.59073],[-72.94769,43.57411],[-72.93416,43.5748],[-72.92862,43.48404],[-72.93095,43.48953],[-72.93604,43.49317],[-72.94592,43.49043],[-72.94743,43.48706],[-72.95122,43.48726],[-72.95193,43.48901],[-72.96198,43.49027],[-72.96218,43.49465],[-72.97244,43.49521],[-72.97405,43.48431],[-72.97372,43.49146],[-72.97616,43.49419],[-72.97172,43.50229],[-72.97319,43.50596],[-72.97715,43.50486],[-72.97728,43.50664],[-72.97893,43.50634],[-72.97949,43.50833],[-72.98102,43.50857],[-72.98199,43.51074],[-72.98367,43.51118],[-72.98541,43.51622],[-72.98217,43.52215],[-72.97744,43.52093],[-72.97307,43.52315],[-72.98207,43.52423],[-72.98544,43.51874],[-72.98561,43.51618],[-72.98471,43.51243],[-72.98134,43.50782],[-72.99569,43.50695],[-72.99779,43.52091],[-72.99206,43.51978],[-72.99115,43.52052],[-72.99495,43.5212],[-72.99748,43.53081],[-72.99586,43.53253],[-72.99822,43.5356],[-72.99626,43.53575],[-72.99646,43.54042],[-72.99816,43.54026],[-72.99871,43.54469],[-72.99616,43.54476],[-72.99858,43.54876],[-73.00932,43.54479],[-73.00933,43.55035]]]}},{"type":"Feature","id":"05760","properties":{"zip":"05760","pop":null,"city":"","county":"Addison","state":"Vermont","area":27.66,"lat":43.80352,"lon":-73.29532},"geometry":{"type":"Polygon","coordinates":[[[-73.39275,43.8222],[-73.38839,43.8324],[-73.37349,43.84299],[-73.36753,43.84358],[-73.36857,43.84003],[-73.37227,43.83759],[-73.37205,43.83384],[-73.37587,43.83154],[-73.37545,43.82933],[-73.36809,43.83042],[-73.36829,43.82828],[-73.3631,43.82345],[-73.36077,43.82403],[-73.35881,43.81947],[-73.35216,43.81359],[-73.35579,43.80735],[-73.35018,43.80652],[-73.34673,43.80343],[-73.34069,43.80596],[-73.33702,43.80376],[-73.33185,43.80768],[-73.33167,43.80983],[-73.32869,43.81075],[-73.32577,43.82649],[-73.31802,43.82704],[-73.31153,43.83308],[-73.30842,43.83295],[-73.30649,43.84323],[-73.30335,43.84424],[-73.30312,43.8479],[-73.29692,43.8506],[-73.26514,43.85369],[-73.26396,43.85686],[-73.25362,43.85962],[-73.25159,43.85799],[-73.25015,43.85927],[-73.23972,43.85833],[-73.23702,43.85437],[-73.2394,43.85105],[-73.2378,43.84947],[-73.2385,43.84711],[-73.23507,43.84266],[-73.22612,43.84066],[-73.2222,43.83546],[-73.21877,43.83884],[-73.21656,43.82326],[-73.22002,43.8212],[-73.2207,43.81411],[-73.22604,43.81168],[-73.2319,43.81182],[-73.23482,43.80607],[-73.23577,43.79889],[-73.23396,43.7936],[-73.23738,43.79265],[-73.24194,43.7853],[-73.23804,43.76383],[-73.30047,43.75838],[-73.30922,43.7539],[-73.32109,43.75398],[-73.32166,43.75658],[-73.36295,43.75318],[-73.35059,43.77194],[-73.35476,43.77672],[-73.35755,43.78593],[-73.37636,43.79877],[-73.3808,43.81095],[-73.3903,43.81737],[-73.39275,43.8222]]]}},{"type":"Feature","id":"05742","properties":{"zip":"05742","pop":null,"city":"","county":"Rutland","state":"Vermont","area":18.02,"lat":43.43693,"lon":-72.90445},"geometry":{"type":"Polygon","coordinates":[[[-72.9893,43.39964],[-72.98992,43.40748],[-72.97573,43.40898],[-72.95631,43.40694],[-72.94863,43.40766],[-72.94402,43.41109],[-72.93895,43.40991],[-72.92913,43.40259],[-72.92647,43.4028],[-72.92677,43.40649],[-72.93452,43.41154],[-72.93157,43.41711],[-72.92677,43.41781],[-72.91832,43.42647],[-72.91692,43.43874],[-72.92446,43.44552],[-72.94512,43.45285],[-72.94333,43.45517],[-72.95844,43.4663],[-72.95601,43.48019],[-72.95329,43.4845],[-72.92862,43.48404],[-72.92786,43.4777],[-72.87762,43.48004],[-72.87449,43.47443],[-72.87093,43.47484],[-72.87149,43.46648],[-72.84374,43.45974],[-72.84526,43.45143],[-72.84848,43.44808],[-72.87145,43.44646],[-72.87047,43.44428],[-72.85988,43.43961],[-72.85502,43.4295],[-72.85523,43.42293],[-72.85094,43.42084],[-72.83957,43.40918],[-72.84201,43.40922],[-72.85076,43.41589],[-72.86001,43.41346],[-72.86473,43.4105],[-72.86517,43.40548],[-72.86843,43.40364],[-72.87106,43.39869],[-72.86735,43.39309],[-72.99013,43.39758],[-72.9893,43.39964]]]}},{"type":"Feature","id":"05495","properties":{"zip":"05495","pop":null,"city":"St. George","county":"Chittenden","state":"Vermont","area":24.83,"lat":44.42891,"lon":-73.09205},"geometry":{"type":"Polygon","coordinates":[[[-73.1544,44.40678],[-73.15136,44.41084],[-73.14472,44.41199],[-73.14662,44.41993],[-73.1447,44.42547],[-73.1463,44.42792],[-73.13535,44.44243],[-73.13597,44.44557],[-73.13993,44.44938],[-73.135,44.45732],[-73.13687,44.45904],[-73.13575,44.46223],[-73.13821,44.46964],[-73.13484,44.47251],[-73.13588,44.47502],[-73.12439,44.47648],[-73.11266,44.48334],[-73.10349,44.47736],[-73.10055,44.47185],[-73.09715,44.47307],[-73.09231,44.48058],[-73.08547,44.47835],[-73.08015,44.4817],[-73.07417,44.48235],[-73.06709,44.47795],[-73.06131,44.47791],[-73.05692,44.47303],[-73.05038,44.47602],[-73.0472,44.47089],[-73.0439,44.47111],[-73.04231,44.4738],[-73.03276,44.47281],[-73.03023,44.47105],[-73.03196,44.46804],[-73.0266,44.46686],[-73.02499,44.46119],[-73.02124,44.45987],[-73.02477,44.45589],[-73.0191,44.45158],[-73.01981,44.44299],[-73.02874,44.44236],[-73.03286,44.43998],[-73.03253,44.43789],[-73.02062,44.43361],[-73.0423,44.42204],[-73.05182,44.42474],[-73.08144,44.37029],[-73.1334,44.36434],[-73.14166,44.4017],[-73.15461,44.40522],[-73.1544,44.40678]]]}},{"type":"Feature","id":"05454","properties":{"zip":"05454","pop":null,"city":"Fairfax","county":"Franklin","state":"Vermont","area":34.63,"lat":44.70556,"lon":-73.0229},"geometry":{"type":"Polygon","coordinates":[[[-73.11554,44.70062],[-73.11381,44.69967],[-73.11075,44.71118],[-73.10261,44.71],[-73.10636,44.69921],[-73.09531,44.70298],[-73.08817,44.70955],[-73.08076,44.73089],[-73.07772,44.75492],[-73.0806,44.76158],[-73.07633,44.76064],[-73.07498,44.77146],[-73.05809,44.76884],[-73.05656,44.77294],[-73.03836,44.7752],[-73.03765,44.76896],[-73.0293,44.77051],[-73.02931,44.76438],[-72.96094,44.75347],[-72.95205,44.74606],[-72.95581,44.74105],[-72.95885,44.74222],[-72.96364,44.7356],[-72.9661,44.73646],[-72.97074,44.72974],[-72.9652,44.72769],[-72.97292,44.71711],[-72.96031,44.69961],[-72.96608,44.69453],[-72.96107,44.68363],[-72.96666,44.68262],[-72.96866,44.67259],[-72.98615,44.67059],[-72.98427,44.66272],[-72.98149,44.65866],[-72.97585,44.66051],[-72.97266,44.66487],[-72.97034,44.66302],[-72.96666,44.66478],[-72.96128,44.66379],[-72.95106,44.66982],[-72.94717,44.6701],[-72.95058,44.6679],[-72.93877,44.67125],[-72.9228,44.64998],[-72.92634,44.64805],[-72.92739,44.64493],[-72.92431,44.64115],[-72.92793,44.641],[-72.93104,44.645],[-72.93607,44.64379],[-72.93188,44.64779],[-72.94026,44.64452],[-72.94355,44.65016],[-72.94641,44.64986],[-72.94646,44.64677],[-72.96285,44.65206],[-72.9721,44.65177],[-72.97798,44.64584],[-72.98794,44.64766],[-72.98353,44.64575],[-72.98401,44.64263],[-73.03803,44.65116],[-73.08593,44.66977],[-73.0819,44.67967],[-73.08831,44.68221],[-73.09319,44.67925],[-73.09565,44.68054],[-73.09196,44.68237],[-73.09732,44.68281],[-73.10019,44.68712],[-73.10645,44.68582],[-73.10518,44.69113],[-73.10848,44.69243],[-73.10644,44.69898],[-73.11246,44.69742],[-73.11664,44.69897],[-73.11554,44.70062]]]}},{"type":"Feature","id":"05255","properties":{"zip":"05255","pop":null,"city":"Manchester Center","county":"Bennington","state":"Vermont","area":28.27,"lat":43.16688,"lon":-73.06689},"geometry":{"type":"Polygon","coordinates":[[[-73.13409,43.14575],[-73.13122,43.19205],[-73.12783,43.21364],[-73.06261,43.21249],[-73.06043,43.21383],[-73.05909,43.2124],[-73.02011,43.21144],[-73.01453,43.21625],[-73.01096,43.22244],[-73.01319,43.21122],[-73.0017,43.21089],[-73.00258,43.19422],[-72.99725,43.19393],[-73.00035,43.19306],[-73.00285,43.18912],[-73.00748,43.11664],[-73.11422,43.12009],[-73.11448,43.12374],[-73.12162,43.12955],[-73.12376,43.13464],[-73.13145,43.1337],[-73.13436,43.13597],[-73.13409,43.14575]],[[-73.08818,43.15689],[-73.08694,43.15496],[-73.07568,43.15418],[-73.07848,43.14256],[-73.08414,43.14099],[-73.08028,43.13982],[-73.07701,43.1437],[-73.07156,43.14348],[-73.069,43.14558],[-73.06671,43.14343],[-73.06177,43.14326],[-73.05738,43.14705],[-73.058,43.1493],[-73.05392,43.15636],[-73.05584,43.16282],[-73.05403,43.16757],[-73.06612,43.17224],[-73.0657,43.1769],[-73.06078,43.17683],[-73.06052,43.18146],[-73.07069,43.18165],[-73.07151,43.1738],[-73.06575,43.1698],[-73.0692,43.16639],[-73.08312,43.16689],[-73.09048,43.15696],[-73.08818,43.15689]]]}},{"type":"Feature","id":"05041","properties":{"zip":"05041","pop":null,"city":"","county":"Orange","state":"Vermont","area":4.03,"lat":43.96702,"lon":-72.54279},"geometry":{"type":"Polygon","coordinates":[[[-72.57028,44.01883],[-72.56733,44.01808],[-72.56299,44.01315],[-72.55728,44.01169],[-72.55862,44.01049],[-72.55694,44.00562],[-72.55119,44.00832],[-72.54576,44.00813],[-72.55214,43.99927],[-72.54947,43.99334],[-72.55075,43.9901],[-72.547,43.98908],[-72.5509,43.98209],[-72.54804,43.97896],[-72.54908,43.97681],[-72.51051,43.96587],[-72.53058,43.93749],[-72.53944,43.94258],[-72.54697,43.93536],[-72.5522,43.93661],[-72.55425,43.94026],[-72.55841,43.94095],[-72.56513,43.95146],[-72.56087,43.95143],[-72.55747,43.94665],[-72.55276,43.94703],[-72.55011,43.95065],[-72.55116,43.95873],[-72.55647,43.96485],[-72.55493,43.96544],[-72.55455,43.97128],[-72.55724,43.97901],[-72.55823,43.99275],[-72.56139,43.99511],[-72.56478,44.00358],[-72.56814,44.00702],[-72.56659,44.00966],[-72.57028,44.01883]]]}},{"type":"Feature","id":"05875","properties":{"zip":"05875","pop":null,"city":"","county":"Orleans","state":"Vermont","area":16.72,"lat":44.70943,"lon":-72.26753},"geometry":{"type":"Polygon","coordinates":[[[-72.33383,44.70357],[-72.32596,44.70285],[-72.32118,44.71084],[-72.31414,44.70845],[-72.30467,44.71187],[-72.30861,44.71318],[-72.31029,44.71683],[-72.31199,44.73004],[-72.30809,44.72963],[-72.30034,44.73568],[-72.29041,44.73664],[-72.28774,44.73997],[-72.28263,44.74202],[-72.27568,44.73911],[-72.26003,44.74479],[-72.25003,44.75635],[-72.2495,44.74904],[-72.23484,44.75096],[-72.23723,44.75498],[-72.22984,44.76526],[-72.22858,44.76245],[-72.21752,44.7548],[-72.21035,44.74015],[-72.22246,44.73752],[-72.22141,44.73503],[-72.22312,44.73151],[-72.19365,44.72117],[-72.19618,44.71941],[-72.1966,44.71489],[-72.20037,44.7148],[-72.20401,44.71752],[-72.2111,44.70638],[-72.21625,44.70506],[-72.22176,44.7106],[-72.22807,44.71269],[-72.23175,44.70793],[-72.23443,44.70852],[-72.23954,44.70014],[-72.2392,44.69134],[-72.24269,44.69287],[-72.24542,44.68983],[-72.25301,44.69249],[-72.25349,44.68923],[-72.24839,44.68828],[-72.24823,44.68405],[-72.25356,44.68582],[-72.26307,44.68122],[-72.26053,44.6806],[-72.25592,44.67302],[-72.26593,44.67147],[-72.26962,44.66587],[-72.27805,44.66031],[-72.27677,44.65522],[-72.28488,44.65362],[-72.31531,44.66518],[-72.31008,44.67279],[-72.3122,44.67363],[-72.3096,44.67967],[-72.31308,44.69197],[-72.33512,44.69958],[-72.33383,44.70357]]]}},{"type":"Feature","id":"05730","properties":{"zip":"05730","pop":null,"city":"","county":"Rutland","state":"Vermont","area":14.53,"lat":43.40268,"lon":-72.81509},"geometry":{"type":"Polygon","coordinates":[[[-72.87145,43.44646],[-72.82567,43.44715],[-72.82102,43.4434],[-72.82109,43.44149],[-72.81934,43.44269],[-72.81451,43.44048],[-72.81199,43.43334],[-72.80334,43.43106],[-72.80268,43.43362],[-72.79858,43.43281],[-72.80112,43.42343],[-72.78019,43.41803],[-72.78374,43.41152],[-72.78014,43.40885],[-72.78226,43.40443],[-72.77763,43.40339],[-72.77962,43.39842],[-72.75259,43.38976],[-72.7624,43.37133],[-72.75963,43.35377],[-72.82594,43.38233],[-72.82591,43.38029],[-72.82196,43.37873],[-72.82198,43.37571],[-72.85238,43.37637],[-72.85267,43.39236],[-72.86735,43.39309],[-72.87106,43.39869],[-72.86843,43.40364],[-72.86517,43.40548],[-72.86473,43.4105],[-72.86001,43.41346],[-72.85076,43.41589],[-72.84201,43.40922],[-72.83957,43.40918],[-72.85094,43.42084],[-72.85523,43.42293],[-72.85502,43.4295],[-72.85988,43.43961],[-72.87047,43.44428],[-72.87145,43.44646]]]}},{"type":"Feature","id":"05820","properties":{"zip":"05820","pop":null,"city":"Albany","county":"Orleans","state":"Vermont","area":9.54,"lat":44.74848,"lon":-72.37357},"geometry":{"type":"Polygon","coordinates":[[[-72.41732,44.72289],[-72.36525,44.79458],[-72.31354,44.7754],[-72.34118,44.76564],[-72.34302,44.76435],[-72.34113,44.76094],[-72.34602,44.75831],[-72.34549,44.75597],[-72.34804,44.75421],[-72.34555,44.75351],[-72.35469,44.74676],[-72.35929,44.74724],[-72.35868,44.74484],[-72.36445,44.74432],[-72.36323,44.74289],[-72.36561,44.74115],[-72.35385,44.74051],[-72.34925,44.73689],[-72.3556,44.73173],[-72.36785,44.71573],[-72.37153,44.71753],[-72.37161,44.72782],[-72.37502,44.72374],[-72.37289,44.72313],[-72.37649,44.71756],[-72.37941,44.7141],[-72.38142,44.71429],[-72.38114,44.70979],[-72.38635,44.70905],[-72.3893,44.70204],[-72.42352,44.71458],[-72.41732,44.72289]]]}},{"type":"Feature","id":"05762","properties":{"zip":"05762","pop":null,"city":"","county":"Rutland","state":"Vermont","area":14.55,"lat":43.79221,"lon":-72.82902},"geometry":{"type":"Polygon","coordinates":[[[-72.87337,43.83963],[-72.83759,43.82918],[-72.8311,43.83902],[-72.81609,43.83482],[-72.81217,43.82187],[-72.80308,43.8244],[-72.80069,43.83005],[-72.79665,43.82939],[-72.79603,43.82631],[-72.79056,43.82371],[-72.79432,43.821],[-72.79173,43.81638],[-72.78458,43.81397],[-72.78438,43.8108],[-72.78849,43.80721],[-72.78281,43.80434],[-72.81178,43.75786],[-72.811,43.75652],[-72.81243,43.75684],[-72.81926,43.74631],[-72.80393,43.74097],[-72.8201,43.71673],[-72.83594,43.71945],[-72.82608,43.73775],[-72.87171,43.80321],[-72.87337,43.83963]]]}},{"type":"Feature","id":"05840","properties":{"zip":"05840","pop":null,"city":"","county":"Essex","state":"Vermont","area":18.93,"lat":44.61301,"lon":-71.73105},"geometry":{"type":"Polygon","coordinates":[[[-71.8008,44.60092],[-71.73539,44.66524],[-71.64004,44.61554],[-71.64615,44.6111],[-71.65892,44.61259],[-71.66555,44.61147],[-71.67742,44.59682],[-71.68046,44.59525],[-71.68243,44.59646],[-71.68848,44.5929],[-71.6924,44.60945],[-71.69483,44.60868],[-71.70168,44.61206],[-71.70173,44.61555],[-71.70559,44.6091],[-71.70245,44.6056],[-71.7033,44.59631],[-71.71138,44.58718],[-71.71397,44.58069],[-71.71108,44.57637],[-71.721,44.57856],[-71.73783,44.57421],[-71.73796,44.56657],[-71.74446,44.56546],[-71.74745,44.56297],[-71.74734,44.5609],[-71.78448,44.58074],[-71.78631,44.58533],[-71.79837,44.59627],[-71.8008,44.60092]]]}},{"type":"Feature","id":"05351","properties":{"zip":"05351","pop":null,"city":"","county":"Windham","state":"Vermont","area":8.28,"lat":42.92868,"lon":-72.73721},"geometry":{"type":"Polygon","coordinates":[[[-72.7721,42.93187],[-72.75559,42.98459],[-72.74855,42.97916],[-72.7519,42.97779],[-72.7502,42.97137],[-72.75268,42.9666],[-72.74432,42.96215],[-72.74308,42.95125],[-72.73677,42.9458],[-72.73943,42.94429],[-72.73161,42.9469],[-72.71231,42.93453],[-72.70674,42.93805],[-72.70009,42.93646],[-72.70047,42.93351],[-72.69612,42.93341],[-72.69887,42.93163],[-72.69419,42.92899],[-72.69407,42.91703],[-72.70127,42.91679],[-72.70153,42.91162],[-72.70961,42.91235],[-72.7081,42.90978],[-72.71526,42.91264],[-72.71435,42.90805],[-72.71776,42.89767],[-72.72216,42.89711],[-72.7277,42.89248],[-72.72853,42.88906],[-72.73736,42.88922],[-72.74075,42.89001],[-72.73658,42.89637],[-72.74237,42.89585],[-72.74795,42.9002],[-72.76622,42.90581],[-72.76879,42.90508],[-72.76685,42.90608],[-72.75935,42.906],[-72.74976,42.91309],[-72.74586,42.9199],[-72.74654,42.92391],[-72.77659,42.92462],[-72.7721,42.93187]]]}},{"type":"Feature","id":"05440","properties":{"zip":"05440","pop":null,"city":"","county":"Grand Isle","state":"Vermont","area":34.59,"lat":44.95222,"lon":-73.28476},"geometry":{"type":"Polygon","coordinates":[[[-73.35463,44.98735],[-73.34312,45.01084],[-73.19212,45.01362],[-73.19843,45.00202],[-73.22673,44.96244],[-73.23914,44.95345],[-73.24056,44.94539],[-73.23386,44.936],[-73.23078,44.92744],[-73.24414,44.92662],[-73.25303,44.92254],[-73.27112,44.89769],[-73.27731,44.87376],[-73.29027,44.84787],[-73.29145,44.8422],[-73.30924,44.84275],[-73.31543,44.85431],[-73.31621,44.86754],[-73.31142,44.89608],[-73.31343,44.90085],[-73.32388,44.91106],[-73.34279,44.9138],[-73.33898,44.91768],[-73.33824,44.96475],[-73.35022,44.97622],[-73.35463,44.98735]]]}},{"type":"Feature","id":"05065","properties":{"zip":"05065","pop":null,"city":"","county":"Windsor","state":"Vermont","area":20.25,"lat":43.79094,"lon":-72.41659},"geometry":{"type":"Polygon","coordinates":[[[-72.47148,43.78844],[-72.46846,43.79322],[-72.46616,43.79249],[-72.46556,43.79761],[-72.45871,43.80787],[-72.46246,43.81101],[-72.46033,43.8139],[-72.46455,43.81552],[-72.46107,43.82374],[-72.46326,43.83372],[-72.44147,43.8636],[-72.4388,43.86344],[-72.44109,43.8583],[-72.43552,43.85081],[-72.43916,43.84351],[-72.43502,43.83764],[-72.43546,43.8317],[-72.33934,43.81045],[-72.42642,43.72201],[-72.43243,43.72468],[-72.43733,43.73756],[-72.44705,43.74498],[-72.44704,43.74815],[-72.45426,43.75733],[-72.45131,43.76061],[-72.45027,43.77282],[-72.44639,43.77595],[-72.44991,43.78247],[-72.45939,43.78202],[-72.46137,43.78462],[-72.46793,43.78505],[-72.47148,43.78844]]]}},{"type":"Feature","id":"05448","properties":{"zip":"05448","pop":null,"city":"","county":"Franklin","state":"Vermont","area":26.72,"lat":44.75383,"lon":-72.88707},"geometry":{"type":"Polygon","coordinates":[[[-72.9652,44.72769],[-72.97074,44.72974],[-72.9661,44.73646],[-72.96364,44.7356],[-72.95885,44.74222],[-72.95581,44.74105],[-72.95205,44.74606],[-72.96094,44.75347],[-72.91225,44.74629],[-72.91037,44.74727],[-72.90041,44.75852],[-72.9048,44.76312],[-72.91225,44.7647],[-72.91697,44.76298],[-72.91875,44.76571],[-72.91518,44.76983],[-72.92641,44.77128],[-72.9281,44.77626],[-72.92596,44.78644],[-72.91835,44.7917],[-72.90718,44.79102],[-72.90253,44.79614],[-72.89938,44.79576],[-72.90074,44.79101],[-72.89946,44.78885],[-72.89422,44.7885],[-72.8943,44.78979],[-72.88908,44.79042],[-72.88878,44.79236],[-72.87785,44.79199],[-72.87685,44.79029],[-72.87618,44.79377],[-72.87033,44.79204],[-72.87374,44.79369],[-72.87457,44.80062],[-72.87071,44.80087],[-72.87072,44.80383],[-72.86611,44.80728],[-72.86932,44.82068],[-72.86845,44.82996],[-72.85269,44.83184],[-72.85075,44.83616],[-72.84029,44.83506],[-72.84579,44.81172],[-72.83323,44.81238],[-72.81902,44.80005],[-72.81836,44.7923],[-72.82971,44.7877],[-72.82734,44.783],[-72.81593,44.78078],[-72.80153,44.7821],[-72.80713,44.77348],[-72.80338,44.77277],[-72.80311,44.76671],[-72.8056,44.76383],[-72.80265,44.7639],[-72.80236,44.75625],[-72.80826,44.74599],[-72.83783,44.7468],[-72.83362,44.73581],[-72.83129,44.73419],[-72.87106,44.73997],[-72.87632,44.73596],[-72.88707,44.73602],[-72.89007,44.73448],[-72.8988,44.71731],[-72.90108,44.71792],[-72.90447,44.71409],[-72.90178,44.70727],[-72.90444,44.70558],[-72.90285,44.70146],[-72.90699,44.69482],[-72.90645,44.69235],[-72.91407,44.68717],[-72.91952,44.67956],[-72.92427,44.67831],[-72.9345,44.68218],[-72.94144,44.67475],[-72.97292,44.71711],[-72.9652,44.72769]]]}},{"type":"Feature","id":"05342","properties":{"zip":"05342","pop":null,"city":"Jacksonville","county":"Windham","state":"Vermont","area":12.71,"lat":42.77444,"lon":-72.79993},"geometry":{"type":"Polygon","coordinates":[[[-72.86279,42.82817],[-72.80113,42.82588],[-72.79741,42.82328],[-72.80351,42.81693],[-72.80461,42.79375],[-72.7929,42.7896],[-72.78974,42.78425],[-72.78972,42.78057],[-72.78797,42.77984],[-72.78111,42.77872],[-72.77632,42.7819],[-72.76991,42.78157],[-72.76485,42.76391],[-72.76201,42.7619],[-72.76147,42.75831],[-72.75012,42.74781],[-72.73813,42.74515],[-72.72579,42.73877],[-72.72143,42.73415],[-72.81636,42.73674],[-72.81599,42.7461],[-72.81907,42.75167],[-72.81928,42.75937],[-72.82775,42.7582],[-72.84487,42.77921],[-72.83499,42.77823],[-72.8332,42.78003],[-72.82791,42.77944],[-72.81945,42.78182],[-72.81638,42.78338],[-72.81823,42.78704],[-72.83239,42.79323],[-72.82763,42.80209],[-72.86223,42.82491],[-72.86279,42.82817]]]}},{"type":"Feature","id":"05776","properties":{"zip":"05776","pop":null,"city":"","county":"Bennington","state":"Vermont","area":17.1,"lat":43.24471,"lon":-73.20407},"geometry":{"type":"Polygon","coordinates":[[[-73.25872,43.22989],[-73.25561,43.2839],[-73.24597,43.28746],[-73.23909,43.2874],[-73.23674,43.27405],[-73.22967,43.27432],[-73.21445,43.2883],[-73.19796,43.29352],[-73.20342,43.27891],[-73.20217,43.27499],[-73.21152,43.26468],[-73.20435,43.2651],[-73.19504,43.26857],[-73.18047,43.28028],[-73.16928,43.28122],[-73.17285,43.27512],[-73.17226,43.25963],[-73.17363,43.25552],[-73.16953,43.25382],[-73.172,43.25207],[-73.17131,43.24525],[-73.16249,43.24877],[-73.14795,43.24444],[-73.14196,43.23822],[-73.14223,43.23282],[-73.12523,43.2308],[-73.12783,43.21364],[-73.25939,43.21686],[-73.25872,43.22989]]]}},{"type":"Feature","id":"05765","properties":{"zip":"05765","pop":null,"city":"Proctor","county":"Rutland","state":"Vermont","area":5.31,"lat":43.65048,"lon":-73.03633},"geometry":{"type":"Polygon","coordinates":[[[-73.06033,43.68704],[-73.05144,43.68943],[-73.04598,43.68767],[-73.04785,43.68372],[-73.04025,43.68391],[-73.03769,43.68009],[-73.03912,43.6765],[-73.03453,43.67605],[-73.03099,43.67313],[-73.03032,43.67481],[-73.02785,43.67403],[-73.03311,43.66987],[-73.03432,43.66654],[-73.01361,43.66641],[-73.01223,43.6636],[-73.01412,43.6612],[-73.01896,43.66425],[-73.01883,43.65891],[-73.00864,43.65879],[-73.00813,43.64991],[-73.01135,43.64967],[-73.01128,43.64739],[-73.01695,43.64655],[-73.01526,43.63777],[-73.02347,43.63759],[-73.02479,43.62559],[-73.03147,43.62531],[-73.03232,43.62326],[-73.02942,43.61972],[-73.0291,43.62166],[-73.02537,43.62218],[-73.02837,43.61899],[-73.02745,43.61526],[-73.02399,43.61812],[-73.02162,43.61779],[-73.02034,43.61398],[-73.02458,43.61078],[-73.03732,43.61075],[-73.04097,43.61429],[-73.04736,43.61472],[-73.0478,43.62074],[-73.04289,43.62083],[-73.04355,43.62702],[-73.04849,43.62685],[-73.04961,43.62999],[-73.05023,43.63875],[-73.0472,43.63889],[-73.04756,43.64324],[-73.05156,43.64303],[-73.05174,43.64782],[-73.04953,43.64789],[-73.05099,43.65961],[-73.0549,43.65953],[-73.05545,43.66848],[-73.0603,43.68145],[-73.06033,43.68704]]]}},{"type":"Feature","id":"05487","properties":{"zip":"05487","pop":null,"city":"","county":"Addison","state":"Vermont","area":33.45,"lat":44.23074,"lon":-73.01081},"geometry":{"type":"Polygon","coordinates":[[[-73.07549,44.25558],[-73.07937,44.27608],[-73.07003,44.28006],[-73.01652,44.28533],[-73.02037,44.30374],[-72.97588,44.29504],[-72.96651,44.23774],[-72.96804,44.23825],[-72.96843,44.23253],[-72.92207,44.22223],[-72.95217,44.16127],[-72.95682,44.18468],[-72.96211,44.18666],[-72.97169,44.1841],[-72.975,44.17945],[-72.97479,44.17252],[-72.97756,44.17078],[-72.98717,44.17021],[-72.98366,44.17198],[-72.99253,44.17139],[-72.99817,44.17338],[-73.00001,44.17104],[-73.0097,44.16829],[-73.01364,44.16307],[-73.0175,44.16295],[-73.02306,44.19212],[-73.04967,44.18955],[-73.05092,44.18812],[-73.05564,44.19046],[-73.05733,44.18571],[-73.07102,44.1844],[-73.08492,44.25454],[-73.07549,44.25558]]]}},{"type":"Feature","id":"05669","properties":{"zip":"05669","pop":null,"city":"","county":"Washington","state":"Vermont","area":34.86,"lat":44.05345,"lon":-72.75147},"geometry":{"type":"Polygon","coordinates":[[[-72.82155,44.05263],[-72.77047,44.1267],[-72.67754,44.10111],[-72.67799,44.09637],[-72.68461,44.08732],[-72.68354,44.0799],[-72.69092,44.05158],[-72.68787,44.05075],[-72.68569,44.04353],[-72.69571,44.04222],[-72.69804,44.03802],[-72.69349,44.03657],[-72.69518,44.03104],[-72.67483,44.02553],[-72.68287,44.01281],[-72.72757,44.02553],[-72.72931,44.01375],[-72.73331,44.01183],[-72.73338,44.00602],[-72.7282,44.01046],[-72.71837,43.99958],[-72.72262,43.99736],[-72.73243,43.99713],[-72.73816,43.9946],[-72.73971,43.99119],[-72.75031,43.99031],[-72.75249,43.98729],[-72.76936,43.99138],[-72.77363,43.98559],[-72.78303,43.98426],[-72.80103,43.97139],[-72.8046,43.97953],[-72.80706,43.99946],[-72.81448,44.0251],[-72.81402,44.03852],[-72.80742,44.04854],[-72.82155,44.05263]]]}},{"type":"Feature","id":"05680","properties":{"zip":"05680","pop":null,"city":"","county":"Lamoille","state":"Vermont","area":46.69,"lat":44.53796,"lon":-72.46852},"geometry":{"type":"Polygon","coordinates":[[[-72.54638,44.45516],[-72.54418,44.46385],[-72.53473,44.46854],[-72.53108,44.47275],[-72.51273,44.51082],[-72.5139,44.51852],[-72.51846,44.5258],[-72.51864,44.532],[-72.52258,44.53983],[-72.54025,44.55266],[-72.48279,44.6341],[-72.36815,44.59229],[-72.4427,44.49417],[-72.42416,44.48495],[-72.43149,44.47389],[-72.44584,44.47875],[-72.44917,44.47726],[-72.45932,44.46322],[-72.46943,44.45597],[-72.49291,44.42303],[-72.54475,44.45125],[-72.54638,44.45516]]]}},{"type":"Feature","id":"05201","properties":{"zip":"05201","pop":null,"city":"Bennington","county":"Bennington","state":"Vermont","area":72.91,"lat":42.87649,"lon":-73.14268},"geometry":{"type":"Polygon","coordinates":[[[-73.27849,42.83754],[-73.27601,42.8927],[-73.26592,42.89913],[-73.24698,42.90571],[-73.22487,42.90503],[-73.22538,42.91375],[-73.2281,42.91787],[-73.22041,42.92063],[-73.22278,42.92629],[-73.21666,42.92837],[-73.22348,42.92752],[-73.2353,42.93334],[-73.20485,42.93258],[-73.19966,42.93421],[-73.18694,42.93212],[-73.17728,42.94773],[-73.17237,42.94664],[-73.17216,42.95084],[-73.16269,42.96234],[-73.14448,42.9594],[-73.146,42.93097],[-73.10946,42.93269],[-73.00806,42.93009],[-73.01382,42.83204],[-73.1373,42.8355],[-73.13975,42.79366],[-73.17775,42.80124],[-73.18409,42.79997],[-73.19369,42.80632],[-73.19304,42.81409],[-73.20033,42.81574],[-73.20094,42.8176],[-73.20586,42.81709],[-73.20537,42.81535],[-73.20908,42.81153],[-73.21141,42.81092],[-73.21337,42.81407],[-73.21623,42.81018],[-73.2481,42.81806],[-73.24794,42.82504],[-73.25028,42.83069],[-73.24604,42.83925],[-73.24849,42.83933],[-73.24938,42.83702],[-73.27849,42.83754]]]}},{"type":"Feature","id":"05866","properties":{"zip":"05866","pop":null,"city":"","county":"Caledonia","state":"Vermont","area":24.7,"lat":44.63867,"lon":-72.12703},"geometry":{"type":"Polygon","coordinates":[[[-72.19309,44.63744],[-72.16553,44.67648],[-72.16107,44.67625],[-72.16393,44.67848],[-72.1466,44.70349],[-72.08886,44.68371],[-72.06638,44.62349],[-72.08884,44.59216],[-72.08512,44.58808],[-72.0909,44.58953],[-72.09479,44.58462],[-72.11518,44.59213],[-72.11919,44.58747],[-72.10964,44.58519],[-72.10914,44.57825],[-72.11139,44.57096],[-72.13869,44.57475],[-72.13864,44.57882],[-72.14362,44.58769],[-72.14201,44.59077],[-72.14356,44.59721],[-72.13549,44.59948],[-72.19241,44.61999],[-72.19289,44.63338],[-72.19095,44.63606],[-72.19309,44.63744]]]}},{"type":"Feature","id":"05901","properties":{"zip":"05901","pop":null,"city":"","county":"Essex","state":"Vermont","area":25.62,"lat":44.94182,"lon":-71.68082},"geometry":{"type":"Polygon","coordinates":[[[-71.75433,44.94724],[-71.73248,44.97073],[-71.72443,44.96357],[-71.72019,44.96217],[-71.70231,44.9653],[-71.69872,44.96774],[-71.69903,44.97192],[-71.70944,44.98177],[-71.71949,44.98589],[-71.70084,45.00761],[-71.59827,44.95327],[-71.66345,44.87916],[-71.76694,44.93295],[-71.75433,44.94724]]]}},{"type":"Feature","id":"05841","properties":{"zip":"05841","pop":null,"city":"Greensboro","county":"Orleans","state":"Vermont","area":18.53,"lat":44.60794,"lon":-72.3021},"geometry":{"type":"Polygon","coordinates":[[[-72.36815,44.59229],[-72.33488,44.63868],[-72.32776,44.63377],[-72.3207,44.63514],[-72.31533,44.64511],[-72.31538,44.65069],[-72.29967,44.6558],[-72.29443,44.65305],[-72.28488,44.65362],[-72.21504,44.62855],[-72.22178,44.62103],[-72.22841,44.62152],[-72.25361,44.60672],[-72.26078,44.61365],[-72.26796,44.61117],[-72.27399,44.61363],[-72.27102,44.60927],[-72.28106,44.61203],[-72.28248,44.61002],[-72.29226,44.61334],[-72.29846,44.60452],[-72.29406,44.59958],[-72.29489,44.59809],[-72.29073,44.59559],[-72.29269,44.59167],[-72.28684,44.58959],[-72.27908,44.59623],[-72.27292,44.59525],[-72.27018,44.5972],[-72.27317,44.60507],[-72.27022,44.60206],[-72.26045,44.59835],[-72.25892,44.59584],[-72.27544,44.58494],[-72.27954,44.57853],[-72.28895,44.57944],[-72.29008,44.5735],[-72.2843,44.56841],[-72.27976,44.56093],[-72.28223,44.54974],[-72.37386,44.58416],[-72.36815,44.59229]]]}},{"type":"Feature","id":"05075","properties":{"zip":"05075","pop":null,"city":"","county":"Orange","state":"Vermont","area":22.35,"lat":43.84358,"lon":-72.28249},"geometry":{"type":"Polygon","coordinates":[[[-72.34618,43.87951],[-72.34378,43.87875],[-72.3421,43.88112],[-72.33897,43.88016],[-72.33916,43.88617],[-72.34526,43.8875],[-72.33772,43.89888],[-72.33839,43.90266],[-72.32868,43.90071],[-72.32759,43.90191],[-72.31497,43.89793],[-72.31203,43.90338],[-72.30535,43.9013],[-72.30429,43.90308],[-72.30246,43.90251],[-72.30282,43.90048],[-72.29941,43.89978],[-72.29662,43.90359],[-72.29389,43.90278],[-72.29184,43.90483],[-72.27155,43.89982],[-72.2894,43.87682],[-72.27748,43.86813],[-72.27195,43.85873],[-72.26853,43.85639],[-72.26165,43.85469],[-72.26095,43.85736],[-72.26422,43.859],[-72.26445,43.86283],[-72.26348,43.86368],[-72.26369,43.86759],[-72.26349,43.86843],[-72.26262,43.87011],[-72.26354,43.87307],[-72.26248,43.86986],[-72.26336,43.86362],[-72.2643,43.86253],[-72.25981,43.85902],[-72.26098,43.86726],[-72.25694,43.86564],[-72.25681,43.87087],[-72.25338,43.8719],[-72.24184,43.86779],[-72.2456,43.85927],[-72.24069,43.86194],[-72.23971,43.86632],[-72.23523,43.87126],[-72.23046,43.87267],[-72.23286,43.86496],[-72.23005,43.86106],[-72.22326,43.86294],[-72.22167,43.86067],[-72.22194,43.84908],[-72.21856,43.84257],[-72.22167,43.83346],[-72.22704,43.82647],[-72.22887,43.81905],[-72.22597,43.81844],[-72.22465,43.8134],[-72.22636,43.81111],[-72.2289,43.81121],[-72.22926,43.80696],[-72.2315,43.80703],[-72.23322,43.80309],[-72.23575,43.80315],[-72.23665,43.79937],[-72.22748,43.79866],[-72.22888,43.79691],[-72.23753,43.7983],[-72.23791,43.79581],[-72.24507,43.79613],[-72.24612,43.79319],[-72.25253,43.79203],[-72.25408,43.78871],[-72.25893,43.79606],[-72.25849,43.79971],[-72.2606,43.79932],[-72.26146,43.8037],[-72.26381,43.80423],[-72.26686,43.80226],[-72.2587,43.78686],[-72.33934,43.81045],[-72.3142,43.84485],[-72.32728,43.8659],[-72.33639,43.87222],[-72.34189,43.8728],[-72.34711,43.87804],[-72.34618,43.87951]]]}},{"type":"Feature","id":"05826","properties":{"zip":"05826","pop":null,"city":"","county":"Orleans","state":"Vermont","area":20.64,"lat":44.64438,"lon":-72.40405},"geometry":{"type":"Polygon","coordinates":[[[-72.47703,44.64199],[-72.42642,44.71067],[-72.41585,44.7087],[-72.4149,44.71041],[-72.40692,44.70617],[-72.41666,44.69233],[-72.41618,44.68404],[-72.40458,44.67825],[-72.40413,44.68003],[-72.4006,44.67708],[-72.40101,44.67552],[-72.39409,44.67139],[-72.39436,44.66689],[-72.39961,44.66636],[-72.39761,44.66121],[-72.399,44.65997],[-72.39763,44.65822],[-72.39378,44.66083],[-72.38748,44.65854],[-72.3884,44.65589],[-72.38423,44.65348],[-72.38514,44.64992],[-72.38347,44.64883],[-72.38693,44.64636],[-72.38227,44.6446],[-72.38517,44.64085],[-72.37726,44.63908],[-72.38003,44.64718],[-72.36853,44.64203],[-72.36303,44.6456],[-72.35295,44.66035],[-72.34039,44.66029],[-72.33103,44.66622],[-72.32658,44.666],[-72.32131,44.66191],[-72.31702,44.66278],[-72.3265,44.65043],[-72.32002,44.6493],[-72.31538,44.65069],[-72.31449,44.64801],[-72.3207,44.63514],[-72.32776,44.63377],[-72.33488,44.63868],[-72.36815,44.59229],[-72.48279,44.6341],[-72.47703,44.64199]]]}},{"type":"Feature","id":"05839","properties":{"zip":"05839","pop":null,"city":"Glover","county":"Orleans","state":"Vermont","area":17.15,"lat":44.67315,"lon":-72.21191},"geometry":{"type":"Polygon","coordinates":[[[-72.28232,44.65508],[-72.27677,44.65522],[-72.27805,44.66031],[-72.26962,44.66587],[-72.26593,44.67147],[-72.25592,44.67302],[-72.26053,44.6806],[-72.26307,44.68122],[-72.26193,44.68305],[-72.25709,44.68313],[-72.25356,44.68582],[-72.24823,44.68405],[-72.24839,44.68828],[-72.25349,44.68923],[-72.25301,44.69249],[-72.24542,44.68983],[-72.24269,44.69287],[-72.2392,44.69134],[-72.23849,44.70327],[-72.22807,44.71269],[-72.22176,44.7106],[-72.21625,44.70506],[-72.2111,44.70638],[-72.20401,44.71752],[-72.20037,44.7148],[-72.1966,44.71489],[-72.19618,44.71941],[-72.19365,44.72117],[-72.1466,44.70349],[-72.16393,44.67848],[-72.16107,44.67625],[-72.16553,44.67648],[-72.19309,44.63744],[-72.19095,44.63606],[-72.19289,44.63338],[-72.19241,44.61999],[-72.28488,44.65362],[-72.28232,44.65508]]]}},{"type":"Feature","id":"05832","properties":{"zip":"05832","pop":null,"city":"East Burke","county":"Caledonia","state":"Vermont","area":17.9,"lat":44.59552,"lon":-71.9104},"geometry":{"type":"Polygon","coordinates":[[[-71.96587,44.5553],[-71.95388,44.56857],[-71.95161,44.56755],[-71.94602,44.57129],[-71.94345,44.58081],[-71.94941,44.58261],[-71.94745,44.58929],[-71.96016,44.58988],[-71.94111,44.61528],[-71.9492,44.62221],[-71.94001,44.63139],[-71.93622,44.64589],[-71.93232,44.64645],[-71.9218,44.64228],[-71.91925,44.65172],[-71.84273,44.61116],[-71.90894,44.54792],[-71.90392,44.54302],[-71.9095,44.53765],[-71.91453,44.54274],[-71.92014,44.54314],[-71.9296,44.54139],[-71.93195,44.5433],[-71.93839,44.53985],[-71.94335,44.53978],[-71.94159,44.54558],[-71.94785,44.54656],[-71.94526,44.55354],[-71.9561,44.55476],[-71.96399,44.55143],[-71.96913,44.55341],[-71.96587,44.5553]]]}},{"type":"Feature","id":"05153","properties":{"zip":"05153","pop":null,"city":"Proctorsville","county":"Windsor","state":"Vermont","area":14.79,"lat":43.42869,"lon":-72.63486},"geometry":{"type":"Polygon","coordinates":[[[-72.66115,43.3884],[-72.6608,43.4536],[-72.65583,43.49328],[-72.65266,43.49121],[-72.65293,43.48745],[-72.65089,43.48531],[-72.64558,43.48381],[-72.6387,43.48588],[-72.61158,43.47566],[-72.60318,43.47583],[-72.59978,43.4825],[-72.59655,43.47896],[-72.59423,43.47808],[-72.59571,43.47923],[-72.59343,43.48234],[-72.58867,43.47953],[-72.5881,43.47603],[-72.58579,43.48086],[-72.58258,43.48053],[-72.58099,43.47625],[-72.58868,43.47515],[-72.58536,43.4718],[-72.58392,43.46366],[-72.58111,43.46032],[-72.58228,43.45757],[-72.58011,43.44876],[-72.61884,43.45278],[-72.62272,43.44741],[-72.6236,43.44051],[-72.62091,43.43686],[-72.62181,43.42472],[-72.61992,43.41998],[-72.61562,43.41618],[-72.61841,43.40799],[-72.62046,43.40821],[-72.62095,43.40117],[-72.63931,43.40268],[-72.63728,43.39895],[-72.63803,43.39659],[-72.60818,43.38791],[-72.61065,43.38512],[-72.61496,43.38669],[-72.62601,43.38606],[-72.62633,43.38764],[-72.62699,43.38504],[-72.6253,43.38294],[-72.63481,43.38217],[-72.63398,43.37777],[-72.63655,43.36569],[-72.63172,43.3544],[-72.62552,43.34905],[-72.66133,43.35078],[-72.66115,43.3884]]]}},{"type":"Feature","id":"05822","properties":{"zip":"05822","pop":null,"city":"Barton","county":"Orleans","state":"Vermont","area":31.32,"lat":44.75577,"lon":-72.15514},"geometry":{"type":"Polygon","coordinates":[[[-72.27283,44.79125],[-72.27397,44.79652],[-72.27023,44.80535],[-72.25364,44.78226],[-72.2479,44.78073],[-72.23785,44.7734],[-72.22471,44.79151],[-72.22054,44.78477],[-72.21371,44.78308],[-72.21204,44.78532],[-72.21227,44.78897],[-72.21403,44.79003],[-72.20772,44.79619],[-72.20977,44.79769],[-72.20929,44.8013],[-72.19734,44.80302],[-72.18796,44.807],[-72.17579,44.80173],[-72.17265,44.80219],[-72.17186,44.80538],[-72.16603,44.80627],[-72.14436,44.80476],[-72.08047,44.781],[-72.07231,44.77639],[-72.06859,44.76864],[-72.07011,44.76834],[-72.0685,44.76638],[-72.0694,44.75966],[-72.07319,44.75526],[-72.07176,44.7536],[-72.07541,44.7524],[-72.07671,44.7464],[-72.08146,44.74155],[-72.06693,44.7283],[-72.06755,44.72658],[-72.1145,44.74962],[-72.08886,44.68371],[-72.22312,44.73151],[-72.22141,44.73503],[-72.22246,44.73752],[-72.21035,44.74015],[-72.21752,44.7548],[-72.22858,44.76245],[-72.22984,44.76526],[-72.23723,44.75498],[-72.23484,44.75096],[-72.2495,44.74904],[-72.25003,44.75635],[-72.24027,44.77005],[-72.25417,44.77537],[-72.27475,44.79081],[-72.27283,44.79125]]]}},{"type":"Feature","id":"05673","properties":{"zip":"05673","pop":null,"city":"","county":"Washington","state":"Vermont","area":38.24,"lat":44.19363,"lon":-72.84391},"geometry":{"type":"Polygon","coordinates":[[[-72.94708,44.17291],[-72.89589,44.27625],[-72.87132,44.26768],[-72.87407,44.26106],[-72.87237,44.25534],[-72.87433,44.24542],[-72.86363,44.24025],[-72.86012,44.23615],[-72.84918,44.2333],[-72.85164,44.22527],[-72.84679,44.21993],[-72.85261,44.21122],[-72.8222,44.20355],[-72.79753,44.23094],[-72.79086,44.22804],[-72.78881,44.22751],[-72.78664,44.22818],[-72.7852,44.2276],[-72.78427,44.22883],[-72.78918,44.2277],[-72.79685,44.23168],[-72.78948,44.23957],[-72.73779,44.21305],[-72.74838,44.20119],[-72.74077,44.19705],[-72.75469,44.18038],[-72.74927,44.17674],[-72.77099,44.15377],[-72.7639,44.14981],[-72.78306,44.13026],[-72.8917,44.16078],[-72.89319,44.16531],[-72.95217,44.16127],[-72.94708,44.17291]]]}},{"type":"Feature","id":"05341","properties":{"zip":"05341","pop":null,"city":"","county":"Windham","state":"Vermont","area":9.74,"lat":42.96408,"lon":-72.7974},"geometry":{"type":"Polygon","coordinates":[[[-72.85351,42.99001],[-72.7548,42.98724],[-72.7721,42.93187],[-72.77704,42.92233],[-72.79745,42.92229],[-72.80169,42.93617],[-72.80555,42.93804],[-72.80325,42.94439],[-72.80913,42.94756],[-72.81109,42.95112],[-72.81,42.95551],[-72.82679,42.96172],[-72.8381,42.96354],[-72.84688,42.97486],[-72.85351,42.99001]]]}},{"type":"Feature","id":"05038","properties":{"zip":"05038","pop":null,"city":"Chelsea","county":"Orange","state":"Vermont","area":31.38,"lat":43.99323,"lon":-72.45877},"geometry":{"type":"Polygon","coordinates":[[[-72.53821,44.06248],[-72.50242,44.05036],[-72.49938,44.0557],[-72.48934,44.05118],[-72.49082,44.04644],[-72.45289,44.03321],[-72.43869,44.04726],[-72.43366,44.04757],[-72.42453,44.05354],[-72.42855,44.03971],[-72.43468,44.03421],[-72.43705,44.02766],[-72.3855,44.00955],[-72.38163,44.01114],[-72.37796,44.01738],[-72.38293,44.00147],[-72.3942,43.92897],[-72.42775,43.93975],[-72.42701,43.94473],[-72.44255,43.94877],[-72.44523,43.94902],[-72.44801,43.94639],[-72.46107,43.95029],[-72.46045,43.9447],[-72.46689,43.93899],[-72.47098,43.94074],[-72.47699,43.951],[-72.4837,43.94662],[-72.48157,43.93932],[-72.48358,43.94508],[-72.49234,43.94972],[-72.49493,43.94582],[-72.50999,43.95052],[-72.51359,43.94542],[-72.51817,43.94691],[-72.51972,43.94471],[-72.5269,43.94276],[-72.51051,43.96587],[-72.51287,43.9669],[-72.51028,43.96619],[-72.53821,44.06248]]]}},{"type":"Feature","id":"05091","properties":{"zip":"05091","pop":null,"city":"","county":"Windsor","state":"Vermont","area":49.25,"lat":43.64705,"lon":-72.55172},"geometry":{"type":"Polygon","coordinates":[[[-72.67305,43.68968],[-72.6617,43.69851],[-72.65379,43.70206],[-72.64766,43.69964],[-72.64591,43.70744],[-72.64696,43.7214],[-72.64477,43.72246],[-72.63479,43.71987],[-72.63652,43.71578],[-72.62538,43.71331],[-72.61905,43.7287],[-72.60371,43.72515],[-72.59798,43.72357],[-72.59581,43.71752],[-72.58571,43.71333],[-72.57853,43.7064],[-72.57429,43.69035],[-72.5691,43.68299],[-72.5431,43.6649],[-72.53862,43.66458],[-72.52956,43.65612],[-72.52696,43.65955],[-72.51643,43.66404],[-72.50779,43.66214],[-72.50504,43.66709],[-72.50465,43.67765],[-72.50018,43.68641],[-72.50146,43.69628],[-72.50669,43.70018],[-72.50553,43.70675],[-72.49232,43.70832],[-72.47569,43.70673],[-72.47331,43.70877],[-72.46691,43.70605],[-72.46264,43.70644],[-72.4627,43.70472],[-72.44917,43.70599],[-72.44372,43.69811],[-72.44334,43.69412],[-72.4689,43.65391],[-72.46434,43.64991],[-72.46168,43.64335],[-72.4646,43.63117],[-72.46727,43.63124],[-72.47171,43.62675],[-72.46792,43.62053],[-72.46678,43.62231],[-72.46272,43.62144],[-72.46714,43.61553],[-72.46636,43.61303],[-72.47165,43.60381],[-72.47003,43.60066],[-72.46153,43.60192],[-72.46442,43.59577],[-72.45942,43.59488],[-72.46205,43.59029],[-72.45696,43.58783],[-72.46357,43.58785],[-72.45914,43.5765],[-72.46573,43.57072],[-72.46731,43.57812],[-72.47902,43.58695],[-72.47846,43.59034],[-72.48533,43.59477],[-72.48886,43.59985],[-72.50948,43.56582],[-72.51443,43.57134],[-72.5148,43.57692],[-72.51676,43.57115],[-72.52178,43.56765],[-72.53113,43.56599],[-72.53996,43.57646],[-72.53723,43.58146],[-72.54339,43.58243],[-72.55331,43.58777],[-72.56011,43.59202],[-72.56037,43.59405],[-72.56321,43.58865],[-72.56234,43.57594],[-72.57164,43.57605],[-72.5755,43.58089],[-72.58288,43.58473],[-72.58173,43.58768],[-72.58419,43.59011],[-72.58584,43.59895],[-72.58978,43.59995],[-72.59546,43.59925],[-72.60692,43.59397],[-72.61618,43.58484],[-72.62097,43.58645],[-72.59901,43.62262],[-72.60698,43.62237],[-72.61289,43.61899],[-72.6118,43.61637],[-72.61753,43.61488],[-72.62023,43.61098],[-72.62706,43.61314],[-72.62501,43.62254],[-72.62708,43.6255],[-72.62544,43.62799],[-72.62883,43.62943],[-72.6281,43.64375],[-72.63453,43.64596],[-72.64134,43.66247],[-72.63904,43.66631],[-72.6409,43.66692],[-72.63984,43.67025],[-72.64548,43.67204],[-72.64311,43.67387],[-72.64904,43.67915],[-72.66124,43.68103],[-72.67271,43.68522],[-72.67517,43.68861],[-72.67305,43.68968]]]}},{"type":"Feature","id":"05253","properties":{"zip":"05253","pop":null,"city":"East Dorset","county":"Bennington","state":"Vermont","area":9.75,"lat":43.25247,"lon":-72.99921},"geometry":{"type":"Polygon","coordinates":[[[-73.0407,43.21449],[-73.0301,43.22062],[-73.02046,43.23853],[-73.02183,43.25179],[-73.0174,43.27212],[-73.01677,43.28739],[-73.00889,43.28811],[-73.00219,43.28398],[-72.99316,43.31139],[-72.99136,43.32662],[-72.9892,43.32647],[-72.98646,43.32265],[-72.98955,43.31736],[-72.98748,43.31607],[-72.98382,43.30013],[-72.98634,43.29164],[-72.97615,43.29164],[-72.97847,43.20959],[-73.01319,43.21122],[-73.01096,43.22244],[-73.01453,43.21625],[-73.02011,43.21144],[-73.04107,43.21197],[-73.0407,43.21449]]]}},{"type":"Feature","id":"05345","properties":{"zip":"05345","pop":null,"city":"","county":"Windham","state":"Vermont","area":29.01,"lat":42.99516,"lon":-72.66748},"geometry":{"type":"Polygon","coordinates":[[[-72.7548,42.98724],[-72.74274,43.02331],[-72.65641,43.01921],[-72.65724,43.02166],[-72.6508,43.01901],[-72.62123,43.01794],[-72.60543,43.07213],[-72.57671,43.07103],[-72.58564,43.02325],[-72.58844,43.02328],[-72.59162,43.00922],[-72.59707,43.00239],[-72.59756,42.99106],[-72.60703,42.99095],[-72.60865,42.96832],[-72.63554,42.9692],[-72.64168,42.94728],[-72.64535,42.94615],[-72.65518,42.94903],[-72.65721,42.94631],[-72.65982,42.95036],[-72.66875,42.94714],[-72.6758,42.94802],[-72.68213,42.94492],[-72.68843,42.94699],[-72.69101,42.95281],[-72.68704,42.95819],[-72.68729,42.96319],[-72.68961,42.96383],[-72.69087,42.96884],[-72.6983,42.97745],[-72.6984,42.97988],[-72.70705,42.98469],[-72.70873,42.98904],[-72.71391,42.98623],[-72.71533,42.98027],[-72.71128,42.97073],[-72.71221,42.96601],[-72.69753,42.95916],[-72.70421,42.93763],[-72.70674,42.93805],[-72.71231,42.93453],[-72.73161,42.9469],[-72.73943,42.94429],[-72.73677,42.9458],[-72.74308,42.95125],[-72.74432,42.96215],[-72.75268,42.9666],[-72.7502,42.97137],[-72.7519,42.97779],[-72.74855,42.97916],[-72.75559,42.98459],[-72.7548,42.98724]]]}},{"type":"Feature","id":"05468","properties":{"zip":"05468","pop":null,"city":"Milton","county":"Chittenden","state":"Vermont","area":51.65,"lat":44.65378,"lon":-73.15334},"geometry":{"type":"Polygon","coordinates":[[[-73.25558,44.63214],[-73.25276,44.64104],[-73.23802,44.64558],[-73.23321,44.64979],[-73.23364,44.67144],[-73.22794,44.69022],[-73.22885,44.72287],[-73.20695,44.7148],[-73.2028,44.72383],[-73.19754,44.72346],[-73.19918,44.73065],[-73.19212,44.72948],[-73.19094,44.73256],[-73.1856,44.73169],[-73.18258,44.7411],[-73.17418,44.74511],[-73.1629,44.74342],[-73.16204,44.74571],[-73.15494,44.74465],[-73.15343,44.74201],[-73.14409,44.74067],[-73.14599,44.73582],[-73.13064,44.73387],[-73.1298,44.73706],[-73.12722,44.73677],[-73.12775,44.73468],[-73.12577,44.73443],[-73.12825,44.72864],[-73.13648,44.72178],[-73.14131,44.72121],[-73.13556,44.71804],[-73.13565,44.7142],[-73.13876,44.71158],[-73.13543,44.71083],[-73.12462,44.70003],[-73.11246,44.69742],[-73.10644,44.69898],[-73.10848,44.69243],[-73.10518,44.69113],[-73.10645,44.68582],[-73.10019,44.68712],[-73.09732,44.68281],[-73.09196,44.68237],[-73.09565,44.68054],[-73.09319,44.67925],[-73.08831,44.68221],[-73.0819,44.67967],[-73.08593,44.66977],[-73.03803,44.65116],[-73.10366,44.56273],[-73.10383,44.56706],[-73.10146,44.56975],[-73.1035,44.57268],[-73.19841,44.60782],[-73.2016,44.60377],[-73.21758,44.60509],[-73.23188,44.61363],[-73.25446,44.6079],[-73.25702,44.62896],[-73.25558,44.63214]]]}},{"type":"Feature","id":"05763","properties":{"zip":"05763","pop":null,"city":"Pittsford","county":"Rutland","state":"Vermont","area":26.33,"lat":43.73696,"lon":-72.98944},"geometry":{"type":"Polygon","coordinates":[[[-73.05276,43.71084],[-73.05404,43.7151],[-73.05179,43.71729],[-73.0534,43.72016],[-73.03983,43.71986],[-73.03801,43.72866],[-73.04659,43.74417],[-73.04834,43.75556],[-73.00271,43.75683],[-73.01683,43.80495],[-72.98082,43.81805],[-72.97905,43.81403],[-72.97275,43.80927],[-72.9733,43.80548],[-72.97195,43.80447],[-72.97011,43.80641],[-72.96435,43.79964],[-72.95588,43.77376],[-72.93512,43.78192],[-72.9308,43.7762],[-72.92521,43.77838],[-72.9231,43.7761],[-72.91772,43.77815],[-72.91288,43.77193],[-72.91292,43.76752],[-72.92105,43.76592],[-72.92034,43.75704],[-72.92561,43.75],[-72.94999,43.74589],[-72.95277,43.742],[-72.964,43.73816],[-72.96209,43.73297],[-72.97081,43.72994],[-72.97048,43.73765],[-72.9849,43.73088],[-72.95574,43.69126],[-72.95726,43.69127],[-72.9554,43.68866],[-72.95287,43.68742],[-72.95086,43.67705],[-72.94786,43.67327],[-72.94448,43.67294],[-72.9434,43.66933],[-73.02291,43.66613],[-73.02222,43.67077],[-73.03057,43.68083],[-73.02272,43.68344],[-73.02742,43.68865],[-73.02316,43.69168],[-73.02396,43.70293],[-73.02232,43.70372],[-73.02711,43.70425],[-73.03526,43.70083],[-73.03683,43.70301],[-73.04417,43.70171],[-73.04281,43.70945],[-73.04992,43.70594],[-73.05624,43.71012],[-73.05276,43.71084]]]}},{"type":"Feature","id":"05042","properties":{"zip":"05042","pop":null,"city":"","county":"Caledonia","state":"Vermont","area":19.13,"lat":44.24016,"lon":-72.10547},"geometry":{"type":"Polygon","coordinates":[[[-72.1692,44.25533],[-72.16477,44.25885],[-72.16212,44.25858],[-72.15738,44.25476],[-72.15015,44.25306],[-72.14972,44.26173],[-72.14507,44.26999],[-72.14689,44.27512],[-72.14413,44.28428],[-72.14027,44.27697],[-72.1329,44.27464],[-72.13091,44.27958],[-72.13129,44.28732],[-72.13426,44.28934],[-72.12933,44.29667],[-72.1248,44.29506],[-72.11957,44.29984],[-72.1238,44.30341],[-72.11753,44.30174],[-72.10396,44.29376],[-72.09348,44.29504],[-72.08716,44.30095],[-72.08463,44.29427],[-72.09047,44.29401],[-72.09198,44.28851],[-72.10347,44.29345],[-72.10604,44.28715],[-72.10451,44.28446],[-72.09681,44.27559],[-72.09313,44.27381],[-72.07962,44.27737],[-72.07859,44.27587],[-72.0815,44.27327],[-72.08622,44.26034],[-72.05918,44.25585],[-72.04789,44.23849],[-72.05358,44.22604],[-72.0525,44.21888],[-72.05537,44.21283],[-72.05954,44.21032],[-72.05899,44.20211],[-72.06458,44.19695],[-72.06617,44.18977],[-72.06476,44.18836],[-72.06986,44.19108],[-72.07245,44.1904],[-72.07189,44.19532],[-72.08167,44.1749],[-72.08692,44.17799],[-72.08928,44.18644],[-72.09452,44.19045],[-72.09537,44.19319],[-72.10131,44.19252],[-72.10789,44.20684],[-72.11902,44.21728],[-72.12852,44.21726],[-72.13637,44.21229],[-72.14664,44.21638],[-72.15345,44.21514],[-72.15942,44.22652],[-72.1692,44.25533]]]}},{"type":"Feature","id":"05651","properties":{"zip":"05651","pop":null,"city":"","county":"Washington","state":"Vermont","area":12.13,"lat":44.27764,"lon":-72.4925},"geometry":{"type":"Polygon","coordinates":[[[-72.54664,44.27018],[-72.54344,44.2727],[-72.5343,44.26934],[-72.52929,44.27583],[-72.53144,44.27663],[-72.52974,44.28243],[-72.5286,44.27667],[-72.5209,44.27272],[-72.52304,44.26603],[-72.51655,44.2595],[-72.51717,44.2568],[-72.50388,44.2691],[-72.51111,44.28184],[-72.52183,44.28596],[-72.51262,44.28681],[-72.51796,44.29434],[-72.51084,44.30707],[-72.51407,44.31058],[-72.5105,44.31588],[-72.51702,44.32012],[-72.51484,44.32418],[-72.51223,44.32323],[-72.51099,44.32545],[-72.50602,44.32361],[-72.50415,44.3286],[-72.46099,44.31247],[-72.46812,44.30538],[-72.46835,44.29619],[-72.45684,44.29443],[-72.45757,44.29333],[-72.45378,44.29125],[-72.45384,44.28073],[-72.44944,44.27445],[-72.48037,44.23383],[-72.51948,44.24167],[-72.52457,44.23793],[-72.53057,44.23927],[-72.53169,44.24032],[-72.52784,44.24546],[-72.52141,44.24863],[-72.52146,44.25142],[-72.52709,44.25003],[-72.54049,44.25543],[-72.53613,44.26141],[-72.54458,44.26458],[-72.54664,44.27018]]]}},{"type":"Feature","id":"05456","properties":{"zip":"05456","pop":null,"city":"","county":"Addison","state":"Vermont","area":16.98,"lat":44.20772,"lon":-73.25786},"geometry":{"type":"Polygon","coordinates":[[[-73.32649,44.22671],[-73.32188,44.22937],[-73.32105,44.22539],[-73.31388,44.22597],[-73.31344,44.23027],[-73.31808,44.23103],[-73.31827,44.23318],[-73.3158,44.23441],[-73.31726,44.23733],[-73.31308,44.23619],[-73.30803,44.23768],[-73.30716,44.24181],[-73.30301,44.24248],[-73.30086,44.23468],[-73.2981,44.23834],[-73.29564,44.2376],[-73.2952,44.23962],[-73.29913,44.24292],[-73.29834,44.24576],[-73.29768,44.24405],[-73.28821,44.24061],[-73.28153,44.24319],[-73.28006,44.23011],[-73.27761,44.22958],[-73.27699,44.22646],[-73.27488,44.23166],[-73.26379,44.22648],[-73.26821,44.22313],[-73.26123,44.22078],[-73.26321,44.22588],[-73.26005,44.22491],[-73.25732,44.22903],[-73.25427,44.23],[-73.25266,44.22823],[-73.24121,44.23009],[-73.24302,44.23392],[-73.23482,44.23523],[-73.23459,44.24216],[-73.23017,44.24159],[-73.2276,44.2494],[-73.223,44.25141],[-73.21433,44.24756],[-73.21249,44.24983],[-73.20777,44.25035],[-73.20844,44.23526],[-73.20436,44.23577],[-73.20106,44.21959],[-73.19735,44.21602],[-73.19679,44.20866],[-73.20001,44.20379],[-73.19508,44.20314],[-73.19518,44.19687],[-73.18829,44.19119],[-73.18888,44.18739],[-73.18464,44.18572],[-73.19537,44.17651],[-73.21486,44.17472],[-73.21039,44.19279],[-73.22119,44.19378],[-73.22314,44.19149],[-73.23322,44.19451],[-73.23636,44.19237],[-73.23906,44.19625],[-73.24725,44.18871],[-73.24452,44.18314],[-73.24853,44.17969],[-73.2727,44.17699],[-73.27064,44.16526],[-73.2869,44.1637],[-73.28795,44.16936],[-73.2962,44.17007],[-73.29821,44.17554],[-73.30581,44.17712],[-73.31182,44.1872],[-73.31142,44.19484],[-73.31401,44.19803],[-73.32024,44.20043],[-73.32027,44.20768],[-73.3233,44.2093],[-73.31985,44.21255],[-73.31981,44.21599],[-73.31551,44.21862],[-73.31571,44.22124],[-73.31803,44.2243],[-73.32649,44.22671]]]}},{"type":"Feature","id":"05360","properties":{"zip":"05360","pop":null,"city":"","county":"Windham","state":"Vermont","area":54.07,"lat":43.02779,"lon":-72.94384},"geometry":{"type":"Polygon","coordinates":[[[-73.00637,42.96062],[-73.00312,43.02368],[-73.0006,43.02356],[-72.99938,43.09786],[-72.99694,43.11903],[-72.92406,43.11611],[-72.9239,43.11169],[-72.91917,43.1115],[-72.91814,43.10781],[-72.90866,43.10829],[-72.89691,43.10383],[-72.88999,43.09873],[-72.88757,43.09811],[-72.88673,43.1003],[-72.87778,43.09199],[-72.86994,43.09368],[-72.87314,43.04293],[-72.86771,43.03692],[-72.85521,43.03369],[-72.85158,43.03045],[-72.85188,43.02522],[-72.85987,43.01753],[-72.86268,43.01223],[-72.87849,43.00812],[-72.87945,42.99095],[-72.92016,42.99271],[-72.92138,42.92679],[-73.00806,42.93009],[-73.00637,42.96062]]]}},{"type":"Feature","id":"05405","properties":{"zip":"05405","pop":null,"city":"Burlington","county":"Chittenden","state":"Vermont","area":0.15,"lat":44.47511,"lon":-73.19632},"geometry":{"type":"Polygon","coordinates":[[[-73.20041,44.46864],[-73.19819,44.46981],[-73.20051,44.47199],[-73.1977,44.47165],[-73.19676,44.47542],[-73.19921,44.47453],[-73.19978,44.48063],[-73.19651,44.48074],[-73.19317,44.47883],[-73.18995,44.47253],[-73.19512,44.47471],[-73.19805,44.46677],[-73.20089,44.46704],[-73.20041,44.46864]]]}},{"type":"Feature","id":"05457","properties":{"zip":"05457","pop":null,"city":"","county":"Franklin","state":"Vermont","area":28.45,"lat":44.97308,"lon":-72.91843},"geometry":{"type":"Polygon","coordinates":[[[-73.00018,44.91961],[-72.95151,44.92696],[-72.94844,44.93058],[-72.95608,44.93588],[-72.95785,44.9392],[-72.96435,44.94027],[-72.97158,44.94035],[-72.98489,44.93276],[-72.98362,44.94269],[-72.96933,44.9639],[-72.96854,44.9684],[-72.97547,44.968],[-72.98116,44.96493],[-72.99314,45.01457],[-72.83262,45.01651],[-72.82899,44.9977],[-72.8264,44.9966],[-72.82919,44.99622],[-72.827,44.98127],[-72.83288,44.97884],[-72.84311,44.98077],[-72.85398,44.96879],[-72.86266,44.95426],[-72.87454,44.9645],[-72.87625,44.96338],[-72.8751,44.96145],[-72.87793,44.95563],[-72.88387,44.95681],[-72.88715,44.95384],[-72.8938,44.95515],[-72.90502,44.94993],[-72.90456,44.94725],[-72.89826,44.94131],[-72.89969,44.93475],[-72.88274,44.93202],[-72.88322,44.92267],[-72.8936,44.92027],[-72.90203,44.92524],[-72.90504,44.91034],[-72.91268,44.90959],[-72.91462,44.92458],[-72.92657,44.92294],[-72.92574,44.91887],[-72.93223,44.91809],[-72.93352,44.91368],[-72.94668,44.91127],[-72.94928,44.91325],[-72.95391,44.90978],[-72.9508,44.90675],[-72.95511,44.90706],[-72.95955,44.91431],[-72.9625,44.91429],[-72.96584,44.91014],[-72.97097,44.90852],[-72.97367,44.91302],[-72.97592,44.91309],[-72.97991,44.90766],[-72.99119,44.91718],[-73.00018,44.91961]]]}},{"type":"Feature","id":"05471","properties":{"zip":"05471","pop":null,"city":"","county":"Franklin","state":"Vermont","area":34.79,"lat":44.8573,"lon":-72.58943},"geometry":{"type":"Polygon","coordinates":[[[-72.67843,44.83937],[-72.66155,44.84009],[-72.66486,44.86469],[-72.65999,44.86491],[-72.66053,44.86022],[-72.6578,44.85619],[-72.64868,44.85424],[-72.64637,44.84573],[-72.64817,44.84011],[-72.63848,44.84022],[-72.639,44.84802],[-72.63306,44.84816],[-72.6335,44.85455],[-72.62722,44.85473],[-72.62726,44.85794],[-72.62226,44.8581],[-72.6227,44.8643],[-72.60979,44.87477],[-72.61158,44.87799],[-72.61776,44.88109],[-72.61726,44.88389],[-72.61961,44.88735],[-72.62273,44.88716],[-72.62281,44.89225],[-72.62936,44.89196],[-72.63416,44.89668],[-72.63258,44.89951],[-72.63368,44.90208],[-72.63868,44.90133],[-72.6396,44.90301],[-72.61808,44.9197],[-72.60612,44.9212],[-72.58799,44.91918],[-72.57631,44.92461],[-72.54138,44.92598],[-72.50093,44.9262],[-72.49604,44.92352],[-72.50421,44.91265],[-72.51207,44.9087],[-72.5185,44.89779],[-72.53793,44.88584],[-72.53265,44.83351],[-72.57816,44.78158],[-72.5944,44.7903],[-72.5979,44.78706],[-72.61673,44.79584],[-72.6136,44.80042],[-72.67824,44.80248],[-72.67843,44.83937]]]}},{"type":"Feature","id":"05734","properties":{"zip":"05734","pop":null,"city":"","county":"Addison","state":"Vermont","area":32.87,"lat":43.9826,"lon":-73.33298},"geometry":{"type":"Polygon","coordinates":[[[-73.41258,43.98272],[-73.40598,44.01149],[-73.40736,44.02021],[-73.39763,44.02117],[-73.39938,44.02195],[-73.39771,44.02491],[-73.40059,44.02666],[-73.38925,44.02203],[-73.37133,44.02376],[-73.37388,44.01961],[-73.37114,44.01669],[-73.3462,44.01666],[-73.34752,44.01946],[-73.34455,44.02452],[-73.34798,44.02607],[-73.25599,44.03526],[-73.25722,43.99658],[-73.25286,43.99374],[-73.25251,43.99139],[-73.25748,43.99016],[-73.25926,43.94722],[-73.3914,43.93177],[-73.39037,43.92741],[-73.39263,43.9264],[-73.40139,43.92814],[-73.40251,43.93078],[-73.4079,43.93046],[-73.40859,43.93293],[-73.40552,43.94881],[-73.40682,43.96732],[-73.41125,43.9756],[-73.41258,43.98272]]]}},{"type":"Feature","id":"05086","properties":{"zip":"05086","pop":null,"city":"","county":"Orange","state":"Vermont","area":21.17,"lat":44.11814,"lon":-72.30248},"geometry":{"type":"Polygon","coordinates":[[[-72.39858,44.13145],[-72.381,44.13429],[-72.37523,44.13357],[-72.37099,44.13583],[-72.35032,44.13238],[-72.3457,44.1331],[-72.34304,44.13258],[-72.34105,44.12675],[-72.32362,44.11894],[-72.31753,44.13957],[-72.32248,44.14122],[-72.32193,44.14535],[-72.3199,44.14636],[-72.32122,44.15317],[-72.31138,44.16105],[-72.30498,44.18315],[-72.24816,44.18759],[-72.25434,44.16706],[-72.26119,44.1691],[-72.2624,44.1639],[-72.27402,44.16609],[-72.27234,44.17132],[-72.27932,44.17413],[-72.28018,44.17091],[-72.28246,44.17114],[-72.28397,44.16874],[-72.29261,44.17041],[-72.29333,44.16798],[-72.28872,44.16651],[-72.28943,44.16258],[-72.29188,44.1633],[-72.29289,44.15894],[-72.29651,44.15874],[-72.2971,44.15674],[-72.29346,44.15255],[-72.29429,44.14959],[-72.28342,44.14319],[-72.28296,44.14001],[-72.28558,44.13884],[-72.28155,44.13742],[-72.28293,44.13291],[-72.26363,44.13092],[-72.26407,44.12943],[-72.25755,44.12814],[-72.25856,44.12561],[-72.25449,44.12492],[-72.25575,44.12851],[-72.24824,44.12441],[-72.23932,44.12239],[-72.24051,44.11952],[-72.24776,44.12078],[-72.24883,44.11757],[-72.25288,44.11783],[-72.25573,44.10659],[-72.25122,44.10538],[-72.2515,44.10291],[-72.24698,44.10201],[-72.24756,44.09936],[-72.24533,44.09604],[-72.24792,44.095],[-72.24032,44.09342],[-72.23221,44.09474],[-72.22469,44.09156],[-72.22297,44.08756],[-72.22484,44.07793],[-72.22259,44.07163],[-72.22323,44.07031],[-72.27075,44.08025],[-72.27819,44.07219],[-72.28042,44.07487],[-72.28823,44.07708],[-72.28979,44.07895],[-72.28912,44.08393],[-72.30143,44.08642],[-72.31162,44.07803],[-72.30512,44.08715],[-72.3209,44.09043],[-72.32747,44.08472],[-72.33244,44.08429],[-72.34503,44.075],[-72.35489,44.07634],[-72.34815,44.09357],[-72.35303,44.08822],[-72.35888,44.08867],[-72.36241,44.08516],[-72.36706,44.08631],[-72.36978,44.10031],[-72.36634,44.1078],[-72.37727,44.1179],[-72.38621,44.1217],[-72.39858,44.13145]]]}},{"type":"Feature","id":"05039","properties":{"zip":"05039","pop":null,"city":"","county":"Orange","state":"Vermont","area":29.41,"lat":44.03395,"lon":-72.29754},"geometry":{"type":"Polygon","coordinates":[[[-72.37796,44.01738],[-72.35489,44.07634],[-72.34503,44.075],[-72.33244,44.08429],[-72.32747,44.08472],[-72.3209,44.09043],[-72.30512,44.08715],[-72.31162,44.07803],[-72.30143,44.08642],[-72.28912,44.08393],[-72.28979,44.07895],[-72.28823,44.07708],[-72.28042,44.07487],[-72.27819,44.07219],[-72.27075,44.08025],[-72.26302,44.07861],[-72.2638,44.07583],[-72.26112,44.07498],[-72.261,44.07673],[-72.25818,44.07532],[-72.25875,44.07238],[-72.25481,44.07134],[-72.25695,44.0689],[-72.2464,44.0663],[-72.24785,44.06359],[-72.24502,44.06163],[-72.24666,44.05868],[-72.24349,44.05787],[-72.24472,44.05494],[-72.24174,44.05853],[-72.23486,44.05584],[-72.23807,44.05033],[-72.23137,44.04708],[-72.22972,44.04168],[-72.2132,44.03843],[-72.20444,44.03914],[-72.21586,44.02142],[-72.22137,44.02166],[-72.22639,44.01945],[-72.24217,44.00852],[-72.2566,44.01087],[-72.26088,44.0132],[-72.25828,44.01082],[-72.24882,44.00949],[-72.24336,44.00662],[-72.24365,44.00373],[-72.24028,43.99806],[-72.24119,43.99321],[-72.23951,43.99846],[-72.24072,44.00504],[-72.23329,43.99884],[-72.23168,43.99469],[-72.24147,43.97946],[-72.38162,44.00802],[-72.37796,44.01738]]]}},{"type":"Feature","id":"05494","properties":{"zip":"05494","pop":null,"city":"Westford","county":"Chittenden","state":"Vermont","area":19.95,"lat":44.60469,"lon":-73.01525},"geometry":{"type":"Polygon","coordinates":[[[-73.09792,44.5705],[-73.03803,44.65116],[-72.94262,44.63599],[-72.94392,44.63204],[-72.95075,44.63314],[-72.95657,44.61431],[-72.96138,44.60776],[-72.96009,44.60169],[-72.96617,44.58009],[-72.9747,44.58039],[-72.97555,44.57439],[-72.97738,44.57465],[-72.97989,44.56725],[-72.98317,44.56784],[-72.98233,44.57051],[-72.98906,44.57163],[-72.99006,44.5686],[-72.98765,44.56819],[-72.98865,44.56478],[-72.98431,44.56416],[-72.98658,44.55665],[-72.99075,44.55731],[-72.99423,44.55406],[-73.03139,44.55997],[-73.02906,44.56678],[-73.02293,44.5716],[-73.02168,44.58554],[-73.01977,44.59067],[-73.01787,44.59113],[-73.01946,44.59151],[-73.01815,44.59539],[-73.02114,44.59717],[-73.02438,44.59735],[-73.03168,44.58965],[-73.0396,44.58508],[-73.04709,44.58545],[-73.05744,44.57364],[-73.06706,44.57634],[-73.06581,44.57195],[-73.06806,44.56974],[-73.06732,44.56561],[-73.09792,44.5705]]]}},{"type":"Feature","id":"05033","properties":{"zip":"05033","pop":null,"city":"Bradford","county":"Orange","state":"Vermont","area":26.71,"lat":44.00231,"lon":-72.16427},"geometry":{"type":"Polygon","coordinates":[[[-72.25941,44.01208],[-72.24217,44.00852],[-72.22639,44.01945],[-72.22137,44.02166],[-72.21586,44.02142],[-72.20305,44.04173],[-72.19402,44.03183],[-72.18911,44.03092],[-72.18864,44.03348],[-72.19157,44.0343],[-72.1918,44.04181],[-72.19026,44.04134],[-72.18883,44.04365],[-72.18625,44.04286],[-72.18539,44.04748],[-72.18331,44.04676],[-72.17907,44.0532],[-72.17401,44.05166],[-72.16723,44.05421],[-72.16357,44.0517],[-72.15769,44.05214],[-72.14209,44.04757],[-72.13376,44.04964],[-72.12925,44.05688],[-72.12264,44.06031],[-72.12057,44.04945],[-72.12116,44.04143],[-72.09017,44.03301],[-72.08374,44.04414],[-72.08148,44.04581],[-72.0808,44.04345],[-72.08498,44.03885],[-72.08422,44.03681],[-72.08763,44.0321],[-72.07914,44.02967],[-72.08186,44.02695],[-72.08291,44.02158],[-72.09028,44.02403],[-72.09526,44.02189],[-72.09519,44.01667],[-72.0905,44.01274],[-72.09006,44.0099],[-72.09326,44.00938],[-72.09759,44.01523],[-72.10247,44.01488],[-72.10573,44.0111],[-72.10437,44.00216],[-72.11698,43.99448],[-72.11218,43.98685],[-72.11473,43.96833],[-72.11015,43.96725],[-72.10515,43.96988],[-72.09141,43.96545],[-72.10049,43.96319],[-72.09913,43.95734],[-72.10355,43.95845],[-72.10744,43.95547],[-72.11557,43.95678],[-72.11976,43.94351],[-72.13136,43.94618],[-72.12748,43.96453],[-72.15937,43.9726],[-72.16027,43.96384],[-72.1641,43.95648],[-72.16836,43.95144],[-72.17941,43.94784],[-72.18682,43.95417],[-72.19113,43.96469],[-72.18878,43.96987],[-72.19975,43.97417],[-72.20139,43.97282],[-72.20432,43.97597],[-72.20134,43.98194],[-72.20424,43.98285],[-72.2105,43.98055],[-72.22465,43.9806],[-72.22367,43.97105],[-72.21679,43.95589],[-72.21904,43.94612],[-72.2265,43.94204],[-72.23137,43.95035],[-72.23834,43.97089],[-72.24339,43.97549],[-72.23168,43.99469],[-72.23329,43.99884],[-72.24072,44.00504],[-72.23951,43.99846],[-72.24119,43.99321],[-72.24028,43.99806],[-72.24365,44.00373],[-72.24336,44.00662],[-72.24882,44.00949],[-72.25828,44.01082],[-72.26088,44.0132],[-72.25941,44.01208]]]}},{"type":"Feature","id":"05040","properties":{"zip":"05040","pop":null,"city":"","county":"Orange","state":"Vermont","area":8.3,"lat":44.06786,"lon":-72.20413},"geometry":{"type":"Polygon","coordinates":[[[-72.26302,44.07861],[-72.22323,44.07031],[-72.22366,44.07324],[-72.22086,44.07131],[-72.22168,44.07427],[-72.21987,44.07441],[-72.22069,44.07639],[-72.21663,44.08957],[-72.20617,44.09134],[-72.20705,44.08829],[-72.20126,44.08731],[-72.19353,44.11215],[-72.18404,44.11225],[-72.1799,44.11072],[-72.18033,44.10469],[-72.18946,44.09206],[-72.17857,44.08674],[-72.16678,44.08564],[-72.16136,44.08123],[-72.15884,44.0764],[-72.16553,44.07509],[-72.17467,44.06971],[-72.18009,44.05922],[-72.15875,44.05207],[-72.16357,44.0517],[-72.16723,44.05421],[-72.17401,44.05166],[-72.17907,44.0532],[-72.18331,44.04676],[-72.18539,44.04748],[-72.18625,44.04286],[-72.18883,44.04365],[-72.19026,44.04134],[-72.1918,44.04181],[-72.19157,44.0343],[-72.18864,44.03348],[-72.18911,44.03092],[-72.19109,44.03082],[-72.19402,44.03183],[-72.20305,44.04173],[-72.20444,44.03914],[-72.2132,44.03843],[-72.22972,44.04168],[-72.23137,44.04708],[-72.23807,44.05033],[-72.23486,44.05584],[-72.24174,44.05853],[-72.24472,44.05494],[-72.24349,44.05787],[-72.24666,44.05868],[-72.24502,44.06163],[-72.24785,44.06359],[-72.2464,44.0663],[-72.25695,44.0689],[-72.25481,44.07134],[-72.25875,44.07238],[-72.25818,44.07532],[-72.261,44.07673],[-72.26112,44.07498],[-72.2638,44.07583],[-72.26302,44.07861]]]}},{"type":"Feature","id":"05051","properties":{"zip":"05051","pop":null,"city":"Newbury","county":"Orange","state":"Vermont","area":23.32,"lat":44.0852,"lon":-72.11745},"geometry":{"type":"Polygon","coordinates":[[[-72.19353,44.11215],[-72.18732,44.13335],[-72.1775,44.13725],[-72.16505,44.13486],[-72.15701,44.13855],[-72.14837,44.12367],[-72.14209,44.12532],[-72.13504,44.11419],[-72.12821,44.11136],[-72.12399,44.10633],[-72.11043,44.09859],[-72.10196,44.14195],[-72.10038,44.14201],[-72.10142,44.137],[-72.09755,44.1303],[-72.09889,44.12566],[-72.09116,44.12419],[-72.07912,44.12541],[-72.07563,44.12029],[-72.0773,44.10303],[-72.08044,44.10099],[-72.0793,44.09543],[-72.07332,44.08837],[-72.07149,44.08675],[-72.06373,44.08767],[-72.06648,44.10186],[-72.05312,44.10355],[-72.051,44.09885],[-72.04491,44.0964],[-72.04226,44.10135],[-72.03747,44.10335],[-72.0309,44.09972],[-72.03236,44.09153],[-72.03602,44.08896],[-72.04515,44.08785],[-72.04438,44.086],[-72.03324,44.08151],[-72.03184,44.07854],[-72.03804,44.07654],[-72.04306,44.07927],[-72.05249,44.07672],[-72.04912,44.07236],[-72.04893,44.06901],[-72.05729,44.05834],[-72.06761,44.05803],[-72.06915,44.05482],[-72.06186,44.05061],[-72.07832,44.04338],[-72.07943,44.04058],[-72.07484,44.03299],[-72.07914,44.02967],[-72.08763,44.0321],[-72.08422,44.03681],[-72.08498,44.03885],[-72.0808,44.04345],[-72.08148,44.04581],[-72.09017,44.03301],[-72.12116,44.04143],[-72.12057,44.04945],[-72.12264,44.06031],[-72.12925,44.05688],[-72.13376,44.04964],[-72.14209,44.04757],[-72.17946,44.05792],[-72.17467,44.06971],[-72.16553,44.07509],[-72.15884,44.0764],[-72.16136,44.08123],[-72.16678,44.08564],[-72.17857,44.08674],[-72.18946,44.09206],[-72.18033,44.10469],[-72.1799,44.11072],[-72.19353,44.11215]]]}},{"type":"Feature","id":"05061","properties":{"zip":"05061","pop":null,"city":"","county":"Orange","state":"Vermont","area":20.25,"lat":43.9302,"lon":-72.58088},"geometry":{"type":"Polygon","coordinates":[[[-72.62554,43.98477],[-72.62334,43.99681],[-72.55724,43.97901],[-72.55455,43.97128],[-72.55493,43.96544],[-72.55647,43.96485],[-72.55116,43.95873],[-72.55011,43.95065],[-72.55276,43.94703],[-72.55747,43.94665],[-72.56087,43.95143],[-72.56513,43.95146],[-72.55841,43.94095],[-72.55425,43.94026],[-72.5522,43.93661],[-72.54697,43.93536],[-72.53944,43.94258],[-72.53169,43.9395],[-72.53025,43.93682],[-72.53455,43.92697],[-72.52836,43.92579],[-72.52993,43.92338],[-72.52855,43.92289],[-72.53482,43.91391],[-72.53221,43.91306],[-72.53553,43.90843],[-72.53364,43.90781],[-72.54515,43.88864],[-72.54485,43.88289],[-72.54782,43.87855],[-72.54676,43.87664],[-72.54878,43.87076],[-72.55474,43.87229],[-72.55683,43.86794],[-72.61774,43.8859],[-72.61348,43.9143],[-72.62133,43.93497],[-72.622,43.94463],[-72.61944,43.94495],[-72.61987,43.9499],[-72.61655,43.94939],[-72.61591,43.95225],[-72.6092,43.95231],[-72.61592,43.96697],[-72.62268,43.96445],[-72.62252,43.97937],[-72.6257,43.97738],[-72.62554,43.98477]]]}},{"type":"Feature","id":"05076","properties":{"zip":"05076","pop":null,"city":"","county":"Orange","state":"Vermont","area":19.52,"lat":44.14499,"lon":-72.22678},"geometry":{"type":"Polygon","coordinates":[[[-72.29651,44.15874],[-72.29289,44.15894],[-72.29188,44.1633],[-72.28943,44.16258],[-72.28872,44.16651],[-72.29333,44.16798],[-72.29261,44.17041],[-72.28397,44.16874],[-72.28246,44.17114],[-72.28018,44.17091],[-72.27932,44.17413],[-72.27234,44.17132],[-72.27402,44.16609],[-72.2624,44.1639],[-72.26119,44.1691],[-72.25434,44.16706],[-72.24816,44.18759],[-72.17026,44.19205],[-72.20126,44.08731],[-72.20705,44.08829],[-72.20617,44.09134],[-72.21663,44.08957],[-72.22069,44.07639],[-72.21987,44.07441],[-72.22168,44.07427],[-72.22086,44.07131],[-72.22366,44.07324],[-72.22484,44.07793],[-72.22297,44.08756],[-72.22469,44.09156],[-72.23221,44.09474],[-72.24032,44.09342],[-72.24792,44.095],[-72.24533,44.09604],[-72.24756,44.09936],[-72.24698,44.10201],[-72.2515,44.10291],[-72.25122,44.10538],[-72.25573,44.10659],[-72.25288,44.11783],[-72.24883,44.11757],[-72.24776,44.12078],[-72.24051,44.11952],[-72.23932,44.12239],[-72.24824,44.12441],[-72.25575,44.12851],[-72.25449,44.12492],[-72.25856,44.12561],[-72.25755,44.12814],[-72.26407,44.12943],[-72.26363,44.13092],[-72.28293,44.13291],[-72.28155,44.13742],[-72.28558,44.13884],[-72.28296,44.14001],[-72.28342,44.14319],[-72.29429,44.14959],[-72.29346,44.15255],[-72.2971,44.15674],[-72.29651,44.15874]]]}},{"type":"Feature","id":"05001","properties":{"zip":"05001","pop":null,"city":"White River Junction","county":"Windsor","state":"Vermont","area":31.33,"lat":43.67319,"lon":-72.37938},"geometry":{"type":"Polygon","coordinates":[[[-72.4689,43.65391],[-72.43135,43.71388],[-72.41811,43.71207],[-72.42201,43.72121],[-72.42642,43.72201],[-72.39353,43.75492],[-72.38696,43.75657],[-72.39895,43.74263],[-72.38342,43.74102],[-72.38012,43.73599],[-72.37394,43.73447],[-72.37973,43.73017],[-72.36699,43.72693],[-72.36576,43.72108],[-72.36075,43.71637],[-72.34562,43.70826],[-72.3445,43.70363],[-72.30534,43.69247],[-72.30599,43.6835],[-72.30926,43.68048],[-72.31301,43.68087],[-72.30922,43.67736],[-72.30923,43.67555],[-72.31114,43.67607],[-72.30925,43.67479],[-72.30907,43.6702],[-72.31176,43.66549],[-72.30912,43.66203],[-72.31402,43.65616],[-72.31408,43.64281],[-72.32913,43.63556],[-72.32947,43.63284],[-72.32724,43.63053],[-72.33236,43.62507],[-72.3344,43.61925],[-72.33474,43.61452],[-72.32816,43.60635],[-72.34334,43.60895],[-72.34186,43.60528],[-72.34532,43.59703],[-72.35044,43.59456],[-72.3477,43.59744],[-72.34879,43.60199],[-72.35397,43.60235],[-72.35398,43.61078],[-72.4152,43.62198],[-72.41748,43.62408],[-72.4205,43.63657],[-72.41453,43.63303],[-72.41045,43.6329],[-72.40872,43.63742],[-72.40656,43.63706],[-72.40565,43.6414],[-72.39734,43.64032],[-72.39422,43.64179],[-72.39362,43.63877],[-72.39205,43.63885],[-72.39425,43.64482],[-72.39117,43.65198],[-72.39919,43.64879],[-72.3958,43.65396],[-72.39997,43.65973],[-72.40287,43.66045],[-72.40492,43.65854],[-72.42717,43.65362],[-72.43229,43.65738],[-72.43949,43.65783],[-72.44438,43.65194],[-72.4689,43.65391]],[[-72.345,43.64713],[-72.34522,43.64574],[-72.3419,43.64563],[-72.34564,43.65168],[-72.345,43.64713]]]}},{"type":"Feature","id":"05443","properties":{"zip":"05443","pop":null,"city":"Bristol","county":"Addison","state":"Vermont","area":78.57,"lat":44.12982,"lon":-73.03324},"geometry":{"type":"Polygon","coordinates":[[[-73.15359,44.18362],[-73.14157,44.19636],[-73.13983,44.2008],[-73.14003,44.20254],[-73.14467,44.202],[-73.14656,44.21061],[-73.13603,44.21093],[-73.13928,44.2242],[-73.14353,44.22397],[-73.14009,44.23464],[-73.14488,44.23685],[-73.14177,44.24245],[-73.13151,44.24663],[-73.12367,44.25425],[-73.1141,44.25556],[-73.11454,44.25814],[-73.10984,44.2661],[-73.09901,44.26221],[-73.09913,44.27338],[-73.10125,44.27932],[-73.08961,44.28096],[-73.0859,44.27875],[-73.08444,44.28016],[-73.08138,44.27709],[-73.08235,44.27963],[-73.08026,44.28081],[-73.07549,44.25558],[-73.08492,44.25454],[-73.07102,44.1844],[-73.05733,44.18571],[-73.05564,44.19046],[-73.05092,44.18812],[-73.04967,44.18955],[-73.02306,44.19212],[-73.0175,44.16295],[-73.01364,44.16307],[-73.0097,44.16829],[-73.00001,44.17104],[-72.99817,44.17338],[-72.99253,44.17139],[-72.98366,44.17198],[-72.98717,44.17021],[-72.97756,44.17078],[-72.97479,44.17252],[-72.975,44.17945],[-72.97169,44.1841],[-72.96211,44.18666],[-72.95682,44.18468],[-72.95217,44.16127],[-72.93429,44.16362],[-72.91678,44.07189],[-72.91023,44.07248],[-72.9052,44.0544],[-72.90591,44.03651],[-72.95885,44.03666],[-72.95893,44.03399],[-73.03265,44.03656],[-73.03223,44.04501],[-73.06332,44.0422],[-73.06655,44.05698],[-73.096,44.05444],[-73.11197,44.14411],[-73.14463,44.14917],[-73.14963,44.17671],[-73.15129,44.17644],[-73.15359,44.18362]]]}},{"type":"Feature","id":"05031","properties":{"zip":"05031","pop":null,"city":"","county":"Windsor","state":"Vermont","area":1.89,"lat":43.7235,"lon":-72.58657},"geometry":{"type":"Polygon","coordinates":[[[-72.6168,43.73108],[-72.615,43.7349],[-72.60611,43.73254],[-72.5777,43.73387],[-72.57525,43.73282],[-72.57477,43.72929],[-72.56382,43.72688],[-72.56873,43.71518],[-72.57545,43.70798],[-72.57727,43.7028],[-72.57853,43.7064],[-72.58571,43.71333],[-72.59581,43.71752],[-72.59798,43.72357],[-72.61905,43.7287],[-72.6168,43.73108]]]}},{"type":"Feature","id":"05161","properties":{"zip":"05161","pop":null,"city":"","county":"Windsor","state":"Vermont","area":25.78,"lat":43.31652,"lon":-72.8066},"geometry":{"type":"Polygon","coordinates":[[[-72.8651,43.34702],[-72.86602,43.34864],[-72.8547,43.34928],[-72.85332,43.37639],[-72.82198,43.37571],[-72.82196,43.37873],[-72.82591,43.38029],[-72.82594,43.38233],[-72.75963,43.35377],[-72.7652,43.27267],[-72.75513,43.27065],[-72.75581,43.23945],[-72.79549,43.24965],[-72.7958,43.25424],[-72.79154,43.2557],[-72.79421,43.25702],[-72.79462,43.25961],[-72.8012,43.26021],[-72.80097,43.25749],[-72.8075,43.25969],[-72.80665,43.25253],[-72.81962,43.25601],[-72.8199,43.29921],[-72.86863,43.30077],[-72.8651,43.34702]]]}},{"type":"Feature","id":"05358","properties":{"zip":"05358","pop":null,"city":"","county":"Windham","state":"Vermont","area":10.87,"lat":42.77394,"lon":-72.73171},"geometry":{"type":"Polygon","coordinates":[[[-72.77565,42.78425],[-72.76817,42.78997],[-72.7669,42.79349],[-72.77002,42.7993],[-72.769,42.80279],[-72.76381,42.80332],[-72.76314,42.81442],[-72.75729,42.81455],[-72.7577,42.81182],[-72.74764,42.80688],[-72.74537,42.81114],[-72.74178,42.8114],[-72.73979,42.80657],[-72.73642,42.80643],[-72.73547,42.80141],[-72.72402,42.79989],[-72.72369,42.80177],[-72.72026,42.80175],[-72.72033,42.80034],[-72.71712,42.80031],[-72.71636,42.79641],[-72.70949,42.79658],[-72.70983,42.79197],[-72.70396,42.79048],[-72.70106,42.79166],[-72.69086,42.78667],[-72.68812,42.78422],[-72.68612,42.77663],[-72.6902,42.77372],[-72.68827,42.76997],[-72.70345,42.76031],[-72.70862,42.75444],[-72.70946,42.74786],[-72.70693,42.74115],[-72.70039,42.74285],[-72.69843,42.7393],[-72.69379,42.73732],[-72.69266,42.73335],[-72.72143,42.73415],[-72.72579,42.73877],[-72.73813,42.74515],[-72.75012,42.74781],[-72.76147,42.75831],[-72.76201,42.7619],[-72.76485,42.76391],[-72.76991,42.78157],[-72.77632,42.7819],[-72.77565,42.78425]]]}},{"type":"Feature","id":"05824","properties":{"zip":"05824","pop":null,"city":"Concord","county":"Essex","state":"Vermont","area":38.03,"lat":44.43744,"lon":-71.8645},"geometry":{"type":"Polygon","coordinates":[[[-71.95949,44.47082],[-71.96037,44.47355],[-71.9532,44.47519],[-71.94899,44.47048],[-71.95033,44.47599],[-71.94742,44.47673],[-71.94859,44.48117],[-71.93962,44.49197],[-71.94136,44.49727],[-71.93067,44.50621],[-71.93204,44.51013],[-71.92812,44.51357],[-71.92634,44.51179],[-71.91822,44.51896],[-71.91233,44.51715],[-71.90862,44.51814],[-71.90128,44.52528],[-71.88492,44.52449],[-71.85664,44.49618],[-71.88555,44.47054],[-71.88162,44.46337],[-71.88253,44.45564],[-71.87733,44.4439],[-71.8686,44.45504],[-71.86643,44.45538],[-71.85931,44.46607],[-71.8552,44.46776],[-71.85662,44.46863],[-71.84767,44.46881],[-71.83554,44.46402],[-71.82674,44.45358],[-71.83184,44.45336],[-71.81446,44.44306],[-71.7962,44.44679],[-71.78885,44.44652],[-71.78059,44.44281],[-71.76647,44.43159],[-71.75587,44.42589],[-71.76576,44.42354],[-71.76402,44.4161],[-71.75908,44.40739],[-71.75082,44.40488],[-71.74648,44.40129],[-71.74178,44.40232],[-71.74596,44.40094],[-71.75609,44.4064],[-71.76197,44.40703],[-71.77861,44.3998],[-71.79392,44.39927],[-71.80349,44.39189],[-71.80032,44.38428],[-71.81439,44.38193],[-71.81577,44.37546],[-71.81224,44.37149],[-71.81629,44.3674],[-71.8129,44.35555],[-71.83772,44.34774],[-71.90799,44.41649],[-71.92181,44.41965],[-71.91489,44.42316],[-71.93322,44.44114],[-71.92254,44.44737],[-71.92602,44.4465],[-71.92952,44.45067],[-71.94409,44.44645],[-71.95325,44.44632],[-71.95604,44.45189],[-71.95355,44.45517],[-71.95614,44.46191],[-71.95917,44.46132],[-71.96228,44.47002],[-71.95949,44.47082]]]}},{"type":"Feature","id":"05829","properties":{"zip":"05829","pop":null,"city":"Derby Center","county":"Orleans","state":"Vermont","area":17.87,"lat":44.95355,"lon":-72.07572},"geometry":{"type":"Polygon","coordinates":[[[-72.15406,44.94783],[-72.14465,44.96441],[-72.12731,44.96391],[-72.11505,44.98086],[-72.1113,44.995],[-72.10243,44.99506],[-72.10148,44.99831],[-72.09793,45.00059],[-72.09192,45.00057],[-72.08517,44.98886],[-72.08112,44.98713],[-72.07074,44.98641],[-72.07003,44.99],[-72.06555,44.99471],[-72.06636,44.99824],[-72.06505,44.99751],[-72.05931,44.99137],[-72.06049,44.98091],[-72.05306,44.97132],[-72.04794,44.97112],[-72.0383,44.9747],[-72.03505,44.97991],[-72.03349,44.97975],[-72.02108,44.97256],[-72.00736,44.96773],[-72.00382,44.96413],[-72.009,44.94235],[-72.00584,44.93856],[-72.00621,44.93185],[-72.04416,44.93134],[-72.0482,44.92349],[-72.04769,44.91682],[-72.05344,44.92053],[-72.06472,44.92263],[-72.06755,44.92522],[-72.08179,44.92201],[-72.08464,44.91843],[-72.0847,44.91365],[-72.08841,44.9111],[-72.08152,44.91065],[-72.0749,44.90731],[-72.07869,44.90362],[-72.08849,44.90546],[-72.11611,44.92721],[-72.12372,44.92936],[-72.1233,44.93654],[-72.14072,44.94987],[-72.15406,44.94783]]]}},{"type":"Feature","id":"05843","properties":{"zip":"05843","pop":null,"city":"Hardwick","county":"Caledonia","state":"Vermont","area":33.46,"lat":44.50364,"lon":-72.3333},"geometry":{"type":"Polygon","coordinates":[[[-72.45147,44.47498],[-72.44584,44.47875],[-72.43149,44.47389],[-72.42898,44.47731],[-72.42416,44.48495],[-72.4427,44.49417],[-72.37386,44.58416],[-72.32277,44.56495],[-72.32685,44.56144],[-72.33163,44.55237],[-72.32175,44.54849],[-72.33665,44.52918],[-72.33463,44.52735],[-72.33552,44.52311],[-72.33406,44.52182],[-72.33671,44.51402],[-72.33123,44.51034],[-72.33406,44.5058],[-72.33855,44.50357],[-72.33117,44.504],[-72.33174,44.50165],[-72.32538,44.50112],[-72.32264,44.50144],[-72.32267,44.50197],[-72.3208,44.50235],[-72.32112,44.50335],[-72.3207,44.50442],[-72.31821,44.50544],[-72.32131,44.50156],[-72.32425,44.50097],[-72.32386,44.49949],[-72.3185,44.49505],[-72.31404,44.49463],[-72.30623,44.48542],[-72.29918,44.48238],[-72.29477,44.48451],[-72.28641,44.48482],[-72.28238,44.48268],[-72.26584,44.48537],[-72.24172,44.47776],[-72.24144,44.48881],[-72.23856,44.49503],[-72.2293,44.50453],[-72.22255,44.50193],[-72.21283,44.50235],[-72.20945,44.49843],[-72.20622,44.499],[-72.20203,44.49075],[-72.19615,44.49227],[-72.19162,44.49582],[-72.18667,44.49431],[-72.18165,44.50137],[-72.18367,44.50365],[-72.18346,44.50465],[-72.17956,44.50188],[-72.17736,44.49481],[-72.16393,44.48289],[-72.18197,44.45848],[-72.1947,44.464],[-72.19708,44.4606],[-72.20427,44.46364],[-72.20899,44.45722],[-72.20473,44.45538],[-72.20995,44.45351],[-72.22017,44.46478],[-72.22154,44.46114],[-72.22639,44.46328],[-72.23387,44.47068],[-72.25212,44.45359],[-72.25651,44.45249],[-72.26272,44.45692],[-72.26495,44.46203],[-72.27114,44.467],[-72.2895,44.47422],[-72.29111,44.47229],[-72.28517,44.46197],[-72.29594,44.46628],[-72.30076,44.45476],[-72.3815,44.48569],[-72.40402,44.47002],[-72.41059,44.47032],[-72.42357,44.46473],[-72.43862,44.45525],[-72.45375,44.46025],[-72.45026,44.4649],[-72.45653,44.46724],[-72.45147,44.47498]]]}},{"type":"Feature","id":"05851","properties":{"zip":"05851","pop":null,"city":"","county":"Caledonia","state":"Vermont","area":58.73,"lat":44.55298,"lon":-72.05716},"geometry":{"type":"Polygon","coordinates":[[[-72.22607,44.59176],[-72.21811,44.60226],[-72.20808,44.60535],[-72.20879,44.61458],[-72.20249,44.6241],[-72.13549,44.59948],[-72.14356,44.59721],[-72.14201,44.59077],[-72.14362,44.58769],[-72.13864,44.57882],[-72.13869,44.57475],[-72.11139,44.57096],[-72.10914,44.57825],[-72.10964,44.58519],[-72.11919,44.58747],[-72.11518,44.59213],[-72.09479,44.58462],[-72.0909,44.58953],[-72.08512,44.58808],[-72.08884,44.59216],[-72.06638,44.62349],[-72.05769,44.59842],[-72.00955,44.59156],[-72.01216,44.60478],[-72.01655,44.61431],[-72.01291,44.62328],[-72.00967,44.6228],[-72.01057,44.61985],[-72.00618,44.61925],[-72.00629,44.61568],[-71.99931,44.61373],[-72.00036,44.60968],[-71.99629,44.60863],[-71.99819,44.60736],[-71.99299,44.60346],[-71.98821,44.60234],[-71.98949,44.60066],[-71.9836,44.59718],[-71.98599,44.59567],[-71.97825,44.59108],[-71.9817,44.58764],[-71.97904,44.58727],[-71.97646,44.59042],[-71.96947,44.603],[-71.96024,44.60105],[-71.95728,44.59436],[-71.96016,44.58988],[-71.94745,44.58929],[-71.94941,44.58261],[-71.94345,44.58081],[-71.94602,44.57129],[-71.95161,44.56755],[-71.95388,44.56857],[-71.96913,44.55341],[-71.96399,44.55143],[-71.9561,44.55476],[-71.94526,44.55354],[-71.94785,44.54656],[-71.94159,44.54558],[-71.94335,44.53978],[-71.93839,44.53985],[-71.93195,44.5433],[-71.9296,44.54139],[-71.92014,44.54314],[-71.91453,44.54274],[-71.9095,44.53765],[-71.90392,44.54302],[-71.88492,44.52449],[-71.90128,44.52528],[-71.90862,44.51814],[-71.91233,44.51715],[-71.91822,44.51896],[-71.92634,44.51179],[-71.92812,44.51357],[-71.93204,44.51013],[-71.93067,44.50621],[-71.94136,44.49727],[-71.93962,44.49197],[-71.94859,44.48117],[-71.94742,44.47673],[-71.95033,44.47599],[-71.94899,44.47048],[-71.95876,44.47829],[-71.9606,44.47595],[-71.96568,44.47548],[-71.96691,44.47273],[-71.97018,44.47269],[-71.97286,44.47633],[-71.97428,44.47559],[-71.97218,44.48154],[-71.97163,44.49347],[-72.13776,44.51862],[-72.22088,44.56722],[-72.2148,44.56724],[-72.2102,44.57008],[-72.20506,44.5754],[-72.20282,44.58351],[-72.22607,44.59176]],[[-72.06988,44.58051],[-72.05548,44.57666],[-72.04606,44.5711],[-72.03935,44.56297],[-72.04044,44.56152],[-72.03574,44.55949],[-72.03434,44.55468],[-72.02901,44.55298],[-72.02745,44.54718],[-72.01966,44.53842],[-72.01634,44.53779],[-72.01688,44.53646],[-72.00978,44.5345],[-72.00687,44.53811],[-72.00884,44.53838],[-72.00773,44.54225],[-72.01664,44.54503],[-72.02288,44.55076],[-72.02868,44.55316],[-72.02819,44.55935],[-72.03259,44.56671],[-72.05451,44.5807],[-72.0661,44.58321],[-72.06988,44.58051]]]}},{"type":"Feature","id":"05871","properties":{"zip":"05871","pop":null,"city":"","county":"Caledonia","state":"Vermont","area":27.53,"lat":44.68365,"lon":-71.95198},"geometry":{"type":"Polygon","coordinates":[[[-72.00719,44.70312],[-71.93929,44.76944],[-71.8828,44.74007],[-71.88012,44.73548],[-71.88903,44.73439],[-71.8993,44.73976],[-71.90565,44.74055],[-71.91113,44.74459],[-71.9107,44.73403],[-71.91947,44.72521],[-71.91971,44.71778],[-71.92301,44.7131],[-71.92178,44.70143],[-71.91724,44.69222],[-71.89894,44.679],[-71.89047,44.66574],[-71.91028,44.64704],[-71.91925,44.65172],[-71.9218,44.64228],[-71.93232,44.64645],[-71.93622,44.64589],[-71.94001,44.63139],[-71.9492,44.62221],[-71.94111,44.61528],[-71.95728,44.59436],[-71.96024,44.60105],[-71.96947,44.603],[-71.97904,44.58727],[-71.9817,44.58764],[-71.97825,44.59108],[-71.98599,44.59567],[-71.98406,44.59831],[-71.99539,44.60587],[-71.98234,44.64987],[-71.9847,44.65394],[-71.99422,44.66118],[-71.9976,44.66801],[-71.99779,44.67541],[-72.00393,44.68998],[-72.00487,44.70164],[-72.00719,44.70312]]]}},{"type":"Feature","id":"05676","properties":{"zip":"05676","pop":null,"city":"","county":"Washington","state":"Vermont","area":68.49,"lat":44.34826,"lon":-72.80969},"geometry":{"type":"Polygon","coordinates":[[[-72.95212,44.34544],[-72.93618,44.37529],[-72.93131,44.38814],[-72.92498,44.38489],[-72.87655,44.37539],[-72.8745,44.37734],[-72.87619,44.38022],[-72.87364,44.38439],[-72.87849,44.40029],[-72.87276,44.40324],[-72.87243,44.40665],[-72.85842,44.40574],[-72.83413,44.41044],[-72.805,44.45168],[-72.76586,44.44259],[-72.73951,44.43293],[-72.74728,44.42137],[-72.75434,44.41627],[-72.75381,44.40941],[-72.74816,44.40651],[-72.74967,44.40082],[-72.75439,44.39759],[-72.75503,44.39162],[-72.74712,44.39016],[-72.74566,44.39189],[-72.74489,44.38775],[-72.73564,44.38452],[-72.73217,44.38424],[-72.73194,44.38598],[-72.72492,44.38451],[-72.72652,44.38166],[-72.73346,44.383],[-72.72795,44.3802],[-72.72698,44.37778],[-72.72885,44.37734],[-72.72758,44.37551],[-72.72933,44.3736],[-72.72647,44.37249],[-72.73573,44.35579],[-72.71912,44.35117],[-72.71233,44.35786],[-72.71536,44.35741],[-72.71201,44.36128],[-72.70838,44.3599],[-72.70556,44.36202],[-72.70054,44.35914],[-72.70303,44.35737],[-72.70178,44.35596],[-72.69425,44.35564],[-72.6865,44.35927],[-72.69028,44.35945],[-72.68653,44.36563],[-72.66831,44.36632],[-72.66014,44.36362],[-72.67154,44.34745],[-72.67816,44.34968],[-72.6948,44.32615],[-72.70457,44.32961],[-72.71658,44.31253],[-72.70944,44.31454],[-72.70047,44.31343],[-72.69559,44.3105],[-72.69582,44.3004],[-72.70649,44.29375],[-72.72033,44.30158],[-72.72,44.30282],[-72.73466,44.30717],[-72.73758,44.3013],[-72.73595,44.30038],[-72.74827,44.27508],[-72.74753,44.27314],[-72.75623,44.27684],[-72.76222,44.27584],[-72.76992,44.27818],[-72.78341,44.25142],[-72.78713,44.25872],[-72.78403,44.26603],[-72.78568,44.27177],[-72.78437,44.2776],[-72.78734,44.27895],[-72.78635,44.28045],[-72.7972,44.28552],[-72.80008,44.28041],[-72.80586,44.28259],[-72.80546,44.28418],[-72.81841,44.28877],[-72.82102,44.28207],[-72.82279,44.28269],[-72.8238,44.2725],[-72.83542,44.27691],[-72.83675,44.2713],[-72.83376,44.26924],[-72.83628,44.26505],[-72.83421,44.26335],[-72.84151,44.26592],[-72.8441,44.25803],[-72.89589,44.27625],[-72.89498,44.2781],[-72.90596,44.28055],[-72.8794,44.32964],[-72.95212,44.34544]]]}},{"type":"Feature","id":"05681","properties":{"zip":"05681","pop":null,"city":"","county":"Washington","state":"Vermont","area":10.38,"lat":44.4539,"lon":-72.38023},"geometry":{"type":"Polygon","coordinates":[[[-72.44954,44.448],[-72.42357,44.46473],[-72.41059,44.47032],[-72.40402,44.47002],[-72.3815,44.48569],[-72.32168,44.46276],[-72.35291,44.42069],[-72.37077,44.43058],[-72.38179,44.43254],[-72.39033,44.43644],[-72.39577,44.43576],[-72.40937,44.44128],[-72.42325,44.4397],[-72.43094,44.42957],[-72.43304,44.43348],[-72.4322,44.43628],[-72.4381,44.44426],[-72.44213,44.44515],[-72.44715,44.44389],[-72.4481,44.44189],[-72.44954,44.448]]]}},{"type":"Feature","id":"05770","properties":{"zip":"05770","pop":null,"city":"","county":"Addison","state":"Vermont","area":32.45,"lat":43.88682,"lon":-73.32764},"geometry":{"type":"Polygon","coordinates":[[[-73.4079,43.93046],[-73.40251,43.93078],[-73.40139,43.92814],[-73.39263,43.9264],[-73.39037,43.92741],[-73.3914,43.93177],[-73.25926,43.94722],[-73.25542,43.93795],[-73.2676,43.92671],[-73.26469,43.92383],[-73.26486,43.92187],[-73.2675,43.92089],[-73.26333,43.91625],[-73.26519,43.91306],[-73.26079,43.90404],[-73.27129,43.87834],[-73.26833,43.87702],[-73.26908,43.86953],[-73.26494,43.8651],[-73.2667,43.86384],[-73.26574,43.85828],[-73.26157,43.85746],[-73.26396,43.85686],[-73.26514,43.85369],[-73.29692,43.8506],[-73.30312,43.8479],[-73.30335,43.84424],[-73.30649,43.84323],[-73.30842,43.83295],[-73.31153,43.83308],[-73.31802,43.82704],[-73.32577,43.82649],[-73.32708,43.81477],[-73.33185,43.80768],[-73.33702,43.80376],[-73.34069,43.80596],[-73.34673,43.80343],[-73.35018,43.80652],[-73.35375,43.80615],[-73.35629,43.8082],[-73.35216,43.81359],[-73.35881,43.81947],[-73.36077,43.82403],[-73.3631,43.82345],[-73.36829,43.82828],[-73.36809,43.83042],[-73.37545,43.82933],[-73.37587,43.83154],[-73.37205,43.83384],[-73.37227,43.83759],[-73.36857,43.84003],[-73.36753,43.84358],[-73.37349,43.84299],[-73.37246,43.84627],[-73.38205,43.85501],[-73.37405,43.87556],[-73.38349,43.89095],[-73.39588,43.90304],[-73.4079,43.93046]]]}},{"type":"Feature","id":"05732","properties":{"zip":"05732","pop":null,"city":"","county":"Rutland","state":"Vermont","area":10.32,"lat":43.67999,"lon":-73.18657},"geometry":{"type":"Polygon","coordinates":[[[-73.23333,43.62953],[-73.23179,43.63774],[-73.22416,43.63955],[-73.22138,43.64365],[-73.22571,43.65601],[-73.21687,43.65673],[-73.20876,43.65238],[-73.20588,43.66461],[-73.20212,43.66597],[-73.20148,43.66414],[-73.20125,43.66691],[-73.19836,43.66838],[-73.20106,43.674],[-73.19945,43.67761],[-73.19513,43.67884],[-73.19416,43.68606],[-73.19248,43.6827],[-73.18814,43.68561],[-73.18904,43.68748],[-73.18671,43.69185],[-73.18816,43.69423],[-73.1867,43.69577],[-73.18927,43.69736],[-73.18553,43.70378],[-73.18973,43.70508],[-73.18731,43.71026],[-73.19374,43.7181],[-73.18715,43.72955],[-73.18389,43.73144],[-73.18173,43.72928],[-73.1808,43.73023],[-73.18043,43.73714],[-73.18428,43.7435],[-73.18381,43.74783],[-73.18111,43.75027],[-73.13544,43.75194],[-73.13718,43.74285],[-73.13532,43.74012],[-73.12908,43.74429],[-73.12607,43.73442],[-73.13353,43.73438],[-73.1416,43.73099],[-73.14042,43.7257],[-73.15228,43.7253],[-73.15931,43.7198],[-73.17008,43.71691],[-73.17289,43.7112],[-73.18193,43.7097],[-73.18464,43.70715],[-73.17592,43.70709],[-73.17496,43.70476],[-73.18421,43.69655],[-73.18346,43.69157],[-73.19114,43.67868],[-73.18657,43.67857],[-73.18798,43.67679],[-73.18763,43.66719],[-73.18947,43.66715],[-73.19008,43.6613],[-73.18337,43.66137],[-73.18012,43.65883],[-73.17506,43.64566],[-73.17973,43.63443],[-73.18194,43.61977],[-73.18832,43.62286],[-73.19549,43.62262],[-73.20657,43.61719],[-73.20845,43.60849],[-73.21241,43.60889],[-73.21621,43.61394],[-73.23158,43.6114],[-73.22985,43.62235],[-73.23258,43.62429],[-73.23333,43.62953]]]}},{"type":"Feature","id":"05735","properties":{"zip":"05735","pop":null,"city":"Castleton Four Corners","county":"Rutland","state":"Vermont","area":32.11,"lat":43.64475,"lon":-73.15468},"geometry":{"type":"MultiPolygon","coordinates":[[[[-73.21362,43.6793],[-73.19513,43.67884],[-73.19945,43.67761],[-73.20106,43.674],[-73.19836,43.66838],[-73.20125,43.66691],[-73.20148,43.66414],[-73.20212,43.66597],[-73.20588,43.66461],[-73.20735,43.65655],[-73.21087,43.65664],[-73.21059,43.66308],[-73.21452,43.66316],[-73.21249,43.67473],[-73.21474,43.67846],[-73.21362,43.6793]]],[[[-73.24254,43.60127],[-73.24211,43.60702],[-73.23228,43.61154],[-73.23547,43.61162],[-73.23528,43.61887],[-73.23895,43.62362],[-73.23857,43.62999],[-73.22869,43.65849],[-73.22346,43.65601],[-73.21687,43.65673],[-73.22308,43.65521],[-73.22571,43.65601],[-73.22138,43.64365],[-73.22416,43.63955],[-73.23179,43.63774],[-73.23333,43.62953],[-73.23258,43.62429],[-73.22985,43.62235],[-73.23158,43.6114],[-73.21621,43.61394],[-73.21241,43.60889],[-73.20845,43.60849],[-73.20657,43.61719],[-73.19549,43.62262],[-73.18832,43.62286],[-73.18194,43.61977],[-73.17973,43.63443],[-73.17506,43.64566],[-73.18012,43.65883],[-73.18337,43.66137],[-73.19008,43.6613],[-73.18947,43.66715],[-73.18763,43.66719],[-73.18798,43.67679],[-73.18657,43.67857],[-73.19114,43.67868],[-73.18346,43.69157],[-73.18421,43.69655],[-73.17496,43.70476],[-73.17592,43.70709],[-73.18464,43.70715],[-73.18193,43.7097],[-73.17289,43.7112],[-73.17008,43.71691],[-73.15931,43.7198],[-73.15228,43.7253],[-73.14042,43.7257],[-73.1416,43.73099],[-73.13353,43.73438],[-73.12607,43.73442],[-73.08944,43.61131],[-73.08462,43.60854],[-73.06466,43.60437],[-73.07436,43.60273],[-73.11313,43.60477],[-73.11543,43.58475],[-73.24325,43.58745],[-73.24254,43.60127]]]]}},{"type":"Feature","id":"05079","properties":{"zip":"05079","pop":null,"city":"","county":"Orange","state":"Vermont","area":25.64,"lat":43.95593,"lon":-72.32202},"geometry":{"type":"Polygon","coordinates":[[[-72.39176,43.93939],[-72.38162,44.00802],[-72.24147,43.97946],[-72.27825,43.91403],[-72.26559,43.911],[-72.26277,43.90699],[-72.2631,43.89924],[-72.26145,43.89704],[-72.34377,43.91664],[-72.34048,43.91766],[-72.34547,43.93092],[-72.34322,43.93441],[-72.35154,43.94164],[-72.35291,43.94566],[-72.35632,43.94183],[-72.36351,43.92541],[-72.36191,43.92075],[-72.3942,43.92897],[-72.39176,43.93939]]]}},{"type":"Feature","id":"05658","properties":{"zip":"05658","pop":null,"city":"","county":"Washington","state":"Vermont","area":28.45,"lat":44.35924,"lon":-72.35399},"geometry":{"type":"Polygon","coordinates":[[[-72.43999,44.30438],[-72.39939,44.35889],[-72.40941,44.3608],[-72.40202,44.37069],[-72.40466,44.37656],[-72.3971,44.38926],[-72.40365,44.39179],[-72.39622,44.39734],[-72.3923,44.40291],[-72.4022,44.40743],[-72.40888,44.40578],[-72.41579,44.40829],[-72.41012,44.41856],[-72.40017,44.4195],[-72.39246,44.42465],[-72.38754,44.43352],[-72.37077,44.43058],[-72.35291,44.42069],[-72.35804,44.41382],[-72.3491,44.40718],[-72.34285,44.4051],[-72.33973,44.41417],[-72.33655,44.40837],[-72.32496,44.40485],[-72.32613,44.40376],[-72.32292,44.40214],[-72.32704,44.39411],[-72.33362,44.38848],[-72.3307,44.38583],[-72.33288,44.38451],[-72.33102,44.38172],[-72.33486,44.37779],[-72.3376,44.3666],[-72.32615,44.36222],[-72.31676,44.36416],[-72.30901,44.36271],[-72.29257,44.36706],[-72.29995,44.36908],[-72.30085,44.37203],[-72.30877,44.37268],[-72.31007,44.37651],[-72.30723,44.37805],[-72.30384,44.37685],[-72.29887,44.38473],[-72.28768,44.38107],[-72.29148,44.37705],[-72.28798,44.37585],[-72.28948,44.37369],[-72.28688,44.37275],[-72.28476,44.37574],[-72.27869,44.37339],[-72.28005,44.37014],[-72.2773,44.3687],[-72.26855,44.37076],[-72.2652,44.36939],[-72.2619,44.36653],[-72.26214,44.36384],[-72.25566,44.35958],[-72.26999,44.34053],[-72.30583,44.30856],[-72.3113,44.3074],[-72.32993,44.32295],[-72.35005,44.32748],[-72.35044,44.33552],[-72.35541,44.33765],[-72.36047,44.32892],[-72.36751,44.32312],[-72.37536,44.3095],[-72.37975,44.3069],[-72.38155,44.30009],[-72.38804,44.31041],[-72.39063,44.31166],[-72.39445,44.31142],[-72.39647,44.30798],[-72.39596,44.30436],[-72.39863,44.30198],[-72.39931,44.30669],[-72.40901,44.30426],[-72.41416,44.30006],[-72.42079,44.30376],[-72.42526,44.30429],[-72.4319,44.30056],[-72.43999,44.30438]]]}},{"type":"Feature","id":"05777","properties":{"zip":"05777","pop":null,"city":"West Rutland","county":"Rutland","state":"Vermont","area":32.3,"lat":43.55521,"lon":-73.05496},"geometry":{"type":"Polygon","coordinates":[[[-73.11988,43.5392],[-73.11313,43.60477],[-73.07436,43.60273],[-73.06466,43.60437],[-73.068,43.60609],[-73.06488,43.60771],[-73.06342,43.61254],[-73.06817,43.63108],[-73.06397,43.63129],[-73.06501,43.63427],[-73.06249,43.63957],[-73.06495,43.64241],[-73.06366,43.64867],[-73.06683,43.65183],[-73.0684,43.65978],[-73.07294,43.66431],[-73.05526,43.66486],[-73.0549,43.65953],[-73.05099,43.65961],[-73.04953,43.64789],[-73.05174,43.64782],[-73.05156,43.64303],[-73.04756,43.64324],[-73.0472,43.63889],[-73.05023,43.63875],[-73.04961,43.62999],[-73.04849,43.62685],[-73.04355,43.62702],[-73.04289,43.62083],[-73.0478,43.62074],[-73.04736,43.61472],[-73.04323,43.61509],[-73.04076,43.6126],[-73.0379,43.61267],[-73.03732,43.61075],[-73.03208,43.61079],[-73.02753,43.60376],[-73.02838,43.60026],[-73.02223,43.59633],[-73.01967,43.59157],[-73.01179,43.59157],[-73.01081,43.57379],[-73.01231,43.57369],[-73.01219,43.57139],[-73.00245,43.57167],[-73.00525,43.55824],[-73.00933,43.55035],[-73.00932,43.54479],[-72.99858,43.54876],[-72.99616,43.54476],[-72.99871,43.54469],[-72.99816,43.54026],[-72.99646,43.54042],[-72.99626,43.53575],[-72.99822,43.5356],[-72.99586,43.53253],[-72.99748,43.53081],[-72.99495,43.5212],[-72.99115,43.52052],[-72.99779,43.52091],[-72.99569,43.50695],[-72.98134,43.50782],[-72.97876,43.49548],[-72.98471,43.49576],[-72.985,43.49203],[-73.07137,43.49477],[-73.07511,43.49011],[-73.07536,43.48341],[-73.08022,43.48286],[-73.10405,43.53813],[-73.11988,43.5392]]]}},{"type":"Feature","id":"05902","properties":{"zip":"05902","pop":null,"city":"Beecher Falls","county":"Essex","state":"Vermont","area":0.96,"lat":45.00865,"lon":-71.49521},"geometry":{"type":"Polygon","coordinates":[[[-71.53021,44.99911],[-71.52862,45.00099],[-71.52452,45.00268],[-71.51472,45.00544],[-71.5179,45.00783],[-71.5188,45.01311],[-71.46456,45.01364],[-71.47668,45.00918],[-71.48055,45.00233],[-71.48968,45.00114],[-71.50425,45.00822],[-71.53021,44.99911]]]}},{"type":"Feature","id":"05473","properties":{"zip":"05473","pop":null,"city":"","county":"Addison","state":"Vermont","area":14.81,"lat":44.24119,"lon":-73.19361},"geometry":{"type":"Polygon","coordinates":[[[-73.28305,44.2567],[-73.28005,44.25304],[-73.27627,44.25782],[-73.26984,44.25598],[-73.26838,44.25716],[-73.27054,44.26012],[-73.1968,44.26663],[-73.13937,44.27421],[-73.14213,44.2708],[-73.14241,44.265],[-73.13535,44.26154],[-73.13617,44.25958],[-73.12614,44.25971],[-73.12367,44.25425],[-73.13151,44.24663],[-73.14177,44.24245],[-73.14488,44.23685],[-73.14009,44.23464],[-73.14353,44.22397],[-73.13928,44.2242],[-73.13603,44.21093],[-73.14656,44.21061],[-73.14467,44.202],[-73.14003,44.20254],[-73.13983,44.2008],[-73.14157,44.19636],[-73.15359,44.18362],[-73.16078,44.20342],[-73.1562,44.21622],[-73.16431,44.21447],[-73.16612,44.22374],[-73.17077,44.22321],[-73.18,44.22863],[-73.18323,44.22903],[-73.18824,44.22516],[-73.18261,44.19843],[-73.19003,44.19558],[-73.19043,44.19313],[-73.19281,44.19356],[-73.19609,44.19915],[-73.19508,44.20314],[-73.20001,44.20379],[-73.19679,44.20866],[-73.19735,44.21602],[-73.20106,44.21959],[-73.20436,44.23577],[-73.20844,44.23526],[-73.20777,44.25035],[-73.21249,44.24983],[-73.21433,44.24756],[-73.223,44.25141],[-73.2276,44.2494],[-73.23017,44.24159],[-73.23459,44.24216],[-73.23482,44.23523],[-73.24302,44.23392],[-73.24121,44.23009],[-73.25266,44.22823],[-73.25427,44.23],[-73.25732,44.22903],[-73.26005,44.22491],[-73.26321,44.22588],[-73.26123,44.22078],[-73.26821,44.22313],[-73.26379,44.22648],[-73.27488,44.23166],[-73.27699,44.22646],[-73.27761,44.22958],[-73.28006,44.23011],[-73.28153,44.24319],[-73.27744,44.24941],[-73.28305,44.2567]]]}},{"type":"Feature","id":"05081","properties":{"zip":"05081","pop":null,"city":"Wells River","county":"Orange","state":"Vermont","area":14.07,"lat":44.14294,"lon":-72.08461},"geometry":{"type":"Polygon","coordinates":[[[-72.13391,44.12201],[-72.12893,44.13363],[-72.13393,44.13496],[-72.13224,44.14033],[-72.12914,44.13954],[-72.12744,44.14498],[-72.13022,44.14575],[-72.12505,44.16251],[-72.11898,44.16248],[-72.11075,44.17258],[-72.09955,44.16938],[-72.10393,44.17354],[-72.10017,44.17624],[-72.10131,44.19252],[-72.09537,44.19319],[-72.09452,44.19045],[-72.08928,44.18644],[-72.08692,44.17799],[-72.08167,44.1749],[-72.07189,44.19532],[-72.07245,44.1904],[-72.06986,44.19108],[-72.06134,44.18495],[-72.05302,44.1679],[-72.04759,44.1618],[-72.04236,44.1617],[-72.0435,44.15692],[-72.03892,44.15642],[-72.04283,44.15097],[-72.04188,44.13762],[-72.03341,44.1311],[-72.03692,44.12527],[-72.04643,44.12391],[-72.05234,44.11989],[-72.05514,44.11042],[-72.05312,44.10355],[-72.06648,44.10186],[-72.06373,44.08767],[-72.07149,44.08675],[-72.0793,44.09543],[-72.08044,44.10099],[-72.0773,44.10303],[-72.07563,44.12029],[-72.07912,44.12541],[-72.09116,44.12419],[-72.09889,44.12566],[-72.09755,44.1303],[-72.10142,44.137],[-72.10038,44.14201],[-72.10196,44.14195],[-72.11043,44.09859],[-72.12399,44.10633],[-72.12821,44.11136],[-72.13271,44.11265],[-72.13391,44.12201]]]}},{"type":"Feature","id":"05158","properties":{"zip":"05158","pop":null,"city":"Westminster","county":"Windham","state":"Vermont","area":7.51,"lat":43.10315,"lon":-72.47296},"geometry":{"type":"Polygon","coordinates":[[[-72.52118,43.11448],[-72.52017,43.12305],[-72.51558,43.12717],[-72.45642,43.12545],[-72.45609,43.12294],[-72.46817,43.12363],[-72.46083,43.11706],[-72.45477,43.10572],[-72.45713,43.11592],[-72.456,43.11663],[-72.45598,43.11338],[-72.45372,43.11313],[-72.45356,43.11689],[-72.45105,43.1184],[-72.45058,43.12128],[-72.43795,43.12507],[-72.43297,43.11966],[-72.43266,43.11408],[-72.43484,43.10992],[-72.44059,43.10614],[-72.44305,43.10084],[-72.43519,43.08662],[-72.43532,43.08354],[-72.4452,43.07135],[-72.45471,43.06349],[-72.46652,43.05705],[-72.46795,43.05917],[-72.47016,43.05821],[-72.46807,43.07066],[-72.45411,43.08541],[-72.45855,43.08666],[-72.45647,43.09113],[-72.46376,43.09185],[-72.4673,43.10089],[-72.47939,43.10345],[-72.48671,43.10149],[-72.48532,43.09303],[-72.49278,43.08931],[-72.49857,43.08963],[-72.50016,43.09325],[-72.50797,43.10021],[-72.51954,43.10652],[-72.52118,43.11448]]]}},{"type":"Feature","id":"05062","properties":{"zip":"05062","pop":null,"city":"","county":"Windsor","state":"Vermont","area":26.25,"lat":43.50125,"lon":-72.58363},"geometry":{"type":"Polygon","coordinates":[[[-72.65583,43.49328],[-72.64488,43.5599],[-72.53283,43.53387],[-72.53115,43.49451],[-72.51884,43.49523],[-72.51835,43.49657],[-72.51705,43.49015],[-72.51887,43.48435],[-72.5138,43.47602],[-72.51838,43.47443],[-72.52165,43.46926],[-72.52496,43.46759],[-72.53028,43.46982],[-72.5304,43.4436],[-72.51941,43.44165],[-72.51948,43.43737],[-72.52729,43.43356],[-72.52025,43.43071],[-72.51863,43.41875],[-72.50839,43.41116],[-72.51312,43.41093],[-72.51819,43.4172],[-72.52316,43.4157],[-72.53384,43.41718],[-72.53092,43.43856],[-72.53444,43.44402],[-72.58011,43.44876],[-72.58228,43.45757],[-72.58111,43.46032],[-72.58392,43.46366],[-72.58536,43.4718],[-72.58868,43.47515],[-72.58099,43.47625],[-72.58258,43.48053],[-72.58579,43.48086],[-72.5881,43.47603],[-72.58867,43.47953],[-72.59343,43.48234],[-72.59571,43.47923],[-72.59423,43.47808],[-72.59655,43.47896],[-72.59978,43.4825],[-72.60318,43.47583],[-72.61158,43.47566],[-72.6387,43.48588],[-72.64558,43.48381],[-72.65089,43.48531],[-72.65293,43.48745],[-72.65266,43.49121],[-72.65583,43.49328]]]}},{"type":"Feature","id":"05492","properties":{"zip":"05492","pop":null,"city":"","county":"Lamoille","state":"Vermont","area":12.51,"lat":44.71328,"lon":-72.7585},"geometry":{"type":"Polygon","coordinates":[[[-72.80682,44.67791],[-72.8003,44.68911],[-72.8002,44.69383],[-72.79551,44.6922],[-72.78613,44.72772],[-72.7804,44.74023],[-72.78306,44.74029],[-72.78222,44.74425],[-72.77439,44.74317],[-72.76823,44.76636],[-72.76728,44.76482],[-72.75855,44.76364],[-72.75505,44.77703],[-72.74579,44.7759],[-72.7434,44.73241],[-72.7069,44.71847],[-72.74,44.67117],[-72.77129,44.68297],[-72.77685,44.68238],[-72.77866,44.67849],[-72.78276,44.67755],[-72.78265,44.67351],[-72.78698,44.67392],[-72.78237,44.67316],[-72.78325,44.66967],[-72.78854,44.66798],[-72.79404,44.67143],[-72.79317,44.6727],[-72.80002,44.6731],[-72.8009,44.67168],[-72.80109,44.67371],[-72.80682,44.67791]]]}}]}