{"type":"FeatureCollection","name":"zctas_56","features":[{"type":"Feature","id":"82630","properties":{"zip":"82630","pop":null,"city":"","county":"Natrona","state":"Wyoming","area":135.58,"lat":43.33422,"lon":-107.25604},"geometry":{"type":"Polygon","coordinates":[[[-107.41291,43.28586],[-107.4111,43.29254],[-107.41278,43.30323],[-107.40995,43.30567],[-107.40899,43.3123],[-107.40733,43.31445],[-107.40005,43.31316],[-107.40163,43.31679],[-107.39954,43.32521],[-107.38375,43.34095],[-107.37946,43.34264],[-107.37112,43.35361],[-107.3672,43.35611],[-107.35797,43.37303],[-107.35478,43.37298],[-107.35133,43.37762],[-107.35023,43.3834],[-107.34673,43.38688],[-107.34331,43.38729],[-107.34636,43.39454],[-107.34507,43.39591],[-107.34614,43.40373],[-107.35008,43.40924],[-107.34542,43.41146],[-107.34665,43.41712],[-107.34189,43.4179],[-107.34178,43.4214],[-107.33753,43.4281],[-107.33807,43.44288],[-107.32442,43.453],[-107.31513,43.45695],[-107.31359,43.46364],[-107.30895,43.46855],[-107.30356,43.47951],[-107.3018,43.48635],[-107.30424,43.48871],[-107.29708,43.49226],[-107.29222,43.50163],[-107.22677,43.50046],[-107.22519,43.49683],[-107.22861,43.49175],[-107.22255,43.48326],[-107.2243,43.47938],[-107.22184,43.47379],[-107.21482,43.47553],[-107.20094,43.4727],[-107.19079,43.47315],[-107.18505,43.4676],[-107.17645,43.46519],[-107.17249,43.4603],[-107.17049,43.4511],[-107.14191,43.42869],[-107.13862,43.42915],[-107.14237,43.43916],[-107.14181,43.44907],[-107.13647,43.45459],[-107.1139,43.45529],[-107.09902,43.45829],[-107.0949,43.45729],[-107.08291,43.46196],[-107.07561,43.45891],[-107.06739,43.45138],[-107.03806,43.45069],[-107.02262,43.44416],[-107.01188,43.44441],[-107.00639,43.4418],[-106.99854,43.43393],[-106.98247,43.42807],[-106.98255,43.42172],[-106.99206,43.41117],[-106.99902,43.40751],[-107.00093,43.40016],[-107.00613,43.39265],[-107.01731,43.38805],[-107.02924,43.38707],[-107.0452,43.38279],[-107.05046,43.37867],[-107.06224,43.38293],[-107.06983,43.3836],[-107.07876,43.3879],[-107.08723,43.39785],[-107.11734,43.40914],[-107.12562,43.40733],[-107.14008,43.40923],[-107.15206,43.40814],[-107.1541,43.4122],[-107.16155,43.41605],[-107.17326,43.41626],[-107.17667,43.41857],[-107.18322,43.41642],[-107.1921,43.4197],[-107.19251,43.4229],[-107.21523,43.42976],[-107.21928,43.43332],[-107.22177,43.44449],[-107.22986,43.45084],[-107.23801,43.44523],[-107.24907,43.44156],[-107.25958,43.4443],[-107.26465,43.44154],[-107.26719,43.43532],[-107.26235,43.43364],[-107.26329,43.42705],[-107.25987,43.42544],[-107.25902,43.41947],[-107.26224,43.41363],[-107.26063,43.40457],[-107.26369,43.38909],[-107.26827,43.38304],[-107.26982,43.37366],[-107.2764,43.36931],[-107.27628,43.35676],[-107.26899,43.34889],[-107.25311,43.33919],[-107.2413,43.3263],[-107.23957,43.32673],[-107.23475,43.32248],[-107.22498,43.32223],[-107.21564,43.31554],[-107.2059,43.3039],[-107.20228,43.30562],[-107.21063,43.2888],[-107.21667,43.28743],[-107.2203,43.28343],[-107.21968,43.27904],[-107.22608,43.26435],[-107.22588,43.25577],[-107.2233,43.25125],[-107.23226,43.25067],[-107.23706,43.2478],[-107.23971,43.23903],[-107.24949,43.22974],[-107.25761,43.18082],[-107.23948,43.18203],[-107.23361,43.18041],[-107.22712,43.18264],[-107.21967,43.17681],[-107.21103,43.16562],[-107.21433,43.16392],[-107.21293,43.16142],[-107.19947,43.15256],[-107.19799,43.14987],[-107.20251,43.14751],[-107.21454,43.14776],[-107.2342,43.14343],[-107.21137,43.12119],[-107.20677,43.11336],[-107.20644,43.1064],[-107.21425,43.10718],[-107.2124,43.11017],[-107.22799,43.13009],[-107.2309,43.12644],[-107.23763,43.12725],[-107.25133,43.1405],[-107.25987,43.1338],[-107.2708,43.13475],[-107.27975,43.13736],[-107.28564,43.14692],[-107.28386,43.15122],[-107.28886,43.15307],[-107.29742,43.14676],[-107.29639,43.16247],[-107.29781,43.16817],[-107.30031,43.16986],[-107.29836,43.17142],[-107.29969,43.17294],[-107.2925,43.17655],[-107.29463,43.17932],[-107.30967,43.18081],[-107.35089,43.19076],[-107.38787,43.19697],[-107.37646,43.21266],[-107.37139,43.21234],[-107.36815,43.22379],[-107.36321,43.23083],[-107.36637,43.24926],[-107.39437,43.25406],[-107.40401,43.27356],[-107.40836,43.27614],[-107.41291,43.28586]]]}},{"type":"Feature","id":"82225","properties":{"zip":"82225","pop":null,"city":"","county":"Niobrara","state":"Wyoming","area":815.78,"lat":42.9542,"lon":-104.31389},"geometry":{"type":"Polygon","coordinates":[[[-104.62333,43.04996],[-104.61246,43.05516],[-104.55168,43.05573],[-104.4332,43.05063],[-104.39254,43.04205],[-104.37648,43.04675],[-104.36133,43.04571],[-104.3617,43.12126],[-104.37936,43.12182],[-104.38735,43.12422],[-104.39033,43.1218],[-104.3898,43.11614],[-104.40089,43.1128],[-104.40049,43.1061],[-104.40205,43.106],[-104.41828,43.10812],[-104.42328,43.11072],[-104.43051,43.11762],[-104.43251,43.12377],[-104.43985,43.12953],[-104.43971,43.14634],[-104.44381,43.15818],[-104.44316,43.16329],[-104.43797,43.1728],[-104.44016,43.17336],[-104.44189,43.18081],[-104.44149,43.18417],[-104.43875,43.18502],[-104.4376,43.19294],[-104.43941,43.19843],[-104.44235,43.20094],[-104.44213,43.21043],[-104.43526,43.21428],[-104.43414,43.22124],[-104.42742,43.21946],[-104.42362,43.22181],[-104.42933,43.22574],[-104.42711,43.22811],[-104.42935,43.23225],[-104.43344,43.23284],[-104.43003,43.23435],[-104.43271,43.23507],[-104.43201,43.23683],[-104.43659,43.23675],[-104.4372,43.23983],[-104.44124,43.2404],[-104.43772,43.24482],[-104.44263,43.24265],[-104.43963,43.24976],[-104.4345,43.25547],[-104.44845,43.2566],[-104.45511,43.25905],[-104.46393,43.26568],[-104.48019,43.26388],[-104.48662,43.27357],[-104.48496,43.28119],[-104.49871,43.28496],[-104.49898,43.28688],[-104.50999,43.29084],[-104.51718,43.29284],[-104.53646,43.29364],[-104.53534,43.2849],[-104.53894,43.2845],[-104.53929,43.36775],[-104.5375,43.3685],[-104.53504,43.36541],[-104.53596,43.36074],[-104.52609,43.3453],[-104.50758,43.34361],[-104.47837,43.33552],[-104.45687,43.33701],[-104.44,43.34376],[-104.43095,43.34023],[-104.41363,43.33866],[-104.40974,43.33998],[-104.40421,43.3493],[-104.39766,43.35285],[-104.39545,43.35811],[-104.38874,43.36274],[-104.36373,43.35796],[-104.35922,43.3614],[-104.35043,43.36156],[-104.34229,43.36411],[-104.33443,43.36066],[-104.3286,43.36219],[-104.3293,43.36699],[-104.32651,43.37111],[-104.30264,43.36825],[-104.28763,43.36925],[-104.27902,43.36656],[-104.27159,43.35513],[-104.26891,43.36153],[-104.27373,43.3682],[-104.27037,43.37152],[-104.27157,43.37784],[-104.26289,43.38159],[-104.26437,43.38432],[-104.24184,43.3932],[-104.23638,43.39191],[-104.23341,43.38891],[-104.22894,43.38993],[-104.22472,43.3994],[-104.2182,43.40463],[-104.21762,43.40934],[-104.21267,43.40781],[-104.18694,43.40786],[-104.18503,43.40995],[-104.17492,43.41113],[-104.13363,43.41113],[-104.1323,43.4126],[-104.13494,43.41217],[-104.1368,43.41432],[-104.13254,43.4169],[-104.13288,43.42587],[-104.14609,43.43997],[-104.14829,43.44658],[-104.13842,43.481],[-104.13807,43.49218],[-104.13157,43.50291],[-104.05486,43.50332],[-104.05425,43.30424],[-104.06643,43.30468],[-104.12753,43.32165],[-104.18292,43.35251],[-104.19742,43.36445],[-104.20834,43.36427],[-104.22742,43.37245],[-104.23992,43.35639],[-104.26896,43.33607],[-104.27827,43.32393],[-104.29292,43.31074],[-104.28897,43.30315],[-104.28356,43.3008],[-104.28376,43.29778],[-104.2734,43.28814],[-104.27053,43.28032],[-104.27493,43.27644],[-104.26645,43.27605],[-104.253,43.27074],[-104.2612,43.2636],[-104.26033,43.24832],[-104.2424,43.25196],[-104.24225,43.24416],[-104.246,43.24262],[-104.24775,43.23918],[-104.21816,43.22757],[-104.22214,43.22145],[-104.21498,43.21498],[-104.21291,43.20823],[-104.21303,43.19602],[-104.21465,43.18508],[-104.22002,43.17623],[-104.17636,43.17636],[-104.16347,43.1656],[-104.16428,43.16409],[-104.1525,43.15745],[-104.14866,43.15258],[-104.13525,43.14358],[-104.12908,43.13997],[-104.12489,43.14155],[-104.12184,43.14012],[-104.11908,43.12497],[-104.10863,43.12103],[-104.11883,43.11591],[-104.11796,43.11224],[-104.11213,43.11316],[-104.10813,43.10847],[-104.11544,43.10707],[-104.11936,43.10431],[-104.11591,43.09834],[-104.11998,43.09622],[-104.11965,43.09294],[-104.12303,43.09043],[-104.11989,43.08805],[-104.1139,43.0868],[-104.11122,43.08928],[-104.09643,43.08647],[-104.0946,43.08903],[-104.08962,43.0883],[-104.08727,43.09045],[-104.07192,43.08789],[-104.06589,43.08514],[-104.06067,43.0864],[-104.05329,43.08336],[-104.05288,42.77292],[-104.0547,42.77646],[-104.06262,42.77708],[-104.06461,42.77385],[-104.07197,42.77625],[-104.09513,42.77867],[-104.09792,42.7746],[-104.10359,42.77748],[-104.10436,42.77202],[-104.11674,42.7826],[-104.14281,42.78626],[-104.1495,42.77986],[-104.15644,42.78683],[-104.16685,42.78556],[-104.17587,42.78766],[-104.20142,42.78665],[-104.18436,42.77895],[-104.17484,42.76406],[-104.17459,42.76241],[-104.18213,42.75754],[-104.17797,42.74967],[-104.16298,42.74638],[-104.16445,42.71349],[-104.15335,42.70843],[-104.14561,42.69793],[-104.13582,42.6888],[-104.13508,42.68509],[-104.12981,42.68084],[-104.12814,42.67596],[-104.11573,42.66866],[-104.10525,42.6672],[-104.10396,42.66294],[-104.15352,42.66805],[-104.17526,42.677],[-104.18668,42.6854],[-104.20048,42.69171],[-104.24163,42.70237],[-104.24206,42.69442],[-104.24715,42.68708],[-104.25083,42.67198],[-104.25126,42.64101],[-104.24098,42.64097],[-104.22167,42.62673],[-104.2109,42.61199],[-104.2419,42.61197],[-104.24224,42.53927],[-104.36721,42.53787],[-104.3585,42.51822],[-104.35782,42.49773],[-104.36151,42.48606],[-104.37308,42.48627],[-104.3883,42.49298],[-104.39511,42.49855],[-104.41464,42.50165],[-104.4408,42.51049],[-104.45888,42.51862],[-104.46718,42.52572],[-104.4854,42.53316],[-104.49249,42.53861],[-104.42167,42.53854],[-104.41871,42.54203],[-104.41957,42.55338],[-104.42693,42.55489],[-104.43015,42.55953],[-104.4395,42.56607],[-104.43831,42.60973],[-104.53174,42.60928],[-104.5313,42.62652],[-104.52625,42.6383],[-104.53577,42.64473],[-104.53569,42.67867],[-104.54738,42.68086],[-104.54931,42.68336],[-104.54953,42.69136],[-104.56147,42.69431],[-104.57203,42.69567],[-104.5738,42.69365],[-104.57964,42.69268],[-104.5954,42.69513],[-104.60636,42.6937],[-104.61501,42.69583],[-104.61739,42.71164],[-104.61783,42.77365],[-104.61195,42.77669],[-104.61284,42.78152],[-104.61798,42.78282],[-104.61939,42.83805],[-104.61022,42.83565],[-104.61103,42.82907],[-104.59891,42.82193],[-104.58647,42.82087],[-104.58076,42.82783],[-104.58055,42.81869],[-104.57652,42.81397],[-104.5762,42.80658],[-104.57081,42.80908],[-104.55425,42.80951],[-104.54649,42.81943],[-104.53684,42.82123],[-104.53754,42.86459],[-104.5303,42.86086],[-104.52015,42.86292],[-104.51478,42.86135],[-104.51277,42.86356],[-104.50805,42.86248],[-104.50818,42.86677],[-104.51577,42.87187],[-104.51726,42.87755],[-104.51797,42.90252],[-104.53129,42.90287],[-104.55743,42.915],[-104.57406,42.92678],[-104.57736,42.93865],[-104.5717,42.94389],[-104.56479,42.94254],[-104.56292,42.94544],[-104.55625,42.94581],[-104.54663,42.94997],[-104.5443,42.95535],[-104.54819,42.95824],[-104.54141,42.95822],[-104.54314,42.95965],[-104.53797,42.96013],[-104.53526,42.96401],[-104.51901,42.96684],[-104.52168,42.97178],[-104.51891,42.97822],[-104.52852,42.98174],[-104.52806,42.99121],[-104.52564,42.99484],[-104.52765,42.99653],[-104.5141,42.99992],[-104.51042,42.9953],[-104.51435,43.00308],[-104.51161,43.0111],[-104.54085,43.01552],[-104.55777,43.02282],[-104.56789,43.0214],[-104.57102,43.0172],[-104.58037,43.01091],[-104.58683,43.02069],[-104.59259,43.01959],[-104.59593,43.0227],[-104.5984,43.02721],[-104.59812,43.0317],[-104.61252,43.03749],[-104.62333,43.04996]]]}},{"type":"Feature","id":"82729","properties":{"zip":"82729","pop":null,"city":"","county":"Crook","state":"Wyoming","area":383.66,"lat":44.36383,"lon":-104.38735},"geometry":{"type":"Polygon","coordinates":[[[-104.74257,44.47215],[-104.73415,44.47365],[-104.73021,44.47627],[-104.73056,44.48016],[-104.72606,44.48327],[-104.73,44.48452],[-104.72521,44.49355],[-104.71938,44.49819],[-104.72252,44.50112],[-104.71654,44.50531],[-104.69045,44.50262],[-104.69081,44.50765],[-104.69426,44.51268],[-104.68967,44.51163],[-104.68706,44.51325],[-104.6837,44.51192],[-104.68379,44.50995],[-104.67897,44.50912],[-104.67679,44.50353],[-104.6568,44.50654],[-104.65685,44.50879],[-104.65057,44.51537],[-104.65027,44.51994],[-104.65538,44.52582],[-104.65935,44.5274],[-104.65951,44.53564],[-104.63766,44.53748],[-104.63215,44.53614],[-104.62978,44.53908],[-104.62499,44.53942],[-104.63044,44.5502],[-104.63223,44.55929],[-104.62299,44.55764],[-104.62186,44.54526],[-104.61768,44.53814],[-104.60845,44.53092],[-104.60466,44.52268],[-104.60384,44.51476],[-104.60709,44.51351],[-104.60171,44.50272],[-104.58727,44.50174],[-104.5786,44.49794],[-104.58324,44.49368],[-104.58972,44.49238],[-104.58871,44.48922],[-104.57888,44.48591],[-104.56476,44.48561],[-104.5595,44.48962],[-104.55845,44.49512],[-104.53941,44.49818],[-104.53538,44.49604],[-104.52315,44.49491],[-104.52169,44.49236],[-104.51906,44.49234],[-104.51758,44.48813],[-104.51273,44.48609],[-104.50261,44.49074],[-104.49843,44.49006],[-104.49569,44.48548],[-104.4772,44.48783],[-104.46538,44.48724],[-104.45399,44.48287],[-104.44027,44.47251],[-104.43261,44.48692],[-104.42105,44.49187],[-104.41331,44.49187],[-104.40919,44.49435],[-104.40965,44.50078],[-104.42111,44.50763],[-104.42226,44.51],[-104.42,44.51116],[-104.41953,44.51421],[-104.4171,44.51444],[-104.41455,44.50804],[-104.40837,44.50235],[-104.39911,44.50664],[-104.38916,44.51422],[-104.38098,44.5173],[-104.37525,44.52419],[-104.36933,44.52466],[-104.35941,44.52954],[-104.35832,44.53821],[-104.34861,44.5429],[-104.34812,44.54719],[-104.35329,44.54852],[-104.35462,44.55245],[-104.35487,44.55416],[-104.35266,44.55493],[-104.35891,44.55582],[-104.35874,44.55813],[-104.3617,44.55902],[-104.36428,44.56248],[-104.36327,44.56417],[-104.3672,44.56558],[-104.36748,44.56848],[-104.37888,44.56286],[-104.39194,44.56119],[-104.39322,44.56505],[-104.3909,44.57431],[-104.39508,44.57738],[-104.37909,44.57816],[-104.37759,44.57562],[-104.37184,44.57384],[-104.35887,44.58092],[-104.35146,44.5806],[-104.33952,44.58506],[-104.3254,44.58258],[-104.29875,44.58433],[-104.28806,44.58307],[-104.28607,44.59612],[-104.27848,44.58916],[-104.26825,44.58876],[-104.26557,44.58614],[-104.26135,44.58654],[-104.25499,44.58466],[-104.25553,44.58356],[-104.21526,44.58352],[-104.17862,44.5762],[-104.17256,44.56965],[-104.17287,44.53388],[-104.19383,44.53065],[-104.20894,44.52379],[-104.21933,44.51148],[-104.22561,44.49522],[-104.21839,44.4825],[-104.21493,44.48226],[-104.21756,44.47993],[-104.21626,44.47426],[-104.20628,44.47309],[-104.19541,44.47508],[-104.19506,44.46968],[-104.19248,44.46811],[-104.19289,44.46397],[-104.18911,44.46068],[-104.18978,44.45519],[-104.18462,44.44808],[-104.17921,44.44756],[-104.17921,44.44412],[-104.14511,44.44457],[-104.1537,44.43186],[-104.15834,44.43025],[-104.15895,44.42841],[-104.15263,44.4287],[-104.15099,44.42672],[-104.15468,44.42672],[-104.16435,44.41972],[-104.16237,44.41802],[-104.15672,44.41871],[-104.15729,44.41715],[-104.16605,44.41296],[-104.16754,44.41568],[-104.17336,44.41223],[-104.17642,44.4164],[-104.18129,44.41449],[-104.17904,44.40963],[-104.18065,44.40684],[-104.17632,44.40325],[-104.17605,44.40026],[-104.17831,44.39689],[-104.1894,44.3976],[-104.18286,44.38617],[-104.18462,44.37831],[-104.18842,44.37745],[-104.18801,44.37472],[-104.19115,44.37423],[-104.1901,44.37005],[-104.1953,44.3678],[-104.18809,44.36371],[-104.19295,44.35905],[-104.18857,44.35497],[-104.19442,44.35273],[-104.19417,44.34543],[-104.20055,44.34426],[-104.19925,44.33638],[-104.1893,44.33433],[-104.18866,44.33214],[-104.18038,44.32964],[-104.17238,44.32394],[-104.17231,44.31877],[-104.16447,44.32034],[-104.1608,44.31732],[-104.1576,44.31745],[-104.1535,44.31167],[-104.14579,44.31107],[-104.14521,44.31516],[-104.14266,44.31546],[-104.13875,44.31233],[-104.13297,44.31251],[-104.12677,44.30486],[-104.12361,44.30429],[-104.12108,44.30584],[-104.11687,44.30431],[-104.11777,44.30639],[-104.11584,44.30795],[-104.10761,44.30816],[-104.10557,44.30686],[-104.1061,44.30393],[-104.10059,44.30347],[-104.09897,44.30115],[-104.0991,44.2972],[-104.09077,44.28793],[-104.09033,44.28321],[-104.11017,44.27858],[-104.11223,44.27666],[-104.10898,44.26531],[-104.11397,44.25932],[-104.11325,44.25341],[-104.11482,44.25202],[-104.11341,44.24912],[-104.12572,44.24364],[-104.13756,44.2436],[-104.14262,44.248],[-104.15276,44.25135],[-104.15452,44.25589],[-104.15708,44.25404],[-104.16276,44.25684],[-104.16914,44.25662],[-104.17643,44.26717],[-104.17627,44.27213],[-104.18107,44.27137],[-104.18512,44.27296],[-104.18478,44.27979],[-104.18048,44.28171],[-104.18023,44.28384],[-104.18202,44.28593],[-104.18981,44.28683],[-104.18898,44.29741],[-104.20429,44.29622],[-104.20901,44.30153],[-104.21019,44.30576],[-104.21398,44.30397],[-104.2181,44.29728],[-104.22327,44.30012],[-104.23004,44.2895],[-104.24154,44.28971],[-104.24049,44.28331],[-104.2345,44.27819],[-104.25425,44.27868],[-104.25818,44.27694],[-104.26482,44.2689],[-104.27303,44.26916],[-104.29002,44.26423],[-104.29028,44.25781],[-104.28214,44.25415],[-104.27929,44.24382],[-104.26478,44.23955],[-104.26382,44.23603],[-104.25547,44.22904],[-104.239,44.2241],[-104.2317,44.22569],[-104.23081,44.22342],[-104.23659,44.22122],[-104.23708,44.21918],[-104.24346,44.21833],[-104.24269,44.21578],[-104.2449,44.21453],[-104.24287,44.2112],[-104.24671,44.20635],[-104.24699,44.20027],[-104.24492,44.19978],[-104.2447,44.19759],[-104.23802,44.19581],[-104.23777,44.19378],[-104.24546,44.189],[-104.24205,44.18507],[-104.24309,44.18077],[-104.24929,44.18078],[-104.24649,44.17713],[-104.23111,44.16957],[-104.22906,44.16599],[-104.21364,44.15349],[-104.20239,44.12342],[-104.19882,44.11988],[-104.23037,44.11962],[-104.23402,44.12143],[-104.24615,44.11966],[-104.25091,44.12288],[-104.25737,44.12396],[-104.26267,44.11903],[-104.26245,44.11429],[-104.27199,44.11409],[-104.27496,44.10455],[-104.27283,44.09989],[-104.27794,44.09351],[-104.28438,44.09462],[-104.2849,44.08831],[-104.29712,44.09254],[-104.30369,44.09279],[-104.31135,44.0967],[-104.32273,44.09648],[-104.33222,44.10999],[-104.33233,44.11718],[-104.351,44.12063],[-104.35737,44.11904],[-104.35703,44.16167],[-104.34996,44.16178],[-104.33873,44.16581],[-104.34204,44.17064],[-104.34054,44.17151],[-104.34392,44.1745],[-104.34182,44.18089],[-104.5169,44.18049],[-104.51707,44.19926],[-104.52126,44.20187],[-104.51921,44.2043],[-104.52282,44.20574],[-104.52176,44.20736],[-104.52811,44.21346],[-104.52702,44.21533],[-104.52981,44.21933],[-104.53248,44.21988],[-104.53222,44.22183],[-104.53527,44.22467],[-104.53686,44.22373],[-104.54625,44.25271],[-104.55164,44.25413],[-104.5564,44.26094],[-104.57342,44.27151],[-104.57353,44.27529],[-104.57633,44.27827],[-104.58745,44.28346],[-104.58784,44.28529],[-104.57717,44.28755],[-104.56896,44.29239],[-104.57078,44.29272],[-104.5712,44.29622],[-104.57622,44.29688],[-104.57804,44.30248],[-104.57481,44.30471],[-104.57725,44.3045],[-104.5881,44.31082],[-104.59317,44.31726],[-104.59816,44.31711],[-104.58998,44.32009],[-104.58682,44.31943],[-104.58033,44.32303],[-104.59627,44.32175],[-104.59776,44.3237],[-104.59175,44.33136],[-104.59095,44.34049],[-104.60059,44.35162],[-104.6027,44.35853],[-104.60824,44.36381],[-104.6106,44.36871],[-104.61108,44.38111],[-104.60899,44.3846],[-104.60565,44.38505],[-104.59865,44.40435],[-104.59128,44.41072],[-104.59094,44.41357],[-104.60258,44.42468],[-104.61185,44.42832],[-104.62091,44.42876],[-104.62278,44.42536],[-104.63358,44.42425],[-104.63895,44.42125],[-104.64146,44.42276],[-104.65407,44.4208],[-104.65513,44.41435],[-104.66147,44.41758],[-104.66335,44.42087],[-104.66945,44.42147],[-104.67682,44.42794],[-104.70011,44.4279],[-104.69895,44.44156],[-104.71771,44.44155],[-104.72709,44.45427],[-104.73077,44.45693],[-104.73596,44.45607],[-104.73254,44.45673],[-104.73391,44.45874],[-104.735,44.45774],[-104.73832,44.46437],[-104.73701,44.46635],[-104.74108,44.46728],[-104.74257,44.47215]]]}},{"type":"Feature","id":"82712","properties":{"zip":"82712","pop":null,"city":"","county":"Crook","state":"Wyoming","area":55.91,"lat":44.52592,"lon":-104.12364},"geometry":{"type":"Polygon","coordinates":[[[-104.22561,44.49522],[-104.21933,44.51148],[-104.20894,44.52379],[-104.19383,44.53065],[-104.17287,44.53388],[-104.17194,44.59723],[-104.16831,44.59578],[-104.16503,44.59757],[-104.16386,44.59579],[-104.15595,44.60959],[-104.14809,44.61129],[-104.14039,44.61714],[-104.13329,44.61947],[-104.05577,44.62053],[-104.05577,44.44482],[-104.10236,44.44476],[-104.1138,44.44665],[-104.17921,44.44412],[-104.17921,44.44756],[-104.18462,44.44808],[-104.18978,44.45519],[-104.18911,44.46068],[-104.19289,44.46397],[-104.19248,44.46811],[-104.19506,44.46968],[-104.19541,44.47508],[-104.20628,44.47309],[-104.21626,44.47426],[-104.21756,44.47993],[-104.21493,44.48226],[-104.21839,44.4825],[-104.22561,44.49522]]]}},{"type":"Feature","id":"82922","properties":{"zip":"82922","pop":null,"city":"Bondurant","county":"Sublette","state":"Wyoming","area":218.8,"lat":43.13504,"lon":-110.43431},"geometry":{"type":"Polygon","coordinates":[[[-110.58901,43.04019],[-110.58799,43.12615],[-110.57858,43.12631],[-110.57838,43.29164],[-110.37032,43.29126],[-110.37654,43.28051],[-110.38133,43.27996],[-110.38351,43.27782],[-110.38595,43.26838],[-110.38343,43.26598],[-110.38446,43.26143],[-110.37235,43.24883],[-110.36381,43.24852],[-110.36109,43.23983],[-110.35642,43.23819],[-110.35433,43.23189],[-110.34489,43.2306],[-110.32799,43.23253],[-110.30805,43.22957],[-110.29968,43.23076],[-110.29162,43.2354],[-110.27715,43.23898],[-110.28036,43.23518],[-110.27419,43.23317],[-110.26925,43.22084],[-110.26152,43.22015],[-110.26759,43.19865],[-110.26452,43.19523],[-110.27597,43.18249],[-110.29543,43.16809],[-110.30393,43.15747],[-110.3087,43.15562],[-110.30198,43.15586],[-110.29958,43.15193],[-110.28242,43.14861],[-110.27099,43.14208],[-110.26626,43.136],[-110.24748,43.1258],[-110.23959,43.12383],[-110.23909,43.12187],[-110.23242,43.1231],[-110.23225,43.1157],[-110.2289,43.11541],[-110.22676,43.11137],[-110.21755,43.10944],[-110.21358,43.11016],[-110.21332,43.11168],[-110.20397,43.1096],[-110.18812,43.0997],[-110.18481,43.09416],[-110.1797,43.09041],[-110.17812,43.08313],[-110.16951,43.07292],[-110.17036,43.06422],[-110.16883,43.06113],[-110.16555,43.06027],[-110.16392,43.052],[-110.17475,43.03941],[-110.21407,43.04528],[-110.23511,43.05536],[-110.24467,43.05568],[-110.26019,43.06237],[-110.27317,43.06519],[-110.3103,43.06745],[-110.32571,43.07084],[-110.35239,43.06911],[-110.38375,43.05793],[-110.40524,43.04547],[-110.4288,43.04416],[-110.43332,43.04077],[-110.4313,43.03631],[-110.42713,43.03404],[-110.40459,43.03263],[-110.4063,43.03086],[-110.40543,43.02909],[-110.40904,43.02494],[-110.42614,43.01783],[-110.43811,43.01326],[-110.44462,43.01299],[-110.44227,43.01225],[-110.44421,43.00926],[-110.43949,43.0085],[-110.43688,43.00282],[-110.42691,43.00276],[-110.43143,43.00195],[-110.42925,43.00008],[-110.43798,42.99936],[-110.41415,42.9982],[-110.40363,42.98672],[-110.40792,42.98385],[-110.40508,42.98283],[-110.40564,42.98047],[-110.40162,42.97877],[-110.40102,42.97637],[-110.41922,42.97772],[-110.44622,42.97532],[-110.45491,42.97771],[-110.46101,42.982],[-110.49185,42.98181],[-110.54234,42.96681],[-110.54539,42.96176],[-110.54916,42.96158],[-110.55455,42.95808],[-110.55614,42.95397],[-110.55969,42.95346],[-110.57825,42.9627],[-110.57928,42.96602],[-110.58862,42.96477],[-110.58901,43.04019]]]}},{"type":"Feature","id":"82224","properties":{"zip":"82224","pop":null,"city":"","county":"Converse","state":"Wyoming","area":74.74,"lat":42.93669,"lon":-104.88809},"geometry":{"type":"Polygon","coordinates":[[[-104.97859,42.91115],[-104.97805,42.92013],[-104.96356,42.92758],[-104.96793,42.93588],[-104.97276,42.93703],[-104.97212,42.94108],[-104.97433,42.94386],[-104.96891,42.95168],[-104.96964,42.95791],[-104.97164,42.95896],[-104.96939,42.96206],[-104.97033,42.96468],[-104.96074,42.96389],[-104.95191,42.96791],[-104.9409,42.96882],[-104.93974,42.97712],[-104.93408,42.98314],[-104.9085,42.99105],[-104.90589,42.99503],[-104.89804,42.99869],[-104.89775,43.04774],[-104.88359,43.04921],[-104.88586,43.05301],[-104.88334,43.05873],[-104.8843,43.06475],[-104.87654,43.07469],[-104.88127,43.08045],[-104.8814,43.08357],[-104.87639,43.08909],[-104.87312,43.09724],[-104.8616,43.10222],[-104.85684,43.1069],[-104.85805,43.11086],[-104.85309,43.11807],[-104.84461,43.11354],[-104.83137,43.11247],[-104.81209,43.10224],[-104.79923,43.08789],[-104.77889,43.07729],[-104.78033,43.071],[-104.7842,43.06883],[-104.78236,43.05914],[-104.77533,43.04918],[-104.77624,43.03019],[-104.7883,43.0254],[-104.7888,43.02135],[-104.79512,43.01821],[-104.79464,43.01269],[-104.80053,43.00662],[-104.80801,42.99398],[-104.80731,42.98882],[-104.81111,42.98681],[-104.81835,42.98994],[-104.82776,42.99905],[-104.83791,43.0005],[-104.84331,42.99952],[-104.84387,42.99588],[-104.8529,42.99514],[-104.85671,42.99388],[-104.85677,42.99194],[-104.86044,42.99253],[-104.85976,42.99114],[-104.8639,42.98862],[-104.86748,42.98299],[-104.8761,42.97523],[-104.87974,42.97448],[-104.87509,42.9716],[-104.87167,42.96592],[-104.86982,42.95954],[-104.87153,42.95467],[-104.86779,42.95113],[-104.86922,42.94847],[-104.87395,42.94454],[-104.89805,42.94696],[-104.89866,42.81149],[-104.88963,42.81349],[-104.88856,42.80392],[-104.875,42.80477],[-104.8734,42.81212],[-104.85897,42.81232],[-104.85722,42.81088],[-104.84219,42.81234],[-104.84153,42.80517],[-104.85063,42.79779],[-104.84979,42.79131],[-104.83848,42.78274],[-104.84524,42.78072],[-104.87277,42.78052],[-104.89348,42.78282],[-104.89287,42.71093],[-104.93279,42.7109],[-104.93275,42.73969],[-104.92823,42.73988],[-104.92945,42.74889],[-104.92665,42.75465],[-104.92766,42.77615],[-104.93223,42.77615],[-104.93868,42.78776],[-104.93891,42.80528],[-104.94377,42.80948],[-104.94339,42.81802],[-104.95197,42.82998],[-104.95451,42.83704],[-104.95738,42.83792],[-104.95478,42.84223],[-104.95639,42.8556],[-104.96537,42.86677],[-104.96842,42.88076],[-104.9733,42.8902],[-104.97358,42.89666],[-104.97827,42.9048],[-104.97859,42.91115]]]}},{"type":"Feature","id":"83414","properties":{"zip":"83414","pop":null,"city":"Alta","county":"Teton","state":"Wyoming","area":248.61,"lat":43.88842,"lon":-110.9495},"geometry":{"type":"Polygon","coordinates":[[[-111.04914,44.13237],[-110.77065,44.13226],[-110.76852,44.12985],[-110.76959,44.12646],[-110.79259,44.121],[-110.79462,44.11901],[-110.78816,44.11572],[-110.78584,44.1111],[-110.78841,44.10654],[-110.78838,44.10349],[-110.78546,44.10021],[-110.78835,44.09478],[-110.78639,44.08868],[-110.78876,44.08275],[-110.79778,44.08401],[-110.80419,44.08178],[-110.81367,44.0832],[-110.81732,44.08046],[-110.81666,44.07589],[-110.81982,44.07433],[-110.82578,44.06619],[-110.83371,44.07024],[-110.84359,44.06681],[-110.84368,44.06231],[-110.83975,44.06079],[-110.83743,44.05795],[-110.83766,44.05405],[-110.83229,44.04915],[-110.84199,44.04619],[-110.86427,44.0315],[-110.86995,44.03105],[-110.87553,44.02688],[-110.86911,44.02031],[-110.87528,44.00652],[-110.86826,44.00395],[-110.86677,43.99993],[-110.87335,43.99452],[-110.87285,43.9893],[-110.86929,43.98382],[-110.87153,43.979],[-110.86237,43.9682],[-110.85635,43.96502],[-110.85252,43.9592],[-110.85579,43.94481],[-110.85825,43.94102],[-110.85355,43.93152],[-110.84795,43.9266],[-110.84774,43.917],[-110.8453,43.91322],[-110.8481,43.90422],[-110.84171,43.90047],[-110.83918,43.89609],[-110.84111,43.88283],[-110.84856,43.88099],[-110.85079,43.87811],[-110.8735,43.87376],[-110.87206,43.86925],[-110.87935,43.8612],[-110.87912,43.85411],[-110.87626,43.84938],[-110.87548,43.83582],[-110.86824,43.81854],[-110.87092,43.80537],[-110.85795,43.80201],[-110.86076,43.79306],[-110.85914,43.79016],[-110.85495,43.78877],[-110.85286,43.77673],[-110.84898,43.77464],[-110.84604,43.7698],[-110.84972,43.76476],[-110.85412,43.76311],[-110.85316,43.76168],[-110.8558,43.7579],[-110.85221,43.75164],[-110.85139,43.74589],[-110.85339,43.74039],[-110.84848,43.73228],[-110.85193,43.72476],[-110.84078,43.71927],[-110.83806,43.71612],[-110.84038,43.70869],[-110.83839,43.70433],[-110.83432,43.70395],[-110.82921,43.70004],[-110.83109,43.69936],[-110.82407,43.69073],[-110.83622,43.68361],[-110.86124,43.68905],[-110.86382,43.68125],[-110.86668,43.68383],[-110.87917,43.68337],[-110.88289,43.6853],[-110.88935,43.6803],[-110.89248,43.68234],[-110.89702,43.67249],[-110.90718,43.67049],[-110.90674,43.66584],[-110.90963,43.65939],[-110.90553,43.65368],[-110.91142,43.6527],[-110.91326,43.64987],[-110.90944,43.6445],[-110.9112,43.64227],[-110.90496,43.63802],[-110.90141,43.63184],[-110.9091,43.63463],[-110.91534,43.63],[-110.92364,43.63081],[-110.93516,43.62789],[-110.94118,43.6226],[-110.94568,43.62254],[-110.94223,43.61311],[-110.95335,43.61522],[-110.95863,43.61388],[-110.95939,43.61167],[-110.96595,43.60827],[-110.97729,43.60716],[-110.98891,43.61076],[-111.00076,43.60662],[-111.01034,43.60575],[-111.03471,43.59411],[-111.03487,43.58861],[-111.0371,43.5852],[-111.04546,43.58309],[-111.04914,44.13237]]]}},{"type":"Feature","id":"82009","properties":{"zip":"82009","pop":null,"city":"Ranchettes","county":"Laramie","state":"Wyoming","area":960.11,"lat":41.38425,"lon":-104.85398},"geometry":{"type":"Polygon","coordinates":[[[-105.27998,41.27057],[-105.2794,41.27319],[-105.27397,41.27622],[-105.27606,41.27933],[-105.27032,41.27637],[-105.27274,41.28065],[-105.25933,41.28923],[-105.21765,41.28574],[-105.21142,41.28646],[-105.20851,41.29149],[-105.20326,41.29284],[-105.18372,41.29248],[-105.17999,41.29492],[-105.17899,41.29268],[-105.17246,41.29111],[-105.14734,41.29168],[-105.125,41.29673],[-105.13846,41.31746],[-105.13611,41.31877],[-105.13489,41.32395],[-105.1079,41.33558],[-105.1015,41.33466],[-105.09805,41.33712],[-105.0968,41.33555],[-105.09527,41.33843],[-105.09102,41.33794],[-105.08915,41.34082],[-105.08222,41.34119],[-105.0803,41.34673],[-105.07701,41.3455],[-105.0702,41.34893],[-105.06758,41.34694],[-105.06691,41.34874],[-105.05849,41.34779],[-105.057,41.5199],[-105.07834,41.51635],[-105.09067,41.51875],[-105.08991,41.52421],[-105.09259,41.53014],[-105.09071,41.53691],[-105.08051,41.54244],[-105.1025,41.55059],[-105.11337,41.55164],[-105.12307,41.54917],[-105.13708,41.54892],[-105.15928,41.55273],[-105.1867,41.54752],[-105.20619,41.54867],[-105.20486,41.5439],[-105.21427,41.5465],[-105.22133,41.53554],[-105.22096,41.52154],[-105.21824,41.51246],[-105.22048,41.50844],[-105.22037,41.49968],[-105.22272,41.49082],[-105.22077,41.4767],[-105.24184,41.47395],[-105.25162,41.46882],[-105.27847,41.47188],[-105.27824,41.65666],[-104.65334,41.65301],[-104.65299,41.56501],[-104.59249,41.56469],[-104.59329,41.48637],[-104.56245,41.49273],[-104.53591,41.47695],[-104.53181,41.4632],[-104.51401,41.45695],[-104.46498,41.46637],[-104.46103,41.45445],[-104.4601,41.45709],[-104.4569,41.45661],[-104.44355,41.46303],[-104.43628,41.47001],[-104.43881,41.47242],[-104.43453,41.47454],[-104.43239,41.48108],[-104.44574,41.48103],[-104.45114,41.47815],[-104.46384,41.47809],[-104.45971,41.49246],[-104.4598,41.49957],[-104.45397,41.50542],[-104.44047,41.51221],[-104.43992,41.53458],[-104.44309,41.54369],[-104.43963,41.54319],[-104.43174,41.54742],[-104.42735,41.54548],[-104.42308,41.54993],[-104.42123,41.54835],[-104.41787,41.54839],[-104.41516,41.55085],[-104.40579,41.54886],[-104.4043,41.55307],[-104.39907,41.55137],[-104.39629,41.55266],[-104.39774,41.55616],[-104.38985,41.55464],[-104.3869,41.55849],[-104.37686,41.55493],[-104.37472,41.55604],[-104.37535,41.55847],[-104.36911,41.55899],[-104.36863,41.55337],[-104.35917,41.54846],[-104.34356,41.54845],[-104.32872,41.54117],[-104.3243,41.53597],[-104.32022,41.54185],[-104.31643,41.53959],[-104.3291,41.52534],[-104.3367,41.52301],[-104.34811,41.50753],[-104.346,41.48554],[-104.338,41.46827],[-104.34332,41.44501],[-104.35105,41.43862],[-104.40898,41.41925],[-104.3828,41.41907],[-104.38258,41.38981],[-104.39418,41.38985],[-104.41383,41.37487],[-104.40654,41.37501],[-104.40674,41.3316],[-104.48563,41.33151],[-104.52101,41.30468],[-104.52246,41.29096],[-104.5207,41.26848],[-104.52247,41.2661],[-104.52053,41.26293],[-104.52094,41.25814],[-104.49081,41.25299],[-104.4834,41.24932],[-104.48369,41.21453],[-104.55942,41.21701],[-104.59578,41.20582],[-104.59529,41.2025],[-104.59762,41.20224],[-104.59819,41.15813],[-104.56038,41.15803],[-104.56521,41.15748],[-104.56529,41.14267],[-104.65349,41.14373],[-104.65324,41.1405],[-104.67053,41.14002],[-104.67661,41.13378],[-104.6822,41.13567],[-104.68503,41.13401],[-104.69116,41.13527],[-104.70292,41.1327],[-104.70426,41.13505],[-104.6829,41.14706],[-104.68464,41.14915],[-104.69631,41.14926],[-104.71678,41.14542],[-104.71341,41.14684],[-104.71322,41.15966],[-104.77484,41.16015],[-104.77527,41.15649],[-104.77882,41.15649],[-104.77977,41.16016],[-104.78879,41.16021],[-104.79095,41.15747],[-104.80728,41.15856],[-104.81512,41.16388],[-104.82867,41.16409],[-104.82907,41.16061],[-104.84006,41.16722],[-104.85841,41.16951],[-104.8655,41.16569],[-104.87994,41.16326],[-104.88023,41.15599],[-104.88561,41.14214],[-104.88625,41.13554],[-104.86859,41.13152],[-104.85026,41.1325],[-104.84922,41.13519],[-104.8422,41.13209],[-104.85112,41.11895],[-104.86081,41.12009],[-104.86089,41.1173],[-104.85758,41.11595],[-104.90609,41.11684],[-104.99119,41.10748],[-105.01664,41.10134],[-105.04408,41.10345],[-105.10469,41.09738],[-105.1629,41.09998],[-105.15541,41.10598],[-105.16357,41.10776],[-105.16497,41.10969],[-105.18385,41.11287],[-105.20343,41.10901],[-105.21677,41.11154],[-105.22439,41.10972],[-105.22038,41.11956],[-105.22397,41.12238],[-105.21926,41.12935],[-105.22687,41.12608],[-105.23021,41.12817],[-105.24387,41.12967],[-105.25318,41.12843],[-105.2789,41.1299],[-105.27998,41.27057]]]}},{"type":"Feature","id":"82201","properties":{"zip":"82201","pop":null,"city":"Slater","county":"Platte","state":"Wyoming","area":1237.68,"lat":42.01049,"lon":-105.11334},"geometry":{"type":"Polygon","coordinates":[[[-105.69129,41.70677],[-105.68697,41.71097],[-105.68329,41.70955],[-105.68183,41.71254],[-105.67628,41.71517],[-105.67893,41.71592],[-105.68089,41.72051],[-105.66432,41.72412],[-105.65331,41.72374],[-105.66083,41.7301],[-105.66927,41.74184],[-105.52034,41.74228],[-105.52033,41.73924],[-105.49777,41.74958],[-105.49408,41.75599],[-105.47957,41.76874],[-105.47044,41.77995],[-105.45021,41.77499],[-105.43312,41.77534],[-105.40696,41.76803],[-105.39079,41.76783],[-105.38889,41.76846],[-105.39377,41.77014],[-105.39371,41.77158],[-105.38933,41.77372],[-105.39638,41.77677],[-105.39774,41.77996],[-105.39747,41.7853],[-105.38648,41.80154],[-105.3927,41.8018],[-105.38269,41.80305],[-105.37268,41.80113],[-105.3696,41.79667],[-105.36501,41.79458],[-105.36018,41.79404],[-105.36001,41.79656],[-105.35398,41.794],[-105.35325,41.79582],[-105.34783,41.79732],[-105.34816,41.79919],[-105.3433,41.79955],[-105.33477,41.80539],[-105.33217,41.80504],[-105.33231,41.808],[-105.31577,41.812],[-105.3051,41.80814],[-105.2989,41.80931],[-105.29551,41.81254],[-105.29045,41.81171],[-105.28162,41.81364],[-105.28069,41.81541],[-105.2825,41.81727],[-105.28029,41.81841],[-105.28311,41.82096],[-105.2827,41.82294],[-105.27163,41.82818],[-105.27145,41.87004],[-105.27671,41.8681],[-105.2777,41.86378],[-105.28444,41.85987],[-105.34247,41.85315],[-105.36111,41.85296],[-105.36402,41.85435],[-105.36147,41.85748],[-105.37238,41.85655],[-105.37538,41.85874],[-105.38151,41.85492],[-105.38635,41.85449],[-105.39323,41.85958],[-105.40153,41.86046],[-105.40809,41.85718],[-105.40887,41.85492],[-105.41478,41.85546],[-105.42467,41.85122],[-105.4562,41.84842],[-105.46539,41.85007],[-105.46892,41.8532],[-105.46855,41.85903],[-105.47215,41.8626],[-105.46477,41.86935],[-105.46654,41.87007],[-105.45507,41.87489],[-105.45284,41.87715],[-105.45362,41.87879],[-105.44908,41.8811],[-105.44974,41.88331],[-105.44595,41.88333],[-105.44712,41.88678],[-105.44076,41.88886],[-105.44356,41.89084],[-105.44227,41.89326],[-105.44375,41.89429],[-105.44106,41.89562],[-105.442,41.89777],[-105.43855,41.89873],[-105.43881,41.90049],[-105.39569,41.90059],[-105.37366,41.90848],[-105.36964,41.90832],[-105.38356,41.91409],[-105.37526,41.92242],[-105.41853,41.92987],[-105.41337,41.93762],[-105.41234,41.95388],[-105.41903,41.9561],[-105.43396,41.95406],[-105.44572,41.95603],[-105.44391,41.95965],[-105.44689,41.96093],[-105.44665,41.96245],[-105.4412,41.96609],[-105.45276,41.96726],[-105.45217,41.97247],[-105.4584,41.97017],[-105.45922,41.97594],[-105.46315,41.97806],[-105.4829,41.9797],[-105.48313,41.98126],[-105.48916,41.97931],[-105.49136,41.98291],[-105.49884,41.98191],[-105.50462,41.98525],[-105.50844,41.99352],[-105.51428,41.99106],[-105.52675,41.99286],[-105.53757,41.99108],[-105.54326,41.99444],[-105.55114,41.9951],[-105.54791,42.0047],[-105.52463,42.02251],[-105.51008,42.02181],[-105.5019,42.0242],[-105.49009,42.02013],[-105.48567,42.0236],[-105.45879,42.03203],[-105.45198,42.03867],[-105.45551,42.0435],[-105.42656,42.04034],[-105.41288,42.04276],[-105.4076,42.04763],[-105.40096,42.05045],[-105.38511,42.0482],[-105.38299,42.04993],[-105.38127,42.05343],[-105.38434,42.05438],[-105.38604,42.07488],[-105.38382,42.08318],[-105.38931,42.08963],[-105.3919,42.09015],[-105.39298,42.09336],[-105.39095,42.09949],[-105.38059,42.10816],[-105.37433,42.10891],[-105.36631,42.10701],[-105.35593,42.1153],[-105.35237,42.11956],[-105.35243,42.12438],[-105.35566,42.1256],[-105.35622,42.12823],[-105.34747,42.13683],[-105.35551,42.14386],[-105.37097,42.1446],[-105.3785,42.13992],[-105.381,42.14293],[-105.39742,42.14277],[-105.40171,42.14614],[-105.40123,42.14776],[-105.41485,42.15124],[-105.40557,42.17494],[-105.45716,42.17439],[-105.5067,42.15075],[-105.51069,42.14791],[-105.5052,42.14509],[-105.49279,42.1448],[-105.49173,42.14032],[-105.48452,42.13438],[-105.48683,42.13259],[-105.47909,42.12436],[-105.50414,42.1229],[-105.51593,42.11589],[-105.52532,42.11349],[-105.52925,42.11344],[-105.52935,42.11566],[-105.53697,42.11941],[-105.53816,42.12799],[-105.5408,42.1293],[-105.53866,42.13606],[-105.54326,42.13985],[-105.54266,42.14298],[-105.55348,42.141],[-105.56074,42.15045],[-105.5577,42.15205],[-105.55877,42.15613],[-105.55549,42.16457],[-105.55176,42.16584],[-105.54397,42.17446],[-105.52955,42.17786],[-105.5252,42.18333],[-105.52378,42.19192],[-105.53226,42.19453],[-105.53407,42.20278],[-105.52574,42.20816],[-105.52397,42.21252],[-105.51741,42.21859],[-105.51764,42.22251],[-105.50638,42.23133],[-105.50763,42.23905],[-105.50129,42.24843],[-105.49762,42.24988],[-105.49877,42.25719],[-105.50416,42.26312],[-105.5038,42.27061],[-105.50572,42.27553],[-105.51028,42.2777],[-105.50541,42.28121],[-105.49701,42.2833],[-105.49264,42.28997],[-105.37554,42.29014],[-105.37868,42.31902],[-105.35859,42.31927],[-105.36083,42.33353],[-105.36174,42.37632],[-105.35223,42.37639],[-105.352,42.40462],[-105.34206,42.40493],[-105.3421,42.41907],[-105.33249,42.4191],[-105.33264,42.43111],[-105.28391,42.4314],[-105.28205,42.34719],[-105.27534,42.34929],[-105.26363,42.34867],[-105.25207,42.34366],[-105.23731,42.34614],[-105.21951,42.34509],[-105.21576,42.34713],[-105.21644,42.3523],[-105.20503,42.35355],[-105.18651,42.34971],[-105.19252,42.35705],[-105.19005,42.36631],[-105.17807,42.35993],[-105.16154,42.35471],[-105.14912,42.35299],[-105.15993,42.34698],[-105.14848,42.34664],[-105.13812,42.34259],[-105.13283,42.34696],[-105.12984,42.35463],[-105.12222,42.35637],[-105.10793,42.35317],[-105.09766,42.34828],[-105.08588,42.34698],[-105.06244,42.34778],[-105.05658,42.34421],[-105.04671,42.34398],[-105.04606,42.34832],[-105.04686,42.29251],[-105.04878,42.28597],[-105.03986,42.2894],[-105.03387,42.28713],[-105.0155,42.28585],[-105.01017,42.28787],[-105.00448,42.2868],[-104.9857,42.28847],[-104.97482,42.28677],[-104.97006,42.29225],[-104.96214,42.29206],[-104.95897,42.29619],[-104.95506,42.29346],[-104.95185,42.29923],[-104.94286,42.30041],[-104.94422,42.31034],[-104.94229,42.32198],[-104.90789,42.29577],[-104.90782,42.27145],[-104.90327,42.27629],[-104.89424,42.27666],[-104.8912,42.27848],[-104.89098,42.26522],[-104.83699,42.26525],[-104.82976,42.25659],[-104.80242,42.27013],[-104.77658,42.26526],[-104.76237,42.26956],[-104.75288,42.26976],[-104.75377,42.2623],[-104.75044,42.26036],[-104.74183,42.25984],[-104.74241,42.25242],[-104.74055,42.24921],[-104.74306,42.24328],[-104.7373,42.23466],[-104.73244,42.23163],[-104.7322,42.22691],[-104.77134,42.2271],[-104.77153,42.20537],[-104.75181,42.20532],[-104.75176,42.19797],[-104.77123,42.19805],[-104.77107,42.19077],[-104.76145,42.19076],[-104.76127,42.17656],[-104.72091,42.17653],[-104.72189,42.17314],[-104.71369,42.16103],[-104.71371,42.15578],[-104.69594,42.16915],[-104.69098,42.16792],[-104.6899,42.17213],[-104.68719,42.17255],[-104.69095,42.1754],[-104.68754,42.17671],[-104.68396,42.17209],[-104.68442,42.17782],[-104.68641,42.17874],[-104.68153,42.18048],[-104.68514,42.18309],[-104.6811,42.18379],[-104.68269,42.18928],[-104.6803,42.19156],[-104.67566,42.19121],[-104.67482,42.19582],[-104.6658,42.19654],[-104.66314,42.19546],[-104.66429,42.19045],[-104.65812,42.18819],[-104.65446,42.18924],[-104.65355,41.84255],[-104.67295,41.84263],[-104.67288,41.82804],[-104.76929,41.82726],[-104.7694,41.81968],[-104.76723,41.8134],[-104.78418,41.80888],[-104.79219,41.80975],[-104.79266,41.80631],[-104.79887,41.8062],[-104.79201,41.79468],[-104.79125,41.78454],[-104.80466,41.78502],[-104.81132,41.78871],[-104.81263,41.78491],[-104.83482,41.78458],[-104.84178,41.78955],[-104.84535,41.78914],[-104.84701,41.78675],[-104.84643,41.78317],[-104.8593,41.78332],[-104.86677,41.78097],[-104.87164,41.78291],[-104.87654,41.77783],[-104.87585,41.77293],[-104.88025,41.77018],[-104.94943,41.77033],[-104.9686,41.76681],[-104.97691,41.76491],[-104.98956,41.7575],[-104.99292,41.75881],[-104.99766,41.75191],[-105.004,41.75191],[-105.00874,41.7438],[-105.02628,41.73957],[-105.03004,41.73918],[-105.03887,41.74247],[-105.04703,41.74213],[-105.05164,41.74674],[-105.05705,41.74885],[-105.06699,41.7488],[-105.07593,41.75255],[-105.08372,41.75325],[-105.09192,41.7505],[-105.10785,41.74933],[-105.10676,41.74103],[-105.11018,41.73165],[-105.10815,41.72531],[-105.11222,41.71612],[-105.1003,41.71431],[-105.09872,41.71037],[-105.08968,41.70381],[-105.09807,41.70157],[-105.09848,41.69961],[-105.0849,41.69184],[-105.07817,41.69072],[-105.09085,41.68955],[-105.10498,41.69222],[-105.10827,41.69521],[-105.11109,41.68818],[-105.12019,41.68779],[-105.12123,41.68512],[-105.11878,41.68407],[-105.1216,41.67585],[-105.11876,41.66699],[-105.11892,41.65641],[-105.27824,41.65666],[-105.27864,41.6496],[-105.28464,41.64806],[-105.29304,41.65567],[-105.29463,41.66053],[-105.29799,41.66215],[-105.30816,41.66377],[-105.31524,41.66016],[-105.32344,41.66058],[-105.32453,41.66371],[-105.32915,41.65988],[-105.34607,41.65858],[-105.35273,41.65402],[-105.3624,41.65271],[-105.36169,41.65001],[-105.36535,41.64808],[-105.36472,41.64553],[-105.36742,41.64344],[-105.3843,41.63979],[-105.3826,41.63547],[-105.39164,41.63258],[-105.39702,41.62849],[-105.41367,41.6278],[-105.42194,41.62455],[-105.43463,41.62536],[-105.44173,41.62642],[-105.45782,41.63746],[-105.48106,41.64634],[-105.49375,41.64752],[-105.53414,41.65829],[-105.56921,41.67885],[-105.6002,41.69389],[-105.6107,41.70377],[-105.63638,41.7165],[-105.63654,41.68624],[-105.67035,41.68605],[-105.6867,41.69537],[-105.69129,41.70677]]]}},{"type":"Feature","id":"82839","properties":{"zip":"82839","pop":null,"city":"","county":"Sheridan","state":"Wyoming","area":79.05,"lat":44.92887,"lon":-107.15774},"geometry":{"type":"Polygon","coordinates":[[[-107.31516,45.00072],[-107.12742,44.99984],[-107.09023,44.99693],[-107.09299,44.99058],[-107.0839,44.98512],[-107.08293,44.98214],[-107.07704,44.98351],[-107.07777,44.98536],[-107.07068,44.99151],[-107.04721,44.98618],[-107.03315,44.97984],[-107.0289,44.97071],[-107.04209,44.96725],[-107.04378,44.95661],[-107.05417,44.95535],[-107.05963,44.95756],[-107.06531,44.95379],[-107.06596,44.94789],[-107.07607,44.94046],[-107.0779,44.92057],[-107.08185,44.91817],[-107.08348,44.9141],[-107.04047,44.90869],[-107.0201,44.90063],[-107.01361,44.9026],[-107.00747,44.90748],[-106.99501,44.90624],[-106.99635,44.90449],[-106.98548,44.90482],[-106.98182,44.90176],[-106.98682,44.88261],[-107.00097,44.8858],[-107.00984,44.88284],[-107.01146,44.88504],[-107.01117,44.88191],[-107.01735,44.87681],[-107.01662,44.87317],[-107.02417,44.86789],[-107.02564,44.86438],[-107.02975,44.86424],[-107.05106,44.87311],[-107.05037,44.87153],[-107.05507,44.86665],[-107.05919,44.86657],[-107.06543,44.86402],[-107.0681,44.86041],[-107.07623,44.85834],[-107.07264,44.85832],[-107.07299,44.8548],[-107.06017,44.84598],[-107.05947,44.83552],[-107.10345,44.83549],[-107.11852,44.84596],[-107.12813,44.84709],[-107.13636,44.8565],[-107.14885,44.86016],[-107.14069,44.86793],[-107.14667,44.87319],[-107.1438,44.87734],[-107.16289,44.88953],[-107.16042,44.88441],[-107.16675,44.88199],[-107.16994,44.88336],[-107.16896,44.88201],[-107.17116,44.88206],[-107.17145,44.88043],[-107.17596,44.88177],[-107.17511,44.88051],[-107.17723,44.87932],[-107.17116,44.87757],[-107.1792,44.87554],[-107.17544,44.87438],[-107.17849,44.87042],[-107.17521,44.86624],[-107.18155,44.86281],[-107.18027,44.86143],[-107.18237,44.8595],[-107.18095,44.85953],[-107.18374,44.85697],[-107.18155,44.85109],[-107.18425,44.84685],[-107.18949,44.84374],[-107.18915,44.84238],[-107.18431,44.84225],[-107.18429,44.83515],[-107.19956,44.83516],[-107.20055,44.8642],[-107.1951,44.86422],[-107.19494,44.87566],[-107.20812,44.8753],[-107.20848,44.87885],[-107.23581,44.87877],[-107.23588,44.88294],[-107.22543,44.88363],[-107.22137,44.88946],[-107.21596,44.88823],[-107.2151,44.89066],[-107.21034,44.89131],[-107.21044,44.89844],[-107.23255,44.89541],[-107.26145,44.87993],[-107.26712,44.88272],[-107.27995,44.89406],[-107.29424,44.91153],[-107.30116,44.91727],[-107.30065,44.91944],[-107.28756,44.92394],[-107.28754,44.935],[-107.28574,44.93877],[-107.27206,44.94009],[-107.27207,44.95797],[-107.28181,44.95846],[-107.28228,44.96616],[-107.28531,44.96783],[-107.28903,44.96702],[-107.29397,44.97091],[-107.29383,44.96878],[-107.3003,44.97033],[-107.30367,44.96917],[-107.30536,44.97306],[-107.30466,44.98561],[-107.31378,44.99533],[-107.31516,45.00072]]]}},{"type":"Feature","id":"82620","properties":{"zip":"82620","pop":null,"city":"","county":"Natrona","state":"Wyoming","area":314.35,"lat":42.52424,"lon":-107.08137},"geometry":{"type":"Polygon","coordinates":[[[-107.52292,42.43436],[-107.38411,42.43459],[-107.37657,42.45238],[-107.37171,42.45862],[-107.37387,42.46227],[-107.41842,42.49012],[-107.42655,42.48878],[-107.4471,42.48973],[-107.44908,42.48598],[-107.44805,42.48315],[-107.45574,42.47544],[-107.45566,42.47794],[-107.46229,42.47481],[-107.46464,42.47669],[-107.46935,42.47407],[-107.47459,42.47383],[-107.4725,42.47701],[-107.4781,42.4764],[-107.47608,42.47901],[-107.48528,42.48331],[-107.48771,42.48058],[-107.48841,42.48229],[-107.47815,42.48667],[-107.46366,42.50025],[-107.45511,42.50412],[-107.43816,42.52166],[-107.3996,42.5406],[-107.39222,42.54829],[-107.37686,42.55925],[-107.36051,42.56501],[-107.32023,42.58903],[-107.33153,42.59115],[-107.29771,42.6413],[-107.29149,42.64152],[-107.29241,42.64413],[-107.28614,42.64958],[-107.26507,42.65925],[-107.29383,42.66994],[-107.31062,42.68489],[-107.30263,42.68606],[-107.29567,42.68214],[-107.2781,42.67682],[-107.29081,42.68679],[-107.29616,42.69656],[-107.28284,42.68939],[-107.2803,42.68485],[-107.27213,42.68364],[-107.2647,42.67604],[-107.25996,42.67416],[-107.26071,42.6728],[-107.25718,42.66982],[-107.25914,42.6619],[-107.26121,42.66141],[-107.25945,42.66016],[-107.25861,42.65365],[-107.25699,42.65322],[-107.25811,42.65135],[-107.25345,42.64577],[-107.24767,42.64509],[-107.24957,42.64067],[-107.24738,42.63922],[-107.24844,42.63417],[-107.24682,42.63332],[-107.24745,42.62976],[-107.24521,42.62848],[-107.24483,42.62313],[-107.25235,42.62441],[-107.26132,42.61082],[-107.2708,42.60898],[-107.2752,42.60028],[-107.27533,42.5981],[-107.27069,42.59432],[-107.27552,42.5873],[-107.27181,42.57889],[-107.26535,42.57968],[-107.26322,42.57746],[-107.25908,42.57714],[-107.25972,42.57585],[-107.25027,42.57561],[-107.24568,42.57363],[-107.24393,42.57485],[-107.23894,42.57325],[-107.23886,42.57518],[-107.23479,42.57504],[-107.22263,42.57118],[-107.19134,42.56957],[-107.17559,42.5714],[-107.17266,42.57494],[-107.1695,42.5722],[-107.16411,42.5724],[-107.14423,42.57691],[-107.12625,42.56421],[-107.08995,42.54684],[-107.00008,42.56701],[-106.99747,42.57475],[-106.99152,42.58025],[-106.98638,42.58149],[-106.98318,42.59038],[-106.9781,42.59138],[-106.97884,42.59665],[-106.9735,42.59703],[-106.97356,42.59858],[-106.96402,42.60388],[-106.96821,42.61091],[-106.96404,42.61354],[-106.96607,42.6154],[-106.96837,42.61715],[-106.97888,42.61831],[-106.97827,42.62007],[-106.98429,42.62198],[-106.97962,42.62587],[-106.98241,42.62776],[-106.98113,42.6317],[-106.99088,42.63943],[-106.99143,42.64206],[-106.99811,42.64226],[-107.00199,42.64586],[-107.01444,42.64789],[-107.01677,42.65196],[-107.0378,42.67016],[-107.04925,42.67339],[-107.04992,42.67504],[-107.05704,42.67326],[-107.05714,42.67596],[-107.05956,42.67743],[-107.06678,42.67854],[-107.07032,42.67578],[-107.07462,42.67536],[-107.08071,42.68084],[-107.07197,42.67745],[-107.06726,42.67903],[-107.05948,42.67818],[-107.05675,42.67625],[-107.05638,42.67388],[-107.04994,42.6767],[-107.04913,42.67401],[-107.04074,42.67193],[-107.04095,42.67472],[-107.03903,42.67533],[-107.05053,42.68551],[-107.04152,42.68914],[-107.03931,42.69435],[-106.9242,42.61871],[-106.90306,42.62667],[-106.89443,42.63553],[-106.87462,42.6359],[-106.86246,42.64764],[-106.85676,42.64469],[-106.84023,42.64485],[-106.82613,42.65239],[-106.80431,42.65842],[-106.80276,42.66531],[-106.79422,42.67389],[-106.76101,42.67966],[-106.75955,42.6774],[-106.74488,42.68214],[-106.73571,42.67685],[-106.73235,42.67743],[-106.73484,42.67476],[-106.73376,42.67064],[-106.72448,42.66376],[-106.71739,42.66278],[-106.71713,42.60461],[-106.67752,42.60428],[-106.68401,42.60124],[-106.68757,42.60236],[-106.68763,42.5998],[-106.69738,42.59779],[-106.69757,42.5955],[-106.70218,42.59559],[-106.70425,42.59116],[-106.70092,42.58789],[-106.70692,42.58318],[-106.71062,42.58609],[-106.71583,42.5862],[-106.71168,42.57997],[-106.71675,42.57739],[-106.73089,42.57887],[-106.71488,42.57214],[-106.71404,42.5703],[-106.71816,42.56349],[-106.71641,42.55985],[-106.71093,42.55605],[-106.71175,42.55376],[-106.78466,42.50741],[-106.78645,42.50336],[-106.77926,42.49601],[-106.78654,42.49495],[-106.78321,42.48877],[-106.78842,42.48173],[-106.79537,42.47668],[-106.79192,42.47069],[-106.79605,42.47083],[-106.79889,42.46732],[-106.8081,42.46805],[-106.81128,42.46467],[-106.82153,42.4637],[-106.84791,42.46471],[-106.8529,42.46804],[-106.85922,42.46704],[-106.87139,42.46064],[-106.88478,42.45763],[-106.8891,42.44921],[-106.90466,42.44569],[-106.9134,42.43594],[-106.91286,42.43319],[-107.21886,42.43439],[-107.39441,42.3908],[-107.444,42.36281],[-107.45924,42.37879],[-107.46606,42.39003],[-107.49363,42.40632],[-107.52292,42.43436]]]}},{"type":"Feature","id":"82218","properties":{"zip":"82218","pop":null,"city":"Huntley","county":"Goshen","state":"Wyoming","area":0.75,"lat":41.93624,"lon":-104.14004},"geometry":{"type":"Polygon","coordinates":[[[-104.14986,41.94352],[-104.1303,41.94354],[-104.13027,41.92892],[-104.14977,41.92895],[-104.14986,41.94352]]]}},{"type":"Feature","id":"82414","properties":{"zip":"82414","pop":null,"city":"","county":"Park","state":"Wyoming","area":1943.26,"lat":44.45727,"lon":-109.59668},"geometry":{"type":"Polygon","coordinates":[[[-110.17149,44.5472],[-110.16772,44.5452],[-110.15979,44.54689],[-110.15363,44.55378],[-110.13478,44.55221],[-110.13223,44.55414],[-110.13218,44.55825],[-110.12129,44.56674],[-110.11395,44.56826],[-110.11125,44.57061],[-110.09557,44.56948],[-110.09282,44.57207],[-110.08111,44.57403],[-110.06845,44.58611],[-110.06901,44.59134],[-110.06472,44.59748],[-110.06493,44.6044],[-110.0611,44.60632],[-110.04213,44.60451],[-110.03454,44.60655],[-110.03274,44.61276],[-110.02441,44.61819],[-110.0257,44.62494],[-110.02342,44.62718],[-110.02107,44.62204],[-110.0085,44.61582],[-110.00074,44.62068],[-110.00074,44.62262],[-109.99278,44.62215],[-109.98789,44.62435],[-109.98262,44.62097],[-109.97703,44.62109],[-109.96842,44.62897],[-109.95238,44.62766],[-109.94789,44.63088],[-109.93875,44.63251],[-109.92922,44.63159],[-109.92282,44.63594],[-109.90806,44.63693],[-109.90944,44.64378],[-109.90532,44.64874],[-109.88475,44.6534],[-109.87983,44.65259],[-109.87574,44.65802],[-109.87408,44.66531],[-109.86908,44.67091],[-109.86247,44.67405],[-109.85814,44.68002],[-109.85008,44.68112],[-109.84185,44.68578],[-109.84129,44.69033],[-109.83615,44.6961],[-109.82814,44.69992],[-109.82549,44.70795],[-109.83085,44.7125],[-109.8366,44.7243],[-109.86051,44.7247],[-109.86496,44.73292],[-109.8675,44.73477],[-109.8721,44.73418],[-109.87574,44.7384],[-109.88206,44.74052],[-109.88646,44.74921],[-109.88506,44.75217],[-109.88708,44.75541],[-109.89076,44.75871],[-109.90799,44.76627],[-109.91272,44.77067],[-109.92025,44.78431],[-109.93056,44.79257],[-109.94534,44.79494],[-109.9581,44.80224],[-109.95481,44.80444],[-109.95855,44.81612],[-109.95674,44.81885],[-109.94028,44.83135],[-109.92833,44.83722],[-109.93986,44.85208],[-109.93981,44.8556],[-109.93719,44.86202],[-109.9378,44.8659],[-109.93543,44.86937],[-109.93803,44.87985],[-109.93068,44.8894],[-109.92919,44.89902],[-109.93157,44.90443],[-109.92742,44.9137],[-109.92901,44.92782],[-109.92683,44.93195],[-109.92985,44.93499],[-109.94018,44.93715],[-109.95039,44.95149],[-109.95721,44.95595],[-109.97001,44.97279],[-109.99579,44.97155],[-110.00241,44.97555],[-110.00151,45.00341],[-109.76111,45.0018],[-109.41102,45.00454],[-109.41728,45.00207],[-109.42666,44.99072],[-109.42668,44.97996],[-109.43038,44.97744],[-109.42644,44.97546],[-109.43445,44.9751],[-109.43704,44.96897],[-109.46084,44.97535],[-109.45781,44.97413],[-109.45976,44.97467],[-109.46333,44.97081],[-109.4748,44.96776],[-109.479,44.97044],[-109.47662,44.96334],[-109.47773,44.96576],[-109.48081,44.96863],[-109.48183,44.96826],[-109.47905,44.96457],[-109.48107,44.9611],[-109.48363,44.96411],[-109.48653,44.9572],[-109.48311,44.95527],[-109.48171,44.95021],[-109.47925,44.94869],[-109.48668,44.95185],[-109.48842,44.94886],[-109.50823,44.93981],[-109.51068,44.92984],[-109.51332,44.92842],[-109.51929,44.92937],[-109.51601,44.92401],[-109.50882,44.91841],[-109.49885,44.91582],[-109.49822,44.91342],[-109.49386,44.91217],[-109.4905,44.90733],[-109.47751,44.9046],[-109.47803,44.90261],[-109.48149,44.90167],[-109.48134,44.89719],[-109.48524,44.89347],[-109.48522,44.89021],[-109.48749,44.88998],[-109.49009,44.88566],[-109.49269,44.88552],[-109.494,44.88118],[-109.49926,44.88001],[-109.50655,44.87378],[-109.5129,44.87164],[-109.51424,44.86942],[-109.51236,44.86567],[-109.50526,44.86341],[-109.4978,44.85767],[-109.49162,44.85619],[-109.48498,44.85009],[-109.48029,44.84911],[-109.47463,44.84087],[-109.46445,44.8383],[-109.4634,44.83449],[-109.45809,44.83234],[-109.45492,44.82612],[-109.44167,44.81637],[-109.4213,44.80502],[-109.40475,44.79033],[-109.39506,44.78888],[-109.38708,44.78376],[-109.38143,44.78475],[-109.38163,44.74125],[-109.37649,44.72913],[-109.36132,44.72423],[-109.3599,44.72225],[-109.36121,44.71959],[-109.35885,44.71778],[-109.344,44.71974],[-109.33682,44.7157],[-109.33292,44.71881],[-109.32985,44.71888],[-109.32849,44.71667],[-109.32572,44.71861],[-109.32476,44.71713],[-109.31826,44.7236],[-109.31356,44.7251],[-109.31047,44.7296],[-109.31109,44.71905],[-109.30753,44.72299],[-109.30401,44.72337],[-109.30086,44.72082],[-109.29781,44.7135],[-109.29403,44.71162],[-109.28856,44.71412],[-109.28098,44.71462],[-109.27469,44.71842],[-109.23706,44.72292],[-109.23072,44.73294],[-109.2177,44.74464],[-109.21683,44.75354],[-109.21269,44.75327],[-109.21336,44.75556],[-109.2107,44.75593],[-109.21275,44.76108],[-109.2106,44.76069],[-109.20891,44.76778],[-109.19737,44.77847],[-109.19888,44.78019],[-109.19478,44.78523],[-109.183,44.7899],[-109.1793,44.79424],[-109.15793,44.84491],[-109.16712,44.84841],[-109.16971,44.85126],[-109.17252,44.85033],[-109.17221,44.85228],[-109.16465,44.85475],[-109.16225,44.85995],[-109.15901,44.86133],[-109.13279,44.86135],[-109.1344,44.82824],[-109.14009,44.81767],[-109.14127,44.80883],[-109.14605,44.79942],[-109.14292,44.78555],[-109.14344,44.74868],[-109.14021,44.74079],[-109.15113,44.71811],[-109.16612,44.71907],[-109.16597,44.6751],[-109.15558,44.67509],[-109.15565,44.67258],[-109.1438,44.67251],[-109.14388,44.66915],[-109.13147,44.66915],[-109.13163,44.66594],[-109.02246,44.66608],[-109.02334,44.66845],[-109.01772,44.67064],[-109.00391,44.66628],[-108.98412,44.66782],[-108.9691,44.66198],[-108.96671,44.66197],[-108.96655,44.66372],[-108.9512,44.66364],[-108.94706,44.66141],[-108.95123,44.6516],[-108.93304,44.65158],[-108.93293,44.6494],[-108.93886,44.64461],[-108.9369,44.64189],[-108.9399,44.64005],[-108.94403,44.62384],[-108.94786,44.62102],[-108.94812,44.61641],[-108.95268,44.61498],[-108.94627,44.61263],[-108.94541,44.60963],[-108.94101,44.60751],[-108.94049,44.60414],[-108.94787,44.60014],[-108.9463,44.5899],[-108.95832,44.58784],[-108.95538,44.58329],[-108.95731,44.5803],[-108.95388,44.57754],[-108.95475,44.57288],[-108.9538,44.56866],[-108.95184,44.56786],[-108.95255,44.56487],[-108.94711,44.55847],[-108.93108,44.55347],[-108.91134,44.55638],[-108.8976,44.56574],[-108.89572,44.56524],[-108.89783,44.56452],[-108.89608,44.55947],[-108.9039,44.55605],[-108.89736,44.53835],[-108.89296,44.53603],[-108.88992,44.53106],[-108.89651,44.5228],[-108.90937,44.52211],[-108.92153,44.51586],[-108.92695,44.51065],[-108.92828,44.50474],[-108.86379,44.48859],[-108.87841,44.4899],[-108.87794,44.48729],[-108.88015,44.48717],[-108.87428,44.47848],[-108.87142,44.46674],[-108.86221,44.45655],[-108.85101,44.43974],[-108.84705,44.42987],[-108.85089,44.424],[-108.85806,44.42149],[-108.88849,44.41621],[-108.90684,44.40981],[-108.90704,44.40733],[-108.91481,44.4078],[-108.91654,44.40389],[-108.92242,44.40033],[-108.92594,44.38949],[-108.9417,44.38857],[-108.94801,44.3894],[-108.94949,44.39007],[-108.94806,44.39113],[-108.95154,44.39224],[-108.95735,44.39063],[-108.9789,44.39259],[-108.98373,44.3908],[-108.99807,44.40049],[-109.00514,44.3908],[-109.0101,44.38884],[-109.00912,44.38707],[-109.0117,44.38707],[-109.01148,44.3854],[-109.01385,44.38667],[-109.01801,44.38347],[-109.01736,44.38228],[-109.02832,44.37971],[-109.02663,44.37804],[-109.03227,44.37488],[-109.03457,44.37046],[-109.05244,44.36498],[-109.05633,44.36119],[-109.0619,44.36058],[-109.06663,44.35701],[-109.07013,44.34577],[-109.09598,44.34517],[-109.12141,44.33647],[-109.12686,44.3336],[-109.12823,44.32993],[-109.13323,44.32563],[-109.15014,44.31819],[-109.1536,44.31485],[-109.15383,44.3119],[-109.15977,44.3067],[-109.16864,44.30368],[-109.17137,44.30066],[-109.21271,44.29258],[-109.25535,44.28739],[-109.25996,44.28333],[-109.26656,44.27018],[-109.28753,44.25736],[-109.30239,44.23763],[-109.30706,44.23534],[-109.35362,44.22235],[-109.39781,44.21782],[-109.40827,44.20469],[-109.44794,44.17281],[-109.44705,44.1576],[-109.45981,44.14852],[-109.46048,44.14315],[-109.4731,44.13773],[-109.47318,44.12514],[-109.48717,44.10752],[-109.49904,44.10003],[-109.51343,44.09614],[-109.53454,44.08212],[-109.53613,44.06904],[-109.55031,44.05145],[-109.55104,44.04265],[-109.55095,44.03186],[-109.54824,44.01975],[-109.53035,44.00757],[-109.53674,43.99333],[-109.53592,43.98396],[-109.54126,43.97008],[-109.53515,43.96139],[-109.53512,43.95442],[-109.53966,43.95694],[-109.54233,43.96135],[-109.55265,43.96057],[-109.55991,43.95464],[-109.56694,43.95482],[-109.57817,43.94067],[-109.58431,43.93788],[-109.58778,43.93835],[-109.60083,43.94893],[-109.60547,43.94796],[-109.60733,43.94561],[-109.60529,43.93964],[-109.60639,43.93659],[-109.61371,43.92748],[-109.62019,43.92573],[-109.62881,43.92701],[-109.63649,43.92276],[-109.64181,43.92278],[-109.64653,43.91781],[-109.64811,43.913],[-109.65436,43.90712],[-109.65606,43.89597],[-109.65302,43.88677],[-109.6594,43.87929],[-109.66683,43.88058],[-109.66797,43.87445],[-109.67248,43.8681],[-109.66962,43.85996],[-109.66575,43.85713],[-109.66589,43.84573],[-109.67653,43.84269],[-109.6857,43.84424],[-109.68905,43.8397],[-109.70264,43.84103],[-109.70875,43.83578],[-109.72012,43.83745],[-109.72249,43.83297],[-109.73176,43.83318],[-109.73573,43.82723],[-109.74263,43.8275],[-109.75271,43.81743],[-109.75716,43.81732],[-109.76393,43.8206],[-109.76585,43.81643],[-109.77128,43.81319],[-109.77936,43.81209],[-109.7806,43.80712],[-109.78639,43.8048],[-109.78755,43.80134],[-109.80057,43.80828],[-109.80925,43.80951],[-109.8176,43.8158],[-109.82591,43.81617],[-109.82755,43.82438],[-109.84175,43.81932],[-109.85648,43.82837],[-109.85532,43.83477],[-109.84978,43.83709],[-109.85649,43.8417],[-109.85517,43.84826],[-109.85125,43.84928],[-109.8477,43.85319],[-109.82574,43.85533],[-109.81378,43.86176],[-109.82139,43.86732],[-109.82867,43.86667],[-109.83183,43.87137],[-109.83031,43.87459],[-109.82537,43.87509],[-109.82461,43.87717],[-109.81658,43.88053],[-109.81758,43.88328],[-109.83079,43.88979],[-109.83258,43.89507],[-109.83711,43.89468],[-109.84779,43.90023],[-109.85927,43.90076],[-109.84788,43.90812],[-109.85013,43.9126],[-109.84858,43.91696],[-109.84955,43.92106],[-109.85419,43.92406],[-109.85186,43.92659],[-109.85655,43.92484],[-109.87249,43.92795],[-109.87395,43.9336],[-109.85812,43.94268],[-109.85793,43.94901],[-109.85493,43.95026],[-109.85875,43.95799],[-109.8819,43.94908],[-109.92206,43.94608],[-109.92761,43.94999],[-109.93229,43.95072],[-109.93935,43.95817],[-109.9452,43.95822],[-109.95886,43.96457],[-109.9668,43.96139],[-109.97197,43.95563],[-109.98214,43.95423],[-109.99007,43.94907],[-109.99387,43.94956],[-110.00204,43.95545],[-110.00028,43.9627],[-110.00194,43.96695],[-110.01724,43.96685],[-110.01864,43.96825],[-110.01884,43.97935],[-110.02384,43.98325],[-110.02374,43.98595],[-110.03254,43.99615],[-110.03158,44.00097],[-110.04399,44.0045],[-110.04897,44.00878],[-110.05318,44.00802],[-110.05336,44.13263],[-110.00219,44.13252],[-110.00149,44.31941],[-110.01185,44.3263],[-110.02692,44.31949],[-110.03705,44.32369],[-110.04094,44.32819],[-110.06097,44.33196],[-110.06351,44.33614],[-110.06764,44.33787],[-110.07254,44.35185],[-110.07257,44.35819],[-110.06806,44.36439],[-110.07094,44.37382],[-110.06724,44.37684],[-110.06982,44.38738],[-110.06832,44.38942],[-110.07436,44.39856],[-110.06882,44.40121],[-110.06552,44.40655],[-110.06065,44.42107],[-110.04479,44.42701],[-110.03823,44.42415],[-110.02709,44.43001],[-110.02707,44.43788],[-110.01724,44.4472],[-110.01221,44.4494],[-110.00203,44.46017],[-110.00127,44.50404],[-110.02014,44.49937],[-110.02269,44.50144],[-110.02847,44.50096],[-110.0404,44.49533],[-110.06362,44.49463],[-110.06871,44.49056],[-110.09098,44.48944],[-110.1043,44.48473],[-110.11127,44.48015],[-110.11243,44.477],[-110.12076,44.47327],[-110.12626,44.47545],[-110.1297,44.47986],[-110.13008,44.48646],[-110.13989,44.49],[-110.14346,44.49438],[-110.14402,44.49924],[-110.14743,44.50131],[-110.14697,44.50903],[-110.14145,44.51301],[-110.1417,44.51532],[-110.15386,44.52038],[-110.15615,44.52488],[-110.16954,44.532],[-110.16903,44.53611],[-110.17259,44.54446],[-110.17149,44.5472]],[[-109.52048,44.4846],[-109.51441,44.47893],[-109.51346,44.47402],[-109.5099,44.46989],[-109.51166,44.46638],[-109.50885,44.46491],[-109.50072,44.46771],[-109.49826,44.47129],[-109.48769,44.47231],[-109.47579,44.46974],[-109.47675,44.46823],[-109.47049,44.46535],[-109.47191,44.46285],[-109.45079,44.46245],[-109.43657,44.46832],[-109.41583,44.47161],[-109.41362,44.47415],[-109.41007,44.47122],[-109.40093,44.47396],[-109.39486,44.47239],[-109.39286,44.47612],[-109.38827,44.47563],[-109.38344,44.47914],[-109.37915,44.4786],[-109.37722,44.47633],[-109.37186,44.48],[-109.36251,44.4813],[-109.35402,44.479],[-109.33878,44.47859],[-109.33724,44.48201],[-109.33116,44.48253],[-109.3312,44.4875],[-109.35102,44.48626],[-109.35781,44.50174],[-109.36943,44.50941],[-109.36931,44.51154],[-109.37514,44.5188],[-109.37523,44.52313],[-109.38166,44.53233],[-109.37971,44.53929],[-109.38116,44.54166],[-109.4031,44.55046],[-109.41002,44.55875],[-109.4246,44.56049],[-109.42717,44.56272],[-109.43875,44.56285],[-109.44211,44.56199],[-109.4421,44.52137],[-109.5073,44.52136],[-109.50896,44.52003],[-109.50965,44.51212],[-109.5153,44.50848],[-109.51501,44.50319],[-109.51729,44.49841],[-109.51482,44.49439],[-109.51652,44.49066],[-109.51553,44.48794],[-109.52048,44.4846]]]}},{"type":"Feature","id":"82322","properties":{"zip":"82322","pop":null,"city":"Bairoil","county":"Sweetwater","state":"Wyoming","area":3.9,"lat":42.24645,"lon":-107.54821},"geometry":{"type":"Polygon","coordinates":[[[-107.57653,42.2617],[-107.52272,42.26176],[-107.52288,42.23065],[-107.54657,42.23676],[-107.54767,42.22934],[-107.57361,42.22943],[-107.57368,42.24548],[-107.56647,42.2454],[-107.56652,42.24842],[-107.56431,42.24929],[-107.57031,42.25251],[-107.57653,42.2617]]]}},{"type":"Feature","id":"82637","properties":{"zip":"82637","pop":null,"city":"","county":"Converse","state":"Wyoming","area":469.67,"lat":42.76672,"lon":-105.88223},"geometry":{"type":"Polygon","coordinates":[[[-106.07481,42.50313],[-106.07237,42.50466],[-106.07271,42.50992],[-106.06937,42.51141],[-106.07197,42.51708],[-106.06972,42.52051],[-106.06035,42.52442],[-106.05302,42.53156],[-106.05107,42.5311],[-106.04055,42.53741],[-106.04164,42.54467],[-106.0381,42.55383],[-106.02752,42.563],[-106.0315,42.56783],[-106.03525,42.56696],[-106.0372,42.57017],[-106.03679,42.57858],[-106.03874,42.5808],[-106.03536,42.59464],[-106.03136,42.60241],[-106.02966,42.61378],[-106.01944,42.61716],[-106.02075,42.61838],[-106.0183,42.62118],[-106.0215,42.6291],[-106.0157,42.63292],[-106.0166,42.64081],[-106.01322,42.6431],[-106.01375,42.64691],[-106.01954,42.64812],[-106.02486,42.65257],[-106.01974,42.66458],[-106.02628,42.6636],[-106.02817,42.66769],[-106.03647,42.66641],[-106.03558,42.66797],[-106.03843,42.67108],[-106.03269,42.67115],[-106.0361,42.67273],[-106.03876,42.67813],[-106.03728,42.68039],[-106.03855,42.6811],[-106.03603,42.68217],[-106.02943,42.69283],[-106.03259,42.69715],[-106.0289,42.69955],[-106.03308,42.70189],[-106.02821,42.70824],[-106.0291,42.71804],[-106.01914,42.73361],[-106.02953,42.72778],[-106.03035,42.72975],[-106.02403,42.74156],[-106.01277,42.75389],[-106.03556,42.75047],[-106.04951,42.75614],[-106.0495,42.75829],[-106.03879,42.75939],[-106.03016,42.76936],[-106.01026,42.77],[-105.99727,42.77244],[-105.99485,42.7745],[-106.00097,42.77836],[-105.9933,42.78645],[-105.98697,42.78589],[-105.98295,42.7822],[-105.97229,42.78703],[-105.97457,42.78869],[-105.98084,42.8066],[-105.98401,42.81101],[-105.99069,42.81309],[-105.99169,42.81496],[-105.98575,42.81931],[-105.98616,42.83279],[-106.03802,42.83975],[-106.07283,42.83937],[-106.07285,42.84735],[-106.00891,42.84601],[-106.00816,42.84225],[-105.99765,42.84566],[-106.00813,42.84691],[-106.03806,42.86041],[-106.05801,42.85872],[-106.05305,42.86737],[-106.03455,42.87211],[-106.03318,42.87399],[-106.05546,42.86998],[-106.07291,42.87077],[-106.07373,42.96696],[-106.06055,42.96685],[-106.05166,42.97051],[-106.03349,42.96641],[-106.02791,42.97284],[-106.0168,42.97858],[-106.00569,42.97876],[-106.00462,42.98943],[-106.00154,42.99671],[-106.00574,43.00497],[-106.00583,43.01136],[-106.00905,43.01918],[-106.00874,43.02877],[-106.00581,43.0337],[-106.00604,43.03826],[-105.99897,43.04351],[-105.99764,43.04699],[-105.99008,43.04939],[-105.97897,43.04612],[-105.96117,43.04885],[-105.95755,43.04556],[-105.95004,43.04689],[-105.94694,43.05253],[-105.9479,43.05487],[-105.94425,43.05941],[-105.93369,43.06531],[-105.93982,43.07387],[-105.93683,43.077],[-105.91743,43.08496],[-105.91704,43.08695],[-105.91284,43.08852],[-105.90405,43.08905],[-105.90301,43.09186],[-105.88166,43.10268],[-105.86602,43.10402],[-105.85725,43.10274],[-105.85401,43.10005],[-105.86087,43.09017],[-105.82874,43.07948],[-105.79959,43.08007],[-105.78484,43.07814],[-105.75865,43.08054],[-105.7475,43.09012],[-105.7474,43.0962],[-105.74935,43.09845],[-105.74534,43.10267],[-105.73493,43.09946],[-105.7129,43.09679],[-105.71291,43.0863],[-105.72058,43.07433],[-105.7171,43.07108],[-105.71864,43.06752],[-105.71652,43.06807],[-105.71136,43.06238],[-105.71858,43.06112],[-105.70779,43.04955],[-105.71451,43.04783],[-105.72182,43.04923],[-105.72226,43.04586],[-105.73371,43.03836],[-105.73354,43.03516],[-105.74889,43.03325],[-105.75445,43.02532],[-105.76422,43.02527],[-105.76224,43.01784],[-105.76923,43.01698],[-105.77298,43.01364],[-105.77131,43.0079],[-105.77235,43.00447],[-105.7869,43.00097],[-105.78589,42.99467],[-105.78366,42.99236],[-105.78524,42.98535],[-105.7775,42.97527],[-105.77896,42.96942],[-105.77777,42.96296],[-105.78497,42.95954],[-105.78693,42.95263],[-105.78596,42.9494],[-105.79292,42.94195],[-105.79193,42.93478],[-105.79809,42.92673],[-105.80517,42.92316],[-105.80332,42.92058],[-105.80474,42.91881],[-105.8032,42.91648],[-105.76467,42.92482],[-105.73156,42.92485],[-105.73109,42.92126],[-105.72626,42.91483],[-105.71795,42.90891],[-105.71798,42.90434],[-105.71265,42.89802],[-105.71026,42.88317],[-105.7118,42.87041],[-105.71051,42.86702],[-105.7067,42.86635],[-105.70657,42.86213],[-105.69232,42.86263],[-105.67251,42.85976],[-105.67257,42.83745],[-105.67509,42.83613],[-105.67382,42.83151],[-105.67556,42.82817],[-105.68351,42.82632],[-105.6871,42.8232],[-105.67261,42.8233],[-105.67261,42.82464],[-105.64853,42.80825],[-105.62508,42.79779],[-105.61373,42.79607],[-105.65782,42.8017],[-105.69249,42.81263],[-105.69216,42.7794],[-105.6955,42.77939],[-105.69455,42.72084],[-105.77265,42.72103],[-105.76824,42.60404],[-105.76722,42.44191],[-105.77319,42.43812],[-105.77672,42.43797],[-105.78248,42.43154],[-105.91849,42.43233],[-105.92155,42.43718],[-105.91741,42.44633],[-105.91951,42.44874],[-105.93567,42.44402],[-105.94468,42.4387],[-105.95472,42.44582],[-105.96319,42.44296],[-105.97582,42.44756],[-105.9822,42.45295],[-105.98404,42.45799],[-105.97782,42.45998],[-105.9807,42.46291],[-105.97718,42.47373],[-105.98117,42.47954],[-105.97274,42.48437],[-105.97116,42.48807],[-105.96545,42.49228],[-105.96637,42.49345],[-105.97203,42.49193],[-105.98848,42.49347],[-106.002,42.48621],[-106.01257,42.48752],[-106.0135,42.49145],[-106.02425,42.49167],[-106.018,42.49581],[-106.03181,42.49254],[-106.03785,42.48879],[-106.04611,42.48869],[-106.04888,42.49704],[-106.05466,42.49512],[-106.06115,42.49851],[-106.06746,42.49782],[-106.06947,42.49629],[-106.069,42.49304],[-106.07486,42.4892],[-106.07481,42.50313]]]}},{"type":"Feature","id":"82835","properties":{"zip":"82835","pop":null,"city":"","county":"Sheridan","state":"Wyoming","area":363.29,"lat":44.75858,"lon":-106.36914},"geometry":{"type":"Polygon","coordinates":[[[-106.65472,44.81265],[-106.64395,44.82509],[-106.64897,44.83172],[-106.64149,44.84431],[-106.64216,44.84797],[-106.64576,44.8519],[-106.63419,44.8526],[-106.63292,44.85986],[-106.63424,44.86065],[-106.6327,44.86211],[-106.61547,44.86024],[-106.61647,44.86851],[-106.61325,44.87498],[-106.59806,44.88687],[-106.58938,44.88496],[-106.58394,44.8861],[-106.58326,44.88754],[-106.58933,44.89116],[-106.58603,44.89435],[-106.57826,44.88954],[-106.56149,44.88576],[-106.56036,44.87854],[-106.556,44.8705],[-106.53097,44.84932],[-106.51759,44.84483],[-106.51679,44.84294],[-106.51052,44.842],[-106.5054,44.84455],[-106.48871,44.83876],[-106.49191,44.86106],[-106.48851,44.86108],[-106.48844,44.8514],[-106.48608,44.84909],[-106.4596,44.85054],[-106.45166,44.84718],[-106.44042,44.84718],[-106.44009,44.8494],[-106.44864,44.85708],[-106.44845,44.86145],[-106.43835,44.86157],[-106.43896,44.8857],[-106.42888,44.87586],[-106.4182,44.8747],[-106.4045,44.88033],[-106.40039,44.87855],[-106.40453,44.88749],[-106.40857,44.89118],[-106.37327,44.89062],[-106.36361,44.87702],[-106.3575,44.87365],[-106.35087,44.87452],[-106.35025,44.8769],[-106.34201,44.87533],[-106.33619,44.87628],[-106.3329,44.87857],[-106.32839,44.88954],[-106.29904,44.88258],[-106.28704,44.88264],[-106.26725,44.87726],[-106.25751,44.87706],[-106.25726,44.884],[-106.25357,44.89352],[-106.24178,44.89514],[-106.23995,44.89784],[-106.24056,44.91347],[-106.2295,44.91442],[-106.22667,44.9174],[-106.21584,44.91845],[-106.21583,44.92269],[-106.22772,44.93508],[-106.22709,44.94034],[-106.23008,44.94711],[-106.23418,44.95023],[-106.23172,44.95738],[-106.23249,44.96305],[-106.23095,44.96527],[-106.227,44.96511],[-106.21777,44.96257],[-106.20509,44.95572],[-106.20192,44.95789],[-106.19958,44.96443],[-106.19047,44.96298],[-106.18389,44.96578],[-106.18413,44.97307],[-106.18757,44.98043],[-106.18354,44.99364],[-106.02482,44.99347],[-106.02384,44.91346],[-106.03008,44.91412],[-106.03697,44.9106],[-106.03766,44.90807],[-106.03453,44.90581],[-106.03266,44.89891],[-106.03413,44.89363],[-106.04681,44.88835],[-106.06024,44.89499],[-106.07091,44.88675],[-106.0717,44.8847],[-106.06718,44.87931],[-106.06794,44.87795],[-106.07276,44.87981],[-106.07086,44.87142],[-106.07721,44.8696],[-106.07933,44.87198],[-106.08283,44.87218],[-106.08521,44.86694],[-106.09064,44.86513],[-106.09348,44.8596],[-106.10077,44.86205],[-106.10247,44.85832],[-106.09666,44.85548],[-106.10099,44.85332],[-106.10286,44.85523],[-106.10644,44.85098],[-106.11512,44.84613],[-106.11185,44.84323],[-106.11242,44.84152],[-106.12327,44.83992],[-106.12375,44.83709],[-106.12838,44.83412],[-106.13436,44.83428],[-106.13424,44.82834],[-106.14067,44.8199],[-106.13926,44.81471],[-106.14505,44.80932],[-106.1471,44.80433],[-106.15089,44.80213],[-106.1565,44.80581],[-106.1627,44.80396],[-106.15772,44.80213],[-106.15836,44.80054],[-106.16499,44.79943],[-106.16563,44.79581],[-106.15952,44.79087],[-106.16039,44.7866],[-106.16904,44.78863],[-106.16939,44.7849],[-106.16396,44.7843],[-106.16365,44.78167],[-106.16698,44.78153],[-106.17004,44.77611],[-106.17648,44.77734],[-106.178,44.77474],[-106.17243,44.77161],[-106.17341,44.76807],[-106.17626,44.76779],[-106.17576,44.77042],[-106.17807,44.7716],[-106.1812,44.77123],[-106.17942,44.76443],[-106.18429,44.76454],[-106.18423,44.7612],[-106.19572,44.75813],[-106.19776,44.75993],[-106.21386,44.74961],[-106.21275,44.74573],[-106.22316,44.75035],[-106.23274,44.75042],[-106.23632,44.74778],[-106.25659,44.74354],[-106.26197,44.73707],[-106.28218,44.72879],[-106.2951,44.72858],[-106.30565,44.73931],[-106.31271,44.73878],[-106.31788,44.74166],[-106.32407,44.74056],[-106.32295,44.74221],[-106.32724,44.74504],[-106.33193,44.74438],[-106.33087,44.74134],[-106.33597,44.74379],[-106.33674,44.74136],[-106.33363,44.7372],[-106.33404,44.73373],[-106.34014,44.73306],[-106.34472,44.72222],[-106.34279,44.71893],[-106.33769,44.71697],[-106.33895,44.71565],[-106.34779,44.71872],[-106.35578,44.72867],[-106.36791,44.73396],[-106.37037,44.72118],[-106.34941,44.70155],[-106.3473,44.69886],[-106.34789,44.69585],[-106.34465,44.69397],[-106.34045,44.69714],[-106.28011,44.72195],[-106.274,44.72228],[-106.27371,44.72046],[-106.27804,44.71749],[-106.27808,44.72108],[-106.28118,44.72129],[-106.28303,44.71614],[-106.2778,44.7161],[-106.27676,44.71331],[-106.27307,44.71344],[-106.25554,44.70038],[-106.25365,44.69537],[-106.25538,44.6929],[-106.25454,44.68993],[-106.25146,44.68802],[-106.25335,44.68632],[-106.25178,44.68445],[-106.25408,44.6791],[-106.25008,44.6735],[-106.25092,44.6715],[-106.24218,44.6619],[-106.23405,44.6572],[-106.22451,44.64629],[-106.22294,44.64055],[-106.22571,44.62889],[-106.22987,44.62864],[-106.23743,44.63293],[-106.24323,44.63247],[-106.2428,44.60309],[-106.23728,44.60325],[-106.23741,44.5622],[-106.4289,44.56178],[-106.4289,44.55678],[-106.59423,44.55682],[-106.59438,44.56171],[-106.58167,44.56421],[-106.58817,44.56804],[-106.5962,44.56981],[-106.59914,44.57218],[-106.60061,44.5743],[-106.60709,44.57543],[-106.60303,44.57656],[-106.60034,44.57493],[-106.59654,44.57024],[-106.58768,44.56818],[-106.58501,44.56996],[-106.57849,44.56935],[-106.57525,44.56575],[-106.57316,44.5702],[-106.56895,44.57085],[-106.56454,44.56762],[-106.56133,44.56908],[-106.55084,44.56609],[-106.55097,44.57746],[-106.58299,44.60049],[-106.64955,44.60014],[-106.65027,44.67868],[-106.63509,44.68001],[-106.63504,44.68701],[-106.63888,44.68713],[-106.63663,44.70523],[-106.63153,44.70534],[-106.63241,44.70075],[-106.62189,44.7016],[-106.62121,44.70882],[-106.61607,44.70868],[-106.61618,44.70512],[-106.59583,44.70479],[-106.59556,44.7193],[-106.60053,44.7193],[-106.60104,44.73406],[-106.60611,44.73409],[-106.60654,44.79197],[-106.63407,44.8027],[-106.65084,44.8069],[-106.6571,44.80976],[-106.65472,44.81265]]]}},{"type":"Feature","id":"82649","properties":{"zip":"82649","pop":null,"city":"","county":"Fremont","state":"Wyoming","area":451.59,"lat":43.27225,"lon":-108.04159},"geometry":{"type":"Polygon","coordinates":[[[-108.40314,43.20005],[-108.39935,43.20126],[-108.39882,43.20388],[-108.39032,43.19985],[-108.3761,43.1958],[-108.37235,43.19638],[-108.3691,43.19423],[-108.34611,43.19345],[-108.33507,43.19796],[-108.31138,43.19667],[-108.29294,43.20095],[-108.25731,43.20194],[-108.2486,43.20536],[-108.23937,43.20642],[-108.22222,43.21816],[-108.22268,43.21938],[-108.2349,43.21553],[-108.27432,43.21561],[-108.28235,43.21992],[-108.28288,43.32878],[-108.29255,43.33154],[-108.28961,43.33416],[-108.28402,43.34668],[-108.28558,43.35224],[-108.28284,43.36342],[-108.28577,43.37048],[-108.27279,43.37322],[-108.2684,43.37606],[-108.26855,43.40686],[-108.26691,43.41422],[-108.25835,43.41438],[-108.24918,43.40949],[-108.24089,43.39572],[-108.22996,43.38462],[-108.22883,43.37749],[-108.22014,43.36591],[-108.21944,43.39418],[-108.22235,43.39742],[-108.22785,43.41438],[-108.23764,43.41446],[-108.18634,43.41574],[-108.17794,43.41095],[-108.17813,43.41931],[-108.18205,43.43131],[-108.17017,43.44679],[-108.172,43.45973],[-108.15638,43.45961],[-108.15628,43.47063],[-107.83067,43.47133],[-107.8057,43.45581],[-107.79013,43.45035],[-107.76367,43.43614],[-107.75235,43.42141],[-107.75817,43.42124],[-107.76055,43.41638],[-107.75634,43.39957],[-107.75293,43.396],[-107.75465,43.38965],[-107.76844,43.38541],[-107.78125,43.37591],[-107.79086,43.37325],[-107.78828,43.36057],[-107.7847,43.35612],[-107.7692,43.35288],[-107.75514,43.35998],[-107.75183,43.36507],[-107.7431,43.3718],[-107.73545,43.36511],[-107.73779,43.36225],[-107.73406,43.35667],[-107.73095,43.34262],[-107.72239,43.33423],[-107.71058,43.33488],[-107.70983,43.33318],[-107.70226,43.33474],[-107.69911,43.33299],[-107.69213,43.33465],[-107.69436,43.33024],[-107.69406,43.32566],[-107.69852,43.3237],[-107.69594,43.32268],[-107.69655,43.32006],[-107.6998,43.31872],[-107.69961,43.31079],[-107.70419,43.31183],[-107.70723,43.30579],[-107.71023,43.30623],[-107.71447,43.29949],[-107.72683,43.29335],[-107.72731,43.2905],[-107.78245,43.28383],[-107.86389,43.28457],[-107.88913,43.27804],[-107.93031,43.26244],[-107.91102,43.25472],[-107.89614,43.24494],[-107.85545,43.23755],[-107.85763,43.23588],[-107.84187,43.22688],[-107.83305,43.22407],[-107.81296,43.20817],[-107.81274,43.19859],[-107.81788,43.18806],[-107.83059,43.18144],[-107.83446,43.17251],[-107.90342,43.19017],[-107.89642,43.17179],[-107.92353,43.16848],[-107.93783,43.15932],[-107.9491,43.15918],[-107.95871,43.15554],[-107.9589,43.15353],[-107.9706,43.14349],[-107.98795,43.13851],[-107.99906,43.13802],[-108.00064,43.13598],[-108.00414,43.12984],[-108.00247,43.12163],[-107.99215,43.11388],[-107.97112,43.11209],[-107.97,43.10971],[-107.96042,43.10448],[-107.95932,43.095],[-107.95991,43.09248],[-107.96247,43.09204],[-107.96172,43.0988],[-107.96303,43.09837],[-107.96133,43.10129],[-107.9638,43.10579],[-107.96752,43.10719],[-107.97871,43.1065],[-107.98535,43.1088],[-107.99177,43.1076],[-108.00067,43.11262],[-107.99109,43.10623],[-107.97306,43.10428],[-107.96677,43.10543],[-107.96357,43.10158],[-107.96537,43.09322],[-107.96318,43.08972],[-107.96914,43.08508],[-107.97048,43.08192],[-107.96845,43.07872],[-107.97356,43.07803],[-107.97895,43.07408],[-107.98191,43.0709],[-107.98331,43.06498],[-107.99412,43.06056],[-107.99837,43.05358],[-107.99405,43.05019],[-107.98966,43.05355],[-107.98738,43.05264],[-107.98922,43.0466],[-107.9881,43.04393],[-107.99131,43.04123],[-107.99015,43.03806],[-107.9869,43.03686],[-107.98218,43.02942],[-107.9817,43.02397],[-107.97481,43.01624],[-107.96887,43.00416],[-107.98227,42.99458],[-107.98294,42.99126],[-107.99247,42.98573],[-107.98606,42.9853],[-107.98624,42.98293],[-107.99679,42.9773],[-107.9834,42.9774],[-107.98069,42.96877],[-107.9976,42.9666],[-108.04646,42.97321],[-108.0892,42.98158],[-108.08449,42.98511],[-108.08687,42.99103],[-108.09045,42.99385],[-108.09024,42.99687],[-108.09528,43.0066],[-108.10327,43.01777],[-108.10537,43.01935],[-108.1094,43.01721],[-108.10944,43.01915],[-108.1153,43.0223],[-108.12279,43.03551],[-108.11755,43.03827],[-108.11389,43.04306],[-108.11335,43.04747],[-108.1232,43.04397],[-108.14524,43.04398],[-108.14493,43.1241],[-108.15454,43.12422],[-108.15465,43.14191],[-108.21558,43.14207],[-108.21913,43.13571],[-108.2214,43.13577],[-108.23459,43.14235],[-108.29212,43.1425],[-108.2963,43.15311],[-108.3195,43.14845],[-108.32211,43.14537],[-108.33252,43.14638],[-108.34052,43.14261],[-108.34518,43.14256],[-108.35474,43.15339],[-108.38081,43.15409],[-108.38085,43.15747],[-108.40105,43.15744],[-108.40106,43.16106],[-108.39622,43.16136],[-108.39619,43.164],[-108.39154,43.16507],[-108.39114,43.18614],[-108.40014,43.18774],[-108.40118,43.19797],[-108.40314,43.20005]]]}},{"type":"Feature","id":"82601","properties":{"zip":"82601","pop":null,"city":"Casper Mountain","county":"Natrona","state":"Wyoming","area":350.67,"lat":43.06535,"lon":-106.34605},"geometry":{"type":"Polygon","coordinates":[[[-106.52259,43.05966],[-106.51837,43.06811],[-106.51344,43.07096],[-106.51037,43.07638],[-106.50799,43.0914],[-106.50109,43.10258],[-106.4932,43.10649],[-106.49338,43.12359],[-106.50426,43.12348],[-106.50579,43.36803],[-106.48778,43.37807],[-106.4876,43.3844],[-106.49535,43.38837],[-106.49386,43.39093],[-106.49615,43.3946],[-106.49629,43.39963],[-106.49354,43.4031],[-106.44955,43.41519],[-106.43513,43.41481],[-106.43422,43.40641],[-106.43145,43.40503],[-106.431,43.40046],[-106.4406,43.39834],[-106.44527,43.38622],[-106.44415,43.38537],[-106.44637,43.38274],[-106.45254,43.38082],[-106.46373,43.36879],[-106.46066,43.3627],[-106.46272,43.3592],[-106.45454,43.35333],[-106.45401,43.35045],[-106.44953,43.34651],[-106.43583,43.34894],[-106.42732,43.36194],[-106.40342,43.36426],[-106.39544,43.36337],[-106.3966,43.35998],[-106.3947,43.35992],[-106.39309,43.37677],[-106.38436,43.39379],[-106.38585,43.41003],[-106.38521,43.41947],[-106.38368,43.39464],[-106.39225,43.37746],[-106.3944,43.35701],[-106.40106,43.33254],[-106.39368,43.30127],[-106.38903,43.2565],[-106.38449,43.23873],[-106.37641,43.22387],[-106.3282,43.22663],[-106.32341,43.21634],[-106.31511,43.2209],[-106.31419,43.22541],[-106.31717,43.23002],[-106.31412,43.23217],[-106.31481,43.24346],[-106.31344,43.24659],[-106.25501,43.31452],[-106.25394,43.32115],[-106.26275,43.34186],[-106.25846,43.33897],[-106.25182,43.3412],[-106.24726,43.34053],[-106.24149,43.33598],[-106.23661,43.33993],[-106.23654,43.33534],[-106.23349,43.33129],[-106.22961,43.33251],[-106.22974,43.32989],[-106.23322,43.3276],[-106.24295,43.32721],[-106.22889,43.30559],[-106.22947,43.30323],[-106.22251,43.29792],[-106.22175,43.29218],[-106.21492,43.2825],[-106.20907,43.2844],[-106.20299,43.29103],[-106.20025,43.2912],[-106.20103,43.29271],[-106.1891,43.29604],[-106.18488,43.29623],[-106.18362,43.29203],[-106.18056,43.29332],[-106.1815,43.28836],[-106.17748,43.28749],[-106.17588,43.28986],[-106.16795,43.28798],[-106.16392,43.29427],[-106.14414,43.29414],[-106.13724,43.281],[-106.12558,43.2748],[-106.12182,43.26834],[-106.11683,43.26709],[-106.11655,43.26512],[-106.10616,43.26375],[-106.10072,43.25963],[-106.09871,43.25499],[-106.08127,43.25272],[-106.07321,43.25473],[-106.07327,43.22966],[-106.07931,43.23158],[-106.07808,43.23512],[-106.08393,43.23265],[-106.10459,43.23574],[-106.10627,43.2304],[-106.1047,43.22716],[-106.1056,43.22128],[-106.10983,43.22154],[-106.11977,43.21573],[-106.13098,43.21878],[-106.1445,43.21197],[-106.16192,43.21508],[-106.16586,43.21246],[-106.16826,43.20529],[-106.18842,43.19048],[-106.19652,43.19488],[-106.19708,43.20547],[-106.20064,43.21166],[-106.20287,43.20834],[-106.20301,43.19875],[-106.19951,43.19466],[-106.20658,43.19238],[-106.2147,43.19582],[-106.22099,43.20637],[-106.22113,43.21787],[-106.23892,43.21428],[-106.24817,43.20961],[-106.25736,43.21645],[-106.25936,43.21463],[-106.267,43.21424],[-106.27533,43.20753],[-106.28745,43.1895],[-106.2983,43.1835],[-106.30339,43.18417],[-106.30458,43.172],[-106.32186,43.16471],[-106.32476,43.16155],[-106.33213,43.16295],[-106.33679,43.11294],[-106.33455,43.11315],[-106.33144,43.11742],[-106.32692,43.11691],[-106.31767,43.12127],[-106.30478,43.11511],[-106.29616,43.11655],[-106.2706,43.10961],[-106.2669,43.10534],[-106.26437,43.06216],[-106.26239,43.05637],[-106.23404,43.05601],[-106.23103,43.05754],[-106.23102,43.0596],[-106.22196,43.05927],[-106.20008,43.06635],[-106.18463,43.06605],[-106.18199,43.0736],[-106.16151,43.08009],[-106.16319,43.08186],[-106.16284,43.09012],[-106.15785,43.09455],[-106.15135,43.09674],[-106.1471,43.10112],[-106.11888,43.11033],[-106.11828,43.10741],[-106.12611,43.09647],[-106.1259,43.09198],[-106.12305,43.0911],[-106.12295,43.08703],[-106.1267,43.08527],[-106.12704,43.0809],[-106.1228,43.06508],[-106.18449,43.04002],[-106.1867,43.03838],[-106.18396,43.03305],[-106.19397,43.01705],[-106.19803,43.01845],[-106.2199,43.01546],[-106.21965,43.00842],[-106.21565,43.00377],[-106.21549,43.00046],[-106.20939,42.99541],[-106.20627,42.98825],[-106.19801,42.98759],[-106.19225,42.98231],[-106.17864,42.97639],[-106.17668,42.97076],[-106.18309,42.97147],[-106.19627,42.96221],[-106.21263,42.97206],[-106.21535,42.97077],[-106.21508,42.94806],[-106.22002,42.94803],[-106.22026,42.93385],[-106.21592,42.93132],[-106.23866,42.92226],[-106.23864,42.91293],[-106.25802,42.90462],[-106.25803,42.89293],[-106.27794,42.89279],[-106.27786,42.87344],[-106.28616,42.87042],[-106.28924,42.86382],[-106.2974,42.8647],[-106.29765,42.85585],[-106.29965,42.85402],[-106.29801,42.84633],[-106.30144,42.84119],[-106.29784,42.84072],[-106.29787,42.8353],[-106.30073,42.83139],[-106.29792,42.82979],[-106.29788,42.82078],[-106.27621,42.82395],[-106.27365,42.82171],[-106.27646,42.81736],[-106.27248,42.81706],[-106.27982,42.81373],[-106.27882,42.81047],[-106.26567,42.81859],[-106.26641,42.77732],[-106.24411,42.77731],[-106.24396,42.76424],[-106.22478,42.76399],[-106.22451,42.71075],[-106.24365,42.71074],[-106.24369,42.70714],[-106.31947,42.70701],[-106.32053,42.70577],[-106.30968,42.70126],[-106.3119,42.69693],[-106.3429,42.69571],[-106.35692,42.6993],[-106.37831,42.69688],[-106.38368,42.69418],[-106.38486,42.69097],[-106.39795,42.68111],[-106.3997,42.69731],[-106.40242,42.70515],[-106.40158,42.70826],[-106.40406,42.71362],[-106.41944,42.72412],[-106.43157,42.72602],[-106.44746,42.73233],[-106.44504,42.73786],[-106.44737,42.74084],[-106.44467,42.74379],[-106.4496,42.74573],[-106.44637,42.74683],[-106.44148,42.75348],[-106.40444,42.75027],[-106.40253,42.74825],[-106.38255,42.74898],[-106.3824,42.76296],[-106.379,42.76299],[-106.38113,42.74996],[-106.37465,42.73857],[-106.36812,42.73551],[-106.36859,42.74222],[-106.36308,42.75415],[-106.36272,42.76151],[-106.36627,42.76929],[-106.37044,42.77147],[-106.37129,42.78904],[-106.37376,42.79484],[-106.37113,42.79808],[-106.37127,42.8013],[-106.37645,42.80626],[-106.37649,42.80916],[-106.37248,42.80545],[-106.36771,42.80576],[-106.3696,42.80055],[-106.36625,42.79955],[-106.3662,42.80568],[-106.3565,42.80571],[-106.3565,42.80394],[-106.34848,42.80267],[-106.34683,42.79613],[-106.34497,42.79644],[-106.34482,42.80587],[-106.34674,42.80584],[-106.34679,42.80812],[-106.34014,42.81767],[-106.34224,42.81768],[-106.34186,42.81982],[-106.33918,42.82086],[-106.33928,42.82485],[-106.33708,42.82485],[-106.33705,42.83157],[-106.33913,42.83346],[-106.33702,42.83512],[-106.33724,42.85186],[-106.34578,42.84638],[-106.36448,42.84644],[-106.387,42.86645],[-106.38952,42.86782],[-106.39508,42.86683],[-106.3966,42.86833],[-106.39525,42.86967],[-106.39948,42.87092],[-106.39884,42.87564],[-106.40548,42.88076],[-106.40668,42.88433],[-106.41462,42.88299],[-106.41501,42.88605],[-106.41934,42.88633],[-106.42175,42.89084],[-106.42536,42.89224],[-106.42551,42.89431],[-106.42345,42.89519],[-106.42748,42.89977],[-106.42177,42.90262],[-106.42269,42.90494],[-106.43066,42.90734],[-106.42906,42.90788],[-106.42937,42.91219],[-106.43301,42.92001],[-106.42971,42.92311],[-106.43295,42.92752],[-106.43147,42.93008],[-106.43601,42.93244],[-106.43093,42.93407],[-106.43126,42.94033],[-106.43513,42.93729],[-106.43792,42.93807],[-106.4378,42.94059],[-106.43368,42.94154],[-106.43485,42.94839],[-106.43689,42.95249],[-106.44446,42.95385],[-106.44422,42.95577],[-106.43884,42.95832],[-106.44026,42.96367],[-106.44463,42.96023],[-106.45149,42.96351],[-106.44796,42.96534],[-106.4512,42.96795],[-106.4495,42.9705],[-106.45609,42.9778],[-106.46435,42.97944],[-106.46343,42.98189],[-106.46647,42.98799],[-106.47249,42.98803],[-106.4693,42.99636],[-106.47916,42.99635],[-106.47411,42.99938],[-106.47825,43.00272],[-106.47498,43.00403],[-106.48393,43.00433],[-106.48468,43.00561],[-106.48096,43.0088],[-106.4858,43.00903],[-106.48822,43.01283],[-106.49278,43.01379],[-106.49093,43.01631],[-106.49297,43.01892],[-106.4916,43.02207],[-106.49498,43.0209],[-106.49488,43.01873],[-106.49951,43.02232],[-106.49666,43.02324],[-106.49962,43.02412],[-106.50199,43.02165],[-106.50407,43.02276],[-106.5032,43.02456],[-106.51172,43.02633],[-106.51091,43.02969],[-106.51284,43.0303],[-106.51034,43.03083],[-106.51415,43.03193],[-106.51386,43.03563],[-106.52517,43.05664],[-106.52259,43.05966]]]}},{"type":"Feature","id":"83101","properties":{"zip":"83101","pop":null,"city":"","county":"Lincoln","state":"Wyoming","area":395.01,"lat":41.97457,"lon":-110.5469},"geometry":{"type":"MultiPolygon","coordinates":[[[[-110.33155,41.77177],[-110.3294,41.77177],[-110.32941,41.77139],[-110.33155,41.77139],[-110.33155,41.77177]]],[[[-110.86748,41.87065],[-110.86249,41.8712],[-110.86096,41.87657],[-110.86272,41.87715],[-110.86294,41.88153],[-110.86154,41.89457],[-110.84781,41.90291],[-110.84977,41.90613],[-110.84873,41.90748],[-110.85624,41.91494],[-110.85658,41.92658],[-110.8523,41.93976],[-110.85854,41.95746],[-110.85654,41.96373],[-110.85859,41.96996],[-110.85557,41.97101],[-110.84962,41.97857],[-110.84796,41.98579],[-110.84081,41.99215],[-110.8376,42.00376],[-110.83967,42.0093],[-110.83782,42.01072],[-110.71095,41.94642],[-110.6532,41.93427],[-110.64581,41.93614],[-110.65617,41.95185],[-110.6558,41.95825],[-110.64766,41.96753],[-110.65335,41.97464],[-110.65296,41.99103],[-110.6559,42.00238],[-110.65362,42.0145],[-110.66878,42.01316],[-110.6702,42.01067],[-110.6748,42.01616],[-110.67317,42.01694],[-110.6748,42.018],[-110.67379,42.02165],[-110.66618,42.02496],[-110.66793,42.02875],[-110.66537,42.02842],[-110.66491,42.03203],[-110.66358,42.03064],[-110.66157,42.03327],[-110.64816,42.03354],[-110.64905,42.05982],[-110.65139,42.06341],[-110.65315,42.06258],[-110.65761,42.06996],[-110.66585,42.07237],[-110.67428,42.07756],[-110.66448,42.08364],[-110.66414,42.09185],[-110.66697,42.0944],[-110.66738,42.10139],[-110.67384,42.10211],[-110.68982,42.11094],[-110.69371,42.11143],[-110.69536,42.11385],[-110.70509,42.11248],[-110.7199,42.12061],[-110.7169,42.122],[-110.71588,42.12797],[-110.70395,42.13608],[-110.68914,42.14085],[-110.68568,42.14454],[-110.70109,42.14425],[-110.70426,42.14833],[-110.70356,42.14988],[-110.69355,42.15101],[-110.69112,42.15586],[-110.69383,42.1692],[-110.70506,42.18235],[-110.70607,42.1877],[-110.71439,42.18491],[-110.71695,42.18018],[-110.72352,42.17479],[-110.72914,42.18003],[-110.73507,42.19232],[-110.73574,42.20138],[-110.73076,42.2197],[-110.7393,42.23767],[-110.73594,42.24067],[-110.73722,42.24398],[-110.73499,42.25098],[-110.73284,42.25126],[-110.73076,42.25519],[-110.729,42.25538],[-110.72894,42.253],[-110.71537,42.25117],[-110.70898,42.25754],[-110.70488,42.25848],[-110.69968,42.25431],[-110.68761,42.26075],[-110.66908,42.26693],[-110.66537,42.28144],[-110.6551,42.28425],[-110.65078,42.28381],[-110.6446,42.27374],[-110.64428,42.2608],[-110.64169,42.2594],[-110.64271,42.2563],[-110.64102,42.25042],[-110.64276,42.24672],[-110.64151,42.24117],[-110.64512,42.23827],[-110.64314,42.2327],[-110.64544,42.22304],[-110.64029,42.21811],[-110.63733,42.20634],[-110.64534,42.19829],[-110.64722,42.1939],[-110.65465,42.19041],[-110.65613,42.18506],[-110.65428,42.16981],[-110.65754,42.1637],[-110.65545,42.14437],[-110.63999,42.14424],[-110.6396,42.15852],[-110.6203,42.15873],[-110.61991,42.13186],[-110.56285,42.13171],[-110.56201,42.17375],[-110.60077,42.17434],[-110.60068,42.18792],[-110.5463,42.18765],[-110.5201,42.1584],[-110.51507,42.16543],[-110.51076,42.16654],[-110.50028,42.15788],[-110.50161,42.1562],[-110.48364,42.16026],[-110.46703,42.15548],[-110.46177,42.16008],[-110.45395,42.15379],[-110.44927,42.15461],[-110.45028,42.15266],[-110.44769,42.15172],[-110.44476,42.15267],[-110.43082,42.14832],[-110.42428,42.14991],[-110.41437,42.1486],[-110.40629,42.13968],[-110.39472,42.13807],[-110.38888,42.13538],[-110.38668,42.13111],[-110.37412,42.14005],[-110.37295,42.14399],[-110.3669,42.15048],[-110.34898,42.15486],[-110.33661,42.16439],[-110.32783,42.16683],[-110.32686,42.1746],[-110.32861,42.17687],[-110.3273,42.17815],[-110.32887,42.18148],[-110.33402,42.18431],[-110.32736,42.19378],[-110.31473,42.18098],[-110.30835,42.16652],[-110.29166,42.1627],[-110.27484,42.15372],[-110.24965,42.14929],[-110.20719,42.15416],[-110.20475,42.17843],[-110.19891,42.17391],[-110.19227,42.1743],[-110.18685,42.17697],[-110.18616,42.17933],[-110.18068,42.18714],[-110.16529,42.18876],[-110.1771,42.18024],[-110.18395,42.18148],[-110.1854,42.18028],[-110.18319,42.17598],[-110.18815,42.17084],[-110.18818,42.16557],[-110.18521,42.16437],[-110.18578,42.16144],[-110.18793,42.16071],[-110.18216,42.14549],[-110.18733,42.12999],[-110.18489,42.12413],[-110.17611,42.11842],[-110.14373,42.11308],[-110.13957,42.10827],[-110.13902,42.10619],[-110.14669,42.09171],[-110.15922,42.08443],[-110.15972,42.08052],[-110.14945,42.07634],[-110.15057,42.06737],[-110.13701,42.05619],[-110.0962,42.04881],[-110.08922,42.04504],[-110.09715,42.04215],[-110.08714,42.04342],[-110.07423,42.03179],[-110.07677,42.03118],[-110.0743,42.0311],[-110.06985,42.02641],[-110.05426,42.03013],[-110.05441,42.00705],[-110.04641,42.00695],[-110.04646,41.95821],[-110.05697,41.96307],[-110.06166,41.97464],[-110.06154,41.98027],[-110.08044,41.97407],[-110.09011,41.98519],[-110.09326,41.99179],[-110.10556,41.99395],[-110.11448,41.99781],[-110.12594,41.99816],[-110.1459,42.01109],[-110.1601,42.01117],[-110.15255,42.02232],[-110.15226,42.02676],[-110.15773,42.03991],[-110.16149,42.03984],[-110.16369,42.04231],[-110.16953,42.03986],[-110.19188,42.04],[-110.19835,42.03686],[-110.22194,42.04122],[-110.23069,42.03903],[-110.26237,41.96089],[-110.26842,41.95396],[-110.27212,41.9539],[-110.27214,41.97591],[-110.26352,41.97432],[-110.25662,42.00345],[-110.2504,42.01785],[-110.24795,42.01976],[-110.24955,42.02566],[-110.24729,42.04085],[-110.2426,42.04943],[-110.2435,42.05856],[-110.24017,42.07847],[-110.24113,42.08131],[-110.24772,42.08134],[-110.27737,42.0735],[-110.29969,42.0736],[-110.32532,42.08977],[-110.33791,42.09102],[-110.34682,42.09497],[-110.35624,42.0953],[-110.36396,42.09233],[-110.37808,42.09238],[-110.39117,42.08514],[-110.39953,42.07764],[-110.40641,42.07815],[-110.41085,42.08225],[-110.41481,42.08026],[-110.42432,42.08098],[-110.43135,42.08601],[-110.43487,42.08646],[-110.4358,42.08538],[-110.43171,42.08119],[-110.43414,42.07445],[-110.43828,42.0722],[-110.45563,42.07275],[-110.45916,42.06818],[-110.46168,42.06802],[-110.46788,42.06847],[-110.47224,42.07128],[-110.47248,42.06789],[-110.506,42.06806],[-110.50683,42.06306],[-110.50112,42.04753],[-110.50178,42.01927],[-110.50917,42.00507],[-110.52166,42.00353],[-110.52424,41.99474],[-110.52475,41.98735],[-110.52273,41.98685],[-110.5237,41.97934],[-110.51982,41.97623],[-110.51757,41.96781],[-110.51418,41.96646],[-110.51128,41.94676],[-110.51165,41.94452],[-110.51616,41.94393],[-110.51754,41.94038],[-110.51971,41.89808],[-110.51767,41.89348],[-110.50876,41.8889],[-110.50326,41.9035],[-110.49853,41.89925],[-110.49832,41.88298],[-110.50012,41.88048],[-110.49699,41.87454],[-110.49433,41.87354],[-110.49568,41.87031],[-110.48469,41.87478],[-110.46825,41.86823],[-110.44004,41.86788],[-110.44136,41.86434],[-110.43991,41.85873],[-110.48463,41.83794],[-110.47897,41.8305],[-110.47932,41.81676],[-110.47462,41.81383],[-110.48487,41.8131],[-110.47925,41.8046],[-110.4788,41.79693],[-110.4885,41.78431],[-110.477,41.77805],[-110.46701,41.77804],[-110.47616,41.77114],[-110.49102,41.76494],[-110.47786,41.75945],[-110.47777,41.75718],[-110.48111,41.75517],[-110.46211,41.7616],[-110.40529,41.77094],[-110.39643,41.77049],[-110.39281,41.76471],[-110.40304,41.75678],[-110.40192,41.75412],[-110.40624,41.74596],[-110.42426,41.7386],[-110.46367,41.73412],[-110.46361,41.73002],[-110.49527,41.73234],[-110.50148,41.72828],[-110.5073,41.71959],[-110.50744,41.71211],[-110.52515,41.70835],[-110.52677,41.70578],[-110.52571,41.70169],[-110.53029,41.69597],[-110.54281,41.69135],[-110.54406,41.6892],[-110.55141,41.68885],[-110.54488,41.68733],[-110.54272,41.68396],[-110.54007,41.6684],[-110.53729,41.66966],[-110.5347,41.66836],[-110.53327,41.65964],[-110.52991,41.65829],[-110.52844,41.65036],[-110.52128,41.6508],[-110.52052,41.6478],[-110.52126,41.64425],[-110.52602,41.64353],[-110.52684,41.64179],[-110.52501,41.63889],[-110.52831,41.63047],[-110.53905,41.61952],[-110.53917,41.61721],[-110.5372,41.61686],[-110.52484,41.62307],[-110.52421,41.62029],[-110.53484,41.59988],[-110.53475,41.59415],[-110.54212,41.58842],[-110.54385,41.57918],[-110.5849,41.57916],[-110.56925,41.61258],[-110.56973,41.61722],[-110.57414,41.61868],[-110.57894,41.62383],[-110.58308,41.62282],[-110.58245,41.69987],[-110.56562,41.70808],[-110.56926,41.7272],[-110.56324,41.7375],[-110.57056,41.74256],[-110.56894,41.75374],[-110.5635,41.76368],[-110.57483,41.78029],[-110.5754,41.78411],[-110.58174,41.79002],[-110.5828,41.79429],[-110.59228,41.79682],[-110.61103,41.80848],[-110.62689,41.80622],[-110.63497,41.79968],[-110.63962,41.79912],[-110.642,41.79699],[-110.64036,41.78699],[-110.64394,41.77789],[-110.6738,41.77786],[-110.67651,41.77082],[-110.67408,41.76494],[-110.67506,41.76034],[-110.66945,41.75536],[-110.66759,41.75036],[-110.67268,41.74171],[-110.66853,41.73988],[-110.67909,41.73564],[-110.69007,41.74029],[-110.68737,41.75094],[-110.69121,41.76474],[-110.69232,41.78656],[-110.69154,41.79954],[-110.68758,41.80958],[-110.69281,41.80932],[-110.7065,41.81459],[-110.71957,41.81593],[-110.7355,41.823],[-110.77144,41.8237],[-110.80568,41.81953],[-110.80981,41.82534],[-110.81296,41.82612],[-110.81944,41.82325],[-110.82646,41.8246],[-110.83687,41.82283],[-110.85027,41.82537],[-110.86758,41.82293],[-110.86748,41.87065]],[[-110.56298,41.75319],[-110.56119,41.74929],[-110.53169,41.74898],[-110.53287,41.75118],[-110.53018,41.75563],[-110.52928,41.76587],[-110.53336,41.77187],[-110.532,41.77548],[-110.53534,41.78089],[-110.53531,41.78934],[-110.5377,41.78958],[-110.53841,41.78382],[-110.5431,41.7838],[-110.54601,41.7733],[-110.55055,41.77354],[-110.55776,41.76781],[-110.56298,41.75319]],[[-110.56231,41.85631],[-110.56059,41.85529],[-110.5622,41.8544],[-110.55437,41.85044],[-110.55439,41.84823],[-110.55238,41.84885],[-110.5492,41.84481],[-110.54583,41.84509],[-110.54583,41.84179],[-110.54308,41.8392],[-110.54062,41.8402],[-110.54123,41.8382],[-110.53827,41.84011],[-110.53634,41.83775],[-110.53524,41.83902],[-110.53461,41.83426],[-110.5321,41.83419],[-110.53318,41.83297],[-110.53061,41.83109],[-110.53126,41.82414],[-110.52956,41.82174],[-110.53448,41.81728],[-110.54037,41.81788],[-110.53956,41.81674],[-110.54165,41.81594],[-110.54192,41.81198],[-110.53741,41.81172],[-110.53412,41.80824],[-110.53241,41.8161],[-110.52779,41.82267],[-110.53084,41.83532],[-110.52819,41.84131],[-110.52952,41.84916],[-110.5262,41.86968],[-110.53101,41.87113],[-110.55224,41.86129],[-110.55641,41.86317],[-110.56071,41.86219],[-110.56273,41.86105],[-110.56231,41.85631]]]]}},{"type":"Feature","id":"82727","properties":{"zip":"82727","pop":null,"city":"","county":"Campbell","state":"Wyoming","area":310.01,"lat":44.33601,"lon":-105.19426},"geometry":{"type":"Polygon","coordinates":[[[-105.39815,44.25873],[-105.39559,44.27398],[-105.39358,44.27447],[-105.39312,44.27291],[-105.38931,44.27551],[-105.38786,44.28472],[-105.38654,44.28615],[-105.37646,44.28645],[-105.37593,44.29127],[-105.3716,44.2935],[-105.35112,44.28985],[-105.31653,44.29564],[-105.32386,44.29883],[-105.32873,44.30399],[-105.32605,44.30813],[-105.32166,44.30925],[-105.326,44.32393],[-105.32004,44.33385],[-105.32006,44.34751],[-105.3147,44.35282],[-105.31701,44.36276],[-105.31408,44.36552],[-105.31214,44.37245],[-105.30164,44.3827],[-105.30415,44.38505],[-105.30364,44.39435],[-105.2926,44.39736],[-105.29394,44.4008],[-105.30648,44.40457],[-105.31046,44.4093],[-105.32368,44.41204],[-105.33283,44.42225],[-105.34015,44.42286],[-105.34387,44.42608],[-105.34399,44.4315],[-105.3415,44.43388],[-105.33746,44.44672],[-105.33415,44.44789],[-105.33231,44.45157],[-105.33449,44.45543],[-105.33073,44.45826],[-105.33224,44.4621],[-105.33082,44.4622],[-105.33357,44.4652],[-105.33312,44.46754],[-105.33705,44.46774],[-105.33485,44.46983],[-105.34998,44.47682],[-105.35211,44.481],[-105.35417,44.4801],[-105.35584,44.4844],[-105.36363,44.49163],[-105.36011,44.49727],[-105.36106,44.49895],[-105.35612,44.49948],[-105.35321,44.5062],[-105.34981,44.50583],[-105.35377,44.50896],[-105.34899,44.51104],[-105.34996,44.51284],[-105.34533,44.51438],[-105.35367,44.51729],[-105.35316,44.53019],[-105.35569,44.53164],[-105.35711,44.54308],[-105.36497,44.55025],[-105.39623,44.55012],[-105.38941,44.55583],[-105.35385,44.56693],[-105.33842,44.57719],[-105.32645,44.60568],[-105.32592,44.61228],[-105.28235,44.61242],[-105.27889,44.6091],[-105.2608,44.60089],[-105.25314,44.58922],[-105.25237,44.57784],[-105.2425,44.57318],[-105.24229,44.56627],[-105.24395,44.5644],[-105.24065,44.55917],[-105.23253,44.55784],[-105.22717,44.55091],[-105.22712,44.5476],[-105.21713,44.54077],[-105.20637,44.55494],[-105.19751,44.56278],[-105.18968,44.5626],[-105.17282,44.55558],[-105.16876,44.55862],[-105.16011,44.56044],[-105.15326,44.55775],[-105.14282,44.54968],[-105.1351,44.54784],[-105.1304,44.55283],[-105.13294,44.55378],[-105.1411,44.56472],[-105.14108,44.57011],[-105.1391,44.58113],[-105.13406,44.58363],[-105.13165,44.58983],[-105.11613,44.57943],[-105.11269,44.57978],[-105.1148,44.5716],[-105.12167,44.56352],[-105.1125,44.54802],[-105.10319,44.54239],[-105.08573,44.54463],[-105.08615,44.52771],[-105.0827,44.52761],[-105.08307,44.50638],[-105.06135,44.50897],[-105.0501,44.50489],[-105.03292,44.50453],[-105.03241,44.49853],[-105.03416,44.49515],[-105.02278,44.48902],[-105.02193,44.48583],[-105.02487,44.48178],[-105.03116,44.48256],[-105.03518,44.47819],[-105.03529,44.46485],[-105.03167,44.4616],[-105.03037,44.45747],[-105.03293,44.45726],[-105.03673,44.45264],[-105.03914,44.44544],[-105.05155,44.4378],[-105.05161,44.43098],[-105.05798,44.42596],[-105.05565,44.42075],[-105.04978,44.41883],[-105.04529,44.41357],[-105.04619,44.41058],[-105.04973,44.40839],[-105.04778,44.4065],[-105.04946,44.40639],[-105.04582,44.40437],[-105.04725,44.38694],[-105.05239,44.38591],[-105.04818,44.37987],[-105.0546,44.37334],[-105.05799,44.36488],[-105.05567,44.36262],[-105.05843,44.35546],[-105.05608,44.35233],[-105.06353,44.35392],[-105.06419,44.34664],[-105.07022,44.33824],[-105.07878,44.34157],[-105.0844,44.34092],[-105.08447,44.21663],[-105.08218,44.17618],[-105.07928,44.17618],[-105.08078,43.96622],[-105.10272,43.96294],[-105.11377,43.96446],[-105.11917,43.96794],[-105.12599,43.96938],[-105.13383,43.96746],[-105.14321,43.97723],[-105.14328,43.98091],[-105.15438,43.98793],[-105.15787,43.9867],[-105.16251,43.989],[-105.16499,43.98832],[-105.1674,43.98441],[-105.18248,43.98372],[-105.18981,43.98127],[-105.19384,43.98257],[-105.18803,43.99657],[-105.17818,44.00388],[-105.17161,44.01192],[-105.16092,44.01618],[-105.15793,44.01985],[-105.15933,44.0225],[-105.14692,44.03813],[-105.14291,44.04072],[-105.1397,44.04936],[-105.14212,44.06215],[-105.13885,44.07596],[-105.1555,44.08761],[-105.16014,44.09751],[-105.16539,44.09812],[-105.16311,44.09651],[-105.16611,44.0896],[-105.1713,44.0914],[-105.17005,44.0892],[-105.17462,44.0855],[-105.16967,44.08255],[-105.17374,44.08101],[-105.17813,44.08331],[-105.18087,44.08226],[-105.17984,44.08024],[-105.18321,44.0776],[-105.18198,44.07518],[-105.18901,44.07587],[-105.18941,44.07841],[-105.2003,44.07879],[-105.20129,44.0915],[-105.20837,44.10229],[-105.23057,44.11836],[-105.24174,44.12044],[-105.24237,44.12342],[-105.23937,44.13078],[-105.25108,44.13758],[-105.25183,44.14384],[-105.2483,44.14645],[-105.23262,44.15362],[-105.22534,44.15461],[-105.22285,44.16072],[-105.22496,44.16629],[-105.22369,44.16778],[-105.21622,44.16492],[-105.21272,44.16561],[-105.20735,44.17158],[-105.20213,44.17242],[-105.20713,44.19047],[-105.20328,44.19651],[-105.20402,44.20287],[-105.23073,44.19803],[-105.23486,44.20066],[-105.23763,44.20589],[-105.24263,44.20793],[-105.26466,44.20997],[-105.27553,44.20428],[-105.27792,44.20009],[-105.27827,44.19394],[-105.28411,44.19193],[-105.28185,44.19783],[-105.2843,44.20444],[-105.29104,44.20938],[-105.29324,44.21505],[-105.30161,44.22327],[-105.314,44.22939],[-105.31215,44.24368],[-105.30683,44.24997],[-105.31019,44.2518],[-105.3151,44.24767],[-105.31689,44.25048],[-105.32424,44.25061],[-105.33165,44.25497],[-105.34035,44.2553],[-105.34862,44.25964],[-105.35341,44.25856],[-105.35663,44.25668],[-105.35249,44.25216],[-105.35084,44.24164],[-105.34749,44.23664],[-105.34755,44.22583],[-105.36561,44.22606],[-105.37917,44.23299],[-105.39391,44.23283],[-105.39251,44.24539],[-105.39798,44.24903],[-105.39815,44.25873]]]}},{"type":"Feature","id":"82633","properties":{"zip":"82633","pop":null,"city":"","county":"Converse","state":"Wyoming","area":1890.37,"lat":42.99518,"lon":-105.39881},"geometry":{"type":"Polygon","coordinates":[[[-106.0242,43.27152],[-106.02284,43.27848],[-106.01638,43.27815],[-106.00328,43.28166],[-105.97479,43.28536],[-105.96597,43.2838],[-105.95986,43.28772],[-105.94277,43.29244],[-105.91779,43.30582],[-105.90472,43.32093],[-105.90567,43.32325],[-105.90336,43.32843],[-105.8647,43.34351],[-105.86505,43.35061],[-105.8629,43.35428],[-105.86216,43.36305],[-105.86981,43.37512],[-105.86947,43.37836],[-105.86459,43.38263],[-105.86564,43.38676],[-105.8696,43.3903],[-105.88209,43.39107],[-105.88275,43.39387],[-105.89296,43.40153],[-105.90175,43.39841],[-105.90713,43.39124],[-105.92673,43.38474],[-105.93011,43.38808],[-105.92904,43.39261],[-105.93161,43.39545],[-105.9365,43.39623],[-105.941,43.40594],[-105.94588,43.40742],[-105.94694,43.40964],[-105.94534,43.41478],[-105.95867,43.42589],[-105.95934,43.42845],[-105.9567,43.42891],[-105.95625,43.43439],[-105.9448,43.439],[-105.94076,43.44584],[-105.93498,43.45002],[-105.91354,43.45028],[-105.90736,43.45208],[-105.89582,43.4507],[-105.88588,43.4471],[-105.88105,43.44238],[-105.87231,43.44083],[-105.8637,43.43655],[-105.85869,43.42637],[-105.85384,43.4228],[-105.84367,43.42664],[-105.83477,43.43302],[-105.82935,43.43304],[-105.82062,43.42978],[-105.81238,43.43157],[-105.8047,43.4281],[-105.79788,43.43088],[-105.79651,43.43604],[-105.78974,43.4411],[-105.75929,43.44901],[-105.75727,43.44606],[-105.75333,43.45137],[-105.74576,43.45389],[-105.73533,43.4445],[-105.71862,43.43739],[-105.71072,43.436],[-105.70946,43.44194],[-105.70526,43.44528],[-105.69479,43.45035],[-105.67941,43.45123],[-105.67927,43.47413],[-105.67275,43.46579],[-105.66456,43.46106],[-105.65957,43.46142],[-105.6567,43.45876],[-105.65124,43.45839],[-105.64206,43.46446],[-105.63915,43.46885],[-105.64487,43.47745],[-105.63441,43.48136],[-105.60695,43.47681],[-105.60782,43.47461],[-105.6054,43.46862],[-105.59543,43.45204],[-105.58925,43.44862],[-105.58759,43.44558],[-105.57168,43.44717],[-105.5622,43.44195],[-105.5578,43.44173],[-105.5582,43.4395],[-105.55089,43.43897],[-105.5464,43.44213],[-105.55181,43.44332],[-105.5483,43.44641],[-105.53043,43.45161],[-105.52677,43.45492],[-105.51372,43.456],[-105.51067,43.45347],[-105.50655,43.46036],[-105.50882,43.46441],[-105.50338,43.46786],[-105.48797,43.46841],[-105.49153,43.47841],[-105.48355,43.48228],[-105.48359,43.48594],[-105.4927,43.48918],[-105.4937,43.49683],[-105.42206,43.49688],[-105.41437,43.49407],[-105.4128,43.49091],[-105.4011,43.48651],[-105.38761,43.48459],[-105.39006,43.4942],[-105.3831,43.49722],[-105.32441,43.49759],[-105.30878,43.49542],[-105.3045,43.48874],[-105.30041,43.4866],[-105.30484,43.48321],[-105.30569,43.47513],[-105.3328,43.45933],[-105.33529,43.44197],[-105.34372,43.43406],[-105.35549,43.42754],[-105.35926,43.42148],[-105.36056,43.39783],[-105.34301,43.39814],[-105.33531,43.40062],[-105.32516,43.39626],[-105.31563,43.39653],[-105.30611,43.40565],[-105.29694,43.4108],[-105.28848,43.42664],[-105.2786,43.42321],[-105.27168,43.42499],[-105.26493,43.42413],[-105.23674,43.41243],[-105.23444,43.40978],[-105.22067,43.40581],[-105.21544,43.39961],[-105.20432,43.39248],[-105.20128,43.3878],[-105.20112,43.37841],[-105.20489,43.37428],[-105.20185,43.37206],[-105.17871,43.37421],[-105.17938,43.382],[-105.16345,43.38467],[-105.16195,43.38414],[-105.16209,43.37756],[-105.15574,43.37684],[-105.14867,43.37069],[-105.14664,43.36588],[-105.13546,43.35768],[-105.13672,43.35524],[-105.13564,43.34942],[-105.13952,43.34461],[-105.13788,43.29047],[-105.07315,43.29042],[-105.06879,43.29255],[-105.06434,43.29956],[-105.05532,43.30734],[-105.05877,43.31623],[-105.05613,43.32142],[-105.04775,43.3217],[-105.03533,43.32638],[-105.03006,43.33886],[-105.00719,43.33528],[-104.99706,43.33699],[-104.99311,43.34042],[-104.99738,43.34708],[-104.99698,43.34939],[-104.9915,43.353],[-104.99454,43.36039],[-104.979,43.36277],[-104.97654,43.36762],[-104.96688,43.36684],[-104.95985,43.37019],[-104.97613,43.37671],[-104.98829,43.37824],[-104.99152,43.38296],[-104.99509,43.38445],[-105.00069,43.39633],[-105.00606,43.39954],[-105.00431,43.40379],[-105.00992,43.41506],[-105.00771,43.42122],[-105.05025,43.42159],[-105.07268,43.40762],[-105.07912,43.40077],[-105.08235,43.4034],[-105.09355,43.40112],[-105.10233,43.40379],[-105.10811,43.41186],[-105.10871,43.41728],[-105.10803,43.42378],[-105.10135,43.43634],[-105.11924,43.43957],[-105.12255,43.44698],[-105.13185,43.44658],[-105.13896,43.44936],[-105.14332,43.45366],[-105.13273,43.45185],[-105.12068,43.45727],[-105.09363,43.45805],[-105.06888,43.44278],[-105.06037,43.43542],[-105.0541,43.43341],[-105.05225,43.43864],[-105.05697,43.44217],[-105.06031,43.44776],[-105.05483,43.45443],[-105.04905,43.45791],[-105.0446,43.46539],[-105.04597,43.47128],[-105.04955,43.47276],[-105.05079,43.47682],[-105.05329,43.49867],[-104.91535,43.49954],[-104.91362,43.49379],[-104.91658,43.49124],[-104.91429,43.47625],[-104.91798,43.46423],[-104.92072,43.46298],[-104.91988,43.46148],[-104.91102,43.46085],[-104.90357,43.45594],[-104.90349,43.45092],[-104.8995,43.44929],[-104.90058,43.44724],[-104.89662,43.44512],[-104.89001,43.44841],[-104.87867,43.44337],[-104.88129,43.4512],[-104.87901,43.45594],[-104.8747,43.45359],[-104.86561,43.45321],[-104.86114,43.44912],[-104.86103,43.44427],[-104.85155,43.43624],[-104.85161,43.41379],[-104.84984,43.40968],[-104.85043,43.40728],[-104.85705,43.40474],[-104.85806,43.39398],[-104.87004,43.39285],[-104.87903,43.39244],[-104.881,43.3974],[-104.88966,43.39846],[-104.89879,43.40719],[-104.89781,43.22637],[-104.87537,43.22256],[-104.86138,43.22216],[-104.85069,43.21082],[-104.8487,43.20452],[-104.83343,43.19708],[-104.8239,43.18926],[-104.8235,43.18706],[-104.82878,43.1825],[-104.82851,43.18042],[-104.82326,43.17666],[-104.81839,43.17643],[-104.81305,43.17987],[-104.80961,43.17787],[-104.80717,43.18112],[-104.79764,43.18129],[-104.79861,43.1792],[-104.80689,43.18058],[-104.80385,43.17207],[-104.80207,43.17319],[-104.80093,43.17023],[-104.79918,43.15789],[-104.80256,43.14918],[-104.8062,43.1462],[-104.81703,43.14541],[-104.81893,43.14211],[-104.81825,43.13937],[-104.82359,43.13644],[-104.82467,43.13346],[-104.83676,43.12969],[-104.84813,43.13932],[-104.8452,43.1433],[-104.84854,43.1524],[-104.85715,43.15342],[-104.85708,43.15601],[-104.8608,43.16071],[-104.86502,43.15802],[-104.86678,43.16558],[-104.87696,43.16904],[-104.88162,43.16576],[-104.88053,43.16147],[-104.8833,43.16036],[-104.89063,43.1622],[-104.90776,43.17343],[-104.92595,43.17107],[-104.95411,43.17475],[-104.96491,43.16997],[-104.96904,43.16041],[-104.97868,43.1733],[-104.99908,43.17885],[-105.00165,43.17631],[-105.0035,43.16897],[-105.01681,43.16909],[-105.01448,43.16005],[-105.0206,43.15765],[-105.02717,43.1493],[-105.02598,43.14132],[-105.01677,43.13379],[-105.01584,43.12547],[-105.03973,43.1251],[-105.04801,43.09999],[-105.0406,43.09832],[-105.04063,43.09679],[-105.03257,43.09604],[-105.02346,43.08896],[-104.99814,43.08141],[-105.00501,43.07458],[-105.01514,43.06927],[-105.0297,43.06759],[-105.04396,43.06172],[-105.03807,43.06008],[-105.03446,43.0528],[-105.02732,43.04763],[-105.03013,43.04423],[-105.01753,43.03718],[-105.01882,43.03011],[-105.02359,43.02771],[-105.0317,43.01927],[-105.03519,43.01904],[-105.03759,43.01289],[-105.04373,43.008],[-105.04025,42.98634],[-105.04073,42.97175],[-105.03761,42.96918],[-105.03756,42.95885],[-105.10263,42.95833],[-105.10255,42.93556],[-105.09758,42.9357],[-105.09753,42.89823],[-105.08107,42.89867],[-105.07497,42.89702],[-105.07183,42.8989],[-105.05676,42.8992],[-105.05774,42.88056],[-105.06625,42.8799],[-105.06736,42.86955],[-105.07218,42.86915],[-105.07109,42.84018],[-105.08794,42.84004],[-105.08571,42.8313],[-105.07971,42.83018],[-105.0781,42.83216],[-105.06189,42.83175],[-105.0587,42.82487],[-105.05031,42.81669],[-105.04558,42.80496],[-105.03761,42.79618],[-105.0379,42.78826],[-105.03254,42.7823],[-105.01581,42.78226],[-105.00938,42.77705],[-105.00932,42.77322],[-105.01414,42.76937],[-105.0153,42.76397],[-105.00927,42.75453],[-105.00942,42.74746],[-105.03154,42.73769],[-105.05706,42.72314],[-105.06873,42.71132],[-105.09943,42.6971],[-105.11314,42.68184],[-105.04823,42.6812],[-105.04856,42.6563],[-105.04462,42.65169],[-104.98962,42.65226],[-104.98955,42.62882],[-104.98456,42.62998],[-104.98238,42.62832],[-104.9795,42.6121],[-104.97433,42.60886],[-105.28651,42.60583],[-105.28226,42.43133],[-105.33264,42.43111],[-105.33249,42.4191],[-105.3421,42.41907],[-105.34206,42.40493],[-105.352,42.40462],[-105.35223,42.37639],[-105.36174,42.37632],[-105.36083,42.33353],[-105.35859,42.31927],[-105.37868,42.31902],[-105.37554,42.29014],[-105.40055,42.2901],[-105.39995,42.30103],[-105.39579,42.30651],[-105.39405,42.32015],[-105.39171,42.3242],[-105.39167,42.32883],[-105.39736,42.33303],[-105.39699,42.33838],[-105.39924,42.33976],[-105.40392,42.33767],[-105.405,42.33989],[-105.41833,42.3347],[-105.43884,42.32263],[-105.44164,42.32305],[-105.44587,42.31734],[-105.45569,42.31558],[-105.46117,42.31164],[-105.47062,42.31402],[-105.47614,42.31003],[-105.47536,42.31394],[-105.47857,42.3155],[-105.45312,42.33383],[-105.45167,42.33989],[-105.45311,42.34275],[-105.46974,42.33851],[-105.46762,42.33588],[-105.46955,42.33452],[-105.48926,42.32487],[-105.50196,42.31125],[-105.51874,42.30224],[-105.52642,42.29142],[-105.5267,42.29614],[-105.53377,42.29637],[-105.53966,42.30759],[-105.53985,42.31816],[-105.52635,42.32543],[-105.52527,42.32852],[-105.53074,42.33051],[-105.52856,42.3339],[-105.52389,42.33463],[-105.50871,42.34697],[-105.50157,42.34923],[-105.50137,42.35498],[-105.50471,42.35985],[-105.50323,42.36538],[-105.4934,42.36496],[-105.48223,42.37356],[-105.48288,42.37758],[-105.47992,42.3872],[-105.47254,42.39191],[-105.474,42.39473],[-105.47272,42.39792],[-105.46821,42.40259],[-105.47066,42.40769],[-105.47446,42.40969],[-105.47595,42.41347],[-105.47439,42.4152],[-105.47998,42.41882],[-105.47711,42.42323],[-105.47541,42.43154],[-105.47948,42.43402],[-105.49381,42.42849],[-105.49471,42.42516],[-105.49107,42.42186],[-105.49989,42.41289],[-105.50022,42.40288],[-105.51426,42.3871],[-105.52812,42.38166],[-105.54067,42.38463],[-105.53525,42.39032],[-105.53746,42.3928],[-105.53736,42.39632],[-105.52211,42.40236],[-105.52171,42.40472],[-105.51287,42.4069],[-105.50954,42.42035],[-105.50446,42.42256],[-105.50167,42.42673],[-105.50616,42.42966],[-105.51008,42.42926],[-105.51299,42.43383],[-105.50907,42.44294],[-105.49166,42.45085],[-105.48922,42.45427],[-105.48423,42.45396],[-105.48057,42.45843],[-105.47494,42.4588],[-105.47674,42.46025],[-105.47542,42.46633],[-105.47313,42.46699],[-105.47222,42.47034],[-105.4651,42.47749],[-105.46099,42.47893],[-105.46161,42.48166],[-105.45651,42.4876],[-105.46421,42.48701],[-105.46968,42.48889],[-105.4704,42.49195],[-105.47899,42.4971],[-105.50128,42.49951],[-105.50713,42.49921],[-105.5144,42.49564],[-105.51601,42.49269],[-105.53412,42.49393],[-105.55016,42.48577],[-105.57797,42.47838],[-105.57958,42.47683],[-105.57877,42.46512],[-105.58029,42.46258],[-105.58832,42.45967],[-105.58707,42.45747],[-105.58227,42.45589],[-105.58438,42.45142],[-105.58084,42.44891],[-105.60121,42.43369],[-105.60578,42.4338],[-105.60702,42.43129],[-105.69848,42.43106],[-105.69859,42.43303],[-105.68987,42.4346],[-105.68632,42.43804],[-105.68854,42.44464],[-105.68618,42.44942],[-105.68039,42.44957],[-105.68151,42.46409],[-105.67779,42.46575],[-105.68058,42.47262],[-105.69433,42.47249],[-105.70001,42.47038],[-105.70006,42.49351],[-105.70462,42.49368],[-105.70451,42.52527],[-105.7084,42.52635],[-105.70291,42.54264],[-105.70215,42.55091],[-105.70432,42.55043],[-105.70828,42.5549],[-105.70584,42.56085],[-105.70752,42.56822],[-105.7034,42.57588],[-105.71028,42.57938],[-105.72455,42.58219],[-105.72389,42.57959],[-105.7294,42.57524],[-105.7329,42.57522],[-105.73432,42.57146],[-105.73871,42.56911],[-105.7525,42.56901],[-105.76833,42.57439],[-105.77265,42.72103],[-105.69455,42.72084],[-105.6955,42.77939],[-105.69216,42.7794],[-105.69249,42.81263],[-105.65782,42.8017],[-105.61387,42.79525],[-105.61373,42.79607],[-105.62508,42.79779],[-105.64853,42.80825],[-105.67261,42.82464],[-105.67261,42.8233],[-105.6871,42.8232],[-105.68351,42.82632],[-105.67556,42.82817],[-105.67382,42.83151],[-105.67509,42.83613],[-105.67257,42.83745],[-105.67251,42.85976],[-105.69232,42.86263],[-105.70657,42.86213],[-105.7067,42.86635],[-105.71051,42.86702],[-105.7118,42.87041],[-105.71026,42.88317],[-105.71265,42.89802],[-105.71798,42.90434],[-105.71795,42.90891],[-105.72626,42.91483],[-105.73109,42.92126],[-105.73156,42.92485],[-105.76467,42.92482],[-105.8032,42.91648],[-105.80474,42.91881],[-105.80332,42.92058],[-105.80517,42.92316],[-105.79809,42.92673],[-105.79193,42.93478],[-105.79292,42.94195],[-105.78596,42.9494],[-105.78693,42.95263],[-105.78497,42.95954],[-105.77777,42.96296],[-105.77896,42.96942],[-105.7775,42.97527],[-105.78524,42.98535],[-105.78366,42.99236],[-105.78589,42.99467],[-105.7869,43.00097],[-105.77235,43.00447],[-105.77131,43.0079],[-105.77298,43.01364],[-105.76923,43.01698],[-105.76224,43.01784],[-105.76422,43.02527],[-105.75445,43.02532],[-105.74889,43.03325],[-105.73354,43.03516],[-105.73371,43.03836],[-105.72226,43.04586],[-105.72182,43.04923],[-105.71451,43.04783],[-105.70779,43.04955],[-105.71858,43.06112],[-105.71136,43.06238],[-105.71652,43.06807],[-105.71864,43.06752],[-105.7171,43.07108],[-105.72058,43.07433],[-105.71291,43.0863],[-105.7129,43.09679],[-105.7423,43.1014],[-105.7463,43.10944],[-105.74108,43.11832],[-105.7424,43.12063],[-105.74159,43.13078],[-105.74343,43.13231],[-105.74392,43.13064],[-105.7502,43.13075],[-105.76657,43.13385],[-105.77263,43.13706],[-105.7773,43.14254],[-105.77722,43.14514],[-105.75873,43.15728],[-105.75947,43.16055],[-105.75426,43.163],[-105.74569,43.18099],[-105.74251,43.18189],[-105.75685,43.19136],[-105.76587,43.18706],[-105.76207,43.19448],[-105.7653,43.1971],[-105.79724,43.20146],[-105.79978,43.1945],[-105.80953,43.20302],[-105.8021,43.20986],[-105.80209,43.2133],[-105.78185,43.22168],[-105.77744,43.2182],[-105.75813,43.21853],[-105.7528,43.21494],[-105.73665,43.21762],[-105.73556,43.21924],[-105.73709,43.22265],[-105.73856,43.22205],[-105.74488,43.22727],[-105.73296,43.23542],[-105.71928,43.23539],[-105.70016,43.24274],[-105.69454,43.24198],[-105.68777,43.25452],[-105.69463,43.27229],[-105.70275,43.27811],[-105.70958,43.29057],[-105.72711,43.30065],[-105.73426,43.3124],[-105.74542,43.31081],[-105.76735,43.30329],[-105.77435,43.29708],[-105.79674,43.28706],[-105.82317,43.28041],[-105.82695,43.28125],[-105.85712,43.25901],[-105.86298,43.26528],[-105.88618,43.26],[-105.88874,43.2615],[-105.90259,43.25601],[-105.91627,43.25496],[-105.91717,43.25707],[-105.9216,43.25704],[-105.93246,43.25491],[-105.94758,43.24725],[-105.9611,43.24383],[-105.97389,43.2419],[-105.97894,43.24475],[-105.98456,43.2425],[-105.99303,43.24429],[-105.99707,43.24237],[-105.99823,43.23971],[-105.9969,43.23694],[-105.99931,43.23536],[-106.00875,43.23692],[-106.02153,43.23613],[-106.02227,43.24223],[-106.01998,43.24977],[-106.02437,43.25626],[-106.02201,43.26163],[-106.02549,43.26876],[-106.0242,43.27152]]]}},{"type":"Feature","id":"82001","properties":{"zip":"82001","pop":null,"city":"Cheyenne","county":"Laramie","state":"Wyoming","area":41.44,"lat":41.0949,"lon":-104.93283},"geometry":{"type":"Polygon","coordinates":[[[-105.09904,41.09842],[-105.06492,41.1003],[-105.04408,41.10345],[-105.01664,41.10134],[-104.99119,41.10748],[-104.90609,41.11684],[-104.85758,41.11595],[-104.86089,41.1173],[-104.86081,41.12009],[-104.85112,41.11895],[-104.8422,41.13209],[-104.84922,41.13519],[-104.85026,41.1325],[-104.86051,41.13151],[-104.86859,41.13152],[-104.8773,41.13359],[-104.8706,41.13244],[-104.86622,41.13374],[-104.86735,41.13578],[-104.86208,41.13741],[-104.85874,41.14084],[-104.85601,41.14638],[-104.86359,41.15208],[-104.85098,41.14779],[-104.85547,41.1474],[-104.84054,41.13981],[-104.84031,41.1464],[-104.84533,41.14822],[-104.84357,41.15119],[-104.85376,41.15402],[-104.85703,41.15265],[-104.86771,41.15699],[-104.8697,41.156],[-104.87284,41.15917],[-104.87468,41.16396],[-104.8655,41.16569],[-104.85841,41.16951],[-104.84006,41.16722],[-104.82907,41.16061],[-104.82867,41.16409],[-104.81512,41.16388],[-104.80728,41.15856],[-104.79095,41.15747],[-104.78879,41.16021],[-104.77977,41.16016],[-104.77882,41.15649],[-104.77527,41.15649],[-104.77484,41.16015],[-104.71322,41.15966],[-104.71341,41.14684],[-104.74855,41.12883],[-104.78658,41.13008],[-104.8053,41.13477],[-104.87062,41.11041],[-104.89926,41.09653],[-104.89991,41.09294],[-104.89348,41.07368],[-104.9426,41.07368],[-104.93198,41.06453],[-104.93443,41.0644],[-104.93923,41.05991],[-104.94393,41.05932],[-104.94001,41.05183],[-104.93457,41.04871],[-104.93758,41.0468],[-104.95134,41.0456],[-104.954,41.04585],[-104.95538,41.04816],[-104.96697,41.04785],[-104.96689,41.04479],[-104.97093,41.03923],[-104.97707,41.0408],[-104.97991,41.0441],[-104.98574,41.04435],[-104.99067,41.04338],[-105.0015,41.03665],[-105.0345,41.0398],[-105.02629,41.03062],[-105.02021,41.02868],[-105.02638,41.02573],[-105.0426,41.02405],[-105.04013,41.02054],[-105.07479,41.02258],[-105.0764,41.02472],[-105.07425,41.02878],[-105.07957,41.03068],[-105.08207,41.03482],[-105.09255,41.03878],[-105.09713,41.04438],[-105.09851,41.04959],[-105.0873,41.04907],[-105.08652,41.05188],[-105.09286,41.05451],[-105.09309,41.05838],[-105.0754,41.06108],[-105.07644,41.06492],[-105.07452,41.06827],[-105.06669,41.07312],[-105.06349,41.0688],[-105.05921,41.05181],[-105.05341,41.04751],[-105.04853,41.04745],[-105.04214,41.05238],[-105.03752,41.0668],[-105.03756,41.08224],[-105.03467,41.08557],[-105.01573,41.08931],[-104.99465,41.08521],[-104.99376,41.08868],[-105.00872,41.0925],[-105.04227,41.09437],[-105.06517,41.09072],[-105.08639,41.09135],[-105.09904,41.09842]]]}},{"type":"Feature","id":"82648","properties":{"zip":"82648","pop":null,"city":"Powder River","county":"Natrona","state":"Wyoming","area":137.82,"lat":43.14746,"lon":-107.04213},"geometry":{"type":"Polygon","coordinates":[[[-107.25338,43.20442],[-107.24949,43.22974],[-107.23971,43.23903],[-107.23706,43.2478],[-107.23226,43.25067],[-107.2233,43.25125],[-107.22588,43.25577],[-107.22608,43.26435],[-107.21968,43.27904],[-107.2203,43.28343],[-107.21667,43.28743],[-107.21063,43.2888],[-107.20228,43.30562],[-107.18341,43.31188],[-107.17451,43.32788],[-107.17502,43.32991],[-107.16947,43.33352],[-107.16301,43.33689],[-107.1496,43.33819],[-107.14727,43.34123],[-107.14244,43.33954],[-107.13284,43.34299],[-107.12654,43.33888],[-107.12694,43.3363],[-107.1201,43.3276],[-107.11507,43.32491],[-107.11508,43.3195],[-107.10933,43.31601],[-107.09858,43.31718],[-107.08972,43.31315],[-107.0831,43.31341],[-107.08014,43.311],[-107.07622,43.30261],[-107.06033,43.29073],[-107.05924,43.2863],[-107.05396,43.28489],[-107.05833,43.27556],[-107.05326,43.26524],[-107.0536,43.25935],[-107.05068,43.25244],[-107.05352,43.24835],[-107.05969,43.24608],[-107.05708,43.24131],[-107.06094,43.23339],[-107.08487,43.21743],[-107.09385,43.2218],[-107.09554,43.22865],[-107.10851,43.23456],[-107.10852,43.23608],[-107.12516,43.24583],[-107.12834,43.2533],[-107.13416,43.25604],[-107.14711,43.25438],[-107.14811,43.25118],[-107.14578,43.24406],[-107.14919,43.23967],[-107.16182,43.23284],[-107.16455,43.22866],[-107.16324,43.22049],[-107.15602,43.21313],[-107.15277,43.21251],[-107.14974,43.20639],[-107.13722,43.2016],[-107.11324,43.19793],[-107.11274,43.19574],[-107.11884,43.19307],[-107.12927,43.19406],[-107.16099,43.1885],[-107.17437,43.19055],[-107.18858,43.18967],[-107.17787,43.18144],[-107.1738,43.17484],[-107.16759,43.17322],[-107.16332,43.16908],[-107.16432,43.16676],[-107.16099,43.16677],[-107.15513,43.15898],[-107.15407,43.15373],[-107.16099,43.15744],[-107.17033,43.15862],[-107.17289,43.15568],[-107.17221,43.15243],[-107.18578,43.14557],[-107.14616,43.12494],[-107.11658,43.12078],[-107.08399,43.11293],[-107.03914,43.11275],[-107.02175,43.10522],[-107.01568,43.09491],[-107.00423,43.09237],[-106.98064,43.09954],[-106.973,43.10434],[-106.95637,43.10519],[-106.95484,43.10778],[-106.94529,43.11285],[-106.93009,43.11865],[-106.92562,43.11774],[-106.92247,43.12433],[-106.91029,43.13276],[-106.90582,43.14012],[-106.90732,43.14273],[-106.90154,43.1436],[-106.8801,43.1618],[-106.85974,43.16175],[-106.85156,43.16484],[-106.83097,43.15682],[-106.83256,43.14433],[-106.82853,43.14287],[-106.82634,43.13583],[-106.81298,43.12894],[-106.81176,43.11686],[-106.8176,43.11203],[-106.81671,43.10713],[-106.81396,43.10503],[-106.81513,43.09915],[-106.81705,43.09774],[-106.79891,43.07905],[-106.79744,43.07632],[-106.8004,43.06753],[-106.79075,43.06813],[-106.78918,43.06431],[-106.7754,43.06897],[-106.76844,43.0654],[-106.76848,43.0603],[-106.77269,43.05781],[-106.77344,43.05415],[-106.77893,43.05203],[-106.78077,43.04812],[-106.77806,43.04238],[-106.77936,43.03484],[-106.77303,43.03231],[-106.77268,43.03003],[-106.82894,43.03088],[-106.85959,43.03639],[-106.96705,43.03253],[-106.96751,43.02953],[-106.98727,43.03199],[-106.9872,43.03013],[-106.99513,43.02597],[-107.00671,43.02423],[-107.01235,43.01711],[-107.02043,43.01191],[-107.02772,43.01363],[-107.02812,43.01764],[-107.03178,43.02228],[-107.02866,43.02854],[-107.03496,43.03103],[-107.04473,43.03137],[-107.04841,43.03266],[-107.04918,43.03483],[-107.10552,43.05264],[-107.13918,43.06024],[-107.13805,43.07064],[-107.13593,43.07326],[-107.14071,43.08323],[-107.14975,43.0874],[-107.16014,43.08321],[-107.1811,43.10075],[-107.19049,43.10432],[-107.20644,43.1064],[-107.20677,43.11336],[-107.21137,43.12119],[-107.2342,43.14343],[-107.21454,43.14776],[-107.20251,43.14751],[-107.19799,43.14987],[-107.19947,43.15256],[-107.21293,43.16142],[-107.21433,43.16392],[-107.21103,43.16562],[-107.21967,43.17681],[-107.22712,43.18264],[-107.23361,43.18041],[-107.23948,43.18203],[-107.25761,43.18082],[-107.25338,43.20442]]]}},{"type":"Feature","id":"82520","properties":{"zip":"82520","pop":null,"city":"","county":"Fremont","state":"Wyoming","area":1105.14,"lat":42.6591,"lon":-108.63273},"geometry":{"type":"Polygon","coordinates":[[[-109.32577,42.86878],[-109.11517,42.86827],[-109.10821,42.86653],[-109.09535,42.86833],[-109.04889,42.86854],[-109.05171,42.87185],[-109.04627,42.87274],[-109.04361,42.87511],[-109.04376,42.87946],[-109.03941,42.88952],[-109.04335,42.88692],[-109.04017,42.8965],[-109.04324,42.89397],[-109.04011,42.90555],[-109.04454,42.90295],[-109.04274,42.90796],[-109.02543,42.91256],[-109.01891,42.90942],[-109.01552,42.91037],[-109.01274,42.9135],[-109.01322,42.91839],[-109.00293,42.92578],[-108.95505,42.9452],[-108.94048,42.95727],[-108.93527,42.95894],[-108.93072,42.9689],[-108.92633,42.97384],[-108.92403,42.9741],[-108.92285,42.97798],[-108.91615,42.98221],[-108.90625,42.98312],[-108.90334,42.98504],[-108.88681,42.98365],[-108.88459,42.98628],[-108.85294,42.99845],[-108.82098,43.0141],[-108.82564,43.01773],[-108.83559,43.01924],[-108.84632,43.01375],[-108.8491,43.01478],[-108.85047,43.01133],[-108.85801,43.01299],[-108.8628,43.00924],[-108.87139,43.00835],[-108.87444,43.01047],[-108.88132,43.01023],[-108.88666,43.02005],[-108.89175,43.02517],[-108.88445,43.02766],[-108.87634,43.04185],[-108.87518,43.0478],[-108.88399,43.05341],[-108.88163,43.05808],[-108.88752,43.06344],[-108.88652,43.06597],[-108.89192,43.07086],[-108.89014,43.07238],[-108.89323,43.07493],[-108.89138,43.07601],[-108.89377,43.08021],[-108.89324,43.08766],[-108.89543,43.08671],[-108.89622,43.0887],[-108.89411,43.08912],[-108.9006,43.08979],[-108.90229,43.09435],[-108.90842,43.09645],[-108.91466,43.11288],[-108.91134,43.11717],[-108.9126,43.12247],[-108.90654,43.12279],[-108.9065,43.12631],[-108.90078,43.12708],[-108.89807,43.13012],[-108.89835,43.13586],[-108.9043,43.14208],[-108.90299,43.14652],[-108.87568,43.12705],[-108.86712,43.13179],[-108.863,43.12667],[-108.8536,43.12193],[-108.84813,43.12485],[-108.84229,43.12382],[-108.84417,43.127],[-108.84158,43.12858],[-108.84165,43.132],[-108.82005,43.14337],[-108.80637,43.11721],[-108.78886,43.0987],[-108.77594,43.09135],[-108.76895,43.08353],[-108.75268,43.07966],[-108.75603,43.0716],[-108.75548,42.99728],[-108.72384,42.99732],[-108.72391,43.00031],[-108.72172,42.99921],[-108.72213,42.99733],[-108.67656,42.99786],[-108.67657,42.9835],[-108.69563,42.98281],[-108.70053,42.97902],[-108.70692,42.9795],[-108.71542,42.97582],[-108.71549,42.95963],[-108.72182,42.95437],[-108.69855,42.95107],[-108.65512,42.94028],[-108.62877,42.93328],[-108.61696,42.92633],[-108.60632,42.92368],[-108.60669,42.89854],[-108.60943,42.89746],[-108.61105,42.89193],[-108.61487,42.89142],[-108.61604,42.88689],[-108.61431,42.88443],[-108.61836,42.88345],[-108.61266,42.88341],[-108.60795,42.88753],[-108.60963,42.88346],[-108.59175,42.88351],[-108.5916,42.8819],[-108.58895,42.88153],[-108.59144,42.87512],[-108.59432,42.87709],[-108.5905,42.87381],[-108.59282,42.87111],[-108.58229,42.85374],[-108.57958,42.85238],[-108.58442,42.85077],[-108.58563,42.84601],[-108.5927,42.84616],[-108.59376,42.8439],[-108.59212,42.84204],[-108.58317,42.83758],[-108.5933,42.83369],[-108.59372,42.82732],[-108.59663,42.82679],[-108.60367,42.82047],[-108.59953,42.81229],[-108.60058,42.80703],[-108.60756,42.8005],[-108.60241,42.78987],[-108.60394,42.76869],[-108.59336,42.75897],[-108.59757,42.75946],[-108.59882,42.75783],[-108.58817,42.75417],[-108.57259,42.74308],[-108.54431,42.70755],[-108.53682,42.70314],[-108.53009,42.70265],[-108.52646,42.7043],[-108.53,42.69788],[-108.47706,42.70352],[-108.46785,42.70029],[-108.43184,42.67932],[-108.41056,42.67464],[-108.3957,42.68506],[-108.34714,42.71279],[-108.34328,42.72401],[-108.34734,42.72559],[-108.33602,42.73423],[-108.32398,42.73838],[-108.32376,42.75099],[-108.33428,42.75656],[-108.3336,42.76577],[-108.3426,42.7689],[-108.34617,42.76822],[-108.34783,42.77651],[-108.34556,42.7781],[-108.34361,42.77695],[-108.34257,42.77387],[-108.34456,42.77337],[-108.34257,42.7719],[-108.33993,42.7736],[-108.33609,42.77219],[-108.33732,42.77026],[-108.33477,42.77012],[-108.33447,42.76822],[-108.32898,42.76941],[-108.32756,42.76864],[-108.32937,42.76826],[-108.32883,42.766],[-108.32669,42.7642],[-108.32238,42.76452],[-108.32402,42.75701],[-108.32065,42.75454],[-108.32266,42.75387],[-108.32241,42.75118],[-108.31669,42.74354],[-108.31515,42.74485],[-108.31206,42.74108],[-108.31493,42.73509],[-108.31986,42.73389],[-108.32071,42.7351],[-108.32496,42.72837],[-108.3263,42.73115],[-108.32705,42.73086],[-108.32601,42.73013],[-108.32929,42.72737],[-108.32698,42.72405],[-108.33138,42.72266],[-108.33164,42.71863],[-108.33514,42.72],[-108.33166,42.71788],[-108.32915,42.71247],[-108.33522,42.70428],[-108.33488,42.69054],[-108.3381,42.68128],[-108.33338,42.6613],[-108.33003,42.65621],[-108.33333,42.65241],[-108.33119,42.6481],[-108.33495,42.64727],[-108.34139,42.65049],[-108.34387,42.64855],[-108.34282,42.6474],[-108.34989,42.64548],[-108.34691,42.64065],[-108.35245,42.63961],[-108.34912,42.636],[-108.3522,42.63572],[-108.35097,42.63244],[-108.35501,42.63036],[-108.35394,42.6275],[-108.35919,42.62263],[-108.36056,42.61673],[-108.3662,42.61475],[-108.37261,42.60573],[-108.37824,42.60506],[-108.38,42.60115],[-108.37818,42.60014],[-108.37897,42.59884],[-108.38532,42.5976],[-108.38661,42.59386],[-108.3921,42.59312],[-108.39237,42.59168],[-108.39626,42.59247],[-108.4026,42.58945],[-108.40663,42.58155],[-108.4102,42.58237],[-108.40873,42.58037],[-108.41597,42.56971],[-108.413,42.5683],[-108.41214,42.56136],[-108.41418,42.55904],[-108.42326,42.55828],[-108.42839,42.55473],[-108.43382,42.54715],[-108.42113,42.53308],[-108.4091,42.52484],[-108.40924,42.51919],[-108.40165,42.51143],[-108.40923,42.5052],[-108.40544,42.5032],[-108.40967,42.50312],[-108.40349,42.49723],[-108.39189,42.49172],[-108.38377,42.48418],[-108.38402,42.48065],[-108.40857,42.47307],[-108.41008,42.47124],[-108.40749,42.47176],[-108.39505,42.46447],[-108.38861,42.46911],[-108.36391,42.47821],[-108.35721,42.47766],[-108.35085,42.48171],[-108.30708,42.49152],[-108.29593,42.4973],[-108.28523,42.49389],[-108.25764,42.49883],[-108.25665,42.50279],[-108.2473,42.50634],[-108.24297,42.51498],[-108.25008,42.51624],[-108.21909,42.52721],[-108.21487,42.53076],[-108.22233,42.54403],[-108.24474,42.56034],[-108.22944,42.56283],[-108.22492,42.56956],[-108.22096,42.57164],[-108.21462,42.57075],[-108.21282,42.56531],[-108.20519,42.56453],[-108.1514,42.57669],[-108.1432,42.57721],[-108.11281,42.57339],[-108.09454,42.5817],[-108.08159,42.58379],[-108.07505,42.58862],[-108.06695,42.60154],[-108.05246,42.61394],[-108.0504,42.62246],[-108.05274,42.62644],[-108.0527,42.63269],[-108.04717,42.63874],[-108.01017,42.64348],[-108.00381,42.63979],[-108.00523,42.63476],[-108.00121,42.63301],[-108.00232,42.63146],[-107.99749,42.627],[-108.00025,42.62537],[-107.99848,42.62337],[-108.0013,42.61871],[-107.99854,42.61851],[-107.99788,42.61457],[-107.9955,42.61519],[-107.99386,42.61315],[-107.98961,42.61261],[-107.98813,42.60973],[-107.97436,42.6049],[-107.97125,42.60253],[-107.97227,42.6016],[-107.96739,42.60062],[-107.96058,42.59507],[-107.95995,42.59281],[-107.95716,42.59306],[-107.9581,42.59481],[-107.95197,42.59534],[-107.94631,42.5931],[-107.94,42.59347],[-107.93839,42.59287],[-107.93826,42.5897],[-107.93337,42.58878],[-107.92802,42.5918],[-107.92818,42.58949],[-107.92221,42.58494],[-107.90526,42.58327],[-107.90195,42.57909],[-107.89685,42.57796],[-107.89638,42.57483],[-107.88977,42.57399],[-107.8877,42.5717],[-107.89417,42.56233],[-107.90184,42.55319],[-107.90645,42.55097],[-107.89931,42.5453],[-107.88692,42.54258],[-107.89474,42.53686],[-107.89824,42.52864],[-107.89475,42.52425],[-107.88582,42.52194],[-107.87296,42.525],[-107.85152,42.52447],[-107.84259,42.52795],[-107.82902,42.52905],[-107.81066,42.52734],[-107.80479,42.52866],[-107.80136,42.52798],[-107.79918,42.5249],[-107.79122,42.52383],[-107.78755,42.5256],[-107.7882,42.52686],[-107.78597,42.52608],[-107.78702,42.53053],[-107.77335,42.52831],[-107.77017,42.53403],[-107.76086,42.53722],[-107.75127,42.54627],[-107.7209,42.55175],[-107.70584,42.54379],[-107.67653,42.54899],[-107.66851,42.5425],[-107.66679,42.53793],[-107.64693,42.52774],[-107.64821,42.52517],[-107.64311,42.52331],[-107.64504,42.5221],[-107.6419,42.51803],[-107.64403,42.51705],[-107.64275,42.51591],[-107.64053,42.51673],[-107.63008,42.53529],[-107.62174,42.5641],[-107.61376,42.56666],[-107.61051,42.57397],[-107.59937,42.58221],[-107.59904,42.5958],[-107.59525,42.60714],[-107.58679,42.60889],[-107.5843,42.60314],[-107.58522,42.59484],[-107.57303,42.58765],[-107.56254,42.58765],[-107.54249,42.59381],[-107.54248,42.58793],[-107.593,42.56928],[-107.56139,42.55461],[-107.54971,42.54398],[-107.54238,42.54429],[-107.54209,42.4499],[-107.58479,42.46348],[-107.60727,42.45263],[-107.61362,42.44588],[-107.62344,42.44285],[-107.63985,42.44181],[-107.65399,42.43744],[-107.66647,42.42876],[-107.67813,42.42504],[-107.68961,42.42392],[-107.69467,42.42646],[-107.7046,42.42483],[-107.71022,42.43429],[-107.71121,42.44472],[-107.71465,42.44765],[-107.71881,42.44149],[-107.74448,42.44051],[-107.74915,42.44196],[-107.75222,42.44705],[-107.77084,42.45164],[-107.77041,42.44736],[-107.76283,42.43973],[-107.76386,42.43853],[-107.75478,42.43228],[-107.75796,42.4249],[-107.75703,42.42312],[-107.7608,42.41721],[-107.78022,42.41127],[-107.78522,42.40694],[-107.80658,42.41113],[-107.82013,42.39567],[-107.8257,42.39289],[-107.83996,42.39747],[-107.84887,42.39772],[-107.84906,42.40239],[-107.85604,42.40235],[-107.85408,42.41712],[-107.8521,42.41857],[-107.85306,42.42124],[-107.8466,42.43021],[-107.8323,42.44181],[-107.82837,42.44943],[-107.81763,42.45693],[-107.80913,42.46034],[-107.7992,42.46072],[-107.78067,42.46809],[-107.75807,42.47134],[-107.75399,42.47766],[-107.747,42.4802],[-107.74801,42.48806],[-107.80423,42.49041],[-107.82008,42.49339],[-107.82335,42.48791],[-107.82739,42.49193],[-107.82573,42.49403],[-107.82898,42.49511],[-107.91483,42.51064],[-107.92125,42.50309],[-107.9212,42.49405],[-107.92838,42.47997],[-107.93065,42.46672],[-107.92849,42.46117],[-107.93141,42.4473],[-107.93684,42.44662],[-107.94641,42.42712],[-107.94682,42.43197],[-107.95949,42.42672],[-107.96526,42.42213],[-107.9701,42.4216],[-107.97651,42.42467],[-107.97607,42.42749],[-107.97921,42.43372],[-107.97655,42.45082],[-107.98469,42.44253],[-107.99478,42.43854],[-108.00121,42.43336],[-108.00514,42.42632],[-108.00387,42.42367],[-108.00496,42.41848],[-108.00892,42.40911],[-108.01545,42.413],[-108.01067,42.42059],[-108.03062,42.42652],[-108.03386,42.43175],[-108.02734,42.44128],[-108.02274,42.44473],[-108.01641,42.45586],[-107.98906,42.47922],[-107.9779,42.47122],[-107.97554,42.49199],[-107.95629,42.51581],[-107.94586,42.52174],[-107.97944,42.5243],[-107.98386,42.52399],[-107.99063,42.52029],[-107.99305,42.52159],[-108.0092,42.51737],[-108.05208,42.52509],[-108.0909,42.53528],[-108.0709,42.52],[-108.08919,42.51799],[-108.12565,42.49465],[-108.15067,42.5066],[-108.15476,42.51003],[-108.15533,42.5133],[-108.16372,42.51413],[-108.16222,42.49899],[-108.16843,42.48546],[-108.17513,42.48033],[-108.1838,42.46961],[-108.20297,42.45586],[-108.20362,42.45402],[-108.19868,42.45043],[-108.19659,42.44373],[-108.17841,42.45552],[-108.1696,42.4495],[-108.15031,42.44759],[-108.15116,42.43929],[-108.14158,42.4331],[-108.14476,42.43022],[-108.15488,42.42867],[-108.14437,42.4211],[-108.13922,42.41986],[-108.13857,42.41634],[-108.14027,42.41362],[-108.13284,42.4125],[-108.12822,42.40509],[-108.13424,42.39825],[-108.13408,42.39588],[-108.12903,42.39112],[-108.1217,42.38852],[-108.12265,42.37994],[-108.12818,42.37026],[-108.10976,42.36461],[-108.10438,42.36709],[-108.09522,42.36623],[-108.08992,42.35446],[-108.07779,42.35151],[-108.07154,42.34466],[-108.06579,42.34368],[-108.05001,42.34617],[-108.04309,42.34282],[-108.04284,42.33917],[-108.03991,42.33723],[-108.03471,42.3305],[-108.02162,42.32983],[-108.01665,42.32863],[-108.00922,42.32588],[-107.99862,42.32742],[-107.99771,42.32519],[-108.0109,42.32544],[-108.01801,42.32876],[-108.03388,42.32989],[-108.03575,42.33085],[-108.03825,42.33343],[-108.04638,42.34285],[-108.0498,42.345],[-108.05223,42.34541],[-108.06573,42.34333],[-108.07386,42.34336],[-108.07676,42.34448],[-108.08098,42.35159],[-108.09982,42.35549],[-108.12911,42.3678],[-108.14749,42.36772],[-108.19018,42.35678],[-108.20507,42.35948],[-108.21148,42.36322],[-108.21944,42.36327],[-108.21511,42.36746],[-108.21382,42.37201],[-108.21869,42.37357],[-108.21985,42.37743],[-108.22368,42.37659],[-108.23048,42.38658],[-108.23698,42.38854],[-108.23245,42.3946],[-108.23377,42.39887],[-108.23509,42.39964],[-108.23473,42.39802],[-108.23942,42.40245],[-108.23715,42.40451],[-108.23958,42.40517],[-108.23878,42.40736],[-108.24424,42.41206],[-108.25491,42.40852],[-108.25481,42.42221],[-108.26056,42.43527],[-108.26077,42.44398],[-108.26274,42.44656],[-108.26163,42.45232],[-108.26471,42.45667],[-108.27715,42.44901],[-108.28217,42.45119],[-108.28685,42.45032],[-108.2881,42.45302],[-108.29551,42.45222],[-108.30849,42.45535],[-108.30717,42.46152],[-108.31309,42.47167],[-108.3291,42.46913],[-108.34724,42.46104],[-108.34473,42.4514],[-108.3526,42.45842],[-108.35734,42.45912],[-108.3859,42.45392],[-108.3982,42.44918],[-108.40919,42.44925],[-108.4091,42.44619],[-108.4187,42.44344],[-108.4316,42.43381],[-108.43446,42.43107],[-108.43428,42.42701],[-108.43913,42.42673],[-108.44139,42.42861],[-108.44135,42.43807],[-108.46244,42.43786],[-108.46254,42.45048],[-108.45348,42.45141],[-108.44927,42.45588],[-108.45109,42.46496],[-108.44998,42.47289],[-108.4754,42.47793],[-108.49019,42.47346],[-108.5079,42.47864],[-108.50988,42.48105],[-108.50481,42.49645],[-108.49543,42.50096],[-108.49418,42.50924],[-108.48385,42.51983],[-108.48697,42.52069],[-108.48772,42.51882],[-108.49399,42.5179],[-108.49735,42.52346],[-108.50263,42.52616],[-108.5069,42.53115],[-108.51165,42.53092],[-108.50678,42.53603],[-108.51428,42.54708],[-108.51635,42.54918],[-108.52065,42.54933],[-108.52058,42.55276],[-108.53078,42.55778],[-108.53938,42.56583],[-108.54475,42.57447],[-108.5507,42.57742],[-108.54425,42.58219],[-108.5636,42.57647],[-108.5692,42.58214],[-108.57519,42.58334],[-108.58523,42.59179],[-108.60223,42.59088],[-108.60836,42.58714],[-108.61495,42.58827],[-108.62175,42.58492],[-108.62603,42.59051],[-108.63235,42.59121],[-108.64066,42.58897],[-108.65181,42.58289],[-108.6718,42.57873],[-108.67545,42.56887],[-108.68471,42.56759],[-108.68733,42.56529],[-108.68985,42.55824],[-108.68627,42.55662],[-108.6868,42.55154],[-108.66868,42.53961],[-108.6507,42.53521],[-108.64142,42.52886],[-108.62815,42.5239],[-108.60619,42.51844],[-108.5914,42.52049],[-108.59947,42.51108],[-108.60759,42.51019],[-108.62181,42.50451],[-108.63326,42.50468],[-108.63076,42.50268],[-108.63089,42.49584],[-108.61395,42.49578],[-108.61175,42.49352],[-108.61198,42.48562],[-108.60712,42.48258],[-108.60876,42.47987],[-108.59903,42.47137],[-108.594,42.47003],[-108.5851,42.46354],[-108.58406,42.45974],[-108.57617,42.45855],[-108.5641,42.46043],[-108.55722,42.46489],[-108.54234,42.46442],[-108.54318,42.46016],[-108.5346,42.45446],[-108.53878,42.44335],[-108.54554,42.43768],[-108.54709,42.43416],[-108.52642,42.43209],[-108.51697,42.43504],[-108.51135,42.43327],[-108.50738,42.4349],[-108.4928,42.43311],[-108.48188,42.42892],[-108.48555,42.42609],[-108.48657,42.42042],[-108.49185,42.42234],[-108.49372,42.41866],[-108.50363,42.4171],[-108.50494,42.4162],[-108.50272,42.41214],[-108.51411,42.41468],[-108.523,42.4093],[-108.53526,42.40625],[-108.53707,42.40449],[-108.53321,42.39613],[-108.54572,42.39306],[-108.5565,42.38719],[-108.55947,42.38951],[-108.56389,42.38912],[-108.57326,42.38336],[-108.59169,42.39559],[-108.5966,42.39025],[-108.59928,42.39032],[-108.61069,42.38218],[-108.61847,42.38213],[-108.63433,42.37496],[-108.63676,42.36768],[-108.64734,42.36821],[-108.64694,42.36938],[-108.6532,42.36776],[-108.66522,42.37617],[-108.67956,42.37101],[-108.71197,42.36511],[-108.71058,42.37124],[-108.7198,42.37176],[-108.73494,42.36819],[-108.75514,42.35718],[-108.7643,42.36137],[-108.79004,42.36211],[-108.80416,42.36577],[-108.8111,42.36561],[-108.82069,42.36056],[-108.83635,42.35589],[-108.82793,42.3473],[-108.84319,42.34862],[-108.84767,42.35239],[-108.85926,42.35578],[-108.86187,42.35699],[-108.85811,42.36328],[-108.86017,42.36604],[-108.8705,42.37103],[-108.87319,42.37028],[-108.87538,42.37192],[-108.8768,42.37053],[-108.88534,42.37646],[-108.89305,42.37702],[-108.89854,42.37979],[-108.9026,42.37559],[-108.96409,42.34203],[-108.96558,42.3432],[-108.95531,42.35336],[-108.95566,42.3548],[-108.96705,42.35965],[-108.97517,42.36584],[-108.96276,42.37025],[-108.95249,42.37775],[-108.93581,42.38184],[-108.92563,42.38193],[-108.91106,42.37895],[-108.90331,42.38121],[-108.90657,42.38624],[-108.90268,42.38876],[-108.90622,42.39118],[-108.90033,42.39687],[-108.90127,42.40596],[-108.9021,42.40783],[-108.91397,42.41232],[-108.90977,42.42314],[-108.91095,42.4272],[-108.90774,42.43065],[-108.9082,42.43813],[-108.90168,42.44293],[-108.89773,42.44334],[-108.90369,42.44403],[-108.9069,42.44696],[-108.89988,42.45347],[-108.8967,42.45377],[-108.90075,42.4556],[-108.8996,42.46429],[-108.88367,42.47507],[-108.89427,42.48445],[-108.90833,42.48448],[-108.91244,42.48705],[-108.91574,42.48334],[-108.92609,42.48154],[-108.94033,42.48691],[-108.95254,42.48563],[-108.9601,42.48736],[-108.9754,42.48632],[-108.97946,42.4828],[-108.9745,42.47971],[-108.97389,42.47666],[-108.98101,42.47437],[-108.98726,42.48548],[-108.98686,42.49102],[-108.99048,42.49325],[-109.0098,42.49618],[-109.01457,42.49861],[-109.01305,42.5009],[-109.02565,42.49925],[-109.03319,42.50069],[-109.0495,42.51946],[-109.05585,42.52024],[-109.05927,42.52336],[-109.06588,42.52351],[-109.0712,42.53274],[-109.07285,42.69351],[-109.13447,42.69429],[-109.1338,42.69844],[-109.1377,42.70512],[-109.12841,42.70839],[-109.13225,42.71023],[-109.13435,42.71782],[-109.13792,42.72142],[-109.14791,42.72756],[-109.14328,42.73323],[-109.13327,42.73309],[-109.13403,42.7357],[-109.13232,42.73748],[-109.14143,42.73875],[-109.14404,42.74226],[-109.16021,42.74378],[-109.16068,42.74807],[-109.17947,42.75104],[-109.17874,42.75472],[-109.18257,42.75607],[-109.18461,42.76033],[-109.19526,42.76854],[-109.2098,42.77042],[-109.21357,42.76685],[-109.2146,42.76179],[-109.21745,42.76005],[-109.2361,42.76846],[-109.23736,42.77674],[-109.22672,42.788],[-109.22595,42.79094],[-109.22011,42.79026],[-109.21034,42.79314],[-109.21414,42.79983],[-109.23156,42.8039],[-109.23687,42.80952],[-109.24375,42.80526],[-109.24797,42.80616],[-109.25977,42.81524],[-109.264,42.82416],[-109.2685,42.82435],[-109.27026,42.82632],[-109.27117,42.83201],[-109.27702,42.83615],[-109.28119,42.84296],[-109.27889,42.84601],[-109.28302,42.84847],[-109.28516,42.84647],[-109.29166,42.8458],[-109.30136,42.85169],[-109.31536,42.85613],[-109.32355,42.86387],[-109.32577,42.86878]]]}},{"type":"Feature","id":"82523","properties":{"zip":"82523","pop":null,"city":"","county":"Fremont","state":"Wyoming","area":346.82,"lat":43.41255,"lon":-108.85626},"geometry":{"type":"Polygon","coordinates":[[[-109.249,43.52938],[-109.24189,43.53258],[-109.23087,43.53302],[-109.22904,43.53584],[-109.23309,43.55161],[-109.23648,43.55337],[-109.23633,43.56047],[-109.23906,43.56394],[-109.23249,43.57257],[-109.24158,43.5781],[-109.22391,43.58347],[-109.21163,43.58252],[-109.21027,43.57972],[-109.18477,43.57358],[-109.16958,43.56786],[-109.16318,43.56887],[-109.15203,43.56598],[-109.13775,43.568],[-109.13072,43.56555],[-109.12837,43.56326],[-109.12955,43.56242],[-109.12682,43.55514],[-109.12108,43.55185],[-109.11836,43.5466],[-109.11368,43.54286],[-109.10766,43.54081],[-109.10638,43.53832],[-109.10408,43.53889],[-109.09718,43.53169],[-109.08702,43.53492],[-109.08796,43.53949],[-109.08475,43.54345],[-109.074,43.54809],[-109.0667,43.54788],[-109.031,43.53673],[-109.01026,43.53565],[-108.98716,43.5316],[-108.96661,43.52219],[-108.94368,43.51829],[-108.93431,43.51249],[-108.90871,43.48614],[-108.90438,43.4833],[-108.8884,43.47913],[-108.87892,43.49247],[-108.85039,43.5028],[-108.83813,43.51544],[-108.8366,43.51982],[-108.84905,43.53295],[-108.8485,43.53884],[-108.85311,43.54646],[-108.85293,43.5493],[-108.86384,43.56332],[-108.86444,43.56698],[-108.863,43.56852],[-108.86399,43.56684],[-108.85787,43.5677],[-108.8536,43.57234],[-108.84827,43.57416],[-108.83966,43.57287],[-108.83311,43.58915],[-108.84168,43.59105],[-108.83944,43.59189],[-108.84202,43.59173],[-108.83996,43.5938],[-108.8436,43.59504],[-108.84017,43.59665],[-108.84629,43.59666],[-108.84154,43.59955],[-108.84165,43.60532],[-108.81428,43.60525],[-108.81428,43.57556],[-108.72553,43.57559],[-108.72614,43.57003],[-108.71964,43.56162],[-108.7082,43.55591],[-108.69496,43.5448],[-108.69507,43.53225],[-108.63294,43.53239],[-108.63161,43.528],[-108.61914,43.51989],[-108.61746,43.51129],[-108.62543,43.49882],[-108.62197,43.49312],[-108.61475,43.48928],[-108.61214,43.48518],[-108.61196,43.47316],[-108.62073,43.46194],[-108.62161,43.45955],[-108.6184,43.4605],[-108.62128,43.4536],[-108.63386,43.44169],[-108.63707,43.43458],[-108.63576,43.4274],[-108.63772,43.41624],[-108.63345,43.41391],[-108.61049,43.37695],[-108.59763,43.3699],[-108.59553,43.36551],[-108.60034,43.36166],[-108.61983,43.35728],[-108.62216,43.3488],[-108.61447,43.34308],[-108.6002,43.32202],[-108.5744,43.31604],[-108.56784,43.3088],[-108.56849,43.30622],[-108.56416,43.30443],[-108.55387,43.30447],[-108.54724,43.30731],[-108.53735,43.30082],[-108.53866,43.27287],[-108.55908,43.27284],[-108.55911,43.26989],[-108.53483,43.26123],[-108.5397,43.25822],[-108.55897,43.25823],[-108.55937,43.24356],[-108.53963,43.24328],[-108.53963,43.23632],[-108.51971,43.23472],[-108.51975,43.2329],[-108.51001,43.23196],[-108.50937,43.22918],[-108.49977,43.22902],[-108.49971,43.21479],[-108.6382,43.21467],[-108.63864,43.18568],[-108.65819,43.18556],[-108.65798,43.19989],[-108.67786,43.19995],[-108.67794,43.21446],[-108.69617,43.21433],[-108.69636,43.18531],[-108.70125,43.18529],[-108.71526,43.19177],[-108.74348,43.19192],[-108.74856,43.19448],[-108.75575,43.20585],[-108.76593,43.21012],[-108.77543,43.21864],[-108.7814,43.22024],[-108.7795,43.22411],[-108.78409,43.23648],[-108.78157,43.24102],[-108.76346,43.24038],[-108.74897,43.24775],[-108.70132,43.25742],[-108.70093,43.25952],[-108.71088,43.26981],[-108.72676,43.28361],[-108.73726,43.30404],[-108.73964,43.32545],[-108.73393,43.34101],[-108.7405,43.34056],[-108.73929,43.34233],[-108.74141,43.34484],[-108.74371,43.34347],[-108.74577,43.34429],[-108.74464,43.34594],[-108.74958,43.34725],[-108.74902,43.35013],[-108.76103,43.34784],[-108.76899,43.35245],[-108.76794,43.35476],[-108.77721,43.35837],[-108.77486,43.3608],[-108.77711,43.36193],[-108.77594,43.36339],[-108.77926,43.36376],[-108.78313,43.36984],[-108.79086,43.37254],[-108.80297,43.38306],[-108.83466,43.39199],[-108.86296,43.39673],[-108.87542,43.40241],[-108.89987,43.40573],[-108.8958,43.39965],[-108.90614,43.37592],[-108.90372,43.37476],[-108.90405,43.37244],[-108.89596,43.37255],[-108.89088,43.36999],[-108.89814,43.3608],[-108.89405,43.35286],[-108.89383,43.34596],[-108.88185,43.34415],[-108.87493,43.34022],[-108.85254,43.33365],[-108.84978,43.32838],[-108.88506,43.31893],[-108.88403,43.3145],[-108.89961,43.30927],[-108.91644,43.31175],[-108.92534,43.31844],[-108.93152,43.31947],[-108.93269,43.30101],[-108.93742,43.29421],[-108.94062,43.28266],[-108.95156,43.27722],[-108.9591,43.277],[-108.95869,43.27888],[-108.9625,43.2825],[-108.96205,43.28558],[-108.96908,43.29377],[-108.96855,43.29793],[-108.9714,43.30626],[-108.97155,43.28327],[-108.98439,43.28432],[-108.98824,43.28898],[-108.9919,43.29007],[-108.99157,43.29371],[-108.99491,43.30036],[-108.99282,43.30836],[-109.00514,43.31971],[-109.00581,43.32979],[-109.01108,43.33471],[-109.01415,43.34592],[-109.02092,43.34926],[-109.02211,43.3553],[-109.02606,43.35807],[-109.02519,43.35935],[-109.029,43.35932],[-109.02624,43.35271],[-109.0325,43.35208],[-109.06118,43.32873],[-109.07744,43.32415],[-109.09699,43.32303],[-109.11056,43.31923],[-109.12822,43.31958],[-109.13393,43.32694],[-109.13898,43.32952],[-109.13316,43.33333],[-109.13356,43.36236],[-109.11269,43.39725],[-109.1101,43.40267],[-109.11164,43.40541],[-109.10688,43.40785],[-109.09773,43.42912],[-109.09236,43.43592],[-109.10357,43.43994],[-109.1231,43.4507],[-109.14353,43.44633],[-109.15173,43.44227],[-109.16048,43.44372],[-109.16503,43.4474],[-109.16751,43.44547],[-109.1763,43.44645],[-109.18587,43.45025],[-109.19442,43.46143],[-109.18924,43.48072],[-109.18104,43.49291],[-109.18057,43.49745],[-109.18319,43.49996],[-109.17505,43.5038],[-109.187,43.50391],[-109.19232,43.50711],[-109.20575,43.50521],[-109.23259,43.50937],[-109.23868,43.50816],[-109.24361,43.51221],[-109.24613,43.51816],[-109.24563,43.52353],[-109.249,43.52938]]]}},{"type":"Feature","id":"82639","properties":{"zip":"82639","pop":null,"city":"","county":"Johnson","state":"Wyoming","area":810.21,"lat":43.73557,"lon":-106.69789},"geometry":{"type":"Polygon","coordinates":[[[-107.12828,43.87496],[-107.12797,43.9365],[-107.11737,43.93599],[-107.10314,43.93971],[-107.0996,43.95411],[-107.09259,43.9685],[-107.08324,43.97445],[-107.07247,43.97883],[-107.07122,43.97572],[-107.06291,43.97641],[-107.04704,43.98666],[-107.03869,43.98561],[-107.02726,43.99026],[-106.90157,43.99096],[-106.90354,43.98362],[-106.87892,43.96692],[-106.87404,43.96554],[-106.87071,43.95748],[-106.8708,43.95046],[-106.86646,43.94698],[-106.86867,43.94072],[-106.86427,43.93496],[-106.85398,43.92547],[-106.84797,43.92303],[-106.8449,43.92463],[-106.84306,43.92248],[-106.84515,43.91816],[-106.84283,43.90991],[-106.83799,43.90417],[-106.84109,43.90216],[-106.8464,43.90273],[-106.84552,43.90028],[-106.83584,43.89299],[-106.81839,43.8889],[-106.80192,43.88056],[-106.79038,43.87804],[-106.78666,43.87209],[-106.77395,43.8723],[-106.76763,43.88039],[-106.76407,43.89372],[-106.76056,43.89707],[-106.75451,43.89787],[-106.75697,43.90636],[-106.75138,43.91605],[-106.7528,43.92426],[-106.74478,43.92379],[-106.72092,43.92765],[-106.69058,43.92725],[-106.68993,43.93143],[-106.68054,43.93601],[-106.68288,43.95277],[-106.67848,43.95828],[-106.67982,43.96733],[-106.66968,43.96892],[-106.65695,43.9638],[-106.64581,43.96386],[-106.64513,43.92102],[-106.63002,43.87264],[-106.62201,43.87274],[-106.61363,43.87571],[-106.60564,43.8742],[-106.61687,43.91942],[-106.61322,43.9162],[-106.6104,43.9195],[-106.60698,43.91918],[-106.59527,43.91396],[-106.58746,43.91932],[-106.58742,43.91247],[-106.58164,43.91273],[-106.58046,43.91608],[-106.57831,43.91652],[-106.57696,43.91478],[-106.56697,43.91461],[-106.55286,43.92165],[-106.54721,43.92247],[-106.54669,43.93033],[-106.54285,43.93217],[-106.53987,43.93771],[-106.55442,43.95863],[-106.52745,43.97709],[-106.50186,43.97867],[-106.49479,43.97652],[-106.4793,43.95443],[-106.47188,43.94772],[-106.47023,43.93991],[-106.46503,43.93398],[-106.45567,43.91297],[-106.44042,43.88967],[-106.43612,43.88597],[-106.4194,43.85458],[-106.41252,43.8478],[-106.41718,43.82893],[-106.41461,43.82355],[-106.41163,43.81849],[-106.40689,43.81849],[-106.40689,43.8118],[-106.39509,43.79342],[-106.38399,43.78397],[-106.36843,43.76162],[-106.35573,43.74911],[-106.34992,43.75643],[-106.33867,43.76095],[-106.32523,43.75199],[-106.31639,43.75059],[-106.31053,43.74663],[-106.30629,43.73861],[-106.29454,43.7324],[-106.28058,43.73229],[-106.2686,43.74464],[-106.27089,43.76431],[-106.26818,43.78072],[-106.26822,43.79565],[-106.26974,43.79767],[-106.26813,43.81199],[-106.24961,43.82809],[-106.23921,43.82885],[-106.23309,43.83144],[-106.20229,43.86497],[-106.20198,43.86936],[-106.20681,43.8738],[-106.20668,43.87682],[-106.2034,43.89215],[-106.20372,43.90185],[-106.20079,43.90312],[-106.19875,43.9096],[-106.20279,43.91307],[-106.20741,43.91339],[-106.21462,43.91833],[-106.22003,43.91942],[-106.22123,43.92404],[-106.23095,43.93479],[-106.23393,43.93556],[-106.23898,43.94587],[-106.21865,43.94889],[-106.22204,43.95837],[-106.22031,43.97588],[-106.22251,43.98645],[-106.21659,43.98792],[-106.20624,43.98415],[-106.20188,43.98828],[-106.18575,43.98904],[-106.18491,43.99507],[-106.1759,43.99575],[-106.1714,43.9927],[-106.17602,43.98791],[-106.16786,43.98645],[-106.16846,43.98317],[-106.1598,43.98192],[-106.16442,43.97568],[-106.15947,43.97267],[-106.16013,43.96774],[-106.15601,43.96501],[-106.16222,43.9643],[-106.1703,43.96709],[-106.17276,43.96013],[-106.15872,43.95602],[-106.15632,43.95997],[-106.15276,43.95992],[-106.15188,43.95788],[-106.15528,43.95278],[-106.15265,43.94571],[-106.14721,43.94687],[-106.14481,43.94374],[-106.15732,43.93929],[-106.1544,43.93677],[-106.15527,43.93528],[-106.1491,43.92498],[-106.14555,43.92293],[-106.14294,43.91364],[-106.13826,43.90861],[-106.13109,43.91283],[-106.12509,43.91123],[-106.12131,43.91415],[-106.1164,43.91075],[-106.10861,43.90937],[-106.10312,43.91368],[-106.09828,43.91101],[-106.093,43.91138],[-106.091,43.91385],[-106.08278,43.91389],[-106.06969,43.91781],[-106.0614,43.92384],[-106.05206,43.91591],[-106.04865,43.91524],[-106.04545,43.91026],[-106.03888,43.90753],[-106.03736,43.90987],[-106.02974,43.90575],[-106.0342,43.89674],[-106.03875,43.89468],[-106.04555,43.89478],[-106.05649,43.88963],[-106.06209,43.89009],[-106.06519,43.88696],[-106.0765,43.88371],[-106.07664,43.8805],[-106.08837,43.87044],[-106.09214,43.87222],[-106.0948,43.86863],[-106.09686,43.85868],[-106.10366,43.85422],[-106.10629,43.85479],[-106.10903,43.84948],[-106.10868,43.84436],[-106.11343,43.83517],[-106.11115,43.83158],[-106.11241,43.827],[-106.1205,43.82501],[-106.12924,43.81833],[-106.13685,43.81886],[-106.14671,43.81498],[-106.15653,43.81786],[-106.15754,43.81166],[-106.1591,43.81315],[-106.16312,43.81131],[-106.16982,43.80168],[-106.1746,43.7985],[-106.18129,43.7982],[-106.18262,43.79155],[-106.18836,43.78686],[-106.20336,43.78697],[-106.20985,43.79335],[-106.21312,43.79225],[-106.21703,43.79367],[-106.23672,43.78362],[-106.24198,43.77345],[-106.23266,43.76711],[-106.23237,43.75577],[-106.23832,43.74482],[-106.23759,43.74219],[-106.23197,43.7372],[-106.22401,43.735],[-106.22059,43.72242],[-106.22355,43.71869],[-106.2113,43.70389],[-106.21515,43.68756],[-106.22113,43.68233],[-106.21437,43.67705],[-106.20925,43.66732],[-106.21983,43.66739],[-106.2215,43.65805],[-106.23306,43.65646],[-106.24439,43.66342],[-106.25411,43.66271],[-106.2553,43.65908],[-106.25773,43.6586],[-106.26766,43.66498],[-106.27458,43.67262],[-106.27669,43.68051],[-106.2794,43.68289],[-106.27861,43.68792],[-106.29257,43.68986],[-106.29877,43.69845],[-106.30547,43.69732],[-106.30988,43.69204],[-106.31294,43.69511],[-106.31455,43.69442],[-106.314,43.69069],[-106.31983,43.69499],[-106.32324,43.69432],[-106.32242,43.68927],[-106.32904,43.6893],[-106.33976,43.69444],[-106.34209,43.69108],[-106.34783,43.69579],[-106.35649,43.69212],[-106.3577,43.69632],[-106.36062,43.69763],[-106.36256,43.69686],[-106.36235,43.69285],[-106.36545,43.69619],[-106.36917,43.69469],[-106.37756,43.69535],[-106.38229,43.69121],[-106.38858,43.69456],[-106.38969,43.68868],[-106.39235,43.69111],[-106.3936,43.68715],[-106.39898,43.68683],[-106.39892,43.68297],[-106.40258,43.68524],[-106.40473,43.68079],[-106.40836,43.67993],[-106.40829,43.68387],[-106.4143,43.68169],[-106.41487,43.68336],[-106.42436,43.68215],[-106.42449,43.68447],[-106.42123,43.68593],[-106.425,43.68812],[-106.43282,43.68542],[-106.43609,43.69051],[-106.44314,43.68917],[-106.44648,43.69033],[-106.45328,43.6844],[-106.46104,43.68267],[-106.46882,43.68532],[-106.47267,43.68957],[-106.47824,43.69054],[-106.4808,43.68031],[-106.48674,43.67827],[-106.48361,43.67072],[-106.486,43.66683],[-106.48597,43.66267],[-106.49526,43.65942],[-106.4961,43.65716],[-106.49235,43.6548],[-106.49711,43.65226],[-106.51254,43.65321],[-106.46147,43.59561],[-106.4637,43.58224],[-106.46011,43.57957],[-106.46092,43.57392],[-106.45605,43.56576],[-106.44104,43.56322],[-106.4341,43.56488],[-106.4103,43.53821],[-106.41187,43.53292],[-106.42043,43.52329],[-106.43036,43.5149],[-106.44784,43.50629],[-106.45024,43.49981],[-106.45895,43.49543],[-106.45863,43.49269],[-106.65072,43.49185],[-106.6622,43.48264],[-106.65956,43.47471],[-106.66176,43.46968],[-106.65834,43.46844],[-106.65646,43.46426],[-106.65335,43.46392],[-106.64745,43.46933],[-106.64286,43.47027],[-106.64016,43.47619],[-106.63434,43.48147],[-106.63004,43.47827],[-106.6256,43.47781],[-106.61962,43.48046],[-106.61814,43.47818],[-106.61299,43.47781],[-106.6158,43.47596],[-106.61527,43.47266],[-106.61808,43.47277],[-106.61977,43.46858],[-106.62634,43.46931],[-106.6314,43.46716],[-106.63198,43.45352],[-106.62154,43.45196],[-106.61758,43.44985],[-106.61634,43.447],[-106.61301,43.44774],[-106.60229,43.44262],[-106.59717,43.43721],[-106.58442,43.43541],[-106.58685,43.42786],[-106.58546,43.42586],[-106.58892,43.42138],[-106.59513,43.41807],[-106.60408,43.41782],[-106.60535,43.41968],[-106.60237,43.42288],[-106.61782,43.42784],[-106.61953,43.42647],[-106.61957,43.42163],[-106.63143,43.41716],[-106.64341,43.41896],[-106.66146,43.41682],[-106.68346,43.4053],[-106.68331,43.41471],[-106.68499,43.41841],[-106.68386,43.43037],[-106.68798,43.43049],[-106.69519,43.42729],[-106.70168,43.41866],[-106.71925,43.41651],[-106.7369,43.41093],[-106.73869,43.40864],[-106.74807,43.40761],[-106.75478,43.40226],[-106.75954,43.40116],[-106.76325,43.4046],[-106.77409,43.40609],[-106.77912,43.4047],[-106.77961,43.39745],[-106.78774,43.38732],[-106.7862,43.38139],[-106.78854,43.37837],[-106.78299,43.37247],[-106.79513,43.37006],[-106.80057,43.37183],[-106.80756,43.37762],[-106.83327,43.37574],[-106.8438,43.37815],[-106.86517,43.37368],[-106.87883,43.37944],[-106.88196,43.38702],[-106.89809,43.39832],[-106.91916,43.40861],[-106.92186,43.41689],[-106.92841,43.4196],[-106.9452,43.42183],[-106.93007,43.42422],[-106.90117,43.41806],[-106.88586,43.41717],[-106.87377,43.40978],[-106.86751,43.41433],[-106.8502,43.41926],[-106.84705,43.42269],[-106.83643,43.42768],[-106.82489,43.42817],[-106.8231,43.42605],[-106.82281,43.42869],[-106.81636,43.43146],[-106.80595,43.43129],[-106.80482,43.43195],[-106.80762,43.43821],[-106.8045,43.43984],[-106.80663,43.44144],[-106.80392,43.44306],[-106.7909,43.44434],[-106.7849,43.44299],[-106.77248,43.44754],[-106.76355,43.45871],[-106.76349,43.46467],[-106.7772,43.46639],[-106.78085,43.47336],[-106.79166,43.47816],[-106.80216,43.48024],[-106.79827,43.48642],[-106.79874,43.49197],[-106.80686,43.49458],[-106.81116,43.49828],[-106.79859,43.51083],[-106.80535,43.51689],[-106.8089,43.52334],[-106.80842,43.52714],[-106.80513,43.53082],[-106.80481,43.55432],[-106.83427,43.56335],[-106.83594,43.56577],[-106.83304,43.56914],[-106.83311,43.57712],[-106.8261,43.58608],[-106.85243,43.59435],[-106.85678,43.60578],[-106.86657,43.60833],[-106.88696,43.60932],[-106.88233,43.60695],[-106.88137,43.60408],[-106.88412,43.60193],[-106.88033,43.59974],[-106.88088,43.59598],[-106.878,43.59266],[-106.88464,43.59085],[-106.88706,43.59075],[-106.8925,43.60267],[-106.88974,43.6076],[-106.89129,43.61181],[-106.90632,43.60316],[-106.91051,43.60266],[-106.91189,43.60453],[-106.93226,43.59929],[-106.95737,43.59799],[-106.96608,43.59927],[-106.97841,43.59487],[-106.98222,43.5903],[-106.9931,43.59374],[-106.99513,43.60159],[-107.00658,43.6033],[-107.00431,43.61103],[-107.00796,43.61517],[-107.02114,43.61579],[-107.03004,43.62419],[-107.04508,43.62197],[-107.05573,43.61745],[-107.06129,43.6181],[-107.06175,43.62149],[-107.05445,43.62655],[-107.04908,43.6277],[-107.04483,43.63177],[-107.03674,43.63376],[-107.05097,43.64165],[-107.05161,43.64459],[-107.05536,43.647],[-107.05159,43.64964],[-107.04945,43.65444],[-107.05474,43.65508],[-107.05792,43.66169],[-107.0679,43.66309],[-107.08388,43.67389],[-107.08933,43.67572],[-107.08901,43.67344],[-107.11357,43.68304],[-107.11365,43.81609],[-107.12762,43.81596],[-107.12828,43.87496]]]}},{"type":"Feature","id":"82642","properties":{"zip":"82642","pop":null,"city":"","county":"Fremont","state":"Wyoming","area":259.49,"lat":43.27981,"lon":-107.65799},"geometry":{"type":"Polygon","coordinates":[[[-107.93031,43.26244],[-107.88913,43.27804],[-107.86389,43.28457],[-107.78245,43.28383],[-107.72731,43.2905],[-107.72683,43.29335],[-107.71447,43.29949],[-107.71023,43.30623],[-107.70723,43.30579],[-107.70419,43.31183],[-107.69961,43.31079],[-107.6998,43.31872],[-107.69655,43.32006],[-107.69594,43.32268],[-107.69852,43.3237],[-107.69406,43.32566],[-107.69436,43.33024],[-107.69213,43.33465],[-107.69911,43.33299],[-107.70226,43.33474],[-107.70983,43.33318],[-107.71058,43.33488],[-107.72239,43.33423],[-107.73095,43.34262],[-107.73406,43.35667],[-107.73779,43.36225],[-107.73545,43.36511],[-107.7431,43.3718],[-107.75183,43.36507],[-107.75514,43.35998],[-107.7692,43.35288],[-107.7847,43.35612],[-107.78777,43.35938],[-107.79086,43.37325],[-107.78435,43.37424],[-107.77047,43.38428],[-107.75465,43.38965],[-107.75318,43.39193],[-107.75293,43.396],[-107.75634,43.39957],[-107.76055,43.41638],[-107.75817,43.42124],[-107.75235,43.42141],[-107.76367,43.43614],[-107.79013,43.45035],[-107.8057,43.45581],[-107.83067,43.47133],[-107.59514,43.47228],[-107.59512,43.48277],[-107.5783,43.48002],[-107.57427,43.47599],[-107.57476,43.47099],[-107.58224,43.46576],[-107.58905,43.45378],[-107.58919,43.4419],[-107.59187,43.43829],[-107.592,43.4241],[-107.58258,43.40101],[-107.57201,43.38533],[-107.5725,43.37917],[-107.56243,43.37935],[-107.55538,43.38292],[-107.55065,43.38876],[-107.53762,43.39397],[-107.53328,43.4011],[-107.53676,43.41521],[-107.53017,43.41706],[-107.52634,43.42172],[-107.52476,43.41745],[-107.52083,43.41584],[-107.51959,43.42099],[-107.50869,43.42547],[-107.5083,43.4321],[-107.50419,43.4351],[-107.49907,43.4342],[-107.48956,43.43806],[-107.48277,43.43751],[-107.4749,43.44194],[-107.47048,43.44196],[-107.46875,43.43768],[-107.46442,43.43542],[-107.44105,43.43956],[-107.43383,43.43761],[-107.42831,43.43263],[-107.42599,43.42678],[-107.41887,43.42367],[-107.41633,43.41983],[-107.41649,43.4068],[-107.41486,43.40543],[-107.4116,43.40702],[-107.40799,43.40409],[-107.4037,43.4042],[-107.40245,43.40223],[-107.39787,43.40308],[-107.39284,43.40049],[-107.37653,43.40163],[-107.36462,43.39885],[-107.36299,43.40065],[-107.35671,43.40095],[-107.35483,43.40456],[-107.34954,43.40779],[-107.35008,43.40924],[-107.34614,43.40373],[-107.34507,43.39591],[-107.34636,43.39454],[-107.34331,43.38729],[-107.34673,43.38688],[-107.35023,43.3834],[-107.35133,43.37762],[-107.35478,43.37298],[-107.35797,43.37303],[-107.3672,43.35611],[-107.37112,43.35361],[-107.37946,43.34264],[-107.38375,43.34095],[-107.39954,43.32521],[-107.40163,43.31679],[-107.40005,43.31316],[-107.40733,43.31445],[-107.40995,43.30567],[-107.41278,43.30323],[-107.41384,43.30915],[-107.42317,43.31928],[-107.44023,43.32703],[-107.44505,43.33371],[-107.4588,43.34103],[-107.46045,43.34445],[-107.46496,43.3466],[-107.47885,43.34769],[-107.48053,43.34636],[-107.48117,43.34824],[-107.49483,43.3513],[-107.4964,43.35377],[-107.49853,43.3526],[-107.51112,43.35593],[-107.53214,43.35332],[-107.53972,43.35458],[-107.55913,43.35031],[-107.57323,43.34055],[-107.57658,43.3417],[-107.58398,43.33636],[-107.58864,43.33676],[-107.59666,43.33201],[-107.59658,43.33047],[-107.60281,43.32726],[-107.60216,43.32522],[-107.60846,43.32323],[-107.61372,43.31543],[-107.61228,43.30918],[-107.61422,43.30615],[-107.61344,43.30141],[-107.61633,43.29828],[-107.5781,43.28544],[-107.58078,43.28303],[-107.57022,43.28065],[-107.57383,43.27487],[-107.57152,43.26583],[-107.57657,43.26262],[-107.57311,43.25629],[-107.57382,43.25427],[-107.55538,43.24966],[-107.53937,43.24932],[-107.53239,43.23947],[-107.53124,43.23342],[-107.52791,43.23287],[-107.51578,43.21892],[-107.53291,43.20871],[-107.54541,43.21093],[-107.54722,43.20876],[-107.55044,43.20885],[-107.55425,43.2035],[-107.55797,43.18715],[-107.54189,43.17796],[-107.54098,43.16797],[-107.53611,43.16463],[-107.53575,43.15576],[-107.58274,43.15396],[-107.59393,43.157],[-107.59562,43.16143],[-107.60164,43.16266],[-107.60873,43.17119],[-107.61521,43.16483],[-107.64857,43.16786],[-107.66656,43.15833],[-107.6758,43.15831],[-107.67583,43.15332],[-107.68245,43.14939],[-107.67918,43.14678],[-107.67152,43.13267],[-107.68813,43.13716],[-107.66526,43.11679],[-107.66065,43.11693],[-107.6171,43.09658],[-107.62054,43.09296],[-107.61827,43.09012],[-107.61821,43.08573],[-107.62022,43.06541],[-107.59021,43.04297],[-107.58444,43.03662],[-107.60046,43.02716],[-107.59793,43.02497],[-107.5998,43.02275],[-107.59544,43.01466],[-107.59479,43.00548],[-107.5848,42.99799],[-107.53387,42.99892],[-107.58464,42.9977],[-107.57985,42.98733],[-107.61141,42.97153],[-107.61113,42.96229],[-107.62363,42.95639],[-107.62601,42.99679],[-107.62377,42.99704],[-107.62814,43.01811],[-107.63572,43.0368],[-107.64172,43.06612],[-107.64676,43.07049],[-107.65951,43.07036],[-107.65461,43.07939],[-107.65904,43.0817],[-107.67818,43.07841],[-107.6784,43.08353],[-107.70853,43.08385],[-107.71446,43.08209],[-107.71742,43.10068],[-107.73068,43.09829],[-107.72813,43.10265],[-107.74201,43.10073],[-107.7782,43.10748],[-107.80874,43.11935],[-107.82705,43.12973],[-107.8518,43.13329],[-107.86014,43.13937],[-107.86354,43.13942],[-107.87518,43.14917],[-107.88557,43.15325],[-107.89358,43.16342],[-107.90342,43.19017],[-107.83446,43.17251],[-107.83059,43.18144],[-107.81788,43.18806],[-107.81274,43.19859],[-107.81192,43.20674],[-107.83305,43.22407],[-107.84187,43.22688],[-107.85763,43.23588],[-107.85545,43.23755],[-107.89614,43.24494],[-107.91102,43.25472],[-107.93031,43.26244]]]}},{"type":"Feature","id":"82710","properties":{"zip":"82710","pop":null,"city":"","county":"Crook","state":"Wyoming","area":198.14,"lat":44.71488,"lon":-104.28469},"geometry":{"type":"Polygon","coordinates":[[[-104.48375,44.75655],[-104.47625,44.7553],[-104.4742,44.74958],[-104.4709,44.74865],[-104.45517,44.74943],[-104.45894,44.76471],[-104.45426,44.76735],[-104.45521,44.77543],[-104.4448,44.77881],[-104.44936,44.78361],[-104.45294,44.79214],[-104.44352,44.79182],[-104.43963,44.79498],[-104.43878,44.79847],[-104.44232,44.80194],[-104.44047,44.80839],[-104.43761,44.81047],[-104.4345,44.81225],[-104.4232,44.80923],[-104.42156,44.82206],[-104.42384,44.82668],[-104.43555,44.82599],[-104.4388,44.82827],[-104.43801,44.82998],[-104.43462,44.83205],[-104.43558,44.83481],[-104.4296,44.83427],[-104.42311,44.83066],[-104.41408,44.8331],[-104.41296,44.83435],[-104.41506,44.8393],[-104.42049,44.84437],[-104.42009,44.84697],[-104.41553,44.84963],[-104.40939,44.84859],[-104.39653,44.84159],[-104.3965,44.86486],[-104.40037,44.86875],[-104.39981,44.87107],[-104.3897,44.87335],[-104.39211,44.87493],[-104.39232,44.87843],[-104.38575,44.88015],[-104.38178,44.87823],[-104.37949,44.88059],[-104.33289,44.88077],[-104.33276,44.86612],[-104.3343,44.86233],[-104.32726,44.8666],[-104.31728,44.86903],[-104.31168,44.86612],[-104.29363,44.8682],[-104.28921,44.86648],[-104.27516,44.86662],[-104.25428,44.87633],[-104.24983,44.87363],[-104.2445,44.87425],[-104.24205,44.87025],[-104.23562,44.87617],[-104.2317,44.87394],[-104.23175,44.86783],[-104.2369,44.86541],[-104.24333,44.86691],[-104.24531,44.86442],[-104.24004,44.8561],[-104.23195,44.85394],[-104.24131,44.84641],[-104.24075,44.84274],[-104.24384,44.83894],[-104.23291,44.83334],[-104.22546,44.8268],[-104.21948,44.82662],[-104.21106,44.82959],[-104.21259,44.82402],[-104.21115,44.82055],[-104.19634,44.81754],[-104.19605,44.81326],[-104.19812,44.80978],[-104.20688,44.80686],[-104.2063,44.80448],[-104.19846,44.80063],[-104.19394,44.80143],[-104.19467,44.80443],[-104.19224,44.80428],[-104.19216,44.80242],[-104.18777,44.80011],[-104.18232,44.80393],[-104.17939,44.80387],[-104.17896,44.79899],[-104.17273,44.79963],[-104.16921,44.79758],[-104.17184,44.79512],[-104.16916,44.79231],[-104.1662,44.79508],[-104.16111,44.7906],[-104.15509,44.7912],[-104.15418,44.78612],[-104.15192,44.78492],[-104.15132,44.76736],[-104.14332,44.76272],[-104.13713,44.75231],[-104.1148,44.75249],[-104.11446,44.75126],[-104.12698,44.74928],[-104.12569,44.74828],[-104.12811,44.74681],[-104.12648,44.74571],[-104.12759,44.73833],[-104.12901,44.7385],[-104.12564,44.73434],[-104.12724,44.73206],[-104.12138,44.73333],[-104.12311,44.7449],[-104.11105,44.7456],[-104.11038,44.74166],[-104.10258,44.73771],[-104.09768,44.73139],[-104.08647,44.72867],[-104.0879,44.72598],[-104.0865,44.72436],[-104.09948,44.72065],[-104.10076,44.71615],[-104.11076,44.715],[-104.11082,44.70833],[-104.1082,44.70331],[-104.11393,44.70246],[-104.12309,44.70502],[-104.13687,44.70554],[-104.14928,44.71012],[-104.15389,44.69843],[-104.15472,44.68796],[-104.15584,44.69088],[-104.15938,44.69134],[-104.15976,44.68856],[-104.16254,44.68699],[-104.16072,44.68409],[-104.15418,44.68126],[-104.1539,44.67673],[-104.14999,44.67641],[-104.14088,44.67094],[-104.14176,44.66701],[-104.1536,44.65617],[-104.14768,44.6532],[-104.1265,44.65073],[-104.11922,44.65266],[-104.1188,44.65413],[-104.12223,44.65651],[-104.12113,44.65774],[-104.10297,44.66121],[-104.09926,44.65973],[-104.08923,44.6603],[-104.08423,44.65416],[-104.08697,44.66116],[-104.09477,44.66808],[-104.07847,44.67132],[-104.07691,44.67783],[-104.0858,44.68123],[-104.08575,44.68477],[-104.08073,44.68454],[-104.0559,44.69123],[-104.05577,44.62053],[-104.13329,44.61947],[-104.14039,44.61714],[-104.14311,44.61358],[-104.15595,44.60959],[-104.16386,44.59579],[-104.16503,44.59757],[-104.16831,44.59578],[-104.17194,44.59723],[-104.17256,44.56965],[-104.17862,44.5762],[-104.1934,44.58003],[-104.21205,44.58171],[-104.21526,44.58352],[-104.25553,44.58356],[-104.25499,44.58466],[-104.26135,44.58654],[-104.26557,44.58614],[-104.26825,44.58876],[-104.27848,44.58916],[-104.28607,44.59612],[-104.28806,44.58307],[-104.29875,44.58433],[-104.3254,44.58258],[-104.33952,44.58506],[-104.35146,44.5806],[-104.35887,44.58092],[-104.37423,44.57376],[-104.37909,44.57816],[-104.39932,44.58048],[-104.40534,44.57421],[-104.41034,44.57521],[-104.41163,44.57099],[-104.41732,44.57049],[-104.41724,44.5426],[-104.43208,44.53711],[-104.44123,44.53767],[-104.44256,44.54349],[-104.44563,44.54612],[-104.44717,44.55396],[-104.44937,44.55571],[-104.44881,44.55996],[-104.44378,44.56601],[-104.44013,44.56741],[-104.44263,44.57767],[-104.42975,44.58871],[-104.42585,44.59546],[-104.42092,44.59932],[-104.41978,44.60412],[-104.41505,44.60737],[-104.41742,44.61588],[-104.41183,44.61984],[-104.41464,44.62596],[-104.42103,44.6279],[-104.41688,44.63306],[-104.39492,44.64506],[-104.39272,44.64993],[-104.38083,44.65926],[-104.39233,44.66917],[-104.40171,44.67296],[-104.40039,44.6743],[-104.40168,44.67608],[-104.40575,44.67573],[-104.40826,44.67819],[-104.41473,44.67686],[-104.41625,44.67964],[-104.42275,44.68322],[-104.42337,44.6852],[-104.42058,44.68916],[-104.42308,44.69158],[-104.42765,44.69068],[-104.42678,44.69158],[-104.42955,44.69379],[-104.43421,44.69392],[-104.44266,44.69785],[-104.44089,44.70432],[-104.4453,44.70813],[-104.4435,44.71031],[-104.44548,44.71026],[-104.44285,44.71277],[-104.44293,44.71795],[-104.44051,44.71906],[-104.44379,44.72044],[-104.44359,44.72475],[-104.44527,44.72531],[-104.43946,44.72645],[-104.43872,44.72898],[-104.44692,44.73181],[-104.4452,44.73385],[-104.45268,44.73556],[-104.45399,44.73907],[-104.45705,44.74001],[-104.45459,44.74074],[-104.45505,44.74266],[-104.45769,44.74251],[-104.45643,44.74533],[-104.45968,44.74562],[-104.45973,44.74822],[-104.47372,44.74746],[-104.47623,44.75179],[-104.48099,44.75568],[-104.48332,44.75422],[-104.48375,44.75655]]]}},{"type":"Feature","id":"82711","properties":{"zip":"82711","pop":null,"city":"","county":"Crook","state":"Wyoming","area":67.55,"lat":44.71171,"lon":-104.4805},"geometry":{"type":"Polygon","coordinates":[[[-104.62455,44.74044],[-104.61328,44.74627],[-104.61186,44.74844],[-104.61308,44.75272],[-104.59523,44.7496],[-104.5825,44.75165],[-104.57322,44.74868],[-104.57121,44.74629],[-104.56294,44.74479],[-104.56178,44.74115],[-104.55142,44.74241],[-104.54017,44.74113],[-104.5447,44.74748],[-104.54221,44.75035],[-104.53867,44.7494],[-104.53909,44.79231],[-104.51405,44.79241],[-104.51641,44.79665],[-104.51468,44.80243],[-104.51114,44.80275],[-104.50607,44.80928],[-104.50926,44.81759],[-104.51393,44.82065],[-104.51024,44.8266],[-104.50912,44.83407],[-104.51812,44.83691],[-104.51532,44.84123],[-104.51631,44.84629],[-104.50827,44.84837],[-104.50699,44.8515],[-104.50247,44.84922],[-104.50124,44.85133],[-104.49483,44.85227],[-104.48103,44.8523],[-104.4757,44.85726],[-104.46735,44.85842],[-104.45489,44.85334],[-104.44814,44.85299],[-104.44041,44.85721],[-104.43608,44.8529],[-104.42541,44.84826],[-104.42119,44.84758],[-104.41553,44.84963],[-104.42009,44.84697],[-104.42049,44.84437],[-104.41506,44.8393],[-104.41296,44.83435],[-104.41408,44.8331],[-104.42311,44.83066],[-104.4296,44.83427],[-104.43558,44.83481],[-104.43462,44.83205],[-104.4388,44.82827],[-104.43555,44.82599],[-104.42384,44.82668],[-104.42156,44.82206],[-104.4232,44.80923],[-104.4345,44.81225],[-104.43761,44.81047],[-104.44047,44.80839],[-104.44232,44.80194],[-104.43878,44.79847],[-104.43963,44.79498],[-104.44352,44.79182],[-104.45294,44.79214],[-104.44936,44.78361],[-104.4448,44.77881],[-104.45521,44.77543],[-104.45426,44.76735],[-104.45894,44.76471],[-104.45517,44.74943],[-104.4709,44.74865],[-104.4742,44.74958],[-104.47466,44.75361],[-104.47875,44.7568],[-104.48375,44.75655],[-104.48428,44.75506],[-104.48099,44.75568],[-104.47372,44.74746],[-104.45973,44.74822],[-104.45968,44.74562],[-104.45643,44.74533],[-104.45769,44.74251],[-104.45505,44.74266],[-104.45459,44.74074],[-104.45705,44.74001],[-104.45399,44.73907],[-104.45268,44.73556],[-104.4452,44.73385],[-104.44692,44.73181],[-104.43872,44.72898],[-104.43946,44.72645],[-104.44527,44.72531],[-104.44359,44.72475],[-104.44379,44.72044],[-104.44051,44.71906],[-104.44293,44.71795],[-104.44285,44.71277],[-104.44548,44.71026],[-104.4435,44.71031],[-104.4453,44.70813],[-104.44089,44.70432],[-104.44266,44.69785],[-104.43421,44.69392],[-104.42955,44.69379],[-104.42678,44.69158],[-104.42765,44.69068],[-104.42308,44.69158],[-104.42058,44.68916],[-104.42337,44.6852],[-104.42275,44.68322],[-104.41625,44.67964],[-104.41473,44.67686],[-104.40826,44.67819],[-104.40575,44.67573],[-104.40168,44.67608],[-104.40039,44.6743],[-104.40171,44.67296],[-104.39233,44.66917],[-104.38344,44.66252],[-104.38098,44.65814],[-104.39272,44.64993],[-104.39492,44.64506],[-104.40864,44.63842],[-104.41994,44.62973],[-104.42103,44.6279],[-104.41464,44.62596],[-104.41183,44.61984],[-104.41742,44.61588],[-104.41505,44.60737],[-104.41978,44.60412],[-104.42092,44.59932],[-104.42585,44.59546],[-104.42975,44.58871],[-104.44263,44.57767],[-104.44013,44.56741],[-104.44845,44.56148],[-104.45652,44.56195],[-104.46133,44.56449],[-104.45672,44.5647],[-104.45525,44.56652],[-104.46075,44.57048],[-104.45804,44.57572],[-104.4666,44.5779],[-104.47697,44.57643],[-104.48677,44.57959],[-104.48388,44.58241],[-104.48877,44.58524],[-104.48898,44.58825],[-104.47664,44.59249],[-104.47516,44.5945],[-104.48368,44.59659],[-104.49852,44.59041],[-104.50697,44.59528],[-104.50437,44.59966],[-104.50918,44.61467],[-104.5036,44.61413],[-104.50148,44.62222],[-104.50209,44.62564],[-104.50684,44.63048],[-104.51559,44.63451],[-104.51626,44.63641],[-104.52842,44.64073],[-104.53656,44.64124],[-104.54035,44.6453],[-104.53878,44.68349],[-104.53419,44.68428],[-104.5279,44.6896],[-104.52874,44.69155],[-104.53859,44.69375],[-104.53854,44.71331],[-104.54566,44.71804],[-104.55692,44.71464],[-104.55563,44.71208],[-104.55874,44.71428],[-104.55754,44.7184],[-104.55956,44.71922],[-104.57387,44.71757],[-104.57597,44.72085],[-104.57489,44.72481],[-104.56343,44.72979],[-104.56374,44.73248],[-104.588,44.7352],[-104.59326,44.73931],[-104.61746,44.74141],[-104.61977,44.73929],[-104.62454,44.73887],[-104.62455,44.74044]]]}},{"type":"Feature","id":"82716","properties":{"zip":"82716","pop":null,"city":"","county":"Campbell","state":"Wyoming","area":844.05,"lat":44.5403,"lon":-105.64598},"geometry":{"type":"Polygon","coordinates":[[[-106.01655,44.21659],[-105.97489,44.20163],[-105.97714,44.20789],[-105.97164,44.21306],[-105.97181,44.22618],[-105.96781,44.22909],[-105.96934,44.23263],[-105.96638,44.23435],[-105.95881,44.23373],[-105.94107,44.2247],[-105.93858,44.21905],[-105.93226,44.21992],[-105.93307,44.226],[-105.92777,44.22692],[-105.92607,44.23367],[-105.9237,44.23521],[-105.91572,44.23285],[-105.91186,44.2358],[-105.91673,44.24309],[-105.91765,44.2527],[-105.92548,44.26037],[-105.92678,44.26844],[-105.92494,44.27829],[-105.93881,44.28773],[-105.94509,44.28943],[-105.9403,44.29241],[-105.9395,44.29578],[-105.94367,44.30638],[-105.9472,44.31039],[-105.94378,44.31323],[-105.94487,44.31564],[-105.9627,44.32298],[-105.96804,44.33522],[-105.96623,44.3363],[-105.9665,44.34225],[-105.96143,44.36121],[-105.96334,44.36452],[-105.95801,44.37353],[-105.97071,44.38616],[-105.97105,44.39315],[-105.9646,44.39703],[-105.96252,44.40533],[-105.95724,44.4144],[-105.94133,44.42312],[-105.94126,44.42481],[-105.95386,44.42582],[-105.9708,44.43456],[-105.97764,44.43438],[-105.97885,44.43104],[-105.99107,44.43517],[-105.99698,44.43001],[-105.99834,44.42357],[-106.01218,44.42249],[-106.01478,44.41813],[-106.01353,44.41612],[-106.01592,44.41657],[-106.01448,44.52098],[-106.00848,44.52108],[-106.01066,44.68304],[-106.00046,44.67402],[-105.99553,44.67191],[-105.99053,44.67256],[-105.98501,44.67679],[-105.98024,44.67633],[-105.98039,44.69032],[-105.96865,44.69174],[-105.95559,44.6993],[-105.9434,44.69173],[-105.94454,44.68877],[-105.95564,44.68894],[-105.95784,44.68611],[-105.95217,44.67963],[-105.92825,44.67072],[-105.92635,44.67275],[-105.9225,44.67189],[-105.91787,44.67622],[-105.91427,44.67628],[-105.90004,44.66856],[-105.90235,44.6607],[-105.90149,44.65836],[-105.89745,44.65669],[-105.89605,44.65226],[-105.89141,44.6495],[-105.88567,44.65165],[-105.87903,44.64791],[-105.87347,44.6488],[-105.86177,44.64181],[-105.86214,44.64754],[-105.84961,44.65926],[-105.85053,44.67117],[-105.84831,44.6782],[-105.85141,44.68818],[-105.84563,44.69123],[-105.84655,44.69306],[-105.85552,44.69305],[-105.85115,44.69963],[-105.85063,44.71191],[-105.83976,44.70829],[-105.80877,44.70926],[-105.78121,44.70638],[-105.75507,44.69983],[-105.73164,44.68575],[-105.71891,44.69113],[-105.71762,44.6925],[-105.71767,44.71305],[-105.72297,44.72248],[-105.7229,44.73494],[-105.71878,44.74343],[-105.70813,44.7408],[-105.70467,44.74538],[-105.69706,44.74951],[-105.69637,44.75504],[-105.68794,44.77423],[-105.68066,44.78223],[-105.63232,44.78284],[-105.63181,44.80122],[-105.59048,44.80745],[-105.5804,44.80144],[-105.57457,44.80313],[-105.56143,44.79731],[-105.5425,44.79438],[-105.53574,44.79064],[-105.52529,44.79364],[-105.52888,44.80459],[-105.52807,44.80708],[-105.5245,44.80673],[-105.5226,44.81073],[-105.5236,44.81333],[-105.52062,44.81673],[-105.52748,44.8203],[-105.53754,44.83213],[-105.5432,44.85697],[-105.53533,44.86751],[-105.53983,44.88639],[-105.53514,44.89715],[-105.5401,44.9027],[-105.54038,44.90576],[-105.57102,44.91121],[-105.59277,44.92611],[-105.61616,44.93568],[-105.60817,44.95994],[-105.59822,44.97231],[-105.58188,44.96825],[-105.56508,44.96815],[-105.56026,44.97272],[-105.56392,44.97414],[-105.56539,44.97694],[-105.56848,44.97698],[-105.57126,44.98063],[-105.57128,44.98878],[-105.57759,44.99304],[-105.5824,45.00038],[-105.3713,45.00024],[-105.36281,44.97306],[-105.36643,44.93429],[-105.37526,44.89705],[-105.37508,44.87434],[-105.37138,44.8592],[-105.37197,44.82333],[-105.39368,44.79614],[-105.3948,44.78442],[-105.3909,44.77681],[-105.39216,44.77217],[-105.39097,44.76487],[-105.39462,44.75671],[-105.39743,44.75486],[-105.41147,44.75341],[-105.43945,44.75705],[-105.43645,44.74531],[-105.44065,44.7434],[-105.45284,44.74701],[-105.45918,44.74532],[-105.4637,44.74344],[-105.47196,44.73338],[-105.48181,44.73132],[-105.4777,44.72819],[-105.47901,44.72616],[-105.4767,44.72107],[-105.47992,44.71278],[-105.47076,44.7074],[-105.43039,44.70949],[-105.42973,44.7068],[-105.43044,44.7034],[-105.44507,44.68496],[-105.44674,44.67435],[-105.45069,44.6656],[-105.44844,44.66388],[-105.45055,44.65641],[-105.46025,44.64787],[-105.46611,44.64682],[-105.46511,44.64355],[-105.47839,44.63259],[-105.49255,44.62753],[-105.49309,44.62053],[-105.49249,44.61475],[-105.45406,44.62829],[-105.44453,44.62788],[-105.4475,44.63159],[-105.44815,44.63602],[-105.43772,44.64231],[-105.43073,44.64414],[-105.43146,44.65141],[-105.43523,44.65553],[-105.42857,44.66161],[-105.42408,44.66164],[-105.41838,44.65633],[-105.40204,44.65582],[-105.39611,44.66117],[-105.38983,44.66119],[-105.38256,44.65895],[-105.38256,44.65716],[-105.38007,44.65753],[-105.37664,44.66081],[-105.37128,44.67605],[-105.35953,44.66757],[-105.34943,44.66849],[-105.34576,44.6524],[-105.32588,44.61801],[-105.32645,44.60568],[-105.33575,44.58159],[-105.34233,44.57387],[-105.35385,44.56693],[-105.38941,44.55583],[-105.39623,44.55012],[-105.36497,44.55025],[-105.35711,44.54308],[-105.35569,44.53164],[-105.35316,44.53019],[-105.35367,44.51729],[-105.34533,44.51438],[-105.34996,44.51284],[-105.34899,44.51104],[-105.35377,44.50896],[-105.34981,44.50583],[-105.35321,44.5062],[-105.35612,44.49948],[-105.36106,44.49895],[-105.36011,44.49727],[-105.36363,44.49163],[-105.35584,44.4844],[-105.35417,44.4801],[-105.35211,44.481],[-105.34998,44.47682],[-105.33485,44.46983],[-105.33705,44.46774],[-105.33312,44.46754],[-105.33357,44.4652],[-105.33082,44.4622],[-105.33224,44.4621],[-105.33073,44.45826],[-105.33449,44.45543],[-105.33231,44.45157],[-105.33415,44.44789],[-105.33746,44.44672],[-105.3415,44.43388],[-105.34399,44.4315],[-105.34387,44.42608],[-105.34015,44.42286],[-105.33283,44.42225],[-105.32368,44.41204],[-105.31046,44.4093],[-105.30648,44.40457],[-105.29394,44.4008],[-105.2926,44.39736],[-105.30364,44.39435],[-105.30415,44.38505],[-105.30164,44.3827],[-105.31214,44.37245],[-105.31408,44.36552],[-105.31701,44.36276],[-105.3147,44.35282],[-105.32006,44.34751],[-105.32004,44.33385],[-105.326,44.32393],[-105.32166,44.30925],[-105.32605,44.30813],[-105.32873,44.30399],[-105.32386,44.29883],[-105.31653,44.29564],[-105.32949,44.29231],[-105.35424,44.28979],[-105.38994,44.29567],[-105.45808,44.29526],[-105.46423,44.29325],[-105.47415,44.28181],[-105.48111,44.27949],[-105.50556,44.27975],[-105.53359,44.2934],[-105.58782,44.29451],[-105.59199,44.29242],[-105.60265,44.2789],[-105.62379,44.25834],[-105.64131,44.2494],[-105.6739,44.24283],[-105.71769,44.24664],[-105.72573,44.24557],[-105.73827,44.23626],[-105.75913,44.22705],[-105.79108,44.21873],[-105.80587,44.21995],[-105.83622,44.21268],[-105.85126,44.2045],[-105.86703,44.18913],[-105.89369,44.17856],[-105.92544,44.17721],[-105.93277,44.18062],[-105.94993,44.19424],[-105.98132,44.20331],[-106.01655,44.21659]]]}},{"type":"Feature","id":"82718","properties":{"zip":"82718","pop":null,"city":"","county":"Campbell","state":"Wyoming","area":1150.74,"lat":43.91781,"lon":-105.61617},"geometry":{"type":"Polygon","coordinates":[[[-106.01831,43.70926],[-106.01481,43.7138],[-106.00735,43.71642],[-106.00329,43.72209],[-105.9992,43.7231],[-105.9916,43.73014],[-105.99937,43.74312],[-105.99644,43.74517],[-105.99653,43.75096],[-106.0005,43.75831],[-105.99687,43.76309],[-105.99561,43.77219],[-105.99388,43.77348],[-105.99773,43.78396],[-106.00421,43.78535],[-106.00548,43.78343],[-106.0077,43.78377],[-106.0092,43.77943],[-106.01777,43.78489],[-106.01761,43.79951],[-106.00411,43.81305],[-105.99975,43.823],[-105.98594,43.827],[-105.97554,43.83354],[-105.9737,43.84145],[-105.96993,43.84518],[-105.98142,43.85158],[-105.9799,43.85409],[-105.98477,43.86952],[-105.98304,43.87658],[-105.98551,43.88453],[-105.99314,43.89418],[-105.99222,43.90369],[-106.00113,43.9049],[-106.00973,43.91084],[-106.0099,43.93828],[-106.0043,43.94868],[-106.00443,43.95361],[-106.00693,43.95534],[-106.00763,43.96574],[-106.00175,43.97425],[-106.00109,43.97919],[-105.99803,43.98191],[-106.00056,43.98694],[-106.01016,43.98984],[-106.01138,44.16974],[-106.0165,44.16973],[-106.01655,44.21639],[-105.98132,44.20331],[-105.94993,44.19424],[-105.93277,44.18062],[-105.92544,44.17721],[-105.89369,44.17856],[-105.86703,44.18913],[-105.85126,44.2045],[-105.83622,44.21268],[-105.80587,44.21995],[-105.79108,44.21873],[-105.75913,44.22705],[-105.73827,44.23626],[-105.72573,44.24557],[-105.71769,44.24664],[-105.6739,44.24283],[-105.64131,44.2494],[-105.62379,44.25834],[-105.60265,44.2789],[-105.59199,44.29242],[-105.58782,44.29451],[-105.53359,44.2934],[-105.50556,44.27975],[-105.48111,44.27949],[-105.47415,44.28181],[-105.46115,44.29479],[-105.38994,44.29567],[-105.3716,44.2935],[-105.37593,44.29127],[-105.37646,44.28645],[-105.38654,44.28615],[-105.38931,44.27551],[-105.39312,44.27291],[-105.39358,44.27447],[-105.39559,44.27398],[-105.39869,44.25326],[-105.39798,44.24903],[-105.39251,44.24539],[-105.39391,44.23283],[-105.37917,44.23299],[-105.36561,44.22606],[-105.34755,44.22583],[-105.34749,44.23664],[-105.35084,44.24164],[-105.35249,44.25216],[-105.35663,44.25668],[-105.34862,44.25964],[-105.34035,44.2553],[-105.33165,44.25497],[-105.32424,44.25061],[-105.31689,44.25048],[-105.3151,44.24767],[-105.31019,44.2518],[-105.30683,44.24997],[-105.31215,44.24368],[-105.314,44.22939],[-105.30161,44.22327],[-105.29324,44.21505],[-105.29104,44.20938],[-105.2843,44.20444],[-105.28185,44.19783],[-105.28411,44.19193],[-105.27827,44.19394],[-105.27792,44.20009],[-105.27553,44.20428],[-105.26466,44.20997],[-105.24263,44.20793],[-105.23763,44.20589],[-105.23486,44.20066],[-105.23073,44.19803],[-105.20619,44.20311],[-105.20284,44.20092],[-105.20516,44.19179],[-105.20713,44.19047],[-105.20213,44.17242],[-105.20735,44.17158],[-105.21272,44.16561],[-105.21622,44.16492],[-105.22369,44.16778],[-105.22496,44.16629],[-105.22285,44.16072],[-105.22534,44.15461],[-105.23262,44.15362],[-105.2483,44.14645],[-105.26826,44.14708],[-105.28029,44.15179],[-105.29784,44.15156],[-105.29784,44.14472],[-105.29226,44.14236],[-105.29219,44.13969],[-105.29676,44.13607],[-105.2919,44.12713],[-105.28428,44.12149],[-105.28508,44.11827],[-105.27327,44.11275],[-105.27281,44.11012],[-105.25928,44.09665],[-105.25789,44.09259],[-105.26001,44.08519],[-105.27152,44.08645],[-105.28659,44.09349],[-105.30222,44.09585],[-105.31144,44.10263],[-105.33428,44.10199],[-105.338,44.09247],[-105.33777,44.08715],[-105.33283,44.07951],[-105.31722,44.06784],[-105.31159,44.0593],[-105.30954,44.04989],[-105.31098,44.0434],[-105.31965,44.03829],[-105.3156,44.03387],[-105.31415,44.0278],[-105.30448,44.02573],[-105.29528,44.03268],[-105.29525,44.02994],[-105.29045,44.0296],[-105.28621,44.02555],[-105.27014,44.02455],[-105.25971,44.01826],[-105.23758,44.0099],[-105.24308,44.00348],[-105.25664,44.00242],[-105.26334,43.9932],[-105.26593,43.99311],[-105.25034,43.9857],[-105.23573,43.97584],[-105.24277,43.97533],[-105.24386,43.97168],[-105.24887,43.97542],[-105.2614,43.97906],[-105.26303,43.97588],[-105.26193,43.96804],[-105.25718,43.95833],[-105.2604,43.95493],[-105.26914,43.95598],[-105.2668,43.94164],[-105.27177,43.93462],[-105.26823,43.93224],[-105.26954,43.92973],[-105.25335,43.90841],[-105.24877,43.90923],[-105.2459,43.91324],[-105.23795,43.90707],[-105.24394,43.90305],[-105.24497,43.90004],[-105.24826,43.90102],[-105.25421,43.89906],[-105.25028,43.89694],[-105.24871,43.88717],[-105.24387,43.87546],[-105.24367,43.8695],[-105.23817,43.86565],[-105.22286,43.85996],[-105.20786,43.8693],[-105.19863,43.86981],[-105.19025,43.88018],[-105.17155,43.87942],[-105.15341,43.86702],[-105.15094,43.8617],[-105.14123,43.85643],[-105.13617,43.85087],[-105.12941,43.84814],[-105.11327,43.82476],[-105.10809,43.82186],[-105.10022,43.81126],[-105.1156,43.80219],[-105.12243,43.80257],[-105.13309,43.79906],[-105.15535,43.80389],[-105.15953,43.80298],[-105.16698,43.79633],[-105.18055,43.79693],[-105.19129,43.78898],[-105.19686,43.78185],[-105.17523,43.77667],[-105.15807,43.77522],[-105.14726,43.76698],[-105.10937,43.75713],[-105.09515,43.74655],[-105.0874,43.7242],[-105.0808,43.71937],[-105.08123,43.65128],[-105.10111,43.65231],[-105.10679,43.65068],[-105.10897,43.66807],[-105.16366,43.6742],[-105.18265,43.67297],[-105.18667,43.67482],[-105.18844,43.68012],[-105.18696,43.68633],[-105.19678,43.69564],[-105.19851,43.70077],[-105.19945,43.71154],[-105.19767,43.71509],[-105.18477,43.71272],[-105.17847,43.70892],[-105.17425,43.72096],[-105.16789,43.72359],[-105.14996,43.72337],[-105.15063,43.72543],[-105.17026,43.73961],[-105.17572,43.7391],[-105.18061,43.74635],[-105.18695,43.74701],[-105.1909,43.74413],[-105.20337,43.74541],[-105.21464,43.75386],[-105.22721,43.75715],[-105.23266,43.75174],[-105.23874,43.7513],[-105.24066,43.75265],[-105.24079,43.76852],[-105.24839,43.78081],[-105.25123,43.78198],[-105.29178,43.78136],[-105.29146,43.77128],[-105.28747,43.76811],[-105.2817,43.76699],[-105.28137,43.75235],[-105.33035,43.75207],[-105.33199,43.75251],[-105.33346,43.75898],[-105.3411,43.75944],[-105.34262,43.75116],[-105.34979,43.74926],[-105.35212,43.74578],[-105.35168,43.73125],[-105.35872,43.73743],[-105.36209,43.7375],[-105.36193,43.72621],[-105.36884,43.72327],[-105.38604,43.72333],[-105.38685,43.73747],[-105.40286,43.73772],[-105.40925,43.73502],[-105.41036,43.72344],[-105.42271,43.72347],[-105.42273,43.7066],[-105.41678,43.70156],[-105.41555,43.6958],[-105.39667,43.69719],[-105.38092,43.69181],[-105.37878,43.69276],[-105.37549,43.6914],[-105.369,43.68121],[-105.36225,43.67923],[-105.36089,43.67259],[-105.36266,43.63613],[-105.34249,43.63611],[-105.34258,43.62009],[-105.34474,43.61661],[-105.35864,43.6076],[-105.36306,43.58985],[-105.37916,43.57686],[-105.38066,43.57435],[-105.38004,43.56328],[-105.41247,43.56363],[-105.42292,43.56626],[-105.42952,43.56514],[-105.4328,43.56737],[-105.4632,43.56909],[-105.44797,43.51074],[-105.44686,43.4967],[-105.4937,43.49683],[-105.49694,43.51638],[-105.50511,43.5247],[-105.50374,43.53237],[-105.51605,43.55524],[-105.52716,43.56321],[-105.54254,43.56395],[-105.5406,43.57476],[-105.54208,43.57529],[-105.54426,43.58934],[-105.55552,43.58679],[-105.56019,43.5883],[-105.58,43.60989],[-105.58054,43.61521],[-105.58791,43.61601],[-105.62721,43.60956],[-105.63829,43.60995],[-105.63594,43.5951],[-105.63634,43.58453],[-105.64367,43.56834],[-105.61794,43.56782],[-105.61552,43.56589],[-105.61369,43.55606],[-105.60495,43.54427],[-105.59703,43.54141],[-105.58374,43.54515],[-105.5926,43.53448],[-105.59058,43.52998],[-105.5838,43.53258],[-105.57635,43.53114],[-105.55937,43.52171],[-105.55036,43.50228],[-105.55467,43.49669],[-105.55802,43.4967],[-105.55899,43.498],[-105.55575,43.49905],[-105.5583,43.50067],[-105.56181,43.49813],[-105.56399,43.49937],[-105.5626,43.50178],[-105.56591,43.50336],[-105.56842,43.50392],[-105.56961,43.50112],[-105.57288,43.5003],[-105.57613,43.50354],[-105.59379,43.50566],[-105.59348,43.50897],[-105.58961,43.50853],[-105.589,43.5107],[-105.59212,43.51053],[-105.5914,43.51309],[-105.59516,43.5114],[-105.59612,43.51388],[-105.59789,43.51266],[-105.60036,43.51406],[-105.59762,43.51567],[-105.60078,43.51745],[-105.60052,43.51541],[-105.60525,43.51751],[-105.60708,43.51471],[-105.60652,43.51702],[-105.61042,43.51757],[-105.60961,43.51611],[-105.61134,43.51549],[-105.61174,43.51723],[-105.62015,43.51888],[-105.62274,43.52122],[-105.61995,43.52404],[-105.623,43.52511],[-105.621,43.52562],[-105.62403,43.52833],[-105.62843,43.52726],[-105.63093,43.52884],[-105.6309,43.53106],[-105.63791,43.53113],[-105.64051,43.5349],[-105.64483,43.53542],[-105.64283,43.53566],[-105.64302,43.539],[-105.64081,43.54071],[-105.64194,43.54175],[-105.64564,43.54273],[-105.64635,43.54026],[-105.65024,43.53937],[-105.64811,43.53878],[-105.64966,43.53821],[-105.65176,43.53967],[-105.6513,43.53835],[-105.65377,43.53844],[-105.65307,43.54018],[-105.66048,43.53932],[-105.65736,43.53991],[-105.6591,43.54115],[-105.65635,43.54216],[-105.65841,43.54482],[-105.66658,43.54346],[-105.66667,43.54599],[-105.67101,43.54814],[-105.67808,43.55741],[-105.6772,43.56152],[-105.68535,43.56451],[-105.68608,43.53275],[-105.70448,43.52476],[-105.70642,43.51648],[-105.72153,43.5109],[-105.72658,43.51082],[-105.73655,43.52289],[-105.75743,43.51826],[-105.76211,43.51947],[-105.76523,43.52324],[-105.77029,43.52346],[-105.77589,43.52031],[-105.77876,43.51559],[-105.78345,43.51542],[-105.79069,43.51956],[-105.80448,43.52107],[-105.82251,43.53026],[-105.82652,43.52968],[-105.82897,43.534],[-105.83912,43.5377],[-105.87361,43.5412],[-105.88538,43.53707],[-105.9006,43.53728],[-105.91291,43.52956],[-105.9449,43.51751],[-105.94921,43.51199],[-105.96584,43.50412],[-105.97192,43.5047],[-105.97891,43.50893],[-105.98734,43.50696],[-105.99284,43.5185],[-105.99525,43.51992],[-106.0011,43.51876],[-106.00275,43.52224],[-106.01135,43.52558],[-106.01709,43.52393],[-106.0176,43.55772],[-106.00691,43.55658],[-105.99781,43.55914],[-105.97909,43.5588],[-105.96683,43.56174],[-105.94715,43.55941],[-105.91784,43.56208],[-105.85514,43.57794],[-105.85846,43.5786],[-105.86841,43.58793],[-105.86822,43.59063],[-105.87649,43.60232],[-105.87636,43.6112],[-105.87217,43.61592],[-105.87435,43.62918],[-105.87194,43.63582],[-105.86525,43.64008],[-105.86038,43.64931],[-105.8558,43.65346],[-105.84244,43.64886],[-105.8258,43.64952],[-105.81882,43.6528],[-105.8172,43.65729],[-105.80798,43.65915],[-105.80516,43.66396],[-105.81027,43.67033],[-105.81082,43.67425],[-105.81757,43.67621],[-105.8308,43.68525],[-105.83122,43.69089],[-105.83547,43.69606],[-105.83314,43.70215],[-105.83465,43.71026],[-105.84368,43.71436],[-105.85854,43.70765],[-105.86136,43.71012],[-105.89265,43.69976],[-105.90794,43.70654],[-105.9181,43.70758],[-105.92354,43.70502],[-105.92487,43.70087],[-105.93411,43.69148],[-105.9406,43.69326],[-105.94344,43.68934],[-105.95542,43.68788],[-105.96333,43.68465],[-105.96761,43.68075],[-105.96702,43.6755],[-105.97134,43.67262],[-105.97353,43.66548],[-105.98168,43.65757],[-105.98307,43.6519],[-105.99404,43.65589],[-106.00247,43.66445],[-106.00274,43.67249],[-105.99847,43.68267],[-105.99927,43.68944],[-106.0019,43.69196],[-105.9984,43.69185],[-105.99863,43.69476],[-106.00025,43.69669],[-106.00849,43.69498],[-106.01111,43.69764],[-106.0184,43.69528],[-106.01831,43.70926]],[[-105.68553,43.68821],[-105.6752,43.6881],[-105.66893,43.69001],[-105.6706,43.68324],[-105.66233,43.67354],[-105.6582,43.67156],[-105.64251,43.67029],[-105.64715,43.65503],[-105.65302,43.64889],[-105.62952,43.64927],[-105.60873,43.66183],[-105.57549,43.67058],[-105.52217,43.67207],[-105.49128,43.67639],[-105.46941,43.67662],[-105.47253,43.69412],[-105.47564,43.75926],[-105.47399,43.74576],[-105.47245,43.74561],[-105.4721,43.7698],[-105.47522,43.7698],[-105.47574,43.76148],[-105.4874,43.76109],[-105.52359,43.74369],[-105.52544,43.74535],[-105.52352,43.75521],[-105.52701,43.76528],[-105.52016,43.77202],[-105.5071,43.77937],[-105.5032,43.79031],[-105.49612,43.79721],[-105.4993,43.80098],[-105.49833,43.80391],[-105.50055,43.81018],[-105.49421,43.81117],[-105.49209,43.81444],[-105.50797,43.82548],[-105.52045,43.82416],[-105.53474,43.82775],[-105.52799,43.83535],[-105.5169,43.8366],[-105.51552,43.84178],[-105.4939,43.84003],[-105.49835,43.84805],[-105.49742,43.85749],[-105.48989,43.86398],[-105.4986,43.8691],[-105.50626,43.88152],[-105.50637,43.88647],[-105.51215,43.89616],[-105.52084,43.9044],[-105.5268,43.90875],[-105.52877,43.90689],[-105.53426,43.90727],[-105.54763,43.89943],[-105.55477,43.89864],[-105.55436,43.89667],[-105.56422,43.89006],[-105.57952,43.88741],[-105.58854,43.88304],[-105.59397,43.87739],[-105.59674,43.87928],[-105.60656,43.87818],[-105.6076,43.88101],[-105.63003,43.88091],[-105.63435,43.86744],[-105.63771,43.8654],[-105.63477,43.86382],[-105.63943,43.86069],[-105.64126,43.85239],[-105.65018,43.8473],[-105.65232,43.84368],[-105.64759,43.84083],[-105.65193,43.83821],[-105.65004,43.83629],[-105.65315,43.83526],[-105.64698,43.83341],[-105.64125,43.82763],[-105.6432,43.82371],[-105.64267,43.81984],[-105.64523,43.81908],[-105.64755,43.81265],[-105.64628,43.80641],[-105.64763,43.80292],[-105.63858,43.80026],[-105.63085,43.79516],[-105.62858,43.79018],[-105.62691,43.78311],[-105.62969,43.78194],[-105.62645,43.77933],[-105.63043,43.77351],[-105.63589,43.76996],[-105.6358,43.76196],[-105.63066,43.75667],[-105.64066,43.75412],[-105.65138,43.74546],[-105.65828,43.74418],[-105.66704,43.73681],[-105.68592,43.73808],[-105.68553,43.68821]]]}},{"type":"Feature","id":"82721","properties":{"zip":"82721","pop":null,"city":"","county":"Crook","state":"Wyoming","area":504.34,"lat":44.46174,"lon":-104.89806},"geometry":{"type":"Polygon","coordinates":[[[-105.08539,44.61413],[-105.08545,44.7868],[-105.07686,44.78619],[-105.07479,44.87107],[-105.0767,44.87107],[-105.0766,45.00011],[-105.02553,45.0001],[-105.02596,44.98797],[-105.03536,44.98756],[-105.03591,44.9739],[-105.02817,44.96962],[-105.02021,44.96943],[-105.01321,44.96626],[-105.01267,44.96022],[-105.00729,44.9577],[-104.99672,44.93996],[-104.99745,44.93252],[-104.9857,44.92652],[-104.99151,44.91945],[-104.98722,44.91741],[-104.98298,44.91094],[-104.98973,44.90594],[-104.99218,44.90716],[-104.98871,44.9051],[-104.98923,44.89775],[-104.98544,44.89079],[-104.98849,44.883],[-104.99283,44.87937],[-104.9941,44.87137],[-105.00974,44.86452],[-104.99724,44.85795],[-104.99727,44.85429],[-104.99327,44.85375],[-104.97968,44.84192],[-104.97263,44.83058],[-104.96705,44.8274],[-104.95612,44.8135],[-104.95843,44.80779],[-104.95415,44.80339],[-104.94432,44.79943],[-104.93627,44.79282],[-104.93372,44.78831],[-104.92444,44.78658],[-104.92295,44.78019],[-104.92269,44.77024],[-104.93424,44.7611],[-104.9849,44.76109],[-104.98338,44.74428],[-104.9958,44.73162],[-105.00241,44.7288],[-105.01445,44.72871],[-105.0133,44.71318],[-105.00838,44.71742],[-105.00506,44.71737],[-104.99474,44.71113],[-104.99106,44.70224],[-104.97361,44.69321],[-104.97073,44.69392],[-104.9689,44.6973],[-104.9609,44.69729],[-104.95793,44.7004],[-104.83053,44.70047],[-104.82315,44.69753],[-104.81885,44.69332],[-104.82959,44.69002],[-104.82871,44.68407],[-104.83876,44.68121],[-104.83992,44.67554],[-104.85214,44.67617],[-104.84385,44.66692],[-104.84455,44.65967],[-104.83746,44.64714],[-104.83224,44.6462],[-104.82513,44.64135],[-104.82688,44.63828],[-104.83333,44.63831],[-104.84038,44.63487],[-104.84485,44.63484],[-104.84713,44.63103],[-104.85192,44.63005],[-104.84532,44.62038],[-104.83697,44.6158],[-104.83694,44.60729],[-104.84049,44.60693],[-104.84225,44.60432],[-104.83857,44.59993],[-104.83805,44.59634],[-104.83217,44.59807],[-104.83293,44.60025],[-104.82363,44.59298],[-104.82339,44.59017],[-104.81671,44.59186],[-104.81136,44.59755],[-104.80125,44.59987],[-104.80116,44.56724],[-104.79756,44.56182],[-104.78314,44.55919],[-104.77554,44.56108],[-104.7659,44.55932],[-104.75341,44.56],[-104.74847,44.55695],[-104.73889,44.55758],[-104.73205,44.55408],[-104.72291,44.55628],[-104.71867,44.56241],[-104.70544,44.55143],[-104.70673,44.54165],[-104.70477,44.53943],[-104.70095,44.54106],[-104.69879,44.53879],[-104.69252,44.53895],[-104.69278,44.53369],[-104.70882,44.53426],[-104.71193,44.53149],[-104.71689,44.53192],[-104.73485,44.52437],[-104.73513,44.52186],[-104.72809,44.52181],[-104.72325,44.51559],[-104.72415,44.51279],[-104.72875,44.51055],[-104.7269,44.50884],[-104.72227,44.51412],[-104.71524,44.51481],[-104.71582,44.51338],[-104.71302,44.51234],[-104.71208,44.51407],[-104.70519,44.51205],[-104.6984,44.51377],[-104.69426,44.51268],[-104.68987,44.50408],[-104.69045,44.50262],[-104.71378,44.5054],[-104.7184,44.50433],[-104.72252,44.50112],[-104.71938,44.49819],[-104.72521,44.49355],[-104.73,44.48452],[-104.72606,44.48327],[-104.73056,44.48016],[-104.73021,44.47627],[-104.73415,44.47365],[-104.74124,44.47341],[-104.74252,44.4711],[-104.74108,44.46728],[-104.73701,44.46635],[-104.73832,44.46437],[-104.73698,44.46137],[-104.73254,44.45673],[-104.73596,44.45607],[-104.73077,44.45693],[-104.72709,44.45427],[-104.71771,44.44155],[-104.69895,44.44156],[-104.70011,44.4279],[-104.67682,44.42794],[-104.66945,44.42147],[-104.66335,44.42087],[-104.66147,44.41758],[-104.65513,44.41435],[-104.66019,44.40814],[-104.6546,44.40158],[-104.65145,44.40066],[-104.64818,44.3927],[-104.65146,44.38732],[-104.66559,44.38205],[-104.65805,44.37375],[-104.65087,44.37068],[-104.64139,44.3564],[-104.63839,44.35572],[-104.63314,44.34735],[-104.62873,44.34425],[-104.62684,44.33872],[-104.63133,44.3401],[-104.63517,44.33852],[-104.63274,44.3381],[-104.6345,44.33725],[-104.63202,44.33587],[-104.63376,44.33602],[-104.63058,44.33461],[-104.62622,44.33526],[-104.6273,44.33202],[-104.62293,44.32794],[-104.62789,44.32336],[-104.62282,44.32048],[-104.62711,44.31954],[-104.62648,44.31706],[-104.61938,44.31629],[-104.62134,44.31039],[-104.61768,44.31173],[-104.62771,44.29505],[-104.65029,44.29075],[-104.65173,44.28805],[-104.65599,44.28923],[-104.66262,44.28348],[-104.661,44.27552],[-104.66709,44.2739],[-104.65693,44.26066],[-104.6562,44.25041],[-104.65363,44.25196],[-104.64714,44.24848],[-104.64166,44.24793],[-104.64285,44.23099],[-104.65168,44.23043],[-104.64868,44.22518],[-104.64545,44.20899],[-104.64956,44.20178],[-104.63133,44.20063],[-104.62022,44.19002],[-104.61929,44.18133],[-104.61489,44.17992],[-105.08218,44.17618],[-105.08447,44.21663],[-105.0844,44.34092],[-105.07878,44.34157],[-105.07022,44.33824],[-105.06419,44.34664],[-105.06353,44.35392],[-105.05608,44.35233],[-105.05843,44.35546],[-105.05567,44.36262],[-105.05799,44.36488],[-105.0546,44.37334],[-105.04818,44.37987],[-105.05239,44.38591],[-105.04725,44.38694],[-105.04582,44.40437],[-105.04946,44.40639],[-105.04778,44.4065],[-105.04973,44.40839],[-105.04619,44.41058],[-105.04529,44.41357],[-105.04978,44.41883],[-105.05565,44.42075],[-105.05798,44.42596],[-105.05161,44.43098],[-105.05155,44.4378],[-105.03753,44.44739],[-105.03673,44.45264],[-105.03293,44.45726],[-105.03008,44.45832],[-105.01539,44.4561],[-105.0113,44.45883],[-105.00528,44.45832],[-105.00225,44.46168],[-104.98915,44.46234],[-104.98961,44.46601],[-104.99901,44.46698],[-105.0055,44.47002],[-104.99817,44.47846],[-104.99685,44.49831],[-104.96125,44.49803],[-104.95613,44.53588],[-104.95934,44.54038],[-104.9672,44.54155],[-104.9727,44.5459],[-104.98881,44.54774],[-104.99137,44.55349],[-104.99067,44.56016],[-104.99713,44.56292],[-105.00012,44.55729],[-105.00928,44.54987],[-105.02023,44.55051],[-105.02011,44.55371],[-105.02525,44.55469],[-105.03799,44.54698],[-105.04027,44.55513],[-105.04839,44.56726],[-105.05414,44.57114],[-105.05856,44.5783],[-105.06615,44.58214],[-105.06656,44.58569],[-105.0748,44.59402],[-105.08561,44.5859],[-105.08539,44.61413]]]}},{"type":"Feature","id":"82832","properties":{"zip":"82832","pop":null,"city":"","county":"Sheridan","state":"Wyoming","area":96.25,"lat":44.59439,"lon":-106.75226},"geometry":{"type":"Polygon","coordinates":[[[-106.9996,44.57774],[-106.99559,44.57973],[-106.99598,44.58235],[-106.99297,44.58376],[-106.98265,44.58137],[-106.9817,44.58507],[-106.97908,44.58676],[-106.98049,44.59028],[-106.97397,44.59456],[-106.95962,44.59255],[-106.9641,44.59732],[-106.96218,44.5995],[-106.92969,44.60029],[-106.92373,44.59775],[-106.90893,44.5966],[-106.90478,44.5937],[-106.8947,44.59416],[-106.89379,44.59556],[-106.89697,44.59921],[-106.90483,44.60083],[-106.91249,44.60559],[-106.90785,44.61247],[-106.9167,44.62397],[-106.9136,44.63212],[-106.90498,44.62585],[-106.89826,44.62541],[-106.89753,44.6269],[-106.8902,44.62267],[-106.88228,44.62381],[-106.88367,44.62623],[-106.87166,44.62633],[-106.87144,44.64434],[-106.85124,44.64467],[-106.85128,44.64591],[-106.84552,44.6435],[-106.84249,44.6442],[-106.84359,44.64968],[-106.84121,44.65308],[-106.84083,44.65865],[-106.83246,44.65833],[-106.8309,44.65905],[-106.83161,44.66123],[-106.82532,44.66312],[-106.82208,44.66088],[-106.81843,44.66346],[-106.81151,44.66259],[-106.80549,44.66561],[-106.80283,44.66515],[-106.79902,44.65914],[-106.79386,44.65743],[-106.77747,44.66074],[-106.7719,44.65319],[-106.77053,44.64238],[-106.76496,44.64075],[-106.76418,44.64519],[-106.75877,44.65088],[-106.74745,44.65566],[-106.74932,44.66484],[-106.74415,44.67886],[-106.74601,44.69045],[-106.67921,44.6902],[-106.66935,44.68724],[-106.63504,44.68701],[-106.63509,44.68001],[-106.65027,44.67868],[-106.64955,44.60014],[-106.58299,44.60049],[-106.55097,44.57746],[-106.55084,44.56609],[-106.56133,44.56908],[-106.56454,44.56762],[-106.56895,44.57085],[-106.57316,44.5702],[-106.57525,44.56575],[-106.57849,44.56935],[-106.58276,44.57019],[-106.58768,44.56818],[-106.59654,44.57024],[-106.60034,44.57493],[-106.60303,44.57656],[-106.60691,44.57468],[-106.60061,44.5743],[-106.5962,44.56981],[-106.58817,44.56804],[-106.58167,44.56421],[-106.59438,44.56171],[-106.59423,44.55682],[-106.67605,44.55716],[-106.67746,44.55524],[-106.68174,44.5552],[-106.67778,44.55193],[-106.67634,44.54813],[-106.678,44.54841],[-106.67877,44.54619],[-106.67484,44.54313],[-106.67244,44.5343],[-106.64906,44.52626],[-106.64966,44.52405],[-106.65917,44.52045],[-106.66152,44.51294],[-106.67109,44.49878],[-106.7012,44.50106],[-106.70682,44.50556],[-106.71088,44.50629],[-106.71165,44.51272],[-106.71676,44.51506],[-106.72237,44.51365],[-106.73184,44.51759],[-106.74135,44.5263],[-106.75025,44.52101],[-106.78022,44.51936],[-106.78504,44.51644],[-106.7934,44.51594],[-106.79735,44.51262],[-106.80329,44.52222],[-106.80924,44.52318],[-106.81784,44.52943],[-106.83389,44.52885],[-106.84197,44.53087],[-106.84994,44.52724],[-106.86168,44.52673],[-106.85794,44.52869],[-106.85974,44.52953],[-106.85884,44.532],[-106.86396,44.53392],[-106.86438,44.53827],[-106.87466,44.54644],[-106.89114,44.55441],[-106.89475,44.56028],[-106.89219,44.56524],[-106.88494,44.56484],[-106.88545,44.56947],[-106.89037,44.57031],[-106.8922,44.57244],[-106.88483,44.57318],[-106.88476,44.57511],[-106.89272,44.57519],[-106.89717,44.57825],[-106.89212,44.58015],[-106.892,44.58681],[-106.96445,44.58613],[-106.95991,44.58536],[-106.95769,44.58295],[-106.96548,44.58096],[-106.96637,44.57909],[-106.9706,44.57918],[-106.97581,44.57546],[-106.97935,44.57689],[-106.98196,44.57571],[-106.98732,44.57937],[-106.989,44.57871],[-106.98816,44.57692],[-106.99164,44.57542],[-106.99692,44.57887],[-106.9996,44.57774]]]}},{"type":"Feature","id":"82941","properties":{"zip":"82941","pop":null,"city":"","county":"Sublette","state":"Wyoming","area":504.66,"lat":42.99902,"lon":-109.90853},"geometry":{"type":"Polygon","coordinates":[[[-110.38595,43.26838],[-110.38351,43.27782],[-110.38133,43.27996],[-110.37654,43.28051],[-110.37032,43.29126],[-110.34396,43.29116],[-110.34422,43.37792],[-110.14601,43.37813],[-110.14741,43.22575],[-110.13256,43.21551],[-110.13073,43.20816],[-110.13433,43.2038],[-110.12688,43.18949],[-110.11841,43.1859],[-110.11112,43.17909],[-110.11157,43.1776],[-110.09849,43.17166],[-110.0892,43.16021],[-110.08827,43.15415],[-110.08283,43.14666],[-110.07189,43.1467],[-110.06357,43.13736],[-110.0605,43.14072],[-110.05838,43.14137],[-110.05656,43.14003],[-110.05252,43.14249],[-110.05329,43.1476],[-110.04743,43.14788],[-110.04801,43.14986],[-110.04985,43.1511],[-110.05094,43.15392],[-110.04695,43.15401],[-110.04216,43.15217],[-110.04704,43.15562],[-110.04736,43.15714],[-110.04557,43.15894],[-110.04387,43.15921],[-110.03768,43.15602],[-110.04068,43.1499],[-110.03715,43.15195],[-110.03406,43.15711],[-110.03728,43.15092],[-110.04045,43.1494],[-110.04162,43.14995],[-110.04115,43.15158],[-110.03797,43.15558],[-110.04355,43.15879],[-110.046,43.15807],[-110.04641,43.15555],[-110.04156,43.15242],[-110.04318,43.15163],[-110.05003,43.15311],[-110.04713,43.14969],[-110.04685,43.14838],[-110.04766,43.14731],[-110.05277,43.14754],[-110.05123,43.14507],[-110.05257,43.14163],[-110.05742,43.13954],[-110.05908,43.141],[-110.06282,43.13708],[-110.05591,43.13273],[-110.05145,43.12303],[-110.04203,43.11576],[-110.03392,43.11333],[-110.02728,43.10649],[-110.02393,43.09931],[-110.02748,43.08712],[-110.01973,43.07848],[-110.02237,43.06517],[-110.01968,43.0641],[-110.01692,43.05942],[-110.01732,43.04875],[-110.0056,43.03358],[-110.00756,43.03033],[-110.00696,43.02546],[-109.99898,43.01784],[-109.99921,43.00945],[-109.99496,43.00117],[-109.99621,42.9964],[-109.99411,42.99359],[-109.99414,42.98745],[-109.9917,42.99354],[-109.98509,42.997],[-109.97281,42.99971],[-109.96227,42.98627],[-109.95468,42.98908],[-109.94657,42.98775],[-109.9464,42.99094],[-109.94359,42.99321],[-109.94197,42.99063],[-109.94236,42.98442],[-109.93452,42.97742],[-109.93475,42.97504],[-109.9274,42.97764],[-109.92025,42.97768],[-109.90875,42.99313],[-109.87457,42.99793],[-109.85262,43.01067],[-109.83637,43.02517],[-109.83518,43.03256],[-109.83651,43.03471],[-109.82873,43.0399],[-109.82627,43.04497],[-109.82349,43.0455],[-109.8255,43.05269],[-109.82156,43.0525],[-109.82064,43.05434],[-109.82496,43.07436],[-109.8224,43.07622],[-109.82198,43.08047],[-109.79709,43.08699],[-109.78461,43.08091],[-109.78108,43.08202],[-109.78082,43.09018],[-109.77575,43.09717],[-109.77476,43.10634],[-109.76861,43.10272],[-109.76029,43.10186],[-109.75913,43.09989],[-109.76032,43.09673],[-109.75667,43.06798],[-109.75735,43.05827],[-109.76259,43.04278],[-109.76183,43.03746],[-109.76875,43.03279],[-109.76887,43.02817],[-109.77787,43.02389],[-109.77097,43.02327],[-109.76327,43.01633],[-109.75292,43.01173],[-109.74754,43.00429],[-109.73359,42.99656],[-109.72722,42.99044],[-109.72612,42.99479],[-109.72052,43.00092],[-109.72,43.00677],[-109.70587,43.01156],[-109.69509,43.01929],[-109.69506,43.02154],[-109.69237,43.01983],[-109.68014,43.02089],[-109.67499,43.01615],[-109.65987,43.01839],[-109.648,43.01263],[-109.64305,43.01669],[-109.63618,43.01718],[-109.62758,43.011],[-109.62107,43.01428],[-109.61443,43.01484],[-109.6096,43.01946],[-109.60427,43.01665],[-109.59996,43.01887],[-109.59063,43.01631],[-109.5871,43.01864],[-109.5731,43.0145],[-109.55454,43.019],[-109.55258,43.01254],[-109.54315,43.01037],[-109.53969,43.01309],[-109.52903,43.01386],[-109.52298,43.0094],[-109.51776,43.01104],[-109.51389,43.00717],[-109.50241,43.01051],[-109.49382,43.0007],[-109.49206,42.99535],[-109.47491,42.99387],[-109.47256,42.99048],[-109.46666,42.99195],[-109.46018,42.98806],[-109.45976,42.98297],[-109.4632,42.9813],[-109.4556,42.97508],[-109.45423,42.97027],[-109.45068,42.97116],[-109.44349,42.97035],[-109.44101,42.96786],[-109.43236,42.96815],[-109.43195,42.96533],[-109.42779,42.96238],[-109.42876,42.96066],[-109.41121,42.95546],[-109.40479,42.95061],[-109.40015,42.94574],[-109.39947,42.94006],[-109.38616,42.93886],[-109.37477,42.94329],[-109.37055,42.93534],[-109.36473,42.93013],[-109.36228,42.91753],[-109.37321,42.91821],[-109.38998,42.91079],[-109.3889,42.90807],[-109.4127,42.90134],[-109.41972,42.89632],[-109.41995,42.88579],[-109.42752,42.88065],[-109.43257,42.88249],[-109.44347,42.87295],[-109.44667,42.87304],[-109.45104,42.86393],[-109.46614,42.85491],[-109.4789,42.85363],[-109.50149,42.8654],[-109.5147,42.86896],[-109.52853,42.86867],[-109.533,42.86423],[-109.57208,42.85888],[-109.58009,42.85604],[-109.59102,42.8601],[-109.59526,42.85861],[-109.60459,42.8595],[-109.61597,42.85651],[-109.62272,42.85741],[-109.65091,42.85105],[-109.67791,42.8427],[-109.68561,42.8386],[-109.69619,42.83662],[-109.70533,42.83716],[-109.7116,42.83487],[-109.71462,42.83189],[-109.71383,42.82353],[-109.71669,42.81945],[-109.72612,42.82021],[-109.72751,42.82205],[-109.72963,42.82081],[-109.73078,42.82246],[-109.73747,42.81598],[-109.74246,42.81537],[-109.74481,42.81209],[-109.74291,42.80141],[-109.74542,42.79953],[-109.74724,42.79135],[-109.7447,42.78764],[-109.73501,42.78125],[-109.73192,42.77527],[-109.73226,42.76605],[-109.72971,42.75849],[-109.73186,42.75759],[-109.74984,42.7718],[-109.74171,42.77223],[-109.74197,42.77585],[-109.75287,42.77594],[-109.7529,42.78448],[-109.76254,42.78452],[-109.76279,42.78009],[-109.78894,42.79319],[-109.78654,42.7886],[-109.78452,42.78885],[-109.78724,42.78656],[-109.78557,42.78702],[-109.78612,42.78516],[-109.7816,42.78215],[-109.78516,42.77819],[-109.78168,42.7748],[-109.78238,42.77282],[-109.78763,42.7751],[-109.79892,42.77243],[-109.76617,42.76087],[-109.76511,42.75807],[-109.83607,42.73435],[-109.83325,42.73089],[-109.82394,42.72892],[-109.8172,42.72274],[-109.82259,42.7109],[-109.88698,42.69701],[-109.88504,42.69049],[-109.87838,42.68516],[-109.8765,42.6691],[-109.87217,42.6539],[-109.89021,42.65483],[-109.89025,42.6697],[-109.92843,42.66989],[-109.92838,42.68117],[-109.93516,42.68938],[-109.93523,42.6942],[-109.92955,42.70041],[-109.92955,42.72681],[-109.94385,42.72891],[-109.94672,42.73566],[-109.94094,42.75629],[-109.9529,42.76787],[-109.95384,42.77482],[-109.95906,42.77793],[-109.95905,42.76578],[-109.96306,42.76588],[-109.96284,42.76725],[-109.96808,42.7672],[-109.96773,42.77702],[-109.96993,42.77698],[-109.96998,42.7795],[-110.05165,42.77912],[-110.04656,42.82487],[-110.04942,42.83091],[-110.06035,42.83996],[-110.04397,42.84929],[-110.04293,42.85598],[-110.04458,42.86535],[-110.04177,42.86815],[-110.0371,42.86817],[-110.03903,42.87002],[-110.04862,42.86584],[-110.05628,42.86599],[-110.05801,42.8696],[-110.06901,42.87201],[-110.07179,42.87523],[-110.07168,42.88459],[-110.06954,42.89041],[-110.05211,42.88943],[-110.04309,42.89662],[-110.02499,42.90442],[-110.0079,42.9056],[-109.99789,42.90839],[-109.98933,42.90447],[-109.98413,42.90421],[-109.9811,42.90518],[-109.97657,42.92072],[-109.96952,42.91471],[-109.96615,42.91557],[-109.96376,42.91996],[-109.96548,42.92277],[-109.96463,42.92563],[-109.96976,42.92918],[-109.97106,42.93178],[-109.96945,42.92962],[-109.96695,42.93092],[-109.96804,42.93722],[-109.97018,42.93757],[-109.96921,42.93935],[-109.97377,42.94233],[-109.97219,42.95257],[-109.97818,42.95623],[-109.97845,42.96],[-109.98387,42.96944],[-109.98908,42.97044],[-109.98909,42.96044],[-110.00523,42.96043],[-110.01416,42.97315],[-109.98907,42.97314],[-109.98996,42.97926],[-109.99593,42.98675],[-110.00042,42.9904],[-110.01652,42.98423],[-110.04245,42.9819],[-110.04281,42.9963],[-110.05236,42.99625],[-110.05233,42.98191],[-110.057,42.98523],[-110.06216,42.98537],[-110.06395,42.97726],[-110.07442,42.97718],[-110.07464,42.98542],[-110.09266,42.98715],[-110.09611,42.99771],[-110.0942,42.9999],[-110.08441,43.0019],[-110.08445,43.00894],[-110.07963,43.00897],[-110.07962,43.01068],[-110.07738,43.01077],[-110.07709,43.01454],[-110.10886,43.01428],[-110.10809,43.00963],[-110.12102,43.0204],[-110.12983,43.03329],[-110.14859,43.04753],[-110.16529,43.06675],[-110.16586,43.07211],[-110.16276,43.08505],[-110.17421,43.11216],[-110.18693,43.11184],[-110.19282,43.10726],[-110.21332,43.11168],[-110.21358,43.11016],[-110.21755,43.10944],[-110.22676,43.11137],[-110.2289,43.11541],[-110.23225,43.1157],[-110.23242,43.1231],[-110.23909,43.12187],[-110.23959,43.12383],[-110.24748,43.1258],[-110.26626,43.136],[-110.27099,43.14208],[-110.28242,43.14861],[-110.29958,43.15193],[-110.30198,43.15586],[-110.3087,43.15562],[-110.30393,43.15747],[-110.29543,43.16809],[-110.27597,43.18249],[-110.26452,43.19523],[-110.26759,43.19865],[-110.26152,43.22015],[-110.26925,43.22084],[-110.27419,43.23317],[-110.28036,43.23518],[-110.27715,43.23898],[-110.29162,43.2354],[-110.29968,43.23076],[-110.30805,43.22957],[-110.32799,43.23253],[-110.34489,43.2306],[-110.35433,43.23189],[-110.35642,43.23819],[-110.36109,43.23983],[-110.36381,43.24852],[-110.37235,43.24883],[-110.3833,43.25945],[-110.38343,43.26598],[-110.38595,43.26838]]]}},{"type":"Feature","id":"83001","properties":{"zip":"83001","pop":null,"city":"Hoback","county":"Teton","state":"Wyoming","area":352.6,"lat":43.40945,"lon":-110.60911},"geometry":{"type":"Polygon","coordinates":[[[-110.85959,43.44404],[-110.85754,43.4539],[-110.85431,43.45932],[-110.85354,43.46462],[-110.85526,43.47067],[-110.85172,43.47646],[-110.85118,43.48522],[-110.84175,43.49501],[-110.83848,43.50182],[-110.83635,43.50225],[-110.83449,43.50927],[-110.83053,43.51297],[-110.83057,43.517],[-110.82577,43.52164],[-110.82063,43.53173],[-110.81137,43.53956],[-110.80769,43.53936],[-110.79937,43.54538],[-110.79874,43.55651],[-110.79631,43.55937],[-110.79886,43.56314],[-110.79772,43.56707],[-110.79387,43.57102],[-110.79174,43.57895],[-110.78694,43.58153],[-110.78728,43.58374],[-110.78322,43.58772],[-110.78428,43.58992],[-110.78159,43.59159],[-110.78127,43.59725],[-110.77768,43.60151],[-110.77606,43.60856],[-110.77351,43.60993],[-110.77127,43.61857],[-110.75778,43.62662],[-110.75717,43.62997],[-110.75992,43.63256],[-110.75737,43.63565],[-110.74204,43.64304],[-110.72839,43.6438],[-110.71623,43.64909],[-110.70928,43.66087],[-110.70234,43.66632],[-110.69902,43.6662],[-110.69551,43.66414],[-110.71319,43.64401],[-110.71956,43.62486],[-110.71043,43.62482],[-110.70835,43.62083],[-110.69679,43.62132],[-110.68414,43.62532],[-110.6389,43.62511],[-110.63884,43.62219],[-110.63233,43.61854],[-110.62471,43.62008],[-110.63546,43.61692],[-110.6224,43.62051],[-110.62375,43.61046],[-110.6369,43.59571],[-110.63496,43.587],[-110.63673,43.58028],[-110.64387,43.5748],[-110.66256,43.56794],[-110.67018,43.56166],[-110.67323,43.55263],[-110.64515,43.55259],[-110.66311,43.54769],[-110.66827,43.54432],[-110.64332,43.55258],[-110.60137,43.55265],[-110.59979,43.55161],[-110.60048,43.54655],[-110.59866,43.54548],[-110.57265,43.53885],[-110.56281,43.53944],[-110.54609,43.53043],[-110.53636,43.52219],[-110.53474,43.51701],[-110.53648,43.51069],[-110.53956,43.50649],[-110.54175,43.50731],[-110.54886,43.49316],[-110.54711,43.49171],[-110.5482,43.4841],[-110.54001,43.48283],[-110.53484,43.47796],[-110.52872,43.4676],[-110.52249,43.46363],[-110.51462,43.4645],[-110.5134,43.46304],[-110.50795,43.4652],[-110.49849,43.47865],[-110.5025,43.48759],[-110.49859,43.49044],[-110.48983,43.49115],[-110.48436,43.49771],[-110.47565,43.49816],[-110.47662,43.49648],[-110.4747,43.49563],[-110.46822,43.49828],[-110.4641,43.49777],[-110.45383,43.49411],[-110.43591,43.48366],[-110.42518,43.48215],[-110.40652,43.48324],[-110.40908,43.47824],[-110.40747,43.47629],[-110.40356,43.44503],[-110.40989,43.42814],[-110.40645,43.42097],[-110.40505,43.41073],[-110.39257,43.39637],[-110.38699,43.39487],[-110.37652,43.39649],[-110.3725,43.39533],[-110.36498,43.39854],[-110.34906,43.39945],[-110.34188,43.40139],[-110.32719,43.41334],[-110.31566,43.41402],[-110.3093,43.41971],[-110.30526,43.41907],[-110.29295,43.42379],[-110.28801,43.42224],[-110.27987,43.4235],[-110.28058,43.42507],[-110.27487,43.42971],[-110.28063,43.43156],[-110.2808,43.43786],[-110.26317,43.43487],[-110.2611,43.43105],[-110.25058,43.42971],[-110.24997,43.42478],[-110.24326,43.42591],[-110.23825,43.4235],[-110.22559,43.4231],[-110.22617,43.41901],[-110.22241,43.41826],[-110.22308,43.41641],[-110.21137,43.41432],[-110.20713,43.41167],[-110.20493,43.41369],[-110.19355,43.41034],[-110.17421,43.41302],[-110.17043,43.41509],[-110.16237,43.41425],[-110.15996,43.41206],[-110.15778,43.41309],[-110.15038,43.40848],[-110.14279,43.40732],[-110.14025,43.40232],[-110.13202,43.39803],[-110.13508,43.39643],[-110.13224,43.39245],[-110.1339,43.38834],[-110.12745,43.3864],[-110.12372,43.37906],[-110.34422,43.37792],[-110.34396,43.29116],[-110.57838,43.29164],[-110.57866,43.23522],[-110.81399,43.23518],[-110.81404,43.30234],[-110.80128,43.30067],[-110.80133,43.30701],[-110.80515,43.31819],[-110.80469,43.3247],[-110.79686,43.32958],[-110.82609,43.34832],[-110.83442,43.37192],[-110.82718,43.3867],[-110.83261,43.3941],[-110.82477,43.39741],[-110.81779,43.39648],[-110.81794,43.39969],[-110.82081,43.40364],[-110.8205,43.4063],[-110.82597,43.40963],[-110.82615,43.41539],[-110.82954,43.41677],[-110.83088,43.4215],[-110.84608,43.42626],[-110.85153,43.43395],[-110.85864,43.4367],[-110.85959,43.44404]]]}},{"type":"Feature","id":"83011","properties":{"zip":"83011","pop":null,"city":"","county":"Teton","state":"Wyoming","area":241.86,"lat":43.58834,"lon":-110.43194},"geometry":{"type":"Polygon","coordinates":[[[-110.67225,43.55831],[-110.66256,43.56794],[-110.64387,43.5748],[-110.63673,43.58028],[-110.63496,43.587],[-110.6369,43.59571],[-110.62375,43.61046],[-110.6224,43.62051],[-110.6274,43.61816],[-110.63546,43.61692],[-110.6275,43.61826],[-110.62471,43.62008],[-110.63233,43.61854],[-110.63884,43.62219],[-110.6389,43.62511],[-110.62511,43.62521],[-110.62372,43.62689],[-110.62386,43.65418],[-110.63374,43.66512],[-110.63478,43.69171],[-110.63371,43.6949],[-110.631,43.69546],[-110.62465,43.70233],[-110.6248,43.70585],[-110.61937,43.70587],[-110.61989,43.71265],[-110.61483,43.71292],[-110.61513,43.72416],[-110.60442,43.72456],[-110.60401,43.72781],[-110.59502,43.72789],[-110.59528,43.73506],[-110.60026,43.73511],[-110.60039,43.74235],[-110.58597,43.74244],[-110.57781,43.74396],[-110.57793,43.74752],[-110.56827,43.74758],[-110.56732,43.75535],[-110.55774,43.75545],[-110.55714,43.76932],[-110.54771,43.7695],[-110.54784,43.77664],[-110.49902,43.77623],[-110.49576,43.77362],[-110.4871,43.77172],[-110.484,43.77263],[-110.48395,43.77695],[-110.46758,43.77709],[-110.46749,43.7732],[-110.4483,43.77339],[-110.44837,43.7766],[-110.4288,43.77672],[-110.4288,43.78125],[-110.40003,43.77959],[-110.38797,43.78649],[-110.38275,43.78543],[-110.37985,43.78275],[-110.37244,43.7846],[-110.3642,43.78151],[-110.36155,43.78325],[-110.35128,43.7809],[-110.34372,43.78343],[-110.33852,43.77634],[-110.32772,43.77209],[-110.32783,43.76574],[-110.32464,43.76486],[-110.32058,43.75955],[-110.32091,43.7536],[-110.3147,43.74233],[-110.31512,43.73472],[-110.31368,43.73253],[-110.32296,43.73003],[-110.35337,43.73095],[-110.37185,43.72042],[-110.39939,43.71807],[-110.40512,43.71178],[-110.41542,43.70546],[-110.41803,43.69575],[-110.42504,43.69636],[-110.42246,43.69344],[-110.42357,43.68717],[-110.42069,43.68031],[-110.41715,43.67735],[-110.41607,43.67328],[-110.41219,43.67247],[-110.40884,43.66565],[-110.40345,43.66224],[-110.40023,43.65652],[-110.39986,43.65041],[-110.40466,43.64029],[-110.40195,43.63076],[-110.40491,43.62494],[-110.40279,43.62181],[-110.39891,43.62082],[-110.39448,43.62102],[-110.3922,43.62027],[-110.3871,43.62216],[-110.38974,43.62017],[-110.40249,43.61985],[-110.40101,43.61683],[-110.40296,43.61424],[-110.39376,43.60689],[-110.39549,43.60438],[-110.39297,43.60538],[-110.39149,43.59829],[-110.38609,43.59863],[-110.38038,43.59577],[-110.36975,43.59687],[-110.35969,43.59138],[-110.35318,43.59065],[-110.35237,43.5885],[-110.34083,43.58555],[-110.32703,43.58664],[-110.31771,43.57583],[-110.30594,43.57672],[-110.28772,43.56697],[-110.28238,43.56699],[-110.28678,43.56215],[-110.28077,43.55919],[-110.27457,43.5598],[-110.26957,43.553],[-110.26186,43.55361],[-110.25137,43.56122],[-110.24182,43.56298],[-110.2326,43.5557],[-110.22183,43.5567],[-110.22285,43.55487],[-110.21774,43.55469],[-110.20978,43.54724],[-110.20649,43.54632],[-110.20085,43.53916],[-110.19386,43.53603],[-110.19385,43.53406],[-110.20191,43.53883],[-110.21129,43.54763],[-110.22471,43.54288],[-110.22489,43.53732],[-110.22933,43.53586],[-110.23048,43.53322],[-110.22887,43.53224],[-110.23291,43.52924],[-110.23314,43.52679],[-110.23117,43.52615],[-110.23338,43.52469],[-110.23095,43.52295],[-110.23537,43.52102],[-110.23203,43.51548],[-110.2345,43.51473],[-110.22903,43.51249],[-110.22554,43.50449],[-110.22704,43.50332],[-110.2247,43.50256],[-110.22645,43.50137],[-110.22427,43.50121],[-110.2263,43.49825],[-110.22317,43.49638],[-110.21855,43.49827],[-110.21361,43.49086],[-110.20446,43.48932],[-110.20773,43.48716],[-110.20704,43.48544],[-110.19959,43.48047],[-110.19891,43.47606],[-110.19452,43.47663],[-110.19478,43.47467],[-110.18852,43.47286],[-110.18845,43.46997],[-110.18142,43.46955],[-110.17796,43.46445],[-110.17225,43.46264],[-110.17188,43.46054],[-110.15996,43.45704],[-110.1598,43.44729],[-110.15561,43.44134],[-110.15487,43.43489],[-110.15676,43.43132],[-110.1531,43.42332],[-110.16075,43.41603],[-110.16303,43.41702],[-110.16237,43.41425],[-110.17043,43.41509],[-110.17421,43.41302],[-110.19631,43.41013],[-110.20493,43.41369],[-110.20713,43.41167],[-110.21137,43.41432],[-110.22308,43.41641],[-110.22241,43.41826],[-110.22617,43.41901],[-110.22559,43.4231],[-110.23825,43.4235],[-110.24326,43.42591],[-110.24997,43.42478],[-110.25058,43.42971],[-110.2611,43.43105],[-110.26317,43.43487],[-110.2808,43.43786],[-110.28063,43.43156],[-110.27487,43.42971],[-110.28058,43.42507],[-110.27987,43.4235],[-110.28801,43.42224],[-110.29295,43.42379],[-110.30526,43.41907],[-110.3093,43.41971],[-110.31566,43.41402],[-110.32719,43.41334],[-110.34188,43.40139],[-110.34906,43.39945],[-110.36498,43.39854],[-110.3725,43.39533],[-110.37652,43.39649],[-110.38699,43.39487],[-110.39257,43.39637],[-110.39602,43.40147],[-110.40026,43.40361],[-110.40505,43.41073],[-110.40645,43.42097],[-110.40989,43.42814],[-110.40356,43.44503],[-110.40747,43.47629],[-110.40908,43.47824],[-110.40652,43.48324],[-110.42518,43.48215],[-110.43591,43.48366],[-110.45383,43.49411],[-110.4641,43.49777],[-110.46822,43.49828],[-110.4747,43.49563],[-110.47662,43.49648],[-110.47565,43.49816],[-110.48436,43.49771],[-110.48983,43.49115],[-110.49859,43.49044],[-110.5025,43.48759],[-110.49849,43.47865],[-110.50795,43.4652],[-110.5134,43.46304],[-110.51462,43.4645],[-110.52249,43.46363],[-110.52872,43.4676],[-110.53484,43.47796],[-110.54001,43.48283],[-110.5482,43.4841],[-110.54711,43.49171],[-110.54886,43.49316],[-110.54175,43.50731],[-110.53956,43.50649],[-110.53648,43.51069],[-110.53474,43.51701],[-110.53636,43.52219],[-110.54609,43.53043],[-110.56281,43.53944],[-110.57265,43.53885],[-110.59866,43.54548],[-110.60048,43.54655],[-110.59979,43.55161],[-110.60137,43.55265],[-110.64332,43.55258],[-110.66827,43.54432],[-110.66311,43.54769],[-110.64515,43.55259],[-110.67323,43.55263],[-110.67225,43.55831]]]}},{"type":"Feature","id":"83012","properties":{"zip":"83012","pop":null,"city":"","county":"Teton","state":"Wyoming","area":106.52,"lat":43.70734,"lon":-110.75037},"geometry":{"type":"Polygon","coordinates":[[[-110.94568,43.62254],[-110.94118,43.6226],[-110.93516,43.62789],[-110.92364,43.63081],[-110.91314,43.6306],[-110.9091,43.63463],[-110.90141,43.63184],[-110.90496,43.63802],[-110.9112,43.64227],[-110.90944,43.6445],[-110.91326,43.64987],[-110.91142,43.6527],[-110.90553,43.65368],[-110.90963,43.65939],[-110.90674,43.66584],[-110.90718,43.67049],[-110.89702,43.67249],[-110.89248,43.68234],[-110.88935,43.6803],[-110.88289,43.6853],[-110.87917,43.68337],[-110.86668,43.68383],[-110.86382,43.68125],[-110.86124,43.68905],[-110.83622,43.68361],[-110.82407,43.69073],[-110.83109,43.69936],[-110.82921,43.70004],[-110.83432,43.70395],[-110.83839,43.70433],[-110.84038,43.70869],[-110.83806,43.71612],[-110.84078,43.71927],[-110.85193,43.72476],[-110.84848,43.73228],[-110.85339,43.74039],[-110.85139,43.74589],[-110.85221,43.75164],[-110.8558,43.7579],[-110.85316,43.76168],[-110.85412,43.76311],[-110.84972,43.76476],[-110.84604,43.7698],[-110.84898,43.77464],[-110.85286,43.77673],[-110.85495,43.78877],[-110.85914,43.79016],[-110.86076,43.79306],[-110.85795,43.80201],[-110.87053,43.80493],[-110.87055,43.80593],[-110.84803,43.80889],[-110.84344,43.81124],[-110.81484,43.81099],[-110.77471,43.81896],[-110.76335,43.81822],[-110.75379,43.81453],[-110.74202,43.81606],[-110.72637,43.81348],[-110.72396,43.81032],[-110.72624,43.79927],[-110.72873,43.79698],[-110.72665,43.79463],[-110.72716,43.79233],[-110.73015,43.79142],[-110.73304,43.787],[-110.72783,43.78456],[-110.73112,43.77809],[-110.72325,43.77691],[-110.71872,43.77141],[-110.7169,43.76539],[-110.72032,43.75674],[-110.7239,43.75428],[-110.72546,43.75094],[-110.72414,43.74835],[-110.72675,43.74553],[-110.72422,43.74429],[-110.72052,43.74852],[-110.69545,43.73906],[-110.67505,43.74674],[-110.66844,43.75243],[-110.66476,43.74697],[-110.67565,43.73018],[-110.68578,43.70819],[-110.69347,43.69823],[-110.69876,43.69589],[-110.70535,43.69875],[-110.72609,43.69895],[-110.73036,43.69605],[-110.73056,43.69179],[-110.72762,43.68626],[-110.71926,43.68396],[-110.71273,43.67807],[-110.70545,43.67595],[-110.70707,43.67271],[-110.70541,43.66827],[-110.70409,43.6756],[-110.70039,43.68068],[-110.70156,43.68489],[-110.69409,43.68902],[-110.69367,43.69417],[-110.68798,43.69738],[-110.68952,43.70035],[-110.6875,43.70082],[-110.68628,43.70706],[-110.67589,43.71477],[-110.67793,43.72106],[-110.67642,43.72475],[-110.66676,43.73023],[-110.66644,43.7333],[-110.66056,43.73842],[-110.65942,43.74282],[-110.65448,43.74391],[-110.64994,43.75],[-110.64296,43.75383],[-110.62764,43.75365],[-110.62708,43.76136],[-110.61538,43.75836],[-110.59514,43.76457],[-110.59423,43.7756],[-110.58312,43.78015],[-110.58308,43.78503],[-110.57893,43.79089],[-110.5788,43.79702],[-110.57092,43.80139],[-110.5616,43.79972],[-110.56092,43.80743],[-110.55833,43.81046],[-110.55037,43.8103],[-110.5486,43.80853],[-110.54612,43.79726],[-110.54137,43.79204],[-110.53532,43.78886],[-110.52627,43.78761],[-110.50129,43.77939],[-110.49825,43.77687],[-110.54784,43.77664],[-110.54771,43.7695],[-110.55714,43.76932],[-110.55774,43.75545],[-110.56732,43.75535],[-110.56827,43.74758],[-110.57793,43.74752],[-110.57781,43.74396],[-110.58597,43.74244],[-110.60039,43.74235],[-110.60026,43.73511],[-110.59528,43.73506],[-110.59502,43.72789],[-110.60401,43.72781],[-110.60442,43.72456],[-110.61513,43.72416],[-110.61483,43.71292],[-110.61989,43.71265],[-110.61937,43.70587],[-110.6248,43.70585],[-110.62465,43.70233],[-110.631,43.69546],[-110.63371,43.6949],[-110.63478,43.69171],[-110.63374,43.66512],[-110.62386,43.65418],[-110.62372,43.62689],[-110.62511,43.62521],[-110.68414,43.62532],[-110.69679,43.62132],[-110.70835,43.62083],[-110.71043,43.62482],[-110.71956,43.62486],[-110.71319,43.64401],[-110.69551,43.66414],[-110.70234,43.66632],[-110.71233,43.65743],[-110.71623,43.64909],[-110.72839,43.6438],[-110.74204,43.64304],[-110.74948,43.64043],[-110.75992,43.63256],[-110.75717,43.62997],[-110.75921,43.62493],[-110.76597,43.62146],[-110.77266,43.6212],[-110.79341,43.60476],[-110.7927,43.60734],[-110.7957,43.60813],[-110.80524,43.60635],[-110.80622,43.61041],[-110.81462,43.6178],[-110.83526,43.61443],[-110.84488,43.61655],[-110.8736,43.61684],[-110.89164,43.61247],[-110.90046,43.61358],[-110.9177,43.62007],[-110.92367,43.61948],[-110.92436,43.61268],[-110.93061,43.61538],[-110.93858,43.61074],[-110.94223,43.61311],[-110.94568,43.62254]]]}},{"type":"Feature","id":"83113","properties":{"zip":"83113","pop":null,"city":"","county":"Sublette","state":"Wyoming","area":709.73,"lat":42.55197,"lon":-110.25208},"geometry":{"type":"Polygon","coordinates":[[[-110.60511,42.77916],[-110.58766,42.77919],[-110.58795,42.84291],[-110.58319,42.83888],[-110.57523,42.84386],[-110.55068,42.83886],[-110.5318,42.82898],[-110.52718,42.82422],[-110.52914,42.82242],[-110.52536,42.82125],[-110.52627,42.8181],[-110.51629,42.81433],[-110.50879,42.80625],[-110.49393,42.79988],[-110.46707,42.80302],[-110.45106,42.815],[-110.42151,42.83001],[-110.38206,42.83342],[-110.36206,42.83312],[-110.36544,42.83066],[-110.36382,42.83029],[-110.36739,42.82915],[-110.36668,42.82766],[-110.36991,42.82256],[-110.37336,42.80274],[-110.36448,42.80302],[-110.35103,42.80698],[-110.35081,42.79463],[-110.32874,42.79794],[-110.29872,42.79493],[-110.28574,42.79807],[-110.27679,42.80584],[-110.26303,42.80461],[-110.23932,42.80838],[-110.23129,42.80725],[-110.22048,42.81081],[-110.21053,42.80539],[-110.20159,42.80341],[-110.19953,42.80101],[-110.19585,42.80241],[-110.19253,42.80078],[-110.19469,42.79908],[-110.18465,42.79449],[-110.183,42.79075],[-110.18041,42.79022],[-110.17902,42.78499],[-110.17379,42.78383],[-110.17343,42.7817],[-110.1701,42.78306],[-110.1691,42.78048],[-110.15867,42.77756],[-110.16014,42.77695],[-110.15849,42.77611],[-110.1479,42.77665],[-110.14596,42.77477],[-110.13926,42.77612],[-110.13541,42.77293],[-110.13696,42.77077],[-110.12,42.76727],[-110.11957,42.76384],[-110.11797,42.76497],[-110.11654,42.76266],[-110.10599,42.76239],[-110.09701,42.75902],[-110.0879,42.75233],[-110.08061,42.75124],[-110.08086,42.74969],[-110.07827,42.74948],[-110.07483,42.74568],[-110.07198,42.74573],[-110.07062,42.73965],[-110.06645,42.74456],[-110.05522,42.73519],[-110.05316,42.73963],[-110.04871,42.74128],[-110.03388,42.73946],[-110.0161,42.74099],[-110.0168,42.74427],[-110.02324,42.74815],[-110.02144,42.75178],[-110.02267,42.75987],[-110.02079,42.76305],[-110.0214,42.76604],[-110.02557,42.76995],[-110.02418,42.77774],[-110.01917,42.77922],[-109.96998,42.7795],[-109.96993,42.77698],[-109.96773,42.77702],[-109.96808,42.7672],[-109.95905,42.76578],[-109.95906,42.77793],[-109.95384,42.77482],[-109.9529,42.76787],[-109.94123,42.75756],[-109.94672,42.73566],[-109.94385,42.72891],[-109.92955,42.72681],[-109.92955,42.70041],[-109.93523,42.6942],[-109.93516,42.68938],[-109.92838,42.68117],[-109.92843,42.66989],[-109.89025,42.6697],[-109.89021,42.65483],[-109.83871,42.65237],[-109.83795,42.64737],[-109.8436,42.64452],[-109.84571,42.63953],[-109.85028,42.63673],[-109.85229,42.63148],[-109.85234,42.62099],[-109.84836,42.61641],[-109.85013,42.61198],[-109.85463,42.60883],[-109.85549,42.60135],[-109.85843,42.59724],[-109.85611,42.59291],[-109.85815,42.58968],[-109.86853,42.58958],[-109.87738,42.59302],[-109.88597,42.5878],[-109.89149,42.58875],[-109.90489,42.58638],[-109.91006,42.58767],[-109.90902,42.58279],[-109.9115,42.581],[-109.91462,42.58149],[-109.91714,42.58513],[-109.91921,42.58465],[-109.92105,42.57977],[-109.92352,42.57675],[-109.92718,42.57647],[-109.92985,42.57146],[-109.92847,42.56497],[-109.92978,42.56276],[-109.93444,42.56217],[-109.94383,42.55647],[-109.94482,42.55156],[-109.94969,42.54878],[-109.95332,42.54905],[-109.95501,42.55185],[-109.95618,42.54946],[-109.96079,42.54805],[-109.98042,42.55531],[-109.98991,42.55436],[-109.99617,42.55049],[-109.99969,42.53912],[-109.99604,42.53422],[-109.99481,42.52779],[-109.9969,42.52401],[-110.00955,42.52846],[-110.01376,42.52236],[-110.02691,42.52018],[-110.03121,42.52374],[-110.03957,42.52342],[-110.04593,42.52744],[-110.06022,42.52673],[-110.07,42.52424],[-110.07613,42.51491],[-110.07225,42.50645],[-110.07609,42.49994],[-110.06801,42.48989],[-110.06723,42.48271],[-110.07328,42.48274],[-110.07606,42.48071],[-110.07037,42.47594],[-110.07002,42.47172],[-110.07412,42.46982],[-110.0712,42.46422],[-110.07191,42.46151],[-110.07736,42.45997],[-110.07878,42.45873],[-110.07212,42.46088],[-110.07056,42.46282],[-110.0568,42.46206],[-110.05448,42.45412],[-110.05918,42.44111],[-110.06631,42.43663],[-110.07225,42.42732],[-110.07281,42.4156],[-110.07112,42.41394],[-110.04982,42.41648],[-110.04309,42.41409],[-110.03056,42.41654],[-109.99838,42.43323],[-109.98831,42.4358],[-109.9705,42.43249],[-109.96297,42.42681],[-109.9565,42.42478],[-109.95087,42.41855],[-109.93727,42.415],[-109.93428,42.41182],[-109.94172,42.40913],[-109.94296,42.3997],[-109.94833,42.38827],[-109.95348,42.38078],[-109.96672,42.37047],[-109.9684,42.36539],[-109.97625,42.35919],[-109.97708,42.35664],[-109.98642,42.36066],[-109.99994,42.36275],[-110.00272,42.36579],[-110.01265,42.3702],[-110.03089,42.37593],[-110.03524,42.37534],[-110.0348,42.36637],[-110.02818,42.34729],[-110.00539,42.34294],[-110.02132,42.33467],[-110.02411,42.3301],[-110.03106,42.32882],[-110.03589,42.3246],[-110.05604,42.33027],[-110.07313,42.33],[-110.08205,42.33191],[-110.13755,42.33142],[-110.14439,42.32463],[-110.13812,42.324],[-110.13795,42.3204],[-110.15403,42.31774],[-110.15569,42.31595],[-110.14964,42.30319],[-110.15858,42.29647],[-110.16112,42.29164],[-110.17093,42.28327],[-110.1757,42.27081],[-110.20692,42.27064],[-110.20652,42.27654],[-110.42492,42.27614],[-110.42341,42.27965],[-110.42594,42.28034],[-110.42774,42.28582],[-110.43102,42.28659],[-110.43249,42.28945],[-110.44652,42.29735],[-110.44904,42.30049],[-110.45405,42.30169],[-110.45355,42.30325],[-110.46273,42.30417],[-110.46964,42.30772],[-110.47147,42.30639],[-110.47748,42.31188],[-110.48795,42.31374],[-110.49489,42.31936],[-110.50004,42.32086],[-110.50181,42.32534],[-110.50728,42.32931],[-110.52196,42.33082],[-110.52903,42.33489],[-110.53683,42.35963],[-110.54261,42.36442],[-110.54333,42.44854],[-110.5538,42.44851],[-110.56424,42.45698],[-110.56758,42.46374],[-110.57381,42.46824],[-110.58186,42.47833],[-110.57719,42.47784],[-110.57626,42.48192],[-110.56293,42.47903],[-110.56068,42.48226],[-110.54984,42.48201],[-110.54578,42.48448],[-110.53134,42.48738],[-110.51632,42.50324],[-110.51432,42.50753],[-110.51565,42.50782],[-110.50899,42.51047],[-110.47649,42.51119],[-110.46801,42.50825],[-110.45853,42.50757],[-110.4443,42.51146],[-110.42735,42.52227],[-110.43563,42.52172],[-110.43566,42.52005],[-110.43615,42.52178],[-110.43254,42.52569],[-110.45551,42.52309],[-110.45786,42.52441],[-110.45524,42.52773],[-110.47012,42.53136],[-110.46708,42.53262],[-110.46137,42.54212],[-110.46778,42.54507],[-110.4682,42.54816],[-110.48685,42.54666],[-110.52321,42.55986],[-110.56031,42.55831],[-110.56625,42.55551],[-110.58199,42.55492],[-110.59015,42.55154],[-110.59005,42.59339],[-110.57425,42.59539],[-110.56469,42.59985],[-110.56648,42.60393],[-110.53994,42.61714],[-110.52636,42.61905],[-110.51901,42.62317],[-110.50497,42.6213],[-110.5159,42.63394],[-110.5156,42.64065],[-110.50844,42.65021],[-110.51232,42.6506],[-110.49975,42.65178],[-110.49119,42.65761],[-110.4853,42.65931],[-110.48805,42.66301],[-110.48193,42.66016],[-110.48138,42.65438],[-110.47827,42.65175],[-110.46213,42.64228],[-110.44261,42.64247],[-110.42256,42.64839],[-110.41004,42.65793],[-110.39665,42.6646],[-110.40203,42.6666],[-110.38625,42.67242],[-110.41334,42.67231],[-110.45026,42.68253],[-110.45835,42.68102],[-110.46672,42.68232],[-110.47667,42.68024],[-110.48327,42.68175],[-110.49432,42.68888],[-110.49153,42.69359],[-110.49144,42.69889],[-110.47357,42.70518],[-110.46203,42.70326],[-110.46036,42.70686],[-110.45805,42.7075],[-110.42242,42.70925],[-110.42098,42.71648],[-110.42452,42.71867],[-110.41972,42.72204],[-110.43409,42.72154],[-110.44847,42.72837],[-110.44825,42.73281],[-110.45575,42.73391],[-110.45215,42.73808],[-110.4336,42.74336],[-110.43918,42.74527],[-110.43816,42.74844],[-110.44019,42.74962],[-110.43859,42.7512],[-110.44207,42.75278],[-110.4418,42.75625],[-110.45607,42.76024],[-110.45389,42.76597],[-110.44624,42.77136],[-110.44967,42.78121],[-110.45212,42.78283],[-110.48996,42.77455],[-110.4992,42.7698],[-110.50935,42.76897],[-110.51411,42.76576],[-110.52282,42.7651],[-110.52491,42.76332],[-110.53719,42.76489],[-110.5463,42.75981],[-110.55505,42.7591],[-110.56555,42.75552],[-110.5829,42.75941],[-110.58725,42.76475],[-110.60175,42.77316],[-110.60511,42.77916]]]}},{"type":"Feature","id":"83114","properties":{"zip":"83114","pop":null,"city":"","county":"Lincoln","state":"Wyoming","area":261.18,"lat":42.09733,"lon":-110.956},"geometry":{"type":"Polygon","coordinates":[[[-111.04711,42.14897],[-111.04699,42.40085],[-111.03167,42.40428],[-111.02185,42.40044],[-110.99141,42.40116],[-110.99142,42.39982],[-110.9817,42.39634],[-110.97974,42.39276],[-110.96308,42.38794],[-110.95528,42.39123],[-110.93127,42.3871],[-110.92437,42.37912],[-110.92298,42.37445],[-110.9179,42.37112],[-110.92313,42.35742],[-110.9215,42.35213],[-110.92287,42.35021],[-110.9099,42.34854],[-110.90991,42.34017],[-110.91293,42.34079],[-110.91453,42.33692],[-110.91299,42.3323],[-110.91543,42.32549],[-110.91466,42.31894],[-110.90985,42.32144],[-110.90665,42.31803],[-110.90573,42.31215],[-110.89876,42.30565],[-110.89449,42.28748],[-110.89043,42.27883],[-110.89056,42.2714],[-110.8796,42.26851],[-110.87753,42.27075],[-110.87839,42.2748],[-110.87189,42.27657],[-110.87418,42.28564],[-110.87236,42.28629],[-110.86852,42.27802],[-110.87029,42.2746],[-110.87035,42.26167],[-110.86738,42.2629],[-110.86752,42.25099],[-110.87233,42.24349],[-110.87218,42.2352],[-110.87043,42.23309],[-110.85788,42.23814],[-110.86049,42.23619],[-110.8588,42.2332],[-110.85523,42.23226],[-110.85778,42.22738],[-110.85354,42.21743],[-110.86103,42.21626],[-110.86777,42.21106],[-110.87443,42.20991],[-110.87734,42.19744],[-110.87756,42.1856],[-110.87974,42.18094],[-110.87236,42.18429],[-110.8432,42.18571],[-110.837,42.19651],[-110.83676,42.18957],[-110.81392,42.18958],[-110.81441,42.15759],[-110.79488,42.15806],[-110.79606,42.10088],[-110.8685,42.10126],[-110.8689,42.08141],[-110.88336,42.08589],[-110.88408,42.0726],[-110.90238,42.07519],[-110.91616,42.07462],[-110.91836,42.07664],[-110.91161,42.05632],[-110.912,42.05108],[-110.91511,42.04842],[-110.9288,42.05308],[-110.92664,42.04972],[-110.92861,42.04756],[-110.92677,42.04744],[-110.92246,42.04123],[-110.92334,42.03773],[-110.91393,42.03649],[-110.90734,42.02926],[-110.90551,42.02247],[-110.90606,42.01397],[-110.90165,41.99528],[-110.89883,41.993],[-110.89577,41.9838],[-110.89029,41.97778],[-110.89338,41.96529],[-110.89112,41.95838],[-110.89707,41.95353],[-110.899,41.94766],[-110.90084,41.94698],[-110.90044,41.94433],[-110.91383,41.91325],[-110.91095,41.9127],[-110.9063,41.90607],[-110.90194,41.9048],[-110.89792,41.8973],[-110.89278,41.89264],[-110.88819,41.89167],[-110.88735,41.888],[-110.88097,41.88382],[-110.8819,41.88184],[-110.87251,41.87259],[-110.87252,41.86986],[-110.86748,41.87065],[-110.86758,41.82293],[-110.85027,41.82537],[-110.83687,41.82283],[-110.82646,41.8246],[-110.81944,41.82325],[-110.81296,41.82612],[-110.80981,41.82534],[-110.80568,41.81953],[-110.77144,41.8237],[-110.7355,41.823],[-110.71957,41.81593],[-110.74337,41.81499],[-110.76434,41.80731],[-110.78015,41.80942],[-110.78957,41.80557],[-110.80073,41.80491],[-110.80281,41.80272],[-110.81492,41.80077],[-110.81584,41.80342],[-110.81923,41.80503],[-110.82042,41.80292],[-110.82736,41.80187],[-110.82601,41.79729],[-110.83036,41.79626],[-110.83684,41.78899],[-110.8517,41.79278],[-110.85849,41.79944],[-110.85666,41.80376],[-110.85939,41.81604],[-110.87309,41.81909],[-110.87306,41.82242],[-110.88631,41.82111],[-110.91878,41.8254],[-110.94351,41.82092],[-110.94384,41.82642],[-110.94093,41.82793],[-110.94078,41.83133],[-110.9522,41.82944],[-110.95449,41.82475],[-110.98081,41.82506],[-110.98268,41.82659],[-110.98452,41.81983],[-110.98255,41.8156],[-111.0183,41.79239],[-111.0243,41.79708],[-111.02374,41.80314],[-111.02622,41.80923],[-111.03486,41.80767],[-111.03092,41.81224],[-111.04632,41.81774],[-111.04711,42.14897]]]}},{"type":"Feature","id":"82051","properties":{"zip":"82051","pop":null,"city":"","county":"Albany","state":"Wyoming","area":173.1,"lat":41.60051,"lon":-105.64731},"geometry":{"type":"Polygon","coordinates":[[[-105.87992,41.59671],[-105.87713,41.60627],[-105.86435,41.61159],[-105.85451,41.61826],[-105.86487,41.63053],[-105.86676,41.63477],[-105.86537,41.63614],[-105.87105,41.6441],[-105.86631,41.64728],[-105.86739,41.65162],[-105.86376,41.65671],[-105.85378,41.65692],[-105.84807,41.65489],[-105.84351,41.65843],[-105.83499,41.67262],[-105.8389,41.68057],[-105.82894,41.6835],[-105.828,41.68528],[-105.80838,41.67608],[-105.79944,41.66883],[-105.76426,41.67229],[-105.75279,41.6767],[-105.7493,41.67129],[-105.74011,41.67241],[-105.74323,41.67695],[-105.74699,41.67819],[-105.74618,41.68031],[-105.73972,41.68032],[-105.73601,41.68488],[-105.73721,41.69016],[-105.74068,41.69226],[-105.7359,41.69333],[-105.7357,41.7007],[-105.72245,41.70297],[-105.72256,41.70667],[-105.71809,41.71043],[-105.70302,41.71309],[-105.7004,41.71968],[-105.6969,41.71924],[-105.69631,41.71603],[-105.69197,41.71585],[-105.69134,41.71987],[-105.68367,41.72113],[-105.68235,41.72026],[-105.68326,41.71758],[-105.67959,41.71835],[-105.67893,41.71592],[-105.67628,41.71517],[-105.68183,41.71254],[-105.68329,41.70955],[-105.68697,41.71097],[-105.68995,41.70852],[-105.69133,41.70533],[-105.69006,41.70062],[-105.6867,41.69537],[-105.67035,41.68605],[-105.63654,41.68624],[-105.63638,41.7165],[-105.6107,41.70377],[-105.6002,41.69389],[-105.56921,41.67885],[-105.53414,41.65829],[-105.49375,41.64752],[-105.48106,41.64634],[-105.45782,41.63746],[-105.44173,41.62642],[-105.43463,41.62536],[-105.42627,41.6195],[-105.43234,41.6136],[-105.48822,41.61354],[-105.48587,41.60691],[-105.489,41.60124],[-105.48801,41.59078],[-105.47515,41.59436],[-105.46239,41.59274],[-105.4476,41.59468],[-105.44225,41.59356],[-105.44197,41.59089],[-105.43566,41.58954],[-105.43094,41.59085],[-105.42442,41.59694],[-105.42071,41.5981],[-105.41132,41.59385],[-105.39323,41.60446],[-105.38092,41.6037],[-105.36513,41.60572],[-105.35315,41.60115],[-105.35513,41.59612],[-105.35354,41.59008],[-105.35518,41.5849],[-105.35082,41.5872],[-105.34318,41.58539],[-105.34523,41.58477],[-105.34626,41.58139],[-105.3556,41.58083],[-105.35955,41.57689],[-105.35958,41.5732],[-105.36416,41.57179],[-105.37584,41.57143],[-105.37677,41.57358],[-105.38265,41.56951],[-105.39282,41.57286],[-105.42144,41.57201],[-105.42057,41.5691],[-105.4388,41.56177],[-105.44387,41.55341],[-105.44495,41.54126],[-105.47513,41.54018],[-105.4846,41.53775],[-105.48469,41.53507],[-105.48701,41.53415],[-105.49533,41.53408],[-105.4982,41.53559],[-105.49961,41.53909],[-105.50774,41.54236],[-105.52955,41.53902],[-105.55324,41.51754],[-105.55805,41.51112],[-105.55808,41.50594],[-105.57435,41.50755],[-105.58039,41.50586],[-105.58478,41.50171],[-105.59329,41.49797],[-105.64904,41.49799],[-105.68319,41.55467],[-105.68803,41.54769],[-105.6865,41.5459],[-105.68046,41.54782],[-105.68014,41.54578],[-105.68354,41.53771],[-105.68776,41.53916],[-105.68914,41.53629],[-105.68527,41.53321],[-105.6856,41.53097],[-105.69189,41.52809],[-105.69772,41.52957],[-105.69883,41.52821],[-105.69714,41.52595],[-105.70024,41.5246],[-105.70762,41.52638],[-105.71423,41.52096],[-105.71566,41.51602],[-105.71163,41.5098],[-105.71344,41.50769],[-105.71601,41.50767],[-105.71918,41.51175],[-105.72377,41.50989],[-105.72321,41.50699],[-105.71868,41.50528],[-105.71948,41.5022],[-105.72388,41.50236],[-105.72649,41.50739],[-105.72946,41.50636],[-105.73185,41.50093],[-105.73412,41.50369],[-105.74653,41.5037],[-105.75196,41.49526],[-105.7518,41.47122],[-105.79102,41.50827],[-105.79052,41.52437],[-105.78503,41.52731],[-105.7658,41.52709],[-105.76852,41.53785],[-105.77503,41.55072],[-105.7852,41.55112],[-105.79088,41.54801],[-105.79115,41.57463],[-105.80044,41.57475],[-105.80529,41.57904],[-105.80563,41.58337],[-105.80852,41.5855],[-105.84178,41.57441],[-105.84873,41.57051],[-105.85186,41.56523],[-105.88101,41.59264],[-105.87992,41.59671]]]}},{"type":"Feature","id":"82058","properties":{"zip":"82058","pop":null,"city":"","county":"Albany","state":"Wyoming","area":148.83,"lat":42.1382,"lon":-105.63362},"geometry":{"type":"Polygon","coordinates":[[[-105.85817,42.27217],[-105.85189,42.28131],[-105.84476,42.3116],[-105.84247,42.31353],[-105.84059,42.32122],[-105.83791,42.32197],[-105.83548,42.32653],[-105.84427,42.32847],[-105.84593,42.33028],[-105.84422,42.33366],[-105.83785,42.33538],[-105.83622,42.33851],[-105.81947,42.34092],[-105.81034,42.33715],[-105.79932,42.33978],[-105.79547,42.33679],[-105.77496,42.34021],[-105.76635,42.34576],[-105.76282,42.35571],[-105.73006,42.37506],[-105.72457,42.37616],[-105.72501,42.37863],[-105.70311,42.38626],[-105.70641,42.38059],[-105.70239,42.37746],[-105.70575,42.37116],[-105.6946,42.36684],[-105.70389,42.35721],[-105.70943,42.34247],[-105.70861,42.33539],[-105.711,42.32648],[-105.7111,42.30385],[-105.71279,42.2976],[-105.71076,42.29565],[-105.71062,42.2844],[-105.70575,42.28045],[-105.70014,42.27943],[-105.69505,42.2883],[-105.68168,42.2994],[-105.65493,42.31154],[-105.65315,42.31029],[-105.65342,42.30558],[-105.6583,42.29457],[-105.65673,42.28947],[-105.65781,42.2835],[-105.65094,42.28488],[-105.64629,42.28009],[-105.65688,42.27236],[-105.65019,42.26361],[-105.64697,42.24765],[-105.64146,42.24467],[-105.63117,42.24277],[-105.62996,42.24073],[-105.63301,42.24112],[-105.63473,42.23877],[-105.62782,42.23865],[-105.62019,42.23405],[-105.62876,42.22019],[-105.63294,42.21739],[-105.63295,42.16921],[-105.61892,42.17541],[-105.61494,42.18096],[-105.61157,42.18153],[-105.59483,42.198],[-105.57932,42.21731],[-105.53587,42.21682],[-105.53614,42.26972],[-105.52714,42.277],[-105.51507,42.27852],[-105.50572,42.27553],[-105.5038,42.27061],[-105.50416,42.26312],[-105.49877,42.25719],[-105.49731,42.25071],[-105.50129,42.24843],[-105.50763,42.23905],[-105.50638,42.23133],[-105.51764,42.22251],[-105.51741,42.21859],[-105.52397,42.21252],[-105.52574,42.20816],[-105.53407,42.20278],[-105.53226,42.19453],[-105.52378,42.19192],[-105.5252,42.18333],[-105.52955,42.17786],[-105.54397,42.17446],[-105.55176,42.16584],[-105.55549,42.16457],[-105.55877,42.15613],[-105.5577,42.15205],[-105.56088,42.14904],[-105.55227,42.14125],[-105.55932,42.13943],[-105.5591,42.13695],[-105.56878,42.13128],[-105.56825,42.12811],[-105.57049,42.12672],[-105.57714,42.1276],[-105.57597,42.12586],[-105.58238,42.12367],[-105.58212,42.12567],[-105.58479,42.12637],[-105.58989,42.12218],[-105.59591,42.12074],[-105.5931,42.1193],[-105.59497,42.1167],[-105.60346,42.11083],[-105.61033,42.11234],[-105.61667,42.10797],[-105.61276,42.10502],[-105.61017,42.09846],[-105.60438,42.0936],[-105.58746,42.08825],[-105.57564,42.09001],[-105.56961,42.08596],[-105.56488,42.07868],[-105.56684,42.0676],[-105.56946,42.06303],[-105.56459,42.06094],[-105.56465,42.04967],[-105.56087,42.03731],[-105.56794,42.03259],[-105.56977,42.02624],[-105.57107,42.00113],[-105.56755,41.98883],[-105.56753,41.98425],[-105.56968,41.98117],[-105.56891,41.96095],[-105.56315,41.95995],[-105.54911,41.96187],[-105.54851,41.96691],[-105.53692,41.9787],[-105.51964,41.98376],[-105.5113,41.97998],[-105.50303,41.98322],[-105.49884,41.98191],[-105.49371,41.98307],[-105.49136,41.98291],[-105.48916,41.97931],[-105.48313,41.98126],[-105.4829,41.9797],[-105.46315,41.97806],[-105.45922,41.97594],[-105.4584,41.97017],[-105.45217,41.97247],[-105.45276,41.96726],[-105.4412,41.96609],[-105.44665,41.96245],[-105.44689,41.96093],[-105.44391,41.95965],[-105.44572,41.95603],[-105.43396,41.95406],[-105.41903,41.9561],[-105.41234,41.95388],[-105.41337,41.93762],[-105.41853,41.92987],[-105.37526,41.92242],[-105.38356,41.91409],[-105.36964,41.90832],[-105.37366,41.90848],[-105.39569,41.90059],[-105.43881,41.90049],[-105.44517,41.90313],[-105.44533,41.90637],[-105.45195,41.91118],[-105.45834,41.91148],[-105.46162,41.91519],[-105.4686,41.91685],[-105.483,41.91388],[-105.48188,41.91638],[-105.48962,41.9194],[-105.50404,41.92082],[-105.50472,41.92273],[-105.5203,41.9216],[-105.52813,41.92475],[-105.54068,41.92356],[-105.54319,41.92536],[-105.55746,41.92357],[-105.57043,41.92711],[-105.56974,41.91286],[-105.57856,41.90749],[-105.58923,41.90401],[-105.60709,41.88243],[-105.61583,41.88237],[-105.61928,41.87876],[-105.61763,41.87321],[-105.60865,41.87335],[-105.60824,41.86559],[-105.61468,41.86526],[-105.61501,41.86145],[-105.63067,41.85905],[-105.6307,41.85448],[-105.63351,41.85452],[-105.63348,41.85082],[-105.63926,41.83788],[-105.64681,41.82986],[-105.65342,41.83376],[-105.65618,41.84434],[-105.66458,41.85502],[-105.66252,41.86285],[-105.65969,41.86012],[-105.64358,41.88694],[-105.63448,41.88918],[-105.59747,41.92962],[-105.58723,41.92759],[-105.58504,41.92198],[-105.57917,41.92025],[-105.57689,41.9265],[-105.57827,41.92988],[-105.57664,41.93707],[-105.5954,41.93606],[-105.58698,41.94852],[-105.59466,41.9693],[-105.58862,41.9744],[-105.5938,41.97557],[-105.59744,41.99111],[-105.60407,41.99832],[-105.60142,42.00181],[-105.60525,42.00503],[-105.60545,42.00805],[-105.60316,42.00954],[-105.60653,42.0116],[-105.6055,42.01489],[-105.61182,42.01414],[-105.62555,42.01724],[-105.63151,42.02239],[-105.63065,42.02372],[-105.62766,42.02248],[-105.62731,42.03101],[-105.62445,42.03289],[-105.62021,42.03147],[-105.62442,42.03628],[-105.6319,42.03722],[-105.63137,42.04223],[-105.62342,42.04604],[-105.62373,42.04808],[-105.63517,42.04735],[-105.63775,42.05648],[-105.63574,42.06099],[-105.64138,42.06124],[-105.64284,42.06289],[-105.63639,42.0744],[-105.64892,42.06847],[-105.65959,42.07134],[-105.68044,42.08778],[-105.66958,42.08788],[-105.66769,42.09653],[-105.6622,42.09716],[-105.65343,42.10324],[-105.66142,42.10808],[-105.6823,42.10934],[-105.6978,42.11553],[-105.69767,42.11683],[-105.69145,42.11684],[-105.69364,42.12209],[-105.69932,42.12663],[-105.69959,42.13144],[-105.70362,42.13907],[-105.7032,42.14771],[-105.68639,42.17204],[-105.67629,42.18142],[-105.67254,42.18788],[-105.67682,42.189],[-105.69038,42.18452],[-105.70004,42.1763],[-105.70498,42.17468],[-105.70547,42.18067],[-105.71191,42.18299],[-105.71376,42.18547],[-105.71188,42.18954],[-105.71737,42.19858],[-105.71514,42.2042],[-105.71095,42.20799],[-105.71459,42.21148],[-105.71404,42.21632],[-105.71635,42.21701],[-105.71961,42.22256],[-105.71599,42.22599],[-105.71673,42.2278],[-105.72278,42.22771],[-105.72086,42.2331],[-105.72068,42.25409],[-105.73012,42.25556],[-105.746,42.25314],[-105.75327,42.25624],[-105.76793,42.25744],[-105.78964,42.25438],[-105.79148,42.24902],[-105.79468,42.24695],[-105.79784,42.25029],[-105.81636,42.24796],[-105.81788,42.24956],[-105.81509,42.25493],[-105.81577,42.25996],[-105.82692,42.26271],[-105.83449,42.2619],[-105.83942,42.26582],[-105.84982,42.26756],[-105.84762,42.27236],[-105.85817,42.27217]]]}},{"type":"Feature","id":"82070","properties":{"zip":"82070","pop":null,"city":"","county":"Albany","state":"Wyoming","area":773.13,"lat":41.21409,"lon":-105.8504},"geometry":{"type":"Polygon","coordinates":[[[-106.32326,41.13111],[-106.32281,41.22426],[-106.31687,41.21615],[-106.29715,41.22012],[-106.28191,41.22083],[-106.28099,41.22438],[-106.27833,41.22559],[-106.26302,41.22397],[-106.25405,41.2203],[-106.23788,41.21964],[-106.23395,41.22371],[-106.22214,41.22541],[-106.21315,41.221],[-106.21392,41.21462],[-106.2121,41.21282],[-106.2078,41.21256],[-106.20535,41.21533],[-106.20027,41.21047],[-106.19447,41.2114],[-106.19024,41.20873],[-106.18815,41.21265],[-106.18893,41.21546],[-106.18517,41.22002],[-106.17486,41.22618],[-106.17276,41.22998],[-106.16532,41.23356],[-106.12046,41.23983],[-106.10151,41.24396],[-106.0863,41.24989],[-106.08546,41.25348],[-106.08752,41.25735],[-106.0837,41.26254],[-106.08487,41.26389],[-106.08239,41.26541],[-106.08512,41.26463],[-106.09109,41.25915],[-106.1055,41.25673],[-106.11137,41.26123],[-106.11425,41.26137],[-106.11451,41.27006],[-106.11248,41.27661],[-106.10874,41.2794],[-106.10442,41.27949],[-106.10094,41.28293],[-106.09238,41.27621],[-106.07821,41.27366],[-106.0762,41.27753],[-106.0867,41.28767],[-106.0962,41.29086],[-106.10416,41.29729],[-106.0919,41.29749],[-106.09493,41.29859],[-106.09539,41.395],[-106.06841,41.39503],[-106.07131,41.51116],[-106.06047,41.51059],[-106.05477,41.51266],[-106.05155,41.50339],[-106.04565,41.49587],[-106.01878,41.48156],[-106.00502,41.48942],[-105.97217,41.49249],[-105.96607,41.49556],[-105.96529,41.49273],[-105.95608,41.49113],[-105.94548,41.49305],[-105.94606,41.48734],[-105.91898,41.4876],[-105.91427,41.49054],[-105.90671,41.48833],[-105.91143,41.46991],[-105.90331,41.46118],[-105.91413,41.45553],[-105.89782,41.45313],[-105.88783,41.44596],[-105.88584,41.43935],[-105.8781,41.4414],[-105.86497,41.43972],[-105.82864,41.44271],[-105.79178,41.43893],[-105.78977,41.43841],[-105.78936,41.43579],[-105.77492,41.4377],[-105.76895,41.44052],[-105.76586,41.43927],[-105.76007,41.4404],[-105.75768,41.43842],[-105.75509,41.44279],[-105.75213,41.44278],[-105.75199,41.44832],[-105.7429,41.44734],[-105.73766,41.44987],[-105.73438,41.45454],[-105.71201,41.43362],[-105.71206,41.42845],[-105.70806,41.41673],[-105.71187,41.41381],[-105.71674,41.41336],[-105.69493,41.40292],[-105.67899,41.40201],[-105.67419,41.39812],[-105.67382,41.39531],[-105.6504,41.39563],[-105.63393,41.36613],[-105.63391,41.35005],[-105.62762,41.34799],[-105.6236,41.35693],[-105.61802,41.35961],[-105.61487,41.36469],[-105.61357,41.38412],[-105.60625,41.38174],[-105.59938,41.34555],[-105.60271,41.3435],[-105.60091,41.33578],[-105.60567,41.33436],[-105.60845,41.33561],[-105.60816,41.33839],[-105.61144,41.33582],[-105.61675,41.33628],[-105.61397,41.30527],[-105.60845,41.30113],[-105.59778,41.29823],[-105.59599,41.31306],[-105.55981,41.30914],[-105.55535,41.31116],[-105.55374,41.30837],[-105.53821,41.30339],[-105.53827,41.31532],[-105.53144,41.32084],[-105.52548,41.31996],[-105.51768,41.31534],[-105.51553,41.31192],[-105.50196,41.3147],[-105.49476,41.31388],[-105.48438,41.32109],[-105.47106,41.32235],[-105.46241,41.32055],[-105.45738,41.31659],[-105.45914,41.30977],[-105.44989,41.30722],[-105.4524,41.29776],[-105.44554,41.29594],[-105.44079,41.29081],[-105.44187,41.28654],[-105.43795,41.2746],[-105.43739,41.26601],[-105.44158,41.25647],[-105.43769,41.2531],[-105.43651,41.24028],[-105.42871,41.23396],[-105.43287,41.23128],[-105.43234,41.23003],[-105.43025,41.22897],[-105.43002,41.22609],[-105.42449,41.22439],[-105.42184,41.21878],[-105.41271,41.21496],[-105.40297,41.20701],[-105.39998,41.20216],[-105.39987,41.1982],[-105.39464,41.19467],[-105.39503,41.18837],[-105.38707,41.18502],[-105.38357,41.18554],[-105.37979,41.18309],[-105.37971,41.1787],[-105.35806,41.1709],[-105.35112,41.17048],[-105.34736,41.17425],[-105.33632,41.17462],[-105.33161,41.1785],[-105.32165,41.17555],[-105.3237,41.17516],[-105.32394,41.16891],[-105.3273,41.16727],[-105.34623,41.16095],[-105.34897,41.16258],[-105.37301,41.15301],[-105.40299,41.15799],[-105.41903,41.17815],[-105.42625,41.19256],[-105.44094,41.20705],[-105.44493,41.2074],[-105.44843,41.21018],[-105.45783,41.1963],[-105.45804,41.18446],[-105.453,41.18185],[-105.45196,41.17897],[-105.45288,41.17002],[-105.45573,41.16736],[-105.45261,41.16474],[-105.45306,41.16214],[-105.44888,41.16042],[-105.44999,41.15432],[-105.45556,41.14726],[-105.45176,41.13451],[-105.43756,41.13616],[-105.42149,41.13127],[-105.39686,41.13756],[-105.39441,41.12508],[-105.39859,41.12509],[-105.40709,41.11676],[-105.41187,41.10731],[-105.4144,41.10626],[-105.4123,41.09796],[-105.4067,41.09832],[-105.4037,41.09284],[-105.40507,41.08808],[-105.40952,41.08503],[-105.41297,41.08506],[-105.40799,41.08264],[-105.39589,41.08178],[-105.38547,41.08565],[-105.3737,41.09552],[-105.37572,41.09785],[-105.37178,41.09731],[-105.36646,41.09978],[-105.35092,41.09901],[-105.36557,41.10597],[-105.36263,41.10815],[-105.35376,41.10872],[-105.3554,41.11225],[-105.33067,41.10568],[-105.32732,41.09844],[-105.30591,41.09802],[-105.30868,41.10392],[-105.30426,41.10436],[-105.27933,41.1023],[-105.27686,40.99817],[-105.30577,40.99809],[-105.3136,41.00945],[-105.31149,41.01131],[-105.31611,41.02028],[-105.3114,41.02687],[-105.3147,41.03036],[-105.33412,41.03076],[-105.34763,41.04038],[-105.36726,41.05025],[-105.37823,41.06031],[-105.37824,41.05843],[-105.38313,41.05527],[-105.38536,41.05732],[-105.40093,41.06108],[-105.40716,41.06683],[-105.41126,41.0672],[-105.41418,41.07274],[-105.41846,41.07518],[-105.42188,41.08073],[-105.42311,41.08758],[-105.44917,41.09646],[-105.46192,41.09568],[-105.46528,41.09711],[-105.48459,41.09462],[-105.48956,41.0914],[-105.48878,41.08613],[-105.49054,41.08462],[-105.50015,41.10072],[-105.51301,41.10012],[-105.51854,41.1032],[-105.52779,41.10142],[-105.54811,41.12432],[-105.55414,41.12317],[-105.5542,41.11942],[-105.55743,41.11785],[-105.56122,41.11798],[-105.57203,41.12765],[-105.58074,41.13197],[-105.60661,41.12719],[-105.61467,41.11042],[-105.61616,41.10342],[-105.63328,41.109],[-105.64814,41.11075],[-105.6572,41.10157],[-105.67493,41.08902],[-105.67433,41.07934],[-105.6674,41.07449],[-105.65838,41.07293],[-105.65448,41.06622],[-105.67655,41.06236],[-105.682,41.05891],[-105.6843,41.03497],[-105.68047,41.02844],[-105.68546,41.02273],[-105.68501,41.0191],[-105.69413,41.0116],[-105.68801,41.00055],[-105.68162,40.99703],[-105.93206,40.99695],[-105.9326,40.99997],[-105.9349,41.00115],[-105.93965,41.00083],[-105.96088,41.00936],[-105.97074,41.00979],[-105.97298,41.01383],[-105.97073,41.01913],[-105.97163,41.02085],[-105.96506,41.02308],[-105.95764,41.03898],[-105.93945,41.05487],[-105.93827,41.05771],[-105.94609,41.06808],[-105.94683,41.07346],[-105.92929,41.07238],[-105.92306,41.0738],[-105.91599,41.0803],[-105.91886,41.0802],[-105.92043,41.08503],[-105.91873,41.08816],[-105.92528,41.09662],[-105.92582,41.10128],[-105.9218,41.11543],[-105.91657,41.11901],[-105.90953,41.11888],[-105.91523,41.12092],[-105.91466,41.12779],[-105.91672,41.12634],[-105.92085,41.1276],[-105.92028,41.12365],[-105.92475,41.12812],[-105.9284,41.12559],[-105.93041,41.12841],[-105.93491,41.1271],[-105.93734,41.12941],[-105.9423,41.1292],[-105.94435,41.1317],[-105.94333,41.1356],[-105.94651,41.13651],[-105.94689,41.1387],[-105.94417,41.13962],[-105.94448,41.14197],[-105.94802,41.14178],[-105.94894,41.14561],[-105.95487,41.14678],[-105.97236,41.13819],[-105.97554,41.13944],[-105.97648,41.13716],[-105.98069,41.13773],[-105.98449,41.13341],[-105.99034,41.13419],[-105.99053,41.13231],[-105.99329,41.13249],[-105.99387,41.13096],[-106.00296,41.12964],[-106.0071,41.12175],[-106.01228,41.12252],[-106.01454,41.11973],[-106.01279,41.11317],[-106.01465,41.11053],[-106.03696,41.11319],[-106.05091,41.10717],[-106.06806,41.10513],[-106.07045,41.10357],[-106.06885,41.10058],[-106.0711,41.09736],[-106.08779,41.07695],[-106.10399,41.07462],[-106.10713,41.07196],[-106.10693,41.06956],[-106.10222,41.06857],[-106.08269,41.06976],[-106.07818,41.06819],[-106.07056,41.0702],[-106.06482,41.06773],[-106.06279,41.06464],[-106.05085,41.0602],[-106.01278,41.05787],[-106.01146,41.06071],[-106.01017,41.05878],[-106.01221,41.05569],[-106.0181,41.05317],[-106.0181,41.04862],[-106.02421,41.04795],[-106.03627,41.05081],[-106.05584,41.04748],[-106.06686,41.04284],[-106.08012,41.04124],[-106.09398,41.04525],[-106.10449,41.05436],[-106.12654,41.05591],[-106.12745,41.05226],[-106.13279,41.05091],[-106.13935,41.05456],[-106.14293,41.05437],[-106.14305,41.05162],[-106.14582,41.05048],[-106.14545,41.04498],[-106.14988,41.04203],[-106.14692,41.04093],[-106.14816,41.03997],[-106.1471,41.03629],[-106.1525,41.03248],[-106.1533,41.02972],[-106.14072,41.02021],[-106.13059,41.02009],[-106.12368,41.0157],[-106.11708,41.01478],[-106.11563,41.00348],[-106.12837,40.99954],[-106.12789,40.99731],[-106.26189,40.99833],[-106.26426,41.00307],[-106.26062,41.00536],[-106.26214,41.00712],[-106.2603,41.00967],[-106.25494,41.01114],[-106.25796,41.01356],[-106.25705,41.01581],[-106.25955,41.02274],[-106.2767,41.03215],[-106.27245,41.03263],[-106.27112,41.03474],[-106.27709,41.03839],[-106.28085,41.04359],[-106.27972,41.04882],[-106.28663,41.05084],[-106.29079,41.05488],[-106.29206,41.05911],[-106.29758,41.06267],[-106.29669,41.06777],[-106.30274,41.0745],[-106.30981,41.07697],[-106.30984,41.08006],[-106.30767,41.08065],[-106.30818,41.08399],[-106.32037,41.08852],[-106.32281,41.08674],[-106.32326,41.13111]]]}},{"type":"Feature","id":"82072","properties":{"zip":"82072","pop":null,"city":"Laramie","county":"Albany","state":"Wyoming","area":142.12,"lat":41.42555,"lon":-105.55854},"geometry":{"type":"Polygon","coordinates":[[[-105.75307,41.48457],[-105.75142,41.49741],[-105.74653,41.5037],[-105.73412,41.50369],[-105.73185,41.50093],[-105.72946,41.50636],[-105.72649,41.50739],[-105.72388,41.50236],[-105.71948,41.5022],[-105.71868,41.50528],[-105.72321,41.50699],[-105.72377,41.50989],[-105.71918,41.51175],[-105.71601,41.50767],[-105.71344,41.50769],[-105.71163,41.5098],[-105.71566,41.51602],[-105.71423,41.52096],[-105.70762,41.52638],[-105.70024,41.5246],[-105.69714,41.52595],[-105.69883,41.52821],[-105.69772,41.52957],[-105.69189,41.52809],[-105.6856,41.53097],[-105.68527,41.53321],[-105.68914,41.53629],[-105.68776,41.53916],[-105.68354,41.53771],[-105.68014,41.54578],[-105.68046,41.54782],[-105.6865,41.5459],[-105.68803,41.54769],[-105.68319,41.55467],[-105.64904,41.49799],[-105.64321,41.49758],[-105.59329,41.49797],[-105.58478,41.50171],[-105.58039,41.50586],[-105.57435,41.50755],[-105.55808,41.50594],[-105.55805,41.51112],[-105.55324,41.51754],[-105.52836,41.53943],[-105.50774,41.54236],[-105.49961,41.53909],[-105.4982,41.53559],[-105.49533,41.53408],[-105.48701,41.53415],[-105.48469,41.53507],[-105.4846,41.53775],[-105.47513,41.54018],[-105.44745,41.54128],[-105.45157,41.52115],[-105.4501,41.51797],[-105.45117,41.51361],[-105.45568,41.51029],[-105.45406,41.50432],[-105.46073,41.4902],[-105.46001,41.4871],[-105.46382,41.47134],[-105.46828,41.46578],[-105.46203,41.45372],[-105.46742,41.45033],[-105.46494,41.44401],[-105.46066,41.43975],[-105.45283,41.43833],[-105.44202,41.43069],[-105.44326,41.41407],[-105.45288,41.40591],[-105.45393,41.40263],[-105.45011,41.39606],[-105.43958,41.39592],[-105.40961,41.40626],[-105.4028,41.40537],[-105.40052,41.40695],[-105.40093,41.40915],[-105.39797,41.41017],[-105.38638,41.40818],[-105.38462,41.40526],[-105.37819,41.40199],[-105.35814,41.40201],[-105.35326,41.40386],[-105.34556,41.40158],[-105.34375,41.39853],[-105.33818,41.39896],[-105.33441,41.39184],[-105.34142,41.38847],[-105.34531,41.38859],[-105.35615,41.38211],[-105.36077,41.38223],[-105.36269,41.38541],[-105.36549,41.38572],[-105.37136,41.38302],[-105.36878,41.38186],[-105.37203,41.37789],[-105.36862,41.37523],[-105.3715,41.37072],[-105.37713,41.36729],[-105.38186,41.36681],[-105.38292,41.36478],[-105.39137,41.36292],[-105.40663,41.35334],[-105.41392,41.35287],[-105.42232,41.34393],[-105.43196,41.34073],[-105.43135,41.33966],[-105.4377,41.34002],[-105.43366,41.33004],[-105.44617,41.32526],[-105.45435,41.31763],[-105.45738,41.31659],[-105.46384,41.3213],[-105.47106,41.32235],[-105.48438,41.32109],[-105.49476,41.31388],[-105.50196,41.3147],[-105.51553,41.31192],[-105.51768,41.31534],[-105.52548,41.31996],[-105.53144,41.32084],[-105.53827,41.31532],[-105.53821,41.30339],[-105.55374,41.30837],[-105.55535,41.31116],[-105.55981,41.30914],[-105.59599,41.31306],[-105.59778,41.29823],[-105.61174,41.30243],[-105.61437,41.30904],[-105.61675,41.33628],[-105.61144,41.33582],[-105.60816,41.33839],[-105.60845,41.33561],[-105.60301,41.33438],[-105.60091,41.33578],[-105.60271,41.3435],[-105.59938,41.34555],[-105.60625,41.38174],[-105.61357,41.38412],[-105.61487,41.36469],[-105.61802,41.35961],[-105.6236,41.35693],[-105.62762,41.34799],[-105.63391,41.35005],[-105.63393,41.36613],[-105.6504,41.39563],[-105.67382,41.39531],[-105.67419,41.39812],[-105.67899,41.40201],[-105.69493,41.40292],[-105.71674,41.41336],[-105.71187,41.41381],[-105.70806,41.41673],[-105.71206,41.42845],[-105.71201,41.43362],[-105.7518,41.47122],[-105.75307,41.48457]]]}},{"type":"Feature","id":"82834","properties":{"zip":"82834","pop":null,"city":"","county":"Johnson","state":"Wyoming","area":1215.52,"lat":44.25394,"lon":-106.74486},"geometry":{"type":"Polygon","coordinates":[[[-107.36968,44.55834],[-107.36962,44.55984],[-106.89358,44.55805],[-106.89114,44.55441],[-106.87466,44.54644],[-106.86438,44.53827],[-106.86396,44.53392],[-106.85884,44.532],[-106.85974,44.52953],[-106.85794,44.52869],[-106.86168,44.52673],[-106.84994,44.52724],[-106.84197,44.53087],[-106.83389,44.52885],[-106.81784,44.52943],[-106.80924,44.52318],[-106.80329,44.52222],[-106.79735,44.51262],[-106.7934,44.51594],[-106.78504,44.51644],[-106.78022,44.51936],[-106.75025,44.52101],[-106.74135,44.5263],[-106.73184,44.51759],[-106.72237,44.51365],[-106.71676,44.51506],[-106.71165,44.51272],[-106.71088,44.50629],[-106.70682,44.50556],[-106.7012,44.50106],[-106.67109,44.49878],[-106.66152,44.51294],[-106.65917,44.52045],[-106.64966,44.52405],[-106.64906,44.52626],[-106.67244,44.5343],[-106.67484,44.54313],[-106.67877,44.54619],[-106.678,44.54841],[-106.67634,44.54813],[-106.67778,44.55193],[-106.68174,44.5552],[-106.67746,44.55524],[-106.67605,44.55716],[-106.53064,44.55682],[-106.53552,44.55347],[-106.53334,44.55256],[-106.53372,44.54977],[-106.53871,44.55193],[-106.53733,44.55118],[-106.53884,44.55023],[-106.53699,44.54658],[-106.53802,44.54515],[-106.53612,44.54407],[-106.53652,44.54269],[-106.53942,44.54313],[-106.53786,44.54072],[-106.54111,44.53667],[-106.53964,44.53412],[-106.54782,44.53207],[-106.54185,44.53055],[-106.54286,44.52792],[-106.55136,44.52321],[-106.54312,44.52107],[-106.53931,44.51042],[-106.54224,44.51006],[-106.54458,44.50503],[-106.54841,44.50395],[-106.53902,44.50049],[-106.54582,44.49576],[-106.55235,44.49561],[-106.5577,44.49126],[-106.54662,44.48834],[-106.54375,44.48422],[-106.54717,44.48048],[-106.5441,44.47643],[-106.54503,44.47258],[-106.54803,44.47126],[-106.54363,44.46603],[-106.54398,44.46138],[-106.55298,44.46051],[-106.5528,44.45232],[-106.55587,44.44734],[-106.54743,44.43601],[-106.55205,44.42782],[-106.55009,44.41552],[-106.55139,44.41248],[-106.53806,44.40397],[-106.53811,44.35806],[-106.52679,44.3487],[-106.52033,44.34752],[-106.51734,44.34781],[-106.51368,44.35515],[-106.50669,44.36008],[-106.50338,44.3682],[-106.49966,44.37181],[-106.48063,44.37298],[-106.47214,44.38211],[-106.45679,44.3887],[-106.45073,44.3946],[-106.43759,44.40233],[-106.41137,44.4073],[-106.39118,44.40559],[-106.37601,44.40088],[-106.36787,44.40748],[-106.37454,44.41755],[-106.38169,44.42413],[-106.38014,44.42589],[-106.37573,44.42552],[-106.37215,44.42982],[-106.36799,44.42963],[-106.36101,44.42212],[-106.35326,44.41716],[-106.34366,44.42007],[-106.33772,44.42865],[-106.32269,44.43315],[-106.32592,44.43849],[-106.32417,44.44695],[-106.30621,44.45444],[-106.31075,44.45816],[-106.31137,44.4619],[-106.32826,44.48283],[-106.32167,44.48722],[-106.31441,44.48466],[-106.30386,44.49087],[-106.2938,44.49059],[-106.29284,44.48169],[-106.28141,44.47723],[-106.27528,44.4713],[-106.2695,44.47157],[-106.27205,44.46939],[-106.26975,44.4658],[-106.27186,44.46367],[-106.27095,44.46191],[-106.2668,44.4652],[-106.26328,44.46481],[-106.26003,44.46284],[-106.25997,44.45948],[-106.25719,44.45602],[-106.254,44.45561],[-106.25538,44.4536],[-106.25225,44.44861],[-106.25186,44.43124],[-106.2475,44.42634],[-106.24934,44.42312],[-106.24098,44.42006],[-106.23057,44.42092],[-106.21931,44.41064],[-106.22003,44.40616],[-106.224,44.4082],[-106.22217,44.40224],[-106.22611,44.39251],[-106.22095,44.37935],[-106.22791,44.38273],[-106.23386,44.37411],[-106.23396,44.37125],[-106.21779,44.35971],[-106.21269,44.35372],[-106.20469,44.35299],[-106.20207,44.34826],[-106.21714,44.34148],[-106.21651,44.3363],[-106.226,44.326],[-106.23077,44.31785],[-106.22662,44.30803],[-106.22255,44.30913],[-106.21264,44.30722],[-106.20885,44.303],[-106.19872,44.30189],[-106.19372,44.29872],[-106.19035,44.29897],[-106.18996,44.30651],[-106.18882,44.29756],[-106.18477,44.29354],[-106.18484,44.28842],[-106.18207,44.28446],[-106.173,44.28151],[-106.16131,44.28208],[-106.16102,44.27932],[-106.14918,44.27681],[-106.15019,44.26974],[-106.15324,44.2645],[-106.16519,44.2625],[-106.16626,44.25808],[-106.16174,44.25619],[-106.14918,44.25612],[-106.14741,44.25244],[-106.15378,44.25018],[-106.15268,44.24711],[-106.14935,44.24616],[-106.15018,44.24435],[-106.1546,44.24399],[-106.15642,44.23994],[-106.15309,44.23639],[-106.14823,44.23521],[-106.14519,44.23537],[-106.14443,44.23898],[-106.14187,44.23962],[-106.14123,44.2382],[-106.14097,44.22733],[-106.14446,44.21976],[-106.15501,44.21872],[-106.1552,44.21618],[-106.153,44.21438],[-106.14089,44.21896],[-106.12419,44.21629],[-106.08906,44.2204],[-106.05988,44.21506],[-106.03101,44.21909],[-106.01655,44.21639],[-106.0165,44.16973],[-106.01138,44.16974],[-106.00993,44.03046],[-106.02041,44.03162],[-106.02643,44.03745],[-106.03153,44.03768],[-106.03714,44.04804],[-106.04361,44.05335],[-106.0417,44.05968],[-106.03314,44.06894],[-106.02831,44.07807],[-106.0363,44.09133],[-106.03395,44.09666],[-106.03139,44.09678],[-106.0446,44.09934],[-106.05111,44.09856],[-106.04765,44.10347],[-106.04296,44.10574],[-106.03857,44.11271],[-106.0301,44.11673],[-106.03355,44.12831],[-106.03088,44.12888],[-106.03148,44.13382],[-106.02626,44.13947],[-106.03224,44.14337],[-106.0329,44.15043],[-106.03595,44.15339],[-106.03623,44.17034],[-106.0396,44.16749],[-106.04576,44.1722],[-106.04763,44.1708],[-106.06171,44.17453],[-106.07327,44.18529],[-106.07361,44.18297],[-106.07581,44.18586],[-106.07841,44.18496],[-106.08698,44.18729],[-106.08909,44.19052],[-106.09348,44.18928],[-106.09807,44.19349],[-106.10287,44.19275],[-106.10896,44.19584],[-106.12075,44.19733],[-106.12857,44.17777],[-106.13675,44.17511],[-106.13929,44.16868],[-106.13827,44.15884],[-106.12864,44.14694],[-106.1513,44.14116],[-106.16471,44.14601],[-106.16918,44.15187],[-106.17432,44.15396],[-106.17938,44.15236],[-106.18126,44.14725],[-106.18835,44.14712],[-106.19105,44.15152],[-106.19013,44.15619],[-106.19833,44.16719],[-106.21183,44.16708],[-106.22931,44.16185],[-106.23773,44.1623],[-106.25158,44.1689],[-106.25692,44.16903],[-106.26321,44.1656],[-106.2771,44.17526],[-106.29174,44.18019],[-106.2935,44.17928],[-106.2947,44.18241],[-106.30238,44.18758],[-106.3086,44.188],[-106.31021,44.18632],[-106.32111,44.18849],[-106.32849,44.18463],[-106.33707,44.20415],[-106.35017,44.21506],[-106.35989,44.21753],[-106.38519,44.23329],[-106.39178,44.23492],[-106.39987,44.23262],[-106.40505,44.23683],[-106.4142,44.23658],[-106.42636,44.23943],[-106.43499,44.24547],[-106.43373,44.2436],[-106.43688,44.2409],[-106.43668,44.24534],[-106.43919,44.24568],[-106.44164,44.24095],[-106.44397,44.24031],[-106.44229,44.23661],[-106.44635,44.23621],[-106.44644,44.23478],[-106.44442,44.23175],[-106.43815,44.22942],[-106.43858,44.22693],[-106.43584,44.22465],[-106.43806,44.22303],[-106.43513,44.21901],[-106.44211,44.21737],[-106.44056,44.21655],[-106.4414,44.21468],[-106.44864,44.21234],[-106.44725,44.21027],[-106.45044,44.2093],[-106.43758,44.19358],[-106.44127,44.18732],[-106.44706,44.1846],[-106.44674,44.18178],[-106.45229,44.17403],[-106.45386,44.16793],[-106.43847,44.1438],[-106.44052,44.13979],[-106.44692,44.13631],[-106.44882,44.13309],[-106.44847,44.12451],[-106.45187,44.12346],[-106.45223,44.12132],[-106.44846,44.1068],[-106.44093,44.09722],[-106.43477,44.09305],[-106.43239,44.08725],[-106.4267,44.08438],[-106.42804,44.08005],[-106.44269,44.07953],[-106.43264,44.06137],[-106.43261,44.05504],[-106.44261,44.03506],[-106.44233,44.02174],[-106.45642,44.02165],[-106.44212,44.00659],[-106.43107,43.98127],[-106.41546,43.9714],[-106.40638,43.9571],[-106.39812,43.93485],[-106.40382,43.93053],[-106.41996,43.92784],[-106.42458,43.93068],[-106.43527,43.93167],[-106.44102,43.92811],[-106.45998,43.92715],[-106.45905,43.92196],[-106.46503,43.93398],[-106.47023,43.93991],[-106.47188,43.94772],[-106.4793,43.95443],[-106.49479,43.97652],[-106.50186,43.97867],[-106.52745,43.97709],[-106.55442,43.95863],[-106.53987,43.93771],[-106.54285,43.93217],[-106.54669,43.93033],[-106.54721,43.92247],[-106.55286,43.92165],[-106.56697,43.91461],[-106.57696,43.91478],[-106.57831,43.91652],[-106.58046,43.91608],[-106.58164,43.91273],[-106.58742,43.91247],[-106.58746,43.91932],[-106.59527,43.91396],[-106.60698,43.91918],[-106.6104,43.9195],[-106.61322,43.9162],[-106.61687,43.91942],[-106.60564,43.8742],[-106.61363,43.87571],[-106.62201,43.87274],[-106.63002,43.87264],[-106.64513,43.92102],[-106.64581,43.96386],[-106.65695,43.9638],[-106.66968,43.96892],[-106.67982,43.96733],[-106.67848,43.95828],[-106.68288,43.95277],[-106.68054,43.93601],[-106.68993,43.93143],[-106.69058,43.92725],[-106.72092,43.92765],[-106.74478,43.92379],[-106.7528,43.92426],[-106.75138,43.91605],[-106.75697,43.90636],[-106.75451,43.89787],[-106.76056,43.89707],[-106.76407,43.89372],[-106.76763,43.88039],[-106.77395,43.8723],[-106.78666,43.87209],[-106.79038,43.87804],[-106.80192,43.88056],[-106.81839,43.8889],[-106.83584,43.89299],[-106.84552,43.90028],[-106.8464,43.90273],[-106.84109,43.90216],[-106.83799,43.90417],[-106.84283,43.90991],[-106.84515,43.91816],[-106.84306,43.92248],[-106.8449,43.92463],[-106.84797,43.92303],[-106.85398,43.92547],[-106.86427,43.93496],[-106.86867,43.94072],[-106.86646,43.94698],[-106.8708,43.95046],[-106.87071,43.95748],[-106.87404,43.96554],[-106.87892,43.96692],[-106.90354,43.98362],[-106.90157,43.99096],[-106.90459,43.99169],[-107.02726,43.99026],[-107.03869,43.98561],[-107.04704,43.98666],[-107.06291,43.97641],[-107.07122,43.97572],[-107.07247,43.97883],[-107.09259,43.9685],[-107.0996,43.95411],[-107.10314,43.93971],[-107.11737,43.93599],[-107.12797,43.9365],[-107.12858,44.16569],[-107.14681,44.16567],[-107.145,44.324],[-107.15078,44.32447],[-107.15547,44.32233],[-107.15982,44.32579],[-107.15956,44.33002],[-107.15672,44.33176],[-107.15822,44.33329],[-107.17261,44.33516],[-107.17633,44.33819],[-107.17603,44.3426],[-107.17971,44.34607],[-107.18898,44.34817],[-107.18869,44.35335],[-107.18489,44.3588],[-107.17312,44.36045],[-107.1614,44.36863],[-107.16546,44.37387],[-107.17641,44.37655],[-107.174,44.38784],[-107.17007,44.39006],[-107.16921,44.39351],[-107.17893,44.40328],[-107.18592,44.40194],[-107.18847,44.39867],[-107.19946,44.3993],[-107.20188,44.41646],[-107.2002,44.42165],[-107.20402,44.4252],[-107.20323,44.43139],[-107.20056,44.43282],[-107.20385,44.43575],[-107.20015,44.44196],[-107.20225,44.44639],[-107.21031,44.44496],[-107.21876,44.44937],[-107.22153,44.44362],[-107.24251,44.43836],[-107.25505,44.44161],[-107.26101,44.44766],[-107.27873,44.45082],[-107.27467,44.4557],[-107.27863,44.4592],[-107.30058,44.45908],[-107.30429,44.46378],[-107.29967,44.47627],[-107.30519,44.48347],[-107.29848,44.48456],[-107.29712,44.49093],[-107.29854,44.49621],[-107.29416,44.50071],[-107.30143,44.50642],[-107.31094,44.50883],[-107.31529,44.51578],[-107.32705,44.52212],[-107.32277,44.52919],[-107.32431,44.53323],[-107.33012,44.53607],[-107.33028,44.54381],[-107.3377,44.53963],[-107.35378,44.54219],[-107.35557,44.54525],[-107.36047,44.54707],[-107.36016,44.55031],[-107.36543,44.55505],[-107.37145,44.55694],[-107.36968,44.55834]]]}},{"type":"Feature","id":"82901","properties":{"zip":"82901","pop":null,"city":"","county":"Sweetwater","state":"Wyoming","area":808.95,"lat":41.38132,"lon":-109.02478},"geometry":{"type":"Polygon","coordinates":[[[-109.47028,41.2454],[-109.46443,41.24762],[-109.4587,41.25401],[-109.4417,41.25532],[-109.43749,41.25846],[-109.44036,41.26901],[-109.43934,41.27369],[-109.43653,41.27613],[-109.4381,41.27925],[-109.437,41.28092],[-109.42112,41.27855],[-109.40426,41.28975],[-109.3972,41.28679],[-109.39121,41.29091],[-109.38552,41.29132],[-109.38358,41.29315],[-109.37183,41.29252],[-109.36853,41.2897],[-109.36475,41.29089],[-109.36074,41.28803],[-109.35633,41.28961],[-109.35155,41.28852],[-109.34202,41.28195],[-109.33646,41.28186],[-109.32462,41.27678],[-109.31194,41.27745],[-109.31181,41.27591],[-109.3063,41.27368],[-109.30115,41.27478],[-109.29842,41.27625],[-109.29821,41.27863],[-109.29198,41.2811],[-109.28548,41.27899],[-109.27513,41.28174],[-109.26548,41.27891],[-109.2556,41.27267],[-109.25498,41.27016],[-109.25013,41.26855],[-109.24628,41.25971],[-109.23451,41.25179],[-109.23195,41.24766],[-109.23247,41.2425],[-109.20092,41.24477],[-109.20772,41.25325],[-109.20965,41.26031],[-109.21497,41.26868],[-109.22452,41.2748],[-109.24087,41.30477],[-109.26218,41.32919],[-109.27662,41.36854],[-109.2849,41.37396],[-109.29201,41.38893],[-109.27669,41.49627],[-109.28368,41.49548],[-109.30501,41.5028],[-109.3103,41.50936],[-109.31224,41.52224],[-109.31827,41.52254],[-109.3268,41.51862],[-109.35649,41.51779],[-109.37209,41.52344],[-109.38157,41.52143],[-109.38708,41.5275],[-109.39655,41.52287],[-109.40454,41.5233],[-109.41478,41.5192],[-109.42051,41.519],[-109.42343,41.52107],[-109.42545,41.51996],[-109.42543,41.52781],[-109.41043,41.52669],[-109.39798,41.52854],[-109.38862,41.53268],[-109.37394,41.53242],[-109.34845,41.54243],[-109.34852,41.57079],[-109.32212,41.58059],[-109.31159,41.59958],[-109.30566,41.60609],[-109.3027,41.61659],[-109.30803,41.63242],[-109.30733,41.63733],[-109.30141,41.6397],[-109.29579,41.64657],[-109.2965,41.65261],[-109.29351,41.6562],[-109.29341,41.6609],[-109.29944,41.67413],[-109.30152,41.68673],[-109.31007,41.70454],[-109.28936,41.71025],[-109.2954,41.72454],[-109.2781,41.72648],[-109.26742,41.70605],[-109.254,41.68804],[-109.24113,41.69197],[-109.23161,41.67913],[-109.22727,41.69484],[-109.21707,41.69688],[-109.22481,41.66517],[-109.22184,41.66588],[-109.21568,41.66199],[-109.20795,41.66482],[-109.20368,41.65248],[-109.18773,41.6465],[-109.1889,41.64377],[-109.2148,41.63414],[-109.22521,41.62535],[-109.22343,41.62534],[-109.22287,41.60332],[-109.19403,41.60332],[-109.19423,41.59285],[-109.18912,41.59194],[-109.17564,41.59597],[-109.15735,41.59787],[-109.14442,41.60687],[-109.0851,41.62903],[-109.04234,41.63687],[-108.97153,41.66683],[-108.92831,41.67179],[-108.92379,41.67467],[-108.91739,41.68516],[-108.90313,41.69136],[-108.88346,41.69091],[-108.86646,41.69381],[-108.83909,41.6882],[-108.8163,41.68842],[-108.80345,41.68295],[-108.77894,41.67778],[-108.74321,41.6742],[-108.73442,41.67084],[-108.70593,41.65254],[-108.68875,41.6479],[-108.65091,41.64686],[-108.61213,41.6497],[-108.57647,41.64568],[-108.37865,41.63371],[-108.38064,41.63253],[-108.38575,41.61524],[-108.38393,41.61153],[-108.38007,41.61089],[-108.37511,41.59953],[-108.37957,41.59129],[-108.38829,41.58196],[-108.39647,41.57599],[-108.39967,41.57609],[-108.40381,41.56993],[-108.42205,41.55962],[-108.42878,41.55788],[-108.43776,41.55857],[-108.44142,41.54711],[-108.4398,41.53639],[-108.45906,41.50945],[-108.4669,41.50936],[-108.46125,41.50549],[-108.46102,41.50281],[-108.47599,41.49489],[-108.4768,41.49235],[-108.48514,41.49107],[-108.49455,41.48531],[-108.49907,41.48672],[-108.50332,41.48396],[-108.50472,41.48925],[-108.5086,41.48924],[-108.51218,41.49286],[-108.52853,41.49621],[-108.53354,41.5064],[-108.53165,41.51257],[-108.53383,41.51509],[-108.53228,41.52525],[-108.54034,41.53811],[-108.54782,41.54458],[-108.5485,41.54715],[-108.54627,41.54926],[-108.54975,41.55109],[-108.56093,41.57485],[-108.56797,41.58392],[-108.58025,41.60832],[-108.58181,41.61796],[-108.69691,41.61809],[-108.72335,41.62439],[-108.75881,41.62951],[-108.76846,41.64141],[-108.77314,41.64377],[-108.7993,41.63824],[-108.83179,41.64146],[-108.84731,41.64563],[-108.84783,41.64127],[-108.84382,41.63937],[-108.84269,41.61776],[-108.84088,41.6174],[-108.84275,41.61554],[-108.84986,41.61516],[-108.84049,41.60866],[-108.8354,41.60951],[-108.82895,41.60659],[-108.83158,41.5951],[-108.82636,41.59454],[-108.82309,41.58972],[-108.8147,41.58666],[-108.84968,41.56902],[-108.8483,41.56209],[-108.85372,41.55422],[-108.85191,41.54805],[-108.86668,41.54536],[-108.86921,41.54241],[-108.9027,41.54321],[-108.90567,41.54807],[-108.93826,41.5517],[-108.94027,41.54749],[-108.94022,41.54117],[-108.94254,41.5407],[-108.95017,41.53212],[-108.94225,41.53219],[-108.94618,41.52875],[-108.94489,41.52723],[-108.96469,41.52024],[-108.97267,41.51073],[-108.96597,41.49125],[-108.96639,41.48586],[-108.96264,41.48091],[-108.95008,41.4728],[-108.94292,41.45754],[-108.9226,41.46304],[-108.90709,41.46393],[-108.87214,41.47246],[-108.86258,41.47704],[-108.84711,41.46816],[-108.84353,41.4618],[-108.83791,41.45736],[-108.81507,41.44833],[-108.80823,41.44092],[-108.80816,41.43151],[-108.83188,41.42334],[-108.841,41.40818],[-108.8569,41.39043],[-108.86251,41.37932],[-108.86111,41.3726],[-108.86247,41.36793],[-108.87457,41.35133],[-108.87459,41.34009],[-108.88737,41.33],[-108.89743,41.31604],[-108.89385,41.31595],[-108.89134,41.31068],[-108.87341,41.30663],[-108.86476,41.30677],[-108.86025,41.31041],[-108.84757,41.3079],[-108.83773,41.3107],[-108.82127,41.32408],[-108.81668,41.33017],[-108.79646,41.3443],[-108.77899,41.35428],[-108.76879,41.35107],[-108.75939,41.35077],[-108.76186,41.35753],[-108.75604,41.3601],[-108.73892,41.33809],[-108.73853,41.33501],[-108.74062,41.33265],[-108.72612,41.33502],[-108.71632,41.32997],[-108.71242,41.33206],[-108.71052,41.3384],[-108.69643,41.34276],[-108.69039,41.34733],[-108.68194,41.34511],[-108.68692,41.33727],[-108.68248,41.33063],[-108.66452,41.32828],[-108.6604,41.335],[-108.6541,41.33278],[-108.65266,41.33477],[-108.65501,41.33991],[-108.65291,41.34301],[-108.64064,41.34611],[-108.63578,41.34981],[-108.58598,41.34237],[-108.54183,41.3466],[-108.54095,41.34417],[-108.53664,41.34197],[-108.53952,41.33859],[-108.53853,41.33618],[-108.52562,41.32145],[-108.51713,41.32936],[-108.50956,41.33066],[-108.50334,41.32951],[-108.50181,41.32088],[-108.48839,41.30995],[-108.48835,41.30551],[-108.49851,41.29526],[-108.50198,41.28655],[-108.50554,41.28463],[-108.51044,41.28946],[-108.52669,41.28455],[-108.52875,41.28674],[-108.55438,41.29233],[-108.57135,41.30096],[-108.59014,41.30183],[-108.62566,41.30902],[-108.63502,41.31663],[-108.64897,41.31875],[-108.65672,41.31762],[-108.65856,41.32049],[-108.66459,41.31819],[-108.67303,41.31842],[-108.67976,41.32194],[-108.69512,41.31727],[-108.69692,41.31371],[-108.69911,41.31522],[-108.7024,41.31207],[-108.70121,41.31096],[-108.70463,41.30923],[-108.71355,41.3133],[-108.72341,41.30758],[-108.73351,41.31091],[-108.73793,41.31814],[-108.74334,41.32047],[-108.74871,41.31672],[-108.75777,41.31606],[-108.77175,41.30563],[-108.7914,41.29863],[-108.80546,41.2781],[-108.80527,41.27479],[-108.81386,41.26898],[-108.8164,41.26174],[-108.82286,41.26258],[-108.83452,41.2595],[-108.83472,41.21574],[-108.83712,41.20629],[-108.83154,41.17443],[-108.83854,41.17641],[-108.84659,41.17124],[-108.87503,41.16347],[-108.88479,41.15693],[-108.91015,41.15118],[-108.91451,41.14791],[-108.92671,41.14715],[-108.93987,41.13867],[-108.92745,41.13148],[-108.92639,41.12693],[-108.94263,41.1267],[-108.94865,41.12447],[-108.93693,41.11934],[-108.91159,41.11645],[-108.89441,41.11137],[-108.87078,41.10752],[-108.88389,41.10791],[-108.90463,41.10141],[-108.91993,41.09996],[-108.93753,41.09546],[-108.95417,41.08851],[-108.95667,41.08491],[-108.97115,41.08438],[-108.97055,41.08772],[-108.9642,41.09223],[-108.97373,41.09447],[-108.97261,41.09899],[-108.97746,41.09421],[-108.98413,41.09375],[-108.98587,41.08634],[-108.98973,41.08402],[-108.98721,41.0812],[-108.98807,41.07713],[-108.98373,41.074],[-108.98136,41.06911],[-108.99179,41.06192],[-108.97707,41.06485],[-108.97649,41.06101],[-108.96911,41.06402],[-108.96268,41.06007],[-108.9618,41.05175],[-108.95712,41.04951],[-108.95373,41.0501],[-108.94932,41.04669],[-108.94935,41.04418],[-108.94406,41.04313],[-108.9544,41.04328],[-108.95693,41.04068],[-108.95301,41.04143],[-108.95104,41.03949],[-108.95258,41.03734],[-108.94796,41.03055],[-108.95006,41.02317],[-108.95001,41.01174],[-108.9264,41.01826],[-108.91166,41.01844],[-108.9112,41.0205],[-108.88558,41.01112],[-108.84732,41.01293],[-108.84794,41.01006],[-108.85655,41.00712],[-108.85951,41.0001],[-109.02109,41.00056],[-109.04745,41.00671],[-109.07769,41.02834],[-109.07831,41.03154],[-109.08273,41.03409],[-109.07985,41.04054],[-109.07917,41.05103],[-109.0814,41.05739],[-109.08409,41.06047],[-109.09803,41.06261],[-109.08351,41.06862],[-109.07428,41.06954],[-109.0683,41.07496],[-109.07639,41.08472],[-109.06424,41.09624],[-109.0438,41.10283],[-109.03836,41.10808],[-109.02431,41.11169],[-109.01597,41.11758],[-109.00424,41.11629],[-108.98859,41.12376],[-108.98976,41.12662],[-108.99701,41.12893],[-109.00528,41.13675],[-109.00784,41.14309],[-109.00696,41.14625],[-109.00986,41.15131],[-109.02127,41.15346],[-109.03193,41.16349],[-109.03293,41.1666],[-109.0304,41.17673],[-109.04302,41.1919],[-109.04871,41.19594],[-109.05177,41.20268],[-109.05137,41.22336],[-109.05406,41.23009],[-109.07378,41.23053],[-109.07345,41.24018],[-109.08136,41.24355],[-109.09714,41.23888],[-109.09902,41.23676],[-109.09602,41.23565],[-109.09913,41.23157],[-109.10966,41.23159],[-109.11523,41.22165],[-109.12061,41.22079],[-109.12688,41.21049],[-109.12184,41.2051],[-109.11778,41.20448],[-109.12144,41.19675],[-109.11774,41.19298],[-109.10766,41.19657],[-109.10439,41.1896],[-109.10684,41.18855],[-109.11163,41.18005],[-109.11164,41.17199],[-109.10686,41.16808],[-109.09828,41.16515],[-109.14687,41.14284],[-109.17294,41.15296],[-109.18926,41.15007],[-109.20078,41.14465],[-109.21348,41.13112],[-109.21281,41.12332],[-109.20357,41.11722],[-109.20288,41.11206],[-109.21078,41.10975],[-109.21607,41.10362],[-109.23609,41.09849],[-109.23759,41.09718],[-109.2369,41.0915],[-109.24891,41.08997],[-109.25422,41.07876],[-109.26956,41.06875],[-109.27986,41.06705],[-109.27575,41.05885],[-109.26073,41.04919],[-109.23738,41.04327],[-109.22399,41.04264],[-109.22469,41.05627],[-109.22271,41.05807],[-109.22888,41.06246],[-109.22188,41.05864],[-109.22343,41.05475],[-109.21926,41.04889],[-109.20267,41.0445],[-109.20501,41.0414],[-109.20472,41.03757],[-109.21095,41.03153],[-109.21048,41.02292],[-109.2173,41.02178],[-109.21904,41.01883],[-109.222,41.01841],[-109.22147,41.01574],[-109.22428,41.01557],[-109.22252,41.01387],[-109.22457,41.00577],[-109.22215,41.00186],[-109.43339,40.99963],[-109.42869,41.0035],[-109.42541,41.01271],[-109.37685,41.04292],[-109.34407,41.06644],[-109.31162,41.1058],[-109.31469,41.10951],[-109.31334,41.11597],[-109.30504,41.12572],[-109.30477,41.13225],[-109.30211,41.13508],[-109.29847,41.14862],[-109.29777,41.15878],[-109.30035,41.16643],[-109.30998,41.1804],[-109.30952,41.18793],[-109.31288,41.19447],[-109.3121,41.19673],[-109.3157,41.20063],[-109.31735,41.20614],[-109.32789,41.21535],[-109.33567,41.21592],[-109.34809,41.21311],[-109.35877,41.21598],[-109.40375,41.21655],[-109.422,41.22332],[-109.4389,41.23318],[-109.45154,41.23652],[-109.47028,41.2454]]]}},{"type":"Feature","id":"82923","properties":{"zip":"82923","pop":null,"city":"","county":"Sublette","state":"Wyoming","area":741.02,"lat":42.61605,"lon":-109.40077},"geometry":{"type":"Polygon","coordinates":[[[-109.88698,42.69701],[-109.82259,42.7109],[-109.8172,42.72274],[-109.82394,42.72892],[-109.83325,42.73089],[-109.83607,42.73435],[-109.76511,42.75807],[-109.76617,42.76087],[-109.79892,42.77243],[-109.78763,42.7751],[-109.78238,42.77282],[-109.78168,42.7748],[-109.78516,42.77819],[-109.7816,42.78215],[-109.78612,42.78516],[-109.78557,42.78702],[-109.78724,42.78656],[-109.78452,42.78885],[-109.78654,42.7886],[-109.78894,42.79319],[-109.76279,42.78009],[-109.76254,42.78452],[-109.7529,42.78448],[-109.75287,42.77594],[-109.74197,42.77585],[-109.74171,42.77223],[-109.74984,42.7718],[-109.73186,42.75759],[-109.72971,42.75849],[-109.73226,42.76605],[-109.73192,42.77527],[-109.73501,42.78125],[-109.7447,42.78764],[-109.74724,42.79135],[-109.74542,42.79953],[-109.74291,42.80141],[-109.74481,42.81209],[-109.74246,42.81537],[-109.73747,42.81598],[-109.73078,42.82246],[-109.72963,42.82081],[-109.72751,42.82205],[-109.72612,42.82021],[-109.71669,42.81945],[-109.71383,42.82353],[-109.71462,42.83189],[-109.7116,42.83487],[-109.70533,42.83716],[-109.69619,42.83662],[-109.68561,42.8386],[-109.67791,42.8427],[-109.65091,42.85105],[-109.62272,42.85741],[-109.61597,42.85651],[-109.60459,42.8595],[-109.59526,42.85861],[-109.59102,42.8601],[-109.58009,42.85604],[-109.57208,42.85888],[-109.533,42.86423],[-109.52853,42.86867],[-109.5147,42.86896],[-109.50149,42.8654],[-109.4789,42.85363],[-109.46614,42.85491],[-109.45104,42.86393],[-109.44667,42.87304],[-109.44347,42.87295],[-109.43257,42.88249],[-109.42752,42.88065],[-109.41995,42.88579],[-109.41972,42.89632],[-109.4127,42.90134],[-109.3889,42.90807],[-109.38998,42.91079],[-109.37321,42.91821],[-109.36228,42.91753],[-109.36473,42.93013],[-109.37055,42.93534],[-109.37477,42.94329],[-109.37066,42.94573],[-109.35959,42.93345],[-109.35641,42.92475],[-109.34536,42.9189],[-109.33853,42.89751],[-109.33191,42.89542],[-109.33179,42.88344],[-109.32919,42.87703],[-109.33046,42.87495],[-109.32761,42.87338],[-109.32007,42.86016],[-109.31536,42.85613],[-109.30136,42.85169],[-109.29166,42.8458],[-109.28516,42.84647],[-109.28302,42.84847],[-109.27889,42.84601],[-109.28119,42.84296],[-109.27702,42.83615],[-109.27117,42.83201],[-109.27026,42.82632],[-109.2685,42.82435],[-109.264,42.82416],[-109.25977,42.81524],[-109.24797,42.80616],[-109.24375,42.80526],[-109.23687,42.80952],[-109.23156,42.8039],[-109.21414,42.79983],[-109.21034,42.79314],[-109.22011,42.79026],[-109.22595,42.79094],[-109.22672,42.788],[-109.23736,42.77674],[-109.2361,42.76846],[-109.21745,42.76005],[-109.2146,42.76179],[-109.21357,42.76685],[-109.2098,42.77042],[-109.19526,42.76854],[-109.18461,42.76033],[-109.18257,42.75607],[-109.17874,42.75472],[-109.17947,42.75104],[-109.16068,42.74807],[-109.16021,42.74378],[-109.14404,42.74226],[-109.14143,42.73875],[-109.13232,42.73748],[-109.13403,42.7357],[-109.13327,42.73309],[-109.14328,42.73323],[-109.14791,42.72756],[-109.13792,42.72142],[-109.13435,42.71782],[-109.13225,42.71023],[-109.12841,42.70839],[-109.1377,42.70512],[-109.1338,42.69844],[-109.13447,42.69429],[-109.07285,42.69351],[-109.06961,42.45876],[-109.09041,42.46778],[-109.09235,42.46223],[-109.08427,42.45089],[-109.08755,42.44816],[-109.09488,42.43422],[-109.09485,42.42807],[-109.10155,42.42048],[-109.09977,42.41432],[-109.10354,42.40723],[-109.10171,42.40253],[-109.10159,42.38269],[-109.10924,42.37465],[-109.10782,42.36794],[-109.11121,42.36296],[-109.10367,42.3571],[-109.10336,42.34607],[-109.10508,42.34397],[-109.10107,42.33751],[-109.10341,42.33199],[-109.10242,42.32732],[-109.10991,42.32465],[-109.10848,42.32174],[-109.11173,42.31856],[-109.10825,42.31309],[-109.10927,42.30739],[-109.11491,42.30559],[-109.111,42.30224],[-109.11759,42.2948],[-109.12255,42.29215],[-109.13423,42.29335],[-109.14325,42.29656],[-109.14518,42.30252],[-109.14928,42.3035],[-109.1581,42.31104],[-109.17219,42.32787],[-109.19081,42.31861],[-109.19563,42.3023],[-109.19465,42.29817],[-109.19823,42.30077],[-109.21479,42.28496],[-109.21771,42.27391],[-109.23377,42.2635],[-109.25953,42.26354],[-109.26788,42.27466],[-109.26846,42.2839],[-109.27853,42.29412],[-109.29001,42.29948],[-109.30298,42.30076],[-109.30092,42.30553],[-109.28945,42.3134],[-109.28753,42.31693],[-109.28024,42.36792],[-109.28321,42.374],[-109.29279,42.37634],[-109.30587,42.37588],[-109.32071,42.38116],[-109.32306,42.38635],[-109.34262,42.40412],[-109.34454,42.4126],[-109.34315,42.41732],[-109.3505,42.42374],[-109.35849,42.42392],[-109.36548,42.43027],[-109.37329,42.43196],[-109.38442,42.42626],[-109.39764,42.42808],[-109.41252,42.42255],[-109.42774,42.42236],[-109.43528,42.41554],[-109.44425,42.41792],[-109.45123,42.41453],[-109.45556,42.41525],[-109.46167,42.42226],[-109.46146,42.42463],[-109.46461,42.42555],[-109.46748,42.43005],[-109.46673,42.43153],[-109.49061,42.43664],[-109.50197,42.42844],[-109.53161,42.42607],[-109.54298,42.42259],[-109.58091,42.42242],[-109.62927,42.41174],[-109.64928,42.39876],[-109.66869,42.39446],[-109.68412,42.37619],[-109.69187,42.37987],[-109.74232,42.41413],[-109.72471,42.42843],[-109.71337,42.43124],[-109.69134,42.45011],[-109.66682,42.45631],[-109.65882,42.464],[-109.64749,42.46527],[-109.64466,42.46749],[-109.6332,42.47001],[-109.62213,42.46903],[-109.6098,42.46239],[-109.60128,42.4644],[-109.58387,42.463],[-109.57849,42.46494],[-109.58009,42.47282],[-109.56946,42.47772],[-109.56019,42.48793],[-109.59145,42.50314],[-109.60721,42.52748],[-109.61317,42.56357],[-109.61825,42.57772],[-109.64696,42.61715],[-109.6573,42.62511],[-109.68363,42.65335],[-109.6938,42.66964],[-109.70693,42.68435],[-109.71363,42.68178],[-109.73274,42.67967],[-109.75164,42.66706],[-109.76672,42.66253],[-109.77339,42.66359],[-109.81182,42.64878],[-109.82617,42.64633],[-109.8439,42.631],[-109.84197,42.61138],[-109.84381,42.60294],[-109.85586,42.60522],[-109.84836,42.61641],[-109.85234,42.62099],[-109.85229,42.63148],[-109.85028,42.63673],[-109.84571,42.63953],[-109.8436,42.64452],[-109.83795,42.64737],[-109.83871,42.65237],[-109.87217,42.6539],[-109.8765,42.6691],[-109.87838,42.68516],[-109.88504,42.69049],[-109.88698,42.69701]]]}},{"type":"Feature","id":"82925","properties":{"zip":"82925","pop":null,"city":"","county":"Sublette","state":"Wyoming","area":523.3,"lat":43.23112,"lon":-109.89386},"geometry":{"type":"MultiPolygon","coordinates":[[[[-110.08274,42.95646],[-110.06869,42.96115],[-110.06841,42.97039],[-110.06592,42.97058],[-110.05733,42.96664],[-110.05746,42.96328],[-110.05313,42.95891],[-110.04746,42.95708],[-110.04375,42.9535],[-110.03594,42.95175],[-110.02983,42.95414],[-110.02662,42.95722],[-110.02677,42.96478],[-110.02884,42.97008],[-110.03312,42.97224],[-110.02886,42.97574],[-110.0293,42.9823],[-110.01652,42.98423],[-110.00042,42.9904],[-109.98996,42.97926],[-109.98907,42.97314],[-110.01416,42.97315],[-110.00523,42.96043],[-109.98909,42.96044],[-109.98908,42.97044],[-109.98387,42.96944],[-109.97845,42.96],[-109.97818,42.95623],[-109.97219,42.95257],[-109.97377,42.94233],[-109.96921,42.93935],[-109.97018,42.93757],[-109.96804,42.93722],[-109.96695,42.93092],[-109.96945,42.92962],[-109.97106,42.93178],[-109.96976,42.92918],[-109.96463,42.92563],[-109.96548,42.92277],[-109.96376,42.91996],[-109.96615,42.91557],[-109.96952,42.91471],[-109.97657,42.92072],[-109.9811,42.90518],[-109.98413,42.90421],[-109.98933,42.90447],[-109.99789,42.90839],[-110.0079,42.9056],[-110.02499,42.90442],[-110.03083,42.90198],[-110.03559,42.91181],[-110.05447,42.92135],[-110.05796,42.9271],[-110.05733,42.9305],[-110.06617,42.93453],[-110.06312,42.93789],[-110.06412,42.94939],[-110.06835,42.95445],[-110.07227,42.95627],[-110.08274,42.95646]]],[[[-110.23488,43.52191],[-110.23373,43.52059],[-110.23273,43.52329],[-110.23095,43.52295],[-110.23338,43.52469],[-110.23117,43.52615],[-110.23314,43.52679],[-110.23291,43.52924],[-110.22887,43.53224],[-110.23048,43.53322],[-110.22933,43.53586],[-110.22489,43.53732],[-110.22471,43.54288],[-110.21129,43.54763],[-110.20191,43.53883],[-110.18755,43.52931],[-110.18192,43.51531],[-110.17317,43.50285],[-110.1594,43.49995],[-110.1456,43.50414],[-110.14065,43.49407],[-110.13971,43.48439],[-110.13147,43.47801],[-110.12512,43.46814],[-110.12451,43.46412],[-110.09527,43.44062],[-110.07374,43.43095],[-110.06969,43.41341],[-110.05698,43.40301],[-110.05751,43.46476],[-109.75472,43.4632],[-109.75446,43.3659],[-109.73584,43.36529],[-109.726,43.36993],[-109.70865,43.37435],[-109.70471,43.36869],[-109.69412,43.36536],[-109.69621,43.35933],[-109.69444,43.35066],[-109.70064,43.34283],[-109.70043,43.33499],[-109.69418,43.32481],[-109.68529,43.31831],[-109.67972,43.31815],[-109.67764,43.31349],[-109.6721,43.30874],[-109.67401,43.30434],[-109.67192,43.30088],[-109.67359,43.29668],[-109.68158,43.29324],[-109.68066,43.28723],[-109.68567,43.28574],[-109.68551,43.28192],[-109.6787,43.27315],[-109.68377,43.2687],[-109.69272,43.26503],[-109.68256,43.2589],[-109.68199,43.25466],[-109.67884,43.25062],[-109.67381,43.24797],[-109.67697,43.24437],[-109.67765,43.23587],[-109.67279,43.23317],[-109.67009,43.2287],[-109.67578,43.22406],[-109.676,43.21511],[-109.67074,43.21273],[-109.67046,43.20956],[-109.66478,43.20609],[-109.66554,43.20441],[-109.6586,43.2015],[-109.66077,43.19963],[-109.65483,43.18672],[-109.65566,43.17606],[-109.651,43.16686],[-109.64368,43.16213],[-109.63492,43.16592],[-109.63028,43.16317],[-109.62948,43.15177],[-109.63095,43.14923],[-109.62063,43.1256],[-109.61201,43.12495],[-109.60395,43.11898],[-109.59568,43.11827],[-109.58493,43.10894],[-109.58119,43.10149],[-109.57729,43.0996],[-109.57037,43.09965],[-109.56834,43.09436],[-109.56941,43.09036],[-109.56529,43.08513],[-109.56045,43.08354],[-109.5616,43.07778],[-109.55858,43.07441],[-109.553,43.0723],[-109.55183,43.0679],[-109.55461,43.06213],[-109.55221,43.05983],[-109.56185,43.05199],[-109.57075,43.04934],[-109.56441,43.04659],[-109.55983,43.04776],[-109.56031,43.03951],[-109.55205,43.03996],[-109.54871,43.03671],[-109.55431,43.03195],[-109.55575,43.02701],[-109.55371,43.02484],[-109.55541,43.02167],[-109.55454,43.019],[-109.5731,43.0145],[-109.5871,43.01864],[-109.59063,43.01631],[-109.59996,43.01887],[-109.60427,43.01665],[-109.6096,43.01946],[-109.61443,43.01484],[-109.62107,43.01428],[-109.62758,43.011],[-109.63618,43.01718],[-109.64305,43.01669],[-109.648,43.01263],[-109.65987,43.01839],[-109.67499,43.01615],[-109.68014,43.02089],[-109.69237,43.01983],[-109.69506,43.02154],[-109.69509,43.01929],[-109.70587,43.01156],[-109.72,43.00677],[-109.72052,43.00092],[-109.72612,42.99479],[-109.72722,42.99044],[-109.73359,42.99656],[-109.74754,43.00429],[-109.75292,43.01173],[-109.76327,43.01633],[-109.77097,43.02327],[-109.77787,43.02389],[-109.76887,43.02817],[-109.76875,43.03279],[-109.76183,43.03746],[-109.76259,43.04278],[-109.75735,43.05827],[-109.75667,43.06798],[-109.76032,43.09673],[-109.75913,43.09989],[-109.76029,43.10186],[-109.76861,43.10272],[-109.77476,43.10634],[-109.77575,43.09717],[-109.78082,43.09018],[-109.78108,43.08202],[-109.78461,43.08091],[-109.79709,43.08699],[-109.82198,43.08047],[-109.8224,43.07622],[-109.82496,43.07436],[-109.82064,43.05434],[-109.82156,43.0525],[-109.8255,43.05269],[-109.82349,43.0455],[-109.82627,43.04497],[-109.82873,43.0399],[-109.83651,43.03471],[-109.83518,43.03256],[-109.83637,43.02517],[-109.85262,43.01067],[-109.87457,42.99793],[-109.90875,42.99313],[-109.92025,42.97768],[-109.9274,42.97764],[-109.93475,42.97504],[-109.93452,42.97742],[-109.94236,42.98442],[-109.94197,42.99063],[-109.94359,42.99321],[-109.9464,42.99094],[-109.94657,42.98775],[-109.95468,42.98908],[-109.96227,42.98627],[-109.97281,42.99971],[-109.98509,42.997],[-109.9917,42.99354],[-109.99414,42.98745],[-109.99411,42.99359],[-109.99621,42.9964],[-109.99496,43.00117],[-109.99921,43.00945],[-109.99898,43.01784],[-110.00696,43.02546],[-110.00756,43.03033],[-110.0056,43.03358],[-110.01732,43.04875],[-110.01692,43.05942],[-110.01968,43.0641],[-110.02237,43.06517],[-110.01973,43.07848],[-110.02748,43.08712],[-110.02393,43.09931],[-110.02728,43.10649],[-110.03392,43.11333],[-110.04203,43.11576],[-110.05145,43.12303],[-110.05591,43.13273],[-110.06282,43.13708],[-110.06147,43.13768],[-110.05908,43.141],[-110.05742,43.13954],[-110.05257,43.14163],[-110.05123,43.14507],[-110.05277,43.14754],[-110.04946,43.14656],[-110.04766,43.14731],[-110.04685,43.14838],[-110.04713,43.14969],[-110.05003,43.15311],[-110.04318,43.15163],[-110.04156,43.15242],[-110.04187,43.15326],[-110.04641,43.15555],[-110.046,43.15807],[-110.04355,43.15879],[-110.03797,43.15558],[-110.04115,43.15158],[-110.04162,43.14995],[-110.04045,43.1494],[-110.03728,43.15092],[-110.03406,43.15711],[-110.03715,43.15195],[-110.04068,43.1499],[-110.03768,43.15602],[-110.04387,43.15921],[-110.04557,43.15894],[-110.04736,43.15714],[-110.04704,43.15562],[-110.04216,43.15217],[-110.05094,43.15392],[-110.04743,43.14788],[-110.05329,43.1476],[-110.05252,43.14249],[-110.05656,43.14003],[-110.05838,43.14137],[-110.0605,43.14072],[-110.06357,43.13736],[-110.07189,43.1467],[-110.08283,43.14666],[-110.08827,43.15415],[-110.0892,43.16021],[-110.09849,43.17166],[-110.11157,43.1776],[-110.11112,43.17909],[-110.11841,43.1859],[-110.12688,43.18949],[-110.13433,43.2038],[-110.13073,43.20816],[-110.13256,43.21551],[-110.14741,43.22575],[-110.14601,43.37813],[-110.12394,43.3781],[-110.12745,43.3864],[-110.13425,43.38916],[-110.13224,43.39245],[-110.13508,43.39643],[-110.13202,43.39803],[-110.14025,43.40232],[-110.14279,43.40732],[-110.15038,43.40848],[-110.15778,43.41309],[-110.16168,43.41247],[-110.16303,43.41702],[-110.16075,43.41603],[-110.1531,43.42332],[-110.15676,43.43132],[-110.15487,43.43489],[-110.15561,43.44134],[-110.1598,43.44729],[-110.15996,43.45704],[-110.17188,43.46054],[-110.17225,43.46264],[-110.17796,43.46445],[-110.18142,43.46955],[-110.18845,43.46997],[-110.18852,43.47286],[-110.19478,43.47467],[-110.19452,43.47663],[-110.19891,43.47606],[-110.19959,43.48047],[-110.20704,43.48544],[-110.20773,43.48716],[-110.20446,43.48932],[-110.21361,43.49086],[-110.21855,43.49827],[-110.22317,43.49638],[-110.2263,43.49825],[-110.22449,43.49893],[-110.22427,43.50121],[-110.22645,43.50137],[-110.2247,43.50256],[-110.22704,43.50332],[-110.22554,43.50449],[-110.22903,43.51249],[-110.2345,43.51473],[-110.23203,43.51548],[-110.23488,43.52191]]]]}},{"type":"Feature","id":"82935","properties":{"zip":"82935","pop":null,"city":"Green River","county":"Sweetwater","state":"Wyoming","area":102.4,"lat":41.67739,"lon":-109.65995},"geometry":{"type":"Polygon","coordinates":[[[-110.04643,41.97858],[-110.01265,41.98784],[-110.00688,41.9867],[-109.99355,41.9789],[-109.95393,41.96475],[-109.96515,41.95524],[-109.96855,41.95041],[-109.9688,41.94772],[-109.96692,41.94682],[-109.92446,41.93903],[-109.91593,41.93474],[-109.91369,41.9294],[-109.90357,41.92882],[-109.89889,41.93187],[-109.89997,41.93597],[-109.87796,41.93384],[-109.86447,41.92397],[-109.85095,41.91709],[-109.8495,41.91462],[-109.82818,41.90818],[-109.82148,41.90323],[-109.81227,41.90002],[-109.80519,41.89408],[-109.80476,41.88671],[-109.80222,41.88475],[-109.80865,41.88141],[-109.79993,41.8816],[-109.79778,41.8763],[-109.80147,41.87241],[-109.79744,41.86942],[-109.79279,41.87081],[-109.79102,41.86959],[-109.79446,41.86635],[-109.80254,41.86401],[-109.80369,41.86171],[-109.80129,41.85887],[-109.79419,41.85983],[-109.79216,41.85789],[-109.79314,41.85469],[-109.79138,41.85148],[-109.78399,41.85104],[-109.78591,41.84727],[-109.7948,41.84598],[-109.79921,41.83831],[-109.79529,41.83451],[-109.79463,41.8304],[-109.79419,41.81942],[-109.80025,41.81692],[-109.79771,41.80534],[-109.78697,41.79169],[-109.77736,41.79103],[-109.77237,41.78884],[-109.76878,41.78453],[-109.7611,41.78583],[-109.757,41.79063],[-109.75308,41.7846],[-109.7389,41.77705],[-109.73486,41.76831],[-109.73488,41.76361],[-109.73275,41.76089],[-109.72932,41.76027],[-109.72431,41.75828],[-109.73326,41.76058],[-109.73305,41.75882],[-109.73609,41.75695],[-109.73599,41.75458],[-109.73071,41.7542],[-109.73022,41.74929],[-109.7324,41.74646],[-109.72982,41.74293],[-109.73413,41.74232],[-109.72912,41.73899],[-109.72773,41.73049],[-109.71619,41.71754],[-109.71389,41.71136],[-109.70557,41.70589],[-109.70223,41.70949],[-109.70259,41.7073],[-109.69382,41.70899],[-109.65567,41.68595],[-109.64154,41.68411],[-109.6232,41.66084],[-109.61339,41.65951],[-109.60567,41.65074],[-109.5898,41.64969],[-109.58798,41.64449],[-109.58177,41.63927],[-109.58326,41.63299],[-109.58182,41.62471],[-109.5785,41.61967],[-109.575,41.61589],[-109.56487,41.61152],[-109.55621,41.61245],[-109.54673,41.61091],[-109.54494,41.59015],[-109.54271,41.58565],[-109.54048,41.58323],[-109.52768,41.58102],[-109.52671,41.57126],[-109.52322,41.58429],[-109.51137,41.58347],[-109.5192,41.57124],[-109.51639,41.56322],[-109.50942,41.55866],[-109.50947,41.555],[-109.49562,41.55327],[-109.48314,41.54672],[-109.46397,41.54668],[-109.46366,41.54203],[-109.47445,41.53905],[-109.44562,41.52386],[-109.45253,41.52135],[-109.45825,41.52387],[-109.45843,41.52581],[-109.46095,41.52368],[-109.43662,41.51561],[-109.42702,41.5167],[-109.42343,41.52107],[-109.42051,41.519],[-109.41478,41.5192],[-109.40454,41.5233],[-109.39655,41.52287],[-109.38708,41.5275],[-109.38157,41.52143],[-109.37209,41.52344],[-109.35649,41.51779],[-109.34869,41.51864],[-109.34899,41.48828],[-109.33759,41.4883],[-109.33586,41.48133],[-109.33963,41.4779],[-109.33607,41.47409],[-109.35479,41.47595],[-109.3601,41.47438],[-109.36364,41.47643],[-109.37099,41.47456],[-109.37142,41.47711],[-109.37778,41.47474],[-109.37847,41.47599],[-109.38711,41.47207],[-109.38571,41.46644],[-109.38767,41.46106],[-109.39164,41.46475],[-109.40202,41.46587],[-109.40993,41.46065],[-109.42046,41.45996],[-109.4271,41.46339],[-109.43379,41.46283],[-109.44336,41.46958],[-109.46504,41.46347],[-109.46799,41.46591],[-109.48318,41.46356],[-109.48545,41.47113],[-109.48223,41.47645],[-109.48383,41.47831],[-109.48369,41.48522],[-109.4786,41.4852],[-109.47864,41.48706],[-109.47891,41.48539],[-109.48313,41.48525],[-109.48441,41.48802],[-109.49348,41.48901],[-109.49357,41.4935],[-109.49725,41.49698],[-109.49708,41.49921],[-109.49138,41.50236],[-109.49412,41.5102],[-109.50003,41.51425],[-109.50178,41.51836],[-109.50615,41.52008],[-109.52464,41.51607],[-109.53102,41.52005],[-109.53864,41.51931],[-109.56481,41.52448],[-109.64688,41.53441],[-109.65859,41.53438],[-109.65663,41.54118],[-109.6537,41.5434],[-109.61572,41.54531],[-109.60189,41.54964],[-109.58301,41.54911],[-109.56825,41.5514],[-109.56281,41.56021],[-109.55533,41.56261],[-109.55167,41.56582],[-109.54238,41.56734],[-109.54764,41.56722],[-109.55488,41.5768],[-109.55932,41.57959],[-109.57766,41.58101],[-109.59355,41.57861],[-109.5985,41.58476],[-109.62902,41.59303],[-109.66713,41.61598],[-109.68534,41.64353],[-109.72907,41.6913],[-109.74297,41.71028],[-109.75086,41.71676],[-109.81364,41.78612],[-109.81479,41.79584],[-109.82294,41.81956],[-109.8228,41.83175],[-109.83242,41.85194],[-109.8649,41.87161],[-109.8513,41.90486],[-109.87147,41.89864],[-109.86921,41.90863],[-109.87301,41.91357],[-109.88975,41.91566],[-109.89202,41.91207],[-109.90354,41.91187],[-109.92244,41.90384],[-109.98672,41.9411],[-110.00498,41.94423],[-110.0174,41.95013],[-110.04646,41.95821],[-110.04643,41.97858]]]}},{"type":"Feature","id":"82083","properties":{"zip":"82083","pop":null,"city":"","county":"Albany","state":"Wyoming","area":185.23,"lat":41.72293,"lon":-105.99097},"geometry":{"type":"Polygon","coordinates":[[[-106.32359,41.5357],[-106.32098,41.54174],[-106.3231,41.54741],[-106.31895,41.55199],[-106.31615,41.55448],[-106.31274,41.55505],[-106.31167,41.55354],[-106.30771,41.55567],[-106.29752,41.55044],[-106.2853,41.56725],[-106.28705,41.56979],[-106.28191,41.57474],[-106.28178,41.57982],[-106.26488,41.59457],[-106.25667,41.59763],[-106.25021,41.60265],[-106.2334,41.60545],[-106.22475,41.60266],[-106.22502,41.61772],[-106.21548,41.62967],[-106.22184,41.63024],[-106.22849,41.63589],[-106.23528,41.6557],[-106.21393,41.65558],[-106.2142,41.69917],[-106.17825,41.69951],[-106.17073,41.68842],[-106.15633,41.68366],[-106.14606,41.67641],[-106.13242,41.688],[-106.14438,41.69646],[-106.14441,41.69983],[-106.07266,41.6998],[-106.07285,41.71568],[-106.06715,41.71778],[-106.06558,41.72015],[-106.05856,41.7212],[-106.04775,41.7268],[-106.03778,41.72138],[-106.03259,41.72109],[-106.03231,41.71766],[-106.03219,41.71926],[-106.02538,41.71975],[-106.02332,41.72163],[-106.01787,41.71971],[-106.01827,41.72315],[-106.01325,41.72244],[-105.9927,41.73988],[-106.0096,41.73866],[-106.00788,41.74197],[-106.01489,41.74775],[-106.01207,41.7508],[-106.00187,41.75534],[-106.00181,41.7644],[-105.99843,41.76577],[-106.00098,41.76944],[-105.99503,41.77362],[-105.99749,41.77555],[-105.99516,41.77718],[-106.00276,41.81096],[-105.99672,41.81544],[-105.98811,41.80958],[-105.98592,41.80542],[-105.98373,41.77884],[-105.9825,41.77885],[-105.98487,41.8041],[-105.98612,41.80784],[-105.99097,41.81335],[-105.98735,41.81223],[-105.97542,41.81403],[-105.97497,41.82426],[-105.96574,41.82593],[-105.96467,41.82865],[-105.95516,41.8287],[-105.95511,41.83163],[-105.9474,41.83897],[-105.95513,41.83895],[-105.95543,41.84278],[-105.95805,41.84282],[-105.95548,41.84593],[-105.95548,41.85232],[-105.96016,41.84873],[-105.97065,41.85204],[-106.00036,41.85251],[-106.00478,41.86098],[-105.99993,41.86754],[-106.00047,41.87041],[-105.97684,41.8788],[-105.97057,41.88498],[-105.97039,41.89337],[-105.97829,41.89587],[-105.98103,41.89437],[-105.98999,41.89562],[-106.00056,41.89931],[-106.00739,41.89938],[-106.01575,41.89627],[-106.03024,41.90791],[-106.03624,41.90747],[-106.04212,41.91008],[-106.05342,41.90784],[-106.05596,41.90905],[-106.05424,41.91465],[-106.06043,41.91598],[-106.06331,41.9158],[-106.07329,41.90861],[-106.07318,41.92797],[-106.0684,41.92861],[-106.07046,41.92694],[-106.06764,41.92532],[-106.06719,41.92746],[-106.06524,41.92585],[-106.06017,41.9289],[-106.04659,41.92843],[-106.04735,41.93075],[-106.04435,41.93028],[-106.04162,41.92618],[-106.03936,41.92787],[-106.03173,41.92418],[-106.02978,41.92541],[-106.02788,41.92466],[-106.02995,41.92255],[-106.02819,41.92213],[-106.02406,41.9236],[-106.02518,41.92174],[-106.02116,41.92075],[-106.02448,41.92077],[-106.02225,41.92026],[-106.02389,41.91844],[-106.0202,41.91537],[-106.00925,41.91362],[-106.00771,41.91544],[-106.00376,41.91471],[-106.00069,41.91167],[-105.99554,41.91144],[-105.99846,41.91116],[-105.99998,41.90594],[-105.995,41.90597],[-105.99426,41.90428],[-105.98957,41.90688],[-105.98584,41.9057],[-105.98285,41.90713],[-105.98492,41.90163],[-105.97334,41.90031],[-105.96002,41.9014],[-105.95724,41.89644],[-105.95557,41.89599],[-105.95652,41.89771],[-105.94721,41.89659],[-105.94904,41.89607],[-105.94906,41.89329],[-105.94885,41.89554],[-105.94439,41.89401],[-105.93893,41.89659],[-105.93332,41.89658],[-105.93535,41.89606],[-105.9357,41.89368],[-105.93333,41.89324],[-105.93263,41.88982],[-105.9378,41.88973],[-105.93239,41.88838],[-105.93123,41.88642],[-105.9299,41.88751],[-105.92406,41.88282],[-105.93925,41.87787],[-105.94031,41.87602],[-105.92017,41.8627],[-105.9116,41.84923],[-105.90395,41.84592],[-105.88211,41.84852],[-105.88303,41.85766],[-105.88599,41.8586],[-105.87811,41.8624],[-105.87872,41.87078],[-105.87627,41.87323],[-105.87259,41.87342],[-105.86617,41.86966],[-105.85659,41.87095],[-105.84099,41.87995],[-105.83768,41.88286],[-105.83813,41.89684],[-105.75404,41.91037],[-105.75123,41.89491],[-105.74441,41.88002],[-105.75547,41.86172],[-105.76194,41.85688],[-105.77184,41.85309],[-105.76721,41.84506],[-105.75654,41.84492],[-105.75481,41.85369],[-105.73255,41.85518],[-105.72953,41.84858],[-105.73308,41.84392],[-105.72904,41.83374],[-105.72508,41.83094],[-105.72567,41.82527],[-105.721,41.81438],[-105.71555,41.81383],[-105.71166,41.8002],[-105.72415,41.79242],[-105.73823,41.80651],[-105.74692,41.80713],[-105.75411,41.81338],[-105.76342,41.81814],[-105.77903,41.81431],[-105.77797,41.82932],[-105.78455,41.83602],[-105.78456,41.84272],[-105.79472,41.84036],[-105.79698,41.84649],[-105.82289,41.84159],[-105.83107,41.83632],[-105.83937,41.82613],[-105.84898,41.82438],[-105.83379,41.81596],[-105.83801,41.80957],[-105.83637,41.8014],[-105.83286,41.79707],[-105.81031,41.79077],[-105.79878,41.78072],[-105.77721,41.77073],[-105.78011,41.76495],[-105.7869,41.76221],[-105.79992,41.74804],[-105.78831,41.74433],[-105.7844,41.74123],[-105.81086,41.71378],[-105.8146,41.71299],[-105.82574,41.70379],[-105.83001,41.69425],[-105.82822,41.68501],[-105.8526,41.69658],[-105.88477,41.71608],[-105.9657,41.72877],[-105.96595,41.71509],[-105.98511,41.7151],[-105.99611,41.7084],[-105.97949,41.70596],[-105.98389,41.69477],[-105.98744,41.69184],[-105.9897,41.69381],[-105.98771,41.69078],[-105.98837,41.68654],[-105.99951,41.66425],[-105.99765,41.66665],[-105.9894,41.66585],[-105.9813,41.66763],[-105.97514,41.67216],[-105.97557,41.67577],[-105.97159,41.67706],[-105.94028,41.6472],[-105.94586,41.64376],[-105.9545,41.64672],[-105.97401,41.63284],[-105.98926,41.62489],[-105.99004,41.62074],[-105.98581,41.61357],[-106.00626,41.61317],[-106.00595,41.62539],[-106.03403,41.63807],[-106.06132,41.65333],[-106.06302,41.65685],[-106.07215,41.65466],[-106.07319,41.62385],[-106.07184,41.6215],[-106.07132,41.49892],[-106.08184,41.49779],[-106.08451,41.48456],[-106.0889,41.48211],[-106.08848,41.48052],[-106.09754,41.47999],[-106.10444,41.48376],[-106.11593,41.48642],[-106.10555,41.49291],[-106.10116,41.49948],[-106.10009,41.50826],[-106.08124,41.51446],[-106.08248,41.51899],[-106.0909,41.51977],[-106.09286,41.52514],[-106.10363,41.51569],[-106.11297,41.5141],[-106.11882,41.51539],[-106.12999,41.52226],[-106.13572,41.52088],[-106.12677,41.53977],[-106.12382,41.54205],[-106.13465,41.54003],[-106.14058,41.54188],[-106.13552,41.54321],[-106.13307,41.55042],[-106.136,41.55578],[-106.1406,41.55889],[-106.13208,41.56377],[-106.14461,41.56739],[-106.19446,41.5949],[-106.1948,41.59139],[-106.19105,41.58767],[-106.19725,41.59054],[-106.20403,41.59018],[-106.21466,41.58895],[-106.22233,41.5858],[-106.23153,41.5938],[-106.23795,41.59348],[-106.24226,41.58528],[-106.25085,41.57885],[-106.25365,41.57192],[-106.25867,41.56912],[-106.26198,41.56182],[-106.26891,41.55623],[-106.26666,41.54953],[-106.2634,41.54912],[-106.26374,41.54493],[-106.26929,41.54736],[-106.28012,41.54553],[-106.28868,41.5464],[-106.29029,41.54356],[-106.29804,41.54281],[-106.29663,41.54071],[-106.29869,41.53792],[-106.304,41.53491],[-106.32197,41.53392],[-106.32359,41.5357]]]}},{"type":"Feature","id":"82190","properties":{"zip":"82190","pop":null,"city":"","county":"Park","state":"Wyoming","area":2230.07,"lat":44.5745,"lon":-110.51794},"geometry":{"type":"Polygon","coordinates":[[[-111.05456,45.00095],[-110.79012,45.00088],[-110.70448,44.99217],[-110.44574,44.99368],[-110.40712,44.9995],[-110.18322,44.99695],[-110.10578,45.00353],[-110.00151,45.00341],[-110.00241,44.97555],[-109.99579,44.97155],[-109.97001,44.97279],[-109.95721,44.95595],[-109.95039,44.95149],[-109.94018,44.93715],[-109.92985,44.93499],[-109.92683,44.93195],[-109.92901,44.92782],[-109.92742,44.9137],[-109.93157,44.90443],[-109.92919,44.89902],[-109.93068,44.8894],[-109.93803,44.87985],[-109.93543,44.86937],[-109.9378,44.8659],[-109.93719,44.86202],[-109.93981,44.8556],[-109.93986,44.85208],[-109.92833,44.83722],[-109.94028,44.83135],[-109.95674,44.81885],[-109.95855,44.81612],[-109.95481,44.80444],[-109.9581,44.80224],[-109.94534,44.79494],[-109.93056,44.79257],[-109.92025,44.78431],[-109.91272,44.77067],[-109.90799,44.76627],[-109.89076,44.75871],[-109.88708,44.75541],[-109.88506,44.75217],[-109.88646,44.74921],[-109.88206,44.74052],[-109.87574,44.7384],[-109.8721,44.73418],[-109.8675,44.73477],[-109.85922,44.72407],[-109.83765,44.72506],[-109.83085,44.7125],[-109.82549,44.70795],[-109.82814,44.69992],[-109.83615,44.6961],[-109.84129,44.69033],[-109.84185,44.68578],[-109.85008,44.68112],[-109.85814,44.68002],[-109.86247,44.67405],[-109.86908,44.67091],[-109.87408,44.66531],[-109.87574,44.65802],[-109.87983,44.65259],[-109.88475,44.6534],[-109.90532,44.64874],[-109.90944,44.64378],[-109.90806,44.63693],[-109.92282,44.63594],[-109.92922,44.63159],[-109.93875,44.63251],[-109.94789,44.63088],[-109.95238,44.62766],[-109.96842,44.62897],[-109.97703,44.62109],[-109.98262,44.62097],[-109.98789,44.62435],[-109.99278,44.62215],[-110.00074,44.62262],[-110.00074,44.62068],[-110.0085,44.61582],[-110.02107,44.62204],[-110.02342,44.62718],[-110.0257,44.62494],[-110.02441,44.61819],[-110.03274,44.61276],[-110.03454,44.60655],[-110.04213,44.60451],[-110.0611,44.60632],[-110.06493,44.6044],[-110.06472,44.59748],[-110.06901,44.59134],[-110.06845,44.58611],[-110.08111,44.57403],[-110.09282,44.57207],[-110.09557,44.56948],[-110.11125,44.57061],[-110.11395,44.56826],[-110.12129,44.56674],[-110.13025,44.55995],[-110.13218,44.55825],[-110.13223,44.55414],[-110.13478,44.55221],[-110.15363,44.55378],[-110.15979,44.54689],[-110.16772,44.5452],[-110.17149,44.5472],[-110.17259,44.54446],[-110.16903,44.53611],[-110.16954,44.532],[-110.15615,44.52488],[-110.15386,44.52038],[-110.1417,44.51532],[-110.14145,44.51301],[-110.14697,44.50903],[-110.14743,44.50131],[-110.14402,44.49924],[-110.14346,44.49438],[-110.13989,44.49],[-110.13008,44.48646],[-110.1297,44.47986],[-110.12626,44.47545],[-110.12076,44.47327],[-110.11243,44.477],[-110.11127,44.48015],[-110.1043,44.48473],[-110.09098,44.48944],[-110.06871,44.49056],[-110.06362,44.49463],[-110.0404,44.49533],[-110.02847,44.50096],[-110.02269,44.50144],[-110.02014,44.49937],[-110.00127,44.50404],[-110.00203,44.46017],[-110.01221,44.4494],[-110.01724,44.4472],[-110.02707,44.43788],[-110.02709,44.43001],[-110.03823,44.42415],[-110.04479,44.42701],[-110.06065,44.42107],[-110.06552,44.40655],[-110.06882,44.40121],[-110.07436,44.39856],[-110.06832,44.38942],[-110.06982,44.38738],[-110.06724,44.37684],[-110.07094,44.37382],[-110.06806,44.36439],[-110.07257,44.35819],[-110.07254,44.35185],[-110.06764,44.33787],[-110.06351,44.33614],[-110.06097,44.33196],[-110.04094,44.32819],[-110.03705,44.32369],[-110.02692,44.31949],[-110.01185,44.3263],[-110.00149,44.31941],[-110.00219,44.13252],[-111.04914,44.13237],[-111.04897,44.47407],[-111.05243,44.47841],[-111.05456,45.00095]]]}},{"type":"Feature","id":"83127","properties":{"zip":"83127","pop":null,"city":"","county":"Lincoln","state":"Wyoming","area":169.41,"lat":42.91813,"lon":-110.99765},"geometry":{"type":"Polygon","coordinates":[[[-111.28718,42.9353],[-111.28263,42.94401],[-111.27699,42.94792],[-111.27577,42.95404],[-111.27746,42.96497],[-111.27206,42.96804],[-111.2569,42.9702],[-111.24546,42.97719],[-111.22735,42.97691],[-111.21151,42.97296],[-111.20671,42.97299],[-111.19858,42.97641],[-111.18592,42.97407],[-111.18028,42.97487],[-111.16803,42.97861],[-111.16,42.99103],[-111.15041,42.99617],[-111.14291,42.99723],[-111.12433,43.00483],[-111.10435,43.00542],[-111.07973,42.99655],[-111.04402,42.99629],[-111.04274,42.96259],[-111.03404,42.95952],[-111.0331,42.95348],[-111.01265,42.95346],[-111.0094,42.95347],[-111.01171,42.95433],[-111.00741,42.95623],[-111.00815,42.96576],[-111.00995,42.96668],[-111.00123,42.9679],[-110.99994,42.9736],[-110.99429,42.97335],[-110.9951,42.96789],[-110.97306,42.96794],[-110.97288,42.98227],[-110.98266,42.98227],[-110.98249,43.01139],[-110.92494,43.01142],[-110.89548,42.99671],[-110.84674,42.98228],[-110.84577,42.98676],[-110.83885,42.99557],[-110.82526,42.99798],[-110.8029,43.00538],[-110.79782,42.99916],[-110.78752,42.99549],[-110.77454,42.98542],[-110.77129,42.98141],[-110.76749,42.96829],[-110.76281,42.96481],[-110.75204,42.96103],[-110.73792,42.96362],[-110.7307,42.96263],[-110.7251,42.95989],[-110.72768,42.96026],[-110.72722,42.95842],[-110.72336,42.9581],[-110.72496,42.95621],[-110.72118,42.95273],[-110.72213,42.9449],[-110.71947,42.94084],[-110.71898,42.93441],[-110.70975,42.91738],[-110.70453,42.86682],[-110.72763,42.8483],[-110.74395,42.82796],[-110.75674,42.82257],[-110.75729,42.82022],[-110.77695,42.82304],[-110.78651,42.81057],[-110.79111,42.80857],[-110.80419,42.80873],[-110.81053,42.84948],[-110.80957,42.89275],[-110.82026,42.92177],[-110.84054,42.9534],[-110.93383,42.95358],[-110.93402,42.94695],[-110.92424,42.94697],[-110.92451,42.92429],[-110.91401,42.92419],[-110.9142,42.90981],[-110.93782,42.90992],[-110.93781,42.90528],[-110.9531,42.90534],[-110.95366,42.89288],[-110.96057,42.88867],[-110.96524,42.88954],[-110.96286,42.88849],[-110.95332,42.88882],[-110.95322,42.85113],[-111.03469,42.85176],[-111.04407,42.85735],[-111.0438,42.78669],[-111.05403,42.78255],[-111.05846,42.78257],[-111.06349,42.78486],[-111.07059,42.78492],[-111.0741,42.79364],[-111.08069,42.79702],[-111.08286,42.80552],[-111.08779,42.80767],[-111.08829,42.81083],[-111.09526,42.81676],[-111.1009,42.81806],[-111.10537,42.82834],[-111.10827,42.82973],[-111.10731,42.83174],[-111.11179,42.83234],[-111.11221,42.83535],[-111.11797,42.83911],[-111.12,42.83848],[-111.12509,42.84221],[-111.14019,42.84748],[-111.1509,42.85482],[-111.1557,42.85439],[-111.17247,42.86204],[-111.18135,42.86324],[-111.18628,42.86131],[-111.19459,42.86319],[-111.19863,42.86005],[-111.20219,42.85991],[-111.20796,42.86496],[-111.21175,42.86401],[-111.21653,42.86589],[-111.21835,42.86952],[-111.22131,42.87072],[-111.22302,42.87953],[-111.22769,42.8819],[-111.24478,42.8982],[-111.24913,42.90883],[-111.25311,42.91374],[-111.25444,42.91325],[-111.25498,42.91613],[-111.26346,42.91865],[-111.26302,42.92083],[-111.25707,42.92245],[-111.25571,42.92446],[-111.25726,42.92766],[-111.26419,42.93197],[-111.27781,42.93519],[-111.28718,42.9353]]]}},{"type":"Feature","id":"82801","properties":{"zip":"82801","pop":null,"city":"Sheridan","county":"Sheridan","state":"Wyoming","area":373.91,"lat":44.83616,"lon":-106.89257},"geometry":{"type":"Polygon","coordinates":[[[-107.22096,44.73385],[-107.21523,44.73418],[-107.20538,44.7385],[-107.18115,44.75839],[-107.17341,44.76231],[-107.16614,44.76232],[-107.16498,44.76463],[-107.16926,44.76799],[-107.17629,44.77966],[-107.17707,44.78765],[-107.19749,44.79551],[-107.19673,44.79779],[-107.19391,44.79669],[-107.19513,44.8016],[-107.18945,44.80476],[-107.19426,44.81088],[-107.18815,44.81382],[-107.18886,44.82055],[-107.19441,44.82055],[-107.19734,44.82281],[-107.19506,44.82565],[-107.19621,44.83316],[-107.1009,44.83338],[-107.10345,44.83549],[-107.05947,44.83552],[-107.06017,44.84598],[-107.07299,44.8548],[-107.07264,44.85832],[-107.07623,44.85834],[-107.0681,44.86041],[-107.06543,44.86402],[-107.05919,44.86657],[-107.05507,44.86665],[-107.05037,44.87153],[-107.05106,44.87311],[-107.02975,44.86424],[-107.02564,44.86438],[-107.02417,44.86789],[-107.01662,44.87317],[-107.01735,44.87681],[-107.01117,44.88191],[-107.01146,44.88504],[-107.00984,44.88284],[-107.00097,44.8858],[-106.98682,44.88261],[-106.98182,44.90176],[-106.98548,44.90482],[-106.99635,44.90449],[-106.99501,44.90624],[-107.00747,44.90748],[-107.01361,44.9026],[-107.0201,44.90063],[-107.04047,44.90869],[-107.08348,44.9141],[-107.08185,44.91817],[-107.0779,44.92057],[-107.07607,44.94046],[-107.06596,44.94789],[-107.06531,44.95379],[-107.05963,44.95756],[-107.05417,44.95535],[-107.04378,44.95661],[-107.04209,44.96725],[-107.0289,44.97071],[-107.03315,44.97984],[-107.04721,44.98618],[-107.07068,44.99151],[-107.07777,44.98536],[-107.07704,44.98351],[-107.08293,44.98214],[-107.0839,44.98512],[-107.09326,44.99161],[-107.09185,44.99123],[-107.09023,44.99693],[-107.0,44.99628],[-107.00001,45.02859],[-106.99503,45.02532],[-106.98633,45.02388],[-106.98081,45.01906],[-106.97932,45.02017],[-106.9789,45.01585],[-106.97738,45.01538],[-106.97293,45.01729],[-106.97754,45.01936],[-106.97561,45.02539],[-106.95759,45.02527],[-106.95721,45.02907],[-106.94847,45.03367],[-106.92701,45.03146],[-106.91618,45.03317],[-106.9082,45.03195],[-106.89877,45.02566],[-106.89436,45.01296],[-106.88841,45.00726],[-106.85888,45.01278],[-106.85764,45.00722],[-106.85523,45.00685],[-106.85459,45.00419],[-106.85029,45.00324],[-106.84818,44.99583],[-106.43344,44.99438],[-106.43437,44.99088],[-106.43683,44.98992],[-106.4679,44.98141],[-106.47404,44.98425],[-106.47465,44.98747],[-106.49641,44.98961],[-106.49938,44.98734],[-106.49766,44.98295],[-106.49946,44.97722],[-106.49262,44.96958],[-106.48817,44.95948],[-106.49336,44.94831],[-106.54531,44.94811],[-106.54626,44.94616],[-106.54164,44.93679],[-106.54367,44.92627],[-106.56215,44.93434],[-106.56935,44.93317],[-106.58,44.93884],[-106.58454,44.94005],[-106.58712,44.93831],[-106.58699,44.93173],[-106.59336,44.92805],[-106.59311,44.92112],[-106.58832,44.91691],[-106.5883,44.91241],[-106.58978,44.9099],[-106.60353,44.90877],[-106.59312,44.90261],[-106.58603,44.89435],[-106.58933,44.89116],[-106.58326,44.88754],[-106.58394,44.8861],[-106.60092,44.88566],[-106.61596,44.87181],[-106.61547,44.86024],[-106.6327,44.86211],[-106.63424,44.86065],[-106.63292,44.85986],[-106.63419,44.8526],[-106.64576,44.8519],[-106.64216,44.84797],[-106.64149,44.84431],[-106.64897,44.83172],[-106.65667,44.83722],[-106.66472,44.84009],[-106.6741,44.83906],[-106.6859,44.8458],[-106.69025,44.84625],[-106.70799,44.83315],[-106.70953,44.82851],[-106.71372,44.82438],[-106.71764,44.82771],[-106.71735,44.83032],[-106.72326,44.83509],[-106.73319,44.8352],[-106.73441,44.83726],[-106.7332,44.84378],[-106.73748,44.85011],[-106.73382,44.86056],[-106.73675,44.86442],[-106.7391,44.86474],[-106.74506,44.8533],[-106.75527,44.85139],[-106.7592,44.84588],[-106.76441,44.8454],[-106.7742,44.84911],[-106.77543,44.84387],[-106.77203,44.83646],[-106.77756,44.83205],[-106.78152,44.82332],[-106.78496,44.82085],[-106.77647,44.81572],[-106.75879,44.79656],[-106.78072,44.81809],[-106.80958,44.82891],[-106.80202,44.8177],[-106.79796,44.81612],[-106.80053,44.81384],[-106.80063,44.80346],[-106.79774,44.80264],[-106.80027,44.79475],[-106.79357,44.79052],[-106.79703,44.79107],[-106.79479,44.78922],[-106.79505,44.78592],[-106.79826,44.77945],[-106.79447,44.7709],[-106.79617,44.76544],[-106.7922,44.7608],[-106.7956,44.75719],[-106.79531,44.75415],[-106.7924,44.74849],[-106.79006,44.7485],[-106.7901,44.71545],[-106.77746,44.70814],[-106.77338,44.70996],[-106.76225,44.70831],[-106.75245,44.70945],[-106.75005,44.70476],[-106.75474,44.70453],[-106.7685,44.69784],[-106.77469,44.69274],[-106.77465,44.69033],[-106.74601,44.69045],[-106.74415,44.67886],[-106.74932,44.66484],[-106.74745,44.65566],[-106.75877,44.65088],[-106.76418,44.64519],[-106.76496,44.64075],[-106.77053,44.64238],[-106.7719,44.65319],[-106.77747,44.66074],[-106.79386,44.65743],[-106.79902,44.65914],[-106.80283,44.66515],[-106.80812,44.66543],[-106.81151,44.66259],[-106.81843,44.66346],[-106.82208,44.66088],[-106.82532,44.66312],[-106.83161,44.66123],[-106.8309,44.65905],[-106.83246,44.65833],[-106.84083,44.65865],[-106.84121,44.65308],[-106.84359,44.64968],[-106.84249,44.6442],[-106.84552,44.6435],[-106.85128,44.64591],[-106.85124,44.64467],[-106.87144,44.64434],[-106.87166,44.62633],[-106.88367,44.62623],[-106.88228,44.62381],[-106.8902,44.62267],[-106.89753,44.6269],[-106.89826,44.62541],[-106.90498,44.62585],[-106.9136,44.63212],[-106.9167,44.62397],[-106.90785,44.61247],[-106.91249,44.60559],[-106.90483,44.60083],[-106.89697,44.59921],[-106.89379,44.59556],[-106.8947,44.59416],[-106.90478,44.5937],[-106.91242,44.59747],[-106.93977,44.60041],[-106.94391,44.59874],[-106.96218,44.5995],[-106.9641,44.59732],[-106.95962,44.59255],[-106.96165,44.59172],[-106.97397,44.59456],[-106.97743,44.59235],[-106.98234,44.60425],[-106.97409,44.60858],[-106.97112,44.60754],[-106.96953,44.60903],[-106.97098,44.61403],[-106.96019,44.61633],[-106.95667,44.6226],[-106.9661,44.62732],[-106.97183,44.63416],[-106.97072,44.63863],[-106.96627,44.64065],[-106.97437,44.65568],[-106.97265,44.65995],[-106.98044,44.66092],[-106.98417,44.65711],[-106.99283,44.66097],[-106.99281,44.66667],[-106.98681,44.67303],[-106.98832,44.67393],[-106.98464,44.68089],[-106.98814,44.68407],[-106.99534,44.68267],[-107.0002,44.67574],[-107.01316,44.67576],[-107.01262,44.68294],[-107.01754,44.68289],[-107.0313,44.67988],[-107.04101,44.68077],[-107.05182,44.67904],[-107.0682,44.67398],[-107.0838,44.68464],[-107.08416,44.68953],[-107.08571,44.68967],[-107.08985,44.68731],[-107.09476,44.68748],[-107.09833,44.68278],[-107.11246,44.67486],[-107.11659,44.66862],[-107.11668,44.66077],[-107.17424,44.66016],[-107.17418,44.68961],[-107.21662,44.69143],[-107.21638,44.71849],[-107.21824,44.7328],[-107.22271,44.7328],[-107.22096,44.73385]]]}},{"type":"Feature","id":"82324","properties":{"zip":"82324","pop":null,"city":"","county":"Carbon","state":"Wyoming","area":122.45,"lat":41.64501,"lon":-106.43734},"geometry":{"type":"Polygon","coordinates":[[[-106.62676,41.69904],[-106.62096,41.698],[-106.61009,41.68878],[-106.5999,41.68847],[-106.58891,41.69693],[-106.56138,41.70836],[-106.5447,41.72306],[-106.51903,41.73178],[-106.49993,41.73277],[-106.48496,41.72951],[-106.47765,41.72976],[-106.4595,41.72207],[-106.46003,41.73246],[-106.45665,41.74031],[-106.45714,41.74327],[-106.45161,41.74119],[-106.43772,41.74486],[-106.4393,41.74006],[-106.4376,41.73675],[-106.43802,41.73101],[-106.43357,41.72436],[-106.4353,41.71526],[-106.43243,41.71157],[-106.42617,41.7104],[-106.41823,41.71358],[-106.4197,41.71477],[-106.41794,41.71732],[-106.36425,41.72336],[-106.36585,41.73914],[-106.35928,41.73921],[-106.35464,41.73471],[-106.34105,41.73694],[-106.32791,41.74505],[-106.32521,41.75291],[-106.31781,41.75379],[-106.30442,41.76225],[-106.31082,41.74126],[-106.31872,41.7311],[-106.3195,41.72546],[-106.3138,41.72909],[-106.31112,41.72775],[-106.31028,41.72981],[-106.30408,41.73068],[-106.30504,41.73292],[-106.30347,41.73375],[-106.29872,41.7325],[-106.29839,41.73408],[-106.29411,41.73423],[-106.29213,41.73705],[-106.28948,41.7372],[-106.28895,41.73946],[-106.28684,41.73945],[-106.28625,41.73776],[-106.28237,41.7391],[-106.28053,41.73689],[-106.27805,41.73737],[-106.27841,41.73356],[-106.27394,41.73045],[-106.2748,41.72934],[-106.26884,41.7299],[-106.2694,41.72807],[-106.264,41.7239],[-106.26082,41.72482],[-106.26313,41.7199],[-106.2517,41.71101],[-106.25303,41.70531],[-106.25607,41.70215],[-106.25363,41.7003],[-106.25253,41.69265],[-106.24778,41.69203],[-106.24908,41.69178],[-106.24845,41.67681],[-106.24408,41.67022],[-106.24422,41.65844],[-106.24469,41.65574],[-106.25413,41.65579],[-106.26111,41.64564],[-106.26724,41.64495],[-106.27709,41.64],[-106.28176,41.63596],[-106.28129,41.63434],[-106.28388,41.63426],[-106.274,41.62881],[-106.27389,41.62384],[-106.27582,41.62195],[-106.28051,41.62251],[-106.2881,41.60121],[-106.28745,41.59844],[-106.29268,41.6024],[-106.29612,41.60967],[-106.30142,41.61104],[-106.30755,41.60908],[-106.29926,41.61448],[-106.2956,41.61494],[-106.29324,41.61159],[-106.28869,41.61774],[-106.2898,41.62598],[-106.29282,41.62878],[-106.29326,41.63344],[-106.29595,41.63473],[-106.29608,41.6393],[-106.30514,41.63985],[-106.30679,41.64056],[-106.30592,41.64164],[-106.33837,41.64973],[-106.35629,41.66049],[-106.37889,41.66885],[-106.38649,41.66961],[-106.39617,41.6776],[-106.40315,41.67795],[-106.40233,41.63725],[-106.40693,41.63356],[-106.4077,41.62697],[-106.40732,41.62122],[-106.40386,41.61613],[-106.40403,41.61196],[-106.40146,41.60677],[-106.40171,41.56714],[-106.39457,41.54745],[-106.40093,41.54994],[-106.40401,41.55494],[-106.40869,41.54839],[-106.41517,41.54375],[-106.41438,41.54107],[-106.41618,41.53981],[-106.41432,41.53628],[-106.40912,41.53569],[-106.40479,41.53038],[-106.39992,41.52949],[-106.39941,41.52692],[-106.4027,41.52593],[-106.40337,41.52175],[-106.40703,41.51743],[-106.40079,41.50592],[-106.41256,41.51466],[-106.41618,41.5102],[-106.43604,41.50128],[-106.43725,41.50333],[-106.44116,41.50283],[-106.44473,41.50894],[-106.44908,41.51046],[-106.4546,41.50646],[-106.45524,41.50398],[-106.44598,41.49632],[-106.46516,41.50426],[-106.47091,41.51057],[-106.48741,41.52201],[-106.51072,41.52647],[-106.53364,41.54239],[-106.53481,41.55477],[-106.5318,41.55722],[-106.53381,41.56028],[-106.53265,41.56284],[-106.54036,41.57012],[-106.54712,41.56934],[-106.55564,41.57773],[-106.55596,41.64261],[-106.56329,41.6445],[-106.57723,41.63572],[-106.58403,41.63505],[-106.58455,41.64614],[-106.58656,41.64825],[-106.58538,41.66001],[-106.5823,41.6647],[-106.59514,41.67352],[-106.59518,41.67942],[-106.59735,41.68345],[-106.61346,41.68875],[-106.62126,41.69743],[-106.62676,41.69904]]]}},{"type":"Feature","id":"82327","properties":{"zip":"82327","pop":null,"city":"","county":"Carbon","state":"Wyoming","area":241.67,"lat":42.17341,"lon":-106.69295},"geometry":{"type":"Polygon","coordinates":[[[-106.94097,42.43335],[-106.89173,42.43307],[-106.88506,42.43048],[-106.88633,42.4291],[-106.88516,42.4261],[-106.88842,42.42488],[-106.8891,42.42146],[-106.88859,42.41952],[-106.88625,42.41929],[-106.88767,42.41615],[-106.88571,42.41447],[-106.88993,42.41163],[-106.8839,42.40735],[-106.87496,42.40997],[-106.87181,42.40846],[-106.88013,42.40463],[-106.88515,42.39608],[-106.87347,42.39324],[-106.87252,42.39158],[-106.88463,42.39167],[-106.88689,42.3878],[-106.88615,42.3822],[-106.88868,42.38256],[-106.89078,42.37762],[-106.89564,42.37463],[-106.88903,42.37397],[-106.88377,42.36902],[-106.8813,42.36847],[-106.85676,42.38119],[-106.84413,42.39257],[-106.82245,42.39711],[-106.80871,42.39335],[-106.80835,42.38774],[-106.81399,42.37717],[-106.80903,42.37036],[-106.79441,42.37879],[-106.79419,42.38218],[-106.78464,42.38233],[-106.78429,42.38891],[-106.7629,42.38758],[-106.74316,42.38233],[-106.74161,42.38022],[-106.74317,42.37741],[-106.75037,42.37148],[-106.76198,42.37044],[-106.76595,42.36655],[-106.76778,42.35841],[-106.77249,42.35181],[-106.78008,42.34776],[-106.77836,42.34255],[-106.77475,42.3403],[-106.78138,42.33191],[-106.7814,42.32787],[-106.77271,42.32399],[-106.76636,42.32491],[-106.76416,42.32114],[-106.77631,42.30874],[-106.78517,42.30326],[-106.79154,42.2904],[-106.78874,42.27656],[-106.78513,42.2775],[-106.78003,42.2754],[-106.7824,42.27283],[-106.78172,42.26821],[-106.779,42.26571],[-106.77929,42.26037],[-106.78469,42.25766],[-106.77887,42.25719],[-106.77838,42.25302],[-106.78062,42.23923],[-106.785,42.23208],[-106.77906,42.23262],[-106.77646,42.23002],[-106.7685,42.2315],[-106.75659,42.23052],[-106.74671,42.236],[-106.74674,42.22937],[-106.75001,42.22992],[-106.75847,42.21936],[-106.75589,42.2145],[-106.75736,42.20752],[-106.74027,42.20901],[-106.72685,42.20474],[-106.70648,42.18491],[-106.69759,42.18331],[-106.69061,42.18517],[-106.68655,42.1818],[-106.68508,42.18364],[-106.68575,42.19484],[-106.67822,42.19909],[-106.67776,42.20238],[-106.67944,42.20392],[-106.67332,42.20831],[-106.67858,42.20632],[-106.68599,42.20808],[-106.68831,42.21118],[-106.68862,42.22036],[-106.6824,42.2299],[-106.68925,42.24651],[-106.68532,42.24864],[-106.66687,42.24999],[-106.65256,42.25379],[-106.65246,42.25745],[-106.65662,42.25874],[-106.65875,42.26282],[-106.65277,42.26884],[-106.64631,42.27172],[-106.65037,42.27536],[-106.6454,42.28633],[-106.63745,42.28742],[-106.62559,42.28474],[-106.61599,42.2914],[-106.62983,42.29505],[-106.62528,42.29902],[-106.63021,42.30391],[-106.57899,42.31906],[-106.5684,42.32403],[-106.57073,42.32718],[-106.56898,42.33512],[-106.5618,42.33956],[-106.55574,42.32951],[-106.55853,42.30612],[-106.56433,42.29655],[-106.56634,42.28585],[-106.56681,42.27231],[-106.57044,42.2542],[-106.56851,42.24901],[-106.55479,42.24501],[-106.53753,42.2448],[-106.51237,42.23715],[-106.50986,42.23019],[-106.5072,42.22824],[-106.49597,42.22546],[-106.49759,42.22048],[-106.49353,42.21718],[-106.51156,42.20609],[-106.49425,42.20087],[-106.48837,42.19234],[-106.47751,42.18708],[-106.48086,42.18189],[-106.49066,42.17358],[-106.4941,42.16647],[-106.50148,42.16446],[-106.49765,42.15554],[-106.4788,42.15306],[-106.48362,42.15076],[-106.48433,42.14669],[-106.47974,42.14517],[-106.48112,42.14456],[-106.47906,42.14164],[-106.48373,42.13775],[-106.49524,42.13532],[-106.49808,42.13686],[-106.50979,42.13345],[-106.51046,42.13764],[-106.52084,42.13989],[-106.51981,42.14587],[-106.52882,42.14554],[-106.52965,42.14776],[-106.52735,42.14956],[-106.52658,42.15491],[-106.532,42.15665],[-106.52872,42.15979],[-106.52957,42.1633],[-106.52767,42.16474],[-106.53895,42.16439],[-106.54221,42.16762],[-106.54556,42.16787],[-106.55264,42.16636],[-106.56886,42.1716],[-106.572,42.16418],[-106.5799,42.15947],[-106.58008,42.15653],[-106.57612,42.15261],[-106.57669,42.15119],[-106.59296,42.14503],[-106.59611,42.13998],[-106.59857,42.12753],[-106.60362,42.12186],[-106.60124,42.11485],[-106.60555,42.11105],[-106.59945,42.10742],[-106.59417,42.1085],[-106.58756,42.10641],[-106.57568,42.11515],[-106.57531,42.11963],[-106.57352,42.11993],[-106.56764,42.11371],[-106.56826,42.11118],[-106.5651,42.10941],[-106.56485,42.10418],[-106.56808,42.10029],[-106.57119,42.09921],[-106.57537,42.10509],[-106.5873,42.09435],[-106.59194,42.0797],[-106.59097,42.07629],[-106.58356,42.07489],[-106.57006,42.07611],[-106.55254,42.07187],[-106.55197,42.06572],[-106.54914,42.06487],[-106.55058,42.06414],[-106.54825,42.06201],[-106.53482,42.05832],[-106.53123,42.05522],[-106.52283,42.05403],[-106.51495,42.04897],[-106.51694,42.04559],[-106.51596,42.04404],[-106.52291,42.03776],[-106.49655,42.03783],[-106.49349,42.03434],[-106.50507,42.02914],[-106.52263,42.02843],[-106.5294,42.01749],[-106.52415,42.01131],[-106.51391,42.01052],[-106.51113,42.0084],[-106.52177,41.99614],[-106.52791,41.98645],[-106.5287,41.98137],[-106.53263,41.97842],[-106.53145,41.9705],[-106.53399,41.96591],[-106.53226,41.96286],[-106.54646,41.95519],[-106.54738,41.95306],[-106.54165,41.94413],[-106.54237,41.94132],[-106.53064,41.93355],[-106.52691,41.92383],[-106.5368,41.91817],[-106.54839,41.9204],[-106.54846,41.91651],[-106.55891,41.91559],[-106.55082,41.90283],[-106.55473,41.88261],[-106.55979,41.87823],[-106.54389,41.87794],[-106.53961,41.87885],[-106.5396,41.88073],[-106.53451,41.88077],[-106.53446,41.87758],[-106.53203,41.87827],[-106.52622,41.8734],[-106.52562,41.87123],[-106.52857,41.8693],[-106.52527,41.86946],[-106.5236,41.86256],[-106.49861,41.87269],[-106.47347,41.88623],[-106.42057,41.90631],[-106.38411,41.91039],[-106.38423,41.90776],[-106.36697,41.89419],[-106.36799,41.88539],[-106.37217,41.87769],[-106.37558,41.86225],[-106.38685,41.8647],[-106.41238,41.85387],[-106.40386,41.87288],[-106.41473,41.87731],[-106.41521,41.88309],[-106.40801,41.89208],[-106.41387,41.89103],[-106.41504,41.89207],[-106.41316,41.8953],[-106.42105,41.9009],[-106.42942,41.8924],[-106.43382,41.89105],[-106.44723,41.87581],[-106.44067,41.87532],[-106.44472,41.85785],[-106.43915,41.85336],[-106.44404,41.84503],[-106.45019,41.84512],[-106.46598,41.85427],[-106.49024,41.8599],[-106.49187,41.86163],[-106.49892,41.85548],[-106.53932,41.84832],[-106.54801,41.85457],[-106.57437,41.84583],[-106.58758,41.83905],[-106.62634,41.82824],[-106.61576,41.83447],[-106.60152,41.83856],[-106.59646,41.84439],[-106.57668,41.85108],[-106.57642,41.85356],[-106.57391,41.85442],[-106.57233,41.86049],[-106.57719,41.8626],[-106.5771,41.86848],[-106.6056,41.86414],[-106.6061,41.86664],[-106.61189,41.867],[-106.61624,41.87027],[-106.61606,41.88204],[-106.61839,41.88605],[-106.6131,41.88724],[-106.61065,41.8904],[-106.58966,41.90143],[-106.5847,41.90115],[-106.5802,41.90374],[-106.57729,41.91193],[-106.57809,41.91458],[-106.57466,41.91492],[-106.5746,41.91842],[-106.57956,41.9251],[-106.57916,41.92695],[-106.56909,41.93095],[-106.57576,41.93758],[-106.5732,41.94188],[-106.57562,41.94668],[-106.56318,41.95715],[-106.56839,41.96296],[-106.57245,41.96459],[-106.57243,41.96692],[-106.57852,41.97446],[-106.58871,41.97636],[-106.59579,41.98253],[-106.5946,41.98555],[-106.58847,41.98972],[-106.59181,41.99422],[-106.5913,41.9995],[-106.58346,41.99947],[-106.58335,42.00458],[-106.58507,42.00602],[-106.5905,42.00763],[-106.59276,42.00482],[-106.60161,42.00127],[-106.60362,42.00214],[-106.60719,41.99953],[-106.64131,42.00093],[-106.64176,41.99287],[-106.64388,41.99276],[-106.64735,41.99822],[-106.65278,41.99794],[-106.65526,41.99964],[-106.65033,42.00049],[-106.64856,42.0029],[-106.65711,42.00732],[-106.65379,42.00858],[-106.65541,42.01242],[-106.65359,42.01439],[-106.64141,42.01812],[-106.64927,42.02011],[-106.65089,42.02321],[-106.66007,42.02491],[-106.6685,42.02381],[-106.68078,42.02931],[-106.67059,42.03084],[-106.65995,42.03706],[-106.65753,42.04162],[-106.65756,42.0463],[-106.64236,42.05371],[-106.63935,42.05725],[-106.6392,42.06135],[-106.62637,42.06157],[-106.6121,42.07513],[-106.62889,42.08276],[-106.64323,42.08287],[-106.65976,42.0722],[-106.67339,42.07523],[-106.67705,42.08008],[-106.68029,42.07324],[-106.69494,42.06561],[-106.6949,42.05739],[-106.70869,42.05735],[-106.71179,42.06459],[-106.71066,42.06771],[-106.70099,42.0691],[-106.69646,42.07192],[-106.7079,42.07921],[-106.70484,42.09765],[-106.71855,42.11947],[-106.71772,42.12974],[-106.72444,42.13577],[-106.73898,42.13649],[-106.74419,42.14122],[-106.74286,42.14545],[-106.76252,42.16564],[-106.76639,42.1622],[-106.76583,42.17278],[-106.77565,42.18179],[-106.77574,42.18639],[-106.77848,42.18348],[-106.78997,42.18134],[-106.80644,42.18212],[-106.80881,42.18459],[-106.82016,42.18272],[-106.8231,42.18331],[-106.82346,42.18565],[-106.82939,42.18543],[-106.83243,42.18841],[-106.83669,42.18923],[-106.83775,42.19407],[-106.85121,42.19725],[-106.85772,42.1953],[-106.86075,42.19228],[-106.86912,42.19161],[-106.86678,42.18825],[-106.87306,42.18436],[-106.87636,42.17827],[-106.88318,42.17194],[-106.93869,42.17193],[-106.93872,42.17355],[-106.92397,42.18097],[-106.93106,42.18152],[-106.93875,42.18574],[-106.93894,42.19765],[-106.93734,42.20178],[-106.91667,42.21642],[-106.92961,42.21021],[-106.93904,42.20894],[-106.93921,42.2274],[-106.91968,42.22759],[-106.8987,42.23628],[-106.90404,42.24165],[-106.91373,42.24305],[-106.91608,42.25372],[-106.93941,42.25154],[-106.94001,42.32291],[-106.931,42.33218],[-106.93514,42.33555],[-106.9326,42.33934],[-106.93555,42.34304],[-106.92107,42.34634],[-106.90851,42.35582],[-106.91034,42.35765],[-106.90636,42.36194],[-106.90782,42.36223],[-106.90706,42.36747],[-106.9088,42.36888],[-106.91176,42.36798],[-106.90947,42.37048],[-106.91694,42.36919],[-106.91702,42.37122],[-106.91333,42.37282],[-106.91692,42.37274],[-106.90896,42.38078],[-106.8957,42.38632],[-106.89291,42.38908],[-106.89645,42.39148],[-106.8919,42.39438],[-106.895,42.39777],[-106.89834,42.39675],[-106.8967,42.39861],[-106.89829,42.39964],[-106.9019,42.39731],[-106.90725,42.39834],[-106.90335,42.40174],[-106.90421,42.40512],[-106.90726,42.40434],[-106.91016,42.39863],[-106.92869,42.38118],[-106.93119,42.37443],[-106.94036,42.36913],[-106.94045,42.37501],[-106.93807,42.37844],[-106.94046,42.37817],[-106.94079,42.4154],[-106.93909,42.41669],[-106.94082,42.41732],[-106.94097,42.43335]]]}},{"type":"Feature","id":"82331","properties":{"zip":"82331","pop":null,"city":"","county":"Carbon","state":"Wyoming","area":385.15,"lat":41.3861,"lon":-106.82244},"geometry":{"type":"Polygon","coordinates":[[[-107.2489,41.41289],[-107.24015,41.41848],[-107.23985,41.42269],[-107.2349,41.42747],[-107.2347,41.43417],[-107.226,41.43633],[-107.21046,41.44761],[-107.20868,41.45492],[-107.19969,41.46191],[-107.19971,41.46813],[-107.19621,41.46882],[-107.19231,41.4786],[-107.18467,41.46849],[-107.19367,41.4498],[-107.19957,41.44301],[-107.20014,41.4364],[-107.19665,41.43313],[-107.19854,41.43013],[-107.1947,41.42394],[-107.19118,41.42392],[-107.1847,41.42773],[-107.18194,41.4318],[-107.17817,41.43201],[-107.1762,41.42915],[-107.17676,41.42174],[-107.19537,41.4048],[-107.20621,41.4016],[-107.2132,41.40263],[-107.21337,41.39862],[-107.20767,41.39187],[-107.21105,41.37691],[-107.19138,41.3675],[-107.18198,41.3645],[-107.17229,41.36693],[-107.16756,41.36573],[-107.14029,41.3756],[-107.12904,41.37223],[-107.11061,41.37104],[-107.0983,41.37296],[-107.08212,41.37249],[-107.06722,41.38247],[-107.05985,41.39102],[-107.03778,41.40296],[-107.03264,41.40559],[-107.01718,41.40759],[-107.00259,41.40649],[-106.99192,41.38719],[-106.98246,41.37684],[-106.97019,41.37908],[-106.95756,41.36665],[-106.94651,41.37157],[-106.93613,41.37127],[-106.92719,41.37492],[-106.90805,41.39246],[-106.89015,41.40334],[-106.89662,41.41908],[-106.90043,41.42391],[-106.90602,41.42633],[-106.90917,41.43228],[-106.9094,41.44428],[-106.90545,41.44983],[-106.9272,41.4505],[-106.9344,41.45732],[-106.93449,41.4683],[-106.93028,41.47334],[-106.93036,41.47599],[-106.91928,41.48173],[-106.91831,41.48548],[-106.92227,41.48733],[-106.92092,41.49509],[-106.91051,41.50197],[-106.92383,41.5207],[-106.91175,41.52185],[-106.89014,41.53012],[-106.88468,41.53561],[-106.88206,41.54135],[-106.88998,41.54818],[-106.89887,41.54689],[-106.9045,41.54898],[-106.90393,41.55166],[-106.9123,41.55228],[-106.91193,41.554],[-106.92058,41.55948],[-106.92332,41.55941],[-106.9247,41.55658],[-106.92844,41.5551],[-106.93042,41.55842],[-106.9437,41.5579],[-106.95186,41.55516],[-106.94647,41.55847],[-106.95207,41.55708],[-106.95537,41.56048],[-106.95357,41.5622],[-106.95622,41.56885],[-106.96761,41.57103],[-106.96268,41.57805],[-106.95503,41.57533],[-106.95312,41.57727],[-106.94642,41.57725],[-106.94377,41.58633],[-106.95047,41.58953],[-106.95677,41.5874],[-106.9593,41.58862],[-106.95617,41.59255],[-106.96183,41.59502],[-106.98042,41.59556],[-106.98277,41.59744],[-106.9832,41.60174],[-106.97749,41.60578],[-106.96885,41.60437],[-106.96193,41.60561],[-106.95382,41.60008],[-106.95026,41.60044],[-106.94724,41.60262],[-106.94572,41.60993],[-106.95051,41.6194],[-106.95008,41.62277],[-106.93697,41.62389],[-106.92852,41.63343],[-106.92538,41.63192],[-106.92054,41.63373],[-106.91264,41.63059],[-106.90891,41.6268],[-106.91265,41.62327],[-106.91128,41.61958],[-106.90476,41.61771],[-106.89418,41.6199],[-106.87171,41.61498],[-106.87359,41.60807],[-106.88249,41.60311],[-106.88752,41.59302],[-106.88746,41.5872],[-106.87721,41.58584],[-106.8925,41.578],[-106.89305,41.57496],[-106.85926,41.56915],[-106.82602,41.54776],[-106.80898,41.54702],[-106.80825,41.54248],[-106.8053,41.54093],[-106.78727,41.54047],[-106.78413,41.53818],[-106.79314,41.56593],[-106.78495,41.56708],[-106.7823,41.56384],[-106.7595,41.5747],[-106.74806,41.57196],[-106.74744,41.5839],[-106.73924,41.58727],[-106.7334,41.58752],[-106.74667,41.59722],[-106.74914,41.63129],[-106.76568,41.64965],[-106.78599,41.68476],[-106.79493,41.68484],[-106.79472,41.6915],[-106.80014,41.69962],[-106.7971,41.7052],[-106.77746,41.71278],[-106.76968,41.70456],[-106.76614,41.69786],[-106.76857,41.6847],[-106.7659,41.6847],[-106.76542,41.692],[-106.74747,41.69727],[-106.74727,41.70363],[-106.74534,41.70379],[-106.73991,41.70101],[-106.73389,41.69303],[-106.73048,41.69295],[-106.73001,41.69815],[-106.72611,41.69731],[-106.72766,41.68881],[-106.72455,41.68837],[-106.72378,41.68315],[-106.72043,41.68086],[-106.72491,41.67686],[-106.72176,41.67162],[-106.72561,41.66947],[-106.72204,41.66846],[-106.72539,41.66753],[-106.72353,41.66279],[-106.72517,41.66263],[-106.72371,41.66092],[-106.72127,41.66163],[-106.72423,41.6587],[-106.72212,41.65792],[-106.72386,41.65065],[-106.7223,41.65035],[-106.72196,41.64706],[-106.72799,41.64195],[-106.72975,41.64305],[-106.7292,41.64135],[-106.73718,41.63889],[-106.73824,41.63571],[-106.73568,41.63564],[-106.73757,41.6339],[-106.73522,41.63159],[-106.73948,41.62912],[-106.73844,41.62697],[-106.74064,41.62601],[-106.73994,41.62454],[-106.74183,41.62467],[-106.7403,41.62118],[-106.74268,41.6172],[-106.74179,41.61482],[-106.74465,41.61244],[-106.74042,41.61041],[-106.7424,41.61002],[-106.74121,41.6078],[-106.73465,41.60341],[-106.73218,41.60483],[-106.73225,41.60261],[-106.72997,41.60309],[-106.72887,41.60071],[-106.72223,41.59721],[-106.71991,41.59845],[-106.71197,41.59484],[-106.70754,41.59701],[-106.7011,41.59622],[-106.69921,41.59377],[-106.69915,41.58229],[-106.69158,41.5825],[-106.70173,41.5776],[-106.70825,41.57746],[-106.7088,41.56991],[-106.712,41.57204],[-106.71482,41.56254],[-106.71407,41.55401],[-106.71703,41.55093],[-106.71535,41.54874],[-106.71932,41.54447],[-106.71944,41.54128],[-106.72484,41.5324],[-106.72338,41.52943],[-106.72829,41.52717],[-106.74214,41.52746],[-106.74185,41.52367],[-106.75514,41.50868],[-106.73223,41.50299],[-106.73098,41.50194],[-106.7339,41.49852],[-106.7332,41.49635],[-106.72094,41.49769],[-106.72114,41.49288],[-106.72321,41.49077],[-106.72034,41.48701],[-106.72239,41.48098],[-106.71829,41.4739],[-106.72006,41.469],[-106.71786,41.46728],[-106.71208,41.46727],[-106.69936,41.45374],[-106.69463,41.45373],[-106.68838,41.44834],[-106.67973,41.44814],[-106.66783,41.45547],[-106.6505,41.46138],[-106.64853,41.4651],[-106.6516,41.47597],[-106.65178,41.47955],[-106.6495,41.48263],[-106.65255,41.486],[-106.65177,41.48946],[-106.65863,41.4941],[-106.67198,41.48804],[-106.67428,41.49146],[-106.67321,41.49295],[-106.67957,41.49624],[-106.68306,41.50308],[-106.68198,41.50736],[-106.67171,41.50489],[-106.66107,41.50603],[-106.66022,41.5126],[-106.6544,41.52056],[-106.65168,41.51961],[-106.6466,41.52151],[-106.64124,41.52665],[-106.64157,41.53052],[-106.64854,41.53059],[-106.64939,41.53235],[-106.63694,41.53292],[-106.63374,41.54671],[-106.62701,41.539],[-106.62372,41.53794],[-106.61219,41.55329],[-106.61013,41.55319],[-106.6062,41.54794],[-106.59105,41.55282],[-106.58853,41.55098],[-106.58203,41.55085],[-106.57075,41.55657],[-106.5554,41.55786],[-106.55525,41.54551],[-106.55267,41.54377],[-106.54649,41.54455],[-106.53975,41.55141],[-106.53421,41.55334],[-106.53364,41.54239],[-106.52929,41.53807],[-106.52904,41.53372],[-106.53255,41.53057],[-106.53282,41.52663],[-106.54086,41.5125],[-106.53767,41.50763],[-106.53875,41.50033],[-106.54592,41.49563],[-106.55564,41.4809],[-106.57412,41.47279],[-106.57647,41.46733],[-106.58075,41.4635],[-106.58512,41.46252],[-106.5859,41.45877],[-106.60163,41.452],[-106.60348,41.44534],[-106.61348,41.43935],[-106.61132,41.43495],[-106.60785,41.43395],[-106.6063,41.43178],[-106.61305,41.43559],[-106.64152,41.43605],[-106.65604,41.43501],[-106.6611,41.43174],[-106.64037,41.4264],[-106.63451,41.42304],[-106.63697,41.4189],[-106.63384,41.41739],[-106.60304,41.409],[-106.59692,41.40072],[-106.59099,41.39728],[-106.60676,41.40253],[-106.61343,41.40258],[-106.62043,41.40605],[-106.63899,41.4063],[-106.64616,41.41071],[-106.65934,41.42391],[-106.66846,41.42391],[-106.66596,41.42165],[-106.66745,41.41664],[-106.66557,41.41195],[-106.67387,41.40424],[-106.68113,41.40642],[-106.68508,41.41044],[-106.68556,41.41419],[-106.69024,41.41696],[-106.69921,41.40692],[-106.70665,41.40282],[-106.70479,41.39633],[-106.70763,41.39473],[-106.70426,41.3919],[-106.69792,41.39338],[-106.68894,41.39247],[-106.67342,41.38403],[-106.67343,41.37727],[-106.67946,41.37308],[-106.67711,41.37176],[-106.67931,41.3678],[-106.67601,41.36108],[-106.68296,41.35614],[-106.67607,41.35073],[-106.66473,41.35086],[-106.67173,41.34709],[-106.66626,41.34373],[-106.65949,41.34245],[-106.59079,41.35852],[-106.57421,41.35758],[-106.56151,41.3619],[-106.55689,41.36575],[-106.56133,41.3614],[-106.56919,41.35862],[-106.54802,41.35988],[-106.53647,41.36339],[-106.53068,41.36839],[-106.52789,41.36845],[-106.52264,41.36502],[-106.51717,41.35733],[-106.51954,41.35156],[-106.52765,41.34635],[-106.52313,41.33751],[-106.50437,41.324],[-106.49455,41.32718],[-106.48421,41.32781],[-106.48491,41.32583],[-106.48206,41.32367],[-106.48341,41.32213],[-106.48068,41.31847],[-106.47729,41.31813],[-106.47816,41.31509],[-106.47482,41.31191],[-106.47803,41.30638],[-106.48575,41.31005],[-106.47997,41.30079],[-106.47682,41.28881],[-106.46516,41.28226],[-106.45212,41.29086],[-106.4563,41.28024],[-106.45456,41.27679],[-106.45057,41.27767],[-106.46184,41.26519],[-106.46348,41.25831],[-106.46809,41.25588],[-106.47197,41.24671],[-106.4696,41.24117],[-106.47644,41.2304],[-106.48289,41.22577],[-106.48861,41.22552],[-106.49888,41.22131],[-106.50575,41.21771],[-106.50221,41.2177],[-106.51507,41.21236],[-106.52916,41.20322],[-106.54219,41.19103],[-106.54815,41.19533],[-106.54561,41.20256],[-106.55173,41.20716],[-106.55067,41.21311],[-106.56446,41.22147],[-106.57324,41.23353],[-106.58594,41.23987],[-106.58742,41.25625],[-106.57497,41.25918],[-106.58816,41.26209],[-106.58858,41.26444],[-106.58591,41.2663],[-106.58752,41.26842],[-106.59807,41.27288],[-106.60274,41.27244],[-106.60959,41.26817],[-106.61635,41.26821],[-106.61765,41.26205],[-106.62062,41.25851],[-106.63037,41.25492],[-106.6353,41.25428],[-106.64404,41.25829],[-106.65208,41.25822],[-106.65562,41.26344],[-106.66147,41.26447],[-106.66874,41.27904],[-106.67675,41.28302],[-106.67929,41.28801],[-106.69437,41.29359],[-106.69883,41.30148],[-106.70288,41.30404],[-106.74804,41.30432],[-106.74575,41.31557],[-106.74592,41.33332],[-106.75438,41.32607],[-106.78022,41.31278],[-106.794,41.31171],[-106.80603,41.31339],[-106.84033,41.30626],[-106.84528,41.29631],[-106.85611,41.28973],[-106.85616,41.28484],[-106.86939,41.28083],[-106.87134,41.2771],[-106.86945,41.26704],[-106.87454,41.2653],[-106.87516,41.25423],[-106.87766,41.25306],[-106.882,41.25602],[-106.90655,41.24862],[-106.91659,41.24066],[-106.91971,41.23329],[-106.91859,41.22975],[-106.92529,41.22586],[-106.92662,41.22156],[-106.91817,41.21561],[-106.90999,41.21607],[-106.90907,41.21438],[-106.91591,41.21118],[-106.91296,41.21062],[-106.91823,41.20692],[-106.9096,41.20689],[-106.91366,41.19743],[-106.91883,41.19438],[-106.91741,41.19288],[-106.92014,41.19113],[-106.92012,41.18844],[-106.94191,41.17126],[-106.95638,41.17213],[-106.96308,41.17636],[-106.96951,41.17779],[-106.96335,41.17277],[-106.97267,41.17171],[-106.98045,41.17464],[-106.97654,41.16648],[-106.98184,41.16163],[-106.98865,41.16954],[-106.99271,41.16958],[-106.99556,41.17472],[-107.00889,41.17734],[-107.02959,41.18805],[-107.041,41.18661],[-107.06132,41.19683],[-107.06421,41.20214],[-107.05166,41.21011],[-107.05401,41.21265],[-107.05871,41.21357],[-107.0572,41.22511],[-107.06239,41.23236],[-107.06987,41.23381],[-107.07166,41.23623],[-107.06672,41.23852],[-107.0713,41.24424],[-107.06887,41.25032],[-107.06675,41.25109],[-107.06902,41.26141],[-107.06651,41.26173],[-107.06457,41.26532],[-107.05348,41.27376],[-107.04622,41.27555],[-107.03823,41.28167],[-107.02769,41.28371],[-107.02893,41.28677],[-107.02462,41.29067],[-107.02926,41.2921],[-107.02859,41.29715],[-107.02143,41.303],[-107.02631,41.30918],[-107.02009,41.31535],[-107.00986,41.32054],[-107.01735,41.32713],[-107.01435,41.33143],[-107.01422,41.33744],[-107.0059,41.34567],[-106.99414,41.35247],[-107.00401,41.35944],[-107.00154,41.36193],[-107.0075,41.35773],[-107.03725,41.35043],[-107.05779,41.33719],[-107.06208,41.33107],[-107.06674,41.30585],[-107.07569,41.30251],[-107.07526,41.30644],[-107.08683,41.30661],[-107.08568,41.30336],[-107.08839,41.29913],[-107.09854,41.29798],[-107.10066,41.29403],[-107.10621,41.29133],[-107.1073,41.28738],[-107.11673,41.28605],[-107.11693,41.27838],[-107.11831,41.28243],[-107.12291,41.28686],[-107.1231,41.2926],[-107.13134,41.29304],[-107.12973,41.29701],[-107.13737,41.30376],[-107.13442,41.30916],[-107.13462,41.31331],[-107.14682,41.3093],[-107.15029,41.31068],[-107.15515,41.30951],[-107.16632,41.30162],[-107.17936,41.30312],[-107.18135,41.30585],[-107.18603,41.30587],[-107.19305,41.30372],[-107.19782,41.30439],[-107.20303,41.29832],[-107.21132,41.30431],[-107.21061,41.30904],[-107.21687,41.31348],[-107.22706,41.32626],[-107.22504,41.33114],[-107.22677,41.33196],[-107.22643,41.33566],[-107.22304,41.34232],[-107.2285,41.3449],[-107.22621,41.34865],[-107.22823,41.35435],[-107.22414,41.36358],[-107.22168,41.38309],[-107.22621,41.3874],[-107.2267,41.3929],[-107.23129,41.39678],[-107.23486,41.40348],[-107.24432,41.4053],[-107.24919,41.41079],[-107.2489,41.41289]]]}},{"type":"Feature","id":"82701","properties":{"zip":"82701","pop":null,"city":"","county":"Weston","state":"Wyoming","area":1301.7,"lat":43.71184,"lon":-104.44506},"geometry":{"type":"Polygon","coordinates":[[[-105.38066,43.57435],[-105.36306,43.58985],[-105.35864,43.6076],[-105.34287,43.61912],[-105.34249,43.63611],[-105.28363,43.63559],[-105.28218,43.66451],[-105.27607,43.66731],[-105.27384,43.67191],[-105.26404,43.67289],[-105.25645,43.66986],[-105.23387,43.67744],[-105.21073,43.68021],[-105.21749,43.68322],[-105.21539,43.69016],[-105.20868,43.6906],[-105.20811,43.69439],[-105.20216,43.70114],[-105.19851,43.70077],[-105.19678,43.69564],[-105.18696,43.68633],[-105.18844,43.68012],[-105.18667,43.67482],[-105.18265,43.67297],[-105.16366,43.6742],[-105.10897,43.66807],[-105.10679,43.65068],[-105.10111,43.65231],[-105.08123,43.65128],[-105.0808,43.71937],[-105.07401,43.71158],[-105.07456,43.70517],[-105.06832,43.69909],[-105.05921,43.69981],[-105.05108,43.70196],[-105.04787,43.70756],[-105.04448,43.70906],[-105.0275,43.71267],[-105.02349,43.71622],[-105.02431,43.72498],[-105.02106,43.73078],[-105.00512,43.72752],[-105.00012,43.72408],[-104.99969,43.71668],[-104.98833,43.69266],[-104.98075,43.69144],[-104.96528,43.70054],[-104.96253,43.69964],[-104.96226,43.70407],[-104.96715,43.70687],[-104.94993,43.70676],[-104.94477,43.70838],[-104.93482,43.70572],[-104.93455,43.6972],[-104.93033,43.69402],[-104.91977,43.69188],[-104.91056,43.68448],[-104.90446,43.68454],[-104.90764,43.69256],[-104.9121,43.69765],[-104.91165,43.70408],[-104.91383,43.70581],[-104.91267,43.7084],[-104.91793,43.71577],[-104.91167,43.71808],[-104.90606,43.71605],[-104.90157,43.72057],[-104.90918,43.72528],[-104.9097,43.7356],[-104.91861,43.75356],[-104.91854,43.75783],[-104.91188,43.76535],[-104.90729,43.76615],[-104.90063,43.7618],[-104.89223,43.76008],[-104.8853,43.76167],[-104.87767,43.75528],[-104.8742,43.75467],[-104.86896,43.74434],[-104.86722,43.7439],[-104.83829,43.74406],[-104.83835,43.7469],[-104.83563,43.74558],[-104.82671,43.756],[-104.82279,43.75224],[-104.81455,43.75309],[-104.8083,43.75155],[-104.80175,43.75463],[-104.79618,43.75347],[-104.79573,43.75794],[-104.79129,43.76077],[-104.79102,43.76287],[-104.79351,43.76717],[-104.79183,43.77473],[-104.79366,43.77613],[-104.78105,43.7773],[-104.78485,43.78472],[-104.77901,43.78828],[-104.76657,43.77936],[-104.75643,43.77616],[-104.75438,43.77005],[-104.75012,43.77487],[-104.75298,43.80029],[-104.71908,43.80024],[-104.71878,43.82951],[-104.72057,43.84078],[-104.70537,43.8432],[-104.70216,43.83325],[-104.69954,43.83026],[-104.69463,43.83029],[-104.68895,43.83524],[-104.68976,43.84423],[-104.66891,43.8446],[-104.6642,43.84262],[-104.66179,43.84464],[-104.64428,43.84469],[-104.64463,43.86665],[-104.6307,43.87356],[-104.60484,43.87448],[-104.59996,43.87037],[-104.59186,43.86863],[-104.57775,43.85968],[-104.57471,43.85972],[-104.57679,43.87033],[-104.57324,43.87276],[-104.56057,43.86578],[-104.53314,43.87347],[-104.50663,43.86538],[-104.50376,43.86274],[-104.50303,43.85887],[-104.38982,43.85872],[-104.38636,43.86798],[-104.39127,43.87895],[-104.39357,43.88206],[-104.40287,43.88123],[-104.40523,43.88404],[-104.40438,43.88929],[-104.40701,43.89533],[-104.40735,43.91421],[-104.39854,43.92347],[-104.39638,43.92148],[-104.38619,43.92386],[-104.38824,43.9265],[-104.38789,43.93379],[-104.3918,43.93806],[-104.40009,43.94125],[-104.39374,43.94268],[-104.38807,43.9468],[-104.40769,43.9639],[-104.39058,43.94944],[-104.38174,43.94969],[-104.37729,43.94571],[-104.37205,43.94591],[-104.37929,43.95786],[-104.30873,43.92652],[-104.30498,43.92785],[-104.29964,43.93507],[-104.30124,43.94303],[-104.30997,43.94767],[-104.30568,43.95538],[-104.30453,43.968],[-104.31073,43.97309],[-104.31115,43.97679],[-104.3141,43.98],[-104.31527,43.98988],[-104.31609,43.99255],[-104.31789,43.99264],[-104.31719,43.99703],[-104.33734,43.98478],[-104.34352,43.98279],[-104.35102,43.98387],[-104.35147,43.98949],[-104.34703,43.99427],[-104.34599,44.0061],[-104.35669,44.00013],[-104.35703,44.04147],[-104.3392,44.05537],[-104.34134,44.05585],[-104.34072,44.06333],[-104.33704,44.06425],[-104.33045,44.07229],[-104.3207,44.0761],[-104.31177,44.07482],[-104.30894,44.07928],[-104.30072,44.08473],[-104.30178,44.0923],[-104.29712,44.09254],[-104.28623,44.08814],[-104.2849,44.08831],[-104.28438,44.09462],[-104.27794,44.09351],[-104.27283,44.09989],[-104.27496,44.10455],[-104.27199,44.11409],[-104.26245,44.11429],[-104.26267,44.11903],[-104.25737,44.12396],[-104.25091,44.12288],[-104.24615,44.11966],[-104.23402,44.12143],[-104.23037,44.11962],[-104.19882,44.11988],[-104.20239,44.12342],[-104.21364,44.15349],[-104.22906,44.16599],[-104.23111,44.16957],[-104.24649,44.17713],[-104.24929,44.18078],[-104.05484,44.18038],[-104.05488,43.97239],[-104.04424,43.97227],[-104.02105,43.97849],[-104.01925,43.98501],[-104.01611,43.98551],[-104.01082,43.98021],[-103.97016,43.98368],[-103.96591,43.97806],[-103.96344,43.96797],[-103.96408,43.96306],[-103.95222,43.95522],[-103.95126,43.94882],[-103.94286,43.94824],[-103.92788,43.95274],[-103.91012,43.9494],[-103.90964,43.94559],[-103.91142,43.94412],[-103.90877,43.94001],[-103.91584,43.91834],[-103.90796,43.90355],[-103.90131,43.89722],[-103.89911,43.89047],[-103.88992,43.88981],[-103.8906,43.88683],[-103.88505,43.88641],[-103.88004,43.879],[-103.8688,43.88059],[-103.869,43.87514],[-103.85805,43.87126],[-103.86238,43.86602],[-103.85985,43.86195],[-103.85976,43.8572],[-103.86339,43.8547],[-103.92018,43.85434],[-103.91312,43.8477],[-103.90412,43.84628],[-103.89612,43.84287],[-103.89486,43.84037],[-103.89112,43.84326],[-103.88473,43.83958],[-103.8794,43.82437],[-103.87395,43.81853],[-103.87579,43.81199],[-103.87483,43.8048],[-103.8806,43.79847],[-103.87662,43.7917],[-103.87367,43.77992],[-103.87416,43.77252],[-103.86447,43.76652],[-103.85565,43.75559],[-103.85894,43.74974],[-103.85027,43.74423],[-103.85537,43.73645],[-103.85523,43.73068],[-103.8697,43.7236],[-103.88564,43.72762],[-103.8965,43.7275],[-103.90123,43.72463],[-103.90997,43.72746],[-103.91231,43.72467],[-103.91544,43.72594],[-103.92068,43.7259],[-103.92176,43.72405],[-103.95116,43.72527],[-103.97016,43.72042],[-103.98108,43.72041],[-104.00678,43.7298],[-104.03383,43.74182],[-104.03798,43.74558],[-104.04527,43.74259],[-104.05379,43.74179],[-104.05523,43.7404],[-104.05486,43.50332],[-104.13157,43.50291],[-104.13807,43.49218],[-104.13842,43.481],[-104.14829,43.44658],[-104.14609,43.43997],[-104.13288,43.42587],[-104.13254,43.4169],[-104.1368,43.41432],[-104.13494,43.41217],[-104.1323,43.4126],[-104.13363,43.41113],[-104.17492,43.41113],[-104.18503,43.40995],[-104.18694,43.40786],[-104.21267,43.40781],[-104.21762,43.40934],[-104.2182,43.40463],[-104.22472,43.3994],[-104.22894,43.38993],[-104.23341,43.38891],[-104.23638,43.39191],[-104.24184,43.3932],[-104.26437,43.38432],[-104.26289,43.38159],[-104.27157,43.37784],[-104.27037,43.37152],[-104.27373,43.3682],[-104.26891,43.36153],[-104.27159,43.35513],[-104.27902,43.36656],[-104.28763,43.36925],[-104.30264,43.36825],[-104.32175,43.37147],[-104.32651,43.37111],[-104.3293,43.36699],[-104.3286,43.36219],[-104.33443,43.36066],[-104.34229,43.36411],[-104.35043,43.36156],[-104.35922,43.3614],[-104.36373,43.35796],[-104.38874,43.36274],[-104.39545,43.35811],[-104.39766,43.35285],[-104.40421,43.3493],[-104.40974,43.33998],[-104.41363,43.33866],[-104.43095,43.34023],[-104.44,43.34376],[-104.44235,43.35279],[-104.43969,43.36018],[-104.44427,43.36354],[-104.44339,43.36652],[-104.45066,43.37593],[-104.4491,43.37875],[-104.45009,43.38789],[-104.45484,43.38802],[-104.45363,43.39224],[-104.4493,43.39275],[-104.44909,43.39689],[-104.46084,43.39521],[-104.47441,43.4001],[-104.48628,43.39487],[-104.49149,43.39462],[-104.49231,43.39573],[-104.48916,43.39716],[-104.48974,43.409],[-104.48569,43.41609],[-104.49322,43.41564],[-104.49387,43.41819],[-104.48864,43.42183],[-104.4937,43.4253],[-104.50751,43.42637],[-104.51738,43.432],[-104.54201,43.42969],[-104.55049,43.43052],[-104.55535,43.42787],[-104.55479,43.42597],[-104.55654,43.42508],[-104.55761,43.42707],[-104.56105,43.42681],[-104.56502,43.42981],[-104.56274,43.42808],[-104.56946,43.42754],[-104.56802,43.42975],[-104.5705,43.43039],[-104.56981,43.43176],[-104.56594,43.43266],[-104.59355,43.45282],[-104.59796,43.46504],[-104.58537,43.46738],[-104.57576,43.47257],[-104.54038,43.4752],[-104.5406,43.50179],[-104.60306,43.50197],[-104.61322,43.50676],[-104.62547,43.50954],[-104.61845,43.51167],[-104.61126,43.51085],[-104.61368,43.52083],[-104.62118,43.52381],[-104.63091,43.52361],[-104.6357,43.52574],[-104.64239,43.5349],[-104.65278,43.53806],[-104.65834,43.54259],[-104.66988,43.53444],[-104.67385,43.53444],[-104.68856,43.54277],[-104.69889,43.5539],[-104.71941,43.54879],[-104.72166,43.54255],[-104.71913,43.53799],[-104.72038,43.53552],[-104.73702,43.52416],[-104.74403,43.52458],[-104.74922,43.52103],[-104.75595,43.52058],[-104.75883,43.52425],[-104.75849,43.52666],[-104.77757,43.51782],[-104.78123,43.51152],[-104.77984,43.50879],[-104.78251,43.50185],[-104.78095,43.50086],[-105.05329,43.49867],[-105.05757,43.50365],[-105.05429,43.50899],[-105.05495,43.51511],[-105.05098,43.52724],[-105.04688,43.5275],[-105.04732,43.53649],[-105.04103,43.54112],[-105.02981,43.53852],[-105.02464,43.54267],[-105.0155,43.54535],[-105.021,43.55298],[-105.01887,43.5586],[-105.0201,43.5628],[-105.0294,43.57003],[-105.02846,43.57427],[-105.01269,43.57424],[-105.01397,43.57784],[-105.00956,43.57991],[-105.00599,43.58582],[-105.01618,43.58827],[-105.01996,43.59933],[-105.0263,43.60085],[-105.03454,43.59954],[-105.04528,43.59515],[-105.04497,43.60409],[-105.05287,43.60169],[-105.06687,43.60182],[-105.06942,43.59997],[-105.08168,43.60043],[-105.08504,43.59872],[-105.09032,43.59864],[-105.09548,43.60194],[-105.09919,43.60031],[-105.10019,43.59661],[-105.10967,43.59422],[-105.12178,43.59401],[-105.12715,43.59104],[-105.13114,43.59257],[-105.13753,43.59168],[-105.14427,43.58704],[-105.14943,43.59112],[-105.15711,43.59073],[-105.16586,43.593],[-105.18778,43.60347],[-105.18277,43.59314],[-105.17933,43.59014],[-105.18072,43.58867],[-105.17121,43.5837],[-105.17275,43.57795],[-105.1678,43.57069],[-105.17109,43.57132],[-105.17657,43.56873],[-105.17155,43.56361],[-105.17579,43.55396],[-105.17381,43.54853],[-105.18641,43.54234],[-105.18959,43.53608],[-105.19103,43.53537],[-105.19403,43.53808],[-105.19414,43.54641],[-105.2024,43.54806],[-105.20491,43.54657],[-105.20615,43.53862],[-105.21114,43.53744],[-105.21416,43.53392],[-105.22632,43.536],[-105.2228,43.53972],[-105.22391,43.54478],[-105.22861,43.54703],[-105.23913,43.54799],[-105.24513,43.54508],[-105.24957,43.53954],[-105.26353,43.53509],[-105.27125,43.52935],[-105.27126,43.519],[-105.26625,43.5142],[-105.26376,43.50643],[-105.25788,43.49798],[-105.34471,43.49752],[-105.34489,43.50196],[-105.34223,43.50575],[-105.3488,43.5119],[-105.3482,43.52623],[-105.33488,43.53283],[-105.34217,43.54277],[-105.34299,43.54701],[-105.34731,43.5507],[-105.38004,43.56328],[-105.38066,43.57435]]]}},{"type":"Feature","id":"82401","properties":{"zip":"82401","pop":null,"city":"","county":"Washakie","state":"Wyoming","area":407.42,"lat":44.00093,"lon":-108.16767},"geometry":{"type":"Polygon","coordinates":[[[-108.85068,43.92987],[-108.8433,43.93086],[-108.84283,43.94192],[-108.83218,43.94414],[-108.82661,43.94812],[-108.81905,43.96107],[-108.81566,43.96282],[-108.8123,43.97296],[-108.80756,43.9771],[-108.78814,43.9855],[-108.77247,43.98636],[-108.77154,43.99155],[-108.77336,43.99297],[-108.76616,43.99603],[-108.76186,43.9956],[-108.76127,43.9986],[-108.77552,44.00084],[-108.79212,44.01213],[-108.79228,44.07962],[-108.65544,44.07971],[-108.65579,44.07708],[-108.64633,44.06587],[-108.63695,44.06139],[-108.62937,44.05319],[-108.62094,44.04819],[-108.61799,44.04281],[-108.61302,44.04129],[-108.60881,44.03697],[-108.60165,44.03482],[-108.60002,44.03179],[-108.59439,44.03074],[-108.59151,44.02536],[-108.58648,44.02485],[-108.584,44.02723],[-108.58363,44.02459],[-108.57958,44.02341],[-108.57957,44.02592],[-108.56958,44.02087],[-108.56631,44.02116],[-108.5628,44.01808],[-108.55176,44.01932],[-108.53027,44.01428],[-108.51838,44.0067],[-108.4747,44.00607],[-108.46021,44.00988],[-108.46045,44.01199],[-108.45777,44.01425],[-108.4591,44.01862],[-108.45616,44.02188],[-108.45925,44.02464],[-108.4598,44.02834],[-108.45453,44.04406],[-108.45958,44.05177],[-108.46989,44.06053],[-108.47282,44.06086],[-108.4782,44.06756],[-108.48005,44.07677],[-108.47071,44.08867],[-108.47071,44.09338],[-108.46603,44.09205],[-108.45682,44.09342],[-108.44279,44.09008],[-108.43724,44.09179],[-108.43403,44.09015],[-108.42164,44.09508],[-108.4077,44.09624],[-108.38083,44.09021],[-108.36229,44.08383],[-108.36915,44.07873],[-108.3679,44.07702],[-108.37305,44.07247],[-108.3759,44.06555],[-108.37921,44.06536],[-108.3809,44.06301],[-108.37957,44.06034],[-108.38482,44.05158],[-108.36523,44.04203],[-108.35608,44.03524],[-108.35444,44.0405],[-108.33633,44.05528],[-108.32219,44.05508],[-108.31427,44.05692],[-108.31114,44.07111],[-108.30698,44.07287],[-108.29863,44.0822],[-108.29032,44.08633],[-108.26462,44.11514],[-108.26148,44.11746],[-108.25171,44.1158],[-108.25656,44.11781],[-108.25668,44.11858],[-108.25527,44.11927],[-108.25245,44.11892],[-108.2518,44.11855],[-108.25307,44.11974],[-108.25542,44.11999],[-108.25722,44.1187],[-108.25804,44.11873],[-108.25844,44.11884],[-108.25895,44.11939],[-108.25881,44.12043],[-108.25748,44.1202],[-108.25784,44.12105],[-108.26043,44.12157],[-108.25756,44.12102],[-108.25734,44.12005],[-108.25865,44.1203],[-108.25809,44.11886],[-108.25651,44.11996],[-108.25346,44.12004],[-108.2516,44.11894],[-108.2516,44.11826],[-108.25642,44.11801],[-108.24902,44.116],[-108.25326,44.12628],[-108.25169,44.13571],[-108.23668,44.13101],[-108.24635,44.15202],[-108.2456,44.15446],[-108.2134,44.12552],[-108.18998,44.11964],[-108.18888,44.11759],[-108.19037,44.11593],[-108.18753,44.11288],[-108.18838,44.1079],[-108.18507,44.1054],[-108.18653,44.10361],[-108.1827,44.10214],[-108.18093,44.09561],[-108.17886,44.09508],[-108.17985,44.09367],[-108.17469,44.09106],[-108.17355,44.08852],[-108.16696,44.08726],[-108.16467,44.0844],[-108.15626,44.0854],[-108.1584,44.0846],[-108.15986,44.07999],[-108.15503,44.08196],[-108.15228,44.08078],[-108.15398,44.07961],[-108.14648,44.07905],[-108.14552,44.0751],[-108.14723,44.07366],[-108.14384,44.07065],[-108.14068,44.07443],[-108.13976,44.07196],[-108.14222,44.07056],[-108.14104,44.06956],[-108.13571,44.0713],[-108.13242,44.06836],[-108.12962,44.07158],[-108.12744,44.06622],[-108.11374,44.0673],[-108.10757,44.06228],[-108.10127,44.06709],[-108.08906,44.07128],[-108.06968,44.08148],[-108.06069,44.08481],[-108.0581,44.08295],[-108.05634,44.08775],[-108.03886,44.10663],[-108.02789,44.11651],[-108.02544,44.11563],[-108.01997,44.11947],[-108.02454,44.12554],[-108.03263,44.14404],[-108.04572,44.15012],[-108.05523,44.15882],[-108.04635,44.15918],[-108.04128,44.16416],[-108.03051,44.16822],[-107.94603,44.16811],[-107.94983,44.17143],[-107.95409,44.17113],[-107.9572,44.17552],[-107.97162,44.18127],[-107.94738,44.17615],[-107.94907,44.18756],[-107.94696,44.18668],[-107.94502,44.189],[-107.93873,44.19024],[-107.93878,44.19387],[-107.91516,44.19389],[-107.91598,44.20132],[-107.91126,44.2052],[-107.91581,44.20853],[-107.9132,44.2105],[-107.91525,44.21215],[-107.92291,44.21239],[-107.92531,44.21535],[-107.93298,44.21585],[-107.93543,44.21964],[-107.94196,44.21995],[-107.93594,44.2262],[-107.94863,44.23054],[-107.94518,44.23512],[-107.93708,44.23551],[-107.93334,44.23785],[-107.93703,44.24085],[-107.94741,44.24239],[-107.9552,44.24589],[-107.95612,44.2491],[-107.94594,44.24818],[-107.94343,44.25014],[-107.94918,44.255],[-107.94841,44.26064],[-107.95425,44.26235],[-107.95439,44.26486],[-107.94581,44.25938],[-107.92428,44.23485],[-107.91902,44.24106],[-107.91317,44.2346],[-107.89801,44.22739],[-107.88525,44.21468],[-107.88649,44.21219],[-107.87645,44.20476],[-107.87513,44.20067],[-107.86559,44.19226],[-107.86358,44.17999],[-107.85995,44.17355],[-107.84629,44.16113],[-107.84775,44.15895],[-107.84655,44.15635],[-107.84918,44.15298],[-107.84743,44.14284],[-107.85888,44.13884],[-107.85533,44.12981],[-107.85759,44.12839],[-107.85727,44.12564],[-107.85996,44.12545],[-107.85983,44.12293],[-107.86459,44.12196],[-107.866,44.11854],[-107.87018,44.11666],[-107.87284,44.10449],[-107.87484,44.10297],[-107.86852,44.09222],[-107.86759,44.08787],[-107.86981,44.07994],[-107.86749,44.07492],[-107.86763,44.06946],[-107.85973,44.06476],[-107.84556,44.0495],[-107.84081,44.04733],[-107.83203,44.03455],[-107.82691,44.03199],[-107.82731,44.02856],[-107.82208,44.01873],[-107.81024,44.00246],[-107.79319,44.01265],[-107.7917,44.0159],[-107.79033,44.01476],[-107.78921,44.0097],[-107.77436,43.99342],[-107.7741,43.99075],[-107.78198,43.98346],[-107.76927,43.96581],[-107.77068,43.96027],[-107.7747,43.95548],[-107.76099,43.9357],[-107.77014,43.93505],[-107.77671,43.93086],[-107.78839,43.93758],[-107.80609,43.93712],[-107.81452,43.94209],[-107.82175,43.93599],[-107.83124,43.93656],[-107.84031,43.93969],[-107.84978,43.95029],[-107.87295,43.95183],[-107.88068,43.94993],[-107.88406,43.94574],[-107.8917,43.94153],[-107.90188,43.94407],[-107.91228,43.93933],[-107.91703,43.94015],[-107.92846,43.93599],[-107.93927,43.93556],[-107.92936,43.91891],[-107.93215,43.91311],[-107.92976,43.90194],[-107.91199,43.88965],[-107.91184,43.88023],[-107.92262,43.87411],[-107.92392,43.87147],[-107.93478,43.88334],[-107.93387,43.88433],[-107.93784,43.89117],[-107.9901,43.90918],[-107.99942,43.90207],[-107.99418,43.89571],[-107.99539,43.89026],[-107.99298,43.88656],[-107.98984,43.87017],[-107.98672,43.86762],[-107.9803,43.86773],[-107.98588,43.85663],[-107.99161,43.85046],[-107.98891,43.84765],[-107.98734,43.84149],[-107.98307,43.8414],[-108.00255,43.81852],[-108.17494,43.81897],[-108.1728,43.82082],[-108.17616,43.82287],[-108.18842,43.82467],[-108.19398,43.82823],[-108.19619,43.82836],[-108.19778,43.82518],[-108.20175,43.82625],[-108.19972,43.831],[-108.19383,43.83414],[-108.18537,43.84824],[-108.30969,43.84662],[-108.30975,43.858],[-108.31262,43.85954],[-108.30971,43.86099],[-108.30961,43.87263],[-108.27515,43.88532],[-108.24998,43.89184],[-108.242,43.89323],[-108.23383,43.89167],[-108.23331,43.90038],[-108.2301,43.90583],[-108.23106,43.90885],[-108.24345,43.92089],[-108.25168,43.92208],[-108.26345,43.9419],[-108.27274,43.94337],[-108.28966,43.93837],[-108.2993,43.9379],[-108.30727,43.94],[-108.31411,43.94547],[-108.32684,43.94582],[-108.33794,43.95152],[-108.33723,43.95636],[-108.33166,43.95785],[-108.33077,43.96451],[-108.33192,43.97029],[-108.33485,43.9694],[-108.33903,43.9757],[-108.33748,43.99003],[-108.3394,43.99753],[-108.3445,44.0025],[-108.37324,44.00343],[-108.37995,44.00232],[-108.38448,43.99923],[-108.47208,43.99832],[-108.48958,43.99555],[-108.48943,43.99187],[-108.42706,43.99205],[-108.42956,43.90335],[-108.39163,43.9023],[-108.39168,43.8972],[-108.39804,43.88769],[-108.39717,43.88271],[-108.4002,43.87774],[-108.42111,43.89516],[-108.43398,43.90125],[-108.44042,43.90148],[-108.46133,43.91233],[-108.4774,43.91548],[-108.49076,43.9153],[-108.48762,43.91745],[-108.48983,43.92288],[-108.48817,43.92677],[-108.48926,43.92908],[-108.5018,43.94023],[-108.51697,43.96474],[-108.52233,43.96497],[-108.5199,43.96793],[-108.53753,43.97301],[-108.55771,43.98338],[-108.56189,43.9801],[-108.57036,43.98033],[-108.57074,43.97796],[-108.5756,43.97807],[-108.57906,43.97571],[-108.58424,43.97795],[-108.5877,43.977],[-108.58036,43.98172],[-108.56334,43.98285],[-108.55133,43.99409],[-108.57092,43.99737],[-108.57682,44.00094],[-108.58623,44.01618],[-108.61536,44.01502],[-108.61344,44.01785],[-108.60995,44.01818],[-108.63187,44.02023],[-108.65254,44.03928],[-108.6951,44.04539],[-108.71643,44.05103],[-108.71496,44.04782],[-108.71547,44.03461],[-108.70946,44.01942],[-108.69377,44.00134],[-108.69477,43.99727],[-108.71977,43.99396],[-108.73592,43.99921],[-108.7392,43.99574],[-108.74323,43.99591],[-108.74297,43.99422],[-108.73878,43.9935],[-108.76242,43.97486],[-108.76275,43.96762],[-108.76809,43.96144],[-108.76972,43.95654],[-108.79024,43.94949],[-108.80049,43.94209],[-108.8097,43.93131],[-108.81092,43.92876],[-108.80931,43.92674],[-108.81633,43.92201],[-108.81784,43.91827],[-108.82787,43.91575],[-108.8459,43.91926],[-108.85015,43.92565],[-108.85068,43.92987]]]}},{"type":"Feature","id":"82410","properties":{"zip":"82410","pop":null,"city":"","county":"Big Horn","state":"Wyoming","area":111.86,"lat":44.373,"lon":-108.15095},"geometry":{"type":"Polygon","coordinates":[[[-108.37237,44.46144],[-108.37058,44.46145],[-108.37046,44.47257],[-108.25979,44.47267],[-108.24777,44.46443],[-108.23957,44.46417],[-108.22428,44.4556],[-108.2208,44.45905],[-108.21378,44.4598],[-108.1991,44.44979],[-108.19295,44.44326],[-108.18823,44.4303],[-108.18945,44.42341],[-108.18794,44.42167],[-108.19112,44.41995],[-108.19121,44.40758],[-108.1869,44.40673],[-108.18239,44.40992],[-108.18079,44.40876],[-108.17832,44.41085],[-108.17272,44.41067],[-108.16962,44.41392],[-108.16311,44.41392],[-108.16136,44.41673],[-108.15401,44.41549],[-108.1506,44.41928],[-108.15097,44.42149],[-108.14598,44.42055],[-108.14115,44.42466],[-108.13952,44.42392],[-108.13841,44.42702],[-108.13506,44.42646],[-108.13365,44.42947],[-108.12992,44.42815],[-108.12691,44.43078],[-108.12394,44.43016],[-108.12158,44.4322],[-108.12311,44.43329],[-108.11601,44.43236],[-108.11234,44.43729],[-108.10999,44.43573],[-108.10857,44.43849],[-108.10435,44.43952],[-108.09935,44.44504],[-108.10011,44.44669],[-108.09556,44.44575],[-108.09528,44.45053],[-108.09727,44.45228],[-108.09218,44.45435],[-108.09081,44.45334],[-108.08987,44.45564],[-108.08725,44.45597],[-108.08472,44.4529],[-108.07552,44.44971],[-108.07414,44.447],[-108.06564,44.44692],[-108.06554,44.44337],[-108.05054,44.44339],[-108.04902,44.41815],[-108.0459,44.41841],[-108.03755,44.42399],[-108.04358,44.42956],[-108.04173,44.43436],[-108.03818,44.43719],[-108.04101,44.44457],[-108.03376,44.44958],[-108.03594,44.45272],[-108.03121,44.45188],[-108.0268,44.45504],[-108.0242,44.45466],[-108.02478,44.45143],[-108.02029,44.44749],[-108.01835,44.4417],[-108.00201,44.42308],[-107.98136,44.41389],[-107.9777,44.40826],[-107.9862,44.41027],[-107.98821,44.40696],[-107.99537,44.41154],[-107.99732,44.41079],[-107.99738,44.40384],[-107.98905,44.39649],[-107.9894,44.39215],[-107.98538,44.38401],[-107.98607,44.38231],[-107.98929,44.38295],[-107.99387,44.37995],[-107.9976,44.38054],[-107.99927,44.37348],[-108.00497,44.37583],[-108.00503,44.37268],[-108.00718,44.37104],[-108.01992,44.36462],[-108.02392,44.37904],[-108.02082,44.38325],[-108.03507,44.38334],[-108.02537,44.37836],[-108.02879,44.3689],[-108.02394,44.35511],[-108.01707,44.35491],[-108.01327,44.35695],[-108.00982,44.35528],[-108.01576,44.3511],[-108.01315,44.34668],[-108.01296,44.34074],[-108.0075,44.33745],[-108.00674,44.32975],[-108.0156,44.32518],[-108.0172,44.32092],[-108.0099,44.32233],[-108.00831,44.32013],[-108.00904,44.31328],[-107.99938,44.30762],[-108.00599,44.30666],[-108.00847,44.30384],[-108.00717,44.30105],[-108.00074,44.29858],[-107.98748,44.29772],[-107.99044,44.28791],[-107.98401,44.27913],[-107.97182,44.27928],[-107.96751,44.27697],[-107.96981,44.27485],[-107.97945,44.275],[-107.99773,44.28675],[-108.00217,44.28605],[-108.00356,44.28405],[-108.03021,44.2841],[-108.01585,44.26977],[-108.02532,44.27161],[-108.0392,44.28015],[-108.04482,44.27702],[-108.06031,44.28061],[-108.06388,44.27993],[-108.06624,44.27669],[-108.09502,44.27459],[-108.10558,44.27078],[-108.11216,44.27026],[-108.11896,44.2723],[-108.14828,44.27072],[-108.16276,44.2735],[-108.17893,44.27366],[-108.19325,44.28544],[-108.19323,44.2935],[-108.19773,44.29734],[-108.19807,44.3013],[-108.20308,44.30552],[-108.2085,44.3026],[-108.21609,44.30344],[-108.2535,44.29307],[-108.2601,44.29845],[-108.25828,44.30478],[-108.25958,44.31092],[-108.26194,44.31299],[-108.26209,44.31634],[-108.25635,44.31988],[-108.25706,44.32687],[-108.26254,44.33311],[-108.26633,44.3341],[-108.26799,44.33818],[-108.26527,44.33808],[-108.26505,44.34186],[-108.21233,44.34175],[-108.2124,44.3579],[-108.21937,44.36398],[-108.23177,44.36935],[-108.24873,44.36763],[-108.25241,44.37613],[-108.262,44.37673],[-108.27253,44.37469],[-108.27239,44.38359],[-108.26402,44.38369],[-108.25717,44.37955],[-108.25377,44.38161],[-108.25981,44.38354],[-108.25963,44.38851],[-108.25758,44.38793],[-108.2595,44.38863],[-108.26434,44.38925],[-108.2723,44.38942],[-108.26968,44.40141],[-108.2637,44.40176],[-108.26425,44.40291],[-108.27177,44.40332],[-108.27171,44.406],[-108.27563,44.40878],[-108.28237,44.41132],[-108.28835,44.41116],[-108.29385,44.41618],[-108.3097,44.41789],[-108.30971,44.42114],[-108.31402,44.4205],[-108.3189,44.42259],[-108.32974,44.41765],[-108.36026,44.41793],[-108.36022,44.43597],[-108.35514,44.43665],[-108.35166,44.43449],[-108.35008,44.438],[-108.35612,44.44832],[-108.37229,44.44687],[-108.37237,44.46144]]]}},{"type":"Feature","id":"82426","properties":{"zip":"82426","pop":null,"city":"","county":"Big Horn","state":"Wyoming","area":199.95,"lat":44.51593,"lon":-108.02944},"geometry":{"type":"Polygon","coordinates":[[[-108.39258,44.52562],[-108.38972,44.52502],[-108.38702,44.52782],[-108.38461,44.5269],[-108.38332,44.52835],[-108.37463,44.52659],[-108.37171,44.52928],[-108.36533,44.52813],[-108.36526,44.53021],[-108.35934,44.53],[-108.35865,44.52808],[-108.35565,44.5277],[-108.35258,44.52885],[-108.34552,44.52599],[-108.34513,44.52797],[-108.34099,44.52632],[-108.34029,44.52907],[-108.33783,44.52918],[-108.33638,44.52676],[-108.33269,44.52824],[-108.32577,44.52589],[-108.31786,44.52819],[-108.31564,44.52594],[-108.31141,44.52577],[-108.3131,44.52402],[-108.30634,44.5193],[-108.30158,44.52067],[-108.29943,44.5182],[-108.29859,44.51962],[-108.28964,44.51203],[-108.28715,44.51458],[-108.28485,44.51089],[-108.28208,44.51292],[-108.27955,44.51067],[-108.27494,44.51116],[-108.2754,44.50848],[-108.25018,44.5087],[-108.23255,44.50422],[-108.14797,44.50847],[-108.21792,44.63272],[-108.22792,44.64324],[-108.22784,44.6936],[-108.22168,44.69452],[-108.2246,44.69912],[-108.22186,44.7021],[-108.21724,44.70287],[-108.21122,44.6984],[-108.20264,44.69658],[-108.19734,44.68854],[-108.18306,44.67875],[-108.18243,44.67553],[-108.18524,44.67209],[-108.18234,44.6686],[-108.18307,44.66499],[-108.1607,44.65144],[-108.15626,44.64283],[-108.14955,44.63731],[-108.13816,44.63061],[-108.12876,44.62904],[-108.12654,44.63549],[-108.12248,44.63545],[-108.1287,44.65329],[-108.12842,44.66136],[-108.1313,44.66438],[-108.13265,44.67182],[-108.13248,44.674],[-108.12657,44.67887],[-108.12652,44.68966],[-108.12225,44.6888],[-108.11801,44.69155],[-108.11419,44.68928],[-108.10588,44.68836],[-108.09912,44.69078],[-108.08455,44.69078],[-108.07453,44.68641],[-108.07626,44.67979],[-108.07104,44.6692],[-108.06517,44.6643],[-108.07042,44.65648],[-108.05817,44.64038],[-108.0553,44.62923],[-108.05219,44.62623],[-108.05354,44.62132],[-108.04985,44.61507],[-108.05497,44.60004],[-108.05327,44.59628],[-108.04439,44.58146],[-108.0181,44.56055],[-108.01207,44.55819],[-107.99684,44.53972],[-107.9955,44.53618],[-107.99667,44.53444],[-107.94436,44.54013],[-107.93096,44.53568],[-107.92509,44.53679],[-107.91347,44.55653],[-107.90214,44.55624],[-107.89553,44.56135],[-107.88964,44.56233],[-107.88841,44.57159],[-107.89151,44.57764],[-107.89298,44.57662],[-107.8916,44.58288],[-107.89287,44.5927],[-107.88747,44.59734],[-107.88604,44.60142],[-107.8793,44.6038],[-107.87304,44.61141],[-107.87468,44.61576],[-107.86793,44.61709],[-107.86123,44.62371],[-107.85796,44.61965],[-107.84188,44.60885],[-107.83688,44.60328],[-107.83643,44.59261],[-107.83234,44.59232],[-107.82982,44.58818],[-107.8322,44.58504],[-107.82974,44.57642],[-107.82351,44.57667],[-107.82219,44.57307],[-107.82402,44.56213],[-107.82227,44.54935],[-107.82312,44.54511],[-107.84005,44.54588],[-107.84247,44.54526],[-107.84286,44.5414],[-107.8234,44.53701],[-107.81732,44.53275],[-107.812,44.53595],[-107.80688,44.5363],[-107.80231,44.53457],[-107.80238,44.52799],[-107.79689,44.52734],[-107.78485,44.52935],[-107.7777,44.53449],[-107.77055,44.52794],[-107.77159,44.53206],[-107.76681,44.53471],[-107.75634,44.52447],[-107.74992,44.52174],[-107.73954,44.51244],[-107.74572,44.50375],[-107.74357,44.49453],[-107.76695,44.49801],[-107.77335,44.50502],[-107.78942,44.50898],[-107.79175,44.5052],[-107.79788,44.50203],[-107.79749,44.49824],[-107.80077,44.49274],[-107.80022,44.4875],[-107.80664,44.47333],[-107.80627,44.46919],[-107.81614,44.4657],[-107.81084,44.45805],[-107.79713,44.44561],[-107.79149,44.43565],[-107.77089,44.42188],[-107.77386,44.42115],[-107.77134,44.41877],[-107.76359,44.41646],[-107.74909,44.40395],[-107.74711,44.3995],[-107.74969,44.39577],[-107.7566,44.39745],[-107.76173,44.39444],[-107.77286,44.39479],[-107.77574,44.38706],[-107.78159,44.38288],[-107.7808,44.37799],[-107.7869,44.37349],[-107.79903,44.38005],[-107.80365,44.37801],[-107.83195,44.38466],[-107.84135,44.3847],[-107.85936,44.3892],[-107.87386,44.39568],[-107.88925,44.39903],[-107.90356,44.40705],[-107.90158,44.40927],[-107.90518,44.41325],[-107.90537,44.41896],[-107.91216,44.43635],[-107.91627,44.43722],[-107.92495,44.44655],[-107.9256,44.4709],[-107.92722,44.4695],[-107.93243,44.47243],[-107.93238,44.46994],[-107.93453,44.47001],[-107.9359,44.46763],[-107.93926,44.47414],[-107.95201,44.47536],[-107.95745,44.47238],[-107.96,44.46379],[-107.95866,44.4583],[-107.96708,44.4471],[-107.96887,44.44694],[-107.96757,44.4447],[-107.96953,44.4439],[-107.96993,44.44092],[-107.9464,44.42297],[-107.93833,44.41916],[-107.92912,44.40718],[-107.93389,44.40376],[-107.93174,44.39969],[-107.93676,44.39622],[-107.94678,44.40029],[-107.94943,44.4034],[-107.95569,44.40453],[-107.95847,44.40195],[-107.96062,44.40294],[-107.96214,44.40162],[-107.95764,44.39807],[-107.95772,44.39261],[-107.96944,44.38955],[-107.96961,44.3872],[-107.97474,44.38421],[-107.97712,44.37489],[-107.97923,44.37295],[-107.98699,44.38255],[-107.98538,44.38401],[-107.9894,44.39215],[-107.98905,44.39649],[-107.99738,44.40384],[-107.99805,44.40866],[-107.99537,44.41154],[-107.98821,44.40696],[-107.9862,44.41027],[-107.9777,44.40826],[-107.98136,44.41389],[-108.00201,44.42308],[-108.01835,44.4417],[-108.02029,44.44749],[-108.02478,44.45143],[-108.0242,44.45466],[-108.0268,44.45504],[-108.03121,44.45188],[-108.03594,44.45272],[-108.03376,44.44958],[-108.04101,44.44457],[-108.03818,44.43719],[-108.04173,44.43436],[-108.04358,44.42956],[-108.03755,44.42399],[-108.0459,44.41841],[-108.04902,44.41815],[-108.05054,44.44339],[-108.06554,44.44337],[-108.06564,44.44692],[-108.07414,44.447],[-108.07552,44.44971],[-108.08472,44.4529],[-108.08725,44.45597],[-108.08987,44.45564],[-108.09081,44.45334],[-108.09218,44.45435],[-108.09727,44.45228],[-108.09528,44.45053],[-108.09556,44.44575],[-108.10011,44.44669],[-108.09935,44.44504],[-108.10435,44.43952],[-108.10857,44.43849],[-108.10999,44.43573],[-108.11234,44.43729],[-108.11601,44.43236],[-108.12311,44.43329],[-108.12158,44.4322],[-108.12394,44.43016],[-108.12691,44.43078],[-108.12992,44.42815],[-108.13365,44.42947],[-108.13506,44.42646],[-108.13841,44.42702],[-108.13952,44.42392],[-108.14115,44.42466],[-108.14598,44.42055],[-108.15097,44.42149],[-108.1506,44.41928],[-108.15401,44.41549],[-108.16136,44.41673],[-108.16311,44.41392],[-108.16962,44.41392],[-108.17272,44.41067],[-108.17832,44.41085],[-108.18079,44.40876],[-108.18239,44.40992],[-108.1869,44.40673],[-108.19121,44.40758],[-108.19112,44.41995],[-108.18794,44.42167],[-108.18945,44.42341],[-108.18823,44.4303],[-108.19295,44.44326],[-108.1991,44.44979],[-108.21378,44.4598],[-108.2208,44.45905],[-108.22428,44.4556],[-108.23957,44.46417],[-108.24777,44.46443],[-108.25979,44.47267],[-108.34539,44.47259],[-108.34693,44.47414],[-108.34361,44.47855],[-108.35012,44.4847],[-108.34811,44.48874],[-108.35078,44.49115],[-108.34932,44.49385],[-108.33036,44.49606],[-108.31644,44.49126],[-108.31097,44.49135],[-108.31096,44.50594],[-108.37131,44.50579],[-108.37146,44.52036],[-108.3917,44.52018],[-108.39258,44.52562]]]}},{"type":"Feature","id":"82432","properties":{"zip":"82432","pop":null,"city":"","county":"Big Horn","state":"Wyoming","area":98.83,"lat":44.2363,"lon":-107.88146},"geometry":{"type":"Polygon","coordinates":[[[-108.07946,44.22823],[-108.07915,44.2347],[-108.07774,44.23772],[-108.07191,44.24142],[-108.07171,44.24644],[-108.06326,44.24453],[-108.05234,44.25275],[-108.04849,44.25902],[-108.04158,44.27935],[-108.0392,44.28015],[-108.02532,44.27161],[-108.01585,44.26977],[-108.03021,44.2841],[-108.00356,44.28405],[-108.00217,44.28605],[-107.99773,44.28675],[-107.97945,44.275],[-107.96981,44.27485],[-107.96751,44.27697],[-107.97182,44.27928],[-107.98401,44.27913],[-107.99044,44.28791],[-107.98748,44.29772],[-108.00074,44.29858],[-108.00717,44.30105],[-108.00847,44.30384],[-108.00599,44.30666],[-107.99938,44.30762],[-108.00904,44.31328],[-108.00831,44.32013],[-108.0099,44.32233],[-108.0172,44.32092],[-108.0156,44.32518],[-108.00674,44.32975],[-108.0075,44.33745],[-108.01296,44.34074],[-108.01315,44.34668],[-108.01576,44.3511],[-108.00982,44.35528],[-108.01327,44.35695],[-108.01707,44.35491],[-108.02394,44.35511],[-108.02879,44.3689],[-108.02537,44.37836],[-108.03507,44.38334],[-108.02082,44.38325],[-108.02392,44.37904],[-108.01992,44.36462],[-108.00503,44.37268],[-108.00501,44.3659],[-107.99933,44.35994],[-107.98574,44.35281],[-107.97854,44.35207],[-107.96081,44.34234],[-107.94859,44.33888],[-107.94862,44.32032],[-107.96978,44.32032],[-107.9698,44.31067],[-107.96557,44.30473],[-107.96384,44.29164],[-107.95908,44.28664],[-107.95882,44.28265],[-107.95497,44.27756],[-107.88878,44.27493],[-107.88298,44.27261],[-107.87156,44.27361],[-107.86824,44.27571],[-107.85872,44.2726],[-107.85204,44.27404],[-107.82718,44.27244],[-107.8049,44.2677],[-107.80207,44.26271],[-107.79256,44.26022],[-107.7966,44.28215],[-107.79132,44.28882],[-107.78782,44.28805],[-107.78776,44.30196],[-107.77709,44.31224],[-107.77618,44.31712],[-107.77056,44.31786],[-107.76527,44.31247],[-107.76439,44.30778],[-107.7669,44.30328],[-107.75975,44.29718],[-107.7561,44.28851],[-107.74639,44.27998],[-107.74537,44.27393],[-107.74178,44.27912],[-107.72767,44.27783],[-107.71771,44.282],[-107.71138,44.29265],[-107.70976,44.2918],[-107.70042,44.27698],[-107.69961,44.26129],[-107.68903,44.2553],[-107.68175,44.25527],[-107.67952,44.2531],[-107.68331,44.24764],[-107.68032,44.23902],[-107.67688,44.2377],[-107.68187,44.23634],[-107.69282,44.22637],[-107.71684,44.21303],[-107.71523,44.20352],[-107.71201,44.19862],[-107.68427,44.17949],[-107.67649,44.16779],[-107.66532,44.1665],[-107.85484,44.16817],[-107.86358,44.17999],[-107.86559,44.19226],[-107.87513,44.20067],[-107.87645,44.20476],[-107.88649,44.21219],[-107.88525,44.21468],[-107.88772,44.21752],[-107.89801,44.22739],[-107.91317,44.2346],[-107.91902,44.24106],[-107.92428,44.23485],[-107.94581,44.25938],[-107.95439,44.26486],[-107.95425,44.26235],[-107.94841,44.26064],[-107.94918,44.255],[-107.94343,44.25014],[-107.94594,44.24818],[-107.95612,44.2491],[-107.9552,44.24589],[-107.94741,44.24239],[-107.93703,44.24085],[-107.93334,44.23785],[-107.93708,44.23551],[-107.94518,44.23512],[-107.94863,44.23054],[-107.93594,44.2262],[-107.94196,44.21995],[-107.93543,44.21964],[-107.93298,44.21585],[-107.92531,44.21535],[-107.92291,44.21239],[-107.91525,44.21215],[-107.9132,44.2105],[-107.91581,44.20853],[-107.91517,44.20713],[-107.91126,44.2052],[-107.91598,44.20132],[-107.91516,44.19389],[-107.93878,44.19387],[-107.93873,44.19024],[-107.94502,44.189],[-107.94696,44.18668],[-107.94907,44.18756],[-107.94738,44.17615],[-107.97162,44.18127],[-107.9572,44.17552],[-107.95409,44.17113],[-107.94983,44.17143],[-107.94603,44.16811],[-108.03051,44.16822],[-108.03368,44.17127],[-108.03078,44.17147],[-108.03115,44.17272],[-108.04912,44.18369],[-108.05593,44.1871],[-108.06731,44.18766],[-108.06534,44.19059],[-108.06152,44.1915],[-108.05966,44.19519],[-108.05463,44.19552],[-108.05915,44.19979],[-108.07576,44.20658],[-108.07093,44.21355],[-108.07978,44.22318],[-108.07946,44.22823]]]}},{"type":"Feature","id":"82433","properties":{"zip":"82433","pop":null,"city":"","county":"Park","state":"Wyoming","area":551.43,"lat":44.06174,"lon":-109.12548},"geometry":{"type":"Polygon","coordinates":[[[-109.55104,44.04265],[-109.55031,44.05145],[-109.53613,44.06904],[-109.53454,44.08212],[-109.51343,44.09614],[-109.49904,44.10003],[-109.48717,44.10752],[-109.47318,44.12514],[-109.4731,44.13773],[-109.46048,44.14315],[-109.45981,44.14852],[-109.44705,44.1576],[-109.4472,44.16404],[-109.43422,44.16424],[-109.42667,44.16221],[-109.41481,44.16629],[-109.39207,44.1642],[-109.38548,44.16021],[-109.38209,44.14921],[-109.37783,44.14366],[-109.3734,44.14058],[-109.36127,44.14051],[-109.33817,44.12434],[-109.33688,44.1257],[-109.32884,44.12336],[-109.30853,44.12725],[-109.29858,44.12392],[-109.29594,44.12382],[-109.29509,44.12637],[-109.29152,44.1239],[-109.28014,44.12629],[-109.26985,44.12446],[-109.26783,44.11839],[-109.25785,44.11762],[-109.25697,44.12064],[-109.23745,44.11605],[-109.22839,44.11651],[-109.21865,44.11318],[-109.21485,44.10974],[-109.19922,44.10781],[-109.16801,44.11409],[-109.16343,44.11353],[-109.16466,44.11724],[-109.11148,44.11258],[-109.13661,44.12194],[-109.15162,44.12357],[-109.16225,44.1303],[-109.16956,44.15122],[-109.17208,44.16532],[-109.1683,44.16479],[-109.16322,44.17021],[-109.14778,44.17816],[-109.15727,44.18763],[-109.16255,44.19625],[-109.16972,44.19981],[-109.16878,44.20474],[-109.14759,44.19595],[-109.15134,44.20557],[-109.15873,44.21218],[-109.13392,44.21222],[-109.12901,44.20837],[-109.11673,44.20635],[-109.11677,44.21227],[-109.12066,44.21357],[-109.11911,44.22022],[-109.12175,44.22196],[-109.1216,44.22388],[-109.09397,44.23168],[-109.06711,44.2316],[-109.07254,44.2371],[-109.08704,44.23894],[-109.08762,44.24124],[-109.0983,44.24411],[-109.10538,44.24809],[-109.10686,44.2508],[-109.12377,44.24754],[-109.13648,44.25105],[-109.1543,44.24839],[-109.14854,44.25298],[-109.15608,44.25493],[-109.1553,44.25838],[-109.14887,44.2629],[-109.15241,44.265],[-109.15137,44.26584],[-109.16023,44.27134],[-109.17691,44.27091],[-109.17692,44.27324],[-109.1724,44.2754],[-109.16285,44.27415],[-109.15432,44.27048],[-109.10371,44.27031],[-109.10471,44.26443],[-109.1021,44.26237],[-109.08127,44.26329],[-109.05623,44.25667],[-109.04459,44.24567],[-109.03924,44.24347],[-109.03656,44.23868],[-109.02999,44.23792],[-109.02137,44.23296],[-109.00383,44.23559],[-109.00247,44.2377],[-109.00359,44.24925],[-108.98766,44.24465],[-108.98482,44.24123],[-108.98026,44.24028],[-108.9568,44.237],[-108.94671,44.23754],[-108.94557,44.24106],[-108.94995,44.24454],[-108.94723,44.24564],[-108.94435,44.25513],[-108.95127,44.26247],[-108.95122,44.26446],[-108.94216,44.26957],[-108.87293,44.26912],[-108.87064,44.2619],[-108.85937,44.25088],[-108.83779,44.24421],[-108.82827,44.23885],[-108.81928,44.24982],[-108.81189,44.25422],[-108.81223,44.25691],[-108.81834,44.2617],[-108.81872,44.26705],[-108.81088,44.26887],[-108.81068,44.29811],[-108.79647,44.30746],[-108.77638,44.31249],[-108.76784,44.31914],[-108.75021,44.31721],[-108.71606,44.34332],[-108.69678,44.35533],[-108.67961,44.36283],[-108.67218,44.3714],[-108.65309,44.38261],[-108.6169,44.39899],[-108.60845,44.40494],[-108.60438,44.41022],[-108.59548,44.41438],[-108.59079,44.4198],[-108.57346,44.42904],[-108.57361,44.3004],[-108.57571,44.30246],[-108.58228,44.29825],[-108.58799,44.30182],[-108.59596,44.3015],[-108.60163,44.30945],[-108.60142,44.30554],[-108.60339,44.30685],[-108.60438,44.30433],[-108.60897,44.30311],[-108.6137,44.3087],[-108.61396,44.31476],[-108.61611,44.31016],[-108.61845,44.30996],[-108.62139,44.31536],[-108.6269,44.31814],[-108.63394,44.32802],[-108.63778,44.32684],[-108.6472,44.33081],[-108.65805,44.33157],[-108.66704,44.32638],[-108.70121,44.32645],[-108.70776,44.32203],[-108.71603,44.32132],[-108.72397,44.31794],[-108.72447,44.31569],[-108.73094,44.31112],[-108.73607,44.30996],[-108.73907,44.30556],[-108.74335,44.3047],[-108.74877,44.29876],[-108.74916,44.29589],[-108.75444,44.29024],[-108.75416,44.28755],[-108.75997,44.2852],[-108.76595,44.27814],[-108.77575,44.27303],[-108.76384,44.26903],[-108.76143,44.26457],[-108.75545,44.2652],[-108.7501,44.25594],[-108.75276,44.25382],[-108.75349,44.24961],[-108.75737,44.24636],[-108.76346,44.24677],[-108.76987,44.24363],[-108.77964,44.25586],[-108.79153,44.24968],[-108.8024,44.24047],[-108.80306,44.2341],[-108.8002,44.23135],[-108.79227,44.23109],[-108.77767,44.22243],[-108.77246,44.21019],[-108.76987,44.20885],[-108.7707,44.20038],[-108.7752,44.19714],[-108.7756,44.19153],[-108.77911,44.1902],[-108.78865,44.19407],[-108.79348,44.19369],[-108.79473,44.18525],[-108.80508,44.18413],[-108.80858,44.18183],[-108.81125,44.17654],[-108.82071,44.17312],[-108.82468,44.16994],[-108.82887,44.16171],[-108.8336,44.16068],[-108.83236,44.15631],[-108.83366,44.15224],[-108.81995,44.13965],[-108.80741,44.14395],[-108.78503,44.14582],[-108.7846,44.14374],[-108.78196,44.14307],[-108.76913,44.14498],[-108.7616,44.14813],[-108.75709,44.14736],[-108.75719,44.14309],[-108.7623,44.14332],[-108.76783,44.13699],[-108.76712,44.13258],[-108.76329,44.12673],[-108.74975,44.12286],[-108.74395,44.11426],[-108.73592,44.10936],[-108.72258,44.09615],[-108.71318,44.09109],[-108.71184,44.08882],[-108.71787,44.08547],[-108.71639,44.07982],[-108.79228,44.07962],[-108.79228,44.07205],[-108.81606,44.07115],[-108.84616,44.07435],[-108.85332,44.07218],[-108.86105,44.06512],[-108.86759,44.06345],[-108.86923,44.05903],[-108.86656,44.05562],[-108.86743,44.05318],[-108.87372,44.04931],[-108.87784,44.03609],[-108.85488,44.02739],[-108.85024,44.02095],[-108.87361,44.01748],[-108.87427,44.01338],[-108.88033,44.01166],[-108.88044,44.00882],[-108.88363,44.00746],[-108.88918,44.01007],[-108.89545,44.00801],[-108.89649,44.00407],[-108.90297,44.00416],[-108.91178,43.99888],[-108.92076,43.99937],[-108.92413,43.9974],[-108.93547,43.99838],[-108.95403,43.99015],[-108.95833,43.98704],[-108.95888,43.98372],[-108.96928,43.9777],[-108.96991,43.97561],[-108.97485,43.97467],[-108.97635,43.9712],[-108.97948,43.96955],[-108.99475,43.9695],[-109.00227,43.96613],[-109.00878,43.95531],[-109.00619,43.94155],[-108.99733,43.92035],[-109.00202,43.90949],[-109.00746,43.90509],[-109.09288,43.90447],[-109.0936,43.81762],[-109.13317,43.816],[-109.27255,43.81612],[-109.27259,43.81355],[-109.31295,43.81329],[-109.31664,43.81847],[-109.31621,43.82419],[-109.3221,43.82909],[-109.32161,43.83403],[-109.3258,43.83775],[-109.336,43.8421],[-109.34932,43.83991],[-109.36676,43.84301],[-109.36749,43.84974],[-109.3722,43.85299],[-109.3699,43.85723],[-109.37265,43.85942],[-109.37633,43.87116],[-109.3736,43.87376],[-109.37402,43.87745],[-109.38017,43.8828],[-109.39846,43.88434],[-109.4025,43.8884],[-109.40176,43.89201],[-109.40627,43.89904],[-109.40495,43.90198],[-109.41094,43.90399],[-109.41342,43.90925],[-109.42686,43.91004],[-109.4339,43.91404],[-109.44236,43.93043],[-109.45473,43.92766],[-109.47239,43.93218],[-109.47054,43.93881],[-109.47605,43.94884],[-109.48974,43.94829],[-109.50318,43.93882],[-109.50776,43.93849],[-109.52029,43.94275],[-109.53196,43.94946],[-109.53512,43.95442],[-109.53515,43.96139],[-109.54126,43.97008],[-109.53592,43.98396],[-109.53674,43.99333],[-109.53035,44.00757],[-109.54824,44.01975],[-109.55095,44.03186],[-109.55104,44.04265]]]}},{"type":"Feature","id":"82435","properties":{"zip":"82435","pop":null,"city":"","county":"Park","state":"Wyoming","area":550.75,"lat":44.82408,"lon":-109.03479},"geometry":{"type":"Polygon","coordinates":[[[-109.51929,44.92937],[-109.51332,44.92842],[-109.51068,44.92984],[-109.50823,44.93981],[-109.48842,44.94886],[-109.48668,44.95185],[-109.47925,44.94869],[-109.48171,44.95021],[-109.48311,44.95527],[-109.48653,44.9572],[-109.48363,44.96411],[-109.48107,44.9611],[-109.47905,44.96457],[-109.48183,44.96826],[-109.47662,44.96334],[-109.479,44.97044],[-109.4748,44.96776],[-109.46333,44.97081],[-109.45976,44.97467],[-109.45781,44.97413],[-109.46084,44.97535],[-109.43704,44.96897],[-109.43445,44.9751],[-109.42644,44.97546],[-109.43038,44.97744],[-109.42668,44.97996],[-109.42666,44.99072],[-109.41728,45.00207],[-109.41102,45.00454],[-109.10323,45.00581],[-109.08285,44.99955],[-108.98476,44.99967],[-108.98328,44.99652],[-108.98423,44.99281],[-108.97636,44.97829],[-108.96955,44.97465],[-108.95705,44.95815],[-108.95187,44.95431],[-108.94235,44.95595],[-108.94219,44.95018],[-108.93022,44.94423],[-108.90866,44.92222],[-108.90205,44.92092],[-108.88775,44.92728],[-108.88198,44.92778],[-108.87342,44.92226],[-108.87015,44.91692],[-108.86458,44.91841],[-108.8644,44.87142],[-108.83472,44.87143],[-108.8346,44.86334],[-108.80455,44.88815],[-108.79918,44.88349],[-108.792,44.88954],[-108.77711,44.87124],[-108.74138,44.87154],[-108.72849,44.87351],[-108.7255,44.87461],[-108.72872,44.88148],[-108.7269,44.88575],[-108.72796,44.89187],[-108.72297,44.89483],[-108.7236,44.89808],[-108.71214,44.90145],[-108.70857,44.90068],[-108.69799,44.91608],[-108.69282,44.916],[-108.69262,44.91196],[-108.6795,44.8893],[-108.67812,44.88102],[-108.67482,44.88404],[-108.67439,44.87723],[-108.67259,44.87506],[-108.68027,44.86164],[-108.67547,44.83869],[-108.67616,44.83329],[-108.6673,44.82031],[-108.65798,44.81545],[-108.65636,44.81146],[-108.6519,44.80846],[-108.64025,44.80298],[-108.62689,44.78995],[-108.619,44.78513],[-108.60634,44.78196],[-108.59414,44.77358],[-108.57813,44.7698],[-108.58161,44.74161],[-108.58345,44.73881],[-108.57575,44.7487],[-108.5631,44.7507],[-108.56007,44.75475],[-108.55508,44.75679],[-108.55545,44.7587],[-108.55034,44.75828],[-108.54864,44.76295],[-108.54218,44.76782],[-108.54191,44.77303],[-108.5401,44.7746],[-108.53139,44.77519],[-108.52342,44.78049],[-108.52357,44.78459],[-108.51358,44.78168],[-108.51346,44.76994],[-108.50883,44.77206],[-108.50749,44.7704],[-108.51009,44.7653],[-108.50893,44.75989],[-108.51102,44.75577],[-108.51474,44.7521],[-108.52722,44.74795],[-108.52606,44.74509],[-108.52957,44.7428],[-108.52953,44.74072],[-108.53271,44.73889],[-108.53742,44.73976],[-108.54519,44.73498],[-108.53157,44.72371],[-108.50851,44.73067],[-108.50326,44.72151],[-108.49279,44.71365],[-108.49627,44.69815],[-108.49494,44.68693],[-108.49023,44.67859],[-108.49224,44.67514],[-108.48942,44.67397],[-108.48362,44.66456],[-108.47868,44.66155],[-108.48092,44.66111],[-108.48265,44.65658],[-108.48985,44.65043],[-108.49898,44.64566],[-108.53087,44.6498],[-108.55448,44.65702],[-108.56778,44.64896],[-108.57016,44.65489],[-108.58809,44.65485],[-108.59233,44.64773],[-108.60798,44.65489],[-108.61272,44.65425],[-108.61466,44.64723],[-108.62909,44.66784],[-108.63179,44.67724],[-108.64651,44.66703],[-108.7263,44.67022],[-108.77198,44.66534],[-108.81388,44.68182],[-108.90462,44.6659],[-108.93999,44.63834],[-108.9369,44.64189],[-108.93886,44.64461],[-108.93293,44.6494],[-108.93304,44.65158],[-108.95123,44.6516],[-108.94706,44.66141],[-108.9512,44.66364],[-108.96655,44.66372],[-108.96671,44.66197],[-108.9691,44.66198],[-108.98412,44.66782],[-109.00391,44.66628],[-109.01772,44.67064],[-109.02334,44.66845],[-109.02246,44.66608],[-109.13163,44.66594],[-109.13147,44.66915],[-109.14388,44.66915],[-109.1438,44.67251],[-109.15565,44.67258],[-109.15558,44.67509],[-109.16597,44.6751],[-109.16612,44.71907],[-109.15113,44.71811],[-109.14021,44.74079],[-109.14344,44.74868],[-109.14292,44.78555],[-109.14605,44.79942],[-109.14127,44.80883],[-109.14009,44.81767],[-109.1344,44.82824],[-109.13279,44.86135],[-109.15901,44.86133],[-109.16225,44.85995],[-109.16465,44.85475],[-109.17221,44.85228],[-109.17252,44.85033],[-109.16971,44.85126],[-109.16712,44.84841],[-109.15793,44.84491],[-109.1793,44.79424],[-109.183,44.7899],[-109.19478,44.78523],[-109.19888,44.78019],[-109.19737,44.77847],[-109.20891,44.76778],[-109.2106,44.76069],[-109.21275,44.76108],[-109.2107,44.75593],[-109.21336,44.75556],[-109.21269,44.75327],[-109.21683,44.75354],[-109.2177,44.74464],[-109.23072,44.73294],[-109.23706,44.72292],[-109.27469,44.71842],[-109.28098,44.71462],[-109.29568,44.71174],[-109.30401,44.72337],[-109.31164,44.71971],[-109.31047,44.7296],[-109.31356,44.7251],[-109.31826,44.7236],[-109.32476,44.71713],[-109.32572,44.71861],[-109.32849,44.71667],[-109.32985,44.71888],[-109.33292,44.71881],[-109.33682,44.7157],[-109.344,44.71974],[-109.35885,44.71778],[-109.36121,44.71959],[-109.3599,44.72225],[-109.36132,44.72423],[-109.37649,44.72913],[-109.38163,44.74125],[-109.38143,44.78475],[-109.38708,44.78376],[-109.39506,44.78888],[-109.40475,44.79033],[-109.4213,44.80502],[-109.44167,44.81637],[-109.45492,44.82612],[-109.45809,44.83234],[-109.4634,44.83449],[-109.46445,44.8383],[-109.47463,44.84087],[-109.48029,44.84911],[-109.48498,44.85009],[-109.49162,44.85619],[-109.4978,44.85767],[-109.50526,44.86341],[-109.51236,44.86567],[-109.51424,44.86942],[-109.5129,44.87164],[-109.50655,44.87378],[-109.49926,44.88001],[-109.494,44.88118],[-109.49269,44.88552],[-109.49009,44.88566],[-109.48749,44.88998],[-109.48522,44.89021],[-109.48524,44.89347],[-109.48134,44.89719],[-109.48149,44.90167],[-109.47803,44.90261],[-109.47751,44.9046],[-109.4905,44.90733],[-109.49386,44.91217],[-109.49822,44.91342],[-109.49885,44.91582],[-109.50882,44.91841],[-109.51601,44.92401],[-109.51929,44.92937]],[[-108.88839,44.71169],[-108.87732,44.71094],[-108.86473,44.71677],[-108.86368,44.71433],[-108.85565,44.71501],[-108.85575,44.7216],[-108.86449,44.72622],[-108.86723,44.72308],[-108.86495,44.7215],[-108.88839,44.71169]]]}},{"type":"Feature","id":"82442","properties":{"zip":"82442","pop":null,"city":"","county":"Washakie","state":"Wyoming","area":443.5,"lat":43.92105,"lon":-107.31074},"geometry":{"type":"Polygon","coordinates":[[[-107.68405,44.1664],[-107.37563,44.16788],[-107.12858,44.16569],[-107.12762,43.81596],[-107.11365,43.81609],[-107.11357,43.68304],[-107.12221,43.68499],[-107.13366,43.68191],[-107.14092,43.68272],[-107.14633,43.67132],[-107.16044,43.66721],[-107.16398,43.67126],[-107.16262,43.67875],[-107.16829,43.68224],[-107.17021,43.68781],[-107.17965,43.6911],[-107.18646,43.69019],[-107.20257,43.69508],[-107.21531,43.7013],[-107.216,43.70379],[-107.22315,43.70759],[-107.23619,43.71292],[-107.24836,43.71027],[-107.24988,43.70543],[-107.25543,43.70384],[-107.2583,43.70792],[-107.25809,43.71197],[-107.26286,43.71379],[-107.26582,43.71109],[-107.25787,43.70281],[-107.25747,43.69991],[-107.24993,43.69692],[-107.2449,43.68458],[-107.24658,43.67716],[-107.25145,43.67611],[-107.26274,43.68044],[-107.26821,43.68422],[-107.27212,43.69056],[-107.27572,43.69107],[-107.28522,43.6911],[-107.3053,43.6826],[-107.30942,43.67689],[-107.30595,43.67374],[-107.30884,43.66813],[-107.30074,43.66067],[-107.30176,43.65433],[-107.30514,43.65385],[-107.30014,43.64691],[-107.30647,43.64693],[-107.31332,43.65105],[-107.32267,43.65072],[-107.32592,43.64772],[-107.32799,43.65163],[-107.33104,43.65069],[-107.33314,43.65396],[-107.33552,43.65091],[-107.34111,43.64886],[-107.36889,43.65427],[-107.3748,43.65134],[-107.37767,43.64744],[-107.38243,43.64734],[-107.39329,43.63917],[-107.38962,43.63511],[-107.38205,43.62989],[-107.3659,43.62972],[-107.36104,43.62623],[-107.36165,43.6173],[-107.36021,43.61564],[-107.36603,43.6101],[-107.36105,43.60782],[-107.36144,43.60575],[-107.36756,43.60463],[-107.36879,43.6009],[-107.36169,43.59104],[-107.36385,43.58706],[-107.3622,43.58537],[-107.35097,43.58504],[-107.3414,43.58765],[-107.33891,43.58373],[-107.33329,43.58048],[-107.33347,43.57522],[-107.33829,43.57148],[-107.33701,43.56925],[-107.33804,43.56148],[-107.34045,43.55715],[-107.34408,43.55313],[-107.34477,43.5559],[-107.34865,43.55173],[-107.35221,43.55167],[-107.35345,43.54841],[-107.34875,43.53055],[-107.35054,43.52603],[-107.3474,43.52667],[-107.35203,43.52275],[-107.3609,43.50682],[-107.37202,43.50164],[-107.39187,43.50169],[-107.40101,43.51141],[-107.40936,43.51312],[-107.40911,43.52109],[-107.41244,43.52276],[-107.42183,43.54852],[-107.41819,43.55335],[-107.41713,43.55849],[-107.41088,43.56404],[-107.41368,43.56621],[-107.41417,43.57608],[-107.42425,43.58605],[-107.42571,43.5945],[-107.42786,43.59606],[-107.42945,43.59345],[-107.43331,43.59287],[-107.43141,43.59153],[-107.43467,43.58785],[-107.43341,43.58723],[-107.43704,43.5869],[-107.44187,43.58226],[-107.45308,43.57818],[-107.45406,43.57554],[-107.45897,43.57396],[-107.45888,43.57122],[-107.46381,43.56811],[-107.47027,43.56987],[-107.47706,43.56811],[-107.47849,43.55902],[-107.48464,43.55672],[-107.48538,43.55319],[-107.49353,43.55301],[-107.50182,43.54991],[-107.51336,43.55096],[-107.51528,43.54792],[-107.52017,43.54584],[-107.51333,43.55151],[-107.50222,43.55129],[-107.48758,43.55491],[-107.48811,43.56486],[-107.48972,43.56834],[-107.49234,43.56832],[-107.49447,43.57141],[-107.48972,43.57259],[-107.48898,43.57564],[-107.48208,43.57715],[-107.47947,43.57954],[-107.48197,43.5802],[-107.4801,43.58703],[-107.47489,43.58854],[-107.471,43.59412],[-107.47577,43.59371],[-107.47703,43.59568],[-107.46444,43.60802],[-107.46169,43.61306],[-107.44772,43.62553],[-107.44253,43.64863],[-107.43598,43.64869],[-107.42647,43.66072],[-107.43086,43.66967],[-107.43098,43.67759],[-107.42457,43.68368],[-107.4213,43.68155],[-107.41632,43.68764],[-107.41357,43.71114],[-107.40857,43.71655],[-107.40537,43.72651],[-107.4099,43.73503],[-107.40956,43.74114],[-107.39459,43.77008],[-107.38885,43.77721],[-107.38513,43.78712],[-107.38942,43.79733],[-107.38962,43.80353],[-107.38206,43.81471],[-107.38159,43.81816],[-107.38372,43.81909],[-107.3849,43.82294],[-107.39001,43.82361],[-107.41214,43.82354],[-107.4226,43.82735],[-107.42955,43.82566],[-107.44001,43.82766],[-107.44703,43.82652],[-107.45012,43.82874],[-107.44775,43.83083],[-107.4468,43.83725],[-107.4473,43.84607],[-107.44905,43.84796],[-107.43922,43.84888],[-107.42793,43.85282],[-107.41736,43.85904],[-107.41856,43.8582],[-107.41658,43.8537],[-107.41197,43.85137],[-107.4058,43.84453],[-107.39307,43.84294],[-107.39131,43.84632],[-107.38831,43.84603],[-107.38135,43.85237],[-107.38752,43.85854],[-107.38898,43.86548],[-107.39143,43.86821],[-107.38881,43.8713],[-107.39345,43.87344],[-107.38853,43.87742],[-107.38963,43.88469],[-107.39696,43.89285],[-107.40243,43.88831],[-107.41407,43.88376],[-107.42761,43.89406],[-107.44023,43.89739],[-107.44628,43.90719],[-107.44746,43.91193],[-107.44295,43.91542],[-107.44401,43.92942],[-107.43827,43.92989],[-107.43774,43.93593],[-107.43115,43.94112],[-107.42154,43.94307],[-107.41102,43.95224],[-107.4178,43.95867],[-107.41636,43.96047],[-107.42207,43.96199],[-107.42355,43.96034],[-107.42873,43.96068],[-107.43546,43.96409],[-107.4394,43.97226],[-107.44602,43.97411],[-107.451,43.97962],[-107.46883,43.98915],[-107.46978,43.99093],[-107.46793,43.99338],[-107.46362,43.99463],[-107.4633,43.99661],[-107.45839,43.99934],[-107.4606,44.00431],[-107.46527,44.00643],[-107.4673,44.01474],[-107.47046,44.01523],[-107.47161,44.02009],[-107.47137,44.02478],[-107.46559,44.02714],[-107.46296,44.03069],[-107.47139,44.0261],[-107.48924,44.02869],[-107.49116,44.03291],[-107.4953,44.0331],[-107.50492,44.03818],[-107.50754,44.04429],[-107.49913,44.04694],[-107.4995,44.04843],[-107.5077,44.05579],[-107.51721,44.07203],[-107.52759,44.07237],[-107.54059,44.0672],[-107.55056,44.07258],[-107.55494,44.07126],[-107.56336,44.07683],[-107.58447,44.08568],[-107.58474,44.09195],[-107.58265,44.0922],[-107.58633,44.0981],[-107.58307,44.0996],[-107.57953,44.09811],[-107.5794,44.10147],[-107.56882,44.09314],[-107.56436,44.09439],[-107.57,44.09759],[-107.57045,44.09625],[-107.57357,44.09745],[-107.57577,44.10737],[-107.57391,44.11422],[-107.58753,44.12595],[-107.59694,44.13107],[-107.58819,44.12932],[-107.58976,44.131],[-107.58933,44.13528],[-107.59946,44.13868],[-107.59741,44.14124],[-107.6012,44.13954],[-107.60473,44.14118],[-107.60557,44.1396],[-107.60797,44.1411],[-107.60716,44.14351],[-107.61231,44.14472],[-107.61302,44.14276],[-107.61708,44.14379],[-107.61816,44.14215],[-107.61792,44.1449],[-107.62053,44.14294],[-107.62147,44.14521],[-107.62414,44.14421],[-107.62488,44.14642],[-107.62644,44.14613],[-107.62858,44.1527],[-107.63659,44.15183],[-107.6373,44.15433],[-107.63898,44.1529],[-107.639,44.15459],[-107.64439,44.15598],[-107.64783,44.15426],[-107.64571,44.15688],[-107.65044,44.15656],[-107.64984,44.15799],[-107.65302,44.15921],[-107.65716,44.15767],[-107.65783,44.15384],[-107.66491,44.15889],[-107.66649,44.15848],[-107.66543,44.15623],[-107.66768,44.15646],[-107.66876,44.16037],[-107.67113,44.16092],[-107.66877,44.1621],[-107.67423,44.16318],[-107.67513,44.15992],[-107.67678,44.15978],[-107.68195,44.1618],[-107.68405,44.1664]]]}},{"type":"Feature","id":"82501","properties":{"zip":"82501","pop":null,"city":"Arapahoe","county":"Fremont","state":"Wyoming","area":516.41,"lat":43.03314,"lon":-108.24916},"geometry":{"type":"Polygon","coordinates":[[[-108.69636,43.18531],[-108.69617,43.21433],[-108.67794,43.21446],[-108.67786,43.19995],[-108.65798,43.19989],[-108.65819,43.18556],[-108.63864,43.18568],[-108.6382,43.21467],[-108.49971,43.21479],[-108.49977,43.22902],[-108.50937,43.22918],[-108.51001,43.23196],[-108.51975,43.2329],[-108.51971,43.23472],[-108.53963,43.23632],[-108.53963,43.24328],[-108.55937,43.24356],[-108.55897,43.25823],[-108.5397,43.25822],[-108.53483,43.26123],[-108.55911,43.26989],[-108.55908,43.27284],[-108.53866,43.27287],[-108.53735,43.30082],[-108.54724,43.30731],[-108.55387,43.30447],[-108.56416,43.30443],[-108.56849,43.30622],[-108.56784,43.3088],[-108.5744,43.31604],[-108.60224,43.32328],[-108.61447,43.34308],[-108.62137,43.34738],[-108.62087,43.35637],[-108.59857,43.36192],[-108.58498,43.35192],[-108.5796,43.35291],[-108.57911,43.3607],[-108.56595,43.35568],[-108.56219,43.35831],[-108.54519,43.34747],[-108.53422,43.34566],[-108.52821,43.33924],[-108.52355,43.33722],[-108.5152,43.34523],[-108.51511,43.34787],[-108.49873,43.36317],[-108.49074,43.36397],[-108.48318,43.37176],[-108.47,43.376],[-108.46807,43.38286],[-108.47205,43.39746],[-108.44569,43.39587],[-108.44487,43.40357],[-108.43434,43.40158],[-108.4422,43.35953],[-108.45659,43.32001],[-108.45588,43.31555],[-108.45995,43.31021],[-108.44129,43.30543],[-108.4243,43.30836],[-108.42217,43.31224],[-108.41005,43.31229],[-108.39633,43.3225],[-108.39026,43.32174],[-108.38343,43.32416],[-108.377,43.32988],[-108.376,43.33404],[-108.37253,43.33472],[-108.35882,43.33035],[-108.33862,43.33174],[-108.28274,43.32358],[-108.28235,43.21992],[-108.27432,43.21561],[-108.2349,43.21553],[-108.22268,43.21938],[-108.22222,43.21816],[-108.23937,43.20642],[-108.2486,43.20536],[-108.25731,43.20194],[-108.29294,43.20095],[-108.31138,43.19667],[-108.33507,43.19796],[-108.34611,43.19345],[-108.3691,43.19423],[-108.37235,43.19638],[-108.3761,43.1958],[-108.39032,43.19985],[-108.39882,43.20388],[-108.39935,43.20126],[-108.40314,43.20005],[-108.40118,43.19797],[-108.40014,43.18774],[-108.39114,43.18614],[-108.39154,43.16507],[-108.39619,43.164],[-108.39622,43.16136],[-108.40106,43.16106],[-108.40105,43.15744],[-108.38085,43.15747],[-108.38081,43.15409],[-108.35474,43.15339],[-108.34518,43.14256],[-108.34052,43.14261],[-108.33252,43.14638],[-108.32211,43.14537],[-108.3195,43.14845],[-108.2963,43.15311],[-108.29212,43.1425],[-108.23459,43.14235],[-108.21913,43.13571],[-108.21558,43.14207],[-108.19644,43.1422],[-108.18825,43.14008],[-108.19395,43.13537],[-108.19494,43.13232],[-108.19115,43.12997],[-108.1917,43.12847],[-108.19825,43.12931],[-108.20319,43.12591],[-108.20942,43.12593],[-108.20628,43.12404],[-108.2113,43.12674],[-108.21451,43.12496],[-108.22636,43.12891],[-108.23307,43.12465],[-108.23776,43.1273],[-108.24799,43.12827],[-108.24892,43.12064],[-108.25171,43.1165],[-108.25755,43.11565],[-108.26448,43.1096],[-108.28228,43.1013],[-108.28123,43.09896],[-108.28477,43.09726],[-108.29039,43.08821],[-108.30327,43.08225],[-108.31054,43.07235],[-108.30795,43.06524],[-108.30832,43.05573],[-108.19646,43.05617],[-108.19677,43.04547],[-108.22495,43.02367],[-108.225,43.01275],[-108.23176,43.01275],[-108.2268,43.00231],[-108.23103,42.99862],[-108.23085,42.99306],[-108.24933,42.99241],[-108.24992,42.99605],[-108.25841,43.0062],[-108.25491,43.00792],[-108.25571,43.01003],[-108.28805,43.00994],[-108.29331,43.01998],[-108.31512,43.02037],[-108.32544,43.01335],[-108.32771,43.00972],[-108.33842,43.00846],[-108.34369,43.01011],[-108.34428,43.00788],[-108.34842,43.00646],[-108.3559,43.00814],[-108.35968,43.00184],[-108.35953,42.99717],[-108.36416,42.99778],[-108.36302,42.99509],[-108.36462,42.99463],[-108.3363,42.99319],[-108.33616,42.98918],[-108.33934,42.98294],[-108.33958,42.96625],[-108.3375,42.96511],[-108.34098,42.96051],[-108.31509,42.92656],[-108.29232,42.90539],[-108.27334,42.88102],[-108.25385,42.86097],[-108.23863,42.86244],[-108.23172,42.85763],[-108.22634,42.86939],[-108.22082,42.86784],[-108.21515,42.87241],[-108.21438,42.87542],[-108.20981,42.87408],[-108.20528,42.87802],[-108.19846,42.89095],[-108.19261,42.88611],[-108.18255,42.88235],[-108.18046,42.87449],[-108.17371,42.87236],[-108.16837,42.8669],[-108.16593,42.87012],[-108.16193,42.86554],[-108.16336,42.87077],[-108.15802,42.88027],[-108.14589,42.87782],[-108.13936,42.88012],[-108.12625,42.872],[-108.12315,42.87295],[-108.11869,42.87737],[-108.11347,42.88929],[-108.10035,42.89525],[-108.0927,42.89501],[-108.08764,42.8972],[-108.08014,42.90669],[-108.07335,42.91012],[-108.06943,42.92602],[-108.06045,42.93506],[-108.06039,42.94228],[-108.05538,42.94446],[-108.0519,42.94892],[-108.04646,42.97321],[-107.9976,42.9666],[-107.95388,42.96918],[-107.92293,42.96566],[-107.90321,42.96673],[-107.88928,42.96353],[-107.873,42.95289],[-107.85141,42.92735],[-107.81343,42.90031],[-107.71277,42.87418],[-107.69066,42.86278],[-107.58699,42.87095],[-107.57119,42.87056],[-107.56612,42.87358],[-107.56018,42.87154],[-107.56256,42.89239],[-107.56878,42.89794],[-107.5721,42.90819],[-107.58964,42.92805],[-107.59262,42.9393],[-107.59987,42.94606],[-107.60706,42.94934],[-107.6119,42.95536],[-107.61141,42.97153],[-107.57985,42.98733],[-107.58464,42.9977],[-107.50187,42.99901],[-107.50169,42.90038],[-107.51264,42.90097],[-107.52144,42.8939],[-107.52318,42.88417],[-107.51809,42.8739],[-107.52443,42.87287],[-107.51961,42.86905],[-107.53496,42.8691],[-107.55545,42.8536],[-107.55869,42.85365],[-107.56223,42.8448],[-107.56036,42.83945],[-107.56128,42.83179],[-107.59193,42.83145],[-107.5958,42.8293],[-107.59305,42.82454],[-107.60108,42.81802],[-107.62634,42.80722],[-107.63265,42.80687],[-107.63866,42.80951],[-107.656,42.80653],[-107.65792,42.80212],[-107.66215,42.80054],[-107.66668,42.79496],[-107.66929,42.78258],[-107.68961,42.78269],[-107.68925,42.78644],[-107.68651,42.78779],[-107.70117,42.79997],[-107.71154,42.80024],[-107.72467,42.80433],[-107.73747,42.80137],[-107.73736,42.79852],[-107.74256,42.80239],[-107.75409,42.8056],[-107.76959,42.81317],[-107.76942,42.81992],[-107.7633,42.8287],[-107.76413,42.83499],[-107.75665,42.84097],[-107.75063,42.85774],[-107.90499,42.84384],[-107.91459,42.84756],[-107.91267,42.85309],[-107.91394,42.85995],[-107.91003,42.8699],[-108.1081,42.87046],[-108.10888,42.86895],[-108.1054,42.86701],[-108.10717,42.86561],[-108.10674,42.85822],[-108.10379,42.85602],[-108.10235,42.84954],[-108.07837,42.83931],[-108.06538,42.83631],[-108.06032,42.83304],[-108.06001,42.82637],[-108.0777,42.80759],[-108.09072,42.79864],[-108.10513,42.7945],[-108.10965,42.78853],[-108.1282,42.78746],[-108.12885,42.73664],[-108.15648,42.74885],[-108.16527,42.74942],[-108.16808,42.75124],[-108.16765,42.7302],[-108.16378,42.72707],[-108.15553,42.72677],[-108.15742,42.72217],[-108.15401,42.72078],[-108.13503,42.70058],[-108.12937,42.70191],[-108.12942,42.69785],[-108.17858,42.69838],[-108.17739,42.70234],[-108.18238,42.71189],[-108.20291,42.7315],[-108.20682,42.74063],[-108.20572,42.75483],[-108.20865,42.7817],[-108.22337,42.78825],[-108.2362,42.79766],[-108.23692,42.80111],[-108.25941,42.79242],[-108.29125,42.79176],[-108.31964,42.78616],[-108.33628,42.78726],[-108.33466,42.78341],[-108.35269,42.78346],[-108.34774,42.78529],[-108.35174,42.78646],[-108.35571,42.7852],[-108.35143,42.78744],[-108.35242,42.78891],[-108.3505,42.7927],[-108.34459,42.7977],[-108.34342,42.8071],[-108.34688,42.8149],[-108.33806,42.81773],[-108.33468,42.82741],[-108.33589,42.8331],[-108.3297,42.84434],[-108.33074,42.8463],[-108.32313,42.84692],[-108.32431,42.84905],[-108.32218,42.85048],[-108.33248,42.85531],[-108.33374,42.86021],[-108.34074,42.86278],[-108.33969,42.86521],[-108.34364,42.86669],[-108.34147,42.87141],[-108.34481,42.87371],[-108.34952,42.87333],[-108.3514,42.8793],[-108.35819,42.88038],[-108.3565,42.88491],[-108.36009,42.88648],[-108.36139,42.89242],[-108.36492,42.89219],[-108.36207,42.89343],[-108.36596,42.89555],[-108.36329,42.89791],[-108.36614,42.89927],[-108.36354,42.90232],[-108.36589,42.90286],[-108.36599,42.90496],[-108.38635,42.90546],[-108.36811,42.90541],[-108.37133,42.90784],[-108.3722,42.90576],[-108.37349,42.90719],[-108.37165,42.90916],[-108.37365,42.91095],[-108.37298,42.91341],[-108.38372,42.91419],[-108.38605,42.92247],[-108.38394,42.92506],[-108.39275,42.92673],[-108.39347,42.93123],[-108.39729,42.9328],[-108.40404,42.93129],[-108.41231,42.93655],[-108.40982,42.93723],[-108.41305,42.94036],[-108.4158,42.93814],[-108.41748,42.94171],[-108.41481,42.94307],[-108.41526,42.9445],[-108.42031,42.94443],[-108.41895,42.94659],[-108.42424,42.94737],[-108.42773,42.95162],[-108.42472,42.95189],[-108.4261,42.95388],[-108.43195,42.9538],[-108.43929,42.94703],[-108.44911,42.94221],[-108.45011,42.92028],[-108.45692,42.91996],[-108.46893,42.93219],[-108.4988,42.92144],[-108.52123,42.92036],[-108.53905,42.91125],[-108.55427,42.91168],[-108.53733,42.92255],[-108.53775,42.92692],[-108.53941,42.92285],[-108.54737,42.92626],[-108.54896,42.92448],[-108.54792,42.92306],[-108.55257,42.92243],[-108.55115,42.9216],[-108.55199,42.91897],[-108.55637,42.92052],[-108.55797,42.91985],[-108.5573,42.91829],[-108.56048,42.91875],[-108.56803,42.91183],[-108.56939,42.91419],[-108.57427,42.91327],[-108.57581,42.91586],[-108.58572,42.91265],[-108.58908,42.90485],[-108.59217,42.90347],[-108.59718,42.90579],[-108.60644,42.89986],[-108.60617,42.98103],[-108.59765,42.98],[-108.59917,42.98264],[-108.59568,42.98196],[-108.59595,42.97933],[-108.59347,42.98051],[-108.59355,42.97767],[-108.59028,42.9781],[-108.59391,42.97572],[-108.58667,42.97552],[-108.58671,42.97164],[-108.58273,42.97265],[-108.58184,42.97073],[-108.57529,42.97504],[-108.57552,42.97235],[-108.57076,42.97205],[-108.57049,42.96935],[-108.56564,42.97079],[-108.56191,42.96801],[-108.55813,42.97019],[-108.55818,42.96702],[-108.55561,42.96748],[-108.55776,42.96608],[-108.55651,42.9655],[-108.55255,42.96831],[-108.55327,42.96627],[-108.54899,42.96473],[-108.55049,42.9638],[-108.54736,42.9604],[-108.54362,42.96366],[-108.54637,42.96498],[-108.54597,42.96653],[-108.53989,42.96537],[-108.5395,42.96243],[-108.53536,42.9632],[-108.53752,42.96393],[-108.5362,42.96453],[-108.53352,42.96329],[-108.53214,42.96421],[-108.53432,42.96472],[-108.5337,42.96585],[-108.52974,42.96552],[-108.52838,42.96733],[-108.52146,42.96739],[-108.52361,42.96445],[-108.52277,42.96185],[-108.52056,42.96339],[-108.51977,42.96086],[-108.518,42.96125],[-108.51847,42.96321],[-108.51645,42.96361],[-108.51726,42.95943],[-108.51506,42.9597],[-108.51595,42.96118],[-108.51382,42.96372],[-108.5128,42.96111],[-108.50619,42.96164],[-108.50425,42.95955],[-108.49919,42.96001],[-108.49799,42.96213],[-108.49245,42.96121],[-108.48044,42.96807],[-108.47919,42.9736],[-108.47235,42.9707],[-108.46179,42.9718],[-108.44735,42.97623],[-108.4443,42.97958],[-108.45943,42.97958],[-108.4594,42.98319],[-108.47926,42.98324],[-108.47941,42.99316],[-108.48199,42.99676],[-108.48179,43.00146],[-108.48085,43.00487],[-108.46944,43.00139],[-108.46957,43.01892],[-108.47407,43.01849],[-108.48551,43.02475],[-108.49384,43.02176],[-108.49477,43.02562],[-108.50067,43.0244],[-108.51211,43.02775],[-108.51595,43.0315],[-108.52738,43.0317],[-108.54562,43.04386],[-108.55415,43.0528],[-108.55221,43.05548],[-108.55922,43.05744],[-108.56536,43.06368],[-108.57377,43.06719],[-108.5862,43.06814],[-108.59013,43.07129],[-108.59634,43.07086],[-108.59755,43.07333],[-108.60952,43.07842],[-108.61035,43.08331],[-108.61266,43.08499],[-108.62102,43.08615],[-108.62567,43.09008],[-108.63399,43.09201],[-108.64212,43.09155],[-108.64537,43.09489],[-108.64496,43.09722],[-108.6505,43.09763],[-108.64846,43.10196],[-108.65079,43.10351],[-108.65633,43.10252],[-108.6594,43.10622],[-108.65602,43.10762],[-108.65754,43.11376],[-108.67492,43.1238],[-108.67641,43.13814],[-108.67525,43.14452],[-108.67772,43.14711],[-108.67758,43.16325],[-108.65804,43.16383],[-108.65808,43.17108],[-108.68293,43.17099],[-108.69657,43.17875],[-108.69636,43.18531]]]}},{"type":"Feature","id":"82512","properties":{"zip":"82512","pop":null,"city":"Crowheart","county":"Fremont","state":"Wyoming","area":517.63,"lat":43.16387,"lon":-109.24959},"geometry":{"type":"Polygon","coordinates":[[[-109.46061,43.36084],[-109.3632,43.35992],[-109.35821,43.36715],[-109.35783,43.37688],[-109.36185,43.40092],[-109.36482,43.40748],[-109.35998,43.41951],[-109.37814,43.42034],[-109.41603,43.41299],[-109.42245,43.41436],[-109.40379,43.42452],[-109.38799,43.42578],[-109.38319,43.42778],[-109.38097,43.43113],[-109.36312,43.43335],[-109.35291,43.43709],[-109.33985,43.43261],[-109.33504,43.42636],[-109.31438,43.42333],[-109.31096,43.41784],[-109.29494,43.41769],[-109.28626,43.41145],[-109.28566,43.40482],[-109.27927,43.39375],[-109.27115,43.39199],[-109.2675,43.38854],[-109.25102,43.38517],[-109.25102,43.38871],[-109.26596,43.38874],[-109.26398,43.48383],[-109.26782,43.4863],[-109.24628,43.49302],[-109.24309,43.49732],[-109.24457,43.50502],[-109.23823,43.50875],[-109.23259,43.50937],[-109.20575,43.50521],[-109.19232,43.50711],[-109.187,43.50391],[-109.17505,43.5038],[-109.18319,43.49996],[-109.18057,43.49745],[-109.18104,43.49291],[-109.18924,43.48072],[-109.19442,43.46143],[-109.18708,43.45098],[-109.1763,43.44645],[-109.16751,43.44547],[-109.16503,43.4474],[-109.16048,43.44372],[-109.15173,43.44227],[-109.14353,43.44633],[-109.1231,43.4507],[-109.10357,43.43994],[-109.09236,43.43592],[-109.09773,43.42912],[-109.10688,43.40785],[-109.11164,43.40541],[-109.1101,43.40267],[-109.11269,43.39725],[-109.13245,43.36523],[-109.13441,43.33146],[-109.13898,43.32952],[-109.15021,43.3304],[-109.16137,43.33872],[-109.18873,43.35333],[-109.18993,43.34978],[-109.18413,43.3449],[-109.18394,43.34058],[-109.17833,43.33768],[-109.16964,43.32928],[-109.15841,43.32325],[-109.14558,43.31815],[-109.13849,43.31896],[-109.13104,43.31395],[-109.12711,43.30716],[-109.12887,43.30444],[-109.12334,43.29974],[-109.12401,43.29518],[-109.11983,43.29446],[-109.11593,43.2922],[-109.11485,43.28938],[-109.10699,43.28599],[-109.10427,43.28106],[-109.09768,43.2803],[-109.09542,43.27657],[-109.08655,43.27356],[-109.08625,43.26901],[-109.07043,43.26711],[-109.06479,43.25931],[-109.05797,43.25846],[-109.05877,43.25568],[-109.05707,43.25459],[-109.0416,43.25005],[-109.03563,43.24621],[-109.03474,43.24355],[-109.03046,43.24237],[-109.02327,43.24454],[-109.0216,43.23918],[-109.0191,43.23843],[-109.01905,43.24363],[-109.0136,43.24421],[-109.00997,43.24219],[-109.00185,43.23071],[-108.99121,43.23063],[-108.9864,43.22931],[-108.9807,43.22387],[-108.97655,43.2253],[-108.97377,43.22254],[-108.9721,43.22314],[-108.97218,43.21392],[-108.96865,43.21336],[-108.96394,43.20197],[-108.95225,43.19483],[-108.94776,43.19029],[-108.94545,43.1846],[-108.94652,43.17176],[-108.94758,43.17673],[-108.96168,43.17999],[-108.96614,43.17876],[-108.97811,43.18065],[-108.98651,43.17628],[-108.99567,43.17498],[-109.00469,43.1849],[-109.00754,43.18291],[-109.01188,43.18353],[-109.02241,43.17457],[-109.03076,43.16264],[-109.0273,43.15437],[-109.02844,43.15131],[-109.03566,43.14932],[-109.04329,43.14869],[-109.04466,43.15002],[-109.04954,43.14827],[-109.0569,43.1523],[-109.06146,43.15106],[-109.06205,43.15354],[-109.06634,43.1537],[-109.08225,43.14866],[-109.09144,43.15127],[-109.07752,43.14542],[-109.06281,43.13289],[-109.05148,43.12741],[-109.03437,43.1255],[-109.02171,43.13054],[-109.01936,43.12893],[-109.01402,43.12955],[-109.00744,43.12401],[-109.00682,43.11958],[-109.02523,43.11446],[-109.02715,43.11217],[-109.03615,43.10915],[-109.04048,43.10287],[-109.0502,43.09892],[-109.05299,43.09939],[-109.05017,43.09528],[-109.05331,43.09218],[-109.05663,43.09204],[-109.065,43.08181],[-109.08568,43.07244],[-109.08956,43.06601],[-109.10634,43.06042],[-109.10688,43.05105],[-109.11194,43.04907],[-109.11992,43.03761],[-109.12459,43.03405],[-109.12927,43.03591],[-109.13787,43.03313],[-109.13288,43.03175],[-109.12883,43.0259],[-109.12032,43.02314],[-109.10951,43.02582],[-109.10003,43.02414],[-109.09457,43.02633],[-109.08965,43.0239],[-109.08738,43.02549],[-109.08183,43.02419],[-109.06668,43.03171],[-109.05157,43.02821],[-109.04878,43.02922],[-109.0417,43.02583],[-109.0413,43.02722],[-109.03806,43.02667],[-109.03633,43.02416],[-109.02931,43.02578],[-109.01566,43.02462],[-109.00191,43.02652],[-109.00082,43.02905],[-108.99843,43.02875],[-108.99003,43.02244],[-108.99059,43.021],[-109.00669,43.01428],[-108.99046,43.00737],[-108.98672,43.0044],[-108.98971,43.00328],[-108.98846,43.0016],[-108.96295,42.99673],[-108.97759,42.98696],[-108.98063,42.99101],[-108.98555,42.99043],[-108.99422,42.9791],[-109.00072,42.9777],[-109.00526,42.97215],[-109.01356,42.96827],[-109.02711,42.96677],[-109.03249,42.96929],[-109.04452,42.96611],[-109.05533,42.96585],[-109.07608,42.97066],[-109.09019,42.96664],[-109.09353,42.9624],[-109.10051,42.96203],[-109.10476,42.95683],[-109.11288,42.95436],[-109.1119,42.95089],[-109.11401,42.94918],[-109.12667,42.94596],[-109.13217,42.94143],[-109.13573,42.93531],[-109.14623,42.92953],[-109.14413,42.92842],[-109.14141,42.91914],[-109.1518,42.92035],[-109.15416,42.91714],[-109.16501,42.91337],[-109.16884,42.90715],[-109.17361,42.90459],[-109.17745,42.89779],[-109.17913,42.89854],[-109.18295,42.89601],[-109.1851,42.8891],[-109.20037,42.88107],[-109.20499,42.8815],[-109.20723,42.87957],[-109.21265,42.87933],[-109.21225,42.87799],[-109.21781,42.87551],[-109.22256,42.87549],[-109.22637,42.86829],[-109.32577,42.86878],[-109.32761,42.87338],[-109.33046,42.87495],[-109.32919,42.87703],[-109.33179,42.88344],[-109.33191,42.89542],[-109.33853,42.89751],[-109.34536,42.9189],[-109.35641,42.92475],[-109.35959,42.93345],[-109.37066,42.94573],[-109.38411,42.93929],[-109.39776,42.9392],[-109.40109,42.94413],[-109.40015,42.94574],[-109.41121,42.95546],[-109.42876,42.96066],[-109.42779,42.96238],[-109.43195,42.96533],[-109.43236,42.96815],[-109.44101,42.96786],[-109.44349,42.97035],[-109.45068,42.97116],[-109.45423,42.97027],[-109.4556,42.97508],[-109.45817,42.9768],[-109.46061,43.36084]]]}},{"type":"Feature","id":"82514","properties":{"zip":"82514","pop":null,"city":"Fort Washakie","county":"Fremont","state":"Wyoming","area":118.08,"lat":43.02,"lon":-109.00992},"geometry":{"type":"Polygon","coordinates":[[[-109.22464,42.87168],[-109.22256,42.87549],[-109.21781,42.87551],[-109.21225,42.87799],[-109.21265,42.87933],[-109.20723,42.87957],[-109.20499,42.8815],[-109.20037,42.88107],[-109.1851,42.8891],[-109.18295,42.89601],[-109.17913,42.89854],[-109.17745,42.89779],[-109.17361,42.90459],[-109.16884,42.90715],[-109.16501,42.91337],[-109.15416,42.91714],[-109.1518,42.92035],[-109.14141,42.91914],[-109.14413,42.92842],[-109.14623,42.92953],[-109.13573,42.93531],[-109.13217,42.94143],[-109.12667,42.94596],[-109.11401,42.94918],[-109.1119,42.95089],[-109.11288,42.95436],[-109.10476,42.95683],[-109.10051,42.96203],[-109.09353,42.9624],[-109.09019,42.96664],[-109.07608,42.97066],[-109.05533,42.96585],[-109.04452,42.96611],[-109.03249,42.96929],[-109.02711,42.96677],[-109.01356,42.96827],[-109.00526,42.97215],[-109.00072,42.9777],[-108.99422,42.9791],[-108.98555,42.99043],[-108.98063,42.99101],[-108.97759,42.98696],[-108.96295,42.99673],[-108.98846,43.0016],[-108.98971,43.00328],[-108.98672,43.0044],[-108.99046,43.00737],[-109.00669,43.01428],[-108.99059,43.021],[-108.99003,43.02244],[-108.99843,43.02875],[-109.00082,43.02905],[-109.00191,43.02652],[-109.01566,43.02462],[-109.02931,43.02578],[-109.03633,43.02416],[-109.03806,43.02667],[-109.0413,43.02722],[-109.0417,43.02583],[-109.04878,43.02922],[-109.05157,43.02821],[-109.06668,43.03171],[-109.08183,43.02419],[-109.08738,43.02549],[-109.08965,43.0239],[-109.09457,43.02633],[-109.10003,43.02414],[-109.10951,43.02582],[-109.12032,43.02314],[-109.12883,43.0259],[-109.13288,43.03175],[-109.13787,43.03313],[-109.12927,43.03591],[-109.12459,43.03405],[-109.11992,43.03761],[-109.11194,43.04907],[-109.10688,43.05105],[-109.10634,43.06042],[-109.08956,43.06601],[-109.08568,43.07244],[-109.065,43.08181],[-109.05663,43.09204],[-109.05331,43.09218],[-109.05017,43.09528],[-109.05299,43.09939],[-109.0502,43.09892],[-109.04048,43.10287],[-109.03615,43.10915],[-109.02715,43.11217],[-109.02523,43.11446],[-109.00682,43.11958],[-109.00744,43.12401],[-109.01402,43.12955],[-109.01936,43.12893],[-109.02171,43.13054],[-109.03437,43.1255],[-109.05148,43.12741],[-109.06281,43.13289],[-109.07752,43.14542],[-109.09144,43.15127],[-109.08225,43.14866],[-109.06857,43.15343],[-109.06205,43.15354],[-109.06146,43.15106],[-109.0569,43.1523],[-109.04954,43.14827],[-109.02844,43.15131],[-109.0273,43.15437],[-109.03076,43.16264],[-109.02241,43.17457],[-109.01188,43.18353],[-109.00754,43.18291],[-109.00469,43.1849],[-108.99567,43.17498],[-108.99207,43.17454],[-108.97811,43.18065],[-108.96614,43.17876],[-108.96168,43.17999],[-108.94758,43.17673],[-108.94554,43.15536],[-108.93612,43.15347],[-108.93625,43.14595],[-108.92638,43.15169],[-108.90299,43.14652],[-108.9043,43.14208],[-108.89835,43.13586],[-108.89807,43.13012],[-108.90078,43.12708],[-108.9065,43.12631],[-108.90654,43.12279],[-108.9126,43.12247],[-108.91134,43.11717],[-108.91466,43.11288],[-108.90842,43.09645],[-108.90229,43.09435],[-108.9006,43.08979],[-108.89411,43.08912],[-108.89622,43.0887],[-108.89543,43.08671],[-108.89324,43.08766],[-108.89377,43.08021],[-108.89138,43.07601],[-108.89323,43.07493],[-108.89014,43.07238],[-108.89192,43.07086],[-108.88652,43.06597],[-108.88752,43.06344],[-108.88163,43.05808],[-108.88399,43.05341],[-108.87518,43.0478],[-108.87634,43.04185],[-108.88445,43.02766],[-108.89175,43.02517],[-108.88666,43.02005],[-108.88132,43.01023],[-108.87444,43.01047],[-108.87139,43.00835],[-108.8628,43.00924],[-108.85801,43.01299],[-108.85047,43.01133],[-108.8491,43.01478],[-108.84632,43.01375],[-108.83559,43.01924],[-108.82564,43.01773],[-108.82098,43.0141],[-108.85294,42.99845],[-108.88459,42.98628],[-108.88681,42.98365],[-108.90334,42.98504],[-108.90625,42.98312],[-108.91615,42.98221],[-108.92285,42.97798],[-108.92403,42.9741],[-108.92633,42.97384],[-108.93072,42.9689],[-108.93527,42.95894],[-108.94048,42.95727],[-108.95505,42.9452],[-109.00293,42.92578],[-109.01322,42.91839],[-109.01274,42.9135],[-109.01552,42.91037],[-109.01891,42.90942],[-109.02543,42.91256],[-109.04274,42.90796],[-109.04454,42.90295],[-109.04011,42.90555],[-109.04324,42.89397],[-109.04017,42.8965],[-109.04335,42.88692],[-109.03941,42.88952],[-109.04376,42.87946],[-109.04361,42.87511],[-109.04627,42.87274],[-109.05171,42.87185],[-109.04889,42.86854],[-109.09535,42.86833],[-109.10821,42.86653],[-109.11517,42.86827],[-109.22637,42.86829],[-109.22464,42.87168]]]}},{"type":"Feature","id":"82325","properties":{"zip":"82325","pop":null,"city":"","county":"Carbon","state":"Wyoming","area":330.94,"lat":41.16281,"lon":-106.79171},"geometry":{"type":"Polygon","coordinates":[[[-107.45936,41.18441],[-107.44384,41.18496],[-107.44035,41.18879],[-107.44032,41.19218],[-107.43543,41.19239],[-107.43523,41.19597],[-107.41879,41.20076],[-107.41283,41.19955],[-107.40599,41.20353],[-107.38792,41.22356],[-107.36621,41.23618],[-107.34817,41.25124],[-107.34696,41.25034],[-107.34903,41.24928],[-107.34762,41.24775],[-107.34984,41.24724],[-107.34895,41.24484],[-107.35376,41.24379],[-107.35339,41.24114],[-107.35831,41.23974],[-107.35933,41.23709],[-107.36342,41.23765],[-107.36246,41.23572],[-107.36707,41.23253],[-107.36411,41.23183],[-107.36724,41.22987],[-107.36852,41.2177],[-107.35695,41.21209],[-107.34984,41.21168],[-107.34418,41.21377],[-107.34025,41.21882],[-107.3314,41.21603],[-107.32576,41.20973],[-107.32251,41.20965],[-107.31775,41.20472],[-107.32271,41.19608],[-107.31647,41.19365],[-107.30269,41.20103],[-107.30064,41.19966],[-107.30234,41.19205],[-107.30122,41.18828],[-107.28437,41.19563],[-107.28459,41.19242],[-107.27927,41.19146],[-107.27529,41.19409],[-107.2676,41.18976],[-107.25651,41.18787],[-107.24111,41.19413],[-107.23618,41.1913],[-107.22703,41.19022],[-107.21732,41.18271],[-107.21505,41.17817],[-107.21802,41.1729],[-107.21672,41.17129],[-107.20678,41.17148],[-107.19269,41.17949],[-107.18241,41.1793],[-107.17981,41.18883],[-107.18117,41.19193],[-107.17972,41.19369],[-107.18178,41.19683],[-107.17875,41.20063],[-107.17511,41.20032],[-107.17353,41.1981],[-107.16243,41.20409],[-107.15212,41.20397],[-107.12521,41.19371],[-107.10934,41.20148],[-107.10685,41.19625],[-107.11017,41.18469],[-107.10536,41.18643],[-107.10232,41.18342],[-107.09641,41.18375],[-107.08972,41.18111],[-107.08705,41.18338],[-107.07767,41.18407],[-107.07101,41.18927],[-107.07176,41.18502],[-107.05995,41.18797],[-107.05962,41.19475],[-107.06132,41.19683],[-107.041,41.18661],[-107.02959,41.18805],[-107.00889,41.17734],[-106.99556,41.17472],[-106.99271,41.16958],[-106.98865,41.16954],[-106.98184,41.16163],[-106.97654,41.16648],[-106.98045,41.17464],[-106.97267,41.17171],[-106.96335,41.17277],[-106.96951,41.17779],[-106.96308,41.17636],[-106.95638,41.17213],[-106.94191,41.17126],[-106.92012,41.18844],[-106.92014,41.19113],[-106.91741,41.19288],[-106.91883,41.19438],[-106.91366,41.19743],[-106.9096,41.20689],[-106.91823,41.20692],[-106.91296,41.21062],[-106.91591,41.21118],[-106.90907,41.21438],[-106.90999,41.21607],[-106.91817,41.21561],[-106.92662,41.22156],[-106.92529,41.22586],[-106.91859,41.22975],[-106.91971,41.23329],[-106.91659,41.24066],[-106.90655,41.24862],[-106.882,41.25602],[-106.87766,41.25306],[-106.87516,41.25423],[-106.87454,41.2653],[-106.86945,41.26704],[-106.87134,41.2771],[-106.86939,41.28083],[-106.85616,41.28484],[-106.85611,41.28973],[-106.84528,41.29631],[-106.84033,41.30626],[-106.80603,41.31339],[-106.794,41.31171],[-106.78022,41.31278],[-106.75438,41.32607],[-106.74592,41.33332],[-106.74575,41.31557],[-106.74804,41.30432],[-106.70288,41.30404],[-106.69883,41.30148],[-106.69437,41.29359],[-106.67929,41.28801],[-106.67675,41.28302],[-106.66874,41.27904],[-106.66147,41.26447],[-106.65562,41.26344],[-106.65208,41.25822],[-106.64404,41.25829],[-106.6353,41.25428],[-106.63037,41.25492],[-106.62062,41.25851],[-106.61765,41.26205],[-106.61635,41.26821],[-106.60959,41.26817],[-106.60274,41.27244],[-106.59807,41.27288],[-106.58752,41.26842],[-106.58591,41.2663],[-106.58858,41.26444],[-106.58816,41.26209],[-106.57497,41.25918],[-106.58742,41.25625],[-106.58594,41.23987],[-106.57324,41.23353],[-106.56446,41.22147],[-106.55067,41.21311],[-106.55173,41.20716],[-106.54561,41.20256],[-106.54855,41.1976],[-106.54443,41.19156],[-106.54219,41.19103],[-106.52916,41.20322],[-106.51507,41.21236],[-106.50221,41.2177],[-106.32274,41.21722],[-106.32307,41.19842],[-106.33879,41.18867],[-106.34829,41.18515],[-106.34875,41.18256],[-106.35392,41.17789],[-106.36803,41.17427],[-106.39036,41.17497],[-106.41577,41.16526],[-106.42712,41.16437],[-106.43872,41.16069],[-106.44952,41.15678],[-106.45678,41.15111],[-106.45778,41.14894],[-106.45073,41.14674],[-106.44982,41.14311],[-106.44441,41.13714],[-106.4386,41.13515],[-106.43627,41.12707],[-106.43043,41.12565],[-106.42495,41.1267],[-106.42031,41.12497],[-106.42519,41.12615],[-106.42979,41.12537],[-106.4369,41.12677],[-106.43893,41.13455],[-106.44471,41.13656],[-106.44909,41.14061],[-106.45079,41.14585],[-106.46644,41.15257],[-106.47582,41.15447],[-106.47625,41.1593],[-106.48213,41.16175],[-106.4841,41.16461],[-106.48301,41.1677],[-106.48801,41.17076],[-106.48486,41.17554],[-106.48892,41.17906],[-106.51068,41.17885],[-106.51816,41.1735],[-106.52588,41.1728],[-106.52643,41.16863],[-106.52446,41.16584],[-106.53133,41.16127],[-106.53409,41.15543],[-106.52819,41.15289],[-106.51545,41.15184],[-106.50901,41.14621],[-106.50759,41.14213],[-106.51331,41.13253],[-106.51165,41.12921],[-106.51224,41.12257],[-106.51115,41.1196],[-106.50168,41.11648],[-106.50662,41.11408],[-106.50828,41.11056],[-106.49618,41.10495],[-106.49894,41.10415],[-106.50005,41.0988],[-106.49865,41.09558],[-106.4941,41.09396],[-106.47716,41.08086],[-106.46466,41.07839],[-106.44821,41.07032],[-106.43333,41.05436],[-106.4251,41.05397],[-106.42057,41.05002],[-106.4129,41.04868],[-106.40747,41.0456],[-106.40743,41.04238],[-106.40027,41.0388],[-106.39746,41.02681],[-106.38806,41.02388],[-106.39184,41.01876],[-106.38474,41.01558],[-106.38167,41.00771],[-106.3817,41.0048],[-106.38636,41.00114],[-106.52618,41.00217],[-106.52353,41.00792],[-106.52428,41.01442],[-106.53886,41.02536],[-106.54399,41.03307],[-106.55028,41.03186],[-106.56031,41.03947],[-106.57239,41.04471],[-106.58336,41.04322],[-106.59772,41.04635],[-106.60969,41.05577],[-106.62559,41.05656],[-106.63372,41.06193],[-106.63444,41.06716],[-106.64303,41.06669],[-106.64886,41.07239],[-106.65333,41.07088],[-106.66828,41.07153],[-106.67412,41.06713],[-106.67125,41.0643],[-106.67955,41.06165],[-106.68103,41.05954],[-106.69002,41.06189],[-106.69384,41.06102],[-106.69426,41.06463],[-106.70371,41.06044],[-106.7107,41.06014],[-106.70436,41.06408],[-106.7077,41.0676],[-106.71155,41.06749],[-106.71412,41.07104],[-106.71186,41.07531],[-106.71188,41.07767],[-106.71379,41.07618],[-106.71156,41.08642],[-106.72105,41.09251],[-106.73085,41.09363],[-106.7375,41.09727],[-106.74156,41.09672],[-106.76395,41.10612],[-106.77061,41.10603],[-106.77648,41.10947],[-106.77968,41.11338],[-106.78458,41.11459],[-106.78267,41.11848],[-106.78512,41.12106],[-106.78358,41.12314],[-106.78448,41.12533],[-106.78784,41.12406],[-106.78644,41.12984],[-106.78786,41.13329],[-106.79858,41.12994],[-106.80609,41.1373],[-106.80957,41.13635],[-106.82724,41.1412],[-106.83391,41.15148],[-106.83664,41.15243],[-106.82648,41.16716],[-106.82675,41.16985],[-106.83812,41.16256],[-106.85217,41.16023],[-106.85871,41.15585],[-106.87496,41.14983],[-106.88051,41.14645],[-106.88173,41.14296],[-106.88132,41.14707],[-106.88577,41.15911],[-106.89081,41.15972],[-106.88878,41.16221],[-106.90483,41.16332],[-106.90565,41.16696],[-106.91874,41.17007],[-106.92492,41.16803],[-106.92987,41.15917],[-106.93954,41.1565],[-106.94166,41.15411],[-106.95981,41.15167],[-106.96819,41.15458],[-106.97974,41.15132],[-106.98242,41.15464],[-106.98342,41.16139],[-106.98637,41.16317],[-107.00079,41.16054],[-107.00365,41.16424],[-107.01029,41.15877],[-107.01343,41.16176],[-107.02113,41.16201],[-107.02365,41.16024],[-107.02962,41.16149],[-107.03524,41.15531],[-107.04473,41.15168],[-107.05109,41.15135],[-107.0605,41.14474],[-107.09775,41.13787],[-107.10841,41.13394],[-107.10962,41.13189],[-107.10402,41.12953],[-107.10579,41.12703],[-107.11606,41.12507],[-107.11611,41.06218],[-107.11279,41.05552],[-107.09796,41.04653],[-107.09446,41.04137],[-107.08693,41.03933],[-107.0841,41.0397],[-107.08482,41.0418],[-107.08137,41.04612],[-107.07327,41.04279],[-107.05465,41.05043],[-107.05258,41.04737],[-107.04537,41.04453],[-107.04248,41.04053],[-107.03468,41.03622],[-107.03598,41.03143],[-107.03895,41.02896],[-107.03235,41.03015],[-107.03391,41.02784],[-107.02931,41.02286],[-107.02841,41.01615],[-107.02202,41.01503],[-107.03378,41.01559],[-107.03845,41.01341],[-107.0402,41.00933],[-107.03755,41.0071],[-107.04024,41.00334],[-107.0744,41.00325],[-107.07434,41.00685],[-107.07957,41.01105],[-107.10017,41.0219],[-107.10204,41.02669],[-107.09719,41.03202],[-107.09781,41.03585],[-107.10667,41.03843],[-107.12167,41.03184],[-107.12344,41.03212],[-107.12454,41.03572],[-107.1308,41.03649],[-107.14111,41.04215],[-107.14297,41.04658],[-107.13994,41.05154],[-107.14122,41.05446],[-107.13651,41.0608],[-107.14971,41.06461],[-107.15554,41.07197],[-107.16379,41.07557],[-107.17351,41.08305],[-107.16971,41.08829],[-107.16028,41.09358],[-107.15904,41.09578],[-107.16021,41.10127],[-107.15911,41.09959],[-107.15862,41.10198],[-107.15598,41.10019],[-107.1579,41.11288],[-107.15972,41.114],[-107.1578,41.1187],[-107.16003,41.11964],[-107.1611,41.12332],[-107.18579,41.1318],[-107.18875,41.13729],[-107.18817,41.14374],[-107.18974,41.14487],[-107.19585,41.14589],[-107.20933,41.14169],[-107.22216,41.14287],[-107.23801,41.13927],[-107.24793,41.14081],[-107.27114,41.13506],[-107.279,41.13116],[-107.28557,41.13178],[-107.29463,41.12827],[-107.3008,41.12834],[-107.31638,41.12209],[-107.33302,41.11859],[-107.34946,41.12006],[-107.36858,41.12543],[-107.36695,41.11582],[-107.37327,41.11571],[-107.37367,41.12236],[-107.37709,41.1237],[-107.37611,41.1274],[-107.37784,41.12827],[-107.37023,41.13836],[-107.37189,41.14118],[-107.36857,41.14369],[-107.36691,41.14856],[-107.37,41.15611],[-107.37484,41.15942],[-107.37877,41.17175],[-107.39296,41.18169],[-107.40304,41.18032],[-107.41772,41.17403],[-107.43149,41.17392],[-107.44835,41.17044],[-107.45023,41.17225],[-107.45926,41.17311],[-107.45936,41.18441]]]}},{"type":"Feature","id":"82431","properties":{"zip":"82431","pop":null,"city":"","county":"Big Horn","state":"Wyoming","area":350.44,"lat":44.87066,"lon":-108.16225},"geometry":{"type":"Polygon","coordinates":[[[-108.55245,44.85384],[-108.53162,44.85399],[-108.53171,44.86124],[-108.53676,44.86126],[-108.53676,44.86843],[-108.53304,44.86845],[-108.53447,44.87085],[-108.53893,44.87143],[-108.53909,44.87866],[-108.48472,44.8709],[-108.44479,44.84952],[-108.44486,44.85493],[-108.43472,44.85498],[-108.43487,44.86996],[-108.39787,44.86991],[-108.38617,44.87537],[-108.37727,44.87539],[-108.37133,44.87797],[-108.37271,44.93217],[-108.41625,44.95197],[-108.43077,44.9536],[-108.44716,44.96193],[-108.45322,44.96216],[-108.46202,44.97115],[-108.47121,44.97705],[-108.4714,44.97959],[-108.48181,44.99201],[-108.48212,44.99617],[-108.53987,44.99618],[-108.53989,45.00036],[-107.91152,45.00067],[-107.90906,44.99651],[-107.89977,44.9963],[-107.89351,44.99111],[-107.89043,44.99186],[-107.88189,44.98589],[-107.88358,44.98092],[-107.8766,44.96274],[-107.88236,44.94245],[-107.88186,44.93342],[-107.87212,44.92847],[-107.86934,44.9248],[-107.85682,44.91664],[-107.85253,44.91563],[-107.85319,44.90892],[-107.84952,44.90567],[-107.85067,44.90273],[-107.84886,44.89832],[-107.85158,44.89869],[-107.86082,44.89385],[-107.86077,44.88169],[-107.86502,44.87364],[-107.86175,44.86851],[-107.85502,44.86748],[-107.84976,44.86228],[-107.84443,44.86065],[-107.8406,44.84985],[-107.83732,44.84654],[-107.83178,44.84499],[-107.83291,44.83975],[-107.82785,44.8331],[-107.83272,44.82511],[-107.82475,44.82478],[-107.82431,44.82346],[-107.82931,44.82157],[-107.81903,44.82064],[-107.81628,44.81752],[-107.81817,44.80922],[-107.83162,44.79979],[-107.83245,44.79054],[-107.82497,44.7918],[-107.81283,44.78932],[-107.79631,44.7802],[-108.08496,44.78101],[-108.084,44.70982],[-108.04635,44.70994],[-108.04588,44.68001],[-108.07626,44.67979],[-108.07453,44.68641],[-108.08455,44.69078],[-108.09912,44.69078],[-108.10588,44.68836],[-108.11419,44.68928],[-108.11801,44.69155],[-108.12225,44.6888],[-108.12652,44.68966],[-108.12657,44.67887],[-108.13248,44.674],[-108.13265,44.67182],[-108.1313,44.66438],[-108.12842,44.66136],[-108.1287,44.65329],[-108.12248,44.63545],[-108.12654,44.63549],[-108.12876,44.62904],[-108.13269,44.62938],[-108.1354,44.63795],[-108.15016,44.64531],[-108.16122,44.66186],[-108.16052,44.66704],[-108.15627,44.67354],[-108.16474,44.68415],[-108.16106,44.69134],[-108.16412,44.70022],[-108.18334,44.71449],[-108.19047,44.72489],[-108.18925,44.7302],[-108.18594,44.73286],[-108.19133,44.74376],[-108.1845,44.75892],[-108.18812,44.75895],[-108.18815,44.76978],[-108.18296,44.76976],[-108.18556,44.78071],[-108.29633,44.7818],[-108.30223,44.78444],[-108.31093,44.8043],[-108.31978,44.80474],[-108.34026,44.79823],[-108.33958,44.79205],[-108.34446,44.79218],[-108.35214,44.78313],[-108.3546,44.78381],[-108.35041,44.7823],[-108.40944,44.78232],[-108.4094,44.76704],[-108.43069,44.76705],[-108.43054,44.75254],[-108.51474,44.7521],[-108.50893,44.75989],[-108.51009,44.7653],[-108.50749,44.7704],[-108.50883,44.77206],[-108.51346,44.76994],[-108.51358,44.78168],[-108.52205,44.78464],[-108.5171,44.78577],[-108.51644,44.78833],[-108.50967,44.78749],[-108.50617,44.79046],[-108.49804,44.79142],[-108.49809,44.8036],[-108.50732,44.80351],[-108.50897,44.8145],[-108.51783,44.81488],[-108.52755,44.81102],[-108.53232,44.81111],[-108.54162,44.8182],[-108.55075,44.83432],[-108.55245,44.85384]]]}},{"type":"Feature","id":"82932","properties":{"zip":"82932","pop":null,"city":"Farson","county":"Sweetwater","state":"Wyoming","area":119.22,"lat":42.12203,"lon":-109.38991},"geometry":{"type":"MultiPolygon","coordinates":[[[[-109.53772,42.01812],[-109.53016,42.02618],[-109.52879,42.05297],[-109.52083,42.05789],[-109.52878,42.06187],[-109.52865,42.06808],[-109.50887,42.08207],[-109.51758,42.09522],[-109.52876,42.10027],[-109.52894,42.16649],[-109.51971,42.17307],[-109.51441,42.18215],[-109.50766,42.18209],[-109.49808,42.18962],[-109.48076,42.19319],[-109.47544,42.20561],[-109.45664,42.20801],[-109.44463,42.19727],[-109.4311,42.20172],[-109.42862,42.20524],[-109.43142,42.20661],[-109.43152,42.20954],[-109.42313,42.21503],[-109.40342,42.22472],[-109.4,42.22438],[-109.39752,42.22087],[-109.38461,42.22803],[-109.38231,42.23128],[-109.38406,42.22498],[-109.3788,42.22011],[-109.39093,42.21717],[-109.37184,42.2181],[-109.37011,42.21548],[-109.3579,42.21713],[-109.3463,42.21316],[-109.32936,42.21446],[-109.32675,42.21302],[-109.33222,42.20899],[-109.33477,42.20179],[-109.33219,42.20087],[-109.31178,42.20802],[-109.28896,42.22429],[-109.26846,42.23486],[-109.26394,42.23278],[-109.25501,42.23523],[-109.24972,42.23409],[-109.24371,42.23582],[-109.24296,42.23784],[-109.24313,42.23528],[-109.24546,42.23341],[-109.26108,42.23183],[-109.25889,42.23073],[-109.25752,42.22169],[-109.26153,42.20715],[-109.25778,42.20335],[-109.25668,42.19864],[-109.25945,42.19386],[-109.26342,42.19196],[-109.25817,42.18734],[-109.27016,42.18344],[-109.28105,42.17514],[-109.28397,42.16411],[-109.29367,42.14872],[-109.29082,42.14174],[-109.28567,42.1441],[-109.28387,42.1423],[-109.27627,42.14605],[-109.26265,42.15729],[-109.23505,42.15499],[-109.21667,42.15751],[-109.20364,42.16291],[-109.185,42.15303],[-109.17665,42.15324],[-109.16609,42.14541],[-109.14036,42.13912],[-109.13493,42.1355],[-109.12964,42.12353],[-109.11889,42.11953],[-109.10804,42.10907],[-109.1196,42.10329],[-109.11943,42.09942],[-109.12649,42.09612],[-109.13273,42.08742],[-109.13639,42.07696],[-109.16028,42.08701],[-109.15839,42.09046],[-109.15305,42.09243],[-109.14321,42.10624],[-109.14376,42.11065],[-109.15003,42.11299],[-109.15217,42.11594],[-109.15979,42.11807],[-109.2196,42.12141],[-109.26941,42.11015],[-109.2675,42.10511],[-109.27041,42.10422],[-109.27496,42.10489],[-109.2844,42.11818],[-109.30178,42.11682],[-109.3114,42.12025],[-109.33619,42.12262],[-109.3547,42.10098],[-109.38053,42.07958],[-109.38928,42.07444],[-109.38926,42.06981],[-109.39879,42.06883],[-109.39895,42.02201],[-109.39583,42.01965],[-109.39886,42.01912],[-109.40114,42.00833],[-109.40731,42.00737],[-109.40669,42.00585],[-109.413,42.0028],[-109.41855,42.00276],[-109.41349,41.98862],[-109.41329,41.98172],[-109.41739,41.97924],[-109.4373,41.97917],[-109.44008,41.9853],[-109.44346,41.9866],[-109.43787,42.00724],[-109.43782,42.01801],[-109.44849,42.01826],[-109.47496,42.01217],[-109.48116,42.01441],[-109.48791,42.02099],[-109.50196,42.0206],[-109.51858,42.01189],[-109.53319,42.01522],[-109.53772,42.01812]]],[[[-109.91454,41.68804],[-109.9065,41.68971],[-109.89834,41.6967],[-109.88536,41.69893],[-109.89067,41.67595],[-109.89516,41.67375],[-109.89191,41.66683],[-109.89786,41.66699],[-109.9038,41.67065],[-109.90403,41.67802],[-109.90043,41.67829],[-109.89893,41.68671],[-109.90723,41.68568],[-109.91454,41.68804]]]]}},{"type":"Feature","id":"83115","properties":{"zip":"83115","pop":null,"city":"","county":"Sublette","state":"Wyoming","area":248.02,"lat":42.92011,"lon":-110.24039},"geometry":{"type":"Polygon","coordinates":[[[-110.58862,42.96477],[-110.57928,42.96602],[-110.57825,42.9627],[-110.55969,42.95346],[-110.55614,42.95397],[-110.55455,42.95808],[-110.54916,42.96158],[-110.54539,42.96176],[-110.54234,42.96681],[-110.49185,42.98181],[-110.46101,42.982],[-110.45491,42.97771],[-110.44622,42.97532],[-110.41922,42.97772],[-110.40102,42.97637],[-110.40162,42.97877],[-110.40564,42.98047],[-110.40508,42.98283],[-110.40792,42.98385],[-110.40363,42.98672],[-110.41415,42.9982],[-110.43798,42.99936],[-110.42925,43.00008],[-110.43143,43.00195],[-110.42691,43.00276],[-110.43688,43.00282],[-110.43949,43.0085],[-110.44421,43.00926],[-110.44227,43.01225],[-110.44462,43.01299],[-110.43811,43.01326],[-110.42614,43.01783],[-110.40904,43.02494],[-110.40543,43.02909],[-110.4063,43.03086],[-110.40459,43.03263],[-110.42713,43.03404],[-110.4313,43.03631],[-110.43332,43.04077],[-110.4288,43.04416],[-110.40524,43.04547],[-110.38203,43.0587],[-110.35141,43.06931],[-110.32571,43.07084],[-110.3103,43.06745],[-110.27317,43.06519],[-110.26019,43.06237],[-110.24467,43.05568],[-110.23511,43.05536],[-110.21407,43.04528],[-110.17475,43.03941],[-110.16392,43.052],[-110.16555,43.06027],[-110.16883,43.06113],[-110.17036,43.06422],[-110.16951,43.07292],[-110.17812,43.08313],[-110.1797,43.09041],[-110.18481,43.09416],[-110.18812,43.0997],[-110.20019,43.10787],[-110.19282,43.10726],[-110.18693,43.11184],[-110.17421,43.11216],[-110.16276,43.08505],[-110.16586,43.07211],[-110.16529,43.06675],[-110.14859,43.04753],[-110.12983,43.03329],[-110.12102,43.0204],[-110.10809,43.00963],[-110.10886,43.01428],[-110.07709,43.01454],[-110.07738,43.01077],[-110.07962,43.01068],[-110.07963,43.00897],[-110.08445,43.00894],[-110.08441,43.0019],[-110.0942,42.9999],[-110.09611,42.99771],[-110.09266,42.98715],[-110.07464,42.98542],[-110.07442,42.97718],[-110.06395,42.97726],[-110.06216,42.98537],[-110.057,42.98523],[-110.05233,42.98191],[-110.05236,42.99625],[-110.04281,42.9963],[-110.04245,42.9819],[-110.02885,42.98169],[-110.02886,42.97574],[-110.03312,42.97224],[-110.02884,42.97008],[-110.02677,42.96478],[-110.02662,42.95722],[-110.02983,42.95414],[-110.03594,42.95175],[-110.04375,42.9535],[-110.04746,42.95708],[-110.05313,42.95891],[-110.05746,42.96328],[-110.05733,42.96664],[-110.06592,42.97058],[-110.06841,42.97039],[-110.06869,42.96115],[-110.08274,42.95646],[-110.07227,42.95627],[-110.06835,42.95445],[-110.06412,42.94939],[-110.06312,42.93789],[-110.06617,42.93453],[-110.05733,42.9305],[-110.05796,42.9271],[-110.05447,42.92135],[-110.03559,42.91181],[-110.03083,42.90198],[-110.04309,42.89662],[-110.05211,42.88943],[-110.06954,42.89041],[-110.07168,42.88459],[-110.07179,42.87523],[-110.06901,42.87201],[-110.05801,42.8696],[-110.05628,42.86599],[-110.04862,42.86584],[-110.03903,42.87002],[-110.0371,42.86817],[-110.04177,42.86815],[-110.04458,42.86535],[-110.04293,42.85598],[-110.04397,42.84929],[-110.06035,42.83996],[-110.04942,42.83091],[-110.04656,42.82487],[-110.05165,42.77912],[-110.01917,42.77922],[-110.02418,42.77774],[-110.02557,42.76995],[-110.0214,42.76604],[-110.02079,42.76305],[-110.02267,42.75987],[-110.02144,42.75178],[-110.02324,42.74815],[-110.0168,42.74427],[-110.0161,42.74099],[-110.03388,42.73946],[-110.04871,42.74128],[-110.05316,42.73963],[-110.05522,42.73519],[-110.06645,42.74456],[-110.07062,42.73965],[-110.07198,42.74573],[-110.07483,42.74568],[-110.07827,42.74948],[-110.08086,42.74969],[-110.08061,42.75124],[-110.0879,42.75233],[-110.09701,42.75902],[-110.10599,42.76239],[-110.11654,42.76266],[-110.11797,42.76497],[-110.11957,42.76384],[-110.12,42.76727],[-110.13696,42.77077],[-110.13541,42.77293],[-110.13926,42.77612],[-110.14596,42.77477],[-110.1479,42.77665],[-110.15849,42.77611],[-110.16014,42.77695],[-110.15867,42.77756],[-110.1691,42.78048],[-110.1701,42.78306],[-110.17343,42.7817],[-110.17379,42.78383],[-110.17902,42.78499],[-110.18041,42.79022],[-110.183,42.79075],[-110.18465,42.79449],[-110.19469,42.79908],[-110.19253,42.80078],[-110.19585,42.80241],[-110.19953,42.80101],[-110.20159,42.80341],[-110.21053,42.80539],[-110.22048,42.81081],[-110.23129,42.80725],[-110.23932,42.80838],[-110.26303,42.80461],[-110.27679,42.80584],[-110.28574,42.79807],[-110.29872,42.79493],[-110.32874,42.79794],[-110.35081,42.79463],[-110.35103,42.80698],[-110.36448,42.80302],[-110.37336,42.80274],[-110.36991,42.82256],[-110.36668,42.82766],[-110.36739,42.82915],[-110.36382,42.83029],[-110.36544,42.83066],[-110.36206,42.83312],[-110.38206,42.83342],[-110.42151,42.83001],[-110.45106,42.815],[-110.46707,42.80302],[-110.4798,42.80257],[-110.47974,42.82293],[-110.4506,42.82283],[-110.45067,42.84315],[-110.43836,42.8405],[-110.42574,42.8352],[-110.42346,42.83751],[-110.41281,42.83985],[-110.40416,42.84611],[-110.40248,42.85183],[-110.3975,42.85407],[-110.39482,42.85336],[-110.39477,42.85469],[-110.36976,42.85317],[-110.36813,42.85439],[-110.36708,42.85238],[-110.35219,42.85128],[-110.37243,42.86789],[-110.38517,42.87538],[-110.38071,42.87958],[-110.38124,42.8857],[-110.37763,42.8915],[-110.39432,42.88962],[-110.40202,42.88601],[-110.41862,42.8908],[-110.42689,42.89536],[-110.41106,42.8954],[-110.41106,42.90985],[-110.40333,42.90853],[-110.38804,42.90159],[-110.37317,42.90428],[-110.35999,42.90143],[-110.33405,42.90845],[-110.33243,42.90747],[-110.33271,42.92428],[-110.33539,42.92651],[-110.33477,42.92847],[-110.34357,42.93256],[-110.34812,42.93662],[-110.34805,42.94031],[-110.34994,42.94006],[-110.35454,42.94469],[-110.35814,42.94466],[-110.36228,42.94793],[-110.36772,42.94766],[-110.36754,42.94901],[-110.37031,42.94671],[-110.37591,42.94758],[-110.37928,42.94593],[-110.37974,42.94726],[-110.38917,42.94347],[-110.39348,42.94342],[-110.39546,42.94657],[-110.41577,42.94177],[-110.42235,42.94345],[-110.42559,42.94167],[-110.42907,42.94403],[-110.43313,42.94217],[-110.43642,42.9437],[-110.43872,42.94188],[-110.43953,42.94349],[-110.4448,42.94327],[-110.44891,42.94038],[-110.45116,42.94171],[-110.45823,42.93539],[-110.46665,42.93236],[-110.50212,42.92835],[-110.52428,42.93083],[-110.53251,42.93661],[-110.55533,42.94522],[-110.5719,42.94698],[-110.58625,42.95248],[-110.58857,42.95428],[-110.58862,42.96477]]]}},{"type":"Feature","id":"82636","properties":{"zip":"82636","pop":null,"city":"Evansville","county":"Natrona","state":"Wyoming","area":98.6,"lat":42.83449,"lon":-106.14294},"geometry":{"type":"Polygon","coordinates":[[[-106.27871,42.86114],[-106.27794,42.89279],[-106.25803,42.89293],[-106.25802,42.90462],[-106.23864,42.91293],[-106.23866,42.92226],[-106.21592,42.93132],[-106.22026,42.93385],[-106.22002,42.94803],[-106.21508,42.94806],[-106.21535,42.97077],[-106.21263,42.97206],[-106.19627,42.96221],[-106.18309,42.97147],[-106.17668,42.97076],[-106.17727,42.97536],[-106.16565,42.97915],[-106.14272,42.98155],[-106.11859,42.98685],[-106.10009,42.995],[-106.09156,42.9948],[-106.09328,42.99351],[-106.09317,42.97258],[-106.10014,42.96658],[-106.07373,42.96696],[-106.07291,42.87077],[-106.05546,42.86998],[-106.03318,42.87399],[-106.03455,42.87211],[-106.05305,42.86737],[-106.05801,42.85872],[-106.03806,42.86041],[-106.00813,42.84691],[-105.99765,42.84566],[-106.00816,42.84225],[-106.00891,42.84601],[-106.07285,42.84735],[-106.07267,42.77817],[-106.07707,42.77797],[-106.07617,42.73766],[-106.07437,42.73766],[-106.07437,42.72196],[-106.07067,42.72207],[-106.07057,42.71856],[-106.07567,42.71846],[-106.07367,42.69537],[-106.07577,42.69526],[-106.07588,42.67277],[-106.09468,42.66822],[-106.08706,42.66337],[-106.08588,42.66047],[-106.08767,42.64828],[-106.09813,42.63439],[-106.1103,42.62889],[-106.11436,42.62356],[-106.1085,42.62141],[-106.1094,42.61387],[-106.11593,42.61551],[-106.12051,42.6148],[-106.12441,42.61134],[-106.1302,42.61171],[-106.13538,42.60554],[-106.143,42.60161],[-106.15615,42.60227],[-106.16532,42.60971],[-106.18721,42.60843],[-106.19306,42.61134],[-106.19526,42.61946],[-106.1991,42.62092],[-106.20043,42.62973],[-106.20777,42.63243],[-106.20766,42.63403],[-106.20502,42.63739],[-106.19384,42.64329],[-106.1856,42.64494],[-106.17972,42.64941],[-106.16311,42.65489],[-106.15631,42.66163],[-106.15552,42.66718],[-106.15239,42.66848],[-106.15047,42.67536],[-106.15164,42.68033],[-106.14173,42.69095],[-106.14231,42.69789],[-106.13619,42.70119],[-106.13622,42.69589],[-106.13414,42.69592],[-106.12683,42.706],[-106.11782,42.70083],[-106.11757,42.69788],[-106.11534,42.69843],[-106.11238,42.70419],[-106.10264,42.70994],[-106.1016,42.7128],[-106.10007,42.7084],[-106.08847,42.70224],[-106.08077,42.70265],[-106.07874,42.70437],[-106.07797,42.70596],[-106.08094,42.70884],[-106.08447,42.7093],[-106.08658,42.71262],[-106.08351,42.72648],[-106.0854,42.72691],[-106.086,42.72977],[-106.09153,42.73082],[-106.09469,42.73601],[-106.0867,42.74628],[-106.09183,42.75281],[-106.09668,42.75207],[-106.10056,42.7442],[-106.10257,42.73427],[-106.10643,42.73502],[-106.11621,42.73189],[-106.12014,42.74004],[-106.13947,42.75877],[-106.12075,42.76688],[-106.1096,42.76694],[-106.10417,42.77125],[-106.1,42.78222],[-106.10595,42.79182],[-106.09242,42.80209],[-106.09275,42.80735],[-106.09561,42.8084],[-106.11162,42.80444],[-106.11593,42.80103],[-106.13568,42.80181],[-106.14765,42.79976],[-106.14734,42.7983],[-106.16736,42.81676],[-106.17372,42.82028],[-106.19237,42.82151],[-106.18553,42.82359],[-106.17665,42.8296],[-106.17646,42.83184],[-106.16599,42.83549],[-106.15968,42.84025],[-106.19955,42.8394],[-106.22017,42.84639],[-106.22071,42.85021],[-106.22446,42.85024],[-106.22529,42.85326],[-106.24271,42.85513],[-106.24827,42.84873],[-106.25318,42.84944],[-106.27797,42.856],[-106.27871,42.86114]]]}},{"type":"Feature","id":"82730","properties":{"zip":"82730","pop":null,"city":"","county":"Weston","state":"Wyoming","area":432.32,"lat":44.04378,"lon":-104.70018},"geometry":{"type":"Polygon","coordinates":[[[-104.98249,44.16333],[-104.9801,44.16613],[-104.97834,44.17541],[-104.9824,44.17746],[-104.61489,44.17992],[-104.61929,44.18133],[-104.62022,44.19002],[-104.63133,44.20063],[-104.64956,44.20178],[-104.64545,44.20899],[-104.64868,44.22518],[-104.65168,44.23043],[-104.64285,44.23099],[-104.64166,44.24793],[-104.64714,44.24848],[-104.65363,44.25196],[-104.6562,44.25041],[-104.65693,44.26066],[-104.66711,44.27477],[-104.661,44.27552],[-104.66262,44.28348],[-104.65599,44.28923],[-104.65173,44.28805],[-104.65029,44.29075],[-104.62771,44.29505],[-104.61768,44.31173],[-104.62134,44.31039],[-104.61938,44.31629],[-104.62648,44.31706],[-104.62711,44.31954],[-104.62282,44.32048],[-104.62789,44.32336],[-104.62293,44.32794],[-104.6273,44.33202],[-104.62622,44.33526],[-104.63058,44.33461],[-104.63376,44.33602],[-104.63202,44.33587],[-104.6345,44.33725],[-104.63274,44.3381],[-104.63517,44.33852],[-104.63133,44.3401],[-104.62684,44.33872],[-104.62873,44.34425],[-104.63314,44.34735],[-104.63839,44.35572],[-104.64139,44.3564],[-104.65087,44.37068],[-104.65805,44.37375],[-104.66559,44.38205],[-104.65146,44.38732],[-104.64818,44.3927],[-104.65145,44.40066],[-104.6546,44.40158],[-104.66019,44.40814],[-104.65411,44.41561],[-104.65407,44.4208],[-104.64146,44.42276],[-104.63895,44.42125],[-104.63358,44.42425],[-104.62278,44.42536],[-104.62091,44.42876],[-104.61185,44.42832],[-104.60258,44.42468],[-104.59094,44.41357],[-104.59128,44.41072],[-104.59865,44.40435],[-104.60565,44.38505],[-104.60899,44.3846],[-104.61108,44.38111],[-104.61104,44.37424],[-104.60824,44.36381],[-104.6027,44.35853],[-104.60059,44.35162],[-104.59095,44.34049],[-104.59175,44.33136],[-104.59776,44.3237],[-104.59627,44.32175],[-104.58033,44.32303],[-104.58682,44.31943],[-104.58998,44.32009],[-104.59816,44.31711],[-104.59317,44.31726],[-104.5881,44.31082],[-104.57725,44.3045],[-104.57481,44.30471],[-104.57804,44.30248],[-104.57622,44.29688],[-104.5712,44.29622],[-104.57078,44.29272],[-104.56896,44.29239],[-104.57717,44.28755],[-104.58784,44.28529],[-104.58745,44.28346],[-104.57633,44.27827],[-104.57353,44.27529],[-104.57342,44.27151],[-104.5564,44.26094],[-104.55164,44.25413],[-104.54625,44.25271],[-104.53686,44.22373],[-104.53527,44.22467],[-104.53222,44.22183],[-104.53248,44.21988],[-104.52981,44.21933],[-104.52702,44.21533],[-104.52811,44.21346],[-104.52176,44.20736],[-104.52282,44.20574],[-104.51921,44.2043],[-104.52126,44.20187],[-104.51707,44.19926],[-104.5169,44.18049],[-104.39516,44.18139],[-104.39597,44.15183],[-104.40092,44.15205],[-104.40279,44.14964],[-104.40682,44.15158],[-104.40275,44.14533],[-104.4049,44.14247],[-104.40842,44.14256],[-104.40832,44.13905],[-104.40477,44.13834],[-104.4064,44.1343],[-104.40149,44.11732],[-104.40219,44.10921],[-104.4,44.09898],[-104.40195,44.09802],[-104.40122,44.09284],[-104.43052,44.09298],[-104.42865,44.07903],[-104.43186,44.07559],[-104.43643,44.07621],[-104.44003,44.0707],[-104.43778,44.05989],[-104.43964,44.05286],[-104.45114,44.04892],[-104.45023,44.04319],[-104.45455,44.04847],[-104.46625,44.05348],[-104.47365,44.04228],[-104.47236,44.03107],[-104.4756,44.02774],[-104.47397,44.0226],[-104.47565,44.01833],[-104.48146,44.01879],[-104.4835,44.01659],[-104.48721,44.0209],[-104.49415,44.01967],[-104.4972,44.02017],[-104.49614,44.02143],[-104.49749,44.02248],[-104.49956,44.01967],[-104.50316,44.01992],[-104.50575,44.01596],[-104.50128,44.01599],[-104.50279,44.01409],[-104.50014,44.0127],[-104.50336,44.00993],[-104.5007,44.00837],[-104.50467,44.00746],[-104.50285,44.00502],[-104.51444,44.00885],[-104.51544,44.00659],[-104.51394,44.00549],[-104.51595,44.0052],[-104.51406,44.00396],[-104.51489,43.99998],[-104.51682,43.99918],[-104.51347,43.99562],[-104.51563,43.99585],[-104.51448,43.99394],[-104.51289,43.99513],[-104.51311,43.99326],[-104.51103,43.99236],[-104.51279,43.99017],[-104.50937,43.98514],[-104.50617,43.9855],[-104.50822,43.98442],[-104.50384,43.98235],[-104.50501,43.98078],[-104.50157,43.97692],[-104.50564,43.97558],[-104.50333,43.97498],[-104.50565,43.97431],[-104.50502,43.96986],[-104.50721,43.96714],[-104.50351,43.96424],[-104.52162,43.96584],[-104.53472,43.96259],[-104.53211,43.95943],[-104.53233,43.95536],[-104.52631,43.95295],[-104.49069,43.95316],[-104.49086,43.91786],[-104.5791,43.91862],[-104.5791,43.90229],[-104.58491,43.8989],[-104.58602,43.88964],[-104.572,43.88668],[-104.57324,43.87276],[-104.57679,43.87033],[-104.57471,43.85972],[-104.58001,43.86077],[-104.59186,43.86863],[-104.59996,43.87037],[-104.60484,43.87448],[-104.6307,43.87356],[-104.64463,43.86665],[-104.64428,43.84469],[-104.66179,43.84464],[-104.6642,43.84262],[-104.66891,43.8446],[-104.68976,43.84423],[-104.68895,43.83524],[-104.69463,43.83029],[-104.69954,43.83026],[-104.70216,43.83325],[-104.70537,43.8432],[-104.72057,43.84078],[-104.71878,43.82951],[-104.71908,43.80024],[-104.75298,43.80029],[-104.75012,43.77487],[-104.75438,43.77005],[-104.75643,43.77616],[-104.76657,43.77936],[-104.77901,43.78828],[-104.78485,43.78472],[-104.78105,43.7773],[-104.79366,43.77613],[-104.79183,43.77473],[-104.79351,43.76717],[-104.79102,43.76287],[-104.79129,43.76077],[-104.79573,43.75794],[-104.79618,43.75347],[-104.81317,43.75666],[-104.82103,43.76037],[-104.82161,43.76256],[-104.81375,43.77289],[-104.81531,43.77695],[-104.81415,43.7798],[-104.80724,43.78813],[-104.80904,43.79167],[-104.83612,43.79244],[-104.85562,43.79733],[-104.85817,43.80437],[-104.85335,43.80859],[-104.86056,43.82083],[-104.86453,43.82003],[-104.86469,43.81657],[-104.86707,43.81517],[-104.87335,43.81338],[-104.88438,43.81623],[-104.89383,43.81554],[-104.90125,43.81872],[-104.90596,43.81615],[-104.91408,43.82087],[-104.9184,43.82056],[-104.92574,43.8242],[-104.93256,43.81707],[-104.94474,43.81472],[-104.95653,43.82074],[-104.96117,43.82541],[-104.9618,43.82726],[-104.95629,43.82875],[-104.95573,43.84022],[-104.96624,43.84779],[-104.96224,43.85273],[-104.9617,43.86432],[-104.97241,43.86798],[-104.97543,43.87107],[-104.97159,43.8778],[-104.96103,43.88006],[-104.95015,43.87371],[-104.94758,43.86967],[-104.93992,43.86428],[-104.93746,43.85841],[-104.9311,43.8526],[-104.91991,43.8477],[-104.91753,43.84287],[-104.90863,43.84726],[-104.90905,43.85352],[-104.91336,43.8559],[-104.90773,43.86407],[-104.91099,43.86969],[-104.91851,43.8763],[-104.91983,43.87895],[-104.91858,43.88271],[-104.92807,43.88885],[-104.93512,43.89072],[-104.93043,43.89757],[-104.93749,43.90139],[-104.94049,43.90607],[-104.94855,43.91081],[-104.95394,43.91653],[-104.95072,43.91767],[-104.94564,43.9285],[-104.94895,43.93179],[-104.97913,43.93219],[-104.98045,43.93295],[-104.97989,43.93878],[-104.97598,43.94129],[-104.98047,43.94484],[-104.9593,43.94552],[-104.93054,43.95201],[-104.92703,43.94913],[-104.92039,43.94922],[-104.91975,43.94221],[-104.91307,43.94346],[-104.91316,43.93812],[-104.91874,43.9291],[-104.91757,43.92685],[-104.91134,43.92432],[-104.89859,43.92513],[-104.89123,43.91613],[-104.88351,43.91181],[-104.86601,43.90945],[-104.85971,43.91115],[-104.84607,43.90565],[-104.84692,43.9029],[-104.83584,43.89816],[-104.83004,43.9018],[-104.83158,43.90548],[-104.82828,43.90498],[-104.82705,43.90813],[-104.83237,43.92973],[-104.84104,43.94078],[-104.84533,43.95977],[-104.84296,43.96715],[-104.83809,43.96802],[-104.83649,43.97602],[-104.84086,43.97624],[-104.84008,43.97839],[-104.84216,43.97953],[-104.84063,43.98098],[-104.84743,43.99033],[-104.85297,43.99355],[-104.85612,44.00015],[-104.85159,44.00441],[-104.84963,44.01235],[-104.84255,44.02123],[-104.84357,44.02428],[-104.84206,44.02824],[-104.84872,44.02826],[-104.85558,44.03304],[-104.86447,44.0311],[-104.87583,44.03224],[-104.87864,44.0257],[-104.88652,44.02464],[-104.88617,44.02152],[-104.88887,44.02174],[-104.89109,44.0178],[-104.89875,44.01898],[-104.90714,44.01773],[-104.91566,44.01323],[-104.92108,44.01823],[-104.93109,44.02112],[-104.94888,44.01881],[-104.95664,44.02166],[-104.95815,44.02487],[-104.95603,44.02658],[-104.97231,44.04854],[-104.97387,44.0593],[-104.97896,44.06299],[-104.97229,44.06782],[-104.96555,44.06784],[-104.95552,44.07181],[-104.94214,44.07207],[-104.93989,44.07501],[-104.94294,44.07745],[-104.94505,44.08575],[-104.95131,44.08939],[-104.9513,44.10154],[-104.95839,44.10443],[-104.96005,44.10897],[-104.96319,44.10992],[-104.96264,44.11342],[-104.97077,44.11874],[-104.97427,44.12548],[-104.97917,44.12929],[-104.97737,44.13558],[-104.97792,44.14741],[-104.97374,44.15268],[-104.98249,44.16333]]]}},{"type":"Feature","id":"82516","properties":{"zip":"82516","pop":null,"city":"Johnstown","county":"Fremont","state":"Wyoming","area":202.72,"lat":43.21494,"lon":-108.83202},"geometry":{"type":"Polygon","coordinates":[[[-109.18993,43.34978],[-109.18808,43.35349],[-109.16137,43.33872],[-109.15021,43.3304],[-109.1369,43.32893],[-109.12822,43.31958],[-109.11955,43.31842],[-109.09699,43.32303],[-109.07744,43.32415],[-109.06118,43.32873],[-109.0325,43.35208],[-109.02624,43.35271],[-109.029,43.35932],[-109.02519,43.35935],[-109.02606,43.35807],[-109.02211,43.3553],[-109.02092,43.34926],[-109.01415,43.34592],[-109.01108,43.33471],[-109.00581,43.32979],[-109.00514,43.31971],[-108.99282,43.30836],[-108.99491,43.30036],[-108.99157,43.29371],[-108.9919,43.29007],[-108.98824,43.28898],[-108.98439,43.28432],[-108.97155,43.28327],[-108.9714,43.30626],[-108.96855,43.29793],[-108.96908,43.29377],[-108.96205,43.28558],[-108.9625,43.2825],[-108.95869,43.27888],[-108.9591,43.277],[-108.95338,43.27689],[-108.94062,43.28266],[-108.93742,43.29421],[-108.93269,43.30101],[-108.93152,43.31947],[-108.92534,43.31844],[-108.91644,43.31175],[-108.89961,43.30927],[-108.88403,43.3145],[-108.88506,43.31893],[-108.84978,43.32838],[-108.85254,43.33365],[-108.87493,43.34022],[-108.88185,43.34415],[-108.89383,43.34596],[-108.89405,43.35286],[-108.89814,43.3608],[-108.89088,43.36999],[-108.89596,43.37255],[-108.90405,43.37244],[-108.90372,43.37476],[-108.90614,43.37592],[-108.8958,43.39965],[-108.89987,43.40573],[-108.87542,43.40241],[-108.86296,43.39673],[-108.83466,43.39199],[-108.80297,43.38306],[-108.79086,43.37254],[-108.78313,43.36984],[-108.77926,43.36376],[-108.77594,43.36339],[-108.77711,43.36193],[-108.77486,43.3608],[-108.77721,43.35837],[-108.76794,43.35476],[-108.76899,43.35245],[-108.76103,43.34784],[-108.74902,43.35013],[-108.74958,43.34725],[-108.74464,43.34594],[-108.74577,43.34429],[-108.74371,43.34347],[-108.74141,43.34484],[-108.73929,43.34233],[-108.7405,43.34056],[-108.73393,43.34101],[-108.73964,43.32545],[-108.73629,43.30159],[-108.72676,43.28361],[-108.70093,43.25952],[-108.70132,43.25742],[-108.74897,43.24775],[-108.76346,43.24038],[-108.78157,43.24102],[-108.78409,43.23648],[-108.7795,43.22411],[-108.7814,43.22024],[-108.77543,43.21864],[-108.76593,43.21012],[-108.75575,43.20585],[-108.74856,43.19448],[-108.74348,43.19192],[-108.72129,43.1925],[-108.71139,43.19086],[-108.70125,43.18529],[-108.69636,43.18531],[-108.69657,43.17875],[-108.68293,43.17099],[-108.65808,43.17108],[-108.65804,43.16383],[-108.67758,43.16325],[-108.67772,43.14711],[-108.67525,43.14452],[-108.67641,43.13814],[-108.67492,43.1238],[-108.65754,43.11376],[-108.65602,43.10762],[-108.6594,43.10622],[-108.65633,43.10252],[-108.65079,43.10351],[-108.64846,43.10196],[-108.65111,43.09843],[-108.64496,43.09722],[-108.64537,43.09489],[-108.64212,43.09155],[-108.63399,43.09201],[-108.62567,43.09008],[-108.62102,43.08615],[-108.61266,43.08499],[-108.61035,43.08331],[-108.60952,43.07842],[-108.59755,43.07333],[-108.59634,43.07086],[-108.59013,43.07129],[-108.58282,43.06725],[-108.57174,43.06674],[-108.56836,43.06378],[-108.56536,43.06368],[-108.56218,43.05962],[-108.57779,43.04862],[-108.57885,43.03536],[-108.585,43.032],[-108.5963,43.02069],[-108.59457,43.01467],[-108.59956,43.01462],[-108.62881,43.00573],[-108.64051,43.01068],[-108.64543,43.01903],[-108.64535,43.02678],[-108.67593,43.02667],[-108.6817,43.01832],[-108.72367,43.02856],[-108.74605,43.04119],[-108.75549,43.04389],[-108.75603,43.0716],[-108.75268,43.07966],[-108.76895,43.08353],[-108.77594,43.09135],[-108.78886,43.0987],[-108.80637,43.11721],[-108.82005,43.14337],[-108.84165,43.132],[-108.84158,43.12858],[-108.84417,43.127],[-108.84229,43.12382],[-108.84813,43.12485],[-108.8536,43.12193],[-108.863,43.12667],[-108.86712,43.13179],[-108.87568,43.12705],[-108.90299,43.14652],[-108.92638,43.15169],[-108.93625,43.14595],[-108.93612,43.15347],[-108.94554,43.15536],[-108.94712,43.16079],[-108.94591,43.1871],[-108.95225,43.19483],[-108.96394,43.20197],[-108.96865,43.21336],[-108.97218,43.21392],[-108.9721,43.22314],[-108.97377,43.22254],[-108.97655,43.2253],[-108.9807,43.22387],[-108.9864,43.22931],[-108.99121,43.23063],[-109.00185,43.23071],[-109.00997,43.24219],[-109.0136,43.24421],[-109.01905,43.24363],[-109.0191,43.23843],[-109.0216,43.23918],[-109.02327,43.24454],[-109.03046,43.24237],[-109.03474,43.24355],[-109.03563,43.24621],[-109.0416,43.25005],[-109.05707,43.25459],[-109.05877,43.25568],[-109.05797,43.25846],[-109.06479,43.25931],[-109.07043,43.26711],[-109.08625,43.26901],[-109.08655,43.27356],[-109.09542,43.27657],[-109.09768,43.2803],[-109.10427,43.28106],[-109.10699,43.28599],[-109.11485,43.28938],[-109.11593,43.2922],[-109.11983,43.29446],[-109.12401,43.29518],[-109.12334,43.29974],[-109.12887,43.30444],[-109.12711,43.30716],[-109.13104,43.31395],[-109.13849,43.31896],[-109.14558,43.31815],[-109.16964,43.32928],[-109.17833,43.33768],[-109.18394,43.34058],[-109.18413,43.3449],[-109.18993,43.34978]]]}},{"type":"Feature","id":"82836","properties":{"zip":"82836","pop":null,"city":"","county":"Sheridan","state":"Wyoming","area":278.39,"lat":44.83702,"lon":-107.57598},"geometry":{"type":"Polygon","coordinates":[[[-107.91152,45.00067],[-107.62595,45.00065],[-107.62694,44.99551],[-107.6335,44.99413],[-107.64657,44.98017],[-107.65037,44.97749],[-107.65448,44.97852],[-107.65963,44.97616],[-107.65936,44.97284],[-107.66495,44.97002],[-107.67073,44.95889],[-107.67433,44.95682],[-107.67666,44.95176],[-107.68054,44.95037],[-107.67847,44.94802],[-107.68039,44.93601],[-107.66236,44.92107],[-107.65255,44.91706],[-107.63162,44.89676],[-107.62019,44.89193],[-107.61419,44.88496],[-107.58948,44.88172],[-107.55892,44.85986],[-107.53248,44.84833],[-107.52697,44.84421],[-107.51466,44.84074],[-107.50523,44.83423],[-107.50118,44.8422],[-107.48693,44.84789],[-107.49181,44.85243],[-107.48699,44.85862],[-107.48465,44.85961],[-107.48211,44.85689],[-107.48346,44.86016],[-107.47754,44.86023],[-107.47363,44.8637],[-107.41625,44.86463],[-107.41871,44.89329],[-107.39882,44.89329],[-107.40058,44.90757],[-107.29381,44.90797],[-107.27295,44.88774],[-107.26145,44.87993],[-107.23255,44.89541],[-107.21044,44.89844],[-107.21034,44.89131],[-107.2151,44.89066],[-107.21596,44.88823],[-107.22137,44.88946],[-107.22543,44.88363],[-107.23588,44.88294],[-107.23581,44.87877],[-107.20848,44.87885],[-107.20812,44.8753],[-107.19494,44.87566],[-107.1951,44.86422],[-107.20055,44.8642],[-107.19956,44.83516],[-107.23953,44.8353],[-107.23914,44.83328],[-107.24098,44.83327],[-107.24093,44.80942],[-107.25695,44.80956],[-107.25673,44.76323],[-107.27148,44.75773],[-107.27971,44.75165],[-107.27952,44.74713],[-107.28229,44.74435],[-107.29093,44.74362],[-107.29366,44.73824],[-107.3077,44.73607],[-107.30989,44.73109],[-107.30752,44.72713],[-107.31071,44.7221],[-107.33896,44.7172],[-107.34516,44.71167],[-107.35214,44.70989],[-107.35496,44.70141],[-107.35271,44.68988],[-107.37411,44.69004],[-107.37559,44.69129],[-107.37389,44.69683],[-107.38174,44.70058],[-107.37956,44.70396],[-107.3812,44.70618],[-107.38039,44.70978],[-107.37803,44.71227],[-107.38479,44.71216],[-107.3825,44.71375],[-107.38594,44.71397],[-107.38589,44.71598],[-107.38885,44.71719],[-107.39048,44.71615],[-107.39369,44.71962],[-107.39583,44.71838],[-107.40123,44.71972],[-107.40198,44.71445],[-107.4096,44.71354],[-107.41205,44.71046],[-107.42151,44.711],[-107.43345,44.70876],[-107.43735,44.71431],[-107.44754,44.71782],[-107.44936,44.72166],[-107.44557,44.72422],[-107.44766,44.72598],[-107.45593,44.72809],[-107.45472,44.72968],[-107.45623,44.73112],[-107.46758,44.73027],[-107.47136,44.73359],[-107.46876,44.73727],[-107.47256,44.74199],[-107.47107,44.7448],[-107.47249,44.74537],[-107.47622,44.74273],[-107.49954,44.73964],[-107.50151,44.73693],[-107.505,44.73646],[-107.5006,44.74472],[-107.50576,44.75446],[-107.51804,44.77016],[-107.53656,44.76484],[-107.56962,44.76594],[-107.58962,44.76108],[-107.58942,44.75795],[-107.59435,44.75075],[-107.59162,44.73727],[-107.59385,44.72852],[-107.58474,44.71664],[-107.58754,44.71211],[-107.586,44.7078],[-107.5727,44.70009],[-107.57428,44.69467],[-107.60467,44.69496],[-107.61589,44.7013],[-107.6197,44.69881],[-107.61967,44.69563],[-107.62259,44.69304],[-107.63789,44.69138],[-107.64333,44.69328],[-107.65071,44.69231],[-107.65511,44.68927],[-107.65714,44.68357],[-107.66971,44.67958],[-107.67472,44.68513],[-107.68102,44.68802],[-107.68441,44.69314],[-107.68136,44.69654],[-107.68283,44.70611],[-107.69479,44.70835],[-107.6979,44.70496],[-107.7175,44.71065],[-107.72803,44.71641],[-107.73778,44.71325],[-107.74347,44.71542],[-107.75128,44.72346],[-107.74446,44.72899],[-107.74578,44.73347],[-107.74355,44.74148],[-107.74895,44.74604],[-107.74557,44.75433],[-107.754,44.75807],[-107.75245,44.75826],[-107.75214,44.76563],[-107.75439,44.77059],[-107.76482,44.77345],[-107.78046,44.77265],[-107.81283,44.78932],[-107.82497,44.7918],[-107.83245,44.79054],[-107.83162,44.79979],[-107.81817,44.80922],[-107.81628,44.81752],[-107.81903,44.82064],[-107.82931,44.82157],[-107.82431,44.82346],[-107.82475,44.82478],[-107.83272,44.82511],[-107.82785,44.8331],[-107.83291,44.83975],[-107.83178,44.84499],[-107.83732,44.84654],[-107.8406,44.84985],[-107.84443,44.86065],[-107.84976,44.86228],[-107.85502,44.86748],[-107.86175,44.86851],[-107.86502,44.87364],[-107.86077,44.88169],[-107.86082,44.89385],[-107.85158,44.89869],[-107.84886,44.89832],[-107.85067,44.90273],[-107.84952,44.90567],[-107.85319,44.90892],[-107.85253,44.91563],[-107.85682,44.91664],[-107.86934,44.9248],[-107.87212,44.92847],[-107.88186,44.93342],[-107.88236,44.94245],[-107.8766,44.96274],[-107.88358,44.98092],[-107.88189,44.98589],[-107.89043,44.99186],[-107.89351,44.99111],[-107.89977,44.9963],[-107.90906,44.99651],[-107.91152,45.00067]]]}},{"type":"Feature","id":"82831","properties":{"zip":"82831","pop":null,"city":"","county":"Campbell","state":"Wyoming","area":424.87,"lat":44.66409,"lon":-106.06699},"geometry":{"type":"Polygon","coordinates":[[[-106.46926,44.4727],[-106.46367,44.47064],[-106.45427,44.4631],[-106.44993,44.46321],[-106.44721,44.47067],[-106.442,44.46925],[-106.43388,44.46092],[-106.42695,44.46288],[-106.42138,44.4622],[-106.42616,44.47127],[-106.4255,44.47529],[-106.41385,44.47487],[-106.40504,44.47735],[-106.40548,44.48164],[-106.40331,44.4813],[-106.40222,44.4835],[-106.39694,44.4809],[-106.39204,44.4825],[-106.39127,44.48652],[-106.38016,44.48346],[-106.37668,44.48691],[-106.37655,44.49123],[-106.36886,44.49167],[-106.36213,44.49503],[-106.36171,44.50045],[-106.35701,44.49927],[-106.35459,44.50505],[-106.34194,44.49915],[-106.34337,44.51387],[-106.33252,44.51414],[-106.3317,44.52002],[-106.33485,44.52507],[-106.33041,44.52618],[-106.32846,44.5299],[-106.32309,44.53029],[-106.32466,44.53503],[-106.32361,44.53816],[-106.31997,44.53724],[-106.31901,44.53917],[-106.31496,44.53892],[-106.3145,44.54327],[-106.31162,44.54702],[-106.30142,44.54489],[-106.29918,44.54715],[-106.28994,44.54665],[-106.28378,44.53899],[-106.2709,44.53233],[-106.27032,44.52995],[-106.26211,44.52586],[-106.25493,44.51881],[-106.25532,44.51157],[-106.25896,44.50869],[-106.25482,44.49951],[-106.25659,44.49507],[-106.2556,44.49071],[-106.24787,44.48523],[-106.25019,44.48095],[-106.22823,44.48038],[-106.2171,44.48636],[-106.20979,44.49397],[-106.20014,44.49769],[-106.17778,44.49497],[-106.17041,44.49854],[-106.17529,44.50688],[-106.17995,44.50814],[-106.17873,44.51378],[-106.17736,44.5155],[-106.17407,44.51522],[-106.17292,44.51927],[-106.19352,44.53767],[-106.20475,44.55378],[-106.21194,44.55609],[-106.21251,44.56215],[-106.23741,44.5622],[-106.23728,44.60325],[-106.2428,44.60309],[-106.24323,44.63247],[-106.23743,44.63293],[-106.22987,44.62864],[-106.22571,44.62889],[-106.22294,44.64055],[-106.22451,44.64629],[-106.23405,44.6572],[-106.24218,44.6619],[-106.25092,44.6715],[-106.25008,44.6735],[-106.25408,44.6791],[-106.25178,44.68445],[-106.25335,44.68632],[-106.25146,44.68802],[-106.25454,44.68993],[-106.25538,44.6929],[-106.25365,44.69537],[-106.25554,44.70038],[-106.27307,44.71344],[-106.27676,44.71331],[-106.2778,44.7161],[-106.25157,44.72099],[-106.22198,44.7147],[-106.19193,44.71607],[-106.19275,44.72365],[-106.20053,44.73133],[-106.20254,44.73805],[-106.21135,44.7434],[-106.21386,44.74961],[-106.19776,44.75993],[-106.19572,44.75813],[-106.18423,44.7612],[-106.18429,44.76454],[-106.17942,44.76443],[-106.17886,44.76596],[-106.18126,44.76717],[-106.1812,44.77123],[-106.17807,44.7716],[-106.17576,44.77042],[-106.17626,44.76779],[-106.17341,44.76807],[-106.17243,44.77161],[-106.178,44.77474],[-106.17648,44.77734],[-106.17004,44.77611],[-106.16698,44.78153],[-106.16365,44.78167],[-106.16396,44.7843],[-106.16939,44.7849],[-106.16904,44.78863],[-106.16039,44.7866],[-106.15952,44.79087],[-106.16563,44.79581],[-106.16499,44.79943],[-106.15836,44.80054],[-106.15772,44.80213],[-106.1627,44.80396],[-106.1565,44.80581],[-106.15089,44.80213],[-106.1471,44.80433],[-106.14505,44.80932],[-106.13926,44.81471],[-106.14067,44.8199],[-106.13424,44.82834],[-106.13436,44.83428],[-106.12838,44.83412],[-106.12375,44.83709],[-106.12327,44.83992],[-106.11242,44.84152],[-106.11185,44.84323],[-106.11512,44.84613],[-106.10644,44.85098],[-106.10286,44.85523],[-106.10099,44.85332],[-106.09666,44.85548],[-106.10247,44.85832],[-106.10077,44.86205],[-106.09348,44.8596],[-106.09064,44.86513],[-106.08521,44.86694],[-106.08283,44.87218],[-106.07933,44.87198],[-106.07721,44.8696],[-106.07086,44.87142],[-106.07276,44.87981],[-106.06794,44.87795],[-106.06718,44.87931],[-106.0717,44.8847],[-106.06868,44.88868],[-106.06024,44.89499],[-106.04681,44.88835],[-106.03413,44.89363],[-106.03266,44.89891],[-106.03453,44.90581],[-106.03766,44.90807],[-106.03697,44.9106],[-106.03008,44.91412],[-106.02384,44.91346],[-106.02482,44.99347],[-105.92817,44.99349],[-105.91315,45.00024],[-105.89992,45.00025],[-105.90119,44.99476],[-105.91209,44.98329],[-105.90566,44.97443],[-105.88527,44.96283],[-105.88343,44.96274],[-105.8803,44.96673],[-105.86726,44.96458],[-105.86638,44.96237],[-105.86827,44.9563],[-105.87511,44.95421],[-105.8735,44.95186],[-105.87585,44.94717],[-105.87465,44.945],[-105.88097,44.93569],[-105.87964,44.93331],[-105.88729,44.92888],[-105.87203,44.91805],[-105.85932,44.91179],[-105.85363,44.9102],[-105.84425,44.91159],[-105.83788,44.91778],[-105.83138,44.91296],[-105.8229,44.91094],[-105.80496,44.89509],[-105.80354,44.89329],[-105.80553,44.88994],[-105.80423,44.88781],[-105.7999,44.88449],[-105.79127,44.88209],[-105.78256,44.87469],[-105.77693,44.87352],[-105.77447,44.86543],[-105.77642,44.86223],[-105.77555,44.85918],[-105.77833,44.85712],[-105.77677,44.85411],[-105.78692,44.85226],[-105.79634,44.84454],[-105.80259,44.84289],[-105.80568,44.84517],[-105.80813,44.84433],[-105.81099,44.83671],[-105.8132,44.83642],[-105.81032,44.83485],[-105.81079,44.81862],[-105.81676,44.81263],[-105.814,44.80432],[-105.80741,44.79911],[-105.80664,44.79383],[-105.80063,44.78608],[-105.80959,44.78547],[-105.81082,44.77965],[-105.81656,44.77826],[-105.81509,44.77309],[-105.81282,44.7718],[-105.83754,44.76116],[-105.83731,44.7494],[-105.82273,44.73615],[-105.82273,44.72853],[-105.81487,44.72968],[-105.81197,44.73281],[-105.80305,44.73261],[-105.80274,44.73575],[-105.79785,44.73473],[-105.79268,44.73016],[-105.78196,44.73025],[-105.77811,44.7249],[-105.78548,44.72328],[-105.79062,44.7197],[-105.78828,44.71328],[-105.79244,44.71148],[-105.79242,44.70793],[-105.80877,44.70926],[-105.83976,44.70829],[-105.85063,44.71191],[-105.85115,44.69963],[-105.85552,44.69305],[-105.84655,44.69306],[-105.84563,44.69123],[-105.85141,44.68818],[-105.84831,44.6782],[-105.85053,44.67117],[-105.84961,44.65926],[-105.86214,44.64754],[-105.86177,44.64181],[-105.87347,44.6488],[-105.87903,44.64791],[-105.88567,44.65165],[-105.89141,44.6495],[-105.89605,44.65226],[-105.89745,44.65669],[-105.90149,44.65836],[-105.90235,44.6607],[-105.90004,44.66856],[-105.91427,44.67628],[-105.91787,44.67622],[-105.9225,44.67189],[-105.92635,44.67275],[-105.92825,44.67072],[-105.95217,44.67963],[-105.95784,44.68611],[-105.95564,44.68894],[-105.94454,44.68877],[-105.9434,44.69173],[-105.95559,44.6993],[-105.96865,44.69174],[-105.98039,44.69032],[-105.98024,44.67633],[-105.98501,44.67679],[-105.99053,44.67256],[-105.99553,44.67191],[-106.00046,44.67402],[-106.01066,44.68304],[-106.00848,44.52108],[-106.01448,44.52098],[-106.01592,44.41657],[-106.02178,44.41677],[-106.03019,44.42211],[-106.04207,44.42195],[-106.04668,44.4257],[-106.04938,44.4249],[-106.05434,44.41631],[-106.04001,44.40822],[-106.04058,44.40354],[-106.03517,44.39725],[-106.03506,44.39213],[-106.02426,44.3708],[-106.02769,44.36634],[-106.02548,44.36209],[-106.0263,44.35887],[-106.03331,44.35813],[-106.04615,44.36808],[-106.051,44.36818],[-106.05941,44.37768],[-106.06005,44.38257],[-106.07031,44.39032],[-106.07494,44.38643],[-106.07903,44.3872],[-106.08029,44.38504],[-106.09869,44.38626],[-106.11451,44.38353],[-106.11655,44.38667],[-106.12945,44.39305],[-106.12852,44.39555],[-106.13327,44.39579],[-106.13576,44.40301],[-106.1421,44.41009],[-106.13854,44.41044],[-106.15124,44.41098],[-106.15,44.40613],[-106.1456,44.40492],[-106.14512,44.4022],[-106.13638,44.4015],[-106.14098,44.39361],[-106.13482,44.39185],[-106.13126,44.38677],[-106.13161,44.38402],[-106.13388,44.38251],[-106.13263,44.38601],[-106.1384,44.38565],[-106.14602,44.37767],[-106.15488,44.3778],[-106.15543,44.37207],[-106.15817,44.37304],[-106.15976,44.37088],[-106.15078,44.36419],[-106.15442,44.36114],[-106.15205,44.35756],[-106.15638,44.3539],[-106.1503,44.35076],[-106.14718,44.33851],[-106.14984,44.33399],[-106.14893,44.33116],[-106.13951,44.33139],[-106.14494,44.32894],[-106.14875,44.32387],[-106.14755,44.32008],[-106.14558,44.31973],[-106.14356,44.32263],[-106.14156,44.3205],[-106.1401,44.31599],[-106.14474,44.31408],[-106.14257,44.30685],[-106.15054,44.30721],[-106.15469,44.30515],[-106.15706,44.30288],[-106.15682,44.299],[-106.15308,44.29579],[-106.14967,44.2974],[-106.14531,44.29657],[-106.14207,44.29024],[-106.13548,44.2912],[-106.13027,44.28587],[-106.12644,44.28974],[-106.12285,44.29013],[-106.11922,44.28419],[-106.11938,44.27929],[-106.12333,44.27517],[-106.13086,44.27999],[-106.1389,44.27984],[-106.1384,44.27607],[-106.13258,44.27083],[-106.14013,44.27054],[-106.14499,44.26788],[-106.14758,44.26432],[-106.14594,44.26018],[-106.1497,44.25891],[-106.14918,44.25612],[-106.16174,44.25619],[-106.16626,44.25808],[-106.16519,44.2625],[-106.15324,44.2645],[-106.15019,44.26974],[-106.14918,44.27681],[-106.16102,44.27932],[-106.16131,44.28208],[-106.173,44.28151],[-106.18207,44.28446],[-106.18484,44.28842],[-106.18477,44.29354],[-106.18882,44.29756],[-106.18996,44.30651],[-106.19035,44.29897],[-106.19372,44.29872],[-106.19872,44.30189],[-106.20885,44.303],[-106.21264,44.30722],[-106.22255,44.30913],[-106.22662,44.30803],[-106.23077,44.31785],[-106.226,44.326],[-106.21651,44.3363],[-106.21714,44.34148],[-106.20207,44.34826],[-106.20469,44.35299],[-106.21269,44.35372],[-106.21779,44.35971],[-106.23396,44.37125],[-106.23386,44.37411],[-106.22791,44.38273],[-106.22095,44.37935],[-106.22611,44.39251],[-106.22217,44.40224],[-106.224,44.4082],[-106.22003,44.40616],[-106.21931,44.41064],[-106.23057,44.42092],[-106.24098,44.42006],[-106.24934,44.42312],[-106.2475,44.42634],[-106.25186,44.43124],[-106.25225,44.44861],[-106.25538,44.4536],[-106.254,44.45561],[-106.25719,44.45602],[-106.25997,44.45948],[-106.26003,44.46284],[-106.26328,44.46481],[-106.2668,44.4652],[-106.27095,44.46191],[-106.27186,44.46367],[-106.26975,44.4658],[-106.27205,44.46939],[-106.2695,44.47157],[-106.27528,44.4713],[-106.28141,44.47723],[-106.29284,44.48169],[-106.2938,44.49059],[-106.30386,44.49087],[-106.31441,44.48466],[-106.32167,44.48722],[-106.32826,44.48283],[-106.31137,44.4619],[-106.31075,44.45816],[-106.30621,44.45444],[-106.32417,44.44695],[-106.32592,44.43849],[-106.32269,44.43315],[-106.33772,44.42865],[-106.34526,44.41924],[-106.35326,44.41716],[-106.36101,44.42212],[-106.36799,44.42963],[-106.37215,44.42982],[-106.37573,44.42552],[-106.38014,44.42589],[-106.38169,44.42413],[-106.37454,44.41755],[-106.36787,44.40748],[-106.37601,44.40088],[-106.39118,44.40559],[-106.41137,44.4073],[-106.41631,44.41257],[-106.42182,44.42656],[-106.42099,44.43404],[-106.42578,44.43829],[-106.4343,44.45336],[-106.43813,44.45569],[-106.4461,44.45352],[-106.46408,44.4583],[-106.46715,44.46209],[-106.4667,44.46719],[-106.46926,44.4727]]]}},{"type":"Feature","id":"82441","properties":{"zip":"82441","pop":null,"city":"","county":"Big Horn","state":"Wyoming","area":265.9,"lat":44.58035,"lon":-107.60816},"geometry":{"type":"Polygon","coordinates":[[[-107.93203,44.6952],[-107.9299,44.7013],[-107.92223,44.69118],[-107.90948,44.69055],[-107.90686,44.69257],[-107.9073,44.69762],[-107.90191,44.71005],[-107.88293,44.72263],[-107.88136,44.72268],[-107.88598,44.7158],[-107.88513,44.713],[-107.87892,44.71112],[-107.87627,44.71454],[-107.87407,44.71386],[-107.8683,44.70668],[-107.8625,44.71114],[-107.85535,44.71011],[-107.84769,44.71292],[-107.84376,44.71093],[-107.84258,44.70709],[-107.83143,44.72131],[-107.83905,44.72789],[-107.83689,44.73698],[-107.84039,44.7467],[-107.83726,44.75106],[-107.83825,44.75532],[-107.83677,44.75914],[-107.82781,44.76777],[-107.83777,44.77515],[-107.83858,44.77877],[-107.82611,44.77847],[-107.82625,44.7806],[-107.7929,44.78014],[-107.78046,44.77265],[-107.76482,44.77345],[-107.75439,44.77059],[-107.75214,44.76563],[-107.75245,44.75826],[-107.754,44.75807],[-107.74557,44.75433],[-107.74895,44.74604],[-107.74355,44.74148],[-107.74578,44.73347],[-107.74446,44.72899],[-107.75128,44.72346],[-107.74347,44.71542],[-107.73778,44.71325],[-107.72803,44.71641],[-107.7175,44.71065],[-107.6979,44.70496],[-107.69479,44.70835],[-107.68283,44.70611],[-107.68136,44.69654],[-107.68441,44.69314],[-107.68102,44.68802],[-107.67472,44.68513],[-107.67116,44.68025],[-107.6687,44.67948],[-107.65714,44.68357],[-107.65511,44.68927],[-107.65071,44.69231],[-107.64333,44.69328],[-107.63789,44.69138],[-107.62259,44.69304],[-107.61967,44.69563],[-107.6197,44.69881],[-107.61589,44.7013],[-107.60467,44.69496],[-107.59616,44.69516],[-107.59068,44.68893],[-107.58108,44.68975],[-107.57369,44.68299],[-107.56765,44.68328],[-107.55662,44.6786],[-107.54917,44.67879],[-107.54892,44.66701],[-107.539,44.66493],[-107.53193,44.66642],[-107.51973,44.66069],[-107.52306,44.65622],[-107.5299,44.65131],[-107.53383,44.65114],[-107.53506,44.64847],[-107.53464,44.64655],[-107.52959,44.64392],[-107.52816,44.63478],[-107.52403,44.633],[-107.5109,44.6337],[-107.50017,44.6421],[-107.49486,44.64203],[-107.49025,44.63539],[-107.48835,44.62815],[-107.48002,44.62219],[-107.47874,44.61788],[-107.46964,44.61229],[-107.46376,44.6121],[-107.45739,44.60774],[-107.44313,44.60558],[-107.43277,44.60775],[-107.43548,44.61187],[-107.42497,44.61148],[-107.4225,44.60851],[-107.42279,44.60352],[-107.41934,44.60103],[-107.41316,44.59886],[-107.40339,44.59981],[-107.3929,44.59596],[-107.38347,44.59535],[-107.38516,44.58977],[-107.38076,44.58457],[-107.37487,44.58198],[-107.37662,44.57999],[-107.37301,44.57429],[-107.37291,44.568],[-107.36962,44.55984],[-107.37145,44.55694],[-107.36543,44.55505],[-107.36016,44.55031],[-107.36047,44.54707],[-107.35557,44.54525],[-107.35378,44.54219],[-107.3377,44.53963],[-107.33028,44.54381],[-107.33012,44.53607],[-107.32431,44.53323],[-107.32277,44.52919],[-107.32705,44.52212],[-107.31529,44.51578],[-107.31094,44.50883],[-107.30143,44.50642],[-107.29416,44.50071],[-107.29854,44.49621],[-107.29712,44.49093],[-107.29848,44.48456],[-107.30519,44.48347],[-107.29967,44.47627],[-107.30429,44.46378],[-107.30058,44.45908],[-107.27863,44.4592],[-107.27467,44.4557],[-107.27873,44.45082],[-107.26101,44.44766],[-107.25145,44.44035],[-107.25284,44.43265],[-107.25477,44.42899],[-107.44305,44.42881],[-107.44642,44.43658],[-107.44511,44.4391],[-107.4462,44.44209],[-107.45622,44.44303],[-107.45828,44.4484],[-107.45374,44.45507],[-107.45499,44.45896],[-107.46052,44.46344],[-107.46854,44.45993],[-107.474,44.45225],[-107.4852,44.45263],[-107.49739,44.45026],[-107.50812,44.4419],[-107.52591,44.4365],[-107.52785,44.43944],[-107.54661,44.4429],[-107.54881,44.44086],[-107.56009,44.44468],[-107.57044,44.45378],[-107.58392,44.46118],[-107.58916,44.46716],[-107.59689,44.46893],[-107.5976,44.47369],[-107.60029,44.47555],[-107.60701,44.4777],[-107.61248,44.47235],[-107.61438,44.47444],[-107.62014,44.47368],[-107.62734,44.47812],[-107.62834,44.48231],[-107.6335,44.48735],[-107.64222,44.48679],[-107.65661,44.49244],[-107.67592,44.49086],[-107.68946,44.49424],[-107.69808,44.49309],[-107.69762,44.4913],[-107.70291,44.49564],[-107.71351,44.49652],[-107.71784,44.50214],[-107.72595,44.50222],[-107.72987,44.50768],[-107.7433,44.51438],[-107.74992,44.52174],[-107.75634,44.52447],[-107.76681,44.53471],[-107.77159,44.53206],[-107.77055,44.52794],[-107.7777,44.53449],[-107.78485,44.52935],[-107.79689,44.52734],[-107.80238,44.52799],[-107.80231,44.53457],[-107.80688,44.5363],[-107.812,44.53595],[-107.81732,44.53275],[-107.8234,44.53701],[-107.83028,44.53771],[-107.83068,44.53943],[-107.83721,44.53904],[-107.84286,44.5414],[-107.84247,44.54526],[-107.82312,44.54511],[-107.82402,44.56213],[-107.82219,44.57307],[-107.82351,44.57667],[-107.82974,44.57642],[-107.8322,44.58504],[-107.82982,44.58818],[-107.83234,44.59232],[-107.83643,44.59261],[-107.83719,44.59655],[-107.8355,44.59859],[-107.83781,44.60487],[-107.86123,44.62371],[-107.86228,44.6337],[-107.87904,44.65863],[-107.91686,44.66175],[-107.91935,44.66923],[-107.91968,44.6786],[-107.92642,44.68131],[-107.92803,44.68398],[-107.92659,44.69074],[-107.93177,44.69081],[-107.93203,44.6952]]]}},{"type":"Feature","id":"83013","properties":{"zip":"83013","pop":null,"city":"","county":"Teton","state":"Wyoming","area":677.24,"lat":43.95671,"lon":-110.45214},"geometry":{"type":"Polygon","coordinates":[[[-110.87938,43.85673],[-110.87935,43.8612],[-110.87206,43.86925],[-110.8735,43.87376],[-110.85079,43.87811],[-110.84856,43.88099],[-110.84111,43.88283],[-110.83918,43.89609],[-110.84171,43.90047],[-110.8481,43.90422],[-110.8453,43.91322],[-110.84774,43.917],[-110.84795,43.9266],[-110.85355,43.93152],[-110.85825,43.94102],[-110.85579,43.94481],[-110.85252,43.9592],[-110.85635,43.96502],[-110.86237,43.9682],[-110.87153,43.979],[-110.86929,43.98382],[-110.87285,43.9893],[-110.87335,43.99452],[-110.86677,43.99993],[-110.86826,44.00395],[-110.87528,44.00652],[-110.86911,44.02031],[-110.87553,44.02688],[-110.86995,44.03105],[-110.86427,44.0315],[-110.84199,44.04619],[-110.83229,44.04915],[-110.83766,44.05405],[-110.83743,44.05795],[-110.83975,44.06079],[-110.84368,44.06231],[-110.84359,44.06681],[-110.83371,44.07024],[-110.82578,44.06619],[-110.81982,44.07433],[-110.81666,44.07589],[-110.81732,44.08046],[-110.81367,44.0832],[-110.80419,44.08178],[-110.79778,44.08401],[-110.78876,44.08275],[-110.78639,44.08868],[-110.78835,44.09478],[-110.78546,44.10021],[-110.78838,44.10349],[-110.78841,44.10654],[-110.78584,44.1111],[-110.78816,44.11572],[-110.79462,44.11901],[-110.79259,44.121],[-110.76959,44.12646],[-110.76852,44.12985],[-110.77065,44.13226],[-110.05336,44.13263],[-110.05364,43.81455],[-110.05144,43.81445],[-110.05131,43.74309],[-110.05563,43.74336],[-110.06027,43.74827],[-110.06724,43.75081],[-110.07119,43.76591],[-110.08703,43.76915],[-110.09654,43.76802],[-110.10023,43.76482],[-110.10938,43.76556],[-110.11651,43.76955],[-110.12001,43.77559],[-110.13036,43.77818],[-110.14805,43.78692],[-110.15303,43.79079],[-110.15542,43.79418],[-110.15467,43.79613],[-110.15829,43.79886],[-110.16088,43.79893],[-110.16488,43.80277],[-110.16704,43.80192],[-110.16728,43.80371],[-110.17819,43.80633],[-110.18051,43.80873],[-110.18412,43.80859],[-110.19116,43.81512],[-110.20499,43.81562],[-110.22845,43.8116],[-110.24367,43.81292],[-110.25295,43.81075],[-110.25797,43.8075],[-110.26536,43.80938],[-110.28852,43.80869],[-110.29455,43.80989],[-110.29564,43.81491],[-110.29886,43.81753],[-110.30328,43.81658],[-110.31203,43.81987],[-110.31811,43.81876],[-110.33494,43.82304],[-110.36093,43.82404],[-110.37235,43.82052],[-110.37422,43.81779],[-110.37688,43.81898],[-110.3801,43.81773],[-110.37314,43.81004],[-110.3778,43.80796],[-110.37862,43.80548],[-110.37098,43.80237],[-110.36838,43.80298],[-110.36516,43.80042],[-110.37279,43.79346],[-110.36155,43.78325],[-110.3642,43.78151],[-110.37244,43.7846],[-110.37985,43.78275],[-110.38275,43.78543],[-110.38797,43.78649],[-110.40003,43.77959],[-110.4288,43.78125],[-110.4288,43.77672],[-110.44837,43.7766],[-110.4483,43.77339],[-110.46749,43.7732],[-110.46758,43.77709],[-110.48395,43.77695],[-110.484,43.77263],[-110.48934,43.77167],[-110.49902,43.77623],[-110.5058,43.77678],[-110.49825,43.77687],[-110.50129,43.77939],[-110.52627,43.78761],[-110.53532,43.78886],[-110.54137,43.79204],[-110.54612,43.79726],[-110.5486,43.80853],[-110.55037,43.8103],[-110.55833,43.81046],[-110.56092,43.80743],[-110.5616,43.79972],[-110.57092,43.80139],[-110.5788,43.79702],[-110.57893,43.79089],[-110.58308,43.78503],[-110.58312,43.78015],[-110.59423,43.7756],[-110.59514,43.76457],[-110.61538,43.75836],[-110.62708,43.76136],[-110.62764,43.75365],[-110.64296,43.75383],[-110.64994,43.75],[-110.65448,43.74391],[-110.65942,43.74282],[-110.66056,43.73842],[-110.66644,43.7333],[-110.66676,43.73023],[-110.67642,43.72475],[-110.67793,43.72106],[-110.67589,43.71477],[-110.68628,43.70706],[-110.6875,43.70082],[-110.68952,43.70035],[-110.68798,43.69738],[-110.69367,43.69417],[-110.69409,43.68902],[-110.70156,43.68489],[-110.70039,43.68068],[-110.70409,43.6756],[-110.70541,43.66827],[-110.70707,43.67271],[-110.70545,43.67595],[-110.71273,43.67807],[-110.71926,43.68396],[-110.72762,43.68626],[-110.73056,43.69179],[-110.73036,43.69605],[-110.72609,43.69895],[-110.70535,43.69875],[-110.69876,43.69589],[-110.69347,43.69823],[-110.68025,43.71759],[-110.6738,43.73342],[-110.6655,43.74424],[-110.66476,43.74697],[-110.66754,43.75251],[-110.67505,43.74674],[-110.69545,43.73906],[-110.72052,43.74852],[-110.72422,43.74429],[-110.72675,43.74553],[-110.72414,43.74835],[-110.72546,43.75094],[-110.7239,43.75428],[-110.72032,43.75674],[-110.7169,43.76539],[-110.71872,43.77141],[-110.72325,43.77691],[-110.73112,43.77809],[-110.72783,43.78456],[-110.73304,43.787],[-110.73015,43.79142],[-110.72716,43.79233],[-110.72665,43.79463],[-110.72873,43.79698],[-110.72624,43.79927],[-110.72396,43.81032],[-110.72637,43.81348],[-110.74202,43.81606],[-110.75379,43.81453],[-110.76335,43.81822],[-110.77471,43.81896],[-110.81484,43.81099],[-110.84344,43.81124],[-110.84803,43.80889],[-110.86986,43.80512],[-110.8704,43.81142],[-110.86824,43.81854],[-110.87548,43.83582],[-110.87511,43.84356],[-110.87938,43.85673]]]}},{"type":"Feature","id":"82842","properties":{"zip":"82842","pop":null,"city":"Story","county":"Sheridan","state":"Wyoming","area":6.44,"lat":44.57142,"lon":-106.93942},"geometry":{"type":"Polygon","coordinates":[[[-107.00196,44.57755],[-106.99692,44.57887],[-106.99164,44.57542],[-106.98816,44.57692],[-106.989,44.57871],[-106.98732,44.57937],[-106.98196,44.57571],[-106.97935,44.57689],[-106.97581,44.57546],[-106.9706,44.57918],[-106.96637,44.57909],[-106.96548,44.58096],[-106.95769,44.58295],[-106.95991,44.58536],[-106.96445,44.58613],[-106.892,44.58681],[-106.89212,44.58015],[-106.89717,44.57825],[-106.89272,44.57519],[-106.88476,44.57511],[-106.88483,44.57318],[-106.8922,44.57244],[-106.89037,44.57031],[-106.88545,44.56947],[-106.88494,44.56484],[-106.89219,44.56524],[-106.89475,44.56028],[-106.89358,44.55805],[-106.99649,44.55908],[-106.9934,44.56627],[-106.99971,44.56802],[-106.99824,44.57639],[-107.00196,44.57755]]]}},{"type":"Feature","id":"82336","properties":{"zip":"82336","pop":null,"city":"","county":"Sweetwater","state":"Wyoming","area":365.33,"lat":41.71058,"lon":-108.16374},"geometry":{"type":"Polygon","coordinates":[[[-108.51599,41.97143],[-108.51193,41.98124],[-108.5084,41.98237],[-108.50441,41.99009],[-108.49578,41.9965],[-108.49215,42.00626],[-108.4921,42.07145],[-108.48207,42.07393],[-108.48076,42.08387],[-108.48229,42.0855],[-108.47542,42.08935],[-108.37542,42.08899],[-108.37942,42.08521],[-108.38105,42.07708],[-108.37507,42.07021],[-108.37481,42.06436],[-108.37077,42.05522],[-108.37716,42.04706],[-108.32193,42.04663],[-108.3215,42.03755],[-108.33024,42.02843],[-108.33841,42.02518],[-108.34873,42.02453],[-108.3544,42.02975],[-108.3561,42.0186],[-108.35093,42.01257],[-108.34422,42.01042],[-108.34246,42.00647],[-108.3387,42.00603],[-108.3317,42.00129],[-108.33396,41.99757],[-108.32679,41.99207],[-108.31809,41.97938],[-108.31693,41.96818],[-108.29579,41.96996],[-108.29455,41.96858],[-108.2694,41.91441],[-108.26774,41.90671],[-108.26907,41.89789],[-108.25498,41.90252],[-108.24819,41.9004],[-108.2321,41.89981],[-108.21254,41.9035],[-108.23431,41.87168],[-108.20283,41.85354],[-108.20059,41.85644],[-108.17141,41.83325],[-108.14359,41.85634],[-108.14356,41.85291],[-108.12341,41.85043],[-108.12385,41.83315],[-108.12835,41.83111],[-108.11162,41.82287],[-108.10582,41.8144],[-108.08407,41.79798],[-108.07258,41.79357],[-108.06431,41.78287],[-108.06837,41.77949],[-108.06812,41.76863],[-108.07157,41.75324],[-108.08409,41.75475],[-108.06851,41.74435],[-108.06292,41.74356],[-108.06366,41.74129],[-108.05911,41.73151],[-108.04755,41.72065],[-108.04847,41.7067],[-108.03248,41.69968],[-108.025,41.70964],[-108.01159,41.71334],[-108.00327,41.71229],[-108.00115,41.71417],[-107.99515,41.70791],[-107.98784,41.70556],[-107.97247,41.67778],[-107.96831,41.6796],[-107.96833,41.67236],[-107.93826,41.68869],[-107.92797,41.6811],[-107.93028,41.67614],[-107.93502,41.67513],[-107.92977,41.65418],[-107.92988,41.39853],[-107.9171,41.3985],[-107.91702,41.33838],[-107.94267,41.32883],[-107.94981,41.33445],[-107.9567,41.33195],[-107.95888,41.33497],[-107.9803,41.341],[-107.99495,41.33752],[-108.02161,41.33494],[-108.02841,41.33234],[-108.04389,41.33902],[-108.05015,41.36748],[-108.04834,41.38274],[-108.04967,41.39014],[-108.05413,41.40254],[-108.06265,41.41469],[-108.05555,41.41941],[-108.04984,41.41893],[-108.04089,41.42174],[-108.05154,41.42735],[-108.05138,41.4321],[-108.04362,41.44456],[-108.04195,41.45421],[-108.03739,41.46183],[-108.03752,41.46764],[-108.04558,41.47975],[-108.06127,41.48135],[-108.0624,41.4873],[-108.06752,41.48948],[-108.0648,41.49058],[-108.0579,41.50053],[-108.05731,41.51364],[-108.06611,41.52234],[-108.08765,41.53517],[-108.09,41.53784],[-108.09171,41.54622],[-108.10082,41.55264],[-108.10086,41.557],[-108.10433,41.55994],[-108.10864,41.5695],[-108.12798,41.58719],[-108.1301,41.58847],[-108.13876,41.58686],[-108.15435,41.58737],[-108.20969,41.57614],[-108.23445,41.56848],[-108.25862,41.56656],[-108.26828,41.56328],[-108.27376,41.56679],[-108.27315,41.56846],[-108.26951,41.56794],[-108.26687,41.56983],[-108.25963,41.58241],[-108.26022,41.5975],[-108.25347,41.60784],[-108.25172,41.61989],[-108.25356,41.62345],[-108.26177,41.62608],[-108.26488,41.62955],[-108.266,41.63329],[-108.26197,41.63423],[-108.26266,41.63655],[-108.26716,41.63729],[-108.26718,41.64081],[-108.26931,41.64267],[-108.26892,41.64547],[-108.26297,41.64954],[-108.26354,41.6536],[-108.27363,41.66497],[-108.27052,41.67003],[-108.25567,41.67885],[-108.25513,41.68955],[-108.2516,41.69734],[-108.256,41.70081],[-108.26806,41.72189],[-108.26337,41.72614],[-108.2669,41.74192],[-108.27312,41.75523],[-108.27036,41.76165],[-108.2763,41.82574],[-108.27196,41.84779],[-108.27225,41.85471],[-108.2939,41.85641],[-108.31178,41.85097],[-108.33209,41.84919],[-108.35145,41.87027],[-108.36604,41.86681],[-108.41367,41.86511],[-108.41213,41.88051],[-108.40367,41.90635],[-108.38262,41.9373],[-108.38017,41.95074],[-108.37559,41.95814],[-108.40591,41.95165],[-108.44844,41.94774],[-108.49367,41.93503],[-108.4932,41.93657],[-108.49931,41.9423],[-108.50203,41.94831],[-108.51422,41.95962],[-108.51599,41.97143]]]}},{"type":"Feature","id":"82604","properties":{"zip":"82604","pop":null,"city":"","county":"Natrona","state":"Wyoming","area":772.01,"lat":42.9176,"lon":-106.70851},"geometry":{"type":"MultiPolygon","coordinates":[[[[-107.04987,43.20734],[-107.03997,43.21178],[-107.03038,43.21277],[-107.02035,43.21279],[-107.01031,43.20793],[-107.00466,43.2101],[-106.96792,43.18617],[-106.95782,43.18228],[-106.95177,43.1836],[-106.95351,43.18138],[-106.95007,43.18248],[-106.94867,43.18532],[-106.94478,43.18345],[-106.94517,43.18621],[-106.94115,43.18897],[-106.94017,43.19218],[-106.92994,43.19848],[-106.92952,43.2039],[-106.92636,43.20685],[-106.91223,43.20632],[-106.90324,43.21028],[-106.89731,43.22918],[-106.90081,43.23136],[-106.89987,43.23328],[-106.90699,43.24146],[-106.90762,43.2456],[-106.91606,43.24812],[-106.91559,43.25292],[-106.90135,43.2512],[-106.90168,43.25464],[-106.89933,43.25582],[-106.8955,43.26466],[-106.88312,43.26951],[-106.88453,43.27388],[-106.8771,43.27438],[-106.87618,43.27138],[-106.86554,43.26278],[-106.85647,43.26507],[-106.84746,43.25861],[-106.83544,43.25751],[-106.83667,43.26803],[-106.83013,43.27819],[-106.84216,43.28253],[-106.84984,43.28223],[-106.85906,43.28812],[-106.86157,43.29743],[-106.85838,43.30154],[-106.8597,43.30913],[-106.87713,43.31157],[-106.87248,43.31688],[-106.85968,43.32404],[-106.84775,43.32174],[-106.83935,43.32532],[-106.8402,43.33383],[-106.83156,43.33743],[-106.83119,43.34179],[-106.85518,43.34608],[-106.86111,43.34885],[-106.87116,43.34359],[-106.87253,43.34936],[-106.87749,43.35307],[-106.87735,43.36399],[-106.89167,43.36166],[-106.89822,43.36509],[-106.90329,43.36946],[-106.90226,43.37461],[-106.90573,43.38294],[-106.89809,43.39832],[-106.88196,43.38702],[-106.87883,43.37944],[-106.86517,43.37368],[-106.8438,43.37815],[-106.83327,43.37574],[-106.8103,43.37772],[-106.80756,43.37762],[-106.79835,43.37049],[-106.78642,43.37285],[-106.76614,43.37174],[-106.75997,43.36976],[-106.75558,43.36328],[-106.7352,43.3555],[-106.73473,43.34778],[-106.71538,43.35008],[-106.70597,43.34761],[-106.68422,43.32819],[-106.67795,43.32565],[-106.67334,43.30165],[-106.66343,43.27997],[-106.66032,43.26864],[-106.64912,43.26445],[-106.64382,43.2544],[-106.63679,43.24893],[-106.62545,43.24409],[-106.6169,43.23335],[-106.6097,43.22967],[-106.60444,43.22341],[-106.59927,43.21048],[-106.50538,43.21034],[-106.50426,43.12348],[-106.49338,43.12359],[-106.4932,43.10649],[-106.50109,43.10258],[-106.50799,43.0914],[-106.51094,43.07528],[-106.51344,43.07096],[-106.51837,43.06811],[-106.51864,43.06502],[-106.52517,43.05664],[-106.51386,43.03563],[-106.51415,43.03193],[-106.51034,43.03083],[-106.51284,43.0303],[-106.51091,43.02969],[-106.51172,43.02633],[-106.5032,43.02456],[-106.50407,43.02276],[-106.50199,43.02165],[-106.49962,43.02412],[-106.49666,43.02324],[-106.49951,43.02232],[-106.49488,43.01873],[-106.49498,43.0209],[-106.4916,43.02207],[-106.49297,43.01892],[-106.49093,43.01631],[-106.49278,43.01379],[-106.48822,43.01283],[-106.4858,43.00903],[-106.48096,43.0088],[-106.48468,43.00561],[-106.48393,43.00433],[-106.47498,43.00403],[-106.47825,43.00272],[-106.47411,42.99938],[-106.47916,42.99635],[-106.4693,42.99636],[-106.47249,42.98803],[-106.46647,42.98799],[-106.46343,42.98189],[-106.46435,42.97944],[-106.45609,42.9778],[-106.4495,42.9705],[-106.4512,42.96795],[-106.44796,42.96534],[-106.45149,42.96351],[-106.44463,42.96023],[-106.44026,42.96367],[-106.43884,42.95832],[-106.44422,42.95577],[-106.44446,42.95385],[-106.43689,42.95249],[-106.43485,42.94839],[-106.43368,42.94154],[-106.4378,42.94059],[-106.43792,42.93807],[-106.43513,42.93729],[-106.43126,42.94033],[-106.43093,42.93407],[-106.43601,42.93244],[-106.43147,42.93008],[-106.43295,42.92752],[-106.42971,42.92311],[-106.43301,42.92001],[-106.42937,42.91219],[-106.42906,42.90788],[-106.43066,42.90734],[-106.42269,42.90494],[-106.42177,42.90262],[-106.42748,42.89977],[-106.42345,42.89519],[-106.42551,42.89431],[-106.42536,42.89224],[-106.42175,42.89084],[-106.41934,42.88633],[-106.41501,42.88605],[-106.41462,42.88299],[-106.40668,42.88433],[-106.40548,42.88076],[-106.39884,42.87564],[-106.39948,42.87092],[-106.39525,42.86967],[-106.3966,42.86833],[-106.39508,42.86683],[-106.38952,42.86782],[-106.387,42.86645],[-106.36393,42.84754],[-106.3714,42.84705],[-106.38274,42.85074],[-106.38467,42.84922],[-106.38415,42.84543],[-106.38062,42.84546],[-106.38062,42.83581],[-106.37858,42.84055],[-106.3646,42.83667],[-106.36187,42.83752],[-106.35773,42.84527],[-106.34578,42.84638],[-106.33719,42.85155],[-106.33702,42.83512],[-106.33913,42.83346],[-106.33705,42.83157],[-106.33708,42.82485],[-106.33928,42.82485],[-106.33918,42.82086],[-106.34186,42.81982],[-106.34224,42.81768],[-106.34014,42.81767],[-106.34679,42.80812],[-106.34674,42.80584],[-106.34482,42.80587],[-106.34497,42.79644],[-106.34683,42.79613],[-106.34848,42.80267],[-106.3565,42.80394],[-106.3565,42.80571],[-106.3662,42.80568],[-106.36625,42.79955],[-106.3696,42.80055],[-106.36771,42.80576],[-106.37248,42.80545],[-106.37649,42.80916],[-106.37645,42.80626],[-106.37127,42.8013],[-106.37113,42.79808],[-106.37376,42.79484],[-106.37129,42.78904],[-106.37044,42.77147],[-106.36627,42.76929],[-106.36272,42.76151],[-106.36308,42.75415],[-106.36859,42.74222],[-106.36812,42.73551],[-106.37465,42.73857],[-106.38113,42.74996],[-106.379,42.76299],[-106.3824,42.76296],[-106.38255,42.74898],[-106.40253,42.74825],[-106.40444,42.75027],[-106.44148,42.75348],[-106.44637,42.74683],[-106.4496,42.74573],[-106.44467,42.74379],[-106.44737,42.74084],[-106.44504,42.73786],[-106.44746,42.73233],[-106.43157,42.72602],[-106.41944,42.72412],[-106.40406,42.71362],[-106.3997,42.69731],[-106.39914,42.68325],[-106.39795,42.68111],[-106.39585,42.68214],[-106.39255,42.68047],[-106.39695,42.67663],[-106.39264,42.66797],[-106.38964,42.67416],[-106.38037,42.68081],[-106.37188,42.67646],[-106.35929,42.67421],[-106.36322,42.66924],[-106.36396,42.66185],[-106.37003,42.65247],[-106.36324,42.64802],[-106.36107,42.65101],[-106.35209,42.6526],[-106.34939,42.64816],[-106.31897,42.643],[-106.3057,42.65137],[-106.29142,42.65037],[-106.29118,42.65548],[-106.28821,42.65958],[-106.2892,42.66771],[-106.27938,42.67235],[-106.27807,42.66856],[-106.27437,42.66832],[-106.27342,42.66652],[-106.27526,42.66472],[-106.27231,42.66222],[-106.26867,42.66151],[-106.26402,42.66498],[-106.2595,42.6655],[-106.25528,42.66414],[-106.25956,42.66002],[-106.2613,42.653],[-106.25777,42.65007],[-106.2588,42.6452],[-106.25747,42.64218],[-106.26178,42.63958],[-106.26131,42.63839],[-106.25465,42.64005],[-106.26721,42.62844],[-106.25226,42.61793],[-106.26457,42.60312],[-106.26405,42.6016],[-106.28167,42.58354],[-106.28405,42.57842],[-106.29067,42.57263],[-106.29476,42.57172],[-106.30392,42.57396],[-106.31305,42.5816],[-106.31605,42.5803],[-106.31825,42.57517],[-106.32546,42.57755],[-106.34248,42.57661],[-106.34959,42.57992],[-106.34853,42.57722],[-106.35058,42.57451],[-106.35115,42.5679],[-106.34069,42.56076],[-106.3361,42.55082],[-106.33175,42.54659],[-106.33504,42.5417],[-106.33946,42.54727],[-106.34299,42.54635],[-106.34717,42.55147],[-106.35722,42.55353],[-106.35899,42.55206],[-106.36307,42.55641],[-106.36898,42.55675],[-106.37298,42.56075],[-106.38446,42.56462],[-106.38152,42.56921],[-106.38192,42.57235],[-106.3869,42.57978],[-106.3937,42.58239],[-106.39855,42.58028],[-106.40587,42.58031],[-106.40705,42.58385],[-106.40957,42.58291],[-106.41402,42.58728],[-106.42406,42.59159],[-106.43137,42.59906],[-106.43762,42.59341],[-106.44934,42.54784],[-106.46594,42.52396],[-106.46799,42.51543],[-106.46231,42.49417],[-106.44273,42.46848],[-106.43656,42.45525],[-106.41047,42.432],[-106.52857,42.43075],[-106.52635,42.43356],[-106.52829,42.43798],[-106.50059,42.45407],[-106.50024,42.4594],[-106.50625,42.46514],[-106.50881,42.46569],[-106.51234,42.46299],[-106.51762,42.46457],[-106.5191,42.47331],[-106.52813,42.475],[-106.53283,42.47398],[-106.52966,42.47763],[-106.53412,42.47812],[-106.52704,42.48178],[-106.52026,42.4925],[-106.5247,42.49429],[-106.52076,42.50166],[-106.52116,42.5052],[-106.52346,42.50547],[-106.52038,42.51062],[-106.52556,42.52723],[-106.53027,42.53116],[-106.53155,42.53478],[-106.52995,42.53943],[-106.53065,42.54598],[-106.5273,42.55186],[-106.52215,42.55382],[-106.51815,42.56258],[-106.52331,42.56523],[-106.52481,42.56755],[-106.52299,42.56973],[-106.52772,42.57586],[-106.53153,42.5752],[-106.53982,42.58115],[-106.54589,42.59214],[-106.55478,42.59965],[-106.55478,42.6023],[-106.5591,42.59839],[-106.56088,42.60011],[-106.57217,42.59486],[-106.58035,42.58598],[-106.59115,42.58284],[-106.59086,42.57955],[-106.59275,42.57796],[-106.59915,42.57643],[-106.5965,42.57308],[-106.59996,42.56998],[-106.59981,42.60368],[-106.61193,42.60377],[-106.61062,42.59614],[-106.61369,42.59254],[-106.62505,42.60387],[-106.63286,42.60572],[-106.63569,42.60272],[-106.6303,42.59972],[-106.63854,42.59707],[-106.64086,42.59113],[-106.64337,42.59074],[-106.64894,42.59481],[-106.65538,42.59486],[-106.65615,42.59216],[-106.65232,42.58809],[-106.65492,42.5802],[-106.65755,42.57853],[-106.66219,42.57926],[-106.66513,42.57737],[-106.67355,42.57686],[-106.67798,42.58121],[-106.69137,42.57879],[-106.69413,42.57234],[-106.70545,42.56339],[-106.70144,42.58196],[-106.70233,42.58622],[-106.70092,42.58789],[-106.70425,42.59116],[-106.70218,42.59559],[-106.69757,42.5955],[-106.69738,42.59779],[-106.68763,42.5998],[-106.68757,42.60236],[-106.68401,42.60124],[-106.67752,42.60428],[-106.68197,42.61213],[-106.67841,42.61499],[-106.6793,42.61794],[-106.67556,42.62066],[-106.67402,42.62496],[-106.66954,42.62701],[-106.66936,42.63335],[-106.64854,42.63778],[-106.65879,42.64533],[-106.66024,42.65166],[-106.65795,42.65864],[-106.65265,42.66198],[-106.65804,42.66591],[-106.65543,42.66774],[-106.65689,42.66996],[-106.65475,42.67593],[-106.65704,42.67835],[-106.65484,42.68418],[-106.65155,42.68581],[-106.65101,42.68903],[-106.65245,42.68951],[-106.65043,42.69078],[-106.65199,42.6908],[-106.65086,42.69402],[-106.65374,42.69749],[-106.6447,42.69801],[-106.6404,42.70118],[-106.63724,42.70541],[-106.63961,42.70632],[-106.63287,42.71124],[-106.63655,42.71479],[-106.63258,42.71802],[-106.63481,42.71934],[-106.65246,42.71641],[-106.65314,42.71773],[-106.64474,42.72233],[-106.6452,42.72441],[-106.65498,42.72452],[-106.65928,42.72851],[-106.64186,42.73448],[-106.63975,42.73921],[-106.64098,42.74118],[-106.63514,42.74185],[-106.63529,42.74318],[-106.62729,42.74091],[-106.62434,42.74182],[-106.62476,42.75291],[-106.62832,42.75681],[-106.63403,42.75903],[-106.61949,42.77769],[-106.60881,42.80031],[-106.61492,42.8009],[-106.61903,42.80693],[-106.62493,42.80638],[-106.62626,42.80851],[-106.62403,42.81031],[-106.62861,42.81208],[-106.63004,42.81791],[-106.63408,42.81853],[-106.64135,42.81625],[-106.63967,42.81961],[-106.64669,42.82249],[-106.67139,42.82131],[-106.67914,42.8244],[-106.69036,42.8203],[-106.6963,42.82165],[-106.6981,42.81845],[-106.70052,42.82112],[-106.70484,42.81788],[-106.70863,42.82131],[-106.72047,42.81858],[-106.72097,42.82078],[-106.72802,42.82068],[-106.72935,42.824],[-106.73224,42.81938],[-106.73538,42.81919],[-106.7369,42.82198],[-106.74016,42.82127],[-106.74278,42.82413],[-106.74685,42.82474],[-106.7489,42.82422],[-106.7474,42.82317],[-106.74858,42.82264],[-106.7541,42.82921],[-106.75898,42.82814],[-106.76395,42.83085],[-106.7636,42.83236],[-106.77277,42.83196],[-106.76901,42.83483],[-106.77541,42.83282],[-106.77801,42.83591],[-106.77743,42.83163],[-106.7832,42.83372],[-106.78386,42.83238],[-106.7838,42.83557],[-106.78989,42.83464],[-106.78911,42.83192],[-106.79489,42.83118],[-106.79406,42.82964],[-106.80204,42.82975],[-106.80036,42.82859],[-106.80356,42.82826],[-106.80496,42.82658],[-106.80198,42.82577],[-106.80409,42.82513],[-106.81146,42.82375],[-106.81515,42.8257],[-106.82627,42.82277],[-106.82755,42.82449],[-106.82916,42.8233],[-106.82975,42.8254],[-106.83482,42.82451],[-106.83516,42.82585],[-106.84584,42.81924],[-106.84923,42.82075],[-106.85628,42.81935],[-106.85899,42.81442],[-106.85595,42.81124],[-106.85502,42.80636],[-106.85082,42.80305],[-106.86726,42.79856],[-106.87269,42.79875],[-106.8761,42.80094],[-106.87869,42.81333],[-106.90687,42.80164],[-106.90713,42.81],[-106.91647,42.80988],[-106.93374,42.80229],[-106.93345,42.79841],[-106.94603,42.79716],[-106.96736,42.78748],[-106.97404,42.79095],[-106.98188,42.80421],[-106.98156,42.80839],[-106.98493,42.81219],[-106.98566,42.81991],[-106.97822,42.83433],[-106.99568,42.83209],[-107.01923,42.82542],[-107.02197,42.82738],[-107.02321,42.83326],[-107.02973,42.83471],[-107.03133,42.83884],[-107.0254,42.84505],[-107.02386,42.85889],[-107.03493,42.85708],[-107.03312,42.85899],[-107.03526,42.86575],[-107.02553,42.8711],[-107.01973,42.87014],[-107.01846,42.87551],[-107.01453,42.88009],[-106.99115,42.87831],[-106.98891,42.87535],[-106.97756,42.8763],[-106.93354,42.87093],[-106.92773,42.87244],[-106.90814,42.8682],[-106.87447,42.86668],[-106.87083,42.86481],[-106.84161,42.86214],[-106.79491,42.86028],[-106.82939,42.88542],[-106.81674,42.89067],[-106.81668,42.90249],[-106.81078,42.90713],[-106.80317,42.92202],[-106.79465,42.91624],[-106.79586,42.9126],[-106.78429,42.91299],[-106.77895,42.904],[-106.77058,42.9015],[-106.74596,42.90499],[-106.73778,42.90799],[-106.72624,42.91676],[-106.71216,42.93407],[-106.71543,42.94617],[-106.70292,42.94848],[-106.70212,42.95126],[-106.7307,42.95123],[-106.73123,43.00708],[-106.80005,43.00895],[-106.79349,43.02033],[-106.77989,43.02015],[-106.78355,43.02924],[-106.78065,43.0292],[-106.78359,43.03016],[-106.77268,43.03003],[-106.77303,43.03231],[-106.77936,43.03484],[-106.77806,43.04238],[-106.78077,43.04812],[-106.77893,43.05203],[-106.77344,43.05415],[-106.77269,43.05781],[-106.76732,43.06245],[-106.76844,43.0654],[-106.7754,43.06897],[-106.78918,43.06431],[-106.79075,43.06813],[-106.8004,43.06753],[-106.79744,43.07632],[-106.79891,43.07905],[-106.81705,43.09774],[-106.81513,43.09915],[-106.81396,43.10503],[-106.81671,43.10713],[-106.8176,43.11203],[-106.81176,43.11686],[-106.81298,43.12894],[-106.82634,43.13583],[-106.82853,43.14287],[-106.83256,43.14433],[-106.83097,43.15682],[-106.85156,43.16484],[-106.85974,43.16175],[-106.87898,43.1622],[-106.90154,43.1436],[-106.90732,43.14273],[-106.90582,43.14012],[-106.90976,43.13455],[-106.91669,43.13752],[-106.92247,43.14363],[-106.93161,43.14749],[-106.93658,43.14582],[-106.95959,43.14664],[-106.96038,43.15341],[-106.95786,43.15653],[-106.96028,43.16119],[-106.96649,43.15674],[-106.96754,43.15267],[-106.97134,43.14941],[-106.98226,43.1463],[-106.99451,43.14777],[-107.00572,43.14441],[-107.01616,43.14411],[-107.00903,43.15107],[-106.99569,43.15402],[-106.98366,43.16176],[-107.0062,43.16824],[-107.01589,43.16739],[-107.01935,43.17014],[-107.01927,43.17264],[-107.02529,43.17179],[-107.03064,43.17501],[-107.03156,43.17993],[-107.04323,43.18615],[-107.03605,43.18937],[-107.03457,43.19211],[-107.04034,43.19613],[-107.04438,43.19545],[-107.04987,43.20734]],[[-106.38415,42.84543],[-106.3914,42.84576],[-106.39101,42.84045],[-106.39419,42.83998],[-106.3945,42.83813],[-106.38531,42.83809],[-106.38248,42.84185],[-106.38906,42.84181],[-106.38903,42.84406],[-106.38415,42.84543]]],[[[-107.48664,42.90109],[-107.47699,42.90678],[-107.47213,42.91235],[-107.43666,42.91228],[-107.43153,42.91064],[-107.42652,42.91338],[-107.40755,42.91623],[-107.38338,42.90613],[-107.38471,42.91374],[-107.38211,42.91845],[-107.35114,42.95482],[-107.31936,42.95468],[-107.29768,42.94416],[-107.29722,42.93906],[-107.29237,42.94018],[-107.28646,42.93635],[-107.30153,42.93238],[-107.30872,42.92773],[-107.32432,42.91237],[-107.33122,42.90816],[-107.33476,42.89845],[-107.34595,42.89949],[-107.34795,42.89639],[-107.34628,42.89492],[-107.3472,42.89033],[-107.34499,42.88932],[-107.3466,42.88514],[-107.34262,42.88352],[-107.34265,42.88164],[-107.34536,42.87597],[-107.35097,42.87376],[-107.35387,42.85972],[-107.34603,42.86266],[-107.32539,42.86468],[-107.30864,42.86146],[-107.29791,42.86277],[-107.28621,42.85749],[-107.27952,42.85191],[-107.26146,42.83138],[-107.22818,42.81622],[-107.21093,42.80502],[-107.1947,42.80088],[-107.20155,42.79829],[-107.20072,42.79492],[-107.20703,42.79327],[-107.21361,42.78634],[-107.22221,42.78086],[-107.22638,42.78061],[-107.23827,42.77248],[-107.24447,42.76392],[-107.24673,42.76333],[-107.2509,42.75164],[-107.24774,42.75118],[-107.24012,42.74164],[-107.23748,42.74079],[-107.21716,42.74393],[-107.19904,42.74128],[-107.20003,42.73552],[-107.19609,42.73888],[-107.19224,42.73895],[-107.16673,42.73218],[-107.16069,42.73272],[-107.15881,42.72865],[-107.14804,42.71826],[-107.15418,42.70878],[-107.14393,42.70395],[-107.14208,42.69634],[-107.14868,42.693],[-107.15437,42.69416],[-107.18098,42.68771],[-107.1869,42.68785],[-107.18977,42.6893],[-107.19381,42.69672],[-107.19876,42.6979],[-107.2062,42.69574],[-107.2108,42.70054],[-107.2261,42.7015],[-107.22861,42.69797],[-107.23968,42.69081],[-107.24183,42.67938],[-107.24906,42.68135],[-107.26054,42.68069],[-107.26143,42.6757],[-107.25442,42.67519],[-107.25851,42.66677],[-107.25718,42.66982],[-107.26071,42.6728],[-107.25996,42.67416],[-107.2647,42.67604],[-107.27213,42.68364],[-107.2803,42.68485],[-107.28284,42.68939],[-107.29402,42.69647],[-107.30319,42.69673],[-107.30377,42.69828],[-107.31133,42.70011],[-107.31481,42.69906],[-107.32472,42.70251],[-107.32735,42.7055],[-107.33153,42.70396],[-107.33312,42.70677],[-107.33681,42.70684],[-107.34288,42.71175],[-107.34292,42.71456],[-107.34714,42.71634],[-107.34767,42.72161],[-107.35184,42.72644],[-107.35052,42.72903],[-107.3521,42.73188],[-107.35647,42.7338],[-107.35715,42.73638],[-107.36092,42.73624],[-107.36085,42.73907],[-107.36408,42.74127],[-107.36372,42.74583],[-107.36903,42.74879],[-107.36484,42.75323],[-107.36456,42.75927],[-107.37011,42.76102],[-107.3678,42.77304],[-107.37144,42.77616],[-107.37457,42.78704],[-107.38193,42.79937],[-107.37894,42.80569],[-107.38138,42.81057],[-107.39112,42.81597],[-107.4054,42.82825],[-107.40877,42.82842],[-107.42578,42.83812],[-107.42828,42.84108],[-107.42859,42.84612],[-107.43647,42.85054],[-107.44268,42.86172],[-107.44093,42.86752],[-107.44155,42.87407],[-107.44674,42.88345],[-107.45542,42.88786],[-107.46132,42.89348],[-107.47909,42.89579],[-107.48664,42.90109]]]]}},{"type":"Feature","id":"82944","properties":{"zip":"82944","pop":null,"city":"Robertson","county":"Uinta","state":"Wyoming","area":90.86,"lat":41.12199,"lon":-110.49755},"geometry":{"type":"Polygon","coordinates":[[[-110.62528,41.14117],[-110.62082,41.15227],[-110.6142,41.15677],[-110.604,41.16018],[-110.59662,41.16568],[-110.59355,41.17538],[-110.57703,41.19946],[-110.57694,41.20339],[-110.56479,41.20253],[-110.55199,41.20581],[-110.54725,41.20928],[-110.54018,41.20446],[-110.53372,41.21313],[-110.52543,41.23111],[-110.51085,41.23275],[-110.50605,41.23258],[-110.50582,41.22894],[-110.45038,41.22898],[-110.45183,41.20855],[-110.45045,41.19967],[-110.44581,41.19577],[-110.44588,41.18524],[-110.43353,41.18533],[-110.4299,41.19168],[-110.42095,41.19573],[-110.42038,41.19851],[-110.41308,41.19984],[-110.41209,41.15969],[-110.40343,41.15951],[-110.4033,41.11102],[-110.3983,41.10388],[-110.39354,41.10122],[-110.38944,41.08984],[-110.3842,41.08769],[-110.38106,41.08038],[-110.3796,41.08301],[-110.3774,41.07663],[-110.3693,41.06867],[-110.3594,41.05113],[-110.36404,41.04147],[-110.36361,41.03525],[-110.36687,41.0234],[-110.36813,41.02108],[-110.36989,41.02383],[-110.37571,41.01767],[-110.37982,41.01904],[-110.38356,41.02758],[-110.38714,41.04417],[-110.40093,41.05491],[-110.40397,41.04895],[-110.40262,41.03675],[-110.40751,41.02902],[-110.41822,41.01956],[-110.42048,41.00964],[-110.42855,40.99794],[-110.43635,40.99485],[-110.42795,41.00703],[-110.42868,41.01435],[-110.4215,41.02204],[-110.42951,41.02226],[-110.4329,41.01959],[-110.43136,41.02304],[-110.44136,41.0262],[-110.44051,41.02862],[-110.4468,41.02885],[-110.44749,41.03416],[-110.4485,41.02727],[-110.44993,41.02853],[-110.45047,41.02562],[-110.45692,41.02029],[-110.45741,41.01688],[-110.46876,41.01173],[-110.4736,41.00606],[-110.47813,41.00518],[-110.47998,41.00914],[-110.47877,41.01653],[-110.48024,41.01851],[-110.48381,41.01338],[-110.48472,41.01532],[-110.47968,41.02573],[-110.4823,41.03994],[-110.48535,41.04572],[-110.48512,41.05273],[-110.47448,41.06455],[-110.46078,41.08693],[-110.45392,41.1124],[-110.46795,41.11244],[-110.47434,41.1103],[-110.48225,41.10214],[-110.49991,41.09103],[-110.50763,41.09009],[-110.5072,41.09305],[-110.51359,41.09849],[-110.51501,41.09341],[-110.52133,41.0925],[-110.52862,41.09441],[-110.52936,41.1007],[-110.52623,41.1094],[-110.53278,41.11608],[-110.52561,41.12397],[-110.52044,41.13388],[-110.53063,41.12711],[-110.53896,41.11825],[-110.54705,41.09865],[-110.55876,41.08467],[-110.55985,41.08006],[-110.56426,41.075],[-110.57158,41.05463],[-110.58065,41.04767],[-110.58268,41.04741],[-110.58114,41.05092],[-110.58383,41.04972],[-110.58727,41.03871],[-110.58505,41.02944],[-110.58909,41.02365],[-110.58761,41.01626],[-110.5919,41.00273],[-110.60955,40.99635],[-110.6073,41.01921],[-110.61236,41.03153],[-110.60842,41.03753],[-110.60833,41.04355],[-110.61387,41.04911],[-110.61253,41.06285],[-110.6168,41.06878],[-110.62171,41.08239],[-110.61295,41.10462],[-110.61347,41.11549],[-110.61118,41.12322],[-110.6136,41.12655],[-110.61147,41.13106],[-110.62063,41.13388],[-110.62488,41.13774],[-110.62528,41.14117]]]}},{"type":"Feature","id":"82073","properties":{"zip":"82073","pop":null,"city":"","county":"Albany","state":"Wyoming","area":7.7,"lat":41.16453,"lon":-105.43237},"geometry":{"type":"Polygon","coordinates":[[[-105.45762,41.19111],[-105.45761,41.19846],[-105.45023,41.20866],[-105.44681,41.21013],[-105.44493,41.2074],[-105.44094,41.20705],[-105.42485,41.18961],[-105.42072,41.17905],[-105.40402,41.15623],[-105.40325,41.15064],[-105.39791,41.14599],[-105.39686,41.13756],[-105.42149,41.13127],[-105.43756,41.13616],[-105.45176,41.13451],[-105.45556,41.14726],[-105.44999,41.15432],[-105.44888,41.16042],[-105.45306,41.16214],[-105.45261,41.16474],[-105.45573,41.16736],[-105.45288,41.17002],[-105.45196,41.17897],[-105.453,41.18185],[-105.45804,41.18446],[-105.45762,41.19111]]]}},{"type":"Feature","id":"82938","properties":{"zip":"82938","pop":null,"city":"McKinnon","county":"Sweetwater","state":"Wyoming","area":131.89,"lat":41.09621,"lon":-109.73727},"geometry":{"type":"Polygon","coordinates":[[[-110.04864,41.04008],[-110.03019,41.03698],[-110.00219,41.03932],[-109.99524,41.0408],[-109.99554,41.04243],[-109.9925,41.04426],[-109.99035,41.04491],[-109.98839,41.04304],[-109.98321,41.04502],[-109.98177,41.04796],[-109.97223,41.04832],[-109.96743,41.05142],[-109.96472,41.0502],[-109.96215,41.05221],[-109.95384,41.05338],[-109.94909,41.05196],[-109.9408,41.06504],[-109.93499,41.07031],[-109.91299,41.08366],[-109.90286,41.0997],[-109.91702,41.10609],[-109.9145,41.11526],[-109.90874,41.12],[-109.89633,41.11955],[-109.88371,41.12361],[-109.8757,41.12228],[-109.85977,41.12838],[-109.83194,41.1257],[-109.82111,41.12803],[-109.81185,41.12369],[-109.81277,41.11346],[-109.81527,41.11136],[-109.81128,41.10413],[-109.8128,41.10374],[-109.81232,41.09367],[-109.80959,41.09008],[-109.80653,41.08945],[-109.8077,41.08751],[-109.80063,41.0819],[-109.796,41.07298],[-109.78557,41.06228],[-109.78531,41.05906],[-109.77843,41.05416],[-109.77871,41.05164],[-109.77428,41.04976],[-109.77391,41.05191],[-109.76965,41.05093],[-109.76764,41.05312],[-109.76465,41.05248],[-109.76407,41.04988],[-109.75714,41.05303],[-109.74813,41.05195],[-109.74809,41.05014],[-109.74296,41.05],[-109.74285,41.04593],[-109.74123,41.0471],[-109.73726,41.04559],[-109.73888,41.04442],[-109.73781,41.04272],[-109.73255,41.04236],[-109.73225,41.03872],[-109.7224,41.03515],[-109.72305,41.03383],[-109.71823,41.03172],[-109.72025,41.0297],[-109.71691,41.02763],[-109.71373,41.02871],[-109.71061,41.02746],[-109.71039,41.02551],[-109.70162,41.0223],[-109.6957,41.0225],[-109.69543,41.02098],[-109.69236,41.02318],[-109.69161,41.02023],[-109.6903,41.02154],[-109.68218,41.0197],[-109.67926,41.01732],[-109.68102,41.015],[-109.676,41.01496],[-109.67066,41.0102],[-109.67064,41.01308],[-109.65632,41.0132],[-109.6479,41.02591],[-109.63905,41.02932],[-109.63639,41.03229],[-109.6204,41.05527],[-109.61778,41.06447],[-109.60216,41.09801],[-109.59604,41.12267],[-109.59627,41.13463],[-109.60048,41.1514],[-109.61159,41.1723],[-109.59916,41.17235],[-109.59923,41.18695],[-109.61894,41.18691],[-109.61859,41.2232],[-109.63768,41.22312],[-109.63768,41.23418],[-109.62529,41.24652],[-109.62166,41.25945],[-109.5993,41.25956],[-109.59929,41.27404],[-109.58959,41.27398],[-109.58951,41.2813],[-109.5803,41.28131],[-109.58034,41.30295],[-109.59926,41.30297],[-109.59932,41.3172],[-109.58918,41.31698],[-109.58934,41.33075],[-109.59919,41.33176],[-109.59927,41.34638],[-109.61825,41.34633],[-109.61831,41.37201],[-109.61982,41.37199],[-109.60919,41.38011],[-109.60465,41.37181],[-109.60526,41.36779],[-109.59419,41.36663],[-109.5932,41.36465],[-109.59246,41.36596],[-109.58982,41.36038],[-109.59186,41.35815],[-109.60147,41.35825],[-109.60265,41.35588],[-109.60139,41.35446],[-109.59571,41.3545],[-109.58373,41.36189],[-109.56927,41.35813],[-109.56919,41.35577],[-109.57648,41.34618],[-109.57861,41.33651],[-109.56316,41.34381],[-109.56507,41.34112],[-109.55942,41.33813],[-109.5605,41.33363],[-109.55807,41.33288],[-109.56133,41.33272],[-109.56267,41.33111],[-109.56092,41.33098],[-109.56593,41.32731],[-109.56394,41.32556],[-109.56586,41.3245],[-109.56481,41.31503],[-109.56036,41.31721],[-109.55132,41.31422],[-109.55041,41.30519],[-109.5488,41.30521],[-109.55205,41.29972],[-109.54756,41.29672],[-109.53774,41.30089],[-109.53687,41.31602],[-109.53254,41.32381],[-109.52895,41.3264],[-109.50813,41.32854],[-109.50609,41.33043],[-109.50722,41.33097],[-109.5054,41.33099],[-109.50439,41.32732],[-109.49457,41.32356],[-109.48447,41.32626],[-109.46918,41.32612],[-109.46072,41.33778],[-109.46065,41.34913],[-109.45806,41.35475],[-109.45587,41.35673],[-109.43938,41.35688],[-109.43227,41.36685],[-109.43206,41.37044],[-109.43653,41.37495],[-109.42944,41.37443],[-109.42913,41.36686],[-109.43778,41.35576],[-109.45363,41.35394],[-109.45637,41.34887],[-109.45817,41.33536],[-109.46211,41.3294],[-109.46863,41.32457],[-109.49412,41.3209],[-109.50973,41.3261],[-109.52999,41.32383],[-109.53465,41.31552],[-109.53522,41.3089],[-109.53123,41.28238],[-109.55796,41.26455],[-109.56894,41.25483],[-109.58991,41.22461],[-109.57413,41.21721],[-109.55449,41.21312],[-109.5461,41.20918],[-109.54197,41.20451],[-109.53444,41.17286],[-109.54989,41.16329],[-109.55285,41.15649],[-109.55394,41.13553],[-109.54149,41.12659],[-109.53214,41.11697],[-109.52993,41.10514],[-109.54039,41.09337],[-109.54765,41.06866],[-109.56379,41.05638],[-109.55523,41.04791],[-109.55074,41.03744],[-109.5549,41.03201],[-109.56668,41.02466],[-109.55975,41.01144],[-109.56323,41.00641],[-109.56068,41.00149],[-109.56509,40.9982],[-110.04848,40.99755],[-110.04864,41.04008]]]}},{"type":"Feature","id":"82212","properties":{"zip":"82212","pop":null,"city":"","county":"Goshen","state":"Wyoming","area":267.68,"lat":42.26139,"lon":-104.51993},"geometry":{"type":"Polygon","coordinates":[[[-104.6551,42.37586],[-104.65518,42.5223],[-104.56075,42.52205],[-104.56061,42.51759],[-104.57346,42.51623],[-104.5756,42.51022],[-104.5824,42.50887],[-104.58685,42.50433],[-104.59566,42.50152],[-104.59788,42.50271],[-104.59779,42.4956],[-104.60007,42.49542],[-104.59661,42.49062],[-104.59614,42.47468],[-104.58996,42.47666],[-104.58836,42.46831],[-104.58103,42.46651],[-104.56483,42.46953],[-104.56093,42.46397],[-104.56194,42.43698],[-104.5586,42.43702],[-104.55804,42.41075],[-104.57724,42.40715],[-104.57777,42.39619],[-104.5873,42.3961],[-104.58668,42.37845],[-104.55738,42.37955],[-104.55736,42.36342],[-104.51804,42.36311],[-104.51893,42.39917],[-104.47899,42.37711],[-104.47843,42.3924],[-104.40017,42.39122],[-104.40019,42.39973],[-104.39255,42.39964],[-104.38043,42.40373],[-104.38089,42.40575],[-104.37086,42.40709],[-104.36612,42.41155],[-104.36123,42.41309],[-104.36269,42.41571],[-104.35824,42.41395],[-104.35651,42.41663],[-104.35573,42.38999],[-104.35059,42.37831],[-104.32936,42.36164],[-104.32637,42.35447],[-104.32935,42.35424],[-104.33007,42.34693],[-104.32428,42.3461],[-104.32345,42.34407],[-104.32512,42.34261],[-104.32442,42.33816],[-104.32708,42.33849],[-104.32786,42.33687],[-104.32049,42.32776],[-104.32113,42.32222],[-104.31414,42.32322],[-104.30431,42.30884],[-104.30352,42.27635],[-104.29339,42.25959],[-104.29332,42.23383],[-104.29491,42.22575],[-104.33141,42.22719],[-104.34948,42.22483],[-104.36324,42.22998],[-104.36259,42.22533],[-104.354,42.22167],[-104.34827,42.21683],[-104.35327,42.21017],[-104.35042,42.20566],[-104.34992,42.19624],[-104.35311,42.19477],[-104.36761,42.19415],[-104.37246,42.19929],[-104.37728,42.20021],[-104.38488,42.19664],[-104.3893,42.20021],[-104.39915,42.19873],[-104.39999,42.19651],[-104.40211,42.19656],[-104.41881,42.20338],[-104.42343,42.20125],[-104.42437,42.20412],[-104.43252,42.20439],[-104.43978,42.20262],[-104.43976,42.17863],[-104.5078,42.20842],[-104.52817,42.21005],[-104.53024,42.2124],[-104.53245,42.21135],[-104.52914,42.20477],[-104.53029,42.20044],[-104.52729,42.19916],[-104.52731,42.19629],[-104.52085,42.19983],[-104.50547,42.19957],[-104.49993,42.19726],[-104.49827,42.19211],[-104.49465,42.18986],[-104.4791,42.18716],[-104.479,42.08883],[-104.49241,42.08886],[-104.47474,42.07468],[-104.47911,42.07465],[-104.47911,42.06022],[-104.5177,42.05963],[-104.51646,42.04648],[-104.51791,42.03142],[-104.5379,42.03149],[-104.53728,42.00256],[-104.57637,42.00228],[-104.57622,42.03528],[-104.6028,42.04669],[-104.6064,42.05013],[-104.61306,42.05094],[-104.63541,42.04758],[-104.64464,42.04576],[-104.65329,42.04123],[-104.6551,42.37586]]]}},{"type":"Feature","id":"82229","properties":{"zip":"82229","pop":null,"city":"","county":"Converse","state":"Wyoming","area":152.12,"lat":42.85617,"lon":-104.98633},"geometry":{"type":"Polygon","coordinates":[[[-105.11314,42.68184],[-105.09943,42.6971],[-105.06873,42.71132],[-105.05706,42.72314],[-105.03154,42.73769],[-105.00942,42.74746],[-105.00927,42.75453],[-105.0153,42.76397],[-105.01414,42.76937],[-105.00932,42.77322],[-105.00938,42.77705],[-105.01581,42.78226],[-105.03254,42.7823],[-105.0379,42.78826],[-105.03761,42.79618],[-105.04558,42.80496],[-105.05031,42.81669],[-105.0587,42.82487],[-105.06189,42.83175],[-105.0781,42.83216],[-105.07971,42.83018],[-105.08571,42.8313],[-105.08794,42.84004],[-105.07109,42.84018],[-105.07218,42.86915],[-105.06736,42.86955],[-105.06625,42.8799],[-105.05774,42.88056],[-105.05676,42.8992],[-105.07183,42.8989],[-105.07497,42.89702],[-105.08107,42.89867],[-105.09753,42.89823],[-105.09758,42.9357],[-105.10255,42.93556],[-105.10263,42.95833],[-105.03756,42.95885],[-105.03761,42.96918],[-105.04073,42.97175],[-105.04025,42.98634],[-105.04373,43.008],[-105.03759,43.01289],[-105.03519,43.01904],[-105.0317,43.01927],[-105.02359,43.02771],[-105.01882,43.03011],[-105.01753,43.03718],[-105.03013,43.04423],[-105.02732,43.04763],[-105.03446,43.0528],[-105.03807,43.06008],[-105.04396,43.06172],[-105.0297,43.06759],[-105.01514,43.06927],[-105.00501,43.07458],[-104.99698,43.08179],[-104.9967,43.08645],[-104.98315,43.08824],[-104.97831,43.09178],[-104.97921,43.09887],[-104.97641,43.10272],[-104.96395,43.10708],[-104.95218,43.11555],[-104.94391,43.11813],[-104.93558,43.11816],[-104.92544,43.12228],[-104.89859,43.11747],[-104.89804,42.99869],[-104.90589,42.99503],[-104.9085,42.99105],[-104.93408,42.98314],[-104.93974,42.97712],[-104.9409,42.96882],[-104.95191,42.96791],[-104.96074,42.96389],[-104.97033,42.96468],[-104.96939,42.96206],[-104.97164,42.95896],[-104.96964,42.95791],[-104.96891,42.95168],[-104.97433,42.94386],[-104.97212,42.94108],[-104.97276,42.93703],[-104.96793,42.93588],[-104.96356,42.92758],[-104.97805,42.92013],[-104.97929,42.90936],[-104.97358,42.89666],[-104.9733,42.8902],[-104.96842,42.88076],[-104.96537,42.86677],[-104.95639,42.8556],[-104.95478,42.84223],[-104.95738,42.83792],[-104.95451,42.83704],[-104.95197,42.82998],[-104.94339,42.81802],[-104.94377,42.80948],[-104.93891,42.80528],[-104.93868,42.78776],[-104.93223,42.77615],[-104.92766,42.77615],[-104.92665,42.75465],[-104.92945,42.74889],[-104.92823,42.73988],[-104.93275,42.73969],[-104.93279,42.7109],[-104.89287,42.71093],[-104.89244,42.60894],[-104.97433,42.60886],[-104.9795,42.6121],[-104.98238,42.62832],[-104.98456,42.62998],[-104.98955,42.62882],[-104.98962,42.65226],[-105.04462,42.65169],[-105.04856,42.6563],[-105.04823,42.6812],[-105.11314,42.68184]]]}},{"type":"Feature","id":"82301","properties":{"zip":"82301","pop":null,"city":"","county":"Carbon","state":"Wyoming","area":697.22,"lat":41.9815,"lon":-107.47741},"geometry":{"type":"Polygon","coordinates":[[[-107.96946,42.09746],[-107.966,42.10509],[-107.83497,42.11139],[-107.83452,42.063],[-107.81297,42.05662],[-107.81719,42.0524],[-107.77743,42.05838],[-107.77797,41.99656],[-107.73151,41.99032],[-107.71764,42.00115],[-107.61849,41.97201],[-107.61211,41.97308],[-107.59539,41.98124],[-107.58347,41.98075],[-107.56055,41.98451],[-107.5621,41.99349],[-107.56487,41.99723],[-107.56583,42.00388],[-107.56885,42.00534],[-107.57028,42.01393],[-107.57949,42.02413],[-107.55197,42.03493],[-107.52174,42.02195],[-107.50403,42.01971],[-107.4969,42.02338],[-107.48575,42.0249],[-107.44584,42.02015],[-107.43747,42.0218],[-107.43459,42.02088],[-107.42937,42.0142],[-107.38465,42.04575],[-107.40158,42.08421],[-107.39871,42.08271],[-107.42005,42.11388],[-107.43802,42.16914],[-107.45865,42.19487],[-107.47449,42.21984],[-107.52288,42.23065],[-107.52292,42.43331],[-107.49363,42.40632],[-107.46606,42.39003],[-107.45924,42.37879],[-107.444,42.36281],[-107.39441,42.3908],[-107.30043,42.41415],[-107.28811,42.40433],[-107.28859,42.40242],[-107.31135,42.39544],[-107.32827,42.39523],[-107.33044,42.39399],[-107.33181,42.38353],[-107.34604,42.37231],[-107.34534,42.36966],[-107.33886,42.36712],[-107.34144,42.3514],[-107.33384,42.33987],[-107.33187,42.33255],[-107.33331,42.32797],[-107.33146,42.32773],[-107.33238,42.31937],[-107.3276,42.3207],[-107.32321,42.31815],[-107.31807,42.31845],[-107.31202,42.32023],[-107.30702,42.32502],[-107.30488,42.32459],[-107.30215,42.33324],[-107.30719,42.34152],[-107.30353,42.34354],[-107.29952,42.35084],[-107.28355,42.36842],[-107.27379,42.39114],[-107.25863,42.39109],[-107.25959,42.38914],[-107.26632,42.3877],[-107.27124,42.38424],[-107.26661,42.37314],[-107.25423,42.36541],[-107.25617,42.37333],[-107.2503,42.3719],[-107.24462,42.35691],[-107.25271,42.33931],[-107.24593,42.30473],[-107.246,42.28594],[-107.24182,42.28504],[-107.23682,42.28054],[-107.22926,42.28448],[-107.22975,42.28168],[-107.22474,42.28359],[-107.22066,42.28182],[-107.21497,42.28455],[-107.20973,42.28201],[-107.20228,42.28197],[-107.20982,42.27579],[-107.21343,42.27011],[-107.20851,42.26799],[-107.15984,42.27394],[-107.15722,42.27174],[-107.14949,42.27051],[-107.14852,42.26477],[-107.15671,42.26047],[-107.15656,42.25855],[-107.14908,42.25519],[-107.13829,42.26046],[-107.13296,42.26211],[-107.1316,42.26163],[-107.12926,42.2627],[-107.1184,42.26514],[-107.13091,42.26144],[-107.13335,42.26188],[-107.14888,42.25499],[-107.13974,42.24985],[-107.14057,42.2465],[-107.12238,42.25418],[-107.11568,42.26164],[-107.11266,42.25949],[-107.11227,42.25457],[-107.1165,42.24606],[-107.11618,42.23782],[-107.12874,42.22871],[-107.13241,42.22719],[-107.14327,42.22769],[-107.15284,42.22394],[-107.16608,42.22198],[-107.17821,42.22436],[-107.19026,42.22155],[-107.18519,42.21652],[-107.18611,42.21475],[-107.18344,42.21009],[-107.18359,42.2046],[-107.18819,42.2003],[-107.16959,42.19753],[-107.18098,42.19548],[-107.17764,42.1917],[-107.17838,42.18941],[-107.18425,42.18167],[-107.18812,42.18047],[-107.1902,42.17573],[-107.19998,42.1651],[-107.20243,42.15821],[-107.20037,42.15828],[-107.19971,42.15002],[-107.1974,42.14824],[-107.18181,42.1539],[-107.18206,42.14856],[-107.18815,42.14647],[-107.1915,42.14177],[-107.18957,42.13527],[-107.19084,42.1329],[-107.20009,42.13207],[-107.22763,42.12255],[-107.22486,42.12918],[-107.22583,42.13327],[-107.23045,42.13814],[-107.2306,42.13514],[-107.24498,42.1244],[-107.24701,42.11845],[-107.24367,42.1173],[-107.24426,42.11346],[-107.24964,42.10783],[-107.24846,42.09882],[-107.25448,42.08757],[-107.2745,42.08761],[-107.27404,42.07701],[-107.28269,42.07701],[-107.28633,42.07091],[-107.30701,42.05758],[-107.30157,42.05301],[-107.29839,42.04516],[-107.30081,42.04258],[-107.30203,42.04397],[-107.30817,42.04313],[-107.31359,42.03434],[-107.32294,42.03543],[-107.32625,42.03164],[-107.313,42.02137],[-107.31245,42.01513],[-107.31596,42.01189],[-107.32786,42.00756],[-107.33304,42.00224],[-107.33137,41.99558],[-107.32404,41.99166],[-107.32501,41.98069],[-107.31959,41.97231],[-107.31357,41.96613],[-107.3091,41.9664],[-107.30695,41.95888],[-107.30101,41.9544],[-107.2962,41.94763],[-107.30018,41.94624],[-107.30338,41.94783],[-107.32158,41.9422],[-107.32954,41.94241],[-107.33642,41.94662],[-107.3268,41.93637],[-107.31177,41.92632],[-107.29964,41.91254],[-107.30463,41.90625],[-107.30306,41.90441],[-107.30814,41.90463],[-107.29846,41.8976],[-107.29704,41.89429],[-107.28866,41.89621],[-107.29361,41.89005],[-107.2889,41.88451],[-107.28744,41.8766],[-107.2805,41.8725],[-107.27799,41.86863],[-107.27461,41.85851],[-107.27519,41.84955],[-107.27799,41.84476],[-107.27658,41.8336],[-107.27798,41.82858],[-107.277,41.83101],[-107.27383,41.83088],[-107.27009,41.83687],[-107.25477,41.84193],[-107.24447,41.84219],[-107.23322,41.82709],[-107.19291,41.8273],[-107.18019,41.8201],[-107.17363,41.81186],[-107.16798,41.80999],[-107.17246,41.80427],[-107.17448,41.79354],[-107.17656,41.79356],[-107.17903,41.78586],[-107.13983,41.7822],[-107.13996,41.77668],[-107.15398,41.77259],[-107.16837,41.77529],[-107.17894,41.77484],[-107.19957,41.77945],[-107.20149,41.77792],[-107.20687,41.7791],[-107.21031,41.77664],[-107.20573,41.77521],[-107.20293,41.77182],[-107.21523,41.7733],[-107.21513,41.76984],[-107.2065,41.76984],[-107.20644,41.75472],[-107.21082,41.75473],[-107.20817,41.74938],[-107.20838,41.74378],[-107.20365,41.7419],[-107.20874,41.73463],[-107.22187,41.72449],[-107.23615,41.71744],[-107.23804,41.71209],[-107.24295,41.71345],[-107.25239,41.70848],[-107.24156,41.70597],[-107.23405,41.69071],[-107.23716,41.68163],[-107.22875,41.68012],[-107.22546,41.67737],[-107.23313,41.67184],[-107.23243,41.66781],[-107.24486,41.6507],[-107.25097,41.63792],[-107.24978,41.63673],[-107.22437,41.64541],[-107.2082,41.64878],[-107.19806,41.64612],[-107.19229,41.64233],[-107.19543,41.64101],[-107.19588,41.63767],[-107.19222,41.63699],[-107.17485,41.6358],[-107.15609,41.63721],[-107.15291,41.63904],[-107.14229,41.63194],[-107.14381,41.62439],[-107.14798,41.61757],[-107.14767,41.61335],[-107.15352,41.6074],[-107.16116,41.6046],[-107.16118,41.59877],[-107.16808,41.59718],[-107.18262,41.59806],[-107.18178,41.60291],[-107.18624,41.60605],[-107.19834,41.60204],[-107.20997,41.60319],[-107.2221,41.60002],[-107.2521,41.59644],[-107.2694,41.59728],[-107.27103,41.60356],[-107.28155,41.60149],[-107.28944,41.60327],[-107.30263,41.60213],[-107.30452,41.60445],[-107.31441,41.60496],[-107.33482,41.60186],[-107.34099,41.60267],[-107.35363,41.59384],[-107.3632,41.59089],[-107.36719,41.5862],[-107.3846,41.57822],[-107.39688,41.57034],[-107.4032,41.56373],[-107.4216,41.55239],[-107.43934,41.54809],[-107.45102,41.54001],[-107.46164,41.52819],[-107.46683,41.52569],[-107.47,41.51582],[-107.47565,41.50889],[-107.47512,41.50423],[-107.47906,41.48931],[-107.48432,41.48653],[-107.4848,41.48431],[-107.54008,41.48441],[-107.54085,41.48686],[-107.54608,41.48702],[-107.5466,41.49287],[-107.54998,41.49376],[-107.54853,41.49939],[-107.54056,41.51656],[-107.52491,41.53878],[-107.52519,41.54482],[-107.51996,41.5677],[-107.51535,41.56583],[-107.51489,41.56368],[-107.50954,41.56264],[-107.50401,41.54725],[-107.50197,41.5457],[-107.49202,41.54238],[-107.486,41.54363],[-107.46887,41.55395],[-107.45814,41.56433],[-107.44534,41.57305],[-107.43974,41.57982],[-107.4286,41.58669],[-107.4176,41.59035],[-107.42022,41.59725],[-107.4165,41.6064],[-107.4102,41.61114],[-107.4032,41.62258],[-107.39831,41.62677],[-107.38996,41.62997],[-107.38947,41.63245],[-107.38396,41.63589],[-107.37245,41.62429],[-107.37248,41.61813],[-107.37023,41.61352],[-107.36419,41.61091],[-107.35855,41.61332],[-107.35261,41.61089],[-107.34406,41.61196],[-107.32575,41.6241],[-107.31921,41.62382],[-107.31562,41.62634],[-107.31185,41.62529],[-107.31063,41.62896],[-107.29618,41.64355],[-107.29341,41.65641],[-107.29567,41.66277],[-107.29468,41.67206],[-107.29619,41.67736],[-107.28909,41.69095],[-107.28274,41.7013],[-107.26828,41.70475],[-107.26747,41.71997],[-107.26347,41.72948],[-107.2655,41.73641],[-107.26381,41.74853],[-107.26838,41.76014],[-107.26441,41.76693],[-107.27717,41.77275],[-107.29599,41.76383],[-107.3054,41.7633],[-107.35654,41.77132],[-107.38181,41.77813],[-107.39703,41.7779],[-107.40391,41.77595],[-107.42442,41.76426],[-107.44244,41.75767],[-107.45991,41.75538],[-107.50916,41.74313],[-107.55479,41.73418],[-107.59264,41.72255],[-107.61387,41.72302],[-107.65751,41.716],[-107.70218,41.71968],[-107.73455,41.71014],[-107.72748,41.72565],[-107.73074,41.7355],[-107.72345,41.73649],[-107.71792,41.74038],[-107.71462,41.73748],[-107.70412,41.73858],[-107.70672,41.74068],[-107.70223,41.75193],[-107.69887,41.75483],[-107.70232,41.75858],[-107.68418,41.76771],[-107.67817,41.76851],[-107.67688,41.77278],[-107.70385,41.7731],[-107.71245,41.7769],[-107.71928,41.78364],[-107.72457,41.78565],[-107.72137,41.79429],[-107.72711,41.7987],[-107.73573,41.79703],[-107.73756,41.79918],[-107.73546,41.80703],[-107.73732,41.80983],[-107.73483,41.81475],[-107.74017,41.8155],[-107.75005,41.80796],[-107.7555,41.80147],[-107.75575,41.79516],[-107.75829,41.79017],[-107.76697,41.79287],[-107.7838,41.78597],[-107.80372,41.78408],[-107.80751,41.78577],[-107.82043,41.78312],[-107.82162,41.78449],[-107.81958,41.78781],[-107.82477,41.79254],[-107.83048,41.80448],[-107.83007,41.8145],[-107.82573,41.82641],[-107.82783,41.83134],[-107.82648,41.83577],[-107.829,41.8395],[-107.82873,41.84569],[-107.82604,41.84674],[-107.81809,41.85719],[-107.81396,41.86682],[-107.80025,41.87111],[-107.77722,41.87331],[-107.76797,41.88616],[-107.75713,41.89288],[-107.75325,41.90096],[-107.77008,41.90771],[-107.77524,41.91287],[-107.80458,41.91437],[-107.80992,41.91778],[-107.81801,41.93374],[-107.82291,41.93935],[-107.85501,41.96221],[-107.8524,41.97121],[-107.87039,41.99431],[-107.88671,42.00399],[-107.89914,42.01563],[-107.91699,42.02077],[-107.95783,42.01325],[-107.95602,42.03085],[-107.96893,42.07344],[-107.96621,42.09018],[-107.96946,42.09746]]]}},{"type":"Feature","id":"82513","properties":{"zip":"82513","pop":null,"city":"","county":"Fremont","state":"Wyoming","area":1054.63,"lat":43.5973,"lon":-109.61908},"geometry":{"type":"Polygon","coordinates":[[[-110.05318,44.00802],[-110.04897,44.00878],[-110.04399,44.0045],[-110.03158,44.00097],[-110.03254,43.99615],[-110.02374,43.98595],[-110.02384,43.98325],[-110.01884,43.97935],[-110.01864,43.96825],[-110.01724,43.96685],[-110.00194,43.96695],[-110.00028,43.9627],[-110.00204,43.95545],[-109.99387,43.94956],[-109.99007,43.94907],[-109.98214,43.95423],[-109.97197,43.95563],[-109.9668,43.96139],[-109.95886,43.96457],[-109.9452,43.95822],[-109.93935,43.95817],[-109.93229,43.95072],[-109.92761,43.94999],[-109.92206,43.94608],[-109.8819,43.94908],[-109.85875,43.95799],[-109.85493,43.95026],[-109.85793,43.94901],[-109.85812,43.94268],[-109.87395,43.9336],[-109.87249,43.92795],[-109.85655,43.92484],[-109.85186,43.92659],[-109.85419,43.92406],[-109.84955,43.92106],[-109.84858,43.91696],[-109.85013,43.9126],[-109.84788,43.90812],[-109.85927,43.90076],[-109.84779,43.90023],[-109.83711,43.89468],[-109.83258,43.89507],[-109.83079,43.88979],[-109.81758,43.88328],[-109.81658,43.88053],[-109.82461,43.87717],[-109.82537,43.87509],[-109.83031,43.87459],[-109.83183,43.87137],[-109.82867,43.86667],[-109.82139,43.86732],[-109.81378,43.86176],[-109.82574,43.85533],[-109.8477,43.85319],[-109.85125,43.84928],[-109.85517,43.84826],[-109.85649,43.8417],[-109.84978,43.83709],[-109.85532,43.83477],[-109.85648,43.82837],[-109.84175,43.81932],[-109.82755,43.82438],[-109.82591,43.81617],[-109.8176,43.8158],[-109.80925,43.80951],[-109.80057,43.80828],[-109.78755,43.80134],[-109.78639,43.8048],[-109.7806,43.80712],[-109.77936,43.81209],[-109.77128,43.81319],[-109.76585,43.81643],[-109.76393,43.8206],[-109.75716,43.81732],[-109.75271,43.81743],[-109.74263,43.8275],[-109.73573,43.82723],[-109.73176,43.83318],[-109.72249,43.83297],[-109.72012,43.83745],[-109.70875,43.83578],[-109.70264,43.84103],[-109.68905,43.8397],[-109.6857,43.84424],[-109.67653,43.84269],[-109.66589,43.84573],[-109.66575,43.85713],[-109.66962,43.85996],[-109.67248,43.8681],[-109.66797,43.87445],[-109.66683,43.88058],[-109.6594,43.87929],[-109.65302,43.88677],[-109.65606,43.89597],[-109.65436,43.90712],[-109.64811,43.913],[-109.64446,43.92075],[-109.62881,43.92701],[-109.62019,43.92573],[-109.61371,43.92748],[-109.60639,43.93659],[-109.60529,43.93964],[-109.60733,43.94561],[-109.60547,43.94796],[-109.60083,43.94893],[-109.58778,43.93835],[-109.58431,43.93788],[-109.57817,43.94067],[-109.56694,43.95482],[-109.55991,43.95464],[-109.55265,43.96057],[-109.54233,43.96135],[-109.53196,43.94946],[-109.51227,43.93913],[-109.50318,43.93882],[-109.48974,43.94829],[-109.47605,43.94884],[-109.47054,43.93881],[-109.47239,43.93218],[-109.45473,43.92766],[-109.44236,43.93043],[-109.4339,43.91404],[-109.42686,43.91004],[-109.41342,43.90925],[-109.41094,43.90399],[-109.40495,43.90198],[-109.40627,43.89904],[-109.40176,43.89201],[-109.4025,43.8884],[-109.39846,43.88434],[-109.38017,43.8828],[-109.37402,43.87745],[-109.3736,43.87376],[-109.37633,43.87116],[-109.37265,43.85942],[-109.3699,43.85723],[-109.3722,43.85299],[-109.36749,43.84974],[-109.36676,43.84301],[-109.34932,43.83991],[-109.336,43.8421],[-109.3258,43.83775],[-109.32161,43.83403],[-109.3221,43.82909],[-109.31621,43.82419],[-109.31664,43.81847],[-109.31288,43.81415],[-109.31006,43.80603],[-109.30039,43.80428],[-109.2961,43.80141],[-109.2841,43.80279],[-109.2746,43.79687],[-109.26854,43.78114],[-109.26214,43.77415],[-109.24799,43.77073],[-109.24517,43.76694],[-109.23366,43.76213],[-109.24468,43.75877],[-109.24967,43.75923],[-109.27483,43.74145],[-109.2746,43.71369],[-109.25982,43.71357],[-109.26395,43.4873],[-109.26782,43.4863],[-109.26398,43.48383],[-109.26596,43.38874],[-109.25102,43.38871],[-109.25102,43.38517],[-109.2675,43.38854],[-109.27115,43.39199],[-109.27927,43.39375],[-109.28566,43.40482],[-109.28626,43.41145],[-109.29494,43.41769],[-109.31096,43.41784],[-109.31438,43.42333],[-109.33504,43.42636],[-109.33985,43.43261],[-109.35291,43.43709],[-109.36312,43.43335],[-109.38097,43.43113],[-109.38319,43.42778],[-109.38799,43.42578],[-109.40379,43.42452],[-109.42245,43.41436],[-109.41603,43.41299],[-109.37814,43.42034],[-109.35998,43.41951],[-109.36482,43.40748],[-109.36185,43.40092],[-109.35783,43.37688],[-109.35821,43.36715],[-109.3632,43.35992],[-109.46061,43.36084],[-109.45817,42.9768],[-109.4632,42.9813],[-109.45976,42.98297],[-109.46018,42.98806],[-109.46666,42.99195],[-109.47256,42.99048],[-109.47491,42.99387],[-109.49206,42.99535],[-109.49382,43.0007],[-109.50241,43.01051],[-109.51389,43.00717],[-109.51776,43.01104],[-109.52298,43.0094],[-109.52903,43.01386],[-109.53969,43.01309],[-109.54315,43.01037],[-109.55258,43.01254],[-109.55541,43.02167],[-109.55371,43.02484],[-109.55575,43.02701],[-109.55431,43.03195],[-109.54871,43.03671],[-109.55205,43.03996],[-109.56031,43.03951],[-109.55983,43.04776],[-109.56441,43.04659],[-109.57075,43.04934],[-109.56531,43.05035],[-109.55654,43.05554],[-109.55221,43.05983],[-109.55461,43.06213],[-109.55183,43.0679],[-109.553,43.0723],[-109.55858,43.07441],[-109.5616,43.07778],[-109.56045,43.08354],[-109.56529,43.08513],[-109.56941,43.09036],[-109.56834,43.09436],[-109.57037,43.09965],[-109.57729,43.0996],[-109.58119,43.10149],[-109.58493,43.10894],[-109.59568,43.11827],[-109.60395,43.11898],[-109.61201,43.12495],[-109.62063,43.1256],[-109.63095,43.14923],[-109.62948,43.15177],[-109.63028,43.16317],[-109.63492,43.16592],[-109.64368,43.16213],[-109.651,43.16686],[-109.65386,43.17118],[-109.65566,43.17606],[-109.65464,43.18065],[-109.65612,43.18126],[-109.65483,43.18672],[-109.66077,43.19963],[-109.6586,43.2015],[-109.66554,43.20441],[-109.66478,43.20609],[-109.67046,43.20956],[-109.67074,43.21273],[-109.676,43.21511],[-109.67578,43.22406],[-109.67009,43.2287],[-109.67279,43.23317],[-109.67765,43.23587],[-109.67697,43.24437],[-109.67381,43.24797],[-109.67884,43.25062],[-109.68199,43.25466],[-109.68256,43.2589],[-109.69272,43.26503],[-109.68377,43.2687],[-109.6787,43.27315],[-109.68551,43.28192],[-109.68567,43.28574],[-109.68066,43.28723],[-109.68158,43.29324],[-109.67359,43.29668],[-109.67192,43.30088],[-109.67401,43.30434],[-109.67237,43.31001],[-109.67764,43.31349],[-109.67972,43.31815],[-109.68529,43.31831],[-109.69418,43.32481],[-109.70043,43.33499],[-109.70064,43.34283],[-109.69444,43.35066],[-109.69621,43.35933],[-109.69412,43.36536],[-109.70471,43.36869],[-109.70865,43.37435],[-109.726,43.36993],[-109.73584,43.36529],[-109.75446,43.3659],[-109.75472,43.4632],[-109.83448,43.46391],[-109.84807,43.47063],[-109.85438,43.47205],[-109.85775,43.47088],[-109.85917,43.47646],[-109.86437,43.48413],[-109.86876,43.47883],[-109.87181,43.48037],[-109.86518,43.48458],[-109.86549,43.48715],[-109.85604,43.49522],[-109.85453,43.50783],[-109.85152,43.51181],[-109.84456,43.51313],[-109.84479,43.51946],[-109.84209,43.52034],[-109.84283,43.52887],[-109.83886,43.53367],[-109.8426,43.5357],[-109.84231,43.54075],[-109.82659,43.55517],[-109.81199,43.55199],[-109.80989,43.55416],[-109.8115,43.559],[-109.81618,43.5626],[-109.8256,43.56343],[-109.82871,43.56602],[-109.83444,43.56446],[-109.83852,43.56659],[-109.84242,43.56543],[-109.85093,43.5673],[-109.85442,43.56339],[-109.86539,43.56652],[-109.87024,43.56426],[-109.87095,43.56842],[-109.87925,43.573],[-109.88678,43.57425],[-109.89645,43.58007],[-109.91173,43.58168],[-109.91633,43.58438],[-109.9181,43.58679],[-109.91426,43.59503],[-109.91585,43.59827],[-109.92245,43.59665],[-109.93113,43.59765],[-109.93729,43.59375],[-109.9432,43.59359],[-109.95604,43.60209],[-109.9564,43.60695],[-109.95178,43.61147],[-109.95792,43.61216],[-109.95601,43.61598],[-109.93604,43.63167],[-109.94921,43.63755],[-109.95422,43.63769],[-109.95892,43.63434],[-109.97112,43.63054],[-109.98118,43.62049],[-109.98375,43.62055],[-109.98659,43.62273],[-109.9951,43.6236],[-110.00762,43.62256],[-110.01817,43.6278],[-110.03798,43.63039],[-110.04169,43.6318],[-110.04762,43.63851],[-110.04876,43.64305],[-110.05156,43.64448],[-110.05144,43.81445],[-110.05364,43.81455],[-110.05318,44.00802]]]}},{"type":"Feature","id":"82725","properties":{"zip":"82725","pop":null,"city":"","county":"Campbell","state":"Wyoming","area":162.07,"lat":44.87753,"lon":-105.70985},"geometry":{"type":"Polygon","coordinates":[[[-105.91209,44.98329],[-105.90119,44.99476],[-105.89992,45.00025],[-105.5824,45.00038],[-105.57759,44.99304],[-105.57128,44.98878],[-105.57126,44.98063],[-105.56848,44.97698],[-105.56539,44.97694],[-105.56392,44.97414],[-105.56026,44.97272],[-105.56508,44.96815],[-105.58188,44.96825],[-105.59822,44.97231],[-105.60817,44.95994],[-105.61616,44.93568],[-105.59277,44.92611],[-105.57102,44.91121],[-105.54038,44.90576],[-105.5401,44.9027],[-105.53514,44.89715],[-105.53983,44.88639],[-105.53533,44.86751],[-105.5432,44.85697],[-105.53754,44.83213],[-105.52748,44.8203],[-105.52062,44.81673],[-105.5236,44.81333],[-105.5226,44.81073],[-105.5245,44.80673],[-105.52807,44.80708],[-105.52888,44.80459],[-105.52529,44.79364],[-105.53574,44.79064],[-105.5425,44.79438],[-105.56143,44.79731],[-105.57457,44.80313],[-105.5804,44.80144],[-105.58914,44.80752],[-105.63181,44.80122],[-105.63232,44.78284],[-105.68066,44.78223],[-105.68794,44.77423],[-105.69637,44.75504],[-105.69706,44.74951],[-105.70467,44.74538],[-105.70813,44.7408],[-105.71878,44.74343],[-105.72309,44.73341],[-105.72297,44.72248],[-105.71767,44.71305],[-105.71762,44.6925],[-105.71891,44.69113],[-105.73164,44.68575],[-105.75507,44.69983],[-105.79242,44.70793],[-105.79244,44.71148],[-105.78828,44.71328],[-105.79062,44.7197],[-105.77785,44.72619],[-105.78196,44.73025],[-105.79268,44.73016],[-105.79785,44.73473],[-105.80274,44.73575],[-105.80305,44.73261],[-105.81197,44.73281],[-105.81487,44.72968],[-105.82273,44.72853],[-105.82273,44.73615],[-105.83731,44.7494],[-105.83754,44.76116],[-105.81282,44.7718],[-105.81509,44.77309],[-105.81656,44.77826],[-105.81082,44.77965],[-105.80959,44.78547],[-105.80063,44.78608],[-105.80664,44.79383],[-105.80741,44.79911],[-105.814,44.80432],[-105.81676,44.81263],[-105.81079,44.81862],[-105.81032,44.83485],[-105.8132,44.83642],[-105.81099,44.83671],[-105.80813,44.84433],[-105.80568,44.84517],[-105.80259,44.84289],[-105.79634,44.84454],[-105.78692,44.85226],[-105.77677,44.85411],[-105.77833,44.85712],[-105.77555,44.85918],[-105.77642,44.86223],[-105.77447,44.86543],[-105.77693,44.87352],[-105.78256,44.87469],[-105.79127,44.88209],[-105.7999,44.88449],[-105.80423,44.88781],[-105.80553,44.88994],[-105.80354,44.89329],[-105.80496,44.89509],[-105.8229,44.91094],[-105.83138,44.91296],[-105.83788,44.91778],[-105.84113,44.91299],[-105.85363,44.9102],[-105.86599,44.9147],[-105.88522,44.92712],[-105.88729,44.92888],[-105.87964,44.93331],[-105.88097,44.93569],[-105.87465,44.945],[-105.87585,44.94717],[-105.8735,44.95186],[-105.87511,44.95421],[-105.86827,44.9563],[-105.86713,44.95837],[-105.86726,44.96458],[-105.8803,44.96673],[-105.88343,44.96274],[-105.88527,44.96283],[-105.90566,44.97443],[-105.91209,44.98329]]]}},{"type":"Feature","id":"82329","properties":{"zip":"82329","pop":null,"city":"","county":"Carbon","state":"Wyoming","area":234.07,"lat":42.09079,"lon":-106.09949},"geometry":{"type":"Polygon","coordinates":[[[-106.42826,42.02842],[-106.42402,42.03179],[-106.42305,42.03389],[-106.42475,42.03599],[-106.42209,42.03726],[-106.42049,42.0418],[-106.40752,42.04646],[-106.40538,42.05496],[-106.4017,42.05639],[-106.40636,42.06285],[-106.40308,42.06714],[-106.40029,42.06646],[-106.39989,42.06785],[-106.40135,42.06852],[-106.40102,42.07271],[-106.40373,42.07339],[-106.40501,42.07608],[-106.40275,42.07994],[-106.39522,42.07871],[-106.38856,42.08589],[-106.38084,42.0859],[-106.37716,42.0795],[-106.38353,42.07445],[-106.37848,42.0726],[-106.37677,42.06701],[-106.36937,42.06365],[-106.36219,42.06752],[-106.35614,42.06707],[-106.33853,42.07149],[-106.32763,42.073],[-106.32192,42.07083],[-106.31016,42.07817],[-106.31667,42.08792],[-106.3171,42.0937],[-106.3069,42.10249],[-106.3022,42.11335],[-106.29861,42.11449],[-106.29855,42.10967],[-106.29382,42.11289],[-106.28073,42.11655],[-106.25882,42.11792],[-106.24568,42.12226],[-106.24335,42.12733],[-106.23266,42.13511],[-106.23276,42.13973],[-106.24458,42.16061],[-106.24785,42.17079],[-106.25567,42.17031],[-106.26056,42.17532],[-106.26399,42.17504],[-106.26245,42.18196],[-106.25775,42.17793],[-106.23685,42.16876],[-106.21465,42.14196],[-106.20124,42.13723],[-106.18666,42.14437],[-106.18029,42.16241],[-106.17556,42.16657],[-106.17263,42.17361],[-106.16538,42.17517],[-106.15459,42.17222],[-106.14251,42.15952],[-106.14258,42.14554],[-106.14047,42.14138],[-106.1225,42.12731],[-106.1225,42.10083],[-106.10859,42.10152],[-106.09204,42.10514],[-106.08842,42.11861],[-106.07634,42.13052],[-106.07466,42.14214],[-106.07486,42.10137],[-106.06408,42.10592],[-106.05407,42.11347],[-106.04166,42.1155],[-106.02927,42.12534],[-106.02856,42.12917],[-106.02527,42.13267],[-106.02526,42.14431],[-106.01367,42.14502],[-106.01518,42.14879],[-106.02399,42.15543],[-106.02581,42.2023],[-106.02428,42.21173],[-106.02136,42.21008],[-105.98968,42.21175],[-105.97786,42.20818],[-105.95141,42.20719],[-105.94943,42.21451],[-105.94308,42.21881],[-105.93257,42.23827],[-105.92422,42.24689],[-105.92137,42.25426],[-105.91427,42.2636],[-105.91114,42.27302],[-105.89836,42.27935],[-105.89068,42.28097],[-105.92368,42.28833],[-105.96943,42.30722],[-106.01782,42.31936],[-106.05377,42.33361],[-106.09103,42.34222],[-106.09473,42.34424],[-106.09256,42.35185],[-106.09917,42.36587],[-106.10518,42.36942],[-106.10681,42.36718],[-106.10972,42.36842],[-106.10898,42.37028],[-106.11765,42.37123],[-106.11893,42.36607],[-106.13422,42.36283],[-106.13222,42.36093],[-106.135,42.35926],[-106.13297,42.35728],[-106.13486,42.35587],[-106.13368,42.35474],[-106.13566,42.35487],[-106.13934,42.35785],[-106.13956,42.36421],[-106.14111,42.3655],[-106.14207,42.38637],[-106.14503,42.38667],[-106.15151,42.39475],[-106.15036,42.39848],[-106.1399,42.39952],[-106.13697,42.40312],[-106.13316,42.40128],[-106.10832,42.40529],[-106.10152,42.43317],[-106.0734,42.43324],[-106.07269,42.4067],[-106.09035,42.40562],[-106.086,42.40076],[-106.08629,42.39534],[-106.07939,42.38787],[-106.0797,42.38523],[-106.07304,42.38529],[-106.07192,42.36946],[-106.06979,42.3687],[-106.06801,42.37166],[-106.066,42.37086],[-106.06574,42.36831],[-106.0624,42.36822],[-106.059,42.37143],[-106.05686,42.36944],[-106.05318,42.37128],[-106.04749,42.36869],[-106.04489,42.36943],[-106.02779,42.36356],[-106.02194,42.35892],[-106.02197,42.35593],[-106.00785,42.35134],[-105.99657,42.35236],[-105.99309,42.35039],[-105.98777,42.35532],[-105.97047,42.35551],[-105.9665,42.35795],[-105.95168,42.35489],[-105.94997,42.34445],[-105.9452,42.33695],[-105.92866,42.33665],[-105.91443,42.32305],[-105.91511,42.3166],[-105.91017,42.30786],[-105.90543,42.30624],[-105.89694,42.29363],[-105.89127,42.29295],[-105.88678,42.28868],[-105.88473,42.29182],[-105.88852,42.29996],[-105.88509,42.31144],[-105.87556,42.31692],[-105.86216,42.31936],[-105.86198,42.32201],[-105.85513,42.3168],[-105.847,42.31982],[-105.84832,42.33555],[-105.83011,42.34311],[-105.81102,42.34476],[-105.80337,42.34059],[-105.79643,42.34001],[-105.81034,42.33715],[-105.81947,42.34092],[-105.82753,42.33872],[-105.83044,42.33983],[-105.84422,42.33366],[-105.84593,42.33028],[-105.84427,42.32847],[-105.83548,42.32653],[-105.83791,42.32197],[-105.84059,42.32122],[-105.84247,42.31353],[-105.84476,42.3116],[-105.85099,42.28944],[-105.86075,42.28436],[-105.87744,42.28401],[-105.87328,42.28097],[-105.87213,42.2718],[-105.8687,42.2675],[-105.87049,42.2659],[-105.86889,42.26436],[-105.87292,42.26047],[-105.87006,42.25919],[-105.86993,42.25395],[-105.86682,42.25384],[-105.86451,42.25112],[-105.86684,42.24532],[-105.85157,42.24693],[-105.85278,42.24154],[-105.84797,42.23682],[-105.85434,42.23583],[-105.85966,42.22892],[-105.86048,42.22307],[-105.87353,42.21903],[-105.88098,42.21389],[-105.8828,42.21057],[-105.88267,42.22444],[-105.87924,42.234],[-105.88321,42.23761],[-105.88228,42.24113],[-105.88554,42.24775],[-105.90023,42.24446],[-105.91904,42.23595],[-105.92203,42.23291],[-105.92749,42.2128],[-105.91996,42.1988],[-105.92536,42.19911],[-105.92614,42.18402],[-105.92217,42.17664],[-105.91881,42.17414],[-105.92527,42.17401],[-105.92915,42.17046],[-105.93453,42.16925],[-105.93533,42.17161],[-105.93785,42.1712],[-105.97584,42.15412],[-105.99063,42.15205],[-106.00479,42.14136],[-106.00574,42.12747],[-106.00242,42.12453],[-105.99618,42.12447],[-105.97912,42.13031],[-105.96935,42.13022],[-105.96409,42.12615],[-105.96745,42.11847],[-105.98482,42.10236],[-105.98611,42.09963],[-105.98329,42.09489],[-105.94958,42.09798],[-105.94626,42.0959],[-105.92916,42.09831],[-105.91579,42.10794],[-105.90442,42.11242],[-105.89388,42.12074],[-105.89475,42.12269],[-105.88733,42.12251],[-105.89029,42.11715],[-105.88826,42.11454],[-105.89865,42.10928],[-105.902,42.09938],[-105.91961,42.08728],[-105.91746,42.08087],[-105.91795,42.07275],[-105.94612,42.07051],[-105.94614,42.07434],[-105.97339,42.07411],[-105.97197,42.06835],[-105.97339,42.06405],[-105.96428,42.06405],[-105.9656,42.06],[-105.95804,42.05324],[-105.94813,42.04814],[-105.94201,42.04057],[-105.94646,42.03967],[-105.94689,42.01743],[-105.95637,42.017],[-105.95763,42.0089],[-105.96032,42.00658],[-105.93998,42.0069],[-105.90576,42.01231],[-105.90298,42.00762],[-105.89793,41.99851],[-105.89766,41.98069],[-105.90207,41.97232],[-105.90554,41.95956],[-105.95486,41.9594],[-105.96663,41.95782],[-105.99331,41.93721],[-106.00575,41.93535],[-106.00332,41.94409],[-106.01581,41.98236],[-106.02402,41.99179],[-106.03483,41.99238],[-106.03479,42.01649],[-106.05156,42.02038],[-106.05315,42.01822],[-106.05272,42.02337],[-106.06046,42.02728],[-106.06998,42.02197],[-106.07367,42.0147],[-106.0733,41.95135],[-106.09277,41.94662],[-106.11242,41.94493],[-106.11234,41.93657],[-106.12213,41.93545],[-106.12833,41.9385],[-106.13459,41.92432],[-106.1357,41.91599],[-106.13039,41.91008],[-106.13201,41.90729],[-106.14094,41.90266],[-106.14052,41.89188],[-106.14969,41.88132],[-106.18339,41.8945],[-106.18343,41.88806],[-106.16995,41.88516],[-106.1727,41.87604],[-106.17064,41.86954],[-106.17262,41.87048],[-106.17524,41.86661],[-106.16961,41.8635],[-106.17384,41.86398],[-106.17347,41.85804],[-106.176,41.85783],[-106.1783,41.85252],[-106.18313,41.85291],[-106.18227,41.8492],[-106.17926,41.84947],[-106.17693,41.84732],[-106.18143,41.84715],[-106.18195,41.84364],[-106.18639,41.84445],[-106.18776,41.84581],[-106.18665,41.84729],[-106.19055,41.84884],[-106.19328,41.84809],[-106.19561,41.84388],[-106.19783,41.84439],[-106.1971,41.84299],[-106.19965,41.84564],[-106.20375,41.8426],[-106.20293,41.84006],[-106.20506,41.83942],[-106.2018,41.83734],[-106.20664,41.83371],[-106.20456,41.8328],[-106.20891,41.83158],[-106.20572,41.83015],[-106.2091,41.82984],[-106.2092,41.8286],[-106.19766,41.828],[-106.19988,41.82728],[-106.20513,41.81815],[-106.20917,41.81477],[-106.21097,41.80868],[-106.2073,41.80253],[-106.198,41.79578],[-106.19323,41.794],[-106.17458,41.79412],[-106.17484,41.78982],[-106.17117,41.78338],[-106.18488,41.77908],[-106.20421,41.7778],[-106.20629,41.7721],[-106.20621,41.76912],[-106.20345,41.76652],[-106.20519,41.76341],[-106.20099,41.76042],[-106.20554,41.76101],[-106.20129,41.75865],[-106.20327,41.75825],[-106.20057,41.75567],[-106.20361,41.75356],[-106.20269,41.75195],[-106.20447,41.7528],[-106.20467,41.74921],[-106.20593,41.75053],[-106.20698,41.74972],[-106.20556,41.74898],[-106.20891,41.74669],[-106.21195,41.74981],[-106.21393,41.74689],[-106.21767,41.74603],[-106.21533,41.75183],[-106.22509,41.75521],[-106.22765,41.76108],[-106.21215,41.77257],[-106.2089,41.77308],[-106.21697,41.78405],[-106.22078,41.7863],[-106.22066,41.79206],[-106.22488,41.79819],[-106.23401,41.79834],[-106.23849,41.79987],[-106.24073,41.80326],[-106.22114,41.81453],[-106.21607,41.82028],[-106.22599,41.82796],[-106.21244,41.82798],[-106.21006,41.84314],[-106.20718,41.84644],[-106.20396,41.84678],[-106.19641,41.85679],[-106.19614,41.85943],[-106.21325,41.85515],[-106.23097,41.86814],[-106.23049,41.87129],[-106.22314,41.87124],[-106.21682,41.86793],[-106.19611,41.86558],[-106.19608,41.88484],[-106.21498,41.88475],[-106.21502,41.89475],[-106.22098,41.89782],[-106.22102,41.91623],[-106.20718,41.91627],[-106.20721,41.91092],[-106.1976,41.91073],[-106.18763,41.91797],[-106.17643,41.93457],[-106.17098,41.9527],[-106.17817,41.97594],[-106.17643,41.98401],[-106.18277,41.99799],[-106.21706,42.00115],[-106.24419,41.9922],[-106.24403,41.98863],[-106.26657,41.99068],[-106.28656,41.97858],[-106.29812,41.9735],[-106.30146,41.97513],[-106.29727,41.97659],[-106.29817,41.97915],[-106.29554,41.98218],[-106.29408,41.97767],[-106.28911,41.97907],[-106.29002,41.98098],[-106.29341,41.98145],[-106.29329,41.9833],[-106.28585,41.98016],[-106.28455,41.98161],[-106.28552,41.98378],[-106.28917,41.98482],[-106.28883,41.98715],[-106.28358,41.98786],[-106.28277,41.98517],[-106.2831,41.98893],[-106.28881,41.99082],[-106.29574,41.98968],[-106.30223,41.99105],[-106.30292,41.99417],[-106.30663,41.99582],[-106.3062,41.99744],[-106.31044,41.99803],[-106.31484,42.00272],[-106.31815,42.00106],[-106.32609,42.00436],[-106.33047,42.0015],[-106.33034,41.99853],[-106.33516,41.99943],[-106.33594,41.99739],[-106.33954,41.99637],[-106.33946,42.00288],[-106.35698,42.00115],[-106.35711,42.00374],[-106.36487,42.0016],[-106.36629,42.00305],[-106.36603,42.00792],[-106.36197,42.01407],[-106.35721,42.01423],[-106.34687,42.01048],[-106.33762,42.01183],[-106.32565,42.01885],[-106.31076,42.01902],[-106.30682,42.02179],[-106.29049,42.01553],[-106.28882,42.02077],[-106.25993,42.02529],[-106.2576,42.03083],[-106.2604,42.03134],[-106.29288,42.02678],[-106.30205,42.03436],[-106.30228,42.03796],[-106.23243,42.0643],[-106.22964,42.0684],[-106.23127,42.07643],[-106.23017,42.07826],[-106.2454,42.08205],[-106.26047,42.08058],[-106.26575,42.07414],[-106.28002,42.06659],[-106.29299,42.06272],[-106.31398,42.06008],[-106.34276,42.04459],[-106.34842,42.03907],[-106.37309,42.03472],[-106.3776,42.03902],[-106.38819,42.04195],[-106.38268,42.02305],[-106.38474,42.0084],[-106.42392,42.02394],[-106.43016,42.0276],[-106.42826,42.02842]]]}},{"type":"Feature","id":"82720","properties":{"zip":"82720","pop":null,"city":"","county":"Crook","state":"Wyoming","area":437.27,"lat":44.79334,"lon":-104.67236},"geometry":{"type":"Polygon","coordinates":[[[-105.01445,44.72871],[-105.00241,44.7288],[-104.9958,44.73162],[-104.99172,44.73451],[-104.99186,44.73703],[-104.9891,44.73684],[-104.98679,44.73918],[-104.98272,44.746],[-104.9849,44.76109],[-104.93424,44.7611],[-104.92269,44.77024],[-104.92444,44.78658],[-104.93372,44.78831],[-104.93627,44.79282],[-104.94432,44.79943],[-104.95415,44.80339],[-104.95843,44.80779],[-104.95612,44.8135],[-104.96705,44.8274],[-104.97263,44.83058],[-104.97968,44.84192],[-104.99327,44.85375],[-104.99627,44.85436],[-104.97186,44.86228],[-104.96963,44.86681],[-104.92433,44.87843],[-104.90446,44.88679],[-104.8964,44.88828],[-104.88994,44.88824],[-104.88575,44.88268],[-104.88713,44.87388],[-104.89181,44.87642],[-104.89165,44.87157],[-104.90404,44.86172],[-104.90278,44.85607],[-104.89257,44.85674],[-104.88422,44.8525],[-104.87558,44.8521],[-104.87072,44.85587],[-104.85928,44.85272],[-104.84243,44.84179],[-104.84074,44.83874],[-104.8414,44.83465],[-104.83846,44.83221],[-104.82872,44.8341],[-104.82725,44.83903],[-104.82172,44.84245],[-104.80605,44.84788],[-104.79944,44.85604],[-104.79891,44.86907],[-104.79479,44.87452],[-104.7944,44.87989],[-104.80012,44.88499],[-104.79688,44.88906],[-104.79017,44.89027],[-104.79247,44.8942],[-104.78984,44.89698],[-104.79015,44.90328],[-104.79436,44.90908],[-104.78399,44.91384],[-104.78397,44.91839],[-104.79764,44.91544],[-104.80768,44.93197],[-104.81448,44.93933],[-104.81438,44.94157],[-104.81985,44.94155],[-104.85222,44.95497],[-104.85462,44.95697],[-104.85302,44.96299],[-104.8567,44.96739],[-104.85906,44.97516],[-104.86886,44.98226],[-104.8768,44.97814],[-104.89184,44.9853],[-104.90129,44.99447],[-104.901,44.99706],[-104.89897,44.99729],[-104.90202,45.00003],[-104.36622,44.9983],[-104.34471,44.98507],[-104.32767,44.962],[-104.34258,44.95359],[-104.34153,44.94968],[-104.34648,44.94393],[-104.35847,44.94417],[-104.36576,44.94196],[-104.36733,44.93856],[-104.36421,44.93639],[-104.37105,44.93128],[-104.36781,44.92551],[-104.37071,44.92473],[-104.37825,44.92994],[-104.3816,44.92443],[-104.38403,44.92415],[-104.3828,44.92037],[-104.39257,44.91861],[-104.3889,44.91527],[-104.38317,44.91517],[-104.38765,44.91047],[-104.3866,44.90079],[-104.38823,44.89767],[-104.38206,44.89613],[-104.36932,44.88807],[-104.37541,44.88499],[-104.37466,44.88061],[-104.37949,44.88059],[-104.38178,44.87823],[-104.38842,44.87992],[-104.39232,44.87843],[-104.39274,44.8764],[-104.3897,44.87335],[-104.39981,44.87107],[-104.39986,44.86676],[-104.3965,44.86486],[-104.39653,44.84159],[-104.40939,44.84859],[-104.42541,44.84826],[-104.43608,44.8529],[-104.44041,44.85721],[-104.44814,44.85299],[-104.45489,44.85334],[-104.46735,44.85842],[-104.4757,44.85726],[-104.48103,44.8523],[-104.49483,44.85227],[-104.50124,44.85133],[-104.50247,44.84922],[-104.50699,44.8515],[-104.50827,44.84837],[-104.51631,44.84629],[-104.51532,44.84123],[-104.51812,44.83691],[-104.50912,44.83407],[-104.51024,44.8266],[-104.51393,44.82065],[-104.50926,44.81759],[-104.50607,44.80928],[-104.51114,44.80275],[-104.51468,44.80243],[-104.51641,44.79665],[-104.51405,44.79241],[-104.53909,44.79231],[-104.53867,44.7494],[-104.54221,44.75035],[-104.5447,44.74748],[-104.54017,44.74113],[-104.55142,44.74241],[-104.56178,44.74115],[-104.56294,44.74479],[-104.57121,44.74629],[-104.57322,44.74868],[-104.5825,44.75165],[-104.59523,44.7496],[-104.61308,44.75272],[-104.61186,44.74844],[-104.61328,44.74627],[-104.62455,44.74044],[-104.62454,44.73887],[-104.61977,44.73929],[-104.61746,44.74141],[-104.59326,44.73931],[-104.588,44.7352],[-104.56374,44.73248],[-104.56343,44.72979],[-104.57489,44.72481],[-104.57597,44.72085],[-104.57387,44.71757],[-104.55956,44.71922],[-104.55754,44.7184],[-104.55874,44.71428],[-104.55563,44.71208],[-104.55692,44.71464],[-104.54566,44.71804],[-104.53854,44.71331],[-104.53859,44.69375],[-104.52874,44.69155],[-104.5279,44.6896],[-104.53419,44.68428],[-104.53878,44.68349],[-104.54035,44.6453],[-104.53656,44.64124],[-104.52842,44.64073],[-104.51626,44.63641],[-104.50209,44.62564],[-104.5036,44.61413],[-104.50918,44.61467],[-104.50437,44.59966],[-104.50697,44.59528],[-104.49852,44.59041],[-104.48368,44.59659],[-104.47474,44.59345],[-104.48898,44.58825],[-104.48877,44.58524],[-104.48388,44.58241],[-104.48677,44.57959],[-104.48914,44.58038],[-104.49106,44.58452],[-104.49418,44.57266],[-104.49965,44.56576],[-104.50326,44.56425],[-104.50324,44.55702],[-104.50471,44.55643],[-104.50242,44.54615],[-104.51526,44.54585],[-104.52663,44.54233],[-104.5299,44.54791],[-104.53859,44.54614],[-104.53844,44.52857],[-104.52329,44.53116],[-104.51829,44.52677],[-104.51302,44.52587],[-104.51633,44.51689],[-104.5128,44.51111],[-104.50747,44.50751],[-104.49842,44.50501],[-104.49808,44.50104],[-104.49344,44.4986],[-104.49148,44.49526],[-104.49297,44.49526],[-104.49137,44.49049],[-104.49031,44.4938],[-104.48074,44.48738],[-104.49569,44.48548],[-104.49843,44.49006],[-104.50261,44.49074],[-104.51273,44.48609],[-104.51758,44.48813],[-104.51906,44.49234],[-104.52169,44.49236],[-104.52315,44.49491],[-104.53538,44.49604],[-104.53941,44.49818],[-104.55845,44.49512],[-104.5595,44.48962],[-104.56476,44.48561],[-104.57888,44.48591],[-104.58871,44.48922],[-104.58972,44.49238],[-104.58324,44.49368],[-104.5786,44.49794],[-104.58727,44.50174],[-104.60171,44.50272],[-104.60709,44.51351],[-104.60384,44.51476],[-104.60466,44.52268],[-104.60153,44.52243],[-104.59935,44.52589],[-104.59938,44.55156],[-104.60869,44.55305],[-104.62349,44.55969],[-104.63604,44.56165],[-104.64601,44.56654],[-104.6449,44.56746],[-104.64982,44.56793],[-104.65483,44.57209],[-104.65483,44.57426],[-104.65809,44.57387],[-104.65989,44.57915],[-104.67466,44.58293],[-104.67857,44.58696],[-104.68487,44.58946],[-104.68456,44.5919],[-104.69995,44.59909],[-104.69996,44.60086],[-104.73024,44.6011],[-104.73022,44.57889],[-104.71753,44.57895],[-104.71526,44.57636],[-104.72392,44.57481],[-104.72442,44.56907],[-104.73137,44.57344],[-104.7395,44.56469],[-104.74008,44.56119],[-104.74612,44.55783],[-104.74766,44.55877],[-104.74671,44.5566],[-104.75341,44.56],[-104.7659,44.55932],[-104.77554,44.56108],[-104.78314,44.55919],[-104.79756,44.56182],[-104.80116,44.56724],[-104.80125,44.59987],[-104.81136,44.59755],[-104.81671,44.59186],[-104.82339,44.59017],[-104.82363,44.59298],[-104.83293,44.60025],[-104.83217,44.59807],[-104.83805,44.59634],[-104.83857,44.59993],[-104.84225,44.60432],[-104.84049,44.60693],[-104.83694,44.60729],[-104.83697,44.6158],[-104.84532,44.62038],[-104.85192,44.63005],[-104.84713,44.63103],[-104.84485,44.63484],[-104.84038,44.63487],[-104.83333,44.63831],[-104.82688,44.63828],[-104.82513,44.64135],[-104.83224,44.6462],[-104.83746,44.64714],[-104.84455,44.65967],[-104.84385,44.66692],[-104.85214,44.67617],[-104.83992,44.67554],[-104.83876,44.68121],[-104.82871,44.68407],[-104.82959,44.69002],[-104.81885,44.69332],[-104.82089,44.69625],[-104.83053,44.70047],[-104.95793,44.7004],[-104.9609,44.69729],[-104.9689,44.6973],[-104.97073,44.69392],[-104.97361,44.69321],[-104.99106,44.70224],[-104.99474,44.71113],[-105.00506,44.71737],[-105.00838,44.71742],[-105.0133,44.71318],[-105.01445,44.72871]]]}},{"type":"Feature","id":"82240","properties":{"zip":"82240","pop":null,"city":"","county":"Goshen","state":"Wyoming","area":493.64,"lat":42.23067,"lon":-104.17827},"geometry":{"type":"Polygon","coordinates":[[[-104.38214,42.01041],[-104.3771,42.01067],[-104.37269,42.00894],[-104.36162,42.01107],[-104.35641,42.01068],[-104.35219,42.01274],[-104.33898,42.01601],[-104.32088,42.01808],[-104.31182,42.02089],[-104.30295,42.02698],[-104.29537,42.02866],[-104.29109,42.02654],[-104.28101,42.03352],[-104.28471,42.03767],[-104.2862,42.04588],[-104.26491,42.04588],[-104.27591,42.05618],[-104.27901,42.05584],[-104.2818,42.05826],[-104.32186,42.0705],[-104.33203,42.07695],[-104.34441,42.07921],[-104.34398,42.08869],[-104.34232,42.08971],[-104.32679,42.0885],[-104.32513,42.08712],[-104.32515,42.0823],[-104.31036,42.08226],[-104.30932,42.08379],[-104.30545,42.08199],[-104.30367,42.09493],[-104.30649,42.10103],[-104.30788,42.10236],[-104.31734,42.1019],[-104.32259,42.09884],[-104.32639,42.10103],[-104.32631,42.10354],[-104.33457,42.10872],[-104.33307,42.1107],[-104.30363,42.1066],[-104.30366,42.11644],[-104.302,42.11744],[-104.26469,42.11754],[-104.26469,42.13149],[-104.27302,42.1262],[-104.28348,42.12663],[-104.28962,42.13228],[-104.2943,42.14029],[-104.2955,42.14734],[-104.30494,42.15457],[-104.29892,42.15902],[-104.2885,42.16017],[-104.28732,42.16344],[-104.28175,42.16817],[-104.2682,42.1746],[-104.26375,42.18369],[-104.26529,42.18809],[-104.26981,42.19217],[-104.26018,42.19926],[-104.2622,42.20428],[-104.26019,42.20715],[-104.26208,42.21044],[-104.26104,42.21331],[-104.2659,42.21865],[-104.29662,42.21833],[-104.29339,42.23278],[-104.29339,42.25959],[-104.30352,42.27635],[-104.30431,42.30884],[-104.31414,42.32322],[-104.32113,42.32222],[-104.32049,42.32776],[-104.32786,42.33687],[-104.32708,42.33849],[-104.32442,42.33816],[-104.32512,42.34261],[-104.32345,42.34407],[-104.32428,42.3461],[-104.33007,42.34693],[-104.32935,42.35424],[-104.32637,42.35447],[-104.32936,42.36164],[-104.35059,42.37831],[-104.35573,42.38999],[-104.35651,42.41663],[-104.35206,42.41733],[-104.35525,42.42],[-104.35362,42.42179],[-104.34976,42.42059],[-104.34988,42.42229],[-104.35218,42.42228],[-104.35165,42.42475],[-104.34667,42.42495],[-104.34502,42.42612],[-104.34597,42.42798],[-104.34301,42.42708],[-104.34406,42.42873],[-104.33996,42.42822],[-104.33854,42.43207],[-104.34066,42.43355],[-104.33981,42.43592],[-104.34399,42.43915],[-104.33948,42.43958],[-104.34311,42.44127],[-104.34159,42.44273],[-104.34796,42.44382],[-104.3454,42.44431],[-104.34761,42.44682],[-104.3556,42.44655],[-104.35721,42.44982],[-104.35547,42.45091],[-104.36084,42.4521],[-104.36809,42.46492],[-104.35771,42.49957],[-104.3585,42.51822],[-104.36721,42.53787],[-104.24224,42.53927],[-104.24209,42.58129],[-104.21862,42.58059],[-104.21277,42.58372],[-104.20322,42.58407],[-104.20323,42.58814],[-104.19402,42.58435],[-104.18949,42.58893],[-104.18268,42.58308],[-104.16376,42.583],[-104.15541,42.58437],[-104.14404,42.59008],[-104.13367,42.59014],[-104.13339,42.61075],[-104.11048,42.59602],[-104.10663,42.58983],[-104.10599,42.50986],[-104.10403,42.5098],[-104.10406,42.61193],[-104.05277,42.61177],[-104.05289,41.80568],[-104.10977,41.8032],[-104.18384,41.83581],[-104.192,41.84198],[-104.20787,41.84196],[-104.20794,41.91445],[-104.22738,41.91447],[-104.22759,41.93272],[-104.24715,41.93293],[-104.24712,41.9363],[-104.25547,41.9365],[-104.25143,41.94373],[-104.30538,41.94377],[-104.30512,41.97286],[-104.34436,41.97308],[-104.34431,41.98274],[-104.33751,41.98491],[-104.3363,41.98747],[-104.32465,41.98369],[-104.32507,42.00215],[-104.34451,42.00223],[-104.34444,42.01354],[-104.35541,42.01042],[-104.37222,42.00839],[-104.38214,42.01041]],[[-104.14981,41.9359],[-104.14977,41.92895],[-104.13027,41.92892],[-104.1303,41.94354],[-104.14986,41.94352],[-104.14981,41.9359]]]}},{"type":"Feature","id":"82428","properties":{"zip":"82428","pop":null,"city":"Hyattville","county":"Big Horn","state":"Wyoming","area":72.6,"lat":44.29873,"lon":-107.59022},"geometry":{"type":"Polygon","coordinates":[[[-107.71684,44.21303],[-107.69282,44.22637],[-107.68187,44.23634],[-107.67688,44.2377],[-107.68032,44.23902],[-107.68331,44.24764],[-107.67952,44.2531],[-107.68175,44.25527],[-107.68903,44.2553],[-107.69961,44.26129],[-107.70042,44.27698],[-107.70976,44.2918],[-107.70937,44.29486],[-107.70612,44.296],[-107.70367,44.30006],[-107.7031,44.31033],[-107.70054,44.31345],[-107.68906,44.31429],[-107.68642,44.31817],[-107.68157,44.31975],[-107.68215,44.32495],[-107.67982,44.32482],[-107.67054,44.3213],[-107.65923,44.32079],[-107.64482,44.30189],[-107.63341,44.29153],[-107.63247,44.29508],[-107.62374,44.29917],[-107.62363,44.29783],[-107.62085,44.29816],[-107.61602,44.30248],[-107.61434,44.31291],[-107.61665,44.32539],[-107.61478,44.32737],[-107.61608,44.32985],[-107.61204,44.33594],[-107.58074,44.34776],[-107.57193,44.34637],[-107.56255,44.35166],[-107.564,44.35917],[-107.56147,44.36634],[-107.56592,44.37453],[-107.56175,44.38422],[-107.55924,44.40778],[-107.55598,44.4135],[-107.54768,44.41978],[-107.54479,44.42955],[-107.53274,44.43559],[-107.52831,44.43413],[-107.52287,44.4383],[-107.50812,44.4419],[-107.49739,44.45026],[-107.4852,44.45263],[-107.474,44.45225],[-107.47253,44.45634],[-107.46275,44.46327],[-107.46052,44.46344],[-107.45499,44.45896],[-107.45374,44.45507],[-107.45828,44.4484],[-107.45731,44.44522],[-107.45622,44.44303],[-107.45061,44.4424],[-107.45211,44.44172],[-107.4462,44.44209],[-107.44511,44.4391],[-107.44642,44.43658],[-107.44305,44.42881],[-107.45257,44.42882],[-107.4544,44.42637],[-107.45886,44.41752],[-107.45739,44.41368],[-107.4544,44.41508],[-107.45248,44.41206],[-107.46016,44.40667],[-107.46014,44.40051],[-107.45846,44.3985],[-107.48224,44.38193],[-107.49442,44.3802],[-107.50071,44.3678],[-107.51422,44.36478],[-107.52158,44.35653],[-107.53752,44.35201],[-107.53802,44.34541],[-107.54245,44.33864],[-107.54407,44.33985],[-107.54829,44.33088],[-107.54661,44.32581],[-107.5394,44.31715],[-107.54333,44.3097],[-107.54027,44.29427],[-107.53335,44.30175],[-107.52067,44.30582],[-107.51985,44.28663],[-107.51282,44.27872],[-107.51343,44.27448],[-107.50959,44.27566],[-107.50874,44.27423],[-107.51222,44.26969],[-107.52184,44.26539],[-107.52203,44.26355],[-107.518,44.26022],[-107.53543,44.25924],[-107.5212,44.2474],[-107.52219,44.24228],[-107.53572,44.23651],[-107.53988,44.23675],[-107.54914,44.24372],[-107.56121,44.24363],[-107.55641,44.23611],[-107.55721,44.23229],[-107.57245,44.24415],[-107.57268,44.24159],[-107.57791,44.24113],[-107.57944,44.23787],[-107.57407,44.23003],[-107.58553,44.23652],[-107.59411,44.23753],[-107.58961,44.23284],[-107.59049,44.22369],[-107.58408,44.21706],[-107.58255,44.21358],[-107.58382,44.20946],[-107.59337,44.20019],[-107.6071,44.20407],[-107.60751,44.19751],[-107.62015,44.18977],[-107.62201,44.18263],[-107.62461,44.18179],[-107.62163,44.17642],[-107.62287,44.1737],[-107.6322,44.16647],[-107.67649,44.16779],[-107.68427,44.17949],[-107.71201,44.19862],[-107.71523,44.20352],[-107.71684,44.21303]]]}},{"type":"Feature","id":"82443","properties":{"zip":"82443","pop":null,"city":"","county":"Hot Springs","state":"Wyoming","area":762.81,"lat":43.7179,"lon":-108.48001},"geometry":{"type":"Polygon","coordinates":[[[-109.31295,43.81329],[-109.27259,43.81355],[-109.27255,43.81612],[-109.13317,43.816],[-109.0936,43.81762],[-109.09288,43.90447],[-108.91278,43.90475],[-108.91312,43.91371],[-108.89486,43.91402],[-108.88637,43.91098],[-108.88374,43.90516],[-108.87804,43.90346],[-108.87564,43.89918],[-108.86953,43.89668],[-108.87339,43.89473],[-108.871,43.8908],[-108.87524,43.88559],[-108.8773,43.87674],[-108.87699,43.87123],[-108.87474,43.87107],[-108.89217,43.86674],[-108.90665,43.86703],[-108.89898,43.86524],[-108.90022,43.86487],[-108.90939,43.86599],[-108.92518,43.86186],[-108.94755,43.86156],[-108.95883,43.85865],[-108.96801,43.85041],[-108.96923,43.8443],[-108.98421,43.84615],[-108.99428,43.84227],[-108.99664,43.83889],[-108.99585,43.83633],[-109.00489,43.84254],[-109.01414,43.84229],[-109.00445,43.84131],[-108.99958,43.83673],[-108.98596,43.83181],[-108.97042,43.8222],[-108.95705,43.82261],[-108.93424,43.80778],[-108.94418,43.8016],[-108.94571,43.7983],[-108.95571,43.79442],[-108.96716,43.78205],[-108.96323,43.77037],[-108.96913,43.76002],[-108.97603,43.75566],[-108.97817,43.74362],[-108.98617,43.74602],[-109.00095,43.75645],[-109.00587,43.75884],[-108.98744,43.74591],[-108.97705,43.74266],[-108.96181,43.73339],[-108.95728,43.72816],[-108.95584,43.72317],[-108.9404,43.71411],[-108.93919,43.71574],[-108.91516,43.70757],[-108.90898,43.70711],[-108.91111,43.71013],[-108.90704,43.71414],[-108.90923,43.71867],[-108.90084,43.7272],[-108.87982,43.72631],[-108.87413,43.72472],[-108.8611,43.7137],[-108.86066,43.7088],[-108.85683,43.7056],[-108.85894,43.7055],[-108.85982,43.70263],[-108.84854,43.70382],[-108.84503,43.70483],[-108.84778,43.71097],[-108.84211,43.72082],[-108.84439,43.72499],[-108.83829,43.7301],[-108.81661,43.73756],[-108.80827,43.74556],[-108.79964,43.74403],[-108.79076,43.7383],[-108.7775,43.73825],[-108.76426,43.74073],[-108.76072,43.74312],[-108.74174,43.74268],[-108.73568,43.73903],[-108.73105,43.73222],[-108.73204,43.72794],[-108.72884,43.72413],[-108.72066,43.71986],[-108.71129,43.7212],[-108.70454,43.72577],[-108.69819,43.72509],[-108.69235,43.72867],[-108.6906,43.72758],[-108.68708,43.72928],[-108.68604,43.73122],[-108.68502,43.72965],[-108.66456,43.7349],[-108.66378,43.73328],[-108.65914,43.73521],[-108.65838,43.73136],[-108.65261,43.73115],[-108.65353,43.72345],[-108.60283,43.72547],[-108.59374,43.73041],[-108.58258,43.73019],[-108.58067,43.73195],[-108.57712,43.73132],[-108.57797,43.72975],[-108.57604,43.72869],[-108.5705,43.73082],[-108.56387,43.7296],[-108.56254,43.72731],[-108.55863,43.73069],[-108.55873,43.73766],[-108.544,43.7378],[-108.54381,43.73412],[-108.52403,43.73418],[-108.52323,43.7387],[-108.53204,43.74614],[-108.55127,43.75806],[-108.57264,43.76642],[-108.60415,43.78632],[-108.60251,43.7957],[-108.60357,43.79357],[-108.60898,43.79247],[-108.60863,43.79081],[-108.6131,43.79191],[-108.61527,43.79011],[-108.61859,43.79079],[-108.62045,43.78809],[-108.62251,43.78969],[-108.64371,43.78426],[-108.66538,43.77189],[-108.6658,43.76888],[-108.6756,43.7619],[-108.6909,43.75873],[-108.70375,43.75925],[-108.7059,43.76102],[-108.71263,43.75961],[-108.71463,43.76145],[-108.72456,43.76268],[-108.73499,43.76876],[-108.73667,43.76747],[-108.74087,43.76968],[-108.75122,43.76897],[-108.75341,43.77091],[-108.75757,43.77103],[-108.76751,43.76521],[-108.77298,43.76823],[-108.79375,43.76769],[-108.7973,43.77085],[-108.79909,43.77569],[-108.82012,43.79155],[-108.82894,43.80111],[-108.82721,43.80295],[-108.82833,43.8058],[-108.8322,43.80826],[-108.83069,43.81559],[-108.82585,43.82058],[-108.82251,43.82117],[-108.82187,43.82402],[-108.8228,43.82715],[-108.82897,43.82775],[-108.83011,43.8321],[-108.82757,43.8347],[-108.82944,43.83678],[-108.82633,43.83987],[-108.83019,43.84189],[-108.83037,43.84725],[-108.8403,43.84799],[-108.80609,43.86604],[-108.7983,43.87203],[-108.78516,43.88802],[-108.78597,43.89147],[-108.78235,43.89221],[-108.77608,43.90131],[-108.77412,43.90131],[-108.77519,43.90337],[-108.77262,43.90472],[-108.77339,43.90614],[-108.76872,43.90996],[-108.76535,43.91829],[-108.77336,43.92313],[-108.77828,43.92933],[-108.77699,43.94021],[-108.77821,43.94181],[-108.77394,43.95232],[-108.77657,43.95416],[-108.76972,43.95654],[-108.76809,43.96144],[-108.76275,43.96762],[-108.76242,43.97486],[-108.75472,43.97969],[-108.74902,43.98668],[-108.74349,43.98847],[-108.73878,43.9935],[-108.74297,43.99422],[-108.74323,43.99591],[-108.7392,43.99574],[-108.73592,43.99921],[-108.71977,43.99396],[-108.69477,43.99727],[-108.69377,44.00134],[-108.70946,44.01942],[-108.71547,44.03461],[-108.71496,44.04782],[-108.71643,44.05103],[-108.6951,44.04539],[-108.65254,44.03928],[-108.63187,44.02023],[-108.60995,44.01818],[-108.61344,44.01785],[-108.61536,44.01502],[-108.6225,44.01385],[-108.62269,44.01194],[-108.62892,44.00949],[-108.63124,44.00618],[-108.63835,44.00507],[-108.64153,44.00266],[-108.6416,43.99665],[-108.62989,43.99251],[-108.63461,43.98793],[-108.64109,43.98817],[-108.65143,43.9831],[-108.65118,43.9716],[-108.6471,43.96442],[-108.64345,43.95157],[-108.64525,43.94003],[-108.64012,43.93542],[-108.62459,43.92973],[-108.62433,43.9278],[-108.61828,43.92739],[-108.6168,43.92522],[-108.58914,43.92276],[-108.589,43.92118],[-108.58716,43.91998],[-108.58529,43.92141],[-108.58458,43.91965],[-108.59819,43.91695],[-108.61588,43.91795],[-108.62938,43.92098],[-108.62049,43.91326],[-108.62337,43.91016],[-108.63129,43.90856],[-108.65144,43.91506],[-108.66212,43.92274],[-108.67242,43.92657],[-108.67382,43.92421],[-108.67702,43.92424],[-108.69192,43.92887],[-108.69777,43.92845],[-108.69879,43.93028],[-108.71192,43.92927],[-108.72005,43.91526],[-108.71674,43.91011],[-108.71928,43.90899],[-108.72017,43.9059],[-108.71725,43.90175],[-108.71269,43.89973],[-108.71198,43.89493],[-108.71679,43.88835],[-108.71242,43.88244],[-108.70784,43.88311],[-108.70767,43.87918],[-108.68587,43.88204],[-108.68173,43.87962],[-108.67891,43.88021],[-108.67721,43.87676],[-108.66687,43.87761],[-108.65789,43.87091],[-108.65445,43.87052],[-108.64702,43.87422],[-108.63978,43.87024],[-108.63608,43.87204],[-108.63056,43.87067],[-108.61931,43.8668],[-108.61764,43.86417],[-108.61201,43.86602],[-108.5985,43.87593],[-108.58819,43.86365],[-108.58139,43.86182],[-108.57851,43.85746],[-108.56318,43.8562],[-108.56367,43.8581],[-108.56134,43.85905],[-108.53919,43.85126],[-108.53588,43.85198],[-108.52394,43.84774],[-108.50795,43.84592],[-108.50257,43.84306],[-108.50141,43.83898],[-108.49897,43.83925],[-108.49643,43.83646],[-108.49529,43.83754],[-108.49487,43.83574],[-108.49085,43.83662],[-108.4898,43.83948],[-108.47948,43.83911],[-108.47928,43.84256],[-108.46765,43.84144],[-108.46161,43.84295],[-108.4643,43.84582],[-108.45824,43.84523],[-108.45898,43.84736],[-108.45712,43.84786],[-108.45482,43.84611],[-108.45096,43.85022],[-108.44559,43.84945],[-108.44373,43.85228],[-108.43546,43.85244],[-108.43445,43.85075],[-108.42487,43.85345],[-108.41693,43.85815],[-108.41025,43.85948],[-108.41223,43.86327],[-108.40541,43.86783],[-108.38922,43.87055],[-108.3751,43.86471],[-108.35896,43.8636],[-108.34565,43.86937],[-108.30961,43.87263],[-108.30971,43.86099],[-108.31262,43.85954],[-108.30975,43.858],[-108.30969,43.84662],[-108.19685,43.8477],[-108.20374,43.8373],[-108.20387,43.8276],[-108.19033,43.80288],[-108.18346,43.80197],[-108.18056,43.79842],[-108.17902,43.79845],[-108.18116,43.80132],[-108.17928,43.80203],[-108.17373,43.79464],[-108.16753,43.77358],[-108.16797,43.75747],[-108.16332,43.75698],[-108.14942,43.77087],[-108.15487,43.78103],[-108.15886,43.78037],[-108.16104,43.77683],[-108.16392,43.77703],[-108.16386,43.78112],[-108.17037,43.78743],[-108.16368,43.79659],[-108.16662,43.79884],[-108.17237,43.79881],[-108.17298,43.80051],[-108.16581,43.80935],[-108.17553,43.8097],[-108.17896,43.81429],[-108.17678,43.81837],[-108.05983,43.81866],[-108.0584,43.81087],[-108.06459,43.8085],[-108.06653,43.80105],[-108.06393,43.79489],[-108.06494,43.78875],[-108.07169,43.7788],[-108.06946,43.76991],[-108.06285,43.77285],[-108.05579,43.771],[-108.04413,43.76068],[-108.04128,43.75621],[-108.04289,43.74634],[-108.03492,43.74256],[-108.03467,43.7402],[-107.99859,43.73545],[-108.00004,43.73064],[-108.01082,43.73281],[-108.01216,43.73124],[-108.03083,43.73177],[-108.03485,43.72342],[-108.03551,43.71094],[-108.04585,43.69494],[-108.03357,43.6867],[-108.03658,43.66856],[-108.03271,43.65835],[-108.0346,43.65625],[-107.99674,43.64585],[-107.96546,43.62438],[-107.95143,43.61593],[-107.94954,43.61682],[-107.9434,43.60928],[-107.94195,43.61026],[-107.93715,43.60587],[-107.93001,43.60637],[-107.92267,43.61476],[-107.91674,43.61764],[-107.91106,43.6114],[-107.90943,43.61325],[-107.90183,43.60982],[-107.89766,43.61206],[-107.89661,43.60627],[-107.89523,43.6093],[-107.89203,43.60817],[-107.88502,43.61292],[-107.88412,43.60734],[-107.87739,43.6096],[-107.87156,43.61711],[-107.85749,43.61987],[-107.86664,43.63085],[-107.8735,43.63365],[-107.8873,43.64739],[-107.88868,43.65778],[-107.88427,43.66089],[-107.8796,43.66037],[-107.87359,43.65127],[-107.86893,43.6493],[-107.86529,43.6525],[-107.87182,43.65847],[-107.87935,43.66993],[-107.88664,43.67068],[-107.8943,43.67588],[-107.90034,43.68768],[-107.90769,43.70944],[-107.85059,43.687],[-107.83931,43.68335],[-107.82856,43.68261],[-107.82593,43.6795],[-107.79572,43.66578],[-107.77391,43.65019],[-107.75962,43.62073],[-107.7646,43.61633],[-107.76867,43.61644],[-107.76903,43.608],[-107.75713,43.59565],[-107.74595,43.57893],[-107.74756,43.5743],[-107.74383,43.5705],[-107.74588,43.56803],[-107.7593,43.565],[-107.75442,43.56406],[-107.7539,43.56023],[-107.74974,43.5611],[-107.74933,43.55427],[-107.75213,43.55224],[-107.75207,43.54717],[-107.74854,43.54267],[-107.74542,43.54301],[-107.74207,43.54705],[-107.72968,43.54915],[-107.72406,43.55489],[-107.71382,43.5612],[-107.70228,43.56602],[-107.70329,43.56391],[-107.71924,43.55729],[-107.73158,43.54666],[-107.73913,43.54651],[-107.73398,43.5424],[-107.72381,43.54174],[-107.70825,43.53624],[-107.69505,43.54096],[-107.6829,43.5369],[-107.67491,43.53692],[-107.65834,43.52598],[-107.65202,43.51881],[-107.6506,43.51135],[-107.65345,43.50601],[-107.65785,43.5026],[-107.68309,43.49018],[-107.68299,43.48681],[-107.69136,43.48258],[-107.70829,43.48238],[-107.7115,43.47674],[-107.71925,43.47185],[-107.76331,43.47173],[-107.76094,43.47771],[-107.77003,43.48774],[-107.76801,43.50186],[-107.77238,43.50609],[-107.78231,43.50535],[-107.78601,43.50823],[-107.7857,43.51187],[-107.79002,43.51719],[-107.79175,43.52755],[-107.80132,43.53764],[-107.80359,43.54798],[-107.81184,43.55477],[-107.81247,43.5371],[-107.82124,43.53058],[-107.82707,43.54523],[-107.83079,43.55099],[-107.83506,43.55363],[-107.84277,43.54961],[-107.84329,43.54641],[-107.84578,43.54494],[-107.85254,43.54759],[-107.85667,43.54368],[-107.85606,43.53986],[-107.87365,43.53988],[-107.87522,43.54249],[-107.86667,43.54742],[-107.87589,43.5467],[-107.87733,43.55219],[-107.88357,43.55551],[-107.89104,43.56703],[-107.89605,43.56581],[-107.90185,43.56031],[-107.91066,43.57023],[-107.91598,43.57331],[-107.9192,43.57225],[-107.92921,43.58463],[-107.93282,43.58454],[-107.93133,43.58102],[-107.93617,43.57772],[-107.94408,43.58677],[-107.94785,43.58867],[-107.95655,43.58844],[-107.95837,43.58185],[-107.95476,43.57205],[-107.9505,43.56868],[-107.95109,43.56633],[-107.95832,43.56237],[-107.95898,43.55749],[-107.96417,43.55685],[-107.9762,43.54036],[-107.9802,43.52889],[-107.97948,43.5216],[-107.98126,43.51922],[-107.9851,43.52384],[-107.9889,43.52041],[-108.00779,43.51746],[-108.02791,43.51989],[-108.02955,43.52635],[-108.03626,43.52425],[-108.03311,43.51044],[-108.03432,43.51155],[-108.03716,43.50108],[-108.03555,43.49431],[-108.03694,43.48608],[-108.0468,43.47617],[-108.04616,43.47084],[-108.15628,43.47063],[-108.15638,43.45961],[-108.22055,43.45959],[-108.23215,43.5794],[-108.27724,43.57925],[-108.28618,43.57143],[-108.28963,43.5714],[-108.29599,43.56645],[-108.2965,43.56359],[-108.3025,43.56336],[-108.30687,43.55975],[-108.31039,43.56025],[-108.32225,43.5728],[-108.33439,43.57917],[-108.35489,43.57921],[-108.35487,43.66882],[-108.35772,43.6672],[-108.35771,43.66233],[-108.36711,43.66231],[-108.3711,43.65747],[-108.37578,43.65745],[-108.37512,43.65602],[-108.38121,43.6559],[-108.38169,43.65455],[-108.38371,43.65584],[-108.38646,43.65265],[-108.39744,43.64833],[-108.40398,43.64993],[-108.40532,43.64701],[-108.40698,43.64886],[-108.41527,43.64859],[-108.41592,43.65059],[-108.42588,43.64973],[-108.43804,43.65163],[-108.46089,43.66106],[-108.46242,43.66025],[-108.46732,43.66243],[-108.46289,43.66242],[-108.47922,43.66759],[-108.49145,43.67571],[-108.5259,43.68293],[-108.5235,43.68727],[-108.51625,43.69058],[-108.51678,43.69555],[-108.51426,43.69793],[-108.52748,43.70588],[-108.55837,43.69879],[-108.56151,43.69581],[-108.56151,43.69225],[-108.56818,43.69462],[-108.57503,43.70242],[-108.58864,43.70318],[-108.59117,43.7067],[-108.62068,43.70659],[-108.62102,43.7026],[-108.62877,43.70108],[-108.63402,43.69706],[-108.63475,43.69139],[-108.63975,43.68477],[-108.64511,43.66683],[-108.64812,43.66515],[-108.65501,43.64213],[-108.67167,43.64438],[-108.67838,43.64323],[-108.67751,43.64682],[-108.68138,43.6485],[-108.68522,43.66551],[-108.69319,43.66426],[-108.69081,43.67148],[-108.69603,43.67357],[-108.70005,43.67787],[-108.7136,43.67691],[-108.71615,43.67439],[-108.72922,43.67162],[-108.7467,43.65707],[-108.75316,43.647],[-108.75426,43.64358],[-108.75157,43.63937],[-108.75513,43.63159],[-108.75404,43.62817],[-108.74497,43.62248],[-108.74342,43.61582],[-108.73107,43.59676],[-108.72991,43.5939],[-108.73167,43.58917],[-108.72553,43.57559],[-108.81428,43.57556],[-108.81428,43.60525],[-108.84165,43.60532],[-108.84044,43.60877],[-108.83594,43.61051],[-108.83976,43.61626],[-108.83909,43.62603],[-108.83539,43.62815],[-108.828,43.62759],[-108.82801,43.6295],[-108.82471,43.63037],[-108.82034,43.63578],[-108.8017,43.6415],[-108.80333,43.64922],[-108.7995,43.64795],[-108.80179,43.65231],[-108.79854,43.65117],[-108.78829,43.65424],[-108.77694,43.66912],[-108.76339,43.67096],[-108.75243,43.67596],[-108.74512,43.68188],[-108.72067,43.69302],[-108.71466,43.70202],[-108.71378,43.70412],[-108.71491,43.70741],[-108.71693,43.70584],[-108.71444,43.70457],[-108.71495,43.70216],[-108.71889,43.70006],[-108.72073,43.69443],[-108.73298,43.69206],[-108.73298,43.69028],[-108.73802,43.69028],[-108.73794,43.68843],[-108.74298,43.68843],[-108.74141,43.68666],[-108.74355,43.68357],[-108.75271,43.68087],[-108.75511,43.67724],[-108.75844,43.67692],[-108.75887,43.67495],[-108.76576,43.67116],[-108.77561,43.67119],[-108.78786,43.66625],[-108.80258,43.66442],[-108.80874,43.66561],[-108.81777,43.66342],[-108.82473,43.66387],[-108.83188,43.66693],[-108.8445,43.66467],[-108.85798,43.66694],[-108.86802,43.66438],[-108.88248,43.65895],[-108.88627,43.65508],[-108.90887,43.64435],[-108.91169,43.64099],[-108.9253,43.636],[-108.92978,43.63114],[-108.94358,43.62514],[-108.96295,43.62587],[-108.96974,43.62282],[-108.98731,43.62383],[-109.01927,43.62984],[-109.02339,43.63514],[-109.01851,43.63768],[-109.02394,43.64643],[-109.0286,43.64884],[-109.03445,43.64889],[-109.03694,43.65134],[-109.03607,43.65611],[-109.04018,43.66717],[-109.04565,43.66695],[-109.04792,43.66949],[-109.05694,43.67142],[-109.06115,43.66949],[-109.06997,43.67074],[-109.07676,43.67346],[-109.07828,43.67171],[-109.08152,43.67226],[-109.08258,43.6692],[-109.08719,43.66652],[-109.09689,43.67054],[-109.09598,43.6691],[-109.10023,43.65838],[-109.11045,43.65195],[-109.11007,43.64853],[-109.11303,43.64647],[-109.13083,43.64541],[-109.14617,43.64819],[-109.14785,43.6471],[-109.1474,43.64355],[-109.14996,43.64342],[-109.17145,43.65158],[-109.17145,43.6992],[-109.19513,43.71077],[-109.20096,43.7195],[-109.20677,43.7236],[-109.20935,43.73294],[-109.2349,43.76389],[-109.24517,43.76694],[-109.24799,43.77073],[-109.26418,43.77606],[-109.27102,43.78577],[-109.2746,43.79687],[-109.2841,43.80279],[-109.2961,43.80141],[-109.30039,43.80428],[-109.30822,43.80517],[-109.31295,43.81329]]]}},{"type":"Feature","id":"82510","properties":{"zip":"82510","pop":null,"city":"Ethete","county":"Fremont","state":"Wyoming","area":46.96,"lat":42.99301,"lon":-108.60553},"geometry":{"type":"Polygon","coordinates":[[[-108.75552,43.04092],[-108.75549,43.04389],[-108.74605,43.04119],[-108.72367,43.02856],[-108.6817,43.01832],[-108.67593,43.02667],[-108.64535,43.02678],[-108.64543,43.01903],[-108.64051,43.01068],[-108.62881,43.00573],[-108.59956,43.01462],[-108.59457,43.01467],[-108.5963,43.02069],[-108.585,43.032],[-108.57885,43.03536],[-108.57779,43.04862],[-108.56218,43.05962],[-108.55221,43.05548],[-108.55415,43.0528],[-108.54924,43.04713],[-108.52738,43.0317],[-108.51595,43.0315],[-108.51211,43.02775],[-108.50067,43.0244],[-108.49477,43.02562],[-108.49384,43.02176],[-108.48551,43.02475],[-108.47407,43.01849],[-108.46957,43.01892],[-108.46944,43.00139],[-108.48085,43.00487],[-108.48179,43.00146],[-108.48199,42.99676],[-108.47941,42.99316],[-108.47926,42.98324],[-108.4594,42.98319],[-108.45943,42.97958],[-108.4443,42.97958],[-108.44735,42.97623],[-108.46179,42.9718],[-108.47235,42.9707],[-108.47919,42.9736],[-108.48044,42.96807],[-108.49245,42.96121],[-108.49799,42.96213],[-108.49919,42.96001],[-108.50425,42.95955],[-108.50619,42.96164],[-108.5128,42.96111],[-108.51382,42.96372],[-108.51595,42.96118],[-108.51506,42.9597],[-108.51726,42.95943],[-108.51645,42.96361],[-108.51847,42.96321],[-108.518,42.96125],[-108.51977,42.96086],[-108.52056,42.96339],[-108.52277,42.96185],[-108.52361,42.96445],[-108.52146,42.96739],[-108.52838,42.96733],[-108.52974,42.96552],[-108.5337,42.96585],[-108.53432,42.96472],[-108.53214,42.96421],[-108.53352,42.96329],[-108.5362,42.96453],[-108.53752,42.96393],[-108.53536,42.9632],[-108.5395,42.96243],[-108.53989,42.96537],[-108.54597,42.96653],[-108.54637,42.96498],[-108.54362,42.96366],[-108.54736,42.9604],[-108.55049,42.9638],[-108.54899,42.96473],[-108.55327,42.96627],[-108.55255,42.96831],[-108.55651,42.9655],[-108.55776,42.96608],[-108.55561,42.96748],[-108.55818,42.96702],[-108.55813,42.97019],[-108.56191,42.96801],[-108.56564,42.97079],[-108.57049,42.96935],[-108.57076,42.97205],[-108.57552,42.97235],[-108.57529,42.97504],[-108.58184,42.97073],[-108.58273,42.97265],[-108.58671,42.97164],[-108.58667,42.97552],[-108.59391,42.97572],[-108.59028,42.9781],[-108.59355,42.97767],[-108.59347,42.98051],[-108.59595,42.97933],[-108.59568,42.98196],[-108.59917,42.98264],[-108.59765,42.98],[-108.60617,42.98103],[-108.60632,42.92368],[-108.61186,42.92471],[-108.62877,42.93328],[-108.69855,42.95107],[-108.72182,42.95437],[-108.71549,42.95963],[-108.71542,42.97582],[-108.70692,42.9795],[-108.70053,42.97902],[-108.69563,42.98281],[-108.67657,42.9835],[-108.67656,42.99786],[-108.72213,42.99733],[-108.72172,42.99921],[-108.72391,43.00031],[-108.72384,42.99732],[-108.75548,42.99728],[-108.75552,43.04092]]]}},{"type":"Feature","id":"82723","properties":{"zip":"82723","pop":null,"city":"","county":"Weston","state":"Wyoming","area":98.4,"lat":43.98913,"lon":-104.42387},"geometry":{"type":"Polygon","coordinates":[[[-104.58617,43.8943],[-104.58491,43.8989],[-104.5791,43.90229],[-104.5791,43.91862],[-104.49086,43.91786],[-104.49069,43.95316],[-104.52631,43.95295],[-104.53233,43.95536],[-104.53211,43.95943],[-104.53472,43.96259],[-104.52162,43.96584],[-104.50464,43.96344],[-104.50351,43.96424],[-104.50721,43.96714],[-104.50502,43.96986],[-104.50565,43.97431],[-104.50333,43.97498],[-104.50564,43.97558],[-104.50157,43.97692],[-104.50501,43.98078],[-104.50384,43.98235],[-104.50822,43.98442],[-104.50617,43.9855],[-104.50937,43.98514],[-104.51279,43.99017],[-104.51103,43.99236],[-104.51311,43.99326],[-104.51289,43.99513],[-104.51448,43.99394],[-104.51563,43.99585],[-104.51347,43.99562],[-104.51682,43.99918],[-104.51489,43.99998],[-104.51406,44.00396],[-104.51595,44.0052],[-104.51394,44.00549],[-104.51544,44.00659],[-104.51444,44.00885],[-104.50285,44.00502],[-104.50467,44.00746],[-104.5007,44.00837],[-104.50336,44.00993],[-104.50014,44.0127],[-104.50279,44.01409],[-104.50128,44.01599],[-104.50575,44.01596],[-104.50316,44.01992],[-104.49956,44.01967],[-104.49749,44.02248],[-104.49614,44.02143],[-104.4972,44.02017],[-104.49415,44.01967],[-104.48721,44.0209],[-104.4835,44.01659],[-104.48146,44.01879],[-104.47565,44.01833],[-104.47397,44.0226],[-104.4756,44.02774],[-104.47236,44.03107],[-104.47365,44.04228],[-104.46625,44.05348],[-104.45455,44.04847],[-104.45023,44.04319],[-104.45114,44.04892],[-104.43964,44.05286],[-104.43778,44.05989],[-104.44003,44.0707],[-104.43643,44.07621],[-104.43186,44.07559],[-104.42865,44.07903],[-104.43052,44.09298],[-104.40122,44.09284],[-104.40195,44.09802],[-104.4,44.09898],[-104.40219,44.10921],[-104.40149,44.11732],[-104.4064,44.1343],[-104.40477,44.13834],[-104.40832,44.13905],[-104.40842,44.14256],[-104.4049,44.14247],[-104.40275,44.14533],[-104.40682,44.15158],[-104.40279,44.14964],[-104.40092,44.15205],[-104.39597,44.15183],[-104.39516,44.18139],[-104.34182,44.18089],[-104.34392,44.1745],[-104.34054,44.17151],[-104.34204,44.17064],[-104.33873,44.16581],[-104.34996,44.16178],[-104.35703,44.16167],[-104.35737,44.11904],[-104.351,44.12063],[-104.33233,44.11718],[-104.33222,44.10999],[-104.32273,44.09648],[-104.31135,44.0967],[-104.30178,44.0923],[-104.29993,44.0868],[-104.31177,44.07482],[-104.3207,44.0761],[-104.33045,44.07229],[-104.33704,44.06425],[-104.34072,44.06333],[-104.34134,44.05585],[-104.3392,44.05537],[-104.35703,44.04147],[-104.35669,44.00013],[-104.34599,44.0061],[-104.34703,43.99427],[-104.35205,43.9866],[-104.34983,43.98282],[-104.34855,43.98446],[-104.34352,43.98279],[-104.33734,43.98478],[-104.31719,43.99703],[-104.31789,43.99264],[-104.31609,43.99255],[-104.31527,43.98988],[-104.3141,43.98],[-104.31115,43.97679],[-104.31073,43.97309],[-104.30453,43.968],[-104.30568,43.95538],[-104.30997,43.94767],[-104.30466,43.94575],[-104.30034,43.94091],[-104.29964,43.93507],[-104.30394,43.929],[-104.30873,43.92652],[-104.37929,43.95786],[-104.37205,43.94591],[-104.37729,43.94571],[-104.38174,43.94969],[-104.39058,43.94944],[-104.40769,43.9639],[-104.38807,43.9468],[-104.39374,43.94268],[-104.40009,43.94125],[-104.3918,43.93806],[-104.38789,43.93379],[-104.38824,43.9265],[-104.38619,43.92386],[-104.39638,43.92148],[-104.39854,43.92347],[-104.40735,43.91421],[-104.40701,43.89533],[-104.40438,43.88929],[-104.40523,43.88404],[-104.40287,43.88123],[-104.39357,43.88206],[-104.39127,43.87895],[-104.38636,43.86798],[-104.38982,43.85872],[-104.50303,43.85887],[-104.50376,43.86274],[-104.50663,43.86538],[-104.53314,43.87347],[-104.56057,43.86578],[-104.57324,43.87276],[-104.572,43.88668],[-104.58602,43.88964],[-104.58617,43.8943]]]}},{"type":"Feature","id":"82213","properties":{"zip":"82213","pop":null,"city":"","county":"Platte","state":"Wyoming","area":306.34,"lat":42.50217,"lon":-105.00676},"geometry":{"type":"Polygon","coordinates":[[[-105.28651,42.60583],[-104.87294,42.60989],[-104.65564,42.60947],[-104.65518,42.52187],[-104.66467,42.52382],[-104.7185,42.52347],[-104.72442,42.52566],[-104.72423,42.52305],[-104.7288,42.51921],[-104.74036,42.51664],[-104.74162,42.51231],[-104.73721,42.50719],[-104.73813,42.50197],[-104.73166,42.49595],[-104.73089,42.49105],[-104.71985,42.48126],[-104.7206,42.47788],[-104.71371,42.47038],[-104.71698,42.4562],[-104.71418,42.45066],[-104.72919,42.44822],[-104.73252,42.44573],[-104.73059,42.4413],[-104.73287,42.44006],[-104.74237,42.44149],[-104.7489,42.45125],[-104.77662,42.45349],[-104.77833,42.45918],[-104.79151,42.46558],[-104.81276,42.46532],[-104.81273,42.47259],[-104.83293,42.47207],[-104.83297,42.47568],[-104.85224,42.47489],[-104.85241,42.47882],[-104.86257,42.47875],[-104.86239,42.4653],[-104.88673,42.4654],[-104.88349,42.47398],[-104.8911,42.48119],[-104.89458,42.48137],[-104.89196,42.47732],[-104.91115,42.46592],[-104.91384,42.45974],[-104.91322,42.45441],[-104.91538,42.45343],[-104.9168,42.44853],[-104.91477,42.43407],[-104.92533,42.42675],[-104.92576,42.42229],[-104.92824,42.42031],[-104.92843,42.41125],[-104.93173,42.40567],[-104.93145,42.40036],[-104.92744,42.39791],[-104.91963,42.3967],[-104.90854,42.38917],[-104.89921,42.3859],[-104.89917,42.38292],[-104.88943,42.38356],[-104.88934,42.37996],[-104.90403,42.379],[-104.90392,42.3862],[-104.91367,42.38608],[-104.9089,42.38186],[-104.91356,42.38338],[-104.91756,42.39056],[-104.93597,42.39281],[-104.93628,42.38885],[-104.93321,42.38573],[-104.92875,42.37445],[-104.9338,42.36842],[-104.93384,42.3639],[-104.93991,42.36789],[-104.94743,42.37715],[-104.9483,42.37288],[-104.96728,42.38038],[-104.96824,42.39441],[-104.98362,42.39437],[-104.98269,42.38515],[-104.99537,42.37327],[-104.99054,42.36334],[-104.99428,42.3594],[-104.96167,42.33881],[-104.94229,42.32198],[-104.94422,42.31034],[-104.94286,42.30041],[-104.95185,42.29923],[-104.95506,42.29346],[-104.95897,42.29619],[-104.96214,42.29206],[-104.97006,42.29225],[-104.97482,42.28677],[-104.9857,42.28847],[-105.00448,42.2868],[-105.01017,42.28787],[-105.0155,42.28585],[-105.03387,42.28713],[-105.03986,42.2894],[-105.04878,42.28597],[-105.04686,42.29251],[-105.04676,42.37987],[-105.04415,42.39608],[-105.04572,42.39621],[-105.04606,42.40781],[-105.05047,42.40747],[-105.05263,42.4117],[-105.04845,42.41197],[-105.04899,42.4158],[-105.05428,42.4199],[-105.0694,42.42487],[-105.08065,42.44154],[-105.08675,42.44362],[-105.08755,42.45184],[-105.11602,42.4457],[-105.1458,42.42915],[-105.16742,42.43069],[-105.19053,42.42481],[-105.18145,42.42101],[-105.17903,42.40581],[-105.19002,42.38535],[-105.20608,42.38101],[-105.22544,42.36993],[-105.23362,42.36851],[-105.2496,42.3709],[-105.26103,42.37026],[-105.27957,42.364],[-105.28193,42.36104],[-105.28375,42.3805],[-105.28391,42.4314],[-105.28226,42.43133],[-105.28651,42.60583]]]}},{"type":"Feature","id":"83128","properties":{"zip":"83128","pop":null,"city":"","county":"Lincoln","state":"Wyoming","area":272.88,"lat":43.14759,"lon":-110.79179},"geometry":{"type":"Polygon","coordinates":[[[-111.04462,43.31572],[-110.9279,43.31596],[-110.92788,43.3135],[-110.814,43.31394],[-110.81399,43.23518],[-110.57866,43.23522],[-110.57858,43.12631],[-110.58799,43.12615],[-110.58862,42.9528],[-110.60732,42.96896],[-110.61121,42.97705],[-110.61571,42.97781],[-110.62796,42.97524],[-110.61802,42.95867],[-110.62327,42.9554],[-110.62277,42.95372],[-110.63572,42.94876],[-110.63674,42.94215],[-110.63988,42.94287],[-110.64664,42.93881],[-110.65378,42.93782],[-110.66572,42.93858],[-110.68345,42.9432],[-110.6949,42.94218],[-110.70359,42.94631],[-110.71178,42.94343],[-110.72124,42.94383],[-110.72118,42.95273],[-110.72496,42.95621],[-110.723,42.95738],[-110.72722,42.95842],[-110.72768,42.96026],[-110.7251,42.95989],[-110.73792,42.96362],[-110.75204,42.96103],[-110.76281,42.96481],[-110.76749,42.96829],[-110.77129,42.98141],[-110.77454,42.98542],[-110.78752,42.99549],[-110.79782,42.99916],[-110.80113,43.00214],[-110.80619,43.02239],[-110.81385,43.03478],[-110.81177,43.04166],[-110.81501,43.04923],[-110.82993,43.06154],[-110.83338,43.06908],[-110.83648,43.0687],[-110.83861,43.0764],[-110.841,43.07879],[-110.84089,43.08342],[-110.84783,43.09312],[-110.84603,43.10078],[-110.84914,43.10551],[-110.84814,43.10926],[-110.85327,43.11727],[-110.85869,43.11915],[-110.85958,43.12258],[-110.86508,43.12688],[-110.86549,43.13224],[-110.86975,43.1384],[-110.87188,43.14581],[-110.88356,43.14356],[-110.8975,43.13639],[-110.90191,43.13896],[-110.90855,43.13968],[-110.912,43.14243],[-110.92004,43.14095],[-110.93745,43.14362],[-110.9759,43.14315],[-110.99232,43.14734],[-111.00566,43.15669],[-111.01653,43.1567],[-111.0164,43.14231],[-111.02085,43.14243],[-111.02094,43.12782],[-110.99147,43.12764],[-110.99196,43.0982],[-110.99591,43.09806],[-111.00498,43.09273],[-111.01745,43.09086],[-111.02181,43.09243],[-111.02333,43.1009],[-111.02636,43.10303],[-111.0264,43.10062],[-111.03347,43.09495],[-111.03475,43.0914],[-111.04416,43.09065],[-111.04462,43.31572]]]}},{"type":"Feature","id":"82007","properties":{"zip":"82007","pop":null,"city":"Cheyenne","county":"Laramie","state":"Wyoming","area":147.38,"lat":41.06224,"lon":-104.75571},"geometry":{"type":"Polygon","coordinates":[[[-105.08915,41.00766],[-105.07912,41.00835],[-105.07462,41.01049],[-105.07364,41.0132],[-105.07944,41.01748],[-105.07919,41.02248],[-105.04466,41.01999],[-105.04013,41.02054],[-105.0426,41.02405],[-105.02638,41.02573],[-105.02021,41.02868],[-105.02629,41.03062],[-105.0345,41.0398],[-105.0015,41.03665],[-104.99067,41.04338],[-104.98574,41.04435],[-104.97991,41.0441],[-104.97707,41.0408],[-104.97093,41.03923],[-104.96689,41.04479],[-104.96697,41.04785],[-104.95538,41.04816],[-104.954,41.04585],[-104.95134,41.0456],[-104.93758,41.0468],[-104.93457,41.04871],[-104.94001,41.05183],[-104.94393,41.05932],[-104.93923,41.05991],[-104.93443,41.0644],[-104.93198,41.06453],[-104.9426,41.07368],[-104.89348,41.07368],[-104.89991,41.09294],[-104.89682,41.09901],[-104.88346,41.10318],[-104.87314,41.10928],[-104.84013,41.12273],[-104.8053,41.13477],[-104.78658,41.13008],[-104.75166,41.12825],[-104.71299,41.14627],[-104.69631,41.14926],[-104.68464,41.14915],[-104.6829,41.14706],[-104.70426,41.13505],[-104.70292,41.1327],[-104.69116,41.13527],[-104.68503,41.13401],[-104.6822,41.13567],[-104.67661,41.13378],[-104.67053,41.14002],[-104.65324,41.1405],[-104.65349,41.14373],[-104.56529,41.14267],[-104.56532,41.13748],[-104.56069,41.13747],[-104.56074,41.13025],[-104.56398,41.13005],[-104.56698,41.11894],[-104.55906,41.11691],[-104.5442,41.11837],[-104.54163,41.11626],[-104.53259,41.11663],[-104.52302,41.1136],[-104.52322,41.10121],[-104.52822,41.10109],[-104.5285,41.09767],[-104.53807,41.09765],[-104.53803,41.09003],[-104.52309,41.09007],[-104.5231,41.07227],[-104.50386,41.07197],[-104.50405,41.05762],[-104.55946,41.05781],[-104.56127,41.04177],[-104.57115,41.04214],[-104.57937,41.03692],[-104.58088,41.02909],[-104.59928,41.02886],[-104.59953,41.00133],[-104.85527,40.99805],[-105.08004,40.99814],[-105.0844,40.9994],[-105.08426,41.00594],[-105.08915,41.00766]]]}},{"type":"Feature","id":"82440","properties":{"zip":"82440","pop":null,"city":"Ralston","county":"Park","state":"Wyoming","area":0.43,"lat":44.7175,"lon":-108.86746},"geometry":{"type":"Polygon","coordinates":[[[-108.88686,44.71192],[-108.86495,44.7215],[-108.86723,44.72308],[-108.86449,44.72622],[-108.85575,44.7216],[-108.85565,44.71501],[-108.86368,44.71433],[-108.86473,44.71677],[-108.87732,44.71094],[-108.88839,44.71169],[-108.88686,44.71192]]]}},{"type":"Feature","id":"82219","properties":{"zip":"82219","pop":null,"city":"","county":"Goshen","state":"Wyoming","area":119.31,"lat":42.49757,"lon":-104.50639},"geometry":{"type":"Polygon","coordinates":[[[-104.65564,42.60947],[-104.43831,42.60973],[-104.4395,42.56607],[-104.43015,42.55953],[-104.42693,42.55489],[-104.41957,42.55338],[-104.41871,42.54203],[-104.42167,42.53854],[-104.49249,42.53861],[-104.4854,42.53316],[-104.46718,42.52572],[-104.45888,42.51862],[-104.4408,42.51049],[-104.41464,42.50165],[-104.39511,42.49855],[-104.3883,42.49298],[-104.37308,42.48627],[-104.36151,42.48606],[-104.36809,42.46492],[-104.36084,42.4521],[-104.35547,42.45091],[-104.35721,42.44982],[-104.3556,42.44655],[-104.34761,42.44682],[-104.3454,42.44431],[-104.34796,42.44382],[-104.34159,42.44273],[-104.34311,42.44127],[-104.33962,42.44038],[-104.34399,42.43915],[-104.33981,42.43592],[-104.34066,42.43355],[-104.33854,42.43207],[-104.33996,42.42822],[-104.34406,42.42873],[-104.34301,42.42708],[-104.34597,42.42798],[-104.34502,42.42612],[-104.34667,42.42495],[-104.35165,42.42475],[-104.35218,42.42228],[-104.34884,42.42153],[-104.35362,42.42179],[-104.35525,42.42],[-104.35206,42.41733],[-104.35651,42.41663],[-104.35824,42.41395],[-104.36269,42.41571],[-104.36123,42.41309],[-104.36612,42.41155],[-104.37086,42.40709],[-104.38089,42.40575],[-104.38043,42.40373],[-104.39255,42.39964],[-104.40019,42.39973],[-104.40017,42.39122],[-104.47843,42.3924],[-104.47899,42.37711],[-104.51893,42.39917],[-104.51804,42.36311],[-104.55736,42.36342],[-104.55738,42.37955],[-104.58668,42.37845],[-104.5873,42.3961],[-104.57777,42.39619],[-104.57724,42.40715],[-104.55804,42.41075],[-104.5586,42.43702],[-104.56194,42.43698],[-104.56093,42.46397],[-104.56483,42.46953],[-104.58103,42.46651],[-104.58836,42.46831],[-104.58996,42.47666],[-104.59614,42.47468],[-104.59661,42.49062],[-104.60007,42.49542],[-104.59779,42.4956],[-104.59788,42.50271],[-104.59566,42.50152],[-104.58685,42.50433],[-104.5824,42.50887],[-104.5756,42.51022],[-104.57346,42.51623],[-104.56061,42.51759],[-104.56075,42.52205],[-104.65518,42.5223],[-104.65564,42.60947]]]}},{"type":"Feature","id":"82227","properties":{"zip":"82227","pop":null,"city":"","county":"Niobrara","state":"Wyoming","area":183.6,"lat":42.72055,"lon":-104.72901},"geometry":{"type":"Polygon","coordinates":[[[-104.89348,42.78282],[-104.87277,42.78052],[-104.84524,42.78072],[-104.83848,42.78274],[-104.84979,42.79131],[-104.85063,42.79779],[-104.84153,42.80517],[-104.84219,42.81234],[-104.83734,42.81208],[-104.83738,42.82676],[-104.8014,42.82611],[-104.79854,42.829],[-104.78685,42.83291],[-104.7733,42.83425],[-104.76024,42.82981],[-104.76273,42.8413],[-104.75924,42.84386],[-104.7581,42.84939],[-104.75456,42.85242],[-104.75554,42.85789],[-104.7494,42.86506],[-104.75088,42.86711],[-104.74747,42.87031],[-104.74782,42.87889],[-104.73936,42.88764],[-104.7367,42.89438],[-104.71953,42.89384],[-104.72257,42.89226],[-104.7142,42.88051],[-104.6944,42.8687],[-104.68583,42.86781],[-104.67815,42.87132],[-104.65869,42.86543],[-104.64193,42.86422],[-104.62817,42.85907],[-104.62396,42.85415],[-104.62448,42.84996],[-104.62017,42.84333],[-104.61818,42.82711],[-104.61798,42.78282],[-104.61284,42.78152],[-104.61195,42.77669],[-104.61783,42.77365],[-104.61739,42.71164],[-104.61501,42.69583],[-104.60636,42.6937],[-104.5954,42.69513],[-104.57964,42.69268],[-104.5738,42.69365],[-104.57203,42.69567],[-104.56147,42.69431],[-104.54953,42.69136],[-104.54931,42.68336],[-104.54738,42.68086],[-104.53569,42.67867],[-104.53577,42.64473],[-104.52625,42.6383],[-104.5313,42.62652],[-104.53174,42.60928],[-104.89244,42.60894],[-104.89348,42.78282]]]}},{"type":"Feature","id":"82933","properties":{"zip":"82933","pop":null,"city":"Fort Bridger","county":"Uinta","state":"Wyoming","area":58.25,"lat":41.26859,"lon":-110.45422},"geometry":{"type":"Polygon","coordinates":[[[-110.65896,41.17147],[-110.64694,41.17594],[-110.63074,41.18944],[-110.61706,41.21616],[-110.60994,41.21944],[-110.6091,41.22255],[-110.61138,41.22667],[-110.60828,41.23329],[-110.60641,41.23073],[-110.60841,41.2283],[-110.59857,41.22368],[-110.59217,41.22308],[-110.58576,41.21864],[-110.57371,41.22228],[-110.57407,41.22554],[-110.57974,41.22863],[-110.58004,41.23382],[-110.56657,41.23747],[-110.55526,41.24304],[-110.52534,41.24317],[-110.52544,41.2944],[-110.508,41.31168],[-110.5085,41.32348],[-110.50072,41.3252],[-110.48952,41.33792],[-110.49018,41.32945],[-110.48815,41.32794],[-110.44702,41.3369],[-110.44122,41.34614],[-110.42944,41.33981],[-110.38855,41.35092],[-110.39006,41.34595],[-110.372,41.35393],[-110.35433,41.355],[-110.35442,41.34822],[-110.36278,41.34814],[-110.36288,41.3388],[-110.36826,41.33819],[-110.36954,41.33449],[-110.37536,41.32995],[-110.37454,41.32559],[-110.38424,41.30924],[-110.38405,41.29917],[-110.38093,41.29299],[-110.3858,41.28706],[-110.33644,41.2872],[-110.34049,41.27314],[-110.34131,41.27495],[-110.346,41.27494],[-110.34599,41.27293],[-110.34828,41.27293],[-110.34596,41.26959],[-110.34635,41.26218],[-110.35687,41.261],[-110.36226,41.25225],[-110.36789,41.24792],[-110.36803,41.24376],[-110.37316,41.24083],[-110.37179,41.23805],[-110.3788,41.22284],[-110.38727,41.21757],[-110.40087,41.21396],[-110.401,41.2112],[-110.40872,41.20351],[-110.41802,41.19994],[-110.42095,41.19573],[-110.4299,41.19168],[-110.43353,41.18533],[-110.44588,41.18524],[-110.44581,41.19577],[-110.45045,41.19967],[-110.45183,41.20855],[-110.45038,41.22898],[-110.50582,41.22894],[-110.50605,41.23258],[-110.51085,41.23275],[-110.52543,41.23111],[-110.53372,41.21313],[-110.54018,41.20446],[-110.54725,41.20928],[-110.5539,41.20519],[-110.57318,41.20242],[-110.57995,41.20494],[-110.59329,41.20588],[-110.59789,41.20963],[-110.60532,41.20623],[-110.61235,41.19821],[-110.61272,41.19519],[-110.61595,41.19758],[-110.61531,41.201],[-110.62008,41.20094],[-110.62009,41.19575],[-110.63173,41.18433],[-110.63214,41.17784],[-110.63398,41.17961],[-110.64007,41.17474],[-110.64395,41.17509],[-110.6438,41.17347],[-110.65123,41.17339],[-110.65984,41.17036],[-110.65896,41.17147]]]}},{"type":"Feature","id":"82450","properties":{"zip":"82450","pop":null,"city":"","county":"Park","state":"Wyoming","area":24.33,"lat":44.50404,"lon":-109.43369},"geometry":{"type":"Polygon","coordinates":[[[-109.51887,44.48457],[-109.51553,44.48794],[-109.51652,44.49066],[-109.51482,44.49439],[-109.51729,44.49841],[-109.51501,44.50319],[-109.5153,44.50848],[-109.50965,44.51212],[-109.50896,44.52003],[-109.5073,44.52136],[-109.4421,44.52137],[-109.44211,44.56199],[-109.43875,44.56285],[-109.42717,44.56272],[-109.4246,44.56049],[-109.41002,44.55875],[-109.4031,44.55046],[-109.38116,44.54166],[-109.37971,44.53929],[-109.38166,44.53233],[-109.37523,44.52313],[-109.37514,44.5188],[-109.36931,44.51154],[-109.36943,44.50941],[-109.35781,44.50174],[-109.35102,44.48626],[-109.3312,44.4875],[-109.33116,44.48253],[-109.33724,44.48201],[-109.33878,44.47859],[-109.35402,44.479],[-109.36251,44.4813],[-109.37186,44.48],[-109.37722,44.47633],[-109.37915,44.4786],[-109.38344,44.47914],[-109.38827,44.47563],[-109.39286,44.47612],[-109.39486,44.47239],[-109.40093,44.47396],[-109.41007,44.47122],[-109.41362,44.47415],[-109.41583,44.47161],[-109.43657,44.46832],[-109.45079,44.46245],[-109.47191,44.46285],[-109.47049,44.46535],[-109.47675,44.46823],[-109.47579,44.46974],[-109.48769,44.47231],[-109.49826,44.47129],[-109.50072,44.46771],[-109.50885,44.46491],[-109.51166,44.46638],[-109.5099,44.46989],[-109.51576,44.48087],[-109.52048,44.4846],[-109.51887,44.48457]]]}},{"type":"Feature","id":"82422","properties":{"zip":"82422","pop":null,"city":"","county":"Big Horn","state":"Wyoming","area":7.75,"lat":44.49761,"lon":-108.37924},"geometry":{"type":"Polygon","coordinates":[[[-108.44395,44.49138],[-108.43605,44.49957],[-108.42241,44.50576],[-108.42268,44.51511],[-108.41676,44.51339],[-108.4078,44.52007],[-108.40411,44.51863],[-108.39834,44.52015],[-108.39773,44.52197],[-108.39515,44.52111],[-108.395,44.52461],[-108.39258,44.52562],[-108.3917,44.52018],[-108.37146,44.52036],[-108.37131,44.50579],[-108.31096,44.50594],[-108.31097,44.49135],[-108.31644,44.49126],[-108.33036,44.49606],[-108.34932,44.49385],[-108.35078,44.49115],[-108.34811,44.48874],[-108.35012,44.4847],[-108.34361,44.47855],[-108.34693,44.47414],[-108.34539,44.47259],[-108.37482,44.47257],[-108.37506,44.47581],[-108.38685,44.47573],[-108.39135,44.48356],[-108.39158,44.49842],[-108.4119,44.49169],[-108.41185,44.49005],[-108.41945,44.48721],[-108.44242,44.48703],[-108.44201,44.49104],[-108.44395,44.49138]]]}},{"type":"Feature","id":"82221","properties":{"zip":"82221","pop":null,"city":"","county":"Goshen","state":"Wyoming","area":245.22,"lat":41.63824,"lon":-104.34242},"geometry":{"type":"Polygon","coordinates":[[[-104.65332,41.63761],[-104.65331,41.69586],[-104.47886,41.69632],[-104.47854,41.74063],[-104.46263,41.7405],[-104.43709,41.73191],[-104.40241,41.72554],[-104.39274,41.72642],[-104.39039,41.72892],[-104.38827,41.73769],[-104.38402,41.74046],[-104.32382,41.74039],[-104.32367,41.71021],[-104.22494,41.70951],[-104.20827,41.70965],[-104.20833,41.72801],[-104.20421,41.72071],[-104.19652,41.71647],[-104.19623,41.72003],[-104.18336,41.7223],[-104.18203,41.72466],[-104.17761,41.72094],[-104.16928,41.72034],[-104.16912,41.74008],[-104.14984,41.74005],[-104.14994,41.70969],[-104.05281,41.70984],[-104.05254,41.56427],[-104.11386,41.56427],[-104.10315,41.54289],[-104.10299,41.53015],[-104.09657,41.52004],[-104.09209,41.51771],[-104.09628,41.51765],[-104.10234,41.52236],[-104.11575,41.51236],[-104.12683,41.51049],[-104.12238,41.52745],[-104.13108,41.52786],[-104.13129,41.53148],[-104.1555,41.53027],[-104.15334,41.53757],[-104.1589,41.54495],[-104.15375,41.54813],[-104.15196,41.55214],[-104.14651,41.55262],[-104.14636,41.55587],[-104.14809,41.55676],[-104.14384,41.56072],[-104.14411,41.5644],[-104.65299,41.56501],[-104.65332,41.63761]]]}},{"type":"Feature","id":"82430","properties":{"zip":"82430","pop":null,"city":"Kirby","county":"Hot Springs","state":"Wyoming","area":2.88,"lat":43.80465,"lon":-108.17931},"geometry":{"type":"Polygon","coordinates":[[[-108.20448,43.8325],[-108.20267,43.84013],[-108.19685,43.8477],[-108.18537,43.84824],[-108.19383,43.83414],[-108.19972,43.831],[-108.20175,43.82625],[-108.19778,43.82518],[-108.19619,43.82836],[-108.19398,43.82823],[-108.18842,43.82467],[-108.17616,43.82287],[-108.17264,43.81986],[-108.1788,43.81633],[-108.17553,43.8097],[-108.16581,43.80935],[-108.17298,43.80051],[-108.17237,43.79881],[-108.16662,43.79884],[-108.16368,43.79659],[-108.17037,43.78743],[-108.16386,43.78112],[-108.16392,43.77703],[-108.16104,43.77683],[-108.15886,43.78037],[-108.15487,43.78103],[-108.14942,43.77087],[-108.16332,43.75698],[-108.16797,43.75747],[-108.16753,43.77358],[-108.17373,43.79464],[-108.17928,43.80203],[-108.18116,43.80132],[-108.17902,43.79845],[-108.18056,43.79842],[-108.18346,43.80197],[-108.19033,43.80288],[-108.20231,43.8237],[-108.20448,43.8325]]]}},{"type":"Feature","id":"82310","properties":{"zip":"82310","pop":null,"city":"Jeffrey City","county":"Fremont","state":"Wyoming","area":37.46,"lat":42.44543,"lon":-107.8775},"geometry":{"type":"Polygon","coordinates":[[[-107.96698,42.41747],[-107.96443,42.42326],[-107.95073,42.43104],[-107.94682,42.43197],[-107.94641,42.42712],[-107.93684,42.44662],[-107.93141,42.4473],[-107.92849,42.46117],[-107.93065,42.46672],[-107.92838,42.47997],[-107.9212,42.49405],[-107.92125,42.50309],[-107.91483,42.51064],[-107.82898,42.49511],[-107.82573,42.49403],[-107.82739,42.49193],[-107.82335,42.48791],[-107.82008,42.49339],[-107.80423,42.49041],[-107.74801,42.48806],[-107.747,42.4802],[-107.75399,42.47766],[-107.75807,42.47134],[-107.78067,42.46809],[-107.7992,42.46072],[-107.80913,42.46034],[-107.81763,42.45693],[-107.82837,42.44943],[-107.8323,42.44181],[-107.84329,42.43408],[-107.85306,42.42124],[-107.8521,42.41857],[-107.85408,42.41712],[-107.85604,42.40235],[-107.8761,42.40227],[-107.86572,42.39385],[-107.86074,42.394],[-107.86072,42.39094],[-107.86705,42.38507],[-107.86774,42.38083],[-107.87313,42.37902],[-107.88194,42.36984],[-107.899,42.35983],[-107.91018,42.36192],[-107.91117,42.36326],[-107.9091,42.36649],[-107.91622,42.36646],[-107.92119,42.36992],[-107.92517,42.36837],[-107.92563,42.3717],[-107.91738,42.38208],[-107.91853,42.38691],[-107.93971,42.39431],[-107.94569,42.3926],[-107.94628,42.3958],[-107.95325,42.39806],[-107.95341,42.40956],[-107.95847,42.41587],[-107.95739,42.42014],[-107.96282,42.42103],[-107.96698,42.41747]]]}},{"type":"Feature","id":"83110","properties":{"zip":"83110","pop":null,"city":"Afton","county":"Lincoln","state":"Wyoming","area":111.44,"lat":42.72408,"lon":-110.90112},"geometry":{"type":"Polygon","coordinates":[[[-111.04359,42.72136],[-111.0438,42.78536],[-111.02678,42.78609],[-111.00756,42.78298],[-111.00744,42.78572],[-110.99791,42.78574],[-110.9979,42.794],[-110.93825,42.79399],[-110.9378,42.79061],[-110.92856,42.79084],[-110.92855,42.79399],[-110.9153,42.79362],[-110.90557,42.79602],[-110.89318,42.80739],[-110.89718,42.8273],[-110.89922,42.82997],[-110.89819,42.83431],[-110.89544,42.83656],[-110.80839,42.83506],[-110.80353,42.79572],[-110.76478,42.72705],[-110.77829,42.70892],[-110.77503,42.6655],[-110.78022,42.664],[-110.7798,42.66648],[-110.78164,42.66488],[-110.78635,42.66792],[-110.79657,42.66773],[-110.80407,42.65943],[-110.80633,42.65426],[-110.81636,42.65111],[-110.81801,42.63872],[-110.85156,42.62916],[-110.85749,42.61586],[-110.86453,42.61259],[-110.8806,42.61041],[-110.88995,42.6105],[-110.89864,42.61328],[-110.90369,42.62046],[-110.90337,42.62837],[-110.90834,42.622],[-110.91166,42.62071],[-110.9172,42.62347],[-110.91865,42.62754],[-110.92112,42.62757],[-110.92111,42.62959],[-110.92389,42.63117],[-110.93336,42.63112],[-110.93342,42.6203],[-110.94708,42.61953],[-110.96237,42.64495],[-110.97073,42.6659],[-110.9795,42.67786],[-110.9875,42.6778],[-110.98882,42.66569],[-110.99744,42.66519],[-110.99296,42.66824],[-110.99715,42.67524],[-111.00032,42.6769],[-111.00039,42.68144],[-110.99375,42.68342],[-110.99222,42.68831],[-110.98266,42.68877],[-110.98269,42.69241],[-110.99902,42.69234],[-111.00637,42.67572],[-111.01757,42.67056],[-111.02557,42.66948],[-111.04471,42.65704],[-111.04359,42.72136]]]}},{"type":"Feature","id":"82945","properties":{"zip":"82945","pop":null,"city":"","county":"Sweetwater","state":"Wyoming","area":51.19,"lat":41.7199,"lon":-108.93877},"geometry":{"type":"Polygon","coordinates":[[[-109.06122,41.72277],[-109.05817,41.72373],[-109.05768,41.72686],[-109.0513,41.73187],[-109.04424,41.73539],[-109.03866,41.73427],[-109.02131,41.7382],[-109.00797,41.73829],[-109.0036,41.74158],[-109.00109,41.74073],[-108.99689,41.74279],[-109.00218,41.74577],[-109.00209,41.75231],[-109.00392,41.75373],[-109.00199,41.7595],[-109.02268,41.76115],[-109.01442,41.76622],[-109.0161,41.77016],[-109.01307,41.7734],[-109.01249,41.77745],[-108.99755,41.78126],[-108.98965,41.77614],[-108.99029,41.78033],[-108.98526,41.78558],[-108.97915,41.78729],[-108.97998,41.79168],[-108.97546,41.79447],[-108.96097,41.79102],[-108.95541,41.78455],[-108.93894,41.77456],[-108.93274,41.77326],[-108.93074,41.76891],[-108.93217,41.76854],[-108.9279,41.76198],[-108.91633,41.75926],[-108.91084,41.76042],[-108.90742,41.75823],[-108.90678,41.75523],[-108.88063,41.74944],[-108.87656,41.75053],[-108.87194,41.74825],[-108.85616,41.75058],[-108.84455,41.74968],[-108.84151,41.74769],[-108.83575,41.73483],[-108.82914,41.73408],[-108.81615,41.72335],[-108.81073,41.72298],[-108.79379,41.71282],[-108.78712,41.69209],[-108.7942,41.69197],[-108.79422,41.69396],[-108.80631,41.69326],[-108.80345,41.68295],[-108.8163,41.68842],[-108.83909,41.6882],[-108.86646,41.69381],[-108.88346,41.69091],[-108.90025,41.692],[-108.91739,41.68516],[-108.92379,41.67467],[-108.92831,41.67179],[-108.93854,41.66945],[-108.96797,41.66761],[-108.99589,41.65664],[-108.99832,41.65832],[-109.00487,41.65746],[-109.0081,41.66179],[-109.0125,41.66045],[-109.01306,41.66477],[-109.01702,41.66834],[-109.01984,41.67684],[-109.02986,41.68414],[-109.03381,41.69123],[-109.03769,41.69183],[-109.04457,41.69721],[-109.04913,41.70541],[-109.05701,41.70873],[-109.05454,41.71685],[-109.05936,41.71948],[-109.06122,41.72277]]]}},{"type":"Feature","id":"82334","properties":{"zip":"82334","pop":null,"city":"","county":"Carbon","state":"Wyoming","area":130.97,"lat":41.92846,"lon":-106.96778},"geometry":{"type":"Polygon","coordinates":[[[-107.1579,41.76807],[-107.15206,41.76939],[-107.15469,41.77263],[-107.13996,41.77668],[-107.13986,41.78409],[-107.13307,41.78414],[-107.11852,41.80112],[-107.11853,41.80361],[-107.10284,41.81063],[-107.07519,41.86296],[-107.06676,41.88645],[-107.03627,41.91012],[-107.01423,41.95784],[-107.00968,41.97011],[-107.00707,41.98654],[-106.9956,41.99858],[-106.95964,42.04651],[-106.93959,42.06624],[-106.94282,42.07002],[-106.9509,42.0716],[-106.94906,42.07345],[-106.95173,42.07693],[-106.96432,42.07946],[-106.94541,42.08599],[-106.95744,42.08816],[-106.97215,42.08765],[-106.97412,42.09183],[-106.95529,42.09826],[-106.94068,42.09944],[-106.94056,42.16291],[-106.93869,42.17193],[-106.88318,42.17194],[-106.89462,42.16367],[-106.90304,42.16478],[-106.90799,42.15992],[-106.9082,42.15497],[-106.90264,42.15397],[-106.8934,42.14518],[-106.88937,42.14666],[-106.88439,42.1446],[-106.88086,42.13898],[-106.88374,42.12579],[-106.87522,42.12098],[-106.86448,42.12042],[-106.85302,42.11635],[-106.84779,42.10937],[-106.85167,42.10149],[-106.85085,42.09779],[-106.8656,42.08935],[-106.87549,42.0913],[-106.87805,42.0843],[-106.86898,42.07652],[-106.8616,42.0747],[-106.85149,42.06858],[-106.85076,42.05898],[-106.85336,42.0472],[-106.84989,42.03813],[-106.84928,42.02758],[-106.85765,42.02078],[-106.85892,42.01608],[-106.85256,42.01123],[-106.8419,42.0144],[-106.83895,42.01375],[-106.83742,42.01077],[-106.83877,42.00548],[-106.83715,41.99254],[-106.8397,41.98707],[-106.84638,41.97907],[-106.8544,41.97892],[-106.85866,41.97516],[-106.84478,41.96723],[-106.83797,41.95857],[-106.83661,41.95496],[-106.84295,41.95079],[-106.84175,41.9391],[-106.84307,41.9368],[-106.85031,41.93255],[-106.86203,41.93196],[-106.8814,41.92177],[-106.89869,41.91519],[-106.91627,41.91371],[-106.93788,41.90535],[-106.94987,41.9045],[-106.97036,41.89271],[-106.97493,41.88699],[-106.98237,41.88888],[-106.99463,41.88782],[-107.0006,41.88506],[-107.00529,41.87992],[-107.00958,41.8793],[-107.01861,41.88449],[-107.02025,41.87729],[-107.02547,41.87783],[-107.03827,41.88385],[-107.05891,41.8864],[-107.06612,41.88363],[-107.06478,41.88191],[-107.05211,41.87991],[-107.05335,41.87467],[-107.06009,41.86925],[-107.05984,41.86645],[-107.0469,41.85767],[-107.04881,41.85305],[-107.04606,41.84893],[-107.04773,41.84257],[-107.04097,41.84195],[-107.03857,41.83701],[-107.03196,41.83326],[-107.03341,41.82558],[-107.02516,41.82489],[-107.02367,41.82196],[-107.01981,41.82056],[-107.01719,41.82137],[-107.01453,41.81918],[-107.00253,41.81743],[-107.00547,41.81484],[-107.00207,41.81261],[-106.99942,41.80513],[-106.98171,41.80038],[-106.97736,41.79648],[-106.96681,41.79312],[-106.96598,41.79085],[-106.95986,41.78765],[-106.95387,41.78705],[-106.95251,41.78975],[-106.9507,41.7896],[-106.94769,41.78547],[-106.94881,41.78233],[-106.94344,41.78077],[-106.94503,41.77513],[-106.93964,41.77443],[-106.94342,41.76907],[-106.93049,41.76899],[-106.93335,41.75894],[-106.93981,41.75034],[-106.9486,41.75114],[-106.9472,41.73765],[-106.94056,41.72651],[-106.94919,41.72799],[-106.96628,41.7253],[-106.99586,41.7279],[-107.01852,41.72528],[-107.01839,41.74017],[-107.13599,41.74062],[-107.12171,41.74941],[-107.15787,41.75216],[-107.1579,41.76807]]]}},{"type":"Feature","id":"83124","properties":{"zip":"83124","pop":null,"city":"","county":"Lincoln","state":"Wyoming","area":24.06,"lat":41.74993,"lon":-110.20953},"geometry":{"type":"Polygon","coordinates":[[[-110.40304,41.75678],[-110.40071,41.76002],[-110.39281,41.76471],[-110.39643,41.77049],[-110.37026,41.77348],[-110.30909,41.77095],[-110.29297,41.77489],[-110.26631,41.79103],[-110.25642,41.79489],[-110.22072,41.79183],[-110.18154,41.77818],[-110.15475,41.77623],[-110.0807,41.72064],[-110.07541,41.70628],[-110.06556,41.69117],[-110.06162,41.67386],[-110.06392,41.67162],[-110.0544,41.65261],[-110.05673,41.65011],[-110.09512,41.6967],[-110.11766,41.71611],[-110.15167,41.73743],[-110.17275,41.75717],[-110.20454,41.77098],[-110.21358,41.77049],[-110.21639,41.76623],[-110.24263,41.76364],[-110.24025,41.76839],[-110.25299,41.76812],[-110.26059,41.77482],[-110.26631,41.76945],[-110.26898,41.7593],[-110.26889,41.7513],[-110.26037,41.74956],[-110.25646,41.74247],[-110.26037,41.73881],[-110.2605,41.73209],[-110.28601,41.73649],[-110.32073,41.7386],[-110.31975,41.74182],[-110.32152,41.74869],[-110.32021,41.75058],[-110.32309,41.75822],[-110.32577,41.75902],[-110.3379,41.75906],[-110.34496,41.75627],[-110.34651,41.75841],[-110.35682,41.75884],[-110.37463,41.7636],[-110.39017,41.76084],[-110.39335,41.75705],[-110.39446,41.75958],[-110.39643,41.75736],[-110.40066,41.7587],[-110.40127,41.75539],[-110.40304,41.75678]]]}},{"type":"Feature","id":"82321","properties":{"zip":"82321","pop":null,"city":"","county":"Carbon","state":"Wyoming","area":126.78,"lat":41.15912,"lon":-107.69702},"geometry":{"type":"Polygon","coordinates":[[[-107.9179,41.07491],[-107.91705,41.07725],[-107.8962,41.07994],[-107.88907,41.07678],[-107.88502,41.06969],[-107.90409,41.05701],[-107.88618,41.05595],[-107.87507,41.05817],[-107.86941,41.04496],[-107.86497,41.04162],[-107.84485,41.04245],[-107.82971,41.03372],[-107.81702,41.03689],[-107.80396,41.0355],[-107.78853,41.04265],[-107.77881,41.04131],[-107.76739,41.04565],[-107.75468,41.04008],[-107.75528,41.04153],[-107.75139,41.04558],[-107.74273,41.04737],[-107.74207,41.05173],[-107.73086,41.06433],[-107.72246,41.06481],[-107.70712,41.06068],[-107.69178,41.06269],[-107.67885,41.06786],[-107.67691,41.07069],[-107.68112,41.0708],[-107.67561,41.07496],[-107.6728,41.08272],[-107.66658,41.08833],[-107.66903,41.09125],[-107.66918,41.10122],[-107.6793,41.10397],[-107.68142,41.10827],[-107.67432,41.10892],[-107.67102,41.11388],[-107.66865,41.12305],[-107.66505,41.12412],[-107.66337,41.12678],[-107.65147,41.12588],[-107.6482,41.12882],[-107.65714,41.13725],[-107.67673,41.16685],[-107.6959,41.2303],[-107.71165,41.25106],[-107.73113,41.29134],[-107.74041,41.3013],[-107.74302,41.30001],[-107.7468,41.30397],[-107.76209,41.30952],[-107.76095,41.31185],[-107.76503,41.31286],[-107.76484,41.31521],[-107.76699,41.31602],[-107.76314,41.32008],[-107.76544,41.32083],[-107.76684,41.32496],[-107.76534,41.32539],[-107.76964,41.32666],[-107.77204,41.33675],[-107.78412,41.34402],[-107.80096,41.35899],[-107.80381,41.36766],[-107.80434,41.3769],[-107.80305,41.3796],[-107.79702,41.38301],[-107.79502,41.38913],[-107.79785,41.40384],[-107.80042,41.40804],[-107.79846,41.41699],[-107.7749,41.41583],[-107.77141,41.42485],[-107.77221,41.42769],[-107.76614,41.43095],[-107.76312,41.44024],[-107.75786,41.44151],[-107.76191,41.45488],[-107.75915,41.47846],[-107.74462,41.48065],[-107.74966,41.49435],[-107.7563,41.50539],[-107.75529,41.50927],[-107.74362,41.51388],[-107.73752,41.51975],[-107.73028,41.51888],[-107.72806,41.52031],[-107.71933,41.50504],[-107.71961,41.50029],[-107.71428,41.49579],[-107.7142,41.47172],[-107.71982,41.46962],[-107.72586,41.46372],[-107.73234,41.46279],[-107.74249,41.4493],[-107.74054,41.44931],[-107.7408,41.44599],[-107.74814,41.44533],[-107.75015,41.44757],[-107.75273,41.44641],[-107.75042,41.4435],[-107.75494,41.44167],[-107.75357,41.43859],[-107.7565,41.43706],[-107.75276,41.43362],[-107.72861,41.43261],[-107.71628,41.42639],[-107.70918,41.41717],[-107.71051,41.41186],[-107.7164,41.41264],[-107.72545,41.40406],[-107.72496,41.40059],[-107.7215,41.39915],[-107.72951,41.39002],[-107.73354,41.37772],[-107.73442,41.36917],[-107.73225,41.35779],[-107.7402,41.35403],[-107.74375,41.35728],[-107.75368,41.35668],[-107.76654,41.35073],[-107.7573,41.32188],[-107.74672,41.30792],[-107.73715,41.30433],[-107.73619,41.30246],[-107.72816,41.30074],[-107.7021,41.30166],[-107.69595,41.29976],[-107.68594,41.29142],[-107.68139,41.294],[-107.66687,41.29418],[-107.66627,41.29181],[-107.67458,41.28615],[-107.68818,41.2862],[-107.687,41.28492],[-107.69355,41.27812],[-107.68711,41.26716],[-107.68464,41.26866],[-107.68234,41.26432],[-107.67836,41.26397],[-107.67973,41.26282],[-107.67858,41.25959],[-107.67698,41.25992],[-107.67802,41.25621],[-107.6802,41.25653],[-107.67937,41.2548],[-107.65537,41.255],[-107.64238,41.26362],[-107.62965,41.26669],[-107.63245,41.26061],[-107.63169,41.25159],[-107.63604,41.24527],[-107.63136,41.24311],[-107.6126,41.24875],[-107.60068,41.24889],[-107.59336,41.25296],[-107.58673,41.24696],[-107.57918,41.24763],[-107.57708,41.24424],[-107.57348,41.24526],[-107.57343,41.21471],[-107.58398,41.20898],[-107.58411,41.20555],[-107.5968,41.20247],[-107.60572,41.19251],[-107.58556,41.18155],[-107.58463,41.1746],[-107.59839,41.16156],[-107.60214,41.16149],[-107.60638,41.15618],[-107.61966,41.14751],[-107.61777,41.14013],[-107.62869,41.13643],[-107.63364,41.13661],[-107.64138,41.13222],[-107.63313,41.12609],[-107.63189,41.12301],[-107.6272,41.12694],[-107.61386,41.12671],[-107.60367,41.13597],[-107.5831,41.13937],[-107.58492,41.13557],[-107.5829,41.1362],[-107.58292,41.13339],[-107.57921,41.13022],[-107.57331,41.12806],[-107.57328,41.10779],[-107.58011,41.10433],[-107.59392,41.10367],[-107.60031,41.09864],[-107.61674,41.09476],[-107.61997,41.08908],[-107.62335,41.08778],[-107.62364,41.08217],[-107.62151,41.07943],[-107.6231,41.07724],[-107.61759,41.07643],[-107.60827,41.0715],[-107.55974,41.0741],[-107.55191,41.07222],[-107.54548,41.06397],[-107.54206,41.06895],[-107.5307,41.07183],[-107.52075,41.07716],[-107.52012,41.07019],[-107.51702,41.06526],[-107.51717,41.05446],[-107.52127,41.05166],[-107.53257,41.04938],[-107.53568,41.04408],[-107.53557,41.03646],[-107.54048,41.03645],[-107.5405,41.03289],[-107.54485,41.03123],[-107.54473,41.04376],[-107.55814,41.04505],[-107.55791,41.04957],[-107.5609,41.05451],[-107.56044,41.06441],[-107.56919,41.06772],[-107.57322,41.06265],[-107.57317,41.02911],[-107.56941,41.02914],[-107.56428,41.02361],[-107.55272,41.02621],[-107.55474,41.01814],[-107.55476,41.00238],[-107.91842,41.00204],[-107.9179,41.07491]]]}},{"type":"Feature","id":"83122","properties":{"zip":"83122","pop":null,"city":"Grover","county":"Lincoln","state":"Wyoming","area":5.42,"lat":42.82177,"lon":-110.95841},"geometry":{"type":"Polygon","coordinates":[[[-110.98824,42.85196],[-110.95535,42.85184],[-110.95322,42.85113],[-110.95306,42.83656],[-110.94274,42.83715],[-110.94106,42.8352],[-110.9381,42.83788],[-110.93437,42.83658],[-110.93737,42.83372],[-110.93935,42.82747],[-110.93857,42.80893],[-110.9335,42.80491],[-110.9334,42.79398],[-110.92855,42.79399],[-110.92856,42.79084],[-110.9378,42.79061],[-110.93825,42.79399],[-110.96713,42.79396],[-110.96621,42.7953],[-110.96903,42.79921],[-110.97263,42.80003],[-110.97163,42.80123],[-110.97469,42.80054],[-110.97491,42.80293],[-110.97693,42.80219],[-110.97603,42.80433],[-110.97776,42.80574],[-110.97467,42.80646],[-110.97692,42.80824],[-110.97336,42.80835],[-110.97043,42.81129],[-110.97339,42.81515],[-110.97077,42.81736],[-110.9724,42.81813],[-110.97123,42.82063],[-110.97478,42.82444],[-110.97794,42.82366],[-110.98235,42.82712],[-110.98154,42.82849],[-110.98554,42.83257],[-110.9836,42.83304],[-110.98312,42.83566],[-110.97821,42.83684],[-110.9782,42.83907],[-110.98193,42.83928],[-110.98072,42.84589],[-110.98824,42.85196]]]}},{"type":"Feature","id":"82084","properties":{"zip":"82084","pop":null,"city":"","county":"Albany","state":"Wyoming","area":91.49,"lat":41.04801,"lon":-105.52553},"geometry":{"type":"Polygon","coordinates":[[[-105.69413,41.0116],[-105.68501,41.0191],[-105.68546,41.02273],[-105.68047,41.02844],[-105.6843,41.03497],[-105.682,41.05891],[-105.67655,41.06236],[-105.65448,41.06622],[-105.65838,41.07293],[-105.6674,41.07449],[-105.67433,41.07934],[-105.67493,41.08902],[-105.6572,41.10157],[-105.64814,41.11075],[-105.63328,41.109],[-105.61616,41.10342],[-105.61467,41.11042],[-105.60661,41.12719],[-105.58074,41.13197],[-105.57203,41.12765],[-105.56122,41.11798],[-105.55743,41.11785],[-105.5542,41.11942],[-105.55414,41.12317],[-105.54811,41.12432],[-105.52779,41.10142],[-105.51854,41.1032],[-105.51301,41.10012],[-105.50015,41.10072],[-105.49054,41.08462],[-105.48878,41.08613],[-105.48956,41.0914],[-105.48459,41.09462],[-105.46528,41.09711],[-105.46192,41.09568],[-105.44917,41.09646],[-105.42311,41.08758],[-105.42188,41.08073],[-105.41846,41.07518],[-105.41418,41.07274],[-105.41126,41.0672],[-105.40716,41.06683],[-105.40093,41.06108],[-105.38536,41.05732],[-105.38313,41.05527],[-105.37824,41.05843],[-105.37823,41.06031],[-105.36726,41.05025],[-105.34763,41.04038],[-105.33412,41.03076],[-105.3147,41.03036],[-105.3114,41.02687],[-105.31611,41.02028],[-105.31149,41.01131],[-105.3136,41.00945],[-105.3054,40.99921],[-105.68162,40.99703],[-105.68801,41.00055],[-105.69413,41.0116]]]}},{"type":"Feature","id":"82646","properties":{"zip":"82646","pop":null,"city":"","county":"Natrona","state":"Wyoming","area":37.71,"lat":42.96307,"lon":-106.79621},"geometry":{"type":"Polygon","coordinates":[[[-106.91159,43.03457],[-106.85959,43.03639],[-106.82894,43.03088],[-106.78355,43.02924],[-106.77989,43.02015],[-106.79349,43.02033],[-106.80005,43.00895],[-106.73123,43.00708],[-106.7307,42.95123],[-106.70212,42.95126],[-106.70292,42.94848],[-106.71543,42.94617],[-106.71216,42.93407],[-106.7187,42.92522],[-106.72624,42.91676],[-106.73778,42.90799],[-106.74596,42.90499],[-106.77058,42.9015],[-106.77895,42.904],[-106.78429,42.91299],[-106.79586,42.9126],[-106.79465,42.91624],[-106.80317,42.92202],[-106.81078,42.90713],[-106.81668,42.90249],[-106.81674,42.89067],[-106.82939,42.88542],[-106.84133,42.90066],[-106.84686,42.90335],[-106.85598,42.90331],[-106.86648,42.90868],[-106.86285,42.91291],[-106.86484,42.91851],[-106.85644,42.91959],[-106.85433,42.92174],[-106.85058,42.94569],[-106.84647,42.95235],[-106.86032,42.9524],[-106.86678,42.95426],[-106.8442,42.96506],[-106.84159,42.97011],[-106.83276,42.97505],[-106.81209,42.97676],[-106.82653,42.99389],[-106.83965,43.00135],[-106.83342,43.00746],[-106.83601,43.00983],[-106.85826,43.01056],[-106.86044,43.01568],[-106.85894,43.0179],[-106.85985,43.02069],[-106.91012,43.021],[-106.91159,43.03457]]]}},{"type":"Feature","id":"82059","properties":{"zip":"82059","pop":null,"city":"","county":"Laramie","state":"Wyoming","area":64.31,"lat":41.05683,"lon":-105.1768},"geometry":{"type":"Polygon","coordinates":[[[-105.2789,41.1299],[-105.25318,41.12843],[-105.24387,41.12967],[-105.23021,41.12817],[-105.22687,41.12608],[-105.21926,41.12935],[-105.22397,41.12238],[-105.22038,41.11956],[-105.22439,41.10972],[-105.21677,41.11154],[-105.20343,41.10901],[-105.18385,41.11287],[-105.16953,41.11074],[-105.15541,41.10598],[-105.1629,41.09998],[-105.09904,41.09842],[-105.08639,41.09135],[-105.06517,41.09072],[-105.04227,41.09437],[-105.00872,41.0925],[-104.99704,41.09047],[-104.99325,41.0878],[-104.99465,41.08521],[-105.01573,41.08931],[-105.03467,41.08557],[-105.03756,41.08224],[-105.03752,41.0668],[-105.04214,41.05238],[-105.04853,41.04745],[-105.05341,41.04751],[-105.05921,41.05181],[-105.06349,41.0688],[-105.06669,41.07312],[-105.07452,41.06827],[-105.07644,41.06492],[-105.0754,41.06108],[-105.09309,41.05838],[-105.09286,41.05451],[-105.08652,41.05188],[-105.0873,41.04907],[-105.09851,41.04959],[-105.09713,41.04438],[-105.09255,41.03878],[-105.08207,41.03482],[-105.07957,41.03068],[-105.07425,41.02878],[-105.0764,41.02472],[-105.07479,41.02258],[-105.07919,41.02248],[-105.07944,41.01748],[-105.07364,41.0132],[-105.07462,41.01049],[-105.07912,41.00835],[-105.08915,41.00766],[-105.08426,41.00594],[-105.0844,40.9994],[-105.08004,40.99814],[-105.27686,40.99817],[-105.2789,41.1299]]]}},{"type":"Feature","id":"82210","properties":{"zip":"82210","pop":null,"city":"","county":"Platte","state":"Wyoming","area":211.29,"lat":41.73226,"lon":-104.77976},"geometry":{"type":"Polygon","coordinates":[[[-105.1216,41.67585],[-105.11878,41.68407],[-105.12156,41.68608],[-105.12019,41.68779],[-105.11109,41.68818],[-105.10827,41.69521],[-105.10498,41.69222],[-105.09085,41.68955],[-105.07817,41.69072],[-105.0849,41.69184],[-105.09848,41.69961],[-105.09807,41.70157],[-105.08968,41.70381],[-105.09872,41.71037],[-105.1003,41.71431],[-105.11222,41.71612],[-105.10815,41.72531],[-105.11018,41.73165],[-105.10676,41.74103],[-105.10785,41.74933],[-105.09192,41.7505],[-105.08372,41.75325],[-105.07593,41.75255],[-105.06699,41.7488],[-105.05705,41.74885],[-105.05164,41.74674],[-105.04703,41.74213],[-105.03887,41.74247],[-105.03004,41.73918],[-105.02628,41.73957],[-105.00874,41.7438],[-105.004,41.75191],[-104.99766,41.75191],[-104.99292,41.75881],[-104.98956,41.7575],[-104.97691,41.76491],[-104.9686,41.76681],[-104.94943,41.77033],[-104.88025,41.77018],[-104.87585,41.77293],[-104.87654,41.77783],[-104.87164,41.78291],[-104.86677,41.78097],[-104.8593,41.78332],[-104.84643,41.78317],[-104.84701,41.78675],[-104.84535,41.78914],[-104.84178,41.78955],[-104.83482,41.78458],[-104.81263,41.78491],[-104.81132,41.78871],[-104.80466,41.78502],[-104.79125,41.78454],[-104.79201,41.79468],[-104.79887,41.8062],[-104.79266,41.80631],[-104.79219,41.80975],[-104.78418,41.80888],[-104.76723,41.8134],[-104.7694,41.81968],[-104.76929,41.82726],[-104.67288,41.82804],[-104.67295,41.84263],[-104.65355,41.84255],[-104.65369,41.85226],[-104.64523,41.84908],[-104.63634,41.85258],[-104.62552,41.8519],[-104.62254,41.85409],[-104.6225,41.85165],[-104.5881,41.85154],[-104.5868,41.82796],[-104.57623,41.82796],[-104.57528,41.79894],[-104.54593,41.79089],[-104.53728,41.78673],[-104.53698,41.7833],[-104.51066,41.783],[-104.51016,41.77876],[-104.50447,41.77584],[-104.47825,41.77569],[-104.47886,41.69632],[-104.65331,41.69586],[-104.65334,41.65301],[-105.11892,41.65641],[-105.11876,41.66699],[-105.1216,41.67585]]]}},{"type":"Feature","id":"82217","properties":{"zip":"82217","pop":null,"city":"","county":"Goshen","state":"Wyoming","area":64.05,"lat":41.76226,"lon":-104.17506},"geometry":{"type":"Polygon","coordinates":[[[-104.32382,41.74039],[-104.30507,41.74036],[-104.30504,41.75484],[-104.28566,41.75483],[-104.28581,41.769],[-104.26649,41.76929],[-104.26633,41.79829],[-104.25509,41.79927],[-104.25642,41.80051],[-104.2536,41.80583],[-104.25582,41.80704],[-104.25498,41.80906],[-104.24769,41.80972],[-104.24509,41.80437],[-104.24608,41.80004],[-104.24408,41.79847],[-104.2278,41.79816],[-104.22741,41.81239],[-104.20807,41.81286],[-104.20783,41.82745],[-104.22716,41.82753],[-104.22705,41.83922],[-104.22322,41.84196],[-104.192,41.84198],[-104.18384,41.83581],[-104.10977,41.8032],[-104.05289,41.80568],[-104.05281,41.70984],[-104.14994,41.70969],[-104.14984,41.74005],[-104.16912,41.74008],[-104.16928,41.72034],[-104.17761,41.72094],[-104.18203,41.72466],[-104.18336,41.7223],[-104.19623,41.72003],[-104.19652,41.71647],[-104.20421,41.72071],[-104.20833,41.72801],[-104.20827,41.70965],[-104.32367,41.71021],[-104.32382,41.74039]]]}},{"type":"Feature","id":"82644","properties":{"zip":"82644","pop":null,"city":"Mills","county":"Natrona","state":"Wyoming","area":0.67,"lat":42.84305,"lon":-106.37431},"geometry":{"type":"MultiPolygon","coordinates":[[[[-106.38419,42.8495],[-106.38274,42.85074],[-106.357,42.84437],[-106.36187,42.83752],[-106.3646,42.83667],[-106.37858,42.84055],[-106.38062,42.83581],[-106.38062,42.84546],[-106.38415,42.84543],[-106.38419,42.8495]]],[[[-106.39419,42.83998],[-106.39101,42.84045],[-106.39019,42.84628],[-106.38415,42.84543],[-106.38903,42.84406],[-106.38906,42.84181],[-106.38248,42.84185],[-106.38531,42.83809],[-106.3945,42.83813],[-106.39419,42.83998]]]]}},{"type":"Feature","id":"82423","properties":{"zip":"82423","pop":null,"city":"Frannie","county":"Big Horn","state":"Wyoming","area":8.77,"lat":44.98018,"lon":-108.58416},"geometry":{"type":"Polygon","coordinates":[[[-108.6339,44.99734],[-108.62741,44.99736],[-108.62806,45.00024],[-108.53989,45.00036],[-108.53958,44.94519],[-108.54268,44.94574],[-108.55839,44.96424],[-108.57066,44.96303],[-108.57068,44.95862],[-108.58082,44.95867],[-108.58158,44.9659],[-108.60117,44.96592],[-108.60119,44.95889],[-108.62159,44.95875],[-108.62165,44.966],[-108.62677,44.96609],[-108.62663,44.97012],[-108.6337,44.9712],[-108.6339,44.99734]]]}},{"type":"Feature","id":"82833","properties":{"zip":"82833","pop":null,"city":"","county":"Sheridan","state":"Wyoming","area":85.37,"lat":44.61621,"lon":-107.12971},"geometry":{"type":"Polygon","coordinates":[[[-107.30203,44.5706],[-107.29599,44.57973],[-107.29959,44.59293],[-107.29676,44.5965],[-107.29865,44.59802],[-107.29814,44.60203],[-107.30055,44.60348],[-107.30089,44.60797],[-107.29931,44.60958],[-107.30115,44.61166],[-107.29833,44.61232],[-107.2928,44.61944],[-107.29179,44.62373],[-107.28994,44.62328],[-107.28522,44.62936],[-107.27715,44.63056],[-107.27488,44.62922],[-107.26702,44.63262],[-107.2632,44.64178],[-107.26607,44.6481],[-107.26312,44.65099],[-107.25705,44.65241],[-107.25398,44.65914],[-107.24018,44.66527],[-107.23653,44.66987],[-107.22814,44.66916],[-107.2249,44.67382],[-107.21283,44.68277],[-107.20165,44.68558],[-107.19701,44.68956],[-107.17418,44.68961],[-107.17424,44.66016],[-107.11668,44.66077],[-107.11659,44.66862],[-107.11246,44.67486],[-107.09833,44.68278],[-107.09476,44.68748],[-107.08985,44.68731],[-107.08571,44.68967],[-107.08416,44.68953],[-107.0838,44.68464],[-107.0682,44.67398],[-107.05182,44.67904],[-107.04101,44.68077],[-107.0313,44.67988],[-107.01754,44.68289],[-107.01262,44.68294],[-107.01316,44.67576],[-107.0002,44.67574],[-106.99534,44.68267],[-106.98814,44.68407],[-106.98464,44.68089],[-106.98832,44.67393],[-106.98681,44.67303],[-106.99281,44.66667],[-106.99283,44.66097],[-106.98417,44.65711],[-106.98044,44.66092],[-106.97265,44.65995],[-106.97437,44.65568],[-106.96627,44.64065],[-106.97072,44.63863],[-106.97183,44.63416],[-106.9661,44.62732],[-106.95667,44.6226],[-106.96019,44.61633],[-106.97098,44.61403],[-106.96953,44.60903],[-106.97112,44.60754],[-106.97409,44.60858],[-106.98234,44.60425],[-106.97743,44.59235],[-106.98049,44.59028],[-106.97908,44.58676],[-106.9817,44.58507],[-106.98265,44.58137],[-106.99297,44.58376],[-106.99598,44.58235],[-106.99559,44.57973],[-107.00196,44.57755],[-106.99824,44.57639],[-106.99971,44.56802],[-106.9934,44.56627],[-106.99649,44.55908],[-107.29644,44.5591],[-107.29583,44.56122],[-107.29982,44.56318],[-107.30203,44.5706]]]}},{"type":"Feature","id":"82420","properties":{"zip":"82420","pop":null,"city":"","county":"Big Horn","state":"Wyoming","area":37.76,"lat":44.92249,"lon":-108.46123},"geometry":{"type":"Polygon","coordinates":[[[-108.53987,44.99618],[-108.48212,44.99617],[-108.48181,44.99201],[-108.4714,44.97959],[-108.47121,44.97705],[-108.46202,44.97115],[-108.45322,44.96216],[-108.44716,44.96193],[-108.43077,44.9536],[-108.41625,44.95197],[-108.37271,44.93217],[-108.37133,44.87797],[-108.37727,44.87539],[-108.38617,44.87537],[-108.39787,44.86991],[-108.43487,44.86996],[-108.43472,44.85498],[-108.44486,44.85493],[-108.44479,44.84952],[-108.48472,44.8709],[-108.53909,44.87866],[-108.53909,44.88441],[-108.53391,44.88269],[-108.53301,44.88037],[-108.52402,44.87879],[-108.52399,44.8858],[-108.51891,44.88583],[-108.51831,44.92914],[-108.51926,44.9313],[-108.52776,44.93351],[-108.53958,44.94519],[-108.53987,44.99618]]]}},{"type":"Feature","id":"82929","properties":{"zip":"82929","pop":null,"city":"Little America","county":"Sweetwater","state":"Wyoming","area":2.46,"lat":41.5476,"lon":-109.87213},"geometry":{"type":"Polygon","coordinates":[[[-109.92559,41.56013],[-109.90466,41.55049],[-109.88075,41.55416],[-109.85848,41.55008],[-109.84071,41.5518],[-109.80552,41.54308],[-109.88777,41.54189],[-109.91141,41.54426],[-109.92834,41.55933],[-109.92559,41.56013]]]}},{"type":"Feature","id":"82640","properties":{"zip":"82640","pop":null,"city":"","county":"Johnson","state":"Wyoming","area":18.41,"lat":43.55219,"lon":-106.11832},"geometry":{"type":"Polygon","coordinates":[[[-106.22933,43.60369],[-106.22676,43.60792],[-106.21807,43.60939],[-106.22213,43.61755],[-106.21779,43.61876],[-106.21635,43.62153],[-106.21036,43.61991],[-106.20585,43.62393],[-106.20347,43.61554],[-106.19427,43.6053],[-106.17343,43.59522],[-106.14869,43.57168],[-106.14863,43.57785],[-106.14429,43.58183],[-106.1334,43.58093],[-106.12406,43.57663],[-106.11406,43.56247],[-106.11141,43.55147],[-106.10447,43.55581],[-106.07839,43.55821],[-106.06632,43.56132],[-106.04211,43.55805],[-106.0176,43.55772],[-106.01716,43.51782],[-106.029,43.51983],[-106.03717,43.51684],[-106.03862,43.52166],[-106.0438,43.52199],[-106.04434,43.53063],[-106.04921,43.53632],[-106.06059,43.52683],[-106.07061,43.53038],[-106.07684,43.5302],[-106.08752,43.52567],[-106.08956,43.52116],[-106.09183,43.5256],[-106.09849,43.52656],[-106.10292,43.5303],[-106.10965,43.53058],[-106.11965,43.53416],[-106.13011,43.53314],[-106.14047,43.52731],[-106.1426,43.52428],[-106.13905,43.52278],[-106.13886,43.5191],[-106.13126,43.51445],[-106.13328,43.50706],[-106.13689,43.51155],[-106.14009,43.51199],[-106.1504,43.5076],[-106.14648,43.52103],[-106.15032,43.51665],[-106.16055,43.51268],[-106.16448,43.51405],[-106.16605,43.51682],[-106.18401,43.51843],[-106.18509,43.52386],[-106.1816,43.52944],[-106.16261,43.54341],[-106.15924,43.5529],[-106.16081,43.56253],[-106.16961,43.57271],[-106.17757,43.57264],[-106.18215,43.56909],[-106.18495,43.57094],[-106.18943,43.56793],[-106.19638,43.56839],[-106.1994,43.57235],[-106.19078,43.5755],[-106.19031,43.58024],[-106.19176,43.58401],[-106.19651,43.58568],[-106.19377,43.58975],[-106.19475,43.59535],[-106.2,43.59592],[-106.19897,43.60578],[-106.20535,43.60617],[-106.22131,43.60168],[-106.22933,43.60369]]]}},{"type":"Feature","id":"82643","properties":{"zip":"82643","pop":null,"city":"Midwest","county":"Natrona","state":"Wyoming","area":10.44,"lat":43.43958,"lon":-106.2735},"geometry":{"type":"Polygon","coordinates":[[[-106.33261,43.42377],[-106.31084,43.42695],[-106.30582,43.43428],[-106.30246,43.43302],[-106.29937,43.43538],[-106.2985,43.44012],[-106.28986,43.43909],[-106.28558,43.44323],[-106.2802,43.44228],[-106.28192,43.44778],[-106.28595,43.4469],[-106.28507,43.44985],[-106.28317,43.44988],[-106.28583,43.45204],[-106.28329,43.45996],[-106.29043,43.46267],[-106.28863,43.46475],[-106.29082,43.46833],[-106.2902,43.47452],[-106.29322,43.47776],[-106.29166,43.47879],[-106.29695,43.48193],[-106.29551,43.48476],[-106.29359,43.48474],[-106.29413,43.4874],[-106.287,43.48609],[-106.28544,43.48826],[-106.28732,43.49174],[-106.29086,43.49317],[-106.23554,43.49327],[-106.2341,43.49191],[-106.23382,43.48643],[-106.23787,43.48082],[-106.23202,43.47862],[-106.22252,43.46895],[-106.23038,43.47079],[-106.22619,43.46339],[-106.23269,43.46236],[-106.24453,43.46478],[-106.25613,43.46162],[-106.26476,43.46469],[-106.26524,43.46077],[-106.27373,43.45048],[-106.27299,43.44423],[-106.27687,43.43965],[-106.27233,43.42825],[-106.27234,43.42342],[-106.27509,43.41977],[-106.26392,43.3988],[-106.26306,43.34877],[-106.27285,43.35005],[-106.27724,43.35697],[-106.27753,43.36226],[-106.28242,43.37126],[-106.27993,43.37389],[-106.27506,43.37424],[-106.27251,43.37179],[-106.27194,43.38079],[-106.28319,43.37805],[-106.28335,43.39505],[-106.28592,43.40259],[-106.28396,43.40643],[-106.28588,43.40873],[-106.28723,43.40751],[-106.28908,43.41172],[-106.28781,43.41385],[-106.29662,43.411],[-106.29843,43.41158],[-106.29636,43.41528],[-106.30004,43.41451],[-106.29785,43.41824],[-106.30232,43.42111],[-106.31917,43.42073],[-106.32349,43.41582],[-106.33103,43.41234],[-106.33261,43.42377]]]}},{"type":"Feature","id":"82635","properties":{"zip":"82635","pop":null,"city":"Edgerton","county":"Natrona","state":"Wyoming","area":5.1,"lat":43.42168,"lon":-106.21817},"geometry":{"type":"Polygon","coordinates":[[[-106.25277,43.4177],[-106.2442,43.41779],[-106.23858,43.43377],[-106.24017,43.44138],[-106.2321,43.44818],[-106.2286,43.44565],[-106.22216,43.44903],[-106.22026,43.44813],[-106.21696,43.45],[-106.21105,43.44844],[-106.20942,43.44984],[-106.20698,43.44744],[-106.20918,43.44498],[-106.20623,43.43786],[-106.21293,43.43762],[-106.21001,43.42806],[-106.19792,43.42934],[-106.19394,43.42733],[-106.18751,43.42754],[-106.18676,43.42601],[-106.19106,43.415],[-106.19046,43.4026],[-106.19815,43.39877],[-106.20595,43.39966],[-106.21304,43.398],[-106.22323,43.40095],[-106.23033,43.40543],[-106.23196,43.40989],[-106.23525,43.41049],[-106.24262,43.41093],[-106.24263,43.40911],[-106.24627,43.40691],[-106.2462,43.41048],[-106.25283,43.41028],[-106.25277,43.4177]]]}},{"type":"Feature","id":"82638","properties":{"zip":"82638","pop":null,"city":"","county":"Natrona","state":"Wyoming","area":50.88,"lat":43.06675,"lon":-107.25596},"geometry":{"type":"Polygon","coordinates":[[[-107.39489,43.13565],[-107.38517,43.14456],[-107.38292,43.14995],[-107.36583,43.1481],[-107.34749,43.13715],[-107.34156,43.13603],[-107.33666,43.13821],[-107.3214,43.13035],[-107.3153,43.12471],[-107.30411,43.12615],[-107.30471,43.10637],[-107.30008,43.10594],[-107.28507,43.11374],[-107.25102,43.12271],[-107.23878,43.129],[-107.23763,43.12725],[-107.2309,43.12644],[-107.22799,43.13009],[-107.2124,43.11017],[-107.21425,43.10718],[-107.19049,43.10432],[-107.1811,43.10075],[-107.16014,43.08321],[-107.14975,43.0874],[-107.14071,43.08323],[-107.13593,43.07326],[-107.13805,43.07064],[-107.13808,43.06292],[-107.13918,43.06024],[-107.15484,43.06354],[-107.15595,43.04513],[-107.15726,43.04208],[-107.16281,43.04192],[-107.1529,43.03547],[-107.16278,43.03138],[-107.16194,43.02466],[-107.17397,43.01853],[-107.17864,43.01741],[-107.18408,43.01951],[-107.20219,43.01721],[-107.21279,43.01083],[-107.21988,43.00312],[-107.263,43.00263],[-107.26605,43.00117],[-107.26251,42.99778],[-107.28151,42.99804],[-107.27877,42.99472],[-107.2884,42.9864],[-107.28757,42.97514],[-107.3152,42.97596],[-107.32656,42.98158],[-107.33155,42.98164],[-107.33144,42.98394],[-107.32133,42.99638],[-107.30939,43.0011],[-107.28872,43.01624],[-107.2879,43.01792],[-107.29261,43.0264],[-107.3009,43.02736],[-107.30068,43.04272],[-107.2961,43.04204],[-107.29415,43.04871],[-107.29158,43.05111],[-107.34231,43.0766],[-107.34379,43.08803],[-107.34905,43.09496],[-107.35229,43.09507],[-107.35234,43.11399],[-107.35004,43.11532],[-107.39605,43.13404],[-107.39489,43.13565]]]}},{"type":"Feature","id":"82609","properties":{"zip":"82609","pop":null,"city":"Casper","county":"Natrona","state":"Wyoming","area":48.11,"lat":42.77783,"lon":-106.1894},"geometry":{"type":"Polygon","coordinates":[[[-106.30144,42.84119],[-106.29801,42.84633],[-106.29965,42.85402],[-106.29765,42.85585],[-106.2974,42.8647],[-106.28924,42.86382],[-106.28616,42.87042],[-106.27786,42.87344],[-106.27797,42.856],[-106.24827,42.84873],[-106.24271,42.85513],[-106.22529,42.85326],[-106.22446,42.85024],[-106.22071,42.85021],[-106.22017,42.84639],[-106.19955,42.8394],[-106.15968,42.84025],[-106.16599,42.83549],[-106.17646,42.83184],[-106.17665,42.8296],[-106.18553,42.82359],[-106.19237,42.82151],[-106.17372,42.82028],[-106.16736,42.81676],[-106.14734,42.7983],[-106.14765,42.79976],[-106.13568,42.80181],[-106.11593,42.80103],[-106.11162,42.80444],[-106.09561,42.8084],[-106.09275,42.80735],[-106.09242,42.80209],[-106.10595,42.79182],[-106.1,42.78222],[-106.10417,42.77125],[-106.1096,42.76694],[-106.12075,42.76688],[-106.13947,42.75877],[-106.12014,42.74004],[-106.11621,42.73189],[-106.10643,42.73502],[-106.10257,42.73427],[-106.10056,42.7442],[-106.09668,42.75207],[-106.09183,42.75281],[-106.0867,42.74628],[-106.09469,42.73601],[-106.09153,42.73082],[-106.086,42.72977],[-106.0854,42.72691],[-106.08351,42.72648],[-106.08658,42.71262],[-106.08447,42.7093],[-106.08094,42.70884],[-106.07797,42.70596],[-106.07874,42.70437],[-106.08077,42.70265],[-106.08847,42.70224],[-106.10007,42.7084],[-106.1016,42.7128],[-106.10264,42.70994],[-106.11238,42.70419],[-106.11534,42.69843],[-106.11757,42.69788],[-106.11782,42.70083],[-106.12683,42.706],[-106.13414,42.69592],[-106.13622,42.69589],[-106.13619,42.70119],[-106.14231,42.69789],[-106.142,42.69588],[-106.14875,42.6948],[-106.15076,42.69232],[-106.16677,42.6994],[-106.15846,42.70271],[-106.1615,42.70658],[-106.15625,42.71323],[-106.16633,42.71143],[-106.16987,42.71433],[-106.18212,42.71404],[-106.18794,42.71124],[-106.1903,42.70625],[-106.19349,42.7053],[-106.20358,42.70718],[-106.20601,42.70955],[-106.21892,42.71063],[-106.22076,42.71317],[-106.22442,42.71228],[-106.22478,42.76399],[-106.24396,42.76424],[-106.24411,42.77731],[-106.26641,42.77732],[-106.26567,42.81859],[-106.27882,42.81047],[-106.27982,42.81373],[-106.27248,42.81706],[-106.27646,42.81736],[-106.27365,42.82171],[-106.27621,42.82395],[-106.29788,42.82078],[-106.29792,42.82979],[-106.30073,42.83139],[-106.29787,42.8353],[-106.29784,42.84072],[-106.30144,42.84119]]]}},{"type":"Feature","id":"82732","properties":{"zip":"82732","pop":null,"city":"Wright","county":"Campbell","state":"Wyoming","area":55.67,"lat":43.72494,"lon":-105.57879},"geometry":{"type":"Polygon","coordinates":[[[-105.68592,43.73808],[-105.66704,43.73681],[-105.65828,43.74418],[-105.65138,43.74546],[-105.64066,43.75412],[-105.63066,43.75667],[-105.6358,43.76196],[-105.63589,43.76996],[-105.63043,43.77351],[-105.62645,43.77933],[-105.62969,43.78194],[-105.62691,43.78311],[-105.63085,43.79516],[-105.61622,43.79745],[-105.61509,43.80033],[-105.61762,43.80429],[-105.61068,43.80971],[-105.60155,43.8093],[-105.59454,43.81207],[-105.58094,43.8127],[-105.57779,43.81389],[-105.57608,43.81713],[-105.57217,43.81775],[-105.56871,43.81354],[-105.57013,43.8075],[-105.56542,43.80252],[-105.56193,43.79131],[-105.5541,43.78608],[-105.55263,43.78898],[-105.54443,43.78909],[-105.53032,43.78522],[-105.53366,43.78419],[-105.53567,43.78001],[-105.52481,43.7606],[-105.52352,43.7537],[-105.52569,43.74757],[-105.52359,43.74369],[-105.4874,43.76109],[-105.47574,43.76148],[-105.47522,43.7698],[-105.4721,43.7698],[-105.47245,43.74561],[-105.47399,43.74576],[-105.47564,43.75926],[-105.47253,43.69412],[-105.46941,43.67662],[-105.49128,43.67639],[-105.52217,43.67207],[-105.57549,43.67058],[-105.60873,43.66183],[-105.62952,43.64927],[-105.65302,43.64889],[-105.64715,43.65503],[-105.64251,43.67029],[-105.6582,43.67156],[-105.66233,43.67354],[-105.6706,43.68324],[-105.66893,43.69001],[-105.6752,43.6881],[-105.68553,43.68821],[-105.68592,43.73808]]]}},{"type":"Feature","id":"82060","properties":{"zip":"82060","pop":null,"city":"Hillsdale","county":"Laramie","state":"Wyoming","area":31.25,"lat":41.22555,"lon":-104.51482},"geometry":{"type":"Polygon","coordinates":[[[-104.59822,41.15855],[-104.59762,41.20224],[-104.59529,41.2025],[-104.59578,41.20582],[-104.55942,41.21701],[-104.48369,41.21453],[-104.4834,41.24932],[-104.49081,41.25299],[-104.52094,41.25814],[-104.52053,41.26293],[-104.52247,41.2661],[-104.5207,41.26848],[-104.52246,41.29096],[-104.52101,41.30468],[-104.48563,41.33151],[-104.46394,41.33147],[-104.46485,41.17305],[-104.48399,41.17296],[-104.48412,41.15798],[-104.50328,41.15839],[-104.50301,41.17303],[-104.52218,41.17301],[-104.52254,41.15837],[-104.59822,41.15855]]]}},{"type":"Feature","id":"82061","properties":{"zip":"82061","pop":null,"city":"","county":"Laramie","state":"Wyoming","area":104.31,"lat":41.43803,"lon":-105.15491},"geometry":{"type":"Polygon","coordinates":[[[-105.27847,41.47188],[-105.25162,41.46882],[-105.24184,41.47395],[-105.22077,41.4767],[-105.22272,41.49082],[-105.22037,41.49968],[-105.22048,41.50844],[-105.21824,41.51246],[-105.22096,41.52154],[-105.22144,41.53463],[-105.21427,41.5465],[-105.20486,41.5439],[-105.20619,41.54867],[-105.1867,41.54752],[-105.15928,41.55273],[-105.13708,41.54892],[-105.10672,41.55138],[-105.09504,41.54873],[-105.08935,41.54507],[-105.08412,41.545],[-105.08051,41.54244],[-105.09071,41.53691],[-105.09198,41.53302],[-105.09229,41.52794],[-105.08991,41.52421],[-105.09067,41.51875],[-105.07834,41.51635],[-105.057,41.5199],[-105.05849,41.34779],[-105.06691,41.34874],[-105.06758,41.34694],[-105.0702,41.34893],[-105.07701,41.3455],[-105.0803,41.34673],[-105.08222,41.34119],[-105.08915,41.34082],[-105.09102,41.33794],[-105.09527,41.33843],[-105.0968,41.33555],[-105.09805,41.33712],[-105.1015,41.33466],[-105.1079,41.33558],[-105.13023,41.32685],[-105.13489,41.32395],[-105.13611,41.31877],[-105.13846,41.31746],[-105.14347,41.33183],[-105.14589,41.33217],[-105.16834,41.32845],[-105.17332,41.32419],[-105.19118,41.32336],[-105.21493,41.32635],[-105.20752,41.32856],[-105.20743,41.33325],[-105.21229,41.34018],[-105.20318,41.34273],[-105.19874,41.34882],[-105.19991,41.35657],[-105.20363,41.36109],[-105.20236,41.36339],[-105.21257,41.3647],[-105.21322,41.37358],[-105.22205,41.37661],[-105.23235,41.37378],[-105.2518,41.37577],[-105.25601,41.37903],[-105.2585,41.39495],[-105.26696,41.40165],[-105.27352,41.39807],[-105.27745,41.3989],[-105.27847,41.47188]]]}},{"type":"Feature","id":"82053","properties":{"zip":"82053","pop":null,"city":"","county":"Laramie","state":"Wyoming","area":157.87,"lat":41.24395,"lon":-104.34784},"geometry":{"type":"Polygon","coordinates":[[[-104.56529,41.14267],[-104.56521,41.15748],[-104.52254,41.15837],[-104.52218,41.17301],[-104.50301,41.17303],[-104.50328,41.15839],[-104.48412,41.15798],[-104.48399,41.17296],[-104.46485,41.17305],[-104.46394,41.33147],[-104.40674,41.3316],[-104.40654,41.37501],[-104.41383,41.37487],[-104.39418,41.38985],[-104.32933,41.38966],[-104.32977,41.36065],[-104.27202,41.36041],[-104.27199,41.37481],[-104.25275,41.37474],[-104.25355,41.28667],[-104.25145,41.28807],[-104.17665,41.28773],[-104.17673,41.24465],[-104.15757,41.24446],[-104.15744,41.23336],[-104.19171,41.22241],[-104.20174,41.20113],[-104.25357,41.20146],[-104.25372,41.17249],[-104.22732,41.17241],[-104.23698,41.16501],[-104.23602,41.16154],[-104.19526,41.1512],[-104.15886,41.14817],[-104.19041,41.14986],[-104.22888,41.15851],[-104.25381,41.15881],[-104.25381,41.15749],[-104.23537,41.15814],[-104.23548,41.14268],[-104.21629,41.14262],[-104.21652,41.12987],[-104.21854,41.12925],[-104.24585,41.12931],[-104.26385,41.13363],[-104.26842,41.13703],[-104.28045,41.13922],[-104.28595,41.14284],[-104.34956,41.14276],[-104.34945,41.15738],[-104.40754,41.15752],[-104.40807,41.11519],[-104.46437,41.11677],[-104.46438,41.12097],[-104.48789,41.12982],[-104.52259,41.12997],[-104.52264,41.13807],[-104.56532,41.13748],[-104.56529,41.14267]]]}},{"type":"Feature","id":"82054","properties":{"zip":"82054","pop":null,"city":"","county":"Laramie","state":"Wyoming","area":139.78,"lat":41.06469,"lon":-104.35913},"geometry":{"type":"Polygon","coordinates":[[[-104.59928,41.02886],[-104.58088,41.02909],[-104.57937,41.03692],[-104.57115,41.04214],[-104.56127,41.04177],[-104.55946,41.05781],[-104.50405,41.05762],[-104.50386,41.07197],[-104.5231,41.07227],[-104.52309,41.09007],[-104.53803,41.09003],[-104.53807,41.09765],[-104.5285,41.09767],[-104.52822,41.10109],[-104.52322,41.10121],[-104.52302,41.1136],[-104.53259,41.11663],[-104.54163,41.11626],[-104.5442,41.11837],[-104.55906,41.11691],[-104.56698,41.11894],[-104.56398,41.13005],[-104.56074,41.13025],[-104.56069,41.13747],[-104.52264,41.13807],[-104.52259,41.12997],[-104.48789,41.12982],[-104.46438,41.12097],[-104.46437,41.11677],[-104.40807,41.11519],[-104.40754,41.15752],[-104.34945,41.15738],[-104.34956,41.14276],[-104.28595,41.14284],[-104.28045,41.13922],[-104.25395,41.13187],[-104.24193,41.12414],[-104.2399,41.12374],[-104.23894,41.12549],[-104.23638,41.12334],[-104.23004,41.12445],[-104.22543,41.12215],[-104.21664,41.12224],[-104.21655,41.0856],[-104.12112,41.08543],[-104.12153,41.04196],[-104.16151,41.04195],[-104.16258,41.00161],[-104.59953,41.00133],[-104.59928,41.02886]]]}},{"type":"Feature","id":"82055","properties":{"zip":"82055","pop":null,"city":"Centennial","county":"Albany","state":"Wyoming","area":44.22,"lat":41.34833,"lon":-106.18186},"geometry":{"type":"Polygon","coordinates":[[[-106.32288,41.39514],[-106.20814,41.39504],[-106.20807,41.39377],[-106.09539,41.395],[-106.09493,41.29859],[-106.0919,41.29749],[-106.10416,41.29729],[-106.0962,41.29086],[-106.0867,41.28767],[-106.0762,41.27753],[-106.07821,41.27366],[-106.09238,41.27621],[-106.10094,41.28293],[-106.11375,41.27508],[-106.11425,41.26137],[-106.12192,41.26137],[-106.13249,41.26939],[-106.13781,41.25959],[-106.13952,41.25924],[-106.15002,41.26478],[-106.16209,41.26749],[-106.16541,41.27301],[-106.16705,41.2725],[-106.16657,41.27593],[-106.16972,41.28135],[-106.16847,41.28847],[-106.17229,41.29121],[-106.17911,41.29229],[-106.1737,41.29696],[-106.16842,41.30669],[-106.15248,41.31248],[-106.16029,41.31677],[-106.15653,41.32275],[-106.16125,41.32765],[-106.16213,41.33441],[-106.17715,41.3463],[-106.19046,41.34569],[-106.20404,41.34898],[-106.21802,41.3487],[-106.22935,41.35439],[-106.22786,41.35549],[-106.23434,41.35745],[-106.24049,41.35274],[-106.2464,41.35383],[-106.25522,41.35047],[-106.26499,41.35224],[-106.28691,41.35095],[-106.29214,41.34541],[-106.30222,41.3409],[-106.30392,41.34091],[-106.30582,41.34653],[-106.31622,41.33771],[-106.32269,41.33483],[-106.32288,41.39514]]]}},{"type":"Feature","id":"83116","properties":{"zip":"83116","pop":null,"city":"Kemmerer","county":"Lincoln","state":"Wyoming","area":2.15,"lat":41.76345,"lon":-110.54405},"geometry":{"type":"Polygon","coordinates":[[[-110.56283,41.75527],[-110.55968,41.75921],[-110.55776,41.76781],[-110.55055,41.77354],[-110.54601,41.7733],[-110.5431,41.7838],[-110.53841,41.78382],[-110.5377,41.78958],[-110.53531,41.78934],[-110.53534,41.78089],[-110.532,41.77548],[-110.53336,41.77187],[-110.52928,41.76587],[-110.53018,41.75563],[-110.53287,41.75118],[-110.53169,41.74898],[-110.56119,41.74929],[-110.56283,41.75527]]]}},{"type":"Feature","id":"83118","properties":{"zip":"83118","pop":null,"city":"Nordic","county":"Lincoln","state":"Wyoming","area":68.05,"lat":43.06633,"lon":-110.92464},"geometry":{"type":"Polygon","coordinates":[[[-111.04416,43.09065],[-111.03475,43.0914],[-111.03347,43.09495],[-111.0264,43.10062],[-111.02636,43.10303],[-111.02333,43.1009],[-111.02181,43.09243],[-111.01745,43.09086],[-111.00498,43.09273],[-110.99591,43.09806],[-110.99196,43.0982],[-110.99147,43.12764],[-111.02094,43.12782],[-111.02085,43.14243],[-111.0164,43.14231],[-111.01653,43.1567],[-111.00566,43.15669],[-110.99232,43.14734],[-110.9759,43.14315],[-110.93745,43.14362],[-110.92004,43.14095],[-110.912,43.14243],[-110.90855,43.13968],[-110.90191,43.13896],[-110.8975,43.13639],[-110.88356,43.14356],[-110.87188,43.14581],[-110.86975,43.1384],[-110.86549,43.13224],[-110.86508,43.12688],[-110.85958,43.12258],[-110.85869,43.11915],[-110.85327,43.11727],[-110.84814,43.10926],[-110.84914,43.10551],[-110.84603,43.10078],[-110.84783,43.09312],[-110.84089,43.08342],[-110.841,43.07879],[-110.83861,43.0764],[-110.83648,43.0687],[-110.83338,43.06908],[-110.82993,43.06154],[-110.81501,43.04923],[-110.81177,43.04166],[-110.81385,43.03478],[-110.80619,43.02239],[-110.80216,43.00619],[-110.81573,43.00064],[-110.83885,42.99557],[-110.84577,42.98676],[-110.84674,42.98228],[-110.89548,42.99671],[-110.92494,43.01142],[-110.98249,43.01139],[-110.98257,42.99688],[-111.01229,42.99696],[-111.01222,43.02123],[-111.01693,43.0261],[-111.02027,43.02611],[-111.02428,43.03055],[-111.0312,43.0329],[-111.0277,43.0337],[-111.03015,43.03689],[-111.02679,43.03753],[-111.02986,43.04168],[-111.02799,43.04458],[-111.03028,43.04746],[-111.0279,43.0491],[-111.02712,43.05336],[-111.03654,43.05916],[-111.03602,43.06071],[-111.03765,43.06024],[-111.03754,43.06228],[-111.0325,43.06444],[-111.03415,43.06717],[-111.0312,43.06839],[-111.03169,43.07083],[-111.03434,43.07149],[-111.03622,43.06972],[-111.03383,43.07304],[-111.03574,43.07572],[-111.04181,43.0777],[-111.03826,43.08017],[-111.04057,43.0824],[-111.04415,43.08119],[-111.04416,43.09065]]]}},{"type":"Feature","id":"83121","properties":{"zip":"83121","pop":null,"city":"Kemmerer","county":"Lincoln","state":"Wyoming","area":2.23,"lat":41.8502,"lon":-110.54034},"geometry":{"type":"Polygon","coordinates":[[[-110.56273,41.86105],[-110.55641,41.86317],[-110.55224,41.86129],[-110.53101,41.87113],[-110.5262,41.86968],[-110.52952,41.84916],[-110.52819,41.84131],[-110.53084,41.83532],[-110.52779,41.82267],[-110.53241,41.8161],[-110.53412,41.80824],[-110.53741,41.81172],[-110.54192,41.81198],[-110.54165,41.81594],[-110.53956,41.81674],[-110.54037,41.81788],[-110.53448,41.81728],[-110.52956,41.82174],[-110.53126,41.82414],[-110.53061,41.83109],[-110.53318,41.83297],[-110.5321,41.83419],[-110.53461,41.83426],[-110.53524,41.83902],[-110.53634,41.83775],[-110.53827,41.84011],[-110.54123,41.8382],[-110.54062,41.8402],[-110.54308,41.8392],[-110.54583,41.84179],[-110.54583,41.84509],[-110.5492,41.84481],[-110.55238,41.84885],[-110.55439,41.84823],[-110.55736,41.85302],[-110.5622,41.8544],[-110.56059,41.85529],[-110.56269,41.85564],[-110.56273,41.86105]]]}},{"type":"Feature","id":"82939","properties":{"zip":"82939","pop":null,"city":"Carter","county":"Uinta","state":"Wyoming","area":59.03,"lat":41.2209,"lon":-110.32353},"geometry":{"type":"MultiPolygon","coordinates":[[[[-110.41593,41.20072],[-110.40872,41.20351],[-110.401,41.2112],[-110.40087,41.21396],[-110.38727,41.21757],[-110.3788,41.22284],[-110.37179,41.23805],[-110.37316,41.24083],[-110.36803,41.24376],[-110.36789,41.24792],[-110.36226,41.25225],[-110.35687,41.261],[-110.34635,41.26218],[-110.34596,41.26959],[-110.34828,41.27293],[-110.34599,41.27293],[-110.346,41.27494],[-110.34131,41.27495],[-110.34049,41.27314],[-110.33811,41.28293],[-110.33644,41.28316],[-110.33652,41.30011],[-110.31698,41.30199],[-110.31701,41.29815],[-110.32188,41.298],[-110.32188,41.29452],[-110.31706,41.29449],[-110.31703,41.27682],[-110.29753,41.27715],[-110.29752,41.29348],[-110.25896,41.29322],[-110.25889,41.26531],[-110.20207,41.26671],[-110.20177,41.25917],[-110.20866,41.24252],[-110.20772,41.23403],[-110.21566,41.22976],[-110.21923,41.22078],[-110.23824,41.20847],[-110.24215,41.20177],[-110.24095,41.19725],[-110.24718,41.19031],[-110.27121,41.1827],[-110.27935,41.17799],[-110.28372,41.17687],[-110.28777,41.1784],[-110.28838,41.17314],[-110.28472,41.16861],[-110.29677,41.16223],[-110.30507,41.16104],[-110.31703,41.15594],[-110.31709,41.1418],[-110.32066,41.14214],[-110.32561,41.14671],[-110.32605,41.1503],[-110.35556,41.14911],[-110.3598,41.15231],[-110.36346,41.15224],[-110.36494,41.14698],[-110.36371,41.1454],[-110.37456,41.1259],[-110.37804,41.12288],[-110.37906,41.10923],[-110.37764,41.09719],[-110.38106,41.08038],[-110.3842,41.08769],[-110.38944,41.08984],[-110.39354,41.10122],[-110.3983,41.10388],[-110.4033,41.11102],[-110.40343,41.15951],[-110.41209,41.15969],[-110.4129,41.19831],[-110.41308,41.19984],[-110.41762,41.19973],[-110.41593,41.20072]]],[[[-110.46859,41.442],[-110.45187,41.44108],[-110.44017,41.44442],[-110.4308,41.44467],[-110.4075,41.46],[-110.40339,41.45907],[-110.40165,41.45113],[-110.40581,41.44498],[-110.40909,41.44634],[-110.40798,41.44495],[-110.41072,41.4434],[-110.40814,41.44175],[-110.42005,41.43344],[-110.44375,41.42474],[-110.44855,41.42765],[-110.45006,41.43118],[-110.45669,41.43027],[-110.46196,41.4402],[-110.46997,41.44161],[-110.46859,41.442]]]]}},{"type":"Feature","id":"82005","properties":{"zip":"82005","pop":null,"city":"Warren AFB","county":"Laramie","state":"Wyoming","area":1.93,"lat":41.14652,"lon":-104.86813},"geometry":{"type":"Polygon","coordinates":[[[-104.88606,41.14032],[-104.88023,41.15599],[-104.87994,41.16326],[-104.87468,41.16396],[-104.8697,41.156],[-104.86771,41.15699],[-104.85703,41.15265],[-104.85376,41.15402],[-104.84357,41.15119],[-104.84533,41.14822],[-104.83959,41.1447],[-104.84054,41.13981],[-104.84372,41.14075],[-104.85547,41.1474],[-104.85098,41.14779],[-104.86359,41.15208],[-104.85601,41.14638],[-104.86208,41.13741],[-104.86735,41.13578],[-104.86622,41.13374],[-104.8706,41.13244],[-104.88625,41.13554],[-104.88606,41.14032]]]}},{"type":"Feature","id":"82942","properties":{"zip":"82942","pop":null,"city":"Point of Rocks","county":"Sweetwater","state":"Wyoming","area":7.43,"lat":41.70232,"lon":-108.77538},"geometry":{"type":"Polygon","coordinates":[[[-108.82914,41.73408],[-108.80218,41.73436],[-108.77851,41.72977],[-108.76381,41.7153],[-108.75119,41.70958],[-108.73674,41.6949],[-108.73526,41.68173],[-108.73666,41.67922],[-108.73977,41.67658],[-108.74835,41.67472],[-108.77096,41.67639],[-108.80345,41.68295],[-108.80631,41.69326],[-108.79422,41.69396],[-108.7942,41.69197],[-108.78712,41.69209],[-108.79379,41.71282],[-108.81073,41.72298],[-108.81615,41.72335],[-108.82914,41.73408]]]}},{"type":"Feature","id":"83025","properties":{"zip":"83025","pop":null,"city":"Teton Village","county":"Teton","state":"Wyoming","area":10.2,"lat":43.59364,"lon":-110.82818},"geometry":{"type":"Polygon","coordinates":[[[-110.88464,43.61415],[-110.87146,43.61687],[-110.82839,43.61476],[-110.81462,43.6178],[-110.80622,43.61041],[-110.80524,43.60635],[-110.7957,43.60813],[-110.7927,43.60734],[-110.79341,43.60476],[-110.78019,43.61396],[-110.77494,43.61984],[-110.76877,43.62071],[-110.77193,43.61726],[-110.77351,43.60993],[-110.77786,43.60529],[-110.78159,43.59159],[-110.78428,43.58992],[-110.78322,43.58772],[-110.78728,43.58374],[-110.78694,43.58153],[-110.79174,43.57895],[-110.79387,43.57102],[-110.79886,43.56314],[-110.80177,43.56537],[-110.80606,43.5647],[-110.81448,43.55999],[-110.82196,43.56004],[-110.82198,43.56718],[-110.83709,43.56724],[-110.8372,43.57084],[-110.84058,43.57092],[-110.83763,43.57436],[-110.84459,43.5779],[-110.85997,43.57886],[-110.8692,43.58501],[-110.88332,43.59663],[-110.87794,43.60577],[-110.88566,43.6116],[-110.88464,43.61415]]]}},{"type":"Feature","id":"83111","properties":{"zip":"83111","pop":null,"city":"Auburn","county":"Lincoln","state":"Wyoming","area":11.02,"lat":42.81877,"lon":-111.01139},"geometry":{"type":"Polygon","coordinates":[[[-111.04407,42.85735],[-111.03469,42.85176],[-110.98597,42.85091],[-110.98072,42.84589],[-110.98193,42.83928],[-110.9782,42.83907],[-110.97821,42.83684],[-110.98312,42.83566],[-110.9836,42.83304],[-110.98554,42.83257],[-110.98154,42.82849],[-110.98235,42.82712],[-110.97794,42.82366],[-110.97478,42.82444],[-110.97123,42.82063],[-110.9724,42.81813],[-110.97077,42.81736],[-110.97339,42.81515],[-110.97043,42.81129],[-110.97336,42.80835],[-110.97692,42.80824],[-110.97467,42.80646],[-110.97776,42.80574],[-110.97603,42.80433],[-110.97693,42.80219],[-110.97491,42.80293],[-110.97469,42.80054],[-110.97163,42.80123],[-110.97263,42.80003],[-110.96903,42.79921],[-110.96621,42.7953],[-110.96713,42.79396],[-110.9979,42.794],[-110.99791,42.78574],[-111.00744,42.78572],[-111.00756,42.78298],[-111.02678,42.78609],[-111.0438,42.78536],[-111.04407,42.85735]]]}},{"type":"Feature","id":"83112","properties":{"zip":"83112","pop":null,"city":"Turnerville","county":"Lincoln","state":"Wyoming","area":41.9,"lat":42.88183,"lon":-110.88332},"geometry":{"type":"Polygon","coordinates":[[[-110.96524,42.88954],[-110.96057,42.88867],[-110.95366,42.89288],[-110.9531,42.90534],[-110.93781,42.90528],[-110.93782,42.90992],[-110.9142,42.90981],[-110.91401,42.92419],[-110.92451,42.92429],[-110.92424,42.94697],[-110.93402,42.94695],[-110.93383,42.95358],[-110.84054,42.9534],[-110.82026,42.92177],[-110.80957,42.89275],[-110.81053,42.84948],[-110.80839,42.83506],[-110.89544,42.83656],[-110.89819,42.83431],[-110.89922,42.82997],[-110.89718,42.8273],[-110.89318,42.80739],[-110.89609,42.80359],[-110.90557,42.79602],[-110.9153,42.79362],[-110.9334,42.79398],[-110.9335,42.80491],[-110.93857,42.80893],[-110.93935,42.82747],[-110.93737,42.83372],[-110.93437,42.83658],[-110.9381,42.83788],[-110.94106,42.8352],[-110.94274,42.83715],[-110.95306,42.83656],[-110.95332,42.88882],[-110.96286,42.88849],[-110.96524,42.88954]]]}},{"type":"Feature","id":"82223","properties":{"zip":"82223","pop":null,"city":"","county":"Goshen","state":"Wyoming","area":92.22,"lat":42.12041,"lon":-104.385},"geometry":{"type":"Polygon","coordinates":[[[-104.53245,42.21135],[-104.53024,42.2124],[-104.52817,42.21005],[-104.5078,42.20842],[-104.43976,42.17863],[-104.43978,42.20262],[-104.43252,42.20439],[-104.42437,42.20412],[-104.42343,42.20125],[-104.41881,42.20338],[-104.40211,42.19656],[-104.39999,42.19651],[-104.39915,42.19873],[-104.3893,42.20021],[-104.38488,42.19664],[-104.37728,42.20021],[-104.37246,42.19929],[-104.36761,42.19415],[-104.34992,42.19624],[-104.35042,42.20566],[-104.35327,42.21017],[-104.34827,42.21683],[-104.354,42.22167],[-104.36259,42.22533],[-104.36324,42.22998],[-104.34948,42.22483],[-104.33141,42.22719],[-104.29491,42.22575],[-104.29662,42.21833],[-104.2659,42.21865],[-104.26104,42.21331],[-104.26208,42.21044],[-104.26019,42.20715],[-104.2622,42.20428],[-104.26018,42.19926],[-104.26981,42.19217],[-104.26529,42.18809],[-104.26375,42.18369],[-104.26768,42.1754],[-104.28175,42.16817],[-104.28732,42.16344],[-104.2885,42.16017],[-104.29892,42.15902],[-104.30494,42.15457],[-104.2955,42.14734],[-104.2943,42.14029],[-104.28962,42.13228],[-104.28348,42.12663],[-104.27302,42.1262],[-104.26469,42.13149],[-104.26469,42.11754],[-104.302,42.11744],[-104.30366,42.11644],[-104.30363,42.1066],[-104.33307,42.1107],[-104.33457,42.10872],[-104.32631,42.10354],[-104.32639,42.10103],[-104.32259,42.09884],[-104.31734,42.1019],[-104.30788,42.10236],[-104.30649,42.10103],[-104.30367,42.09493],[-104.30545,42.08199],[-104.30932,42.08379],[-104.31036,42.08226],[-104.32515,42.0823],[-104.32513,42.08712],[-104.32679,42.0885],[-104.34232,42.08971],[-104.34398,42.08869],[-104.34441,42.07921],[-104.33203,42.07695],[-104.32186,42.0705],[-104.2818,42.05826],[-104.27901,42.05584],[-104.27591,42.05618],[-104.26491,42.04588],[-104.2862,42.04588],[-104.28471,42.03767],[-104.28101,42.03352],[-104.29109,42.02654],[-104.29537,42.02866],[-104.30295,42.02698],[-104.31182,42.02089],[-104.32502,42.01761],[-104.32504,42.04584],[-104.36225,42.04583],[-104.36329,42.0358],[-104.37182,42.03139],[-104.40166,42.0313],[-104.40166,42.01697],[-104.43136,42.01671],[-104.4401,42.02357],[-104.4408,42.03127],[-104.51791,42.03142],[-104.51646,42.04648],[-104.5177,42.05963],[-104.47911,42.06022],[-104.47911,42.07465],[-104.47474,42.07468],[-104.49241,42.08886],[-104.479,42.08883],[-104.4791,42.18716],[-104.49465,42.18986],[-104.49827,42.19211],[-104.49993,42.19726],[-104.50547,42.19957],[-104.52085,42.19983],[-104.52731,42.19629],[-104.52729,42.19916],[-104.53029,42.20044],[-104.52914,42.20477],[-104.53245,42.21135]]]}},{"type":"Feature","id":"83126","properties":{"zip":"83126","pop":null,"city":"Smoot","county":"Lincoln","state":"Wyoming","area":8.42,"lat":42.58678,"lon":-110.90901},"geometry":{"type":"Polygon","coordinates":[[[-110.95433,42.59821],[-110.95181,42.59957],[-110.95019,42.6043],[-110.95273,42.61093],[-110.94347,42.61855],[-110.94513,42.62028],[-110.93342,42.6203],[-110.93336,42.63112],[-110.92389,42.63117],[-110.92111,42.62959],[-110.92112,42.62757],[-110.91865,42.62754],[-110.9172,42.62347],[-110.91166,42.62071],[-110.90834,42.622],[-110.90337,42.62837],[-110.90369,42.62046],[-110.89864,42.61328],[-110.89347,42.61143],[-110.89335,42.57699],[-110.87536,42.57702],[-110.8752,42.5329],[-110.88607,42.53293],[-110.89245,42.53789],[-110.89419,42.54302],[-110.89772,42.54046],[-110.90132,42.54242],[-110.90548,42.54169],[-110.90579,42.58411],[-110.91562,42.584],[-110.91542,42.59128],[-110.95356,42.59138],[-110.95304,42.59821],[-110.95433,42.59821]]]}},{"type":"Feature","id":"82214","properties":{"zip":"82214","pop":null,"city":"","county":"Platte","state":"Wyoming","area":56.83,"lat":42.26413,"lon":-104.75092},"geometry":{"type":"Polygon","coordinates":[[[-104.90794,42.30294],[-104.90478,42.30224],[-104.89832,42.30573],[-104.89425,42.30988],[-104.89349,42.31372],[-104.88946,42.31412],[-104.87473,42.32524],[-104.87219,42.32623],[-104.86591,42.32149],[-104.85896,42.32256],[-104.8528,42.33201],[-104.85958,42.33709],[-104.86334,42.34471],[-104.85679,42.34546],[-104.85348,42.34822],[-104.85851,42.35219],[-104.85093,42.35306],[-104.84462,42.34934],[-104.83682,42.339],[-104.83112,42.33883],[-104.83083,42.31727],[-104.82831,42.3165],[-104.82916,42.31507],[-104.82535,42.31448],[-104.8242,42.31122],[-104.81775,42.30662],[-104.81442,42.30875],[-104.80004,42.30681],[-104.8012,42.30839],[-104.79975,42.31055],[-104.79785,42.3098],[-104.80017,42.31195],[-104.79787,42.31268],[-104.79959,42.31383],[-104.79707,42.3156],[-104.79804,42.31664],[-104.78913,42.32328],[-104.77855,42.32176],[-104.77057,42.3173],[-104.77311,42.3108],[-104.77801,42.30936],[-104.7762,42.30761],[-104.77881,42.30672],[-104.74803,42.30645],[-104.76017,42.29165],[-104.75752,42.29113],[-104.75601,42.28831],[-104.73737,42.28131],[-104.73424,42.27721],[-104.73638,42.27127],[-104.72864,42.27278],[-104.72264,42.27163],[-104.7157,42.27443],[-104.71359,42.28161],[-104.71591,42.28958],[-104.71585,42.30049],[-104.72315,42.30927],[-104.7234,42.31353],[-104.70138,42.3298],[-104.69537,42.3389],[-104.68969,42.34228],[-104.68699,42.33972],[-104.68163,42.33911],[-104.67623,42.34182],[-104.6758,42.34375],[-104.66911,42.34555],[-104.66842,42.34239],[-104.67854,42.33356],[-104.68127,42.32866],[-104.67513,42.32839],[-104.67242,42.32512],[-104.66949,42.32763],[-104.66542,42.32634],[-104.66244,42.32741],[-104.6636,42.33301],[-104.6561,42.33525],[-104.65456,42.33802],[-104.65446,42.18924],[-104.65812,42.18819],[-104.66429,42.19045],[-104.66314,42.19546],[-104.6658,42.19654],[-104.67482,42.19582],[-104.67566,42.19121],[-104.6803,42.19156],[-104.68269,42.18928],[-104.6811,42.18379],[-104.68514,42.18309],[-104.68153,42.18048],[-104.68641,42.17874],[-104.68442,42.17782],[-104.68396,42.17209],[-104.68754,42.17671],[-104.69095,42.1754],[-104.68719,42.17255],[-104.6899,42.17213],[-104.69098,42.16792],[-104.69594,42.16915],[-104.71371,42.15578],[-104.71369,42.16103],[-104.72189,42.17314],[-104.72091,42.17653],[-104.76127,42.17656],[-104.76145,42.19076],[-104.77107,42.19077],[-104.77123,42.19805],[-104.75176,42.19797],[-104.75181,42.20532],[-104.77153,42.20537],[-104.77134,42.2271],[-104.7322,42.22691],[-104.73244,42.23163],[-104.7373,42.23466],[-104.74306,42.24328],[-104.74055,42.24921],[-104.74241,42.25242],[-104.74183,42.25984],[-104.75044,42.26036],[-104.75377,42.2623],[-104.75288,42.26976],[-104.76237,42.26956],[-104.77658,42.26526],[-104.80242,42.27013],[-104.82976,42.25659],[-104.83699,42.26525],[-104.89098,42.26522],[-104.8912,42.27848],[-104.89424,42.27666],[-104.90327,42.27629],[-104.90782,42.27145],[-104.90794,42.30294]]]}},{"type":"Feature","id":"82222","properties":{"zip":"82222","pop":null,"city":"Lance Creek","county":"Niobrara","state":"Wyoming","area":180.0,"lat":43.16329,"lon":-104.64983},"geometry":{"type":"Polygon","coordinates":[[[-104.83528,43.36836],[-104.82873,43.37378],[-104.83312,43.38401],[-104.8319,43.3863],[-104.82404,43.38952],[-104.81893,43.39402],[-104.82683,43.3994],[-104.82737,43.40315],[-104.83372,43.41064],[-104.83238,43.41264],[-104.81996,43.40859],[-104.78577,43.4058],[-104.77353,43.39988],[-104.7723,43.39317],[-104.75721,43.37411],[-104.74078,43.3738],[-104.73604,43.37542],[-104.72861,43.37134],[-104.72154,43.37452],[-104.70337,43.37347],[-104.67705,43.36289],[-104.67159,43.3593],[-104.67307,43.34641],[-104.67596,43.34443],[-104.66893,43.33843],[-104.67087,43.33695],[-104.66834,43.33152],[-104.66861,43.32501],[-104.67042,43.32494],[-104.66118,43.31864],[-104.65745,43.31074],[-104.6524,43.30938],[-104.63071,43.2933],[-104.61646,43.29058],[-104.61445,43.28335],[-104.60912,43.28377],[-104.60897,43.28065],[-104.60636,43.28079],[-104.60627,43.27902],[-104.60228,43.27974],[-104.60133,43.27707],[-104.60043,43.2787],[-104.59775,43.27652],[-104.59151,43.27736],[-104.58738,43.27365],[-104.5884,43.2721],[-104.58347,43.27085],[-104.58345,43.26846],[-104.5738,43.2728],[-104.56359,43.27326],[-104.55823,43.27623],[-104.55654,43.27432],[-104.55737,43.27148],[-104.56228,43.26972],[-104.55704,43.26764],[-104.55781,43.26539],[-104.55496,43.26353],[-104.54435,43.26744],[-104.54491,43.26024],[-104.54268,43.25782],[-104.53899,43.25798],[-104.53858,43.17568],[-104.47942,43.1755],[-104.47927,43.10139],[-104.48148,43.10094],[-104.48121,43.09951],[-104.48471,43.10201],[-104.49118,43.09864],[-104.49341,43.096],[-104.48965,43.0897],[-104.49212,43.08794],[-104.49134,43.08429],[-104.49514,43.08138],[-104.49837,43.08247],[-104.50314,43.081],[-104.50255,43.07663],[-104.49909,43.07398],[-104.50082,43.07327],[-104.49941,43.06961],[-104.50346,43.0692],[-104.50316,43.05863],[-104.5055,43.05417],[-104.55168,43.05573],[-104.615,43.05482],[-104.62333,43.04996],[-104.62145,43.04735],[-104.61252,43.03749],[-104.59812,43.0317],[-104.5984,43.02721],[-104.59593,43.0227],[-104.59259,43.01959],[-104.58683,43.02069],[-104.58062,43.01029],[-104.58779,43.00865],[-104.59227,43.01125],[-104.60801,43.0147],[-104.59577,43.00772],[-104.59351,43.00569],[-104.59363,43.00262],[-104.60542,43.0027],[-104.61077,42.99612],[-104.62763,42.99556],[-104.63621,42.99773],[-104.63902,43.00306],[-104.6441,43.00603],[-104.64232,42.99081],[-104.63327,42.95747],[-104.62314,42.95606],[-104.61788,42.95861],[-104.60231,42.95687],[-104.59816,42.95813],[-104.59791,42.91637],[-104.60699,42.92082],[-104.61651,42.92235],[-104.63079,42.91851],[-104.63077,42.91492],[-104.75353,42.91534],[-104.75264,42.92805],[-104.75827,42.92967],[-104.75808,42.9341],[-104.7527,42.93731],[-104.7527,42.94301],[-104.74657,42.94535],[-104.74211,42.9514],[-104.73705,42.95227],[-104.73173,42.9589],[-104.73029,42.96534],[-104.7234,42.96905],[-104.72173,42.97487],[-104.72481,42.98027],[-104.72196,42.98315],[-104.72328,42.9887],[-104.72121,43.0037],[-104.71717,43.00497],[-104.71693,43.00997],[-104.70854,43.02377],[-104.70047,43.02493],[-104.70448,43.02797],[-104.71016,43.02887],[-104.70859,43.04218],[-104.69968,43.04392],[-104.70215,43.04515],[-104.69861,43.04673],[-104.70061,43.04859],[-104.69481,43.05202],[-104.6926,43.05191],[-104.69318,43.04979],[-104.68911,43.05064],[-104.69257,43.0532],[-104.68231,43.05478],[-104.67998,43.06126],[-104.67783,43.06197],[-104.67707,43.06674],[-104.66393,43.07952],[-104.66851,43.09117],[-104.64966,43.09574],[-104.64186,43.10075],[-104.62839,43.09377],[-104.61961,43.10704],[-104.61701,43.11455],[-104.61761,43.12517],[-104.61942,43.12767],[-104.618,43.1625],[-104.63588,43.16588],[-104.64678,43.16059],[-104.65583,43.16303],[-104.65564,43.16017],[-104.66135,43.1555],[-104.66109,43.15331],[-104.66824,43.15592],[-104.6768,43.15528],[-104.68217,43.15686],[-104.68745,43.15395],[-104.69673,43.1605],[-104.71104,43.16383],[-104.71186,43.1663],[-104.7147,43.16736],[-104.72892,43.17],[-104.72736,43.16612],[-104.73163,43.16474],[-104.73282,43.16261],[-104.7311,43.16092],[-104.73519,43.15799],[-104.72751,43.15928],[-104.72925,43.15573],[-104.73475,43.15667],[-104.73128,43.15484],[-104.73588,43.15367],[-104.73616,43.15202],[-104.75924,43.14963],[-104.75344,43.15608],[-104.76893,43.15956],[-104.7687,43.16405],[-104.77136,43.16973],[-104.7775,43.17492],[-104.77749,43.17694],[-104.78542,43.18208],[-104.7716,43.18526],[-104.7677,43.18844],[-104.75052,43.18455],[-104.74769,43.19031],[-104.73762,43.1918],[-104.724,43.20168],[-104.7238,43.20496],[-104.7214,43.20662],[-104.71067,43.20352],[-104.70637,43.20746],[-104.70533,43.2041],[-104.6974,43.20379],[-104.69339,43.20464],[-104.69158,43.20908],[-104.68842,43.20192],[-104.68397,43.20531],[-104.68647,43.21187],[-104.67976,43.21067],[-104.68152,43.20742],[-104.67776,43.21118],[-104.68376,43.21899],[-104.68751,43.2211],[-104.69419,43.22071],[-104.69656,43.22296],[-104.69632,43.22745],[-104.69845,43.2302],[-104.70627,43.2343],[-104.71704,43.23437],[-104.71645,43.23805],[-104.72039,43.24203],[-104.71692,43.24482],[-104.71859,43.25265],[-104.71634,43.26082],[-104.72648,43.26289],[-104.73928,43.26156],[-104.74187,43.25861],[-104.74443,43.25874],[-104.75093,43.26495],[-104.74814,43.27166],[-104.753,43.2747],[-104.75485,43.27375],[-104.75696,43.27698],[-104.7598,43.27562],[-104.75982,43.27788],[-104.76313,43.27923],[-104.76359,43.28416],[-104.77099,43.28442],[-104.77283,43.28201],[-104.77499,43.28427],[-104.77714,43.28375],[-104.77624,43.28237],[-104.77948,43.28351],[-104.77974,43.28125],[-104.78212,43.2831],[-104.78376,43.281],[-104.78494,43.28578],[-104.78514,43.28421],[-104.79281,43.28539],[-104.7953,43.2881],[-104.80327,43.28959],[-104.80479,43.2918],[-104.8123,43.28871],[-104.81106,43.29428],[-104.80936,43.29474],[-104.80104,43.29081],[-104.79281,43.29016],[-104.7769,43.29517],[-104.77685,43.29712],[-104.76634,43.297],[-104.76397,43.29857],[-104.7652,43.30536],[-104.76385,43.3121],[-104.77577,43.31168],[-104.78069,43.30634],[-104.78799,43.30838],[-104.79642,43.30812],[-104.79495,43.31326],[-104.80347,43.32388],[-104.80491,43.32946],[-104.80851,43.33218],[-104.8096,43.3392],[-104.81822,43.35103],[-104.83446,43.36102],[-104.83528,43.36836]]]}},{"type":"Feature","id":"82837","properties":{"zip":"82837","pop":null,"city":"","county":"Sheridan","state":"Wyoming","area":10.41,"lat":44.72544,"lon":-106.28198},"geometry":{"type":"Polygon","coordinates":[[[-106.3704,44.72281],[-106.36791,44.73396],[-106.35578,44.72867],[-106.34779,44.71872],[-106.33895,44.71565],[-106.33769,44.71697],[-106.34279,44.71893],[-106.34472,44.72222],[-106.3418,44.72684],[-106.34235,44.73061],[-106.33831,44.73375],[-106.33404,44.73373],[-106.33363,44.7372],[-106.33674,44.74136],[-106.33597,44.74379],[-106.33087,44.74134],[-106.33193,44.74438],[-106.32936,44.7453],[-106.32295,44.74221],[-106.32407,44.74056],[-106.31788,44.74166],[-106.31271,44.73878],[-106.30565,44.73931],[-106.2951,44.72858],[-106.28811,44.72812],[-106.26842,44.73356],[-106.26197,44.73707],[-106.25659,44.74354],[-106.23632,44.74778],[-106.23274,44.75042],[-106.22316,44.75035],[-106.21629,44.74803],[-106.20254,44.73805],[-106.20053,44.73133],[-106.19172,44.72101],[-106.19193,44.71607],[-106.22198,44.7147],[-106.25157,44.72099],[-106.28303,44.71614],[-106.28118,44.72129],[-106.27808,44.72108],[-106.27804,44.71749],[-106.27371,44.72046],[-106.274,44.72228],[-106.28011,44.72195],[-106.34045,44.69714],[-106.34465,44.69397],[-106.34789,44.69585],[-106.3473,44.69886],[-106.34941,44.70155],[-106.3677,44.71739],[-106.3704,44.72281]]]}},{"type":"Feature","id":"83123","properties":{"zip":"83123","pop":null,"city":"La Barge","county":"Lincoln","state":"Wyoming","area":34.14,"lat":42.23999,"lon":-110.25973},"geometry":{"type":"Polygon","coordinates":[[[-110.41508,42.27611],[-110.20652,42.27654],[-110.20692,42.27064],[-110.18876,42.27074],[-110.18598,42.2677],[-110.18679,42.2647],[-110.18197,42.2651],[-110.18932,42.26432],[-110.1892,42.2597],[-110.18555,42.25856],[-110.18524,42.25634],[-110.18736,42.25463],[-110.18359,42.25136],[-110.18017,42.24458],[-110.18173,42.24459],[-110.17785,42.24054],[-110.17467,42.2379],[-110.16769,42.2373],[-110.16298,42.23231],[-110.1639,42.21099],[-110.15561,42.20023],[-110.1659,42.19089],[-110.16529,42.18876],[-110.18068,42.18714],[-110.18685,42.17697],[-110.19227,42.1743],[-110.19891,42.17391],[-110.20475,42.17843],[-110.20516,42.17415],[-110.20269,42.20722],[-110.19964,42.21724],[-110.21201,42.21257],[-110.21648,42.21014],[-110.2174,42.20767],[-110.22297,42.20764],[-110.22405,42.20568],[-110.22954,42.20669],[-110.23193,42.20609],[-110.23141,42.20469],[-110.24642,42.20585],[-110.24849,42.20848],[-110.25072,42.206],[-110.25351,42.20606],[-110.25709,42.20956],[-110.26286,42.20791],[-110.26576,42.2092],[-110.26654,42.2069],[-110.29447,42.20596],[-110.30278,42.20868],[-110.31866,42.22122],[-110.32112,42.22079],[-110.32065,42.22363],[-110.32881,42.23067],[-110.33154,42.23533],[-110.33027,42.2355],[-110.33909,42.23667],[-110.33955,42.23544],[-110.34135,42.23886],[-110.34477,42.23875],[-110.34387,42.24248],[-110.3531,42.24482],[-110.35779,42.24921],[-110.35939,42.24856],[-110.36092,42.25172],[-110.36291,42.25057],[-110.37486,42.25773],[-110.37791,42.25734],[-110.38325,42.26181],[-110.39037,42.26306],[-110.39634,42.26678],[-110.39665,42.26921],[-110.39979,42.26925],[-110.39872,42.27095],[-110.40041,42.27267],[-110.40434,42.27282],[-110.4088,42.2759],[-110.41508,42.27611]]]}},{"type":"Feature","id":"82838","properties":{"zip":"82838","pop":null,"city":"Parkman","county":"Sheridan","state":"Wyoming","area":105.72,"lat":44.93785,"lon":-107.48403},"geometry":{"type":"Polygon","coordinates":[[[-107.68014,44.95092],[-107.67666,44.95176],[-107.67433,44.95682],[-107.67073,44.95889],[-107.66495,44.97002],[-107.65936,44.97284],[-107.65963,44.97616],[-107.65448,44.97852],[-107.65037,44.97749],[-107.64657,44.98017],[-107.6335,44.99413],[-107.62694,44.99551],[-107.62595,45.00065],[-107.48375,45.00143],[-107.31516,45.00072],[-107.31378,44.99533],[-107.30466,44.98561],[-107.30536,44.97306],[-107.30367,44.96917],[-107.3003,44.97033],[-107.29383,44.96878],[-107.29397,44.97091],[-107.28903,44.96702],[-107.28531,44.96783],[-107.28228,44.96616],[-107.28225,44.95882],[-107.27247,44.95837],[-107.27161,44.95259],[-107.27206,44.94009],[-107.28574,44.93877],[-107.28754,44.935],[-107.28756,44.92394],[-107.30169,44.91819],[-107.29218,44.90794],[-107.40058,44.90757],[-107.39882,44.89329],[-107.41871,44.89329],[-107.41625,44.86463],[-107.47363,44.8637],[-107.47754,44.86023],[-107.48346,44.86016],[-107.48211,44.85689],[-107.48465,44.85961],[-107.48699,44.85862],[-107.49181,44.85243],[-107.48693,44.84789],[-107.50118,44.8422],[-107.50523,44.83423],[-107.51466,44.84074],[-107.52697,44.84421],[-107.53248,44.84833],[-107.55892,44.85986],[-107.58948,44.88172],[-107.61419,44.88496],[-107.62019,44.89193],[-107.63162,44.89676],[-107.65255,44.91706],[-107.66236,44.92107],[-107.68039,44.93601],[-107.67847,44.94802],[-107.68014,44.95092]]]}},{"type":"Feature","id":"82082","properties":{"zip":"82082","pop":null,"city":"","county":"Laramie","state":"Wyoming","area":240.83,"lat":41.26294,"lon":-104.09358},"geometry":{"type":"Polygon","coordinates":[[[-104.25395,41.13235],[-104.24585,41.12931],[-104.21854,41.12925],[-104.21652,41.12987],[-104.21629,41.14262],[-104.23548,41.14268],[-104.23537,41.15814],[-104.25381,41.15749],[-104.25381,41.15881],[-104.22888,41.15851],[-104.19041,41.14986],[-104.17016,41.14781],[-104.15886,41.14817],[-104.19526,41.1512],[-104.23602,41.16154],[-104.23698,41.16501],[-104.22732,41.17241],[-104.25372,41.17249],[-104.25357,41.20146],[-104.20174,41.20113],[-104.19171,41.22241],[-104.15744,41.23336],[-104.15757,41.24446],[-104.17673,41.24465],[-104.17665,41.28773],[-104.25145,41.28807],[-104.25355,41.28667],[-104.25275,41.36029],[-104.17629,41.35995],[-104.17633,41.34826],[-104.15686,41.3456],[-104.13801,41.34543],[-104.13787,41.37438],[-104.10477,41.37427],[-104.101,41.38124],[-104.10098,41.38956],[-104.07282,41.38969],[-104.07278,41.43309],[-104.09222,41.43296],[-104.09219,41.41843],[-104.09857,41.41845],[-104.09216,41.44741],[-104.10189,41.4594],[-104.10156,41.46413],[-104.09766,41.47064],[-104.10089,41.47389],[-104.11078,41.47524],[-104.11119,41.47836],[-104.10649,41.48284],[-104.11811,41.48994],[-104.1262,41.50629],[-104.12683,41.51049],[-104.11575,41.51236],[-104.10234,41.52236],[-104.09628,41.51765],[-104.09209,41.51771],[-104.09657,41.52004],[-104.10299,41.53015],[-104.10315,41.54289],[-104.11386,41.56427],[-104.05254,41.56427],[-104.05295,41.6381],[-103.98641,41.63976],[-103.9863,41.60764],[-103.98957,41.59817],[-103.98679,41.59029],[-103.98623,41.55962],[-103.98764,41.55678],[-103.99687,41.55163],[-103.99769,41.54629],[-103.99475,41.54063],[-103.98847,41.53687],[-103.98804,41.53452],[-103.99215,41.53093],[-103.99267,41.52793],[-104.00559,41.52345],[-104.00444,41.46578],[-103.98514,41.46582],[-103.98397,41.3936],[-104.05229,41.39321],[-104.05303,41.0906],[-104.04552,41.09049],[-104.04561,41.10499],[-103.95061,41.10509],[-103.95001,41.0472],[-103.97314,41.04726],[-103.97225,41.00159],[-104.01096,41.00162],[-104.01022,40.97382],[-104.06727,40.97326],[-104.06701,41.0015],[-104.16258,41.00161],[-104.16151,41.04195],[-104.12153,41.04196],[-104.12112,41.08543],[-104.21655,41.0856],[-104.21664,41.12224],[-104.22543,41.12215],[-104.23004,41.12445],[-104.23638,41.12334],[-104.23894,41.12549],[-104.2399,41.12374],[-104.24193,41.12414],[-104.24943,41.12759],[-104.25395,41.13235]]]}},{"type":"Feature","id":"82934","properties":{"zip":"82934","pop":null,"city":"Granger","county":"Sweetwater","state":"Wyoming","area":5.37,"lat":41.6125,"lon":-109.99562},"geometry":{"type":"Polygon","coordinates":[[[-110.04742,41.65579],[-110.02376,41.63451],[-109.99972,41.62013],[-109.96244,41.60595],[-109.94264,41.60571],[-109.94267,41.6021],[-109.9379,41.60206],[-109.93792,41.60026],[-109.94269,41.6003],[-109.94277,41.59131],[-109.96213,41.59142],[-109.96215,41.5842],[-109.97178,41.58423],[-109.97177,41.58787],[-109.9766,41.58786],[-109.97659,41.5897],[-109.98238,41.58865],[-109.98453,41.59255],[-109.99138,41.59625],[-109.99174,41.59876],[-110.02336,41.61397],[-110.04761,41.63835],[-110.04742,41.65579]]]}},{"type":"Feature","id":"82937","properties":{"zip":"82937","pop":null,"city":"","county":"Uinta","state":"Wyoming","area":67.14,"lat":41.3491,"lon":-110.26332},"geometry":{"type":"Polygon","coordinates":[[[-110.38093,41.29299],[-110.38405,41.29917],[-110.38424,41.30924],[-110.37454,41.32559],[-110.37536,41.32995],[-110.36954,41.33449],[-110.36826,41.33819],[-110.36288,41.3388],[-110.36278,41.34814],[-110.35442,41.34822],[-110.35376,41.40253],[-110.34883,41.40243],[-110.34884,41.41081],[-110.34734,41.41111],[-110.34719,41.40777],[-110.33248,41.40788],[-110.32362,41.41231],[-110.32008,41.41189],[-110.31507,41.41982],[-110.29081,41.42008],[-110.28555,41.41692],[-110.28579,41.41152],[-110.29048,41.40331],[-110.26429,41.40131],[-110.22529,41.41738],[-110.21335,41.42645],[-110.2056,41.42604],[-110.18519,41.43344],[-110.18116,41.43256],[-110.17221,41.45209],[-110.16852,41.45238],[-110.16971,41.4505],[-110.16848,41.44925],[-110.17043,41.44989],[-110.17123,41.44727],[-110.16817,41.4449],[-110.17486,41.44122],[-110.17211,41.43855],[-110.16778,41.43973],[-110.16066,41.43605],[-110.15605,41.43088],[-110.15787,41.42996],[-110.15748,41.42271],[-110.16207,41.42096],[-110.15473,41.41566],[-110.16177,41.41022],[-110.17872,41.40931],[-110.18268,41.40416],[-110.18177,41.39702],[-110.18544,41.39467],[-110.18489,41.39292],[-110.20085,41.38878],[-110.18464,41.39252],[-110.18441,41.39092],[-110.19334,41.38387],[-110.19189,41.37878],[-110.17952,41.37065],[-110.17064,41.35786],[-110.1718,41.34974],[-110.17519,41.34555],[-110.1738,41.34487],[-110.17631,41.32819],[-110.17974,41.3243],[-110.17461,41.31345],[-110.16703,41.30473],[-110.15942,41.30224],[-110.15187,41.29357],[-110.14159,41.28601],[-110.12435,41.27791],[-110.13198,41.27489],[-110.14448,41.27645],[-110.16465,41.27307],[-110.17529,41.27736],[-110.21934,41.30839],[-110.22142,41.3075],[-110.22293,41.30153],[-110.22806,41.29886],[-110.22626,41.29465],[-110.22857,41.28916],[-110.23786,41.28157],[-110.24553,41.28168],[-110.25534,41.27482],[-110.25879,41.27468],[-110.25896,41.29322],[-110.29752,41.29348],[-110.29753,41.27715],[-110.31703,41.27682],[-110.31706,41.29449],[-110.32188,41.29452],[-110.32188,41.298],[-110.31701,41.29815],[-110.31698,41.30199],[-110.33652,41.30011],[-110.33644,41.2872],[-110.3858,41.28706],[-110.38093,41.29299]]]}},{"type":"Feature","id":"82242","properties":{"zip":"82242","pop":null,"city":"","county":"Niobrara","state":"Wyoming","area":71.4,"lat":42.67691,"lon":-104.13887},"geometry":{"type":"Polygon","coordinates":[[[-104.25184,42.64609],[-104.25083,42.67198],[-104.24715,42.68708],[-104.24206,42.69442],[-104.24163,42.70237],[-104.20048,42.69171],[-104.18668,42.6854],[-104.17526,42.677],[-104.15352,42.66805],[-104.10396,42.66294],[-104.10525,42.6672],[-104.11573,42.66866],[-104.12814,42.67596],[-104.12981,42.68084],[-104.13508,42.68509],[-104.13582,42.6888],[-104.14561,42.69793],[-104.15335,42.70843],[-104.16445,42.71349],[-104.16298,42.74638],[-104.17797,42.74967],[-104.18213,42.75754],[-104.17459,42.76241],[-104.17484,42.76406],[-104.18436,42.77895],[-104.20142,42.78665],[-104.17587,42.78766],[-104.16685,42.78556],[-104.15644,42.78683],[-104.1495,42.77986],[-104.14281,42.78626],[-104.11674,42.7826],[-104.10436,42.77202],[-104.10359,42.77748],[-104.09792,42.7746],[-104.09513,42.77867],[-104.07197,42.77625],[-104.06461,42.77385],[-104.06262,42.77708],[-104.0547,42.77646],[-104.05288,42.77292],[-104.05277,42.61177],[-104.10406,42.61193],[-104.10403,42.5098],[-104.10599,42.50986],[-104.10663,42.58983],[-104.10873,42.5946],[-104.13339,42.61075],[-104.13367,42.59014],[-104.14404,42.59008],[-104.15541,42.58437],[-104.16376,42.583],[-104.18268,42.58308],[-104.18949,42.58893],[-104.19402,42.58435],[-104.20323,42.58814],[-104.20322,42.58407],[-104.21277,42.58372],[-104.21862,42.58059],[-104.24209,42.58129],[-104.2419,42.61197],[-104.2109,42.61199],[-104.22167,42.62673],[-104.24098,42.64097],[-104.25126,42.64101],[-104.25184,42.64609]]]}},{"type":"Feature","id":"82434","properties":{"zip":"82434","pop":null,"city":"","county":"Big Horn","state":"Wyoming","area":35.64,"lat":44.34725,"lon":-108.30759},"geometry":{"type":"Polygon","coordinates":[[[-108.38631,44.34711],[-108.37609,44.35305],[-108.37222,44.35328],[-108.37228,44.35613],[-108.37018,44.35792],[-108.37114,44.36128],[-108.36904,44.36393],[-108.35764,44.3633],[-108.35295,44.37525],[-108.29829,44.37506],[-108.30832,44.37789],[-108.31344,44.38329],[-108.3234,44.3854],[-108.32818,44.39081],[-108.33066,44.38976],[-108.33424,44.39205],[-108.33656,44.38962],[-108.3397,44.39143],[-108.34557,44.38782],[-108.34765,44.39287],[-108.35321,44.39127],[-108.36141,44.39559],[-108.36614,44.39522],[-108.3675,44.39118],[-108.37232,44.39161],[-108.37055,44.41792],[-108.32974,44.41765],[-108.3189,44.42259],[-108.31402,44.4205],[-108.30971,44.42114],[-108.3097,44.41789],[-108.29385,44.41618],[-108.28835,44.41116],[-108.28237,44.41132],[-108.27563,44.40878],[-108.27171,44.406],[-108.27177,44.40332],[-108.26425,44.40291],[-108.2637,44.40176],[-108.26968,44.40141],[-108.2723,44.38942],[-108.26434,44.38925],[-108.2595,44.38863],[-108.25758,44.38793],[-108.25963,44.38851],[-108.25981,44.38354],[-108.25377,44.38161],[-108.25717,44.37955],[-108.26402,44.38369],[-108.27239,44.38359],[-108.27253,44.37469],[-108.262,44.37673],[-108.25241,44.37613],[-108.24873,44.36763],[-108.23177,44.36935],[-108.21937,44.36398],[-108.2124,44.3579],[-108.21233,44.34175],[-108.26505,44.34186],[-108.26527,44.33808],[-108.26799,44.33818],[-108.26633,44.3341],[-108.26254,44.33311],[-108.25706,44.32687],[-108.25635,44.31988],[-108.26209,44.31634],[-108.26194,44.31299],[-108.25958,44.31092],[-108.25828,44.30478],[-108.2601,44.29845],[-108.2535,44.29307],[-108.26063,44.29133],[-108.26616,44.28619],[-108.27588,44.28368],[-108.28141,44.2843],[-108.29351,44.27856],[-108.3087,44.27751],[-108.31085,44.2754],[-108.33351,44.27604],[-108.33546,44.27983],[-108.34288,44.28536],[-108.35744,44.29449],[-108.35945,44.2939],[-108.37042,44.2998],[-108.37178,44.30309],[-108.36719,44.3105],[-108.35408,44.31142],[-108.35129,44.31354],[-108.35445,44.3148],[-108.36518,44.32694],[-108.38377,44.34093],[-108.38631,44.34711]]]}},{"type":"Feature","id":"82421","properties":{"zip":"82421","pop":null,"city":"","county":"Park","state":"Wyoming","area":52.76,"lat":44.88402,"lon":-108.60492},"geometry":{"type":"Polygon","coordinates":[[[-108.68027,44.86164],[-108.67259,44.87506],[-108.67439,44.87723],[-108.67544,44.89281],[-108.67281,44.8974],[-108.6717,44.90587],[-108.67809,44.94078],[-108.6686,44.95981],[-108.63354,44.95987],[-108.6337,44.9712],[-108.62663,44.97012],[-108.62677,44.96609],[-108.62165,44.966],[-108.62159,44.95875],[-108.60119,44.95889],[-108.60117,44.96592],[-108.58158,44.9659],[-108.58082,44.95867],[-108.57068,44.95862],[-108.57066,44.96303],[-108.55839,44.96424],[-108.54268,44.94574],[-108.53785,44.94414],[-108.52776,44.93351],[-108.51849,44.93062],[-108.51891,44.88583],[-108.52399,44.8858],[-108.52402,44.87879],[-108.53301,44.88037],[-108.53391,44.88269],[-108.53909,44.88441],[-108.53893,44.87143],[-108.53447,44.87085],[-108.53304,44.86845],[-108.53676,44.86843],[-108.53676,44.86126],[-108.53171,44.86124],[-108.53162,44.85399],[-108.55245,44.85384],[-108.55075,44.83432],[-108.5448,44.82597],[-108.59247,44.80646],[-108.59242,44.77347],[-108.6113,44.78435],[-108.619,44.78513],[-108.62689,44.78995],[-108.64025,44.80298],[-108.6519,44.80846],[-108.65636,44.81146],[-108.65798,44.81545],[-108.6673,44.82031],[-108.67616,44.83329],[-108.67547,44.83869],[-108.68027,44.86164]]]}},{"type":"Feature","id":"82050","properties":{"zip":"82050","pop":null,"city":"","county":"Laramie","state":"Wyoming","area":101.58,"lat":41.4352,"lon":-104.21482},"geometry":{"type":"Polygon","coordinates":[[[-104.40898,41.41925],[-104.35371,41.43758],[-104.34614,41.44181],[-104.3439,41.44002],[-104.32422,41.45502],[-104.32446,41.46219],[-104.31487,41.46218],[-104.2245,41.53065],[-104.22165,41.52958],[-104.21737,41.53337],[-104.21097,41.53465],[-104.21226,41.53766],[-104.20923,41.53655],[-104.2041,41.53843],[-104.19997,41.53278],[-104.19106,41.53626],[-104.18754,41.53362],[-104.18,41.53335],[-104.17582,41.53746],[-104.16993,41.53567],[-104.1672,41.54127],[-104.1639,41.53968],[-104.15823,41.54358],[-104.15416,41.54061],[-104.15334,41.53757],[-104.1555,41.53027],[-104.13129,41.53148],[-104.13108,41.52786],[-104.12238,41.52745],[-104.12683,41.51049],[-104.1249,41.50269],[-104.11728,41.48905],[-104.10649,41.48284],[-104.11119,41.47836],[-104.11078,41.47524],[-104.10089,41.47389],[-104.09766,41.47064],[-104.10156,41.46413],[-104.10189,41.4594],[-104.09216,41.44741],[-104.09857,41.41845],[-104.09219,41.41843],[-104.09222,41.43296],[-104.07278,41.43309],[-104.07282,41.38969],[-104.10098,41.38956],[-104.101,41.38124],[-104.10477,41.37427],[-104.13787,41.37438],[-104.13801,41.34543],[-104.15686,41.3456],[-104.17633,41.34826],[-104.17629,41.35995],[-104.25275,41.36029],[-104.25275,41.37474],[-104.27199,41.37481],[-104.27202,41.36041],[-104.32977,41.36065],[-104.32933,41.38966],[-104.38258,41.38981],[-104.3828,41.41907],[-104.40898,41.41925]]]}},{"type":"Feature","id":"82844","properties":{"zip":"82844","pop":null,"city":"","county":"Sheridan","state":"Wyoming","area":20.49,"lat":44.80385,"lon":-107.19977},"geometry":{"type":"Polygon","coordinates":[[[-107.25695,44.80956],[-107.24093,44.80942],[-107.24098,44.83327],[-107.23914,44.83328],[-107.23953,44.8353],[-107.18429,44.83515],[-107.18431,44.84225],[-107.18915,44.84238],[-107.18949,44.84374],[-107.18425,44.84685],[-107.18155,44.85109],[-107.18374,44.85697],[-107.18095,44.85953],[-107.18237,44.8595],[-107.18027,44.86143],[-107.18155,44.86281],[-107.17521,44.86624],[-107.17849,44.87042],[-107.17544,44.87438],[-107.1792,44.87554],[-107.17116,44.87757],[-107.17723,44.87932],[-107.17511,44.88051],[-107.17596,44.88177],[-107.17145,44.88043],[-107.17116,44.88206],[-107.16896,44.88201],[-107.16994,44.88336],[-107.16675,44.88199],[-107.16042,44.88441],[-107.16289,44.88953],[-107.1438,44.87734],[-107.14667,44.87319],[-107.14069,44.86793],[-107.14885,44.86016],[-107.13636,44.8565],[-107.12813,44.84709],[-107.11852,44.84596],[-107.1009,44.83338],[-107.19621,44.83316],[-107.19506,44.82565],[-107.19734,44.82281],[-107.19441,44.82055],[-107.18886,44.82055],[-107.18815,44.81382],[-107.19426,44.81088],[-107.18945,44.80476],[-107.19513,44.8016],[-107.19391,44.79669],[-107.19673,44.79779],[-107.19749,44.79551],[-107.17707,44.78765],[-107.17629,44.77966],[-107.16926,44.76799],[-107.16498,44.76463],[-107.16614,44.76232],[-107.17341,44.76231],[-107.18115,44.75839],[-107.20538,44.7385],[-107.22271,44.7328],[-107.23908,44.73274],[-107.23904,44.76202],[-107.25675,44.76204],[-107.25695,44.80956]]]}},{"type":"Feature","id":"82411","properties":{"zip":"82411","pop":null,"city":"","county":"Big Horn","state":"Wyoming","area":95.24,"lat":44.44991,"lon":-108.47663},"geometry":{"type":"Polygon","coordinates":[[[-108.57691,44.52256],[-108.56896,44.52443],[-108.56529,44.53469],[-108.56585,44.53958],[-108.56342,44.5449],[-108.56869,44.55588],[-108.56732,44.55876],[-108.56876,44.56717],[-108.56523,44.57357],[-108.56586,44.57968],[-108.54377,44.58299],[-108.54178,44.58453],[-108.54241,44.58721],[-108.53297,44.59094],[-108.52928,44.59489],[-108.53031,44.60338],[-108.5216,44.61145],[-108.5034,44.60141],[-108.47107,44.5735],[-108.47106,44.52061],[-108.47356,44.52061],[-108.47409,44.48726],[-108.46972,44.48786],[-108.47012,44.49071],[-108.4675,44.48853],[-108.46207,44.49141],[-108.46133,44.48922],[-108.45847,44.4901],[-108.45892,44.48812],[-108.45693,44.48834],[-108.45367,44.48982],[-108.45353,44.49156],[-108.45751,44.49376],[-108.45394,44.49473],[-108.45422,44.49635],[-108.44881,44.49358],[-108.44709,44.49672],[-108.44203,44.49633],[-108.44311,44.4997],[-108.43978,44.50052],[-108.43877,44.50337],[-108.43409,44.50245],[-108.43188,44.50471],[-108.43393,44.50476],[-108.43353,44.50758],[-108.43053,44.50798],[-108.43035,44.51211],[-108.42611,44.51167],[-108.42658,44.51426],[-108.42476,44.515],[-108.42268,44.51511],[-108.42241,44.50576],[-108.43848,44.49749],[-108.44395,44.49138],[-108.44201,44.49104],[-108.44242,44.48703],[-108.41945,44.48721],[-108.41185,44.49005],[-108.4119,44.49169],[-108.39158,44.49842],[-108.39135,44.48356],[-108.38685,44.47573],[-108.37506,44.47581],[-108.37482,44.47257],[-108.37046,44.47257],[-108.37229,44.44687],[-108.35612,44.44832],[-108.35008,44.438],[-108.35166,44.43449],[-108.35514,44.43665],[-108.36022,44.43597],[-108.36026,44.41793],[-108.37055,44.41792],[-108.37232,44.39161],[-108.3675,44.39118],[-108.36614,44.39522],[-108.36141,44.39559],[-108.35321,44.39127],[-108.34765,44.39287],[-108.34557,44.38782],[-108.3397,44.39143],[-108.33656,44.38962],[-108.33424,44.39205],[-108.33066,44.38976],[-108.32818,44.39081],[-108.3234,44.3854],[-108.31344,44.38329],[-108.30832,44.37789],[-108.29829,44.37506],[-108.35295,44.37525],[-108.35764,44.3633],[-108.36904,44.36393],[-108.37114,44.36128],[-108.37018,44.35792],[-108.37228,44.35613],[-108.37222,44.35328],[-108.37609,44.35305],[-108.38631,44.34711],[-108.38497,44.34246],[-108.51122,44.34324],[-108.51404,44.34573],[-108.5158,44.35653],[-108.5213,44.36023],[-108.53125,44.3598],[-108.5347,44.36582],[-108.53736,44.36648],[-108.53784,44.37116],[-108.54387,44.37813],[-108.55884,44.38651],[-108.55669,44.3918],[-108.5606,44.39215],[-108.57351,44.38482],[-108.57342,44.52081],[-108.57754,44.52084],[-108.57691,44.52256]]]}},{"type":"Feature","id":"82943","properties":{"zip":"82943","pop":null,"city":"Reliance","county":"Sweetwater","state":"Wyoming","area":29.2,"lat":41.70193,"lon":-109.18385},"geometry":{"type":"Polygon","coordinates":[[[-109.30554,41.74423],[-109.29839,41.765],[-109.2834,41.74674],[-109.27278,41.75157],[-109.26325,41.75343],[-109.25415,41.75902],[-109.24881,41.7648],[-109.24159,41.76637],[-109.21551,41.76594],[-109.21831,41.72867],[-109.21183,41.72996],[-109.1944,41.7281],[-109.174,41.73308],[-109.16114,41.73257],[-109.15207,41.72971],[-109.12436,41.73069],[-109.11696,41.72104],[-109.11056,41.72254],[-109.11189,41.70814],[-109.10462,41.69412],[-109.10708,41.67616],[-109.11277,41.6563],[-109.12025,41.65263],[-109.13062,41.65122],[-109.14156,41.64154],[-109.15253,41.64682],[-109.1589,41.64717],[-109.16338,41.65136],[-109.17104,41.64722],[-109.18527,41.64584],[-109.19553,41.65024],[-109.20136,41.65039],[-109.20368,41.65248],[-109.20795,41.66482],[-109.21568,41.66199],[-109.22184,41.66588],[-109.22481,41.66517],[-109.21823,41.69367],[-109.21167,41.6982],[-109.19873,41.69955],[-109.19587,41.70306],[-109.18951,41.70319],[-109.19051,41.70556],[-109.18657,41.71393],[-109.17552,41.71791],[-109.17451,41.7219],[-109.18497,41.72208],[-109.20918,41.71451],[-109.21864,41.70907],[-109.23299,41.70831],[-109.23708,41.71035],[-109.2391,41.71421],[-109.2332,41.7221],[-109.23458,41.72975],[-109.24215,41.73143],[-109.2446,41.72856],[-109.27438,41.72691],[-109.28335,41.73493],[-109.30799,41.74341],[-109.30554,41.74423]]]}},{"type":"Feature","id":"82332","properties":{"zip":"82332","pop":null,"city":"","county":"Carbon","state":"Wyoming","area":115.83,"lat":41.06315,"lon":-107.30166},"geometry":{"type":"Polygon","coordinates":[[[-107.50424,41.03443],[-107.48932,41.04641],[-107.48025,41.0593],[-107.47892,41.07612],[-107.4629,41.08269],[-107.46229,41.08745],[-107.45724,41.09002],[-107.45261,41.09002],[-107.45003,41.08614],[-107.44306,41.08551],[-107.44082,41.08353],[-107.44105,41.11387],[-107.43883,41.11624],[-107.4384,41.12122],[-107.44435,41.12911],[-107.45031,41.13123],[-107.45359,41.1355],[-107.45365,41.142],[-107.45218,41.14005],[-107.43908,41.14687],[-107.43652,41.1495],[-107.43723,41.15263],[-107.42881,41.14409],[-107.4259,41.13683],[-107.41814,41.13442],[-107.39969,41.13618],[-107.39366,41.13427],[-107.37898,41.11729],[-107.37327,41.11571],[-107.36695,41.11582],[-107.36858,41.12543],[-107.34946,41.12006],[-107.33302,41.11859],[-107.31638,41.12209],[-107.3008,41.12834],[-107.29463,41.12827],[-107.28557,41.13178],[-107.279,41.13116],[-107.27114,41.13506],[-107.24793,41.14081],[-107.23801,41.13927],[-107.22216,41.14287],[-107.20933,41.14169],[-107.19585,41.14589],[-107.18817,41.14374],[-107.18875,41.13729],[-107.18579,41.1318],[-107.1611,41.12332],[-107.16003,41.11964],[-107.1578,41.1187],[-107.15972,41.114],[-107.1579,41.11288],[-107.15598,41.10019],[-107.15862,41.10198],[-107.15911,41.09959],[-107.16021,41.10127],[-107.15904,41.09578],[-107.16028,41.09358],[-107.16971,41.08829],[-107.17351,41.08305],[-107.16379,41.07557],[-107.15554,41.07197],[-107.14971,41.06461],[-107.13651,41.0608],[-107.14122,41.05446],[-107.13994,41.05154],[-107.14297,41.04658],[-107.14111,41.04215],[-107.1308,41.03649],[-107.12454,41.03572],[-107.12344,41.03212],[-107.12167,41.03184],[-107.10667,41.03843],[-107.09781,41.03585],[-107.09719,41.03202],[-107.10204,41.02669],[-107.10017,41.0219],[-107.07957,41.01105],[-107.07434,41.00685],[-107.0744,41.00325],[-107.47868,41.00266],[-107.47887,41.02306],[-107.46772,41.02122],[-107.46084,41.02534],[-107.50425,41.03261],[-107.50424,41.03443]]]}},{"type":"Feature","id":"83119","properties":{"zip":"83119","pop":null,"city":"Fairview","county":"Lincoln","state":"Wyoming","area":9.83,"lat":42.64416,"lon":-110.98829},"geometry":{"type":"Polygon","coordinates":[[[-111.04471,42.65704],[-111.02557,42.66948],[-111.01757,42.67056],[-111.00637,42.67572],[-110.99902,42.69234],[-110.98269,42.69241],[-110.98266,42.68877],[-110.99222,42.68831],[-110.99375,42.68342],[-111.00039,42.68144],[-111.00032,42.6769],[-110.99715,42.67524],[-110.99296,42.66824],[-110.99744,42.66519],[-110.98882,42.66569],[-110.9875,42.6778],[-110.9795,42.67786],[-110.97199,42.66813],[-110.95413,42.63016],[-110.94708,42.61953],[-110.94322,42.61944],[-110.95273,42.61093],[-110.95019,42.6043],[-110.95181,42.59957],[-110.97138,42.59828],[-110.97091,42.60554],[-110.98223,42.60556],[-110.98179,42.61852],[-110.99223,42.61854],[-110.99222,42.63372],[-111.01292,42.63378],[-111.01187,42.64832],[-111.04486,42.64855],[-111.04471,42.65704]]]}},{"type":"Feature","id":"82243","properties":{"zip":"82243","pop":null,"city":"Veteran","county":"Goshen","state":"Wyoming","area":37.47,"lat":41.9944,"lon":-104.41461},"geometry":{"type":"Polygon","coordinates":[[[-104.5379,42.03149],[-104.4408,42.03127],[-104.4401,42.02357],[-104.43136,42.01671],[-104.40166,42.01697],[-104.40166,42.0313],[-104.37182,42.03139],[-104.36329,42.0358],[-104.36225,42.04583],[-104.32504,42.04584],[-104.32502,42.01761],[-104.33898,42.01601],[-104.35219,42.01274],[-104.35641,42.01068],[-104.36162,42.01107],[-104.37269,42.00894],[-104.3771,42.01067],[-104.38214,42.01041],[-104.37222,42.00839],[-104.35541,42.01042],[-104.34444,42.01354],[-104.34451,42.00223],[-104.32507,42.00215],[-104.32465,41.98369],[-104.3363,41.98747],[-104.33751,41.98491],[-104.34431,41.98274],[-104.34436,41.97308],[-104.3248,41.97301],[-104.32476,41.94388],[-104.36257,41.94403],[-104.36252,41.93709],[-104.3941,41.94056],[-104.39676,41.94393],[-104.40563,41.94416],[-104.4087,41.94637],[-104.42021,41.94595],[-104.42869,41.95152],[-104.43449,41.95041],[-104.43587,41.95187],[-104.43613,41.95654],[-104.42816,41.96378],[-104.42937,41.96647],[-104.44335,41.96778],[-104.45303,41.97463],[-104.47786,41.98085],[-104.48011,41.98206],[-104.47902,41.98771],[-104.53686,41.98808],[-104.5379,42.03149]]]}},{"type":"Feature","id":"82515","properties":{"zip":"82515","pop":null,"city":"Hudson","county":"Fremont","state":"Wyoming","area":6.5,"lat":42.89718,"lon":-108.56683},"geometry":{"type":"Polygon","coordinates":[[[-108.61431,42.88443],[-108.61604,42.88689],[-108.61487,42.89142],[-108.61105,42.89193],[-108.60943,42.89746],[-108.60314,42.90117],[-108.60223,42.90362],[-108.60069,42.90268],[-108.59718,42.90579],[-108.59217,42.90347],[-108.58908,42.90485],[-108.58572,42.91265],[-108.57581,42.91586],[-108.57427,42.91327],[-108.56939,42.91419],[-108.56803,42.91183],[-108.56048,42.91875],[-108.5573,42.91829],[-108.55797,42.91985],[-108.55637,42.92052],[-108.55199,42.91897],[-108.55115,42.9216],[-108.55257,42.92243],[-108.54792,42.92306],[-108.54896,42.92448],[-108.54737,42.92626],[-108.53941,42.92285],[-108.53775,42.92692],[-108.53733,42.92255],[-108.55427,42.91168],[-108.53905,42.91125],[-108.52477,42.91921],[-108.51797,42.92086],[-108.51644,42.91906],[-108.5168,42.90557],[-108.5525,42.9056],[-108.54995,42.90344],[-108.54936,42.89808],[-108.53208,42.89016],[-108.51877,42.88646],[-108.51624,42.88406],[-108.58382,42.88353],[-108.57952,42.87358],[-108.57094,42.86796],[-108.57147,42.86569],[-108.59024,42.86677],[-108.59282,42.87111],[-108.5905,42.87381],[-108.59427,42.8764],[-108.59235,42.87705],[-108.59144,42.87512],[-108.58922,42.87794],[-108.59055,42.88053],[-108.58844,42.88017],[-108.58895,42.88153],[-108.5916,42.8819],[-108.59175,42.88351],[-108.60963,42.88346],[-108.60795,42.88753],[-108.61266,42.88341],[-108.61836,42.88345],[-108.61431,42.88443]]]}},{"type":"Feature","id":"82714","properties":{"zip":"82714","pop":null,"city":"","county":"Crook","state":"Wyoming","area":16.44,"lat":44.55192,"lon":-104.68005},"geometry":{"type":"Polygon","coordinates":[[[-104.74766,44.55877],[-104.74612,44.55783],[-104.74008,44.56119],[-104.7395,44.56469],[-104.73137,44.57344],[-104.72442,44.56907],[-104.72392,44.57481],[-104.71526,44.57636],[-104.71753,44.57895],[-104.73022,44.57889],[-104.73024,44.6011],[-104.69996,44.60086],[-104.69995,44.59909],[-104.68456,44.5919],[-104.68487,44.58946],[-104.67857,44.58696],[-104.67466,44.58293],[-104.65989,44.57915],[-104.65809,44.57387],[-104.65483,44.57426],[-104.65483,44.57209],[-104.64982,44.56793],[-104.6449,44.56746],[-104.64601,44.56654],[-104.63604,44.56165],[-104.62349,44.55969],[-104.60869,44.55305],[-104.59938,44.55156],[-104.59935,44.52589],[-104.60153,44.52243],[-104.60652,44.52399],[-104.60845,44.53092],[-104.61768,44.53814],[-104.62186,44.54526],[-104.62299,44.55764],[-104.63223,44.55929],[-104.63044,44.5502],[-104.62499,44.53942],[-104.62978,44.53908],[-104.63215,44.53614],[-104.63766,44.53748],[-104.65951,44.53564],[-104.65935,44.5274],[-104.65538,44.52582],[-104.65027,44.51994],[-104.65057,44.51537],[-104.65685,44.50879],[-104.6568,44.50654],[-104.67679,44.50353],[-104.67897,44.50912],[-104.68379,44.50995],[-104.6837,44.51192],[-104.68706,44.51325],[-104.68967,44.51163],[-104.6984,44.51377],[-104.70519,44.51205],[-104.71208,44.51407],[-104.71302,44.51234],[-104.71582,44.51338],[-104.71524,44.51481],[-104.72227,44.51412],[-104.7269,44.50884],[-104.72875,44.51055],[-104.72415,44.51279],[-104.72325,44.51559],[-104.72809,44.52181],[-104.73513,44.52186],[-104.73485,44.52437],[-104.71689,44.53192],[-104.71193,44.53149],[-104.70882,44.53426],[-104.69278,44.53369],[-104.69252,44.53895],[-104.69879,44.53879],[-104.70095,44.54106],[-104.70477,44.53943],[-104.70673,44.54165],[-104.70544,44.55143],[-104.71867,44.56241],[-104.72291,44.55628],[-104.73205,44.55408],[-104.73889,44.55758],[-104.74671,44.5566],[-104.74766,44.55877]]]}},{"type":"Feature","id":"82335","properties":{"zip":"82335","pop":null,"city":"","county":"Carbon","state":"Wyoming","area":8.73,"lat":41.76232,"lon":-106.82489},"geometry":{"type":"Polygon","coordinates":[[[-106.92676,41.76195],[-106.87043,41.74763],[-106.86248,41.7532],[-106.86056,41.75738],[-106.84554,41.75786],[-106.84543,41.76058],[-106.83074,41.76395],[-106.80813,41.78132],[-106.80605,41.79126],[-106.78022,41.80499],[-106.77241,41.80201],[-106.77002,41.8001],[-106.76966,41.79687],[-106.76229,41.79374],[-106.76154,41.78913],[-106.77142,41.78217],[-106.80932,41.76361],[-106.8093,41.74979],[-106.78048,41.74735],[-106.7739,41.74323],[-106.75737,41.73998],[-106.77062,41.73998],[-106.77538,41.73619],[-106.77474,41.73781],[-106.78121,41.7407],[-106.78017,41.73859],[-106.78534,41.73567],[-106.78356,41.73475],[-106.78857,41.73455],[-106.78909,41.73178],[-106.79187,41.73242],[-106.79126,41.73027],[-106.79362,41.72961],[-106.80652,41.74205],[-106.92659,41.74552],[-106.92676,41.76195]]]}},{"type":"Feature","id":"82731","properties":{"zip":"82731","pop":null,"city":"","county":"Campbell","state":"Wyoming","area":290.69,"lat":44.80204,"lon":-105.23972},"geometry":{"type":"Polygon","coordinates":[[[-105.49255,44.62753],[-105.47839,44.63259],[-105.46511,44.64355],[-105.46611,44.64682],[-105.46025,44.64787],[-105.45055,44.65641],[-105.44844,44.66388],[-105.45069,44.6656],[-105.44674,44.67435],[-105.44507,44.68496],[-105.43044,44.7034],[-105.42973,44.7068],[-105.43039,44.70949],[-105.47076,44.7074],[-105.47992,44.71278],[-105.4767,44.72107],[-105.47901,44.72616],[-105.4777,44.72819],[-105.48181,44.73132],[-105.47196,44.73338],[-105.4637,44.74344],[-105.45918,44.74532],[-105.45284,44.74701],[-105.44065,44.7434],[-105.43645,44.74531],[-105.43945,44.75705],[-105.41147,44.75341],[-105.40269,44.75401],[-105.39462,44.75671],[-105.39097,44.76487],[-105.39216,44.77217],[-105.3909,44.77681],[-105.3948,44.78442],[-105.39368,44.79614],[-105.39096,44.80129],[-105.3733,44.82054],[-105.3714,44.82627],[-105.37147,44.86092],[-105.37508,44.87434],[-105.37526,44.89705],[-105.36643,44.93429],[-105.36281,44.97306],[-105.3713,45.00024],[-105.0766,45.00011],[-105.0767,44.87107],[-105.07479,44.87107],[-105.07686,44.78619],[-105.08545,44.7868],[-105.08539,44.61413],[-105.32592,44.61228],[-105.32704,44.62171],[-105.34576,44.6524],[-105.34943,44.66849],[-105.35953,44.66757],[-105.37128,44.67605],[-105.37664,44.66081],[-105.38007,44.65753],[-105.38256,44.65716],[-105.38256,44.65895],[-105.38983,44.66119],[-105.39611,44.66117],[-105.40204,44.65582],[-105.41838,44.65633],[-105.42408,44.66164],[-105.42857,44.66161],[-105.43523,44.65553],[-105.43146,44.65141],[-105.43073,44.64414],[-105.43772,44.64231],[-105.44815,44.63602],[-105.4475,44.63159],[-105.44453,44.62788],[-105.45406,44.62829],[-105.49249,44.61475],[-105.49255,44.62753]]]}},{"type":"Feature","id":"82845","properties":{"zip":"82845","pop":null,"city":"","county":"Sheridan","state":"Wyoming","area":61.98,"lat":44.76409,"lon":-106.70387},"geometry":{"type":"Polygon","coordinates":[[[-106.80958,44.82891],[-106.78072,44.81809],[-106.75879,44.79656],[-106.77647,44.81572],[-106.78496,44.82085],[-106.78152,44.82332],[-106.77756,44.83205],[-106.77203,44.83646],[-106.77543,44.84387],[-106.7742,44.84911],[-106.76441,44.8454],[-106.7592,44.84588],[-106.75527,44.85139],[-106.74506,44.8533],[-106.7391,44.86474],[-106.73675,44.86442],[-106.73382,44.86056],[-106.73748,44.85011],[-106.7332,44.84378],[-106.73441,44.83726],[-106.73319,44.8352],[-106.72326,44.83509],[-106.71735,44.83032],[-106.71764,44.82771],[-106.71372,44.82438],[-106.70953,44.82851],[-106.70799,44.83315],[-106.69025,44.84625],[-106.6859,44.8458],[-106.67752,44.83991],[-106.66472,44.84009],[-106.65667,44.83722],[-106.65112,44.83385],[-106.64395,44.82509],[-106.6571,44.80976],[-106.60654,44.79197],[-106.60611,44.73409],[-106.60104,44.73406],[-106.60053,44.7193],[-106.59556,44.7193],[-106.59583,44.70479],[-106.61618,44.70512],[-106.61607,44.70868],[-106.62121,44.70882],[-106.62189,44.7016],[-106.63241,44.70075],[-106.63153,44.70534],[-106.63663,44.70523],[-106.63888,44.68713],[-106.66935,44.68724],[-106.67921,44.6902],[-106.77465,44.69033],[-106.77469,44.69274],[-106.7685,44.69784],[-106.75474,44.70453],[-106.75005,44.70476],[-106.75245,44.70945],[-106.76225,44.70831],[-106.77338,44.70996],[-106.77746,44.70814],[-106.7901,44.71545],[-106.79006,44.7485],[-106.7924,44.74849],[-106.79531,44.75415],[-106.7956,44.75719],[-106.7922,44.7608],[-106.79617,44.76544],[-106.79447,44.7709],[-106.79826,44.77945],[-106.79505,44.78592],[-106.79479,44.78922],[-106.79703,44.79107],[-106.79357,44.79052],[-106.80027,44.79475],[-106.79774,44.80264],[-106.80063,44.80346],[-106.80053,44.81384],[-106.79796,44.81612],[-106.80202,44.8177],[-106.80958,44.82891]]]}},{"type":"Feature","id":"82936","properties":{"zip":"82936","pop":null,"city":"Lonetree","county":"Uinta","state":"Wyoming","area":59.12,"lat":41.0575,"lon":-110.18226},"geometry":{"type":"Polygon","coordinates":[[[-110.2849,41.06323],[-110.28357,41.06433],[-110.28495,41.06584],[-110.28298,41.0718],[-110.28417,41.07118],[-110.28355,41.07975],[-110.27792,41.08739],[-110.27934,41.09385],[-110.27398,41.09504],[-110.26938,41.10291],[-110.26914,41.10922],[-110.26365,41.11819],[-110.2451,41.13144],[-110.24371,41.13721],[-110.23015,41.14275],[-110.21984,41.15273],[-110.20749,41.16099],[-110.19124,41.16717],[-110.19261,41.1616],[-110.19007,41.15063],[-110.18084,41.13513],[-110.17483,41.13093],[-110.16515,41.11954],[-110.16509,41.11115],[-110.17867,41.10197],[-110.17858,41.09784],[-110.16976,41.08415],[-110.15993,41.07556],[-110.15877,41.07068],[-110.14245,41.07359],[-110.12652,41.0712],[-110.12696,41.0689],[-110.11484,41.0681],[-110.10769,41.0635],[-110.10798,41.06176],[-110.10388,41.06302],[-110.10364,41.05888],[-110.09697,41.05595],[-110.09491,41.05224],[-110.0881,41.05356],[-110.08826,41.04828],[-110.08579,41.04633],[-110.08085,41.04651],[-110.07884,41.04417],[-110.07417,41.04344],[-110.06299,41.0445],[-110.05456,41.04223],[-110.05366,41.04422],[-110.05159,41.04403],[-110.04864,41.04008],[-110.04848,40.99755],[-110.26886,40.99592],[-110.25888,40.99994],[-110.26564,41.00707],[-110.27092,41.00652],[-110.2565,41.01531],[-110.25093,41.02504],[-110.23813,41.03332],[-110.23425,41.04189],[-110.22484,41.04729],[-110.22489,41.04961],[-110.22126,41.05269],[-110.2388,41.05165],[-110.24442,41.04886],[-110.25746,41.04653],[-110.26148,41.04156],[-110.27286,41.03784],[-110.27442,41.0394],[-110.27489,41.04994],[-110.28268,41.05487],[-110.2849,41.06323]]]}},{"type":"Feature","id":"82215","properties":{"zip":"82215","pop":null,"city":"","county":"Platte","state":"Wyoming","area":47.01,"lat":42.3973,"lon":-104.71499},"geometry":{"type":"Polygon","coordinates":[[[-104.83145,42.36428],[-104.79252,42.36422],[-104.79257,42.36058],[-104.79744,42.36059],[-104.79748,42.35697],[-104.78772,42.3569],[-104.78767,42.35323],[-104.77293,42.35316],[-104.77298,42.34949],[-104.76554,42.34951],[-104.76374,42.34429],[-104.76131,42.34344],[-104.7622,42.34213],[-104.74725,42.34846],[-104.73477,42.34711],[-104.72632,42.34827],[-104.71951,42.3532],[-104.71222,42.36535],[-104.69898,42.37552],[-104.6947,42.38155],[-104.70996,42.39251],[-104.71358,42.41081],[-104.72437,42.40807],[-104.73375,42.41039],[-104.7334,42.4209],[-104.72825,42.42037],[-104.72665,42.4257],[-104.71094,42.42438],[-104.7048,42.42587],[-104.70388,42.4358],[-104.70615,42.44164],[-104.7166,42.45469],[-104.71414,42.47189],[-104.71868,42.47528],[-104.7206,42.47788],[-104.71985,42.48126],[-104.73089,42.49105],[-104.73166,42.49595],[-104.73813,42.50197],[-104.73721,42.50719],[-104.74162,42.51231],[-104.74036,42.51664],[-104.7288,42.51921],[-104.72423,42.52305],[-104.72442,42.52566],[-104.7185,42.52347],[-104.66467,42.52382],[-104.65518,42.52187],[-104.65456,42.33802],[-104.6561,42.33525],[-104.66431,42.33209],[-104.66244,42.32741],[-104.66949,42.32763],[-104.67242,42.32512],[-104.67513,42.32839],[-104.68127,42.32866],[-104.67854,42.33356],[-104.66842,42.34239],[-104.66911,42.34555],[-104.6758,42.34375],[-104.67623,42.34182],[-104.68163,42.33911],[-104.68699,42.33972],[-104.68969,42.34228],[-104.69537,42.3389],[-104.70138,42.3298],[-104.7234,42.31353],[-104.72315,42.30927],[-104.71585,42.30049],[-104.71591,42.28958],[-104.71359,42.28161],[-104.7157,42.27443],[-104.72264,42.27163],[-104.72864,42.27278],[-104.73638,42.27127],[-104.73424,42.27721],[-104.73737,42.28131],[-104.75601,42.28831],[-104.75752,42.29113],[-104.76017,42.29165],[-104.74803,42.30645],[-104.77881,42.30672],[-104.7762,42.30761],[-104.77801,42.30936],[-104.77311,42.3108],[-104.77057,42.3173],[-104.77855,42.32176],[-104.78913,42.32328],[-104.79804,42.31664],[-104.79707,42.3156],[-104.79959,42.31383],[-104.79787,42.31268],[-104.80017,42.31195],[-104.79785,42.3098],[-104.79975,42.31055],[-104.8012,42.30839],[-104.80004,42.30681],[-104.81442,42.30875],[-104.81775,42.30662],[-104.8242,42.31122],[-104.82535,42.31448],[-104.82916,42.31507],[-104.82831,42.3165],[-104.83083,42.31727],[-104.83145,42.36428]]]}},{"type":"Feature","id":"82052","properties":{"zip":"82052","pop":null,"city":"","county":"Albany","state":"Wyoming","area":17.76,"lat":41.12414,"lon":-105.34799},"geometry":{"type":"Polygon","coordinates":[[[-105.42672,41.19233],[-105.42308,41.18864],[-105.41903,41.17815],[-105.40299,41.15799],[-105.35932,41.15189],[-105.34931,41.14884],[-105.34339,41.14921],[-105.33826,41.152],[-105.31922,41.15245],[-105.29808,41.14473],[-105.27893,41.14598],[-105.27885,41.10181],[-105.28738,41.10398],[-105.29633,41.1025],[-105.30426,41.10436],[-105.30868,41.10392],[-105.30591,41.09802],[-105.32732,41.09844],[-105.33067,41.10568],[-105.3554,41.11225],[-105.35376,41.10872],[-105.36263,41.10815],[-105.36557,41.10597],[-105.35092,41.09901],[-105.36646,41.09978],[-105.37178,41.09731],[-105.37572,41.09785],[-105.3737,41.09552],[-105.38001,41.09173],[-105.38275,41.08771],[-105.39589,41.08178],[-105.41287,41.08435],[-105.40507,41.08808],[-105.4037,41.09284],[-105.4067,41.09832],[-105.4123,41.09796],[-105.4144,41.10626],[-105.41187,41.10731],[-105.40709,41.11676],[-105.39859,41.12509],[-105.39441,41.12508],[-105.39791,41.14599],[-105.40325,41.15064],[-105.40402,41.15623],[-105.42072,41.17905],[-105.42672,41.19233]]]}},{"type":"Feature","id":"83014","properties":{"zip":"83014","pop":null,"city":"Wilson","county":"Teton","state":"Wyoming","area":156.02,"lat":43.45792,"lon":-110.93744},"geometry":{"type":"Polygon","coordinates":[[[-111.04546,43.58309],[-111.0371,43.5852],[-111.03487,43.58861],[-111.03471,43.59411],[-111.01034,43.60575],[-111.00076,43.60662],[-110.98891,43.61076],[-110.97729,43.60716],[-110.96595,43.60827],[-110.95939,43.61167],[-110.95863,43.61388],[-110.95335,43.61522],[-110.94223,43.61311],[-110.93858,43.61074],[-110.93061,43.61538],[-110.92436,43.61268],[-110.92367,43.61948],[-110.9177,43.62007],[-110.90046,43.61358],[-110.89164,43.61247],[-110.88464,43.61415],[-110.88566,43.6116],[-110.87794,43.60577],[-110.88332,43.59663],[-110.85997,43.57886],[-110.84459,43.5779],[-110.83763,43.57436],[-110.84058,43.57092],[-110.8372,43.57084],[-110.83709,43.56724],[-110.82198,43.56718],[-110.82196,43.56004],[-110.81448,43.55999],[-110.80177,43.56537],[-110.79886,43.56314],[-110.79631,43.55937],[-110.79874,43.55651],[-110.79937,43.54538],[-110.80769,43.53936],[-110.81137,43.53956],[-110.82063,43.53173],[-110.82577,43.52164],[-110.83057,43.517],[-110.83053,43.51297],[-110.83449,43.50927],[-110.83635,43.50225],[-110.83848,43.50182],[-110.84175,43.49501],[-110.85118,43.48522],[-110.85172,43.47646],[-110.85526,43.47067],[-110.85354,43.46462],[-110.85431,43.45932],[-110.85754,43.4539],[-110.85959,43.44404],[-110.85864,43.4367],[-110.85153,43.43395],[-110.84304,43.42459],[-110.83481,43.42382],[-110.83088,43.4215],[-110.82954,43.41677],[-110.82615,43.41539],[-110.82597,43.40963],[-110.8205,43.4063],[-110.81779,43.39648],[-110.82477,43.39741],[-110.83261,43.3941],[-110.82718,43.3867],[-110.83442,43.37192],[-110.82609,43.34832],[-110.79686,43.32958],[-110.80469,43.3247],[-110.80515,43.31819],[-110.80133,43.30701],[-110.80128,43.30067],[-110.81404,43.30234],[-110.814,43.31394],[-110.92788,43.3135],[-110.9279,43.31596],[-111.04462,43.31572],[-111.04546,43.58309]]]}},{"type":"Feature","id":"82081","properties":{"zip":"82081","pop":null,"city":"","county":"Laramie","state":"Wyoming","area":69.97,"lat":41.5233,"lon":-104.40645},"geometry":{"type":"Polygon","coordinates":[[[-104.59249,41.56469],[-104.14411,41.5644],[-104.14343,41.56389],[-104.14384,41.56072],[-104.14809,41.55676],[-104.14636,41.55587],[-104.14651,41.55262],[-104.15196,41.55214],[-104.16096,41.54087],[-104.1639,41.53968],[-104.1672,41.54127],[-104.16993,41.53567],[-104.17582,41.53746],[-104.17844,41.53628],[-104.17856,41.53395],[-104.18465,41.53314],[-104.19106,41.53626],[-104.19997,41.53278],[-104.20543,41.53892],[-104.20923,41.53655],[-104.21226,41.53766],[-104.21097,41.53465],[-104.21737,41.53337],[-104.22165,41.52958],[-104.2245,41.53065],[-104.31487,41.46218],[-104.32446,41.46219],[-104.32422,41.45502],[-104.3439,41.44002],[-104.34614,41.44181],[-104.34221,41.44698],[-104.338,41.46827],[-104.346,41.48554],[-104.34811,41.50753],[-104.3367,41.52301],[-104.3291,41.52534],[-104.31643,41.53959],[-104.31896,41.54131],[-104.32022,41.54185],[-104.3243,41.53597],[-104.32872,41.54117],[-104.34356,41.54845],[-104.35329,41.54795],[-104.36358,41.55009],[-104.36902,41.55395],[-104.36911,41.55899],[-104.37535,41.55847],[-104.37472,41.55604],[-104.37686,41.55493],[-104.3869,41.55849],[-104.38985,41.55464],[-104.39774,41.55616],[-104.39629,41.55266],[-104.39907,41.55137],[-104.4043,41.55307],[-104.40579,41.54886],[-104.41516,41.55085],[-104.41787,41.54839],[-104.42123,41.54835],[-104.42308,41.54993],[-104.42735,41.54548],[-104.43174,41.54742],[-104.43963,41.54319],[-104.44309,41.54369],[-104.43992,41.53458],[-104.44047,41.51221],[-104.45397,41.50542],[-104.4598,41.49957],[-104.45971,41.49246],[-104.46384,41.47809],[-104.45114,41.47815],[-104.44574,41.48103],[-104.43239,41.48108],[-104.43453,41.47454],[-104.43881,41.47242],[-104.43628,41.47001],[-104.44355,41.46303],[-104.4569,41.45661],[-104.4601,41.45709],[-104.46103,41.45445],[-104.46498,41.46637],[-104.51401,41.45695],[-104.53181,41.4632],[-104.53591,41.47695],[-104.56245,41.49273],[-104.59329,41.48637],[-104.59249,41.56469]]]}},{"type":"Feature","id":"82244","properties":{"zip":"82244","pop":null,"city":"","county":"Goshen","state":"Wyoming","area":232.26,"lat":41.87602,"lon":-104.4423},"geometry":{"type":"Polygon","coordinates":[[[-104.65381,41.9387],[-104.65329,42.04123],[-104.64464,42.04576],[-104.61306,42.05094],[-104.6064,42.05013],[-104.6028,42.04669],[-104.57622,42.03528],[-104.57637,42.00228],[-104.53728,42.00256],[-104.53686,41.98808],[-104.47902,41.98771],[-104.48011,41.98206],[-104.47786,41.98085],[-104.45303,41.97463],[-104.44335,41.96778],[-104.42937,41.96647],[-104.42816,41.96378],[-104.43613,41.95654],[-104.43587,41.95187],[-104.43449,41.95041],[-104.42869,41.95152],[-104.42021,41.94595],[-104.4087,41.94637],[-104.40563,41.94416],[-104.39676,41.94393],[-104.3941,41.94056],[-104.36252,41.93709],[-104.36257,41.94403],[-104.32476,41.94388],[-104.3248,41.97301],[-104.30512,41.97286],[-104.30538,41.94377],[-104.25143,41.94373],[-104.25547,41.9365],[-104.24712,41.9363],[-104.24715,41.93293],[-104.22759,41.93272],[-104.22738,41.91447],[-104.20794,41.91445],[-104.20787,41.84196],[-104.22322,41.84196],[-104.22641,41.83999],[-104.22716,41.82753],[-104.20783,41.82745],[-104.20807,41.81286],[-104.22741,41.81239],[-104.2278,41.79816],[-104.24408,41.79847],[-104.24608,41.80004],[-104.24509,41.80437],[-104.24769,41.80972],[-104.25498,41.80906],[-104.25582,41.80704],[-104.2536,41.80583],[-104.25642,41.80051],[-104.25509,41.79927],[-104.26633,41.79829],[-104.26649,41.76929],[-104.28581,41.769],[-104.28566,41.75483],[-104.30504,41.75484],[-104.30507,41.74036],[-104.38402,41.74046],[-104.38827,41.73769],[-104.39039,41.72892],[-104.39274,41.72642],[-104.40241,41.72554],[-104.43709,41.73191],[-104.46263,41.7405],[-104.47854,41.74063],[-104.47825,41.77569],[-104.50447,41.77584],[-104.51016,41.77876],[-104.51066,41.783],[-104.53698,41.7833],[-104.53728,41.78673],[-104.54593,41.79089],[-104.57528,41.79894],[-104.57623,41.82796],[-104.5868,41.82796],[-104.5881,41.85154],[-104.6225,41.85165],[-104.62254,41.85409],[-104.62552,41.8519],[-104.63634,41.85258],[-104.64523,41.84908],[-104.65369,41.85226],[-104.65381,41.9387]]]}},{"type":"Feature","id":"82323","properties":{"zip":"82323","pop":null,"city":"","county":"Carbon","state":"Wyoming","area":11.65,"lat":41.03095,"lon":-107.52164},"geometry":{"type":"Polygon","coordinates":[[[-107.57322,41.06265],[-107.56919,41.06772],[-107.56044,41.06441],[-107.5609,41.05451],[-107.55791,41.04957],[-107.55814,41.04505],[-107.54473,41.04376],[-107.54485,41.03123],[-107.5405,41.03289],[-107.54048,41.03645],[-107.53557,41.03646],[-107.53568,41.04408],[-107.53257,41.04938],[-107.52127,41.05166],[-107.51717,41.05446],[-107.51704,41.0572],[-107.50383,41.06434],[-107.47876,41.06904],[-107.47904,41.06164],[-107.48488,41.05179],[-107.49722,41.03916],[-107.50136,41.03749],[-107.50425,41.03261],[-107.46084,41.02534],[-107.46772,41.02122],[-107.47887,41.02306],[-107.47868,41.00266],[-107.55476,41.00238],[-107.55474,41.01814],[-107.55272,41.02621],[-107.56428,41.02361],[-107.56941,41.02914],[-107.57317,41.02911],[-107.57322,41.06265]]]}},{"type":"Feature","id":"82412","properties":{"zip":"82412","pop":null,"city":"Byron","county":"Big Horn","state":"Wyoming","area":9.98,"lat":44.79011,"lon":-108.55301},"geometry":{"type":"Polygon","coordinates":[[[-108.59247,44.80646],[-108.5448,44.82597],[-108.54162,44.8182],[-108.53418,44.81154],[-108.52755,44.81102],[-108.51783,44.81488],[-108.50897,44.8145],[-108.50732,44.80351],[-108.49809,44.8036],[-108.49804,44.79142],[-108.50617,44.79046],[-108.50967,44.78749],[-108.51644,44.78833],[-108.5171,44.78577],[-108.52357,44.78459],[-108.52342,44.78049],[-108.53139,44.77519],[-108.5401,44.7746],[-108.54191,44.77303],[-108.54218,44.76782],[-108.54864,44.76295],[-108.55034,44.75828],[-108.55545,44.7587],[-108.55508,44.75679],[-108.56007,44.75475],[-108.5631,44.7507],[-108.57575,44.7487],[-108.58345,44.73881],[-108.58161,44.74161],[-108.57813,44.7698],[-108.59242,44.77347],[-108.59247,44.80646]]]}}]}